geocod;geodsg;valor;periodo;indicador_cod;indicador_dsg
2004201;Lagoa;41.6;2011;0008261;"Índice de dependência total (N.º) por Local de residência (NUTS - 2013); Anual - INE, Estimativas anuais da população residente"
3003108;Santa Cruz;42.2;2011;0008261;"Índice de dependência total (N.º) por Local de residência (NUTS - 2013); Anual - INE, Estimativas anuais da população residente"
2004205;Ribeira Grande;42.3;2011;0008261;"Índice de dependência total (N.º) por Local de residência (NUTS - 2013); Anual - INE, Estimativas anuais da população residente"
3003102;Câmara de Lobos;43.4;2011;0008261;"Índice de dependência total (N.º) por Local de residência (NUTS - 2013); Anual - INE, Estimativas anuais da população residente"
3003201;Porto Santo;43.4;2011;0008261;"Índice de dependência total (N.º) por Local de residência (NUTS - 2013); Anual - INE, Estimativas anuais da população residente"
2004206;Vila Franca do Campo;43.5;2011;0008261;"Índice de dependência total (N.º) por Local de residência (NUTS - 2013); Anual - INE, Estimativas anuais da população residente"
11C1305;Lousada;43.6;2011;0008261;"Índice de dependência total (N.º) por Local de residência (NUTS - 2013); Anual - INE, Estimativas anuais da população residente"
2004203;Ponta Delgada;43.7;2011;0008261;"Índice de dependência total (N.º) por Local de residência (NUTS - 2013); Anual - INE, Estimativas anuais da população residente"
11C1309;Paços de Ferreira;44.1;2011;0008261;"Índice de dependência total (N.º) por Local de residência (NUTS - 2013); Anual - INE, Estimativas anuais da população residente"
2004204;Povoação;45;2011;0008261;"Índice de dependência total (N.º) por Local de residência (NUTS - 2013); Anual - INE, Estimativas anuais da população residente"
11A1310;Paredes;45.3;2011;0008261;"Índice de dependência total (N.º) por Local de residência (NUTS - 2013); Anual - INE, Estimativas anuais da população residente"
2004901;Corvo;46;2011;0008261;"Índice de dependência total (N.º) por Local de residência (NUTS - 2013); Anual - INE, Estimativas anuais da população residente"
2;Região Autónoma dos Açores;46.5;2011;0008261;"Índice de dependência total (N.º) por Local de residência (NUTS - 2013); Anual - INE, Estimativas anuais da população residente"
20;Região Autónoma dos Açores;46.5;2011;0008261;"Índice de dependência total (N.º) por Local de residência (NUTS - 2013); Anual - INE, Estimativas anuais da população residente"
200;Região Autónoma dos Açores;46.5;2011;0008261;"Índice de dependência total (N.º) por Local de residência (NUTS - 2013); Anual - INE, Estimativas anuais da população residente"
11C1307;Marco de Canaveses;46.7;2011;0008261;"Índice de dependência total (N.º) por Local de residência (NUTS - 2013); Anual - INE, Estimativas anuais da população residente"
2004802;Santa Cruz das Flores;47.1;2011;0008261;"Índice de dependência total (N.º) por Local de residência (NUTS - 2013); Anual - INE, Estimativas anuais da população residente"
1190314;Vizela;47.2;2011;0008261;"Índice de dependência total (N.º) por Local de residência (NUTS - 2013); Anual - INE, Estimativas anuais da população residente"
11C1303;Felgueiras;47.6;2011;0008261;"Índice de dependência total (N.º) por Local de residência (NUTS - 2013); Anual - INE, Estimativas anuais da população residente"
11C1311;Penafiel;47.6;2011;0008261;"Índice de dependência total (N.º) por Local de residência (NUTS - 2013); Anual - INE, Estimativas anuais da população residente"
2004801;Lajes das Flores;47.9;2011;0008261;"Índice de dependência total (N.º) por Local de residência (NUTS - 2013); Anual - INE, Estimativas anuais da população residente"
2004101;Vila do Porto;48.1;2011;0008261;"Índice de dependência total (N.º) por Local de residência (NUTS - 2013); Anual - INE, Estimativas anuais da população residente"
11C;Tâmega e Sousa;48.9;2011;0008261;"Índice de dependência total (N.º) por Local de residência (NUTS - 2013); Anual - INE, Estimativas anuais da população residente"
1810211;Odemira;48.9;2011;0008261;"Índice de dependência total (N.º) por Local de residência (NUTS - 2013); Anual - INE, Estimativas anuais da população residente"
3003104;Machico;49.1;2011;0008261;"Índice de dependência total (N.º) por Local de residência (NUTS - 2013); Anual - INE, Estimativas anuais da população residente"
2004302;Vila da Praia da Vitória;49.3;2011;0008261;"Índice de dependência total (N.º) por Local de residência (NUTS - 2013); Anual - INE, Estimativas anuais da população residente"
3;Região Autónoma da Madeira;49.5;2011;0008261;"Índice de dependência total (N.º) por Local de residência (NUTS - 2013); Anual - INE, Estimativas anuais da população residente"
30;Região Autónoma da Madeira;49.5;2011;0008261;"Índice de dependência total (N.º) por Local de residência (NUTS - 2013); Anual - INE, Estimativas anuais da população residente"
300;Região Autónoma da Madeira;49.5;2011;0008261;"Índice de dependência total (N.º) por Local de residência (NUTS - 2013); Anual - INE, Estimativas anuais da população residente"
1120303;Braga;49.6;2011;0008261;"Índice de dependência total (N.º) por Local de residência (NUTS - 2013); Anual - INE, Estimativas anuais da população residente"
3003105;Ponta do Sol;49.6;2011;0008261;"Índice de dependência total (N.º) por Local de residência (NUTS - 2013); Anual - INE, Estimativas anuais da população residente"
11C0106;Castelo de Paiva;49.8;2011;0008261;"Índice de dependência total (N.º) por Local de residência (NUTS - 2013); Anual - INE, Estimativas anuais da população residente"
2004301;Angra do Heroísmo;49.9;2011;0008261;"Índice de dependência total (N.º) por Local de residência (NUTS - 2013); Anual - INE, Estimativas anuais da população residente"
3003107;Ribeira Brava;50;2011;0008261;"Índice de dependência total (N.º) por Local de residência (NUTS - 2013); Anual - INE, Estimativas anuais da população residente"
1500801;Albufeira;50.2;2011;0008261;"Índice de dependência total (N.º) por Local de residência (NUTS - 2013); Anual - INE, Estimativas anuais da população residente"
1120302;Barcelos;50.4;2011;0008261;"Índice de dependência total (N.º) por Local de residência (NUTS - 2013); Anual - INE, Estimativas anuais da população residente"
1701502;Alcochete;50.4;2011;0008261;"Índice de dependência total (N.º) por Local de residência (NUTS - 2013); Anual - INE, Estimativas anuais da população residente"
2004202;Nordeste;50.4;2011;0008261;"Índice de dependência total (N.º) por Local de residência (NUTS - 2013); Anual - INE, Estimativas anuais da população residente"
11A1306;Maia;50.5;2011;0008261;"Índice de dependência total (N.º) por Local de residência (NUTS - 2013); Anual - INE, Estimativas anuais da população residente"
11A1318;Trofa;50.6;2011;0008261;"Índice de dependência total (N.º) por Local de residência (NUTS - 2013); Anual - INE, Estimativas anuais da população residente"
11A1315;Valongo;50.7;2011;0008261;"Índice de dependência total (N.º) por Local de residência (NUTS - 2013); Anual - INE, Estimativas anuais da população residente"
2004502;Velas;50.7;2011;0008261;"Índice de dependência total (N.º) por Local de residência (NUTS - 2013); Anual - INE, Estimativas anuais da população residente"
112;Cávado;51;2011;0008261;"Índice de dependência total (N.º) por Local de residência (NUTS - 2013); Anual - INE, Estimativas anuais da população residente"
1701111;Sintra;51;2011;0008261;"Índice de dependência total (N.º) por Local de residência (NUTS - 2013); Anual - INE, Estimativas anuais da população residente"
1190312;Vila Nova de Famalicão;51.3;2011;0008261;"Índice de dependência total (N.º) por Local de residência (NUTS - 2013); Anual - INE, Estimativas anuais da população residente"
2004602;Madalena;51.4;2011;0008261;"Índice de dependência total (N.º) por Local de residência (NUTS - 2013); Anual - INE, Estimativas anuais da população residente"
1701109;Mafra;51.5;2011;0008261;"Índice de dependência total (N.º) por Local de residência (NUTS - 2013); Anual - INE, Estimativas anuais da população residente"
16B1102;Arruda dos Vinhos;51.6;2011;0008261;"Índice de dependência total (N.º) por Local de residência (NUTS - 2013); Anual - INE, Estimativas anuais da população residente"
2004701;Horta;51.7;2011;0008261;"Índice de dependência total (N.º) por Local de residência (NUTS - 2013); Anual - INE, Estimativas anuais da população residente"
1190308;Guimarães;51.9;2011;0008261;"Índice de dependência total (N.º) por Local de residência (NUTS - 2013); Anual - INE, Estimativas anuais da população residente"
1120306;Esposende;52.4;2011;0008261;"Índice de dependência total (N.º) por Local de residência (NUTS - 2013); Anual - INE, Estimativas anuais da população residente"
11A1313;Póvoa de Varzim;52.4;2011;0008261;"Índice de dependência total (N.º) por Local de residência (NUTS - 2013); Anual - INE, Estimativas anuais da população residente"
1851405;Benavente;52.6;2011;0008261;"Índice de dependência total (N.º) por Local de residência (NUTS - 2013); Anual - INE, Estimativas anuais da população residente"
3003103;Funchal;52.6;2011;0008261;"Índice de dependência total (N.º) por Local de residência (NUTS - 2013); Anual - INE, Estimativas anuais da população residente"
2004603;São Roque do Pico;52.7;2011;0008261;"Índice de dependência total (N.º) por Local de residência (NUTS - 2013); Anual - INE, Estimativas anuais da população residente"
119;Ave;52.9;2011;0008261;"Índice de dependência total (N.º) por Local de residência (NUTS - 2013); Anual - INE, Estimativas anuais da população residente"
16B1112;Sobral de Monte Agraço;52.9;2011;0008261;"Índice de dependência total (N.º) por Local de residência (NUTS - 2013); Anual - INE, Estimativas anuais da população residente"
11A1316;Vila do Conde;53;2011;0008261;"Índice de dependência total (N.º) por Local de residência (NUTS - 2013); Anual - INE, Estimativas anuais da população residente"
1701114;Vila Franca de Xira;53.3;2011;0008261;"Índice de dependência total (N.º) por Local de residência (NUTS - 2013); Anual - INE, Estimativas anuais da população residente"
1120301;Amares;53.5;2011;0008261;"Índice de dependência total (N.º) por Local de residência (NUTS - 2013); Anual - INE, Estimativas anuais da população residente"
11C1302;Baião;53.5;2011;0008261;"Índice de dependência total (N.º) por Local de residência (NUTS - 2013); Anual - INE, Estimativas anuais da população residente"
16B1101;Alenquer;53.5;2011;0008261;"Índice de dependência total (N.º) por Local de residência (NUTS - 2013); Anual - INE, Estimativas anuais da população residente"
16D0105;Aveiro;53.7;2011;0008261;"Índice de dependência total (N.º) por Local de residência (NUTS - 2013); Anual - INE, Estimativas anuais da população residente"
1701507;Montijo;53.7;2011;0008261;"Índice de dependência total (N.º) por Local de residência (NUTS - 2013); Anual - INE, Estimativas anuais da população residente"
11A0109;Santa Maria da Feira;53.8;2011;0008261;"Índice de dependência total (N.º) por Local de residência (NUTS - 2013); Anual - INE, Estimativas anuais da população residente"
11A0116;São João da Madeira;53.9;2011;0008261;"Índice de dependência total (N.º) por Local de residência (NUTS - 2013); Anual - INE, Estimativas anuais da população residente"
11A1304;Gondomar;54.2;2011;0008261;"Índice de dependência total (N.º) por Local de residência (NUTS - 2013); Anual - INE, Estimativas anuais da população residente"
1190309;Póvoa de Lanhoso;54.3;2011;0008261;"Índice de dependência total (N.º) por Local de residência (NUTS - 2013); Anual - INE, Estimativas anuais da população residente"
16I1410;Entroncamento;54.3;2011;0008261;"Índice de dependência total (N.º) por Local de residência (NUTS - 2013); Anual - INE, Estimativas anuais da população residente"
16D0115;Ovar;54.4;2011;0008261;"Índice de dependência total (N.º) por Local de residência (NUTS - 2013); Anual - INE, Estimativas anuais da população residente"
1120313;Vila Verde;54.6;2011;0008261;"Índice de dependência total (N.º) por Local de residência (NUTS - 2013); Anual - INE, Estimativas anuais da população residente"
11A1317;Vila Nova de Gaia;54.6;2011;0008261;"Índice de dependência total (N.º) por Local de residência (NUTS - 2013); Anual - INE, Estimativas anuais da população residente"
16D0110;Ílhavo;54.6;2011;0008261;"Índice de dependência total (N.º) por Local de residência (NUTS - 2013); Anual - INE, Estimativas anuais da população residente"
11C1301;Amarante;54.7;2011;0008261;"Índice de dependência total (N.º) por Local de residência (NUTS - 2013); Anual - INE, Estimativas anuais da população residente"
1701508;Palmela;54.7;2011;0008261;"Índice de dependência total (N.º) por Local de residência (NUTS - 2013); Anual - INE, Estimativas anuais da população residente"
11A;Área Metropolitana do Porto;54.8;2011;0008261;"Índice de dependência total (N.º) por Local de residência (NUTS - 2013); Anual - INE, Estimativas anuais da população residente"
1701511;Sesimbra;55.1;2011;0008261;"Índice de dependência total (N.º) por Local de residência (NUTS - 2013); Anual - INE, Estimativas anuais da população residente"
1840204;Barrancos;55.3;2011;0008261;"Índice de dependência total (N.º) por Local de residência (NUTS - 2013); Anual - INE, Estimativas anuais da população residente"
1190304;Cabeceiras de Basto;55.4;2011;0008261;"Índice de dependência total (N.º) por Local de residência (NUTS - 2013); Anual - INE, Estimativas anuais da população residente"
11;Norte;55.8;2011;0008261;"Índice de dependência total (N.º) por Local de residência (NUTS - 2013); Anual - INE, Estimativas anuais da população residente"
16D0102;Albergaria-a-Velha;55.8;2011;0008261;"Índice de dependência total (N.º) por Local de residência (NUTS - 2013); Anual - INE, Estimativas anuais da população residente"
16B1113;Torres Vedras;56.3;2011;0008261;"Índice de dependência total (N.º) por Local de residência (NUTS - 2013); Anual - INE, Estimativas anuais da população residente"
1851103;Azambuja;56.3;2011;0008261;"Índice de dependência total (N.º) por Local de residência (NUTS - 2013); Anual - INE, Estimativas anuais da população residente"
11A0113;Oliveira de Azeméis;56.4;2011;0008261;"Índice de dependência total (N.º) por Local de residência (NUTS - 2013); Anual - INE, Estimativas anuais da população residente"
16E0607;Lousã;56.5;2011;0008261;"Índice de dependência total (N.º) por Local de residência (NUTS - 2013); Anual - INE, Estimativas anuais da população residente"
2004501;Calheta;56.5;2011;0008261;"Índice de dependência total (N.º) por Local de residência (NUTS - 2013); Anual - INE, Estimativas anuais da população residente"
16E0604;Condeixa-a-Nova;56.6;2011;0008261;"Índice de dependência total (N.º) por Local de residência (NUTS - 2013); Anual - INE, Estimativas anuais da população residente"
11C0305;Celorico de Basto;57;2011;0008261;"Índice de dependência total (N.º) por Local de residência (NUTS - 2013); Anual - INE, Estimativas anuais da população residente"
16F1009;Leiria;57;2011;0008261;"Índice de dependência total (N.º) por Local de residência (NUTS - 2013); Anual - INE, Estimativas anuais da população residente"
1190307;Fafe;57.1;2011;0008261;"Índice de dependência total (N.º) por Local de residência (NUTS - 2013); Anual - INE, Estimativas anuais da população residente"
2004401;Santa Cruz da Graciosa;57.1;2011;0008261;"Índice de dependência total (N.º) por Local de residência (NUTS - 2013); Anual - INE, Estimativas anuais da população residente"
1500805;Faro;57.3;2011;0008261;"Índice de dependência total (N.º) por Local de residência (NUTS - 2013); Anual - INE, Estimativas anuais da população residente"
11A1308;Matosinhos;57.4;2011;0008261;"Índice de dependência total (N.º) por Local de residência (NUTS - 2013); Anual - INE, Estimativas anuais da população residente"
11D1714;Vila Real;57.4;2011;0008261;"Índice de dependência total (N.º) por Local de residência (NUTS - 2013); Anual - INE, Estimativas anuais da população residente"
16F1010;Marinha Grande;57.5;2011;0008261;"Índice de dependência total (N.º) por Local de residência (NUTS - 2013); Anual - INE, Estimativas anuais da população residente"
2004601;Lajes do Pico;57.5;2011;0008261;"Índice de dependência total (N.º) por Local de residência (NUTS - 2013); Anual - INE, Estimativas anuais da população residente"
1111607;Ponte de Lima;57.7;2011;0008261;"Índice de dependência total (N.º) por Local de residência (NUTS - 2013); Anual - INE, Estimativas anuais da população residente"
17;Área Metropolitana de Lisboa;57.7;2011;0008261;"Índice de dependência total (N.º) por Local de residência (NUTS - 2013); Anual - INE, Estimativas anuais da população residente"
170;Área Metropolitana de Lisboa;57.7;2011;0008261;"Índice de dependência total (N.º) por Local de residência (NUTS - 2013); Anual - INE, Estimativas anuais da população residente"
16D;Região de Aveiro;57.8;2011;0008261;"Índice de dependência total (N.º) por Local de residência (NUTS - 2013); Anual - INE, Estimativas anuais da população residente"
1701106;Lisboa;58;2011;0008261;"Índice de dependência total (N.º) por Local de residência (NUTS - 2013); Anual - INE, Estimativas anuais da população residente"
16D0114;Oliveira do Bairro;58.2;2011;0008261;"Índice de dependência total (N.º) por Local de residência (NUTS - 2013); Anual - INE, Estimativas anuais da população residente"
3003101;Calheta;58.2;2011;0008261;"Índice de dependência total (N.º) por Local de residência (NUTS - 2013); Anual - INE, Estimativas anuais da população residente"
11A1314;Santo Tirso;58.3;2011;0008261;"Índice de dependência total (N.º) por Local de residência (NUTS - 2013); Anual - INE, Estimativas anuais da população residente"
PT;Portugal;58.5;2011;0008261;"Índice de dependência total (N.º) por Local de residência (NUTS - 2013); Anual - INE, Estimativas anuais da população residente"
16I1408;Constância;58.6;2011;0008261;"Índice de dependência total (N.º) por Local de residência (NUTS - 2013); Anual - INE, Estimativas anuais da população residente"
11D1820;Tarouca;58.8;2011;0008261;"Índice de dependência total (N.º) por Local de residência (NUTS - 2013); Anual - INE, Estimativas anuais da população residente"
1;Continente;59.1;2011;0008261;"Índice de dependência total (N.º) por Local de residência (NUTS - 2013); Anual - INE, Estimativas anuais da população residente"
1840207;Cuba;59.1;2011;0008261;"Índice de dependência total (N.º) por Local de residência (NUTS - 2013); Anual - INE, Estimativas anuais da população residente"
16B;Oeste;59.2;2011;0008261;"Índice de dependência total (N.º) por Local de residência (NUTS - 2013); Anual - INE, Estimativas anuais da população residente"
1851414;Rio Maior;59.2;2011;0008261;"Índice de dependência total (N.º) por Local de residência (NUTS - 2013); Anual - INE, Estimativas anuais da população residente"
16E0609;Miranda do Corvo;59.4;2011;0008261;"Índice de dependência total (N.º) por Local de residência (NUTS - 2013); Anual - INE, Estimativas anuais da população residente"
16G1810;Oliveira de Frades;59.4;2011;0008261;"Índice de dependência total (N.º) por Local de residência (NUTS - 2013); Anual - INE, Estimativas anuais da população residente"
16J0907;Guarda;59.4;2011;0008261;"Índice de dependência total (N.º) por Local de residência (NUTS - 2013); Anual - INE, Estimativas anuais da população residente"
1701105;Cascais;59.4;2011;0008261;"Índice de dependência total (N.º) por Local de residência (NUTS - 2013); Anual - INE, Estimativas anuais da população residente"
1701510;Seixal;59.4;2011;0008261;"Índice de dependência total (N.º) por Local de residência (NUTS - 2013); Anual - INE, Estimativas anuais da população residente"
16D0108;Estarreja;59.5;2011;0008261;"Índice de dependência total (N.º) por Local de residência (NUTS - 2013); Anual - INE, Estimativas anuais da população residente"
16E0617;Vila Nova de Poiares;59.5;2011;0008261;"Índice de dependência total (N.º) por Local de residência (NUTS - 2013); Anual - INE, Estimativas anuais da população residente"
16G1823;Viseu;59.5;2011;0008261;"Índice de dependência total (N.º) por Local de residência (NUTS - 2013); Anual - INE, Estimativas anuais da população residente"
1701116;Odivelas;59.5;2011;0008261;"Índice de dependência total (N.º) por Local de residência (NUTS - 2013); Anual - INE, Estimativas anuais da população residente"
1500811;Portimão;59.6;2011;0008261;"Índice de dependência total (N.º) por Local de residência (NUTS - 2013); Anual - INE, Estimativas anuais da população residente"
16D0118;Vagos;59.6;2011;0008261;"Índice de dependência total (N.º) por Local de residência (NUTS - 2013); Anual - INE, Estimativas anuais da população residente"
1870705;Évora;59.6;2011;0008261;"Índice de dependência total (N.º) por Local de residência (NUTS - 2013); Anual - INE, Estimativas anuais da população residente"
1701506;Moita;59.7;2011;0008261;"Índice de dependência total (N.º) por Local de residência (NUTS - 2013); Anual - INE, Estimativas anuais da população residente"
11C1813;Resende;59.8;2011;0008261;"Índice de dependência total (N.º) por Local de residência (NUTS - 2013); Anual - INE, Estimativas anuais da população residente"
11D1805;Lamego;59.8;2011;0008261;"Índice de dependência total (N.º) por Local de residência (NUTS - 2013); Anual - INE, Estimativas anuais da população residente"
1500806;Lagoa;60;2011;0008261;"Índice de dependência total (N.º) por Local de residência (NUTS - 2013); Anual - INE, Estimativas anuais da população residente"
16F1004;Batalha;60;2011;0008261;"Índice de dependência total (N.º) por Local de residência (NUTS - 2013); Anual - INE, Estimativas anuais da população residente"
3003106;Porto Moniz;60;2011;0008261;"Índice de dependência total (N.º) por Local de residência (NUTS - 2013); Anual - INE, Estimativas anuais da população residente"
11A0104;Arouca;60.1;2011;0008261;"Índice de dependência total (N.º) por Local de residência (NUTS - 2013); Anual - INE, Estimativas anuais da população residente"
16D0112;Murtosa;60.2;2011;0008261;"Índice de dependência total (N.º) por Local de residência (NUTS - 2013); Anual - INE, Estimativas anuais da população residente"
1701115;Amadora;60.3;2011;0008261;"Índice de dependência total (N.º) por Local de residência (NUTS - 2013); Anual - INE, Estimativas anuais da população residente"
1811513;Sines;60.3;2011;0008261;"Índice de dependência total (N.º) por Local de residência (NUTS - 2013); Anual - INE, Estimativas anuais da população residente"
1851406;Cartaxo;60.3;2011;0008261;"Índice de dependência total (N.º) por Local de residência (NUTS - 2013); Anual - INE, Estimativas anuais da população residente"
3003110;São Vicente;60.3;2011;0008261;"Índice de dependência total (N.º) por Local de residência (NUTS - 2013); Anual - INE, Estimativas anuais da população residente"
11A1312;Porto;60.4;2011;0008261;"Índice de dependência total (N.º) por Local de residência (NUTS - 2013); Anual - INE, Estimativas anuais da população residente"
16F1016;Porto de Mós;60.4;2011;0008261;"Índice de dependência total (N.º) por Local de residência (NUTS - 2013); Anual - INE, Estimativas anuais da população residente"
11C1804;Cinfães;60.6;2011;0008261;"Índice de dependência total (N.º) por Local de residência (NUTS - 2013); Anual - INE, Estimativas anuais da população residente"
1840205;Beja;60.6;2011;0008261;"Índice de dependência total (N.º) por Local de residência (NUTS - 2013); Anual - INE, Estimativas anuais da população residente"
1500808;Loulé;60.8;2011;0008261;"Índice de dependência total (N.º) por Local de residência (NUTS - 2013); Anual - INE, Estimativas anuais da população residente"
1500810;Olhão;60.8;2011;0008261;"Índice de dependência total (N.º) por Local de residência (NUTS - 2013); Anual - INE, Estimativas anuais da população residente"
16B1006;Caldas da Rainha;60.8;2011;0008261;"Índice de dependência total (N.º) por Local de residência (NUTS - 2013); Anual - INE, Estimativas anuais da população residente"
15;Algarve;60.9;2011;0008261;"Índice de dependência total (N.º) por Local de residência (NUTS - 2013); Anual - INE, Estimativas anuais da população residente"
150;Algarve;60.9;2011;0008261;"Índice de dependência total (N.º) por Local de residência (NUTS - 2013); Anual - INE, Estimativas anuais da população residente"
16E0111;Mealhada;60.9;2011;0008261;"Índice de dependência total (N.º) por Local de residência (NUTS - 2013); Anual - INE, Estimativas anuais da população residente"
1701107;Loures;60.9;2011;0008261;"Índice de dependência total (N.º) por Local de residência (NUTS - 2013); Anual - INE, Estimativas anuais da população residente"
16B1001;Alcobaça;61;2011;0008261;"Índice de dependência total (N.º) por Local de residência (NUTS - 2013); Anual - INE, Estimativas anuais da população residente"
1861204;Campo Maior;61;2011;0008261;"Índice de dependência total (N.º) por Local de residência (NUTS - 2013); Anual - INE, Estimativas anuais da população residente"
16E0603;Coimbra;61.3;2011;0008261;"Índice de dependência total (N.º) por Local de residência (NUTS - 2013); Anual - INE, Estimativas anuais da população residente"
1701512;Setúbal;61.3;2011;0008261;"Índice de dependência total (N.º) por Local de residência (NUTS - 2013); Anual - INE, Estimativas anuais da população residente"
1111610;Vila Nova de Cerveira;61.4;2011;0008261;"Índice de dependência total (N.º) por Local de residência (NUTS - 2013); Anual - INE, Estimativas anuais da população residente"
11D1704;Mesão Frio;61.4;2011;0008261;"Índice de dependência total (N.º) por Local de residência (NUTS - 2013); Anual - INE, Estimativas anuais da população residente"
16F;Região de Leiria;61.4;2011;0008261;"Índice de dependência total (N.º) por Local de residência (NUTS - 2013); Anual - INE, Estimativas anuais da população residente"
185;Lezíria do Tejo;61.9;2011;0008261;"Índice de dependência total (N.º) por Local de residência (NUTS - 2013); Anual - INE, Estimativas anuais da população residente"
1870713;Viana do Alentejo;61.9;2011;0008261;"Índice de dependência total (N.º) por Local de residência (NUTS - 2013); Anual - INE, Estimativas anuais da população residente"
16B1108;Lourinhã;62;2011;0008261;"Índice de dependência total (N.º) por Local de residência (NUTS - 2013); Anual - INE, Estimativas anuais da população residente"
1701503;Almada;62;2011;0008261;"Índice de dependência total (N.º) por Local de residência (NUTS - 2013); Anual - INE, Estimativas anuais da população residente"
181;Alentejo Litoral;62;2011;0008261;"Índice de dependência total (N.º) por Local de residência (NUTS - 2013); Anual - INE, Estimativas anuais da população residente"
1851403;Almeirim;62.1;2011;0008261;"Índice de dependência total (N.º) por Local de residência (NUTS - 2013); Anual - INE, Estimativas anuais da população residente"
1111609;Viana do Castelo;62.2;2011;0008261;"Índice de dependência total (N.º) por Local de residência (NUTS - 2013); Anual - INE, Estimativas anuais da população residente"
16D0101;Águeda;62.3;2011;0008261;"Índice de dependência total (N.º) por Local de residência (NUTS - 2013); Anual - INE, Estimativas anuais da população residente"
1701110;Oeiras;62.4;2011;0008261;"Índice de dependência total (N.º) por Local de residência (NUTS - 2013); Anual - INE, Estimativas anuais da população residente"
1500807;Lagos;62.5;2011;0008261;"Índice de dependência total (N.º) por Local de residência (NUTS - 2013); Anual - INE, Estimativas anuais da população residente"
16B1012;Óbidos;62.5;2011;0008261;"Índice de dependência total (N.º) por Local de residência (NUTS - 2013); Anual - INE, Estimativas anuais da população residente"
1870714;Vila Viçosa;62.7;2011;0008261;"Índice de dependência total (N.º) por Local de residência (NUTS - 2013); Anual - INE, Estimativas anuais da população residente"
11D1708;Peso da Régua;62.9;2011;0008261;"Índice de dependência total (N.º) por Local de residência (NUTS - 2013); Anual - INE, Estimativas anuais da população residente"
1500813;Silves;63;2011;0008261;"Índice de dependência total (N.º) por Local de residência (NUTS - 2013); Anual - INE, Estimativas anuais da população residente"
1861207;Elvas;63.2;2011;0008261;"Índice de dependência total (N.º) por Local de residência (NUTS - 2013); Anual - INE, Estimativas anuais da população residente"
1840206;Castro Verde;63.3;2011;0008261;"Índice de dependência total (N.º) por Local de residência (NUTS - 2013); Anual - INE, Estimativas anuais da população residente"
16E0610;Montemor-o-Velho;63.4;2011;0008261;"Índice de dependência total (N.º) por Local de residência (NUTS - 2013); Anual - INE, Estimativas anuais da população residente"
16I1421;Ourém;63.4;2011;0008261;"Índice de dependência total (N.º) por Local de residência (NUTS - 2013); Anual - INE, Estimativas anuais da população residente"
1111608;Valença;63.5;2011;0008261;"Índice de dependência total (N.º) por Local de residência (NUTS - 2013); Anual - INE, Estimativas anuais da população residente"
1851415;Salvaterra de Magos;63.5;2011;0008261;"Índice de dependência total (N.º) por Local de residência (NUTS - 2013); Anual - INE, Estimativas anuais da população residente"
11D1815;São João da Pesqueira;63.7;2011;0008261;"Índice de dependência total (N.º) por Local de residência (NUTS - 2013); Anual - INE, Estimativas anuais da população residente"
1851416;Santarém;63.8;2011;0008261;"Índice de dependência total (N.º) por Local de residência (NUTS - 2013); Anual - INE, Estimativas anuais da população residente"
1870710;Redondo;63.8;2011;0008261;"Índice de dependência total (N.º) por Local de residência (NUTS - 2013); Anual - INE, Estimativas anuais da população residente"
1191705;Mondim de Basto;64;2011;0008261;"Índice de dependência total (N.º) por Local de residência (NUTS - 2013); Anual - INE, Estimativas anuais da população residente"
3003109;Santana;64;2011;0008261;"Índice de dependência total (N.º) por Local de residência (NUTS - 2013); Anual - INE, Estimativas anuais da população residente"
1701504;Barreiro;64.2;2011;0008261;"Índice de dependência total (N.º) por Local de residência (NUTS - 2013); Anual - INE, Estimativas anuais da população residente"
16;Centro;64.3;2011;0008261;"Índice de dependência total (N.º) por Local de residência (NUTS - 2013); Anual - INE, Estimativas anuais da população residente"
16B1011;Nazaré;64.3;2011;0008261;"Índice de dependência total (N.º) por Local de residência (NUTS - 2013); Anual - INE, Estimativas anuais da população residente"
16B1005;Bombarral;64.5;2011;0008261;"Índice de dependência total (N.º) por Local de residência (NUTS - 2013); Anual - INE, Estimativas anuais da população residente"
18;Alentejo;64.5;2011;0008261;"Índice de dependência total (N.º) por Local de residência (NUTS - 2013); Anual - INE, Estimativas anuais da população residente"
1870709;Portel;64.5;2011;0008261;"Índice de dependência total (N.º) por Local de residência (NUTS - 2013); Anual - INE, Estimativas anuais da população residente"
1870711;Reguengos de Monsaraz;64.6;2011;0008261;"Índice de dependência total (N.º) por Local de residência (NUTS - 2013); Anual - INE, Estimativas anuais da população residente"
1851412;Golegã;64.7;2011;0008261;"Índice de dependência total (N.º) por Local de residência (NUTS - 2013); Anual - INE, Estimativas anuais da população residente"
187;Alentejo Central;64.7;2011;0008261;"Índice de dependência total (N.º) por Local de residência (NUTS - 2013); Anual - INE, Estimativas anuais da população residente"
1870702;Arraiolos;64.9;2011;0008261;"Índice de dependência total (N.º) por Local de residência (NUTS - 2013); Anual - INE, Estimativas anuais da população residente"
1500812;São Brás de Alportel;65;2011;0008261;"Índice de dependência total (N.º) por Local de residência (NUTS - 2013); Anual - INE, Estimativas anuais da população residente"
16I1420;Vila Nova da Barquinha;65;2011;0008261;"Índice de dependência total (N.º) por Local de residência (NUTS - 2013); Anual - INE, Estimativas anuais da população residente"
11E0402;Bragança;65.3;2011;0008261;"Índice de dependência total (N.º) por Local de residência (NUTS - 2013); Anual - INE, Estimativas anuais da população residente"
1840214;Vidigueira;65.3;2011;0008261;"Índice de dependência total (N.º) por Local de residência (NUTS - 2013); Anual - INE, Estimativas anuais da população residente"
11A0107;Espinho;65.6;2011;0008261;"Índice de dependência total (N.º) por Local de residência (NUTS - 2013); Anual - INE, Estimativas anuais da população residente"
16B1014;Peniche;65.6;2011;0008261;"Índice de dependência total (N.º) por Local de residência (NUTS - 2013); Anual - INE, Estimativas anuais da população residente"
16E;Região de Coimbra;65.6;2011;0008261;"Índice de dependência total (N.º) por Local de residência (NUTS - 2013); Anual - INE, Estimativas anuais da população residente"
11D1801;Armamar;65.9;2011;0008261;"Índice de dependência total (N.º) por Local de residência (NUTS - 2013); Anual - INE, Estimativas anuais da população residente"
1811505;Grândola;66.2;2011;0008261;"Índice de dependência total (N.º) por Local de residência (NUTS - 2013); Anual - INE, Estimativas anuais da população residente"
1500816;Vila Real de Santo António;66.3;2011;0008261;"Índice de dependência total (N.º) por Local de residência (NUTS - 2013); Anual - INE, Estimativas anuais da população residente"
11A0119;Vale de Cambra;66.4;2011;0008261;"Índice de dependência total (N.º) por Local de residência (NUTS - 2013); Anual - INE, Estimativas anuais da população residente"
1500803;Aljezur;66.4;2011;0008261;"Índice de dependência total (N.º) por Local de residência (NUTS - 2013); Anual - INE, Estimativas anuais da população residente"
111;Alto Minho;66.5;2011;0008261;"Índice de dependência total (N.º) por Local de residência (NUTS - 2013); Anual - INE, Estimativas anuais da população residente"
11D;Douro;66.5;2011;0008261;"Índice de dependência total (N.º) por Local de residência (NUTS - 2013); Anual - INE, Estimativas anuais da população residente"
16E0605;Figueira da Foz;66.6;2011;0008261;"Índice de dependência total (N.º) por Local de residência (NUTS - 2013); Anual - INE, Estimativas anuais da população residente"
1120310;Terras de Bouro;66.7;2011;0008261;"Índice de dependência total (N.º) por Local de residência (NUTS - 2013); Anual - INE, Estimativas anuais da população residente"
184;Baixo Alentejo;66.7;2011;0008261;"Índice de dependência total (N.º) por Local de residência (NUTS - 2013); Anual - INE, Estimativas anuais da população residente"
16I1417;Sardoal;66.8;2011;0008261;"Índice de dependência total (N.º) por Local de residência (NUTS - 2013); Anual - INE, Estimativas anuais da população residente"
16E0611;Oliveira do Hospital;67.1;2011;0008261;"Índice de dependência total (N.º) por Local de residência (NUTS - 2013); Anual - INE, Estimativas anuais da população residente"
1840208;Ferreira do Alentejo;67.1;2011;0008261;"Índice de dependência total (N.º) por Local de residência (NUTS - 2013); Anual - INE, Estimativas anuais da população residente"
16I1419;Torres Novas;67.4;2011;0008261;"Índice de dependência total (N.º) por Local de residência (NUTS - 2013); Anual - INE, Estimativas anuais da população residente"
1870704;Estremoz;67.4;2011;0008261;"Índice de dependência total (N.º) por Local de residência (NUTS - 2013); Anual - INE, Estimativas anuais da população residente"
16G;Viseu Dão Lafões;67.5;2011;0008261;"Índice de dependência total (N.º) por Local de residência (NUTS - 2013); Anual - INE, Estimativas anuais da população residente"
1840213;Serpa;67.6;2011;0008261;"Índice de dependência total (N.º) por Local de residência (NUTS - 2013); Anual - INE, Estimativas anuais da população residente"
1851404;Alpiarça;67.6;2011;0008261;"Índice de dependência total (N.º) por Local de residência (NUTS - 2013); Anual - INE, Estimativas anuais da população residente"
16I;Médio Tejo;67.7;2011;0008261;"Índice de dependência total (N.º) por Local de residência (NUTS - 2013); Anual - INE, Estimativas anuais da população residente"
1840203;Alvito;67.7;2011;0008261;"Índice de dependência total (N.º) por Local de residência (NUTS - 2013); Anual - INE, Estimativas anuais da população residente"
16H0502;Castelo Branco;67.8;2011;0008261;"Índice de dependência total (N.º) por Local de residência (NUTS - 2013); Anual - INE, Estimativas anuais da população residente"
1500815;Vila do Bispo;67.9;2011;0008261;"Índice de dependência total (N.º) por Local de residência (NUTS - 2013); Anual - INE, Estimativas anuais da população residente"
1861214;Portalegre;67.9;2011;0008261;"Índice de dependência total (N.º) por Local de residência (NUTS - 2013); Anual - INE, Estimativas anuais da população residente"
1870701;Alandroal;68;2011;0008261;"Índice de dependência total (N.º) por Local de residência (NUTS - 2013); Anual - INE, Estimativas anuais da população residente"
16D0103;Anadia;68.4;2011;0008261;"Índice de dependência total (N.º) por Local de residência (NUTS - 2013); Anual - INE, Estimativas anuais da população residente"
1870703;Borba;68.4;2011;0008261;"Índice de dependência total (N.º) por Local de residência (NUTS - 2013); Anual - INE, Estimativas anuais da população residente"
1111606;Ponte da Barca;68.5;2011;0008261;"Índice de dependência total (N.º) por Local de residência (NUTS - 2013); Anual - INE, Estimativas anuais da população residente"
16I1402;Alcanena;68.5;2011;0008261;"Índice de dependência total (N.º) por Local de residência (NUTS - 2013); Anual - INE, Estimativas anuais da população residente"
16B1104;Cadaval;68.6;2011;0008261;"Índice de dependência total (N.º) por Local de residência (NUTS - 2013); Anual - INE, Estimativas anuais da população residente"
1190311;Vieira do Minho;69;2011;0008261;"Índice de dependência total (N.º) por Local de residência (NUTS - 2013); Anual - INE, Estimativas anuais da população residente"
16D0117;Sever do Vouga;69.2;2011;0008261;"Índice de dependência total (N.º) por Local de residência (NUTS - 2013); Anual - INE, Estimativas anuais da população residente"
16F1015;Pombal;69.2;2011;0008261;"Índice de dependência total (N.º) por Local de residência (NUTS - 2013); Anual - INE, Estimativas anuais da população residente"
1861211;Monforte;69.4;2011;0008261;"Índice de dependência total (N.º) por Local de residência (NUTS - 2013); Anual - INE, Estimativas anuais da população residente"
11D1818;Sernancelhe;69.5;2011;0008261;"Índice de dependência total (N.º) por Local de residência (NUTS - 2013); Anual - INE, Estimativas anuais da população residente"
1840201;Aljustrel;69.6;2011;0008261;"Índice de dependência total (N.º) por Local de residência (NUTS - 2013); Anual - INE, Estimativas anuais da população residente"
1111602;Caminha;69.7;2011;0008261;"Índice de dependência total (N.º) por Local de residência (NUTS - 2013); Anual - INE, Estimativas anuais da população residente"
1861208;Fronteira;69.9;2011;0008261;"Índice de dependência total (N.º) por Local de residência (NUTS - 2013); Anual - INE, Estimativas anuais da população residente"
1870712;Vendas Novas;69.9;2011;0008261;"Índice de dependência total (N.º) por Local de residência (NUTS - 2013); Anual - INE, Estimativas anuais da população residente"
16E0616;Tábua;70.1;2011;0008261;"Índice de dependência total (N.º) por Local de residência (NUTS - 2013); Anual - INE, Estimativas anuais da população residente"
16J0503;Covilhã;70.1;2011;0008261;"Índice de dependência total (N.º) por Local de residência (NUTS - 2013); Anual - INE, Estimativas anuais da população residente"
16E0614;Penela;70.3;2011;0008261;"Índice de dependência total (N.º) por Local de residência (NUTS - 2013); Anual - INE, Estimativas anuais da população residente"
16G1806;Mangualde;70.3;2011;0008261;"Índice de dependência total (N.º) por Local de residência (NUTS - 2013); Anual - INE, Estimativas anuais da população residente"
1111605;Paredes de Coura;70.6;2011;0008261;"Índice de dependência total (N.º) por Local de residência (NUTS - 2013); Anual - INE, Estimativas anuais da população residente"
16I1418;Tomar;70.7;2011;0008261;"Índice de dependência total (N.º) por Local de residência (NUTS - 2013); Anual - INE, Estimativas anuais da população residente"
186;Alto Alentejo;70.8;2011;0008261;"Índice de dependência total (N.º) por Local de residência (NUTS - 2013); Anual - INE, Estimativas anuais da população residente"
1861215;Sousel;70.8;2011;0008261;"Índice de dependência total (N.º) por Local de residência (NUTS - 2013); Anual - INE, Estimativas anuais da população residente"
1870708;Mourão;70.8;2011;0008261;"Índice de dependência total (N.º) por Local de residência (NUTS - 2013); Anual - INE, Estimativas anuais da população residente"
1861202;Arronches;71.3;2011;0008261;"Índice de dependência total (N.º) por Local de residência (NUTS - 2013); Anual - INE, Estimativas anuais da população residente"
1861213;Ponte de Sor;71.3;2011;0008261;"Índice de dependência total (N.º) por Local de residência (NUTS - 2013); Anual - INE, Estimativas anuais da população residente"
1870706;Montemor-o-Novo;71.3;2011;0008261;"Índice de dependência total (N.º) por Local de residência (NUTS - 2013); Anual - INE, Estimativas anuais da população residente"
11D1807;Moimenta da Beira;71.4;2011;0008261;"Índice de dependência total (N.º) por Local de residência (NUTS - 2013); Anual - INE, Estimativas anuais da população residente"
1840210;Moura;71.5;2011;0008261;"Índice de dependência total (N.º) por Local de residência (NUTS - 2013); Anual - INE, Estimativas anuais da população residente"
16I1401;Abrantes;71.7;2011;0008261;"Índice de dependência total (N.º) por Local de residência (NUTS - 2013); Anual - INE, Estimativas anuais da população residente"
1500814;Tavira;71.8;2011;0008261;"Índice de dependência total (N.º) por Local de residência (NUTS - 2013); Anual - INE, Estimativas anuais da população residente"
16G1817;Sátão;71.9;2011;0008261;"Índice de dependência total (N.º) por Local de residência (NUTS - 2013); Anual - INE, Estimativas anuais da população residente"
16E0602;Cantanhede;72.1;2011;0008261;"Índice de dependência total (N.º) por Local de residência (NUTS - 2013); Anual - INE, Estimativas anuais da população residente"
16G1824;Vouzela;72.2;2011;0008261;"Índice de dependência total (N.º) por Local de residência (NUTS - 2013); Anual - INE, Estimativas anuais da população residente"
16G1822;Vila Nova de Paiva;72.5;2011;0008261;"Índice de dependência total (N.º) por Local de residência (NUTS - 2013); Anual - INE, Estimativas anuais da população residente"
1851407;Chamusca;72.5;2011;0008261;"Índice de dependência total (N.º) por Local de residência (NUTS - 2013); Anual - INE, Estimativas anuais da população residente"
16E0608;Mira;72.8;2011;0008261;"Índice de dependência total (N.º) por Local de residência (NUTS - 2013); Anual - INE, Estimativas anuais da população residente"
16G1809;Nelas;72.8;2011;0008261;"Índice de dependência total (N.º) por Local de residência (NUTS - 2013); Anual - INE, Estimativas anuais da população residente"
11B1709;Ribeira de Pena;73;2011;0008261;"Índice de dependência total (N.º) por Local de residência (NUTS - 2013); Anual - INE, Estimativas anuais da população residente"
16F1003;Ansião;73;2011;0008261;"Índice de dependência total (N.º) por Local de residência (NUTS - 2013); Anual - INE, Estimativas anuais da população residente"
11D1819;Tabuaço;73.1;2011;0008261;"Índice de dependência total (N.º) por Local de residência (NUTS - 2013); Anual - INE, Estimativas anuais da população residente"
16I0509;Sertã;73.1;2011;0008261;"Índice de dependência total (N.º) por Local de residência (NUTS - 2013); Anual - INE, Estimativas anuais da população residente"
11D1711;Santa Marta de Penaguião;73.2;2011;0008261;"Índice de dependência total (N.º) por Local de residência (NUTS - 2013); Anual - INE, Estimativas anuais da população residente"
1811509;Santiago do Cacém;73.2;2011;0008261;"Índice de dependência total (N.º) por Local de residência (NUTS - 2013); Anual - INE, Estimativas anuais da população residente"
11D1710;Sabrosa;73.4;2011;0008261;"Índice de dependência total (N.º) por Local de residência (NUTS - 2013); Anual - INE, Estimativas anuais da população residente"
16I1411;Ferreira do Zêzere;73.4;2011;0008261;"Índice de dependência total (N.º) por Local de residência (NUTS - 2013); Anual - INE, Estimativas anuais da população residente"
16E0613;Penacova;73.5;2011;0008261;"Índice de dependência total (N.º) por Local de residência (NUTS - 2013); Anual - INE, Estimativas anuais da população residente"
16G1803;Castro Daire;73.7;2011;0008261;"Índice de dependência total (N.º) por Local de residência (NUTS - 2013); Anual - INE, Estimativas anuais da população residente"
16G1821;Tondela;73.8;2011;0008261;"Índice de dependência total (N.º) por Local de residência (NUTS - 2013); Anual - INE, Estimativas anuais da população residente"
16J0501;Belmonte;74.6;2011;0008261;"Índice de dependência total (N.º) por Local de residência (NUTS - 2013); Anual - INE, Estimativas anuais da população residente"
11D1701;Alijó;74.9;2011;0008261;"Índice de dependência total (N.º) por Local de residência (NUTS - 2013); Anual - INE, Estimativas anuais da população residente"
11D1812;Penedono;75.4;2011;0008261;"Índice de dependência total (N.º) por Local de residência (NUTS - 2013); Anual - INE, Estimativas anuais da população residente"
1840202;Almodôvar;75.8;2011;0008261;"Índice de dependência total (N.º) por Local de residência (NUTS - 2013); Anual - INE, Estimativas anuais da população residente"
16F1013;Pedrógão Grande;75.9;2011;0008261;"Índice de dependência total (N.º) por Local de residência (NUTS - 2013); Anual - INE, Estimativas anuais da população residente"
16G1802;Carregal do Sal;75.9;2011;0008261;"Índice de dependência total (N.º) por Local de residência (NUTS - 2013); Anual - INE, Estimativas anuais da população residente"
16G1816;São Pedro do Sul;76;2011;0008261;"Índice de dependência total (N.º) por Local de residência (NUTS - 2013); Anual - INE, Estimativas anuais da população residente"
16J0504;Fundão;76.1;2011;0008261;"Índice de dependência total (N.º) por Local de residência (NUTS - 2013); Anual - INE, Estimativas anuais da população residente"
11E0407;Mirandela;76.2;2011;0008261;"Índice de dependência total (N.º) por Local de residência (NUTS - 2013); Anual - INE, Estimativas anuais da população residente"
16J;Beiras e Serra da Estrela;76.3;2011;0008261;"Índice de dependência total (N.º) por Local de residência (NUTS - 2013); Anual - INE, Estimativas anuais da população residente"
1500804;Castro Marim;76.4;2011;0008261;"Índice de dependência total (N.º) por Local de residência (NUTS - 2013); Anual - INE, Estimativas anuais da população residente"
16G1814;Santa Comba Dão;76.4;2011;0008261;"Índice de dependência total (N.º) por Local de residência (NUTS - 2013); Anual - INE, Estimativas anuais da população residente"
1811501;Alcácer do Sal;76.4;2011;0008261;"Índice de dependência total (N.º) por Local de residência (NUTS - 2013); Anual - INE, Estimativas anuais da população residente"
11B1703;Chaves;76.8;2011;0008261;"Índice de dependência total (N.º) por Local de residência (NUTS - 2013); Anual - INE, Estimativas anuais da população residente"
1861201;Alter do Chão;77.1;2011;0008261;"Índice de dependência total (N.º) por Local de residência (NUTS - 2013); Anual - INE, Estimativas anuais da população residente"
16E0601;Arganil;77.6;2011;0008261;"Índice de dependência total (N.º) por Local de residência (NUTS - 2013); Anual - INE, Estimativas anuais da população residente"
1861203;Avis;77.6;2011;0008261;"Índice de dependência total (N.º) por Local de residência (NUTS - 2013); Anual - INE, Estimativas anuais da população residente"
16H;Beira Baixa;77.7;2011;0008261;"Índice de dependência total (N.º) por Local de residência (NUTS - 2013); Anual - INE, Estimativas anuais da população residente"
1840212;Ourique;77.7;2011;0008261;"Índice de dependência total (N.º) por Local de residência (NUTS - 2013); Anual - INE, Estimativas anuais da população residente"
1861210;Marvão;77.7;2011;0008261;"Índice de dependência total (N.º) por Local de residência (NUTS - 2013); Anual - INE, Estimativas anuais da população residente"
16F1007;Castanheira de Pêra;77.9;2011;0008261;"Índice de dependência total (N.º) por Local de residência (NUTS - 2013); Anual - INE, Estimativas anuais da população residente"
16E0615;Soure;78.1;2011;0008261;"Índice de dependência total (N.º) por Local de residência (NUTS - 2013); Anual - INE, Estimativas anuais da população residente"
11E;Terras de Trás-os-Montes;78.2;2011;0008261;"Índice de dependência total (N.º) por Local de residência (NUTS - 2013); Anual - INE, Estimativas anuais da população residente"
1851409;Coruche;78.4;2011;0008261;"Índice de dependência total (N.º) por Local de residência (NUTS - 2013); Anual - INE, Estimativas anuais da população residente"
1861205;Castelo de Vide;78.4;2011;0008261;"Índice de dependência total (N.º) por Local de residência (NUTS - 2013); Anual - INE, Estimativas anuais da população residente"
1111604;Monção;79.1;2011;0008261;"Índice de dependência total (N.º) por Local de residência (NUTS - 2013); Anual - INE, Estimativas anuais da população residente"
11B1713;Vila Pouca de Aguiar;79.7;2011;0008261;"Índice de dependência total (N.º) por Local de residência (NUTS - 2013); Anual - INE, Estimativas anuais da população residente"
11E0405;Macedo de Cavaleiros;79.7;2011;0008261;"Índice de dependência total (N.º) por Local de residência (NUTS - 2013); Anual - INE, Estimativas anuais da população residente"
1500809;Monchique;79.8;2011;0008261;"Índice de dependência total (N.º) por Local de residência (NUTS - 2013); Anual - INE, Estimativas anuais da população residente"
11D1707;Murça;80.6;2011;0008261;"Índice de dependência total (N.º) por Local de residência (NUTS - 2013); Anual - INE, Estimativas anuais da população residente"
16J0905;Fornos de Algodres;80.6;2011;0008261;"Índice de dependência total (N.º) por Local de residência (NUTS - 2013); Anual - INE, Estimativas anuais da população residente"
16F1008;Figueiró dos Vinhos;80.9;2011;0008261;"Índice de dependência total (N.º) por Local de residência (NUTS - 2013); Anual - INE, Estimativas anuais da população residente"
16G1811;Penalva do Castelo;81;2011;0008261;"Índice de dependência total (N.º) por Local de residência (NUTS - 2013); Anual - INE, Estimativas anuais da população residente"
16J0912;Seia;81.4;2011;0008261;"Índice de dependência total (N.º) por Local de residência (NUTS - 2013); Anual - INE, Estimativas anuais da população residente"
11E0410;Vila Flor;81.6;2011;0008261;"Índice de dependência total (N.º) por Local de residência (NUTS - 2013); Anual - INE, Estimativas anuais da população residente"
1840209;Mértola;82.2;2011;0008261;"Índice de dependência total (N.º) por Local de residência (NUTS - 2013); Anual - INE, Estimativas anuais da população residente"
11B;Alto Tâmega;82.6;2011;0008261;"Índice de dependência total (N.º) por Local de residência (NUTS - 2013); Anual - INE, Estimativas anuais da população residente"
16E0606;Góis;82.7;2011;0008261;"Índice de dependência total (N.º) por Local de residência (NUTS - 2013); Anual - INE, Estimativas anuais da população residente"
16J0903;Celorico da Beira;82.8;2011;0008261;"Índice de dependência total (N.º) por Local de residência (NUTS - 2013); Anual - INE, Estimativas anuais da população residente"
16F1002;Alvaiázere;83;2011;0008261;"Índice de dependência total (N.º) por Local de residência (NUTS - 2013); Anual - INE, Estimativas anuais da população residente"
1111601;Arcos de Valdevez;83.6;2011;0008261;"Índice de dependência total (N.º) por Local de residência (NUTS - 2013); Anual - INE, Estimativas anuais da população residente"
11D0914;Vila Nova de Foz Côa;83.8;2011;0008261;"Índice de dependência total (N.º) por Local de residência (NUTS - 2013); Anual - INE, Estimativas anuais da população residente"
1861206;Crato;84;2011;0008261;"Índice de dependência total (N.º) por Local de residência (NUTS - 2013); Anual - INE, Estimativas anuais da população residente"
16J0913;Trancoso;84.1;2011;0008261;"Índice de dependência total (N.º) por Local de residência (NUTS - 2013); Anual - INE, Estimativas anuais da população residente"
16E1808;Mortágua;84.3;2011;0008261;"Índice de dependência total (N.º) por Local de residência (NUTS - 2013); Anual - INE, Estimativas anuais da população residente"
16G0901;Aguiar da Beira;84.4;2011;0008261;"Índice de dependência total (N.º) por Local de residência (NUTS - 2013); Anual - INE, Estimativas anuais da população residente"
16J0908;Manteigas;85.7;2011;0008261;"Índice de dependência total (N.º) por Local de residência (NUTS - 2013); Anual - INE, Estimativas anuais da população residente"
11E0401;Alfândega da Fé;86.6;2011;0008261;"Índice de dependência total (N.º) por Local de residência (NUTS - 2013); Anual - INE, Estimativas anuais da população residente"
1870707;Mora;87;2011;0008261;"Índice de dependência total (N.º) por Local de residência (NUTS - 2013); Anual - INE, Estimativas anuais da população residente"
16J0909;Mêda;87.4;2011;0008261;"Índice de dependência total (N.º) por Local de residência (NUTS - 2013); Anual - INE, Estimativas anuais da população residente"
16H0508;Proença-a-Nova;87.9;2011;0008261;"Índice de dependência total (N.º) por Local de residência (NUTS - 2013); Anual - INE, Estimativas anuais da população residente"
11D0403;Carrazeda de Ansiães;89.1;2011;0008261;"Índice de dependência total (N.º) por Local de residência (NUTS - 2013); Anual - INE, Estimativas anuais da população residente"
11E0408;Mogadouro;89.4;2011;0008261;"Índice de dependência total (N.º) por Local de residência (NUTS - 2013); Anual - INE, Estimativas anuais da população residente"
16J0910;Pinhel;89.4;2011;0008261;"Índice de dependência total (N.º) por Local de residência (NUTS - 2013); Anual - INE, Estimativas anuais da população residente"
11B1702;Boticas;89.9;2011;0008261;"Índice de dependência total (N.º) por Local de residência (NUTS - 2013); Anual - INE, Estimativas anuais da população residente"
16J0906;Gouveia;90.1;2011;0008261;"Índice de dependência total (N.º) por Local de residência (NUTS - 2013); Anual - INE, Estimativas anuais da população residente"
16I0510;Vila de Rei;90.6;2011;0008261;"Índice de dependência total (N.º) por Local de residência (NUTS - 2013); Anual - INE, Estimativas anuais da população residente"
11D0404;Freixo de Espada à Cinta;90.9;2011;0008261;"Índice de dependência total (N.º) por Local de residência (NUTS - 2013); Anual - INE, Estimativas anuais da população residente"
16J0904;Figueira de Castelo Rodrigo;91.6;2011;0008261;"Índice de dependência total (N.º) por Local de residência (NUTS - 2013); Anual - INE, Estimativas anuais da população residente"
1861212;Nisa;92;2011;0008261;"Índice de dependência total (N.º) por Local de residência (NUTS - 2013); Anual - INE, Estimativas anuais da população residente"
11B1706;Montalegre;93.6;2011;0008261;"Índice de dependência total (N.º) por Local de residência (NUTS - 2013); Anual - INE, Estimativas anuais da população residente"
11E0406;Miranda do Douro;94;2011;0008261;"Índice de dependência total (N.º) por Local de residência (NUTS - 2013); Anual - INE, Estimativas anuais da população residente"
1861209;Gavião;94.5;2011;0008261;"Índice de dependência total (N.º) por Local de residência (NUTS - 2013); Anual - INE, Estimativas anuais da população residente"
16I1413;Mação;95.9;2011;0008261;"Índice de dependência total (N.º) por Local de residência (NUTS - 2013); Anual - INE, Estimativas anuais da população residente"
11B1712;Valpaços;96.9;2011;0008261;"Índice de dependência total (N.º) por Local de residência (NUTS - 2013); Anual - INE, Estimativas anuais da população residente"
11D0409;Torre de Moncorvo;98.1;2011;0008261;"Índice de dependência total (N.º) por Local de residência (NUTS - 2013); Anual - INE, Estimativas anuais da população residente"
16H0505;Idanha-a-Nova;100.9;2011;0008261;"Índice de dependência total (N.º) por Local de residência (NUTS - 2013); Anual - INE, Estimativas anuais da população residente"
16H0507;Penamacor;101.6;2011;0008261;"Índice de dependência total (N.º) por Local de residência (NUTS - 2013); Anual - INE, Estimativas anuais da população residente"
16J0902;Almeida;102.9;2011;0008261;"Índice de dependência total (N.º) por Local de residência (NUTS - 2013); Anual - INE, Estimativas anuais da população residente"
11E0411;Vimioso;103.4;2011;0008261;"Índice de dependência total (N.º) por Local de residência (NUTS - 2013); Anual - INE, Estimativas anuais da população residente"
1111603;Melgaço;103.5;2011;0008261;"Índice de dependência total (N.º) por Local de residência (NUTS - 2013); Anual - INE, Estimativas anuais da população residente"
16H0506;Oleiros;107;2011;0008261;"Índice de dependência total (N.º) por Local de residência (NUTS - 2013); Anual - INE, Estimativas anuais da população residente"
16E0612;Pampilhosa da Serra;108.4;2011;0008261;"Índice de dependência total (N.º) por Local de residência (NUTS - 2013); Anual - INE, Estimativas anuais da população residente"
16J0911;Sabugal;108.5;2011;0008261;"Índice de dependência total (N.º) por Local de residência (NUTS - 2013); Anual - INE, Estimativas anuais da população residente"
16H0511;Vila Velha de Ródão;108.6;2011;0008261;"Índice de dependência total (N.º) por Local de residência (NUTS - 2013); Anual - INE, Estimativas anuais da população residente"
11E0412;Vinhais;108.9;2011;0008261;"Índice de dependência total (N.º) por Local de residência (NUTS - 2013); Anual - INE, Estimativas anuais da população residente"
1500802;Alcoutim;111.3;2011;0008261;"Índice de dependência total (N.º) por Local de residência (NUTS - 2013); Anual - INE, Estimativas anuais da população residente"
2004201;Lagoa;41.6;2012;0008261;"Índice de dependência total (N.º) por Local de residência (NUTS - 2013); Anual - INE, Estimativas anuais da população residente"
3003108;Santa Cruz;42.2;2012;0008261;"Índice de dependência total (N.º) por Local de residência (NUTS - 2013); Anual - INE, Estimativas anuais da população residente"
2004205;Ribeira Grande;42.3;2012;0008261;"Índice de dependência total (N.º) por Local de residência (NUTS - 2013); Anual - INE, Estimativas anuais da população residente"
3003102;Câmara de Lobos;43.4;2012;0008261;"Índice de dependência total (N.º) por Local de residência (NUTS - 2013); Anual - INE, Estimativas anuais da população residente"
3003201;Porto Santo;43.4;2012;0008261;"Índice de dependência total (N.º) por Local de residência (NUTS - 2013); Anual - INE, Estimativas anuais da população residente"
2004206;Vila Franca do Campo;43.5;2012;0008261;"Índice de dependência total (N.º) por Local de residência (NUTS - 2013); Anual - INE, Estimativas anuais da população residente"
11C1305;Lousada;43.6;2012;0008261;"Índice de dependência total (N.º) por Local de residência (NUTS - 2013); Anual - INE, Estimativas anuais da população residente"
2004203;Ponta Delgada;43.7;2012;0008261;"Índice de dependência total (N.º) por Local de residência (NUTS - 2013); Anual - INE, Estimativas anuais da população residente"
11C1309;Paços de Ferreira;44.1;2012;0008261;"Índice de dependência total (N.º) por Local de residência (NUTS - 2013); Anual - INE, Estimativas anuais da população residente"
2004204;Povoação;45;2012;0008261;"Índice de dependência total (N.º) por Local de residência (NUTS - 2013); Anual - INE, Estimativas anuais da população residente"
11A1310;Paredes;45.3;2012;0008261;"Índice de dependência total (N.º) por Local de residência (NUTS - 2013); Anual - INE, Estimativas anuais da população residente"
2004901;Corvo;46;2012;0008261;"Índice de dependência total (N.º) por Local de residência (NUTS - 2013); Anual - INE, Estimativas anuais da população residente"
2;Região Autónoma dos Açores;46.5;2012;0008261;"Índice de dependência total (N.º) por Local de residência (NUTS - 2013); Anual - INE, Estimativas anuais da população residente"
20;Região Autónoma dos Açores;46.5;2012;0008261;"Índice de dependência total (N.º) por Local de residência (NUTS - 2013); Anual - INE, Estimativas anuais da população residente"
200;Região Autónoma dos Açores;46.5;2012;0008261;"Índice de dependência total (N.º) por Local de residência (NUTS - 2013); Anual - INE, Estimativas anuais da população residente"
11C1307;Marco de Canaveses;46.7;2012;0008261;"Índice de dependência total (N.º) por Local de residência (NUTS - 2013); Anual - INE, Estimativas anuais da população residente"
2004802;Santa Cruz das Flores;47.1;2012;0008261;"Índice de dependência total (N.º) por Local de residência (NUTS - 2013); Anual - INE, Estimativas anuais da população residente"
1190314;Vizela;47.2;2012;0008261;"Índice de dependência total (N.º) por Local de residência (NUTS - 2013); Anual - INE, Estimativas anuais da população residente"
11C1303;Felgueiras;47.6;2012;0008261;"Índice de dependência total (N.º) por Local de residência (NUTS - 2013); Anual - INE, Estimativas anuais da população residente"
11C1311;Penafiel;47.6;2012;0008261;"Índice de dependência total (N.º) por Local de residência (NUTS - 2013); Anual - INE, Estimativas anuais da população residente"
2004801;Lajes das Flores;47.9;2012;0008261;"Índice de dependência total (N.º) por Local de residência (NUTS - 2013); Anual - INE, Estimativas anuais da população residente"
2004101;Vila do Porto;48.1;2012;0008261;"Índice de dependência total (N.º) por Local de residência (NUTS - 2013); Anual - INE, Estimativas anuais da população residente"
11C;Tâmega e Sousa;48.9;2012;0008261;"Índice de dependência total (N.º) por Local de residência (NUTS - 2013); Anual - INE, Estimativas anuais da população residente"
1810211;Odemira;48.9;2012;0008261;"Índice de dependência total (N.º) por Local de residência (NUTS - 2013); Anual - INE, Estimativas anuais da população residente"
3003104;Machico;49.1;2012;0008261;"Índice de dependência total (N.º) por Local de residência (NUTS - 2013); Anual - INE, Estimativas anuais da população residente"
2004302;Vila da Praia da Vitória;49.3;2012;0008261;"Índice de dependência total (N.º) por Local de residência (NUTS - 2013); Anual - INE, Estimativas anuais da população residente"
3;Região Autónoma da Madeira;49.5;2012;0008261;"Índice de dependência total (N.º) por Local de residência (NUTS - 2013); Anual - INE, Estimativas anuais da população residente"
30;Região Autónoma da Madeira;49.5;2012;0008261;"Índice de dependência total (N.º) por Local de residência (NUTS - 2013); Anual - INE, Estimativas anuais da população residente"
300;Região Autónoma da Madeira;49.5;2012;0008261;"Índice de dependência total (N.º) por Local de residência (NUTS - 2013); Anual - INE, Estimativas anuais da população residente"
1120303;Braga;49.6;2012;0008261;"Índice de dependência total (N.º) por Local de residência (NUTS - 2013); Anual - INE, Estimativas anuais da população residente"
3003105;Ponta do Sol;49.6;2012;0008261;"Índice de dependência total (N.º) por Local de residência (NUTS - 2013); Anual - INE, Estimativas anuais da população residente"
11C0106;Castelo de Paiva;49.8;2012;0008261;"Índice de dependência total (N.º) por Local de residência (NUTS - 2013); Anual - INE, Estimativas anuais da população residente"
2004301;Angra do Heroísmo;49.9;2012;0008261;"Índice de dependência total (N.º) por Local de residência (NUTS - 2013); Anual - INE, Estimativas anuais da população residente"
3003107;Ribeira Brava;50;2012;0008261;"Índice de dependência total (N.º) por Local de residência (NUTS - 2013); Anual - INE, Estimativas anuais da população residente"
1500801;Albufeira;50.2;2012;0008261;"Índice de dependência total (N.º) por Local de residência (NUTS - 2013); Anual - INE, Estimativas anuais da população residente"
1120302;Barcelos;50.4;2012;0008261;"Índice de dependência total (N.º) por Local de residência (NUTS - 2013); Anual - INE, Estimativas anuais da população residente"
1701502;Alcochete;50.4;2012;0008261;"Índice de dependência total (N.º) por Local de residência (NUTS - 2013); Anual - INE, Estimativas anuais da população residente"
2004202;Nordeste;50.4;2012;0008261;"Índice de dependência total (N.º) por Local de residência (NUTS - 2013); Anual - INE, Estimativas anuais da população residente"
11A1306;Maia;50.5;2012;0008261;"Índice de dependência total (N.º) por Local de residência (NUTS - 2013); Anual - INE, Estimativas anuais da população residente"
11A1318;Trofa;50.6;2012;0008261;"Índice de dependência total (N.º) por Local de residência (NUTS - 2013); Anual - INE, Estimativas anuais da população residente"
11A1315;Valongo;50.7;2012;0008261;"Índice de dependência total (N.º) por Local de residência (NUTS - 2013); Anual - INE, Estimativas anuais da população residente"
2004502;Velas;50.7;2012;0008261;"Índice de dependência total (N.º) por Local de residência (NUTS - 2013); Anual - INE, Estimativas anuais da população residente"
112;Cávado;51;2012;0008261;"Índice de dependência total (N.º) por Local de residência (NUTS - 2013); Anual - INE, Estimativas anuais da população residente"
1701111;Sintra;51;2012;0008261;"Índice de dependência total (N.º) por Local de residência (NUTS - 2013); Anual - INE, Estimativas anuais da população residente"
1190312;Vila Nova de Famalicão;51.3;2012;0008261;"Índice de dependência total (N.º) por Local de residência (NUTS - 2013); Anual - INE, Estimativas anuais da população residente"
2004602;Madalena;51.4;2012;0008261;"Índice de dependência total (N.º) por Local de residência (NUTS - 2013); Anual - INE, Estimativas anuais da população residente"
1701109;Mafra;51.5;2012;0008261;"Índice de dependência total (N.º) por Local de residência (NUTS - 2013); Anual - INE, Estimativas anuais da população residente"
16B1102;Arruda dos Vinhos;51.6;2012;0008261;"Índice de dependência total (N.º) por Local de residência (NUTS - 2013); Anual - INE, Estimativas anuais da população residente"
2004701;Horta;51.7;2012;0008261;"Índice de dependência total (N.º) por Local de residência (NUTS - 2013); Anual - INE, Estimativas anuais da população residente"
1190308;Guimarães;51.9;2012;0008261;"Índice de dependência total (N.º) por Local de residência (NUTS - 2013); Anual - INE, Estimativas anuais da população residente"
1120306;Esposende;52.4;2012;0008261;"Índice de dependência total (N.º) por Local de residência (NUTS - 2013); Anual - INE, Estimativas anuais da população residente"
11A1313;Póvoa de Varzim;52.4;2012;0008261;"Índice de dependência total (N.º) por Local de residência (NUTS - 2013); Anual - INE, Estimativas anuais da população residente"
1851405;Benavente;52.6;2012;0008261;"Índice de dependência total (N.º) por Local de residência (NUTS - 2013); Anual - INE, Estimativas anuais da população residente"
3003103;Funchal;52.6;2012;0008261;"Índice de dependência total (N.º) por Local de residência (NUTS - 2013); Anual - INE, Estimativas anuais da população residente"
2004603;São Roque do Pico;52.7;2012;0008261;"Índice de dependência total (N.º) por Local de residência (NUTS - 2013); Anual - INE, Estimativas anuais da população residente"
119;Ave;52.9;2012;0008261;"Índice de dependência total (N.º) por Local de residência (NUTS - 2013); Anual - INE, Estimativas anuais da população residente"
16B1112;Sobral de Monte Agraço;52.9;2012;0008261;"Índice de dependência total (N.º) por Local de residência (NUTS - 2013); Anual - INE, Estimativas anuais da população residente"
11A1316;Vila do Conde;53;2012;0008261;"Índice de dependência total (N.º) por Local de residência (NUTS - 2013); Anual - INE, Estimativas anuais da população residente"
1701114;Vila Franca de Xira;53.3;2012;0008261;"Índice de dependência total (N.º) por Local de residência (NUTS - 2013); Anual - INE, Estimativas anuais da população residente"
1120301;Amares;53.5;2012;0008261;"Índice de dependência total (N.º) por Local de residência (NUTS - 2013); Anual - INE, Estimativas anuais da população residente"
11C1302;Baião;53.5;2012;0008261;"Índice de dependência total (N.º) por Local de residência (NUTS - 2013); Anual - INE, Estimativas anuais da população residente"
16B1101;Alenquer;53.5;2012;0008261;"Índice de dependência total (N.º) por Local de residência (NUTS - 2013); Anual - INE, Estimativas anuais da população residente"
16D0105;Aveiro;53.7;2012;0008261;"Índice de dependência total (N.º) por Local de residência (NUTS - 2013); Anual - INE, Estimativas anuais da população residente"
1701507;Montijo;53.7;2012;0008261;"Índice de dependência total (N.º) por Local de residência (NUTS - 2013); Anual - INE, Estimativas anuais da população residente"
11A0109;Santa Maria da Feira;53.8;2012;0008261;"Índice de dependência total (N.º) por Local de residência (NUTS - 2013); Anual - INE, Estimativas anuais da população residente"
11A0116;São João da Madeira;53.9;2012;0008261;"Índice de dependência total (N.º) por Local de residência (NUTS - 2013); Anual - INE, Estimativas anuais da população residente"
11A1304;Gondomar;54.2;2012;0008261;"Índice de dependência total (N.º) por Local de residência (NUTS - 2013); Anual - INE, Estimativas anuais da população residente"
1190309;Póvoa de Lanhoso;54.3;2012;0008261;"Índice de dependência total (N.º) por Local de residência (NUTS - 2013); Anual - INE, Estimativas anuais da população residente"
16I1410;Entroncamento;54.3;2012;0008261;"Índice de dependência total (N.º) por Local de residência (NUTS - 2013); Anual - INE, Estimativas anuais da população residente"
16D0115;Ovar;54.4;2012;0008261;"Índice de dependência total (N.º) por Local de residência (NUTS - 2013); Anual - INE, Estimativas anuais da população residente"
1120313;Vila Verde;54.6;2012;0008261;"Índice de dependência total (N.º) por Local de residência (NUTS - 2013); Anual - INE, Estimativas anuais da população residente"
11A1317;Vila Nova de Gaia;54.6;2012;0008261;"Índice de dependência total (N.º) por Local de residência (NUTS - 2013); Anual - INE, Estimativas anuais da população residente"
16D0110;Ílhavo;54.6;2012;0008261;"Índice de dependência total (N.º) por Local de residência (NUTS - 2013); Anual - INE, Estimativas anuais da população residente"
11C1301;Amarante;54.7;2012;0008261;"Índice de dependência total (N.º) por Local de residência (NUTS - 2013); Anual - INE, Estimativas anuais da população residente"
1701508;Palmela;54.7;2012;0008261;"Índice de dependência total (N.º) por Local de residência (NUTS - 2013); Anual - INE, Estimativas anuais da população residente"
11A;Área Metropolitana do Porto;54.8;2012;0008261;"Índice de dependência total (N.º) por Local de residência (NUTS - 2013); Anual - INE, Estimativas anuais da população residente"
1701511;Sesimbra;55.1;2012;0008261;"Índice de dependência total (N.º) por Local de residência (NUTS - 2013); Anual - INE, Estimativas anuais da população residente"
1840204;Barrancos;55.3;2012;0008261;"Índice de dependência total (N.º) por Local de residência (NUTS - 2013); Anual - INE, Estimativas anuais da população residente"
1190304;Cabeceiras de Basto;55.4;2012;0008261;"Índice de dependência total (N.º) por Local de residência (NUTS - 2013); Anual - INE, Estimativas anuais da população residente"
11;Norte;55.8;2012;0008261;"Índice de dependência total (N.º) por Local de residência (NUTS - 2013); Anual - INE, Estimativas anuais da população residente"
16D0102;Albergaria-a-Velha;55.8;2012;0008261;"Índice de dependência total (N.º) por Local de residência (NUTS - 2013); Anual - INE, Estimativas anuais da população residente"
16B1113;Torres Vedras;56.3;2012;0008261;"Índice de dependência total (N.º) por Local de residência (NUTS - 2013); Anual - INE, Estimativas anuais da população residente"
1851103;Azambuja;56.3;2012;0008261;"Índice de dependência total (N.º) por Local de residência (NUTS - 2013); Anual - INE, Estimativas anuais da população residente"
11A0113;Oliveira de Azeméis;56.4;2012;0008261;"Índice de dependência total (N.º) por Local de residência (NUTS - 2013); Anual - INE, Estimativas anuais da população residente"
16E0607;Lousã;56.5;2012;0008261;"Índice de dependência total (N.º) por Local de residência (NUTS - 2013); Anual - INE, Estimativas anuais da população residente"
2004501;Calheta;56.5;2012;0008261;"Índice de dependência total (N.º) por Local de residência (NUTS - 2013); Anual - INE, Estimativas anuais da população residente"
16E0604;Condeixa-a-Nova;56.6;2012;0008261;"Índice de dependência total (N.º) por Local de residência (NUTS - 2013); Anual - INE, Estimativas anuais da população residente"
11C0305;Celorico de Basto;57;2012;0008261;"Índice de dependência total (N.º) por Local de residência (NUTS - 2013); Anual - INE, Estimativas anuais da população residente"
16F1009;Leiria;57;2012;0008261;"Índice de dependência total (N.º) por Local de residência (NUTS - 2013); Anual - INE, Estimativas anuais da população residente"
1190307;Fafe;57.1;2012;0008261;"Índice de dependência total (N.º) por Local de residência (NUTS - 2013); Anual - INE, Estimativas anuais da população residente"
2004401;Santa Cruz da Graciosa;57.1;2012;0008261;"Índice de dependência total (N.º) por Local de residência (NUTS - 2013); Anual - INE, Estimativas anuais da população residente"
1500805;Faro;57.3;2012;0008261;"Índice de dependência total (N.º) por Local de residência (NUTS - 2013); Anual - INE, Estimativas anuais da população residente"
11A1308;Matosinhos;57.4;2012;0008261;"Índice de dependência total (N.º) por Local de residência (NUTS - 2013); Anual - INE, Estimativas anuais da população residente"
11D1714;Vila Real;57.4;2012;0008261;"Índice de dependência total (N.º) por Local de residência (NUTS - 2013); Anual - INE, Estimativas anuais da população residente"
16F1010;Marinha Grande;57.5;2012;0008261;"Índice de dependência total (N.º) por Local de residência (NUTS - 2013); Anual - INE, Estimativas anuais da população residente"
2004601;Lajes do Pico;57.5;2012;0008261;"Índice de dependência total (N.º) por Local de residência (NUTS - 2013); Anual - INE, Estimativas anuais da população residente"
1111607;Ponte de Lima;57.7;2012;0008261;"Índice de dependência total (N.º) por Local de residência (NUTS - 2013); Anual - INE, Estimativas anuais da população residente"
17;Área Metropolitana de Lisboa;57.7;2012;0008261;"Índice de dependência total (N.º) por Local de residência (NUTS - 2013); Anual - INE, Estimativas anuais da população residente"
170;Área Metropolitana de Lisboa;57.7;2012;0008261;"Índice de dependência total (N.º) por Local de residência (NUTS - 2013); Anual - INE, Estimativas anuais da população residente"
16D;Região de Aveiro;57.8;2012;0008261;"Índice de dependência total (N.º) por Local de residência (NUTS - 2013); Anual - INE, Estimativas anuais da população residente"
1701106;Lisboa;58;2012;0008261;"Índice de dependência total (N.º) por Local de residência (NUTS - 2013); Anual - INE, Estimativas anuais da população residente"
16D0114;Oliveira do Bairro;58.2;2012;0008261;"Índice de dependência total (N.º) por Local de residência (NUTS - 2013); Anual - INE, Estimativas anuais da população residente"
3003101;Calheta;58.2;2012;0008261;"Índice de dependência total (N.º) por Local de residência (NUTS - 2013); Anual - INE, Estimativas anuais da população residente"
11A1314;Santo Tirso;58.3;2012;0008261;"Índice de dependência total (N.º) por Local de residência (NUTS - 2013); Anual - INE, Estimativas anuais da população residente"
PT;Portugal;58.5;2012;0008261;"Índice de dependência total (N.º) por Local de residência (NUTS - 2013); Anual - INE, Estimativas anuais da população residente"
16I1408;Constância;58.6;2012;0008261;"Índice de dependência total (N.º) por Local de residência (NUTS - 2013); Anual - INE, Estimativas anuais da população residente"
11D1820;Tarouca;58.8;2012;0008261;"Índice de dependência total (N.º) por Local de residência (NUTS - 2013); Anual - INE, Estimativas anuais da população residente"
1;Continente;59.1;2012;0008261;"Índice de dependência total (N.º) por Local de residência (NUTS - 2013); Anual - INE, Estimativas anuais da população residente"
1840207;Cuba;59.1;2012;0008261;"Índice de dependência total (N.º) por Local de residência (NUTS - 2013); Anual - INE, Estimativas anuais da população residente"
16B;Oeste;59.2;2012;0008261;"Índice de dependência total (N.º) por Local de residência (NUTS - 2013); Anual - INE, Estimativas anuais da população residente"
1851414;Rio Maior;59.2;2012;0008261;"Índice de dependência total (N.º) por Local de residência (NUTS - 2013); Anual - INE, Estimativas anuais da população residente"
16E0609;Miranda do Corvo;59.4;2012;0008261;"Índice de dependência total (N.º) por Local de residência (NUTS - 2013); Anual - INE, Estimativas anuais da população residente"
16G1810;Oliveira de Frades;59.4;2012;0008261;"Índice de dependência total (N.º) por Local de residência (NUTS - 2013); Anual - INE, Estimativas anuais da população residente"
16J0907;Guarda;59.4;2012;0008261;"Índice de dependência total (N.º) por Local de residência (NUTS - 2013); Anual - INE, Estimativas anuais da população residente"
1701105;Cascais;59.4;2012;0008261;"Índice de dependência total (N.º) por Local de residência (NUTS - 2013); Anual - INE, Estimativas anuais da população residente"
1701510;Seixal;59.4;2012;0008261;"Índice de dependência total (N.º) por Local de residência (NUTS - 2013); Anual - INE, Estimativas anuais da população residente"
16D0108;Estarreja;59.5;2012;0008261;"Índice de dependência total (N.º) por Local de residência (NUTS - 2013); Anual - INE, Estimativas anuais da população residente"
16E0617;Vila Nova de Poiares;59.5;2012;0008261;"Índice de dependência total (N.º) por Local de residência (NUTS - 2013); Anual - INE, Estimativas anuais da população residente"
16G1823;Viseu;59.5;2012;0008261;"Índice de dependência total (N.º) por Local de residência (NUTS - 2013); Anual - INE, Estimativas anuais da população residente"
1701116;Odivelas;59.5;2012;0008261;"Índice de dependência total (N.º) por Local de residência (NUTS - 2013); Anual - INE, Estimativas anuais da população residente"
1500811;Portimão;59.6;2012;0008261;"Índice de dependência total (N.º) por Local de residência (NUTS - 2013); Anual - INE, Estimativas anuais da população residente"
16D0118;Vagos;59.6;2012;0008261;"Índice de dependência total (N.º) por Local de residência (NUTS - 2013); Anual - INE, Estimativas anuais da população residente"
1870705;Évora;59.6;2012;0008261;"Índice de dependência total (N.º) por Local de residência (NUTS - 2013); Anual - INE, Estimativas anuais da população residente"
1701506;Moita;59.7;2012;0008261;"Índice de dependência total (N.º) por Local de residência (NUTS - 2013); Anual - INE, Estimativas anuais da população residente"
11C1813;Resende;59.8;2012;0008261;"Índice de dependência total (N.º) por Local de residência (NUTS - 2013); Anual - INE, Estimativas anuais da população residente"
11D1805;Lamego;59.8;2012;0008261;"Índice de dependência total (N.º) por Local de residência (NUTS - 2013); Anual - INE, Estimativas anuais da população residente"
1500806;Lagoa;60;2012;0008261;"Índice de dependência total (N.º) por Local de residência (NUTS - 2013); Anual - INE, Estimativas anuais da população residente"
16F1004;Batalha;60;2012;0008261;"Índice de dependência total (N.º) por Local de residência (NUTS - 2013); Anual - INE, Estimativas anuais da população residente"
3003106;Porto Moniz;60;2012;0008261;"Índice de dependência total (N.º) por Local de residência (NUTS - 2013); Anual - INE, Estimativas anuais da população residente"
11A0104;Arouca;60.1;2012;0008261;"Índice de dependência total (N.º) por Local de residência (NUTS - 2013); Anual - INE, Estimativas anuais da população residente"
16D0112;Murtosa;60.2;2012;0008261;"Índice de dependência total (N.º) por Local de residência (NUTS - 2013); Anual - INE, Estimativas anuais da população residente"
1701115;Amadora;60.3;2012;0008261;"Índice de dependência total (N.º) por Local de residência (NUTS - 2013); Anual - INE, Estimativas anuais da população residente"
1811513;Sines;60.3;2012;0008261;"Índice de dependência total (N.º) por Local de residência (NUTS - 2013); Anual - INE, Estimativas anuais da população residente"
1851406;Cartaxo;60.3;2012;0008261;"Índice de dependência total (N.º) por Local de residência (NUTS - 2013); Anual - INE, Estimativas anuais da população residente"
3003110;São Vicente;60.3;2012;0008261;"Índice de dependência total (N.º) por Local de residência (NUTS - 2013); Anual - INE, Estimativas anuais da população residente"
11A1312;Porto;60.4;2012;0008261;"Índice de dependência total (N.º) por Local de residência (NUTS - 2013); Anual - INE, Estimativas anuais da população residente"
16F1016;Porto de Mós;60.4;2012;0008261;"Índice de dependência total (N.º) por Local de residência (NUTS - 2013); Anual - INE, Estimativas anuais da população residente"
11C1804;Cinfães;60.6;2012;0008261;"Índice de dependência total (N.º) por Local de residência (NUTS - 2013); Anual - INE, Estimativas anuais da população residente"
1840205;Beja;60.6;2012;0008261;"Índice de dependência total (N.º) por Local de residência (NUTS - 2013); Anual - INE, Estimativas anuais da população residente"
1500808;Loulé;60.8;2012;0008261;"Índice de dependência total (N.º) por Local de residência (NUTS - 2013); Anual - INE, Estimativas anuais da população residente"
1500810;Olhão;60.8;2012;0008261;"Índice de dependência total (N.º) por Local de residência (NUTS - 2013); Anual - INE, Estimativas anuais da população residente"
16B1006;Caldas da Rainha;60.8;2012;0008261;"Índice de dependência total (N.º) por Local de residência (NUTS - 2013); Anual - INE, Estimativas anuais da população residente"
15;Algarve;60.9;2012;0008261;"Índice de dependência total (N.º) por Local de residência (NUTS - 2013); Anual - INE, Estimativas anuais da população residente"
150;Algarve;60.9;2012;0008261;"Índice de dependência total (N.º) por Local de residência (NUTS - 2013); Anual - INE, Estimativas anuais da população residente"
16E0111;Mealhada;60.9;2012;0008261;"Índice de dependência total (N.º) por Local de residência (NUTS - 2013); Anual - INE, Estimativas anuais da população residente"
1701107;Loures;60.9;2012;0008261;"Índice de dependência total (N.º) por Local de residência (NUTS - 2013); Anual - INE, Estimativas anuais da população residente"
16B1001;Alcobaça;61;2012;0008261;"Índice de dependência total (N.º) por Local de residência (NUTS - 2013); Anual - INE, Estimativas anuais da população residente"
1861204;Campo Maior;61;2012;0008261;"Índice de dependência total (N.º) por Local de residência (NUTS - 2013); Anual - INE, Estimativas anuais da população residente"
16E0603;Coimbra;61.3;2012;0008261;"Índice de dependência total (N.º) por Local de residência (NUTS - 2013); Anual - INE, Estimativas anuais da população residente"
1701512;Setúbal;61.3;2012;0008261;"Índice de dependência total (N.º) por Local de residência (NUTS - 2013); Anual - INE, Estimativas anuais da população residente"
1111610;Vila Nova de Cerveira;61.4;2012;0008261;"Índice de dependência total (N.º) por Local de residência (NUTS - 2013); Anual - INE, Estimativas anuais da população residente"
11D1704;Mesão Frio;61.4;2012;0008261;"Índice de dependência total (N.º) por Local de residência (NUTS - 2013); Anual - INE, Estimativas anuais da população residente"
16F;Região de Leiria;61.4;2012;0008261;"Índice de dependência total (N.º) por Local de residência (NUTS - 2013); Anual - INE, Estimativas anuais da população residente"
185;Lezíria do Tejo;61.9;2012;0008261;"Índice de dependência total (N.º) por Local de residência (NUTS - 2013); Anual - INE, Estimativas anuais da população residente"
1870713;Viana do Alentejo;61.9;2012;0008261;"Índice de dependência total (N.º) por Local de residência (NUTS - 2013); Anual - INE, Estimativas anuais da população residente"
16B1108;Lourinhã;62;2012;0008261;"Índice de dependência total (N.º) por Local de residência (NUTS - 2013); Anual - INE, Estimativas anuais da população residente"
1701503;Almada;62;2012;0008261;"Índice de dependência total (N.º) por Local de residência (NUTS - 2013); Anual - INE, Estimativas anuais da população residente"
181;Alentejo Litoral;62;2012;0008261;"Índice de dependência total (N.º) por Local de residência (NUTS - 2013); Anual - INE, Estimativas anuais da população residente"
1851403;Almeirim;62.1;2012;0008261;"Índice de dependência total (N.º) por Local de residência (NUTS - 2013); Anual - INE, Estimativas anuais da população residente"
1111609;Viana do Castelo;62.2;2012;0008261;"Índice de dependência total (N.º) por Local de residência (NUTS - 2013); Anual - INE, Estimativas anuais da população residente"
16D0101;Águeda;62.3;2012;0008261;"Índice de dependência total (N.º) por Local de residência (NUTS - 2013); Anual - INE, Estimativas anuais da população residente"
1701110;Oeiras;62.4;2012;0008261;"Índice de dependência total (N.º) por Local de residência (NUTS - 2013); Anual - INE, Estimativas anuais da população residente"
1500807;Lagos;62.5;2012;0008261;"Índice de dependência total (N.º) por Local de residência (NUTS - 2013); Anual - INE, Estimativas anuais da população residente"
16B1012;Óbidos;62.5;2012;0008261;"Índice de dependência total (N.º) por Local de residência (NUTS - 2013); Anual - INE, Estimativas anuais da população residente"
1870714;Vila Viçosa;62.7;2012;0008261;"Índice de dependência total (N.º) por Local de residência (NUTS - 2013); Anual - INE, Estimativas anuais da população residente"
11D1708;Peso da Régua;62.9;2012;0008261;"Índice de dependência total (N.º) por Local de residência (NUTS - 2013); Anual - INE, Estimativas anuais da população residente"
1500813;Silves;63;2012;0008261;"Índice de dependência total (N.º) por Local de residência (NUTS - 2013); Anual - INE, Estimativas anuais da população residente"
1861207;Elvas;63.2;2012;0008261;"Índice de dependência total (N.º) por Local de residência (NUTS - 2013); Anual - INE, Estimativas anuais da população residente"
1840206;Castro Verde;63.3;2012;0008261;"Índice de dependência total (N.º) por Local de residência (NUTS - 2013); Anual - INE, Estimativas anuais da população residente"
16E0610;Montemor-o-Velho;63.4;2012;0008261;"Índice de dependência total (N.º) por Local de residência (NUTS - 2013); Anual - INE, Estimativas anuais da população residente"
16I1421;Ourém;63.4;2012;0008261;"Índice de dependência total (N.º) por Local de residência (NUTS - 2013); Anual - INE, Estimativas anuais da população residente"
1111608;Valença;63.5;2012;0008261;"Índice de dependência total (N.º) por Local de residência (NUTS - 2013); Anual - INE, Estimativas anuais da população residente"
1851415;Salvaterra de Magos;63.5;2012;0008261;"Índice de dependência total (N.º) por Local de residência (NUTS - 2013); Anual - INE, Estimativas anuais da população residente"
11D1815;São João da Pesqueira;63.7;2012;0008261;"Índice de dependência total (N.º) por Local de residência (NUTS - 2013); Anual - INE, Estimativas anuais da população residente"
1851416;Santarém;63.8;2012;0008261;"Índice de dependência total (N.º) por Local de residência (NUTS - 2013); Anual - INE, Estimativas anuais da população residente"
1870710;Redondo;63.8;2012;0008261;"Índice de dependência total (N.º) por Local de residência (NUTS - 2013); Anual - INE, Estimativas anuais da população residente"
1191705;Mondim de Basto;64;2012;0008261;"Índice de dependência total (N.º) por Local de residência (NUTS - 2013); Anual - INE, Estimativas anuais da população residente"
3003109;Santana;64;2012;0008261;"Índice de dependência total (N.º) por Local de residência (NUTS - 2013); Anual - INE, Estimativas anuais da população residente"
1701504;Barreiro;64.2;2012;0008261;"Índice de dependência total (N.º) por Local de residência (NUTS - 2013); Anual - INE, Estimativas anuais da população residente"
16;Centro;64.3;2012;0008261;"Índice de dependência total (N.º) por Local de residência (NUTS - 2013); Anual - INE, Estimativas anuais da população residente"
16B1011;Nazaré;64.3;2012;0008261;"Índice de dependência total (N.º) por Local de residência (NUTS - 2013); Anual - INE, Estimativas anuais da população residente"
16B1005;Bombarral;64.5;2012;0008261;"Índice de dependência total (N.º) por Local de residência (NUTS - 2013); Anual - INE, Estimativas anuais da população residente"
18;Alentejo;64.5;2012;0008261;"Índice de dependência total (N.º) por Local de residência (NUTS - 2013); Anual - INE, Estimativas anuais da população residente"
1870709;Portel;64.5;2012;0008261;"Índice de dependência total (N.º) por Local de residência (NUTS - 2013); Anual - INE, Estimativas anuais da população residente"
1870711;Reguengos de Monsaraz;64.6;2012;0008261;"Índice de dependência total (N.º) por Local de residência (NUTS - 2013); Anual - INE, Estimativas anuais da população residente"
1851412;Golegã;64.7;2012;0008261;"Índice de dependência total (N.º) por Local de residência (NUTS - 2013); Anual - INE, Estimativas anuais da população residente"
187;Alentejo Central;64.7;2012;0008261;"Índice de dependência total (N.º) por Local de residência (NUTS - 2013); Anual - INE, Estimativas anuais da população residente"
1870702;Arraiolos;64.9;2012;0008261;"Índice de dependência total (N.º) por Local de residência (NUTS - 2013); Anual - INE, Estimativas anuais da população residente"
1500812;São Brás de Alportel;65;2012;0008261;"Índice de dependência total (N.º) por Local de residência (NUTS - 2013); Anual - INE, Estimativas anuais da população residente"
16I1420;Vila Nova da Barquinha;65;2012;0008261;"Índice de dependência total (N.º) por Local de residência (NUTS - 2013); Anual - INE, Estimativas anuais da população residente"
11E0402;Bragança;65.3;2012;0008261;"Índice de dependência total (N.º) por Local de residência (NUTS - 2013); Anual - INE, Estimativas anuais da população residente"
1840214;Vidigueira;65.3;2012;0008261;"Índice de dependência total (N.º) por Local de residência (NUTS - 2013); Anual - INE, Estimativas anuais da população residente"
11A0107;Espinho;65.6;2012;0008261;"Índice de dependência total (N.º) por Local de residência (NUTS - 2013); Anual - INE, Estimativas anuais da população residente"
16B1014;Peniche;65.6;2012;0008261;"Índice de dependência total (N.º) por Local de residência (NUTS - 2013); Anual - INE, Estimativas anuais da população residente"
16E;Região de Coimbra;65.6;2012;0008261;"Índice de dependência total (N.º) por Local de residência (NUTS - 2013); Anual - INE, Estimativas anuais da população residente"
11D1801;Armamar;65.9;2012;0008261;"Índice de dependência total (N.º) por Local de residência (NUTS - 2013); Anual - INE, Estimativas anuais da população residente"
1811505;Grândola;66.2;2012;0008261;"Índice de dependência total (N.º) por Local de residência (NUTS - 2013); Anual - INE, Estimativas anuais da população residente"
1500816;Vila Real de Santo António;66.3;2012;0008261;"Índice de dependência total (N.º) por Local de residência (NUTS - 2013); Anual - INE, Estimativas anuais da população residente"
11A0119;Vale de Cambra;66.4;2012;0008261;"Índice de dependência total (N.º) por Local de residência (NUTS - 2013); Anual - INE, Estimativas anuais da população residente"
1500803;Aljezur;66.4;2012;0008261;"Índice de dependência total (N.º) por Local de residência (NUTS - 2013); Anual - INE, Estimativas anuais da população residente"
111;Alto Minho;66.5;2012;0008261;"Índice de dependência total (N.º) por Local de residência (NUTS - 2013); Anual - INE, Estimativas anuais da população residente"
11D;Douro;66.5;2012;0008261;"Índice de dependência total (N.º) por Local de residência (NUTS - 2013); Anual - INE, Estimativas anuais da população residente"
16E0605;Figueira da Foz;66.6;2012;0008261;"Índice de dependência total (N.º) por Local de residência (NUTS - 2013); Anual - INE, Estimativas anuais da população residente"
1120310;Terras de Bouro;66.7;2012;0008261;"Índice de dependência total (N.º) por Local de residência (NUTS - 2013); Anual - INE, Estimativas anuais da população residente"
184;Baixo Alentejo;66.7;2012;0008261;"Índice de dependência total (N.º) por Local de residência (NUTS - 2013); Anual - INE, Estimativas anuais da população residente"
16I1417;Sardoal;66.8;2012;0008261;"Índice de dependência total (N.º) por Local de residência (NUTS - 2013); Anual - INE, Estimativas anuais da população residente"
16E0611;Oliveira do Hospital;67.1;2012;0008261;"Índice de dependência total (N.º) por Local de residência (NUTS - 2013); Anual - INE, Estimativas anuais da população residente"
1840208;Ferreira do Alentejo;67.1;2012;0008261;"Índice de dependência total (N.º) por Local de residência (NUTS - 2013); Anual - INE, Estimativas anuais da população residente"
16I1419;Torres Novas;67.4;2012;0008261;"Índice de dependência total (N.º) por Local de residência (NUTS - 2013); Anual - INE, Estimativas anuais da população residente"
1870704;Estremoz;67.4;2012;0008261;"Índice de dependência total (N.º) por Local de residência (NUTS - 2013); Anual - INE, Estimativas anuais da população residente"
16G;Viseu Dão Lafões;67.5;2012;0008261;"Índice de dependência total (N.º) por Local de residência (NUTS - 2013); Anual - INE, Estimativas anuais da população residente"
1840213;Serpa;67.6;2012;0008261;"Índice de dependência total (N.º) por Local de residência (NUTS - 2013); Anual - INE, Estimativas anuais da população residente"
1851404;Alpiarça;67.6;2012;0008261;"Índice de dependência total (N.º) por Local de residência (NUTS - 2013); Anual - INE, Estimativas anuais da população residente"
16I;Médio Tejo;67.7;2012;0008261;"Índice de dependência total (N.º) por Local de residência (NUTS - 2013); Anual - INE, Estimativas anuais da população residente"
1840203;Alvito;67.7;2012;0008261;"Índice de dependência total (N.º) por Local de residência (NUTS - 2013); Anual - INE, Estimativas anuais da população residente"
16H0502;Castelo Branco;67.8;2012;0008261;"Índice de dependência total (N.º) por Local de residência (NUTS - 2013); Anual - INE, Estimativas anuais da população residente"
1500815;Vila do Bispo;67.9;2012;0008261;"Índice de dependência total (N.º) por Local de residência (NUTS - 2013); Anual - INE, Estimativas anuais da população residente"
1861214;Portalegre;67.9;2012;0008261;"Índice de dependência total (N.º) por Local de residência (NUTS - 2013); Anual - INE, Estimativas anuais da população residente"
1870701;Alandroal;68;2012;0008261;"Índice de dependência total (N.º) por Local de residência (NUTS - 2013); Anual - INE, Estimativas anuais da população residente"
16D0103;Anadia;68.4;2012;0008261;"Índice de dependência total (N.º) por Local de residência (NUTS - 2013); Anual - INE, Estimativas anuais da população residente"
1870703;Borba;68.4;2012;0008261;"Índice de dependência total (N.º) por Local de residência (NUTS - 2013); Anual - INE, Estimativas anuais da população residente"
1111606;Ponte da Barca;68.5;2012;0008261;"Índice de dependência total (N.º) por Local de residência (NUTS - 2013); Anual - INE, Estimativas anuais da população residente"
16I1402;Alcanena;68.5;2012;0008261;"Índice de dependência total (N.º) por Local de residência (NUTS - 2013); Anual - INE, Estimativas anuais da população residente"
16B1104;Cadaval;68.6;2012;0008261;"Índice de dependência total (N.º) por Local de residência (NUTS - 2013); Anual - INE, Estimativas anuais da população residente"
1190311;Vieira do Minho;69;2012;0008261;"Índice de dependência total (N.º) por Local de residência (NUTS - 2013); Anual - INE, Estimativas anuais da população residente"
16D0117;Sever do Vouga;69.2;2012;0008261;"Índice de dependência total (N.º) por Local de residência (NUTS - 2013); Anual - INE, Estimativas anuais da população residente"
16F1015;Pombal;69.2;2012;0008261;"Índice de dependência total (N.º) por Local de residência (NUTS - 2013); Anual - INE, Estimativas anuais da população residente"
1861211;Monforte;69.4;2012;0008261;"Índice de dependência total (N.º) por Local de residência (NUTS - 2013); Anual - INE, Estimativas anuais da população residente"
11D1818;Sernancelhe;69.5;2012;0008261;"Índice de dependência total (N.º) por Local de residência (NUTS - 2013); Anual - INE, Estimativas anuais da população residente"
1840201;Aljustrel;69.6;2012;0008261;"Índice de dependência total (N.º) por Local de residência (NUTS - 2013); Anual - INE, Estimativas anuais da população residente"
1111602;Caminha;69.7;2012;0008261;"Índice de dependência total (N.º) por Local de residência (NUTS - 2013); Anual - INE, Estimativas anuais da população residente"
1861208;Fronteira;69.9;2012;0008261;"Índice de dependência total (N.º) por Local de residência (NUTS - 2013); Anual - INE, Estimativas anuais da população residente"
1870712;Vendas Novas;69.9;2012;0008261;"Índice de dependência total (N.º) por Local de residência (NUTS - 2013); Anual - INE, Estimativas anuais da população residente"
16E0616;Tábua;70.1;2012;0008261;"Índice de dependência total (N.º) por Local de residência (NUTS - 2013); Anual - INE, Estimativas anuais da população residente"
16J0503;Covilhã;70.1;2012;0008261;"Índice de dependência total (N.º) por Local de residência (NUTS - 2013); Anual - INE, Estimativas anuais da população residente"
16E0614;Penela;70.3;2012;0008261;"Índice de dependência total (N.º) por Local de residência (NUTS - 2013); Anual - INE, Estimativas anuais da população residente"
16G1806;Mangualde;70.3;2012;0008261;"Índice de dependência total (N.º) por Local de residência (NUTS - 2013); Anual - INE, Estimativas anuais da população residente"
1111605;Paredes de Coura;70.6;2012;0008261;"Índice de dependência total (N.º) por Local de residência (NUTS - 2013); Anual - INE, Estimativas anuais da população residente"
16I1418;Tomar;70.7;2012;0008261;"Índice de dependência total (N.º) por Local de residência (NUTS - 2013); Anual - INE, Estimativas anuais da população residente"
186;Alto Alentejo;70.8;2012;0008261;"Índice de dependência total (N.º) por Local de residência (NUTS - 2013); Anual - INE, Estimativas anuais da população residente"
1861215;Sousel;70.8;2012;0008261;"Índice de dependência total (N.º) por Local de residência (NUTS - 2013); Anual - INE, Estimativas anuais da população residente"
1870708;Mourão;70.8;2012;0008261;"Índice de dependência total (N.º) por Local de residência (NUTS - 2013); Anual - INE, Estimativas anuais da população residente"
1861202;Arronches;71.3;2012;0008261;"Índice de dependência total (N.º) por Local de residência (NUTS - 2013); Anual - INE, Estimativas anuais da população residente"
1861213;Ponte de Sor;71.3;2012;0008261;"Índice de dependência total (N.º) por Local de residência (NUTS - 2013); Anual - INE, Estimativas anuais da população residente"
1870706;Montemor-o-Novo;71.3;2012;0008261;"Índice de dependência total (N.º) por Local de residência (NUTS - 2013); Anual - INE, Estimativas anuais da população residente"
11D1807;Moimenta da Beira;71.4;2012;0008261;"Índice de dependência total (N.º) por Local de residência (NUTS - 2013); Anual - INE, Estimativas anuais da população residente"
1840210;Moura;71.5;2012;0008261;"Índice de dependência total (N.º) por Local de residência (NUTS - 2013); Anual - INE, Estimativas anuais da população residente"
16I1401;Abrantes;71.7;2012;0008261;"Índice de dependência total (N.º) por Local de residência (NUTS - 2013); Anual - INE, Estimativas anuais da população residente"
1500814;Tavira;71.8;2012;0008261;"Índice de dependência total (N.º) por Local de residência (NUTS - 2013); Anual - INE, Estimativas anuais da população residente"
16G1817;Sátão;71.9;2012;0008261;"Índice de dependência total (N.º) por Local de residência (NUTS - 2013); Anual - INE, Estimativas anuais da população residente"
16E0602;Cantanhede;72.1;2012;0008261;"Índice de dependência total (N.º) por Local de residência (NUTS - 2013); Anual - INE, Estimativas anuais da população residente"
16G1824;Vouzela;72.2;2012;0008261;"Índice de dependência total (N.º) por Local de residência (NUTS - 2013); Anual - INE, Estimativas anuais da população residente"
16G1822;Vila Nova de Paiva;72.5;2012;0008261;"Índice de dependência total (N.º) por Local de residência (NUTS - 2013); Anual - INE, Estimativas anuais da população residente"
1851407;Chamusca;72.5;2012;0008261;"Índice de dependência total (N.º) por Local de residência (NUTS - 2013); Anual - INE, Estimativas anuais da população residente"
16E0608;Mira;72.8;2012;0008261;"Índice de dependência total (N.º) por Local de residência (NUTS - 2013); Anual - INE, Estimativas anuais da população residente"
16G1809;Nelas;72.8;2012;0008261;"Índice de dependência total (N.º) por Local de residência (NUTS - 2013); Anual - INE, Estimativas anuais da população residente"
11B1709;Ribeira de Pena;73;2012;0008261;"Índice de dependência total (N.º) por Local de residência (NUTS - 2013); Anual - INE, Estimativas anuais da população residente"
16F1003;Ansião;73;2012;0008261;"Índice de dependência total (N.º) por Local de residência (NUTS - 2013); Anual - INE, Estimativas anuais da população residente"
11D1819;Tabuaço;73.1;2012;0008261;"Índice de dependência total (N.º) por Local de residência (NUTS - 2013); Anual - INE, Estimativas anuais da população residente"
16I0509;Sertã;73.1;2012;0008261;"Índice de dependência total (N.º) por Local de residência (NUTS - 2013); Anual - INE, Estimativas anuais da população residente"
11D1711;Santa Marta de Penaguião;73.2;2012;0008261;"Índice de dependência total (N.º) por Local de residência (NUTS - 2013); Anual - INE, Estimativas anuais da população residente"
1811509;Santiago do Cacém;73.2;2012;0008261;"Índice de dependência total (N.º) por Local de residência (NUTS - 2013); Anual - INE, Estimativas anuais da população residente"
11D1710;Sabrosa;73.4;2012;0008261;"Índice de dependência total (N.º) por Local de residência (NUTS - 2013); Anual - INE, Estimativas anuais da população residente"
16I1411;Ferreira do Zêzere;73.4;2012;0008261;"Índice de dependência total (N.º) por Local de residência (NUTS - 2013); Anual - INE, Estimativas anuais da população residente"
16E0613;Penacova;73.5;2012;0008261;"Índice de dependência total (N.º) por Local de residência (NUTS - 2013); Anual - INE, Estimativas anuais da população residente"
16G1803;Castro Daire;73.7;2012;0008261;"Índice de dependência total (N.º) por Local de residência (NUTS - 2013); Anual - INE, Estimativas anuais da população residente"
16G1821;Tondela;73.8;2012;0008261;"Índice de dependência total (N.º) por Local de residência (NUTS - 2013); Anual - INE, Estimativas anuais da população residente"
16J0501;Belmonte;74.6;2012;0008261;"Índice de dependência total (N.º) por Local de residência (NUTS - 2013); Anual - INE, Estimativas anuais da população residente"
11D1701;Alijó;74.9;2012;0008261;"Índice de dependência total (N.º) por Local de residência (NUTS - 2013); Anual - INE, Estimativas anuais da população residente"
11D1812;Penedono;75.4;2012;0008261;"Índice de dependência total (N.º) por Local de residência (NUTS - 2013); Anual - INE, Estimativas anuais da população residente"
1840202;Almodôvar;75.8;2012;0008261;"Índice de dependência total (N.º) por Local de residência (NUTS - 2013); Anual - INE, Estimativas anuais da população residente"
16F1013;Pedrógão Grande;75.9;2012;0008261;"Índice de dependência total (N.º) por Local de residência (NUTS - 2013); Anual - INE, Estimativas anuais da população residente"
16G1802;Carregal do Sal;75.9;2012;0008261;"Índice de dependência total (N.º) por Local de residência (NUTS - 2013); Anual - INE, Estimativas anuais da população residente"
16G1816;São Pedro do Sul;76;2012;0008261;"Índice de dependência total (N.º) por Local de residência (NUTS - 2013); Anual - INE, Estimativas anuais da população residente"
16J0504;Fundão;76.1;2012;0008261;"Índice de dependência total (N.º) por Local de residência (NUTS - 2013); Anual - INE, Estimativas anuais da população residente"
11E0407;Mirandela;76.2;2012;0008261;"Índice de dependência total (N.º) por Local de residência (NUTS - 2013); Anual - INE, Estimativas anuais da população residente"
16J;Beiras e Serra da Estrela;76.3;2012;0008261;"Índice de dependência total (N.º) por Local de residência (NUTS - 2013); Anual - INE, Estimativas anuais da população residente"
1500804;Castro Marim;76.4;2012;0008261;"Índice de dependência total (N.º) por Local de residência (NUTS - 2013); Anual - INE, Estimativas anuais da população residente"
16G1814;Santa Comba Dão;76.4;2012;0008261;"Índice de dependência total (N.º) por Local de residência (NUTS - 2013); Anual - INE, Estimativas anuais da população residente"
1811501;Alcácer do Sal;76.4;2012;0008261;"Índice de dependência total (N.º) por Local de residência (NUTS - 2013); Anual - INE, Estimativas anuais da população residente"
11B1703;Chaves;76.8;2012;0008261;"Índice de dependência total (N.º) por Local de residência (NUTS - 2013); Anual - INE, Estimativas anuais da população residente"
1861201;Alter do Chão;77.1;2012;0008261;"Índice de dependência total (N.º) por Local de residência (NUTS - 2013); Anual - INE, Estimativas anuais da população residente"
16E0601;Arganil;77.6;2012;0008261;"Índice de dependência total (N.º) por Local de residência (NUTS - 2013); Anual - INE, Estimativas anuais da população residente"
1861203;Avis;77.6;2012;0008261;"Índice de dependência total (N.º) por Local de residência (NUTS - 2013); Anual - INE, Estimativas anuais da população residente"
16H;Beira Baixa;77.7;2012;0008261;"Índice de dependência total (N.º) por Local de residência (NUTS - 2013); Anual - INE, Estimativas anuais da população residente"
1840212;Ourique;77.7;2012;0008261;"Índice de dependência total (N.º) por Local de residência (NUTS - 2013); Anual - INE, Estimativas anuais da população residente"
1861210;Marvão;77.7;2012;0008261;"Índice de dependência total (N.º) por Local de residência (NUTS - 2013); Anual - INE, Estimativas anuais da população residente"
16F1007;Castanheira de Pêra;77.9;2012;0008261;"Índice de dependência total (N.º) por Local de residência (NUTS - 2013); Anual - INE, Estimativas anuais da população residente"
16E0615;Soure;78.1;2012;0008261;"Índice de dependência total (N.º) por Local de residência (NUTS - 2013); Anual - INE, Estimativas anuais da população residente"
11E;Terras de Trás-os-Montes;78.2;2012;0008261;"Índice de dependência total (N.º) por Local de residência (NUTS - 2013); Anual - INE, Estimativas anuais da população residente"
1851409;Coruche;78.4;2012;0008261;"Índice de dependência total (N.º) por Local de residência (NUTS - 2013); Anual - INE, Estimativas anuais da população residente"
1861205;Castelo de Vide;78.4;2012;0008261;"Índice de dependência total (N.º) por Local de residência (NUTS - 2013); Anual - INE, Estimativas anuais da população residente"
1111604;Monção;79.1;2012;0008261;"Índice de dependência total (N.º) por Local de residência (NUTS - 2013); Anual - INE, Estimativas anuais da população residente"
11B1713;Vila Pouca de Aguiar;79.7;2012;0008261;"Índice de dependência total (N.º) por Local de residência (NUTS - 2013); Anual - INE, Estimativas anuais da população residente"
11E0405;Macedo de Cavaleiros;79.7;2012;0008261;"Índice de dependência total (N.º) por Local de residência (NUTS - 2013); Anual - INE, Estimativas anuais da população residente"
1500809;Monchique;79.8;2012;0008261;"Índice de dependência total (N.º) por Local de residência (NUTS - 2013); Anual - INE, Estimativas anuais da população residente"
11D1707;Murça;80.6;2012;0008261;"Índice de dependência total (N.º) por Local de residência (NUTS - 2013); Anual - INE, Estimativas anuais da população residente"
16J0905;Fornos de Algodres;80.6;2012;0008261;"Índice de dependência total (N.º) por Local de residência (NUTS - 2013); Anual - INE, Estimativas anuais da população residente"
16F1008;Figueiró dos Vinhos;80.9;2012;0008261;"Índice de dependência total (N.º) por Local de residência (NUTS - 2013); Anual - INE, Estimativas anuais da população residente"
16G1811;Penalva do Castelo;81;2012;0008261;"Índice de dependência total (N.º) por Local de residência (NUTS - 2013); Anual - INE, Estimativas anuais da população residente"
16J0912;Seia;81.4;2012;0008261;"Índice de dependência total (N.º) por Local de residência (NUTS - 2013); Anual - INE, Estimativas anuais da população residente"
11E0410;Vila Flor;81.6;2012;0008261;"Índice de dependência total (N.º) por Local de residência (NUTS - 2013); Anual - INE, Estimativas anuais da população residente"
1840209;Mértola;82.2;2012;0008261;"Índice de dependência total (N.º) por Local de residência (NUTS - 2013); Anual - INE, Estimativas anuais da população residente"
11B;Alto Tâmega;82.6;2012;0008261;"Índice de dependência total (N.º) por Local de residência (NUTS - 2013); Anual - INE, Estimativas anuais da população residente"
16E0606;Góis;82.7;2012;0008261;"Índice de dependência total (N.º) por Local de residência (NUTS - 2013); Anual - INE, Estimativas anuais da população residente"
16J0903;Celorico da Beira;82.8;2012;0008261;"Índice de dependência total (N.º) por Local de residência (NUTS - 2013); Anual - INE, Estimativas anuais da população residente"
16F1002;Alvaiázere;83;2012;0008261;"Índice de dependência total (N.º) por Local de residência (NUTS - 2013); Anual - INE, Estimativas anuais da população residente"
1111601;Arcos de Valdevez;83.6;2012;0008261;"Índice de dependência total (N.º) por Local de residência (NUTS - 2013); Anual - INE, Estimativas anuais da população residente"
11D0914;Vila Nova de Foz Côa;83.8;2012;0008261;"Índice de dependência total (N.º) por Local de residência (NUTS - 2013); Anual - INE, Estimativas anuais da população residente"
1861206;Crato;84;2012;0008261;"Índice de dependência total (N.º) por Local de residência (NUTS - 2013); Anual - INE, Estimativas anuais da população residente"
16J0913;Trancoso;84.1;2012;0008261;"Índice de dependência total (N.º) por Local de residência (NUTS - 2013); Anual - INE, Estimativas anuais da população residente"
16E1808;Mortágua;84.3;2012;0008261;"Índice de dependência total (N.º) por Local de residência (NUTS - 2013); Anual - INE, Estimativas anuais da população residente"
16G0901;Aguiar da Beira;84.4;2012;0008261;"Índice de dependência total (N.º) por Local de residência (NUTS - 2013); Anual - INE, Estimativas anuais da população residente"
16J0908;Manteigas;85.7;2012;0008261;"Índice de dependência total (N.º) por Local de residência (NUTS - 2013); Anual - INE, Estimativas anuais da população residente"
11E0401;Alfândega da Fé;86.6;2012;0008261;"Índice de dependência total (N.º) por Local de residência (NUTS - 2013); Anual - INE, Estimativas anuais da população residente"
1870707;Mora;87;2012;0008261;"Índice de dependência total (N.º) por Local de residência (NUTS - 2013); Anual - INE, Estimativas anuais da população residente"
16J0909;Mêda;87.4;2012;0008261;"Índice de dependência total (N.º) por Local de residência (NUTS - 2013); Anual - INE, Estimativas anuais da população residente"
16H0508;Proença-a-Nova;87.9;2012;0008261;"Índice de dependência total (N.º) por Local de residência (NUTS - 2013); Anual - INE, Estimativas anuais da população residente"
11D0403;Carrazeda de Ansiães;89.1;2012;0008261;"Índice de dependência total (N.º) por Local de residência (NUTS - 2013); Anual - INE, Estimativas anuais da população residente"
11E0408;Mogadouro;89.4;2012;0008261;"Índice de dependência total (N.º) por Local de residência (NUTS - 2013); Anual - INE, Estimativas anuais da população residente"
16J0910;Pinhel;89.4;2012;0008261;"Índice de dependência total (N.º) por Local de residência (NUTS - 2013); Anual - INE, Estimativas anuais da população residente"
11B1702;Boticas;89.9;2012;0008261;"Índice de dependência total (N.º) por Local de residência (NUTS - 2013); Anual - INE, Estimativas anuais da população residente"
16J0906;Gouveia;90.1;2012;0008261;"Índice de dependência total (N.º) por Local de residência (NUTS - 2013); Anual - INE, Estimativas anuais da população residente"
16I0510;Vila de Rei;90.6;2012;0008261;"Índice de dependência total (N.º) por Local de residência (NUTS - 2013); Anual - INE, Estimativas anuais da população residente"
11D0404;Freixo de Espada à Cinta;90.9;2012;0008261;"Índice de dependência total (N.º) por Local de residência (NUTS - 2013); Anual - INE, Estimativas anuais da população residente"
16J0904;Figueira de Castelo Rodrigo;91.6;2012;0008261;"Índice de dependência total (N.º) por Local de residência (NUTS - 2013); Anual - INE, Estimativas anuais da população residente"
1861212;Nisa;92;2012;0008261;"Índice de dependência total (N.º) por Local de residência (NUTS - 2013); Anual - INE, Estimativas anuais da população residente"
11B1706;Montalegre;93.6;2012;0008261;"Índice de dependência total (N.º) por Local de residência (NUTS - 2013); Anual - INE, Estimativas anuais da população residente"
11E0406;Miranda do Douro;94;2012;0008261;"Índice de dependência total (N.º) por Local de residência (NUTS - 2013); Anual - INE, Estimativas anuais da população residente"
1861209;Gavião;94.5;2012;0008261;"Índice de dependência total (N.º) por Local de residência (NUTS - 2013); Anual - INE, Estimativas anuais da população residente"
16I1413;Mação;95.9;2012;0008261;"Índice de dependência total (N.º) por Local de residência (NUTS - 2013); Anual - INE, Estimativas anuais da população residente"
11B1712;Valpaços;96.9;2012;0008261;"Índice de dependência total (N.º) por Local de residência (NUTS - 2013); Anual - INE, Estimativas anuais da população residente"
11D0409;Torre de Moncorvo;98.1;2012;0008261;"Índice de dependência total (N.º) por Local de residência (NUTS - 2013); Anual - INE, Estimativas anuais da população residente"
16H0505;Idanha-a-Nova;100.9;2012;0008261;"Índice de dependência total (N.º) por Local de residência (NUTS - 2013); Anual - INE, Estimativas anuais da população residente"
16H0507;Penamacor;101.6;2012;0008261;"Índice de dependência total (N.º) por Local de residência (NUTS - 2013); Anual - INE, Estimativas anuais da população residente"
16J0902;Almeida;102.9;2012;0008261;"Índice de dependência total (N.º) por Local de residência (NUTS - 2013); Anual - INE, Estimativas anuais da população residente"
11E0411;Vimioso;103.4;2012;0008261;"Índice de dependência total (N.º) por Local de residência (NUTS - 2013); Anual - INE, Estimativas anuais da população residente"
1111603;Melgaço;103.5;2012;0008261;"Índice de dependência total (N.º) por Local de residência (NUTS - 2013); Anual - INE, Estimativas anuais da população residente"
16H0506;Oleiros;107;2012;0008261;"Índice de dependência total (N.º) por Local de residência (NUTS - 2013); Anual - INE, Estimativas anuais da população residente"
16E0612;Pampilhosa da Serra;108.4;2012;0008261;"Índice de dependência total (N.º) por Local de residência (NUTS - 2013); Anual - INE, Estimativas anuais da população residente"
16J0911;Sabugal;108.5;2012;0008261;"Índice de dependência total (N.º) por Local de residência (NUTS - 2013); Anual - INE, Estimativas anuais da população residente"
16H0511;Vila Velha de Ródão;108.6;2012;0008261;"Índice de dependência total (N.º) por Local de residência (NUTS - 2013); Anual - INE, Estimativas anuais da população residente"
11E0412;Vinhais;108.9;2012;0008261;"Índice de dependência total (N.º) por Local de residência (NUTS - 2013); Anual - INE, Estimativas anuais da população residente"
1500802;Alcoutim;111.3;2012;0008261;"Índice de dependência total (N.º) por Local de residência (NUTS - 2013); Anual - INE, Estimativas anuais da população residente"
2004201;Lagoa;41.6;2013;0008261;"Índice de dependência total (N.º) por Local de residência (NUTS - 2013); Anual - INE, Estimativas anuais da população residente"
3003108;Santa Cruz;42.2;2013;0008261;"Índice de dependência total (N.º) por Local de residência (NUTS - 2013); Anual - INE, Estimativas anuais da população residente"
2004205;Ribeira Grande;42.3;2013;0008261;"Índice de dependência total (N.º) por Local de residência (NUTS - 2013); Anual - INE, Estimativas anuais da população residente"
3003102;Câmara de Lobos;43.4;2013;0008261;"Índice de dependência total (N.º) por Local de residência (NUTS - 2013); Anual - INE, Estimativas anuais da população residente"
3003201;Porto Santo;43.4;2013;0008261;"Índice de dependência total (N.º) por Local de residência (NUTS - 2013); Anual - INE, Estimativas anuais da população residente"
2004206;Vila Franca do Campo;43.5;2013;0008261;"Índice de dependência total (N.º) por Local de residência (NUTS - 2013); Anual - INE, Estimativas anuais da população residente"
11C1305;Lousada;43.6;2013;0008261;"Índice de dependência total (N.º) por Local de residência (NUTS - 2013); Anual - INE, Estimativas anuais da população residente"
2004203;Ponta Delgada;43.7;2013;0008261;"Índice de dependência total (N.º) por Local de residência (NUTS - 2013); Anual - INE, Estimativas anuais da população residente"
11C1309;Paços de Ferreira;44.1;2013;0008261;"Índice de dependência total (N.º) por Local de residência (NUTS - 2013); Anual - INE, Estimativas anuais da população residente"
2004204;Povoação;45;2013;0008261;"Índice de dependência total (N.º) por Local de residência (NUTS - 2013); Anual - INE, Estimativas anuais da população residente"
11A1310;Paredes;45.3;2013;0008261;"Índice de dependência total (N.º) por Local de residência (NUTS - 2013); Anual - INE, Estimativas anuais da população residente"
2004901;Corvo;46;2013;0008261;"Índice de dependência total (N.º) por Local de residência (NUTS - 2013); Anual - INE, Estimativas anuais da população residente"
2;Região Autónoma dos Açores;46.5;2013;0008261;"Índice de dependência total (N.º) por Local de residência (NUTS - 2013); Anual - INE, Estimativas anuais da população residente"
20;Região Autónoma dos Açores;46.5;2013;0008261;"Índice de dependência total (N.º) por Local de residência (NUTS - 2013); Anual - INE, Estimativas anuais da população residente"
200;Região Autónoma dos Açores;46.5;2013;0008261;"Índice de dependência total (N.º) por Local de residência (NUTS - 2013); Anual - INE, Estimativas anuais da população residente"
11C1307;Marco de Canaveses;46.7;2013;0008261;"Índice de dependência total (N.º) por Local de residência (NUTS - 2013); Anual - INE, Estimativas anuais da população residente"
2004802;Santa Cruz das Flores;47.1;2013;0008261;"Índice de dependência total (N.º) por Local de residência (NUTS - 2013); Anual - INE, Estimativas anuais da população residente"
1190314;Vizela;47.2;2013;0008261;"Índice de dependência total (N.º) por Local de residência (NUTS - 2013); Anual - INE, Estimativas anuais da população residente"
11C1303;Felgueiras;47.6;2013;0008261;"Índice de dependência total (N.º) por Local de residência (NUTS - 2013); Anual - INE, Estimativas anuais da população residente"
11C1311;Penafiel;47.6;2013;0008261;"Índice de dependência total (N.º) por Local de residência (NUTS - 2013); Anual - INE, Estimativas anuais da população residente"
2004801;Lajes das Flores;47.9;2013;0008261;"Índice de dependência total (N.º) por Local de residência (NUTS - 2013); Anual - INE, Estimativas anuais da população residente"
2004101;Vila do Porto;48.1;2013;0008261;"Índice de dependência total (N.º) por Local de residência (NUTS - 2013); Anual - INE, Estimativas anuais da população residente"
11C;Tâmega e Sousa;48.9;2013;0008261;"Índice de dependência total (N.º) por Local de residência (NUTS - 2013); Anual - INE, Estimativas anuais da população residente"
1810211;Odemira;48.9;2013;0008261;"Índice de dependência total (N.º) por Local de residência (NUTS - 2013); Anual - INE, Estimativas anuais da população residente"
3003104;Machico;49.1;2013;0008261;"Índice de dependência total (N.º) por Local de residência (NUTS - 2013); Anual - INE, Estimativas anuais da população residente"
2004302;Vila da Praia da Vitória;49.3;2013;0008261;"Índice de dependência total (N.º) por Local de residência (NUTS - 2013); Anual - INE, Estimativas anuais da população residente"
3;Região Autónoma da Madeira;49.5;2013;0008261;"Índice de dependência total (N.º) por Local de residência (NUTS - 2013); Anual - INE, Estimativas anuais da população residente"
30;Região Autónoma da Madeira;49.5;2013;0008261;"Índice de dependência total (N.º) por Local de residência (NUTS - 2013); Anual - INE, Estimativas anuais da população residente"
300;Região Autónoma da Madeira;49.5;2013;0008261;"Índice de dependência total (N.º) por Local de residência (NUTS - 2013); Anual - INE, Estimativas anuais da população residente"
1120303;Braga;49.6;2013;0008261;"Índice de dependência total (N.º) por Local de residência (NUTS - 2013); Anual - INE, Estimativas anuais da população residente"
3003105;Ponta do Sol;49.6;2013;0008261;"Índice de dependência total (N.º) por Local de residência (NUTS - 2013); Anual - INE, Estimativas anuais da população residente"
11C0106;Castelo de Paiva;49.8;2013;0008261;"Índice de dependência total (N.º) por Local de residência (NUTS - 2013); Anual - INE, Estimativas anuais da população residente"
2004301;Angra do Heroísmo;49.9;2013;0008261;"Índice de dependência total (N.º) por Local de residência (NUTS - 2013); Anual - INE, Estimativas anuais da população residente"
3003107;Ribeira Brava;50;2013;0008261;"Índice de dependência total (N.º) por Local de residência (NUTS - 2013); Anual - INE, Estimativas anuais da população residente"
1500801;Albufeira;50.2;2013;0008261;"Índice de dependência total (N.º) por Local de residência (NUTS - 2013); Anual - INE, Estimativas anuais da população residente"
1120302;Barcelos;50.4;2013;0008261;"Índice de dependência total (N.º) por Local de residência (NUTS - 2013); Anual - INE, Estimativas anuais da população residente"
1701502;Alcochete;50.4;2013;0008261;"Índice de dependência total (N.º) por Local de residência (NUTS - 2013); Anual - INE, Estimativas anuais da população residente"
2004202;Nordeste;50.4;2013;0008261;"Índice de dependência total (N.º) por Local de residência (NUTS - 2013); Anual - INE, Estimativas anuais da população residente"
11A1306;Maia;50.5;2013;0008261;"Índice de dependência total (N.º) por Local de residência (NUTS - 2013); Anual - INE, Estimativas anuais da população residente"
11A1318;Trofa;50.6;2013;0008261;"Índice de dependência total (N.º) por Local de residência (NUTS - 2013); Anual - INE, Estimativas anuais da população residente"
11A1315;Valongo;50.7;2013;0008261;"Índice de dependência total (N.º) por Local de residência (NUTS - 2013); Anual - INE, Estimativas anuais da população residente"
2004502;Velas;50.7;2013;0008261;"Índice de dependência total (N.º) por Local de residência (NUTS - 2013); Anual - INE, Estimativas anuais da população residente"
112;Cávado;51;2013;0008261;"Índice de dependência total (N.º) por Local de residência (NUTS - 2013); Anual - INE, Estimativas anuais da população residente"
1701111;Sintra;51;2013;0008261;"Índice de dependência total (N.º) por Local de residência (NUTS - 2013); Anual - INE, Estimativas anuais da população residente"
1190312;Vila Nova de Famalicão;51.3;2013;0008261;"Índice de dependência total (N.º) por Local de residência (NUTS - 2013); Anual - INE, Estimativas anuais da população residente"
2004602;Madalena;51.4;2013;0008261;"Índice de dependência total (N.º) por Local de residência (NUTS - 2013); Anual - INE, Estimativas anuais da população residente"
1701109;Mafra;51.5;2013;0008261;"Índice de dependência total (N.º) por Local de residência (NUTS - 2013); Anual - INE, Estimativas anuais da população residente"
16B1102;Arruda dos Vinhos;51.6;2013;0008261;"Índice de dependência total (N.º) por Local de residência (NUTS - 2013); Anual - INE, Estimativas anuais da população residente"
2004701;Horta;51.7;2013;0008261;"Índice de dependência total (N.º) por Local de residência (NUTS - 2013); Anual - INE, Estimativas anuais da população residente"
1190308;Guimarães;51.9;2013;0008261;"Índice de dependência total (N.º) por Local de residência (NUTS - 2013); Anual - INE, Estimativas anuais da população residente"
1120306;Esposende;52.4;2013;0008261;"Índice de dependência total (N.º) por Local de residência (NUTS - 2013); Anual - INE, Estimativas anuais da população residente"
11A1313;Póvoa de Varzim;52.4;2013;0008261;"Índice de dependência total (N.º) por Local de residência (NUTS - 2013); Anual - INE, Estimativas anuais da população residente"
1851405;Benavente;52.6;2013;0008261;"Índice de dependência total (N.º) por Local de residência (NUTS - 2013); Anual - INE, Estimativas anuais da população residente"
3003103;Funchal;52.6;2013;0008261;"Índice de dependência total (N.º) por Local de residência (NUTS - 2013); Anual - INE, Estimativas anuais da população residente"
2004603;São Roque do Pico;52.7;2013;0008261;"Índice de dependência total (N.º) por Local de residência (NUTS - 2013); Anual - INE, Estimativas anuais da população residente"
119;Ave;52.9;2013;0008261;"Índice de dependência total (N.º) por Local de residência (NUTS - 2013); Anual - INE, Estimativas anuais da população residente"
16B1112;Sobral de Monte Agraço;52.9;2013;0008261;"Índice de dependência total (N.º) por Local de residência (NUTS - 2013); Anual - INE, Estimativas anuais da população residente"
11A1316;Vila do Conde;53;2013;0008261;"Índice de dependência total (N.º) por Local de residência (NUTS - 2013); Anual - INE, Estimativas anuais da população residente"
1701114;Vila Franca de Xira;53.3;2013;0008261;"Índice de dependência total (N.º) por Local de residência (NUTS - 2013); Anual - INE, Estimativas anuais da população residente"
1120301;Amares;53.5;2013;0008261;"Índice de dependência total (N.º) por Local de residência (NUTS - 2013); Anual - INE, Estimativas anuais da população residente"
11C1302;Baião;53.5;2013;0008261;"Índice de dependência total (N.º) por Local de residência (NUTS - 2013); Anual - INE, Estimativas anuais da população residente"
16B1101;Alenquer;53.5;2013;0008261;"Índice de dependência total (N.º) por Local de residência (NUTS - 2013); Anual - INE, Estimativas anuais da população residente"
16D0105;Aveiro;53.7;2013;0008261;"Índice de dependência total (N.º) por Local de residência (NUTS - 2013); Anual - INE, Estimativas anuais da população residente"
1701507;Montijo;53.7;2013;0008261;"Índice de dependência total (N.º) por Local de residência (NUTS - 2013); Anual - INE, Estimativas anuais da população residente"
11A0109;Santa Maria da Feira;53.8;2013;0008261;"Índice de dependência total (N.º) por Local de residência (NUTS - 2013); Anual - INE, Estimativas anuais da população residente"
11A0116;São João da Madeira;53.9;2013;0008261;"Índice de dependência total (N.º) por Local de residência (NUTS - 2013); Anual - INE, Estimativas anuais da população residente"
11A1304;Gondomar;54.2;2013;0008261;"Índice de dependência total (N.º) por Local de residência (NUTS - 2013); Anual - INE, Estimativas anuais da população residente"
1190309;Póvoa de Lanhoso;54.3;2013;0008261;"Índice de dependência total (N.º) por Local de residência (NUTS - 2013); Anual - INE, Estimativas anuais da população residente"
16I1410;Entroncamento;54.3;2013;0008261;"Índice de dependência total (N.º) por Local de residência (NUTS - 2013); Anual - INE, Estimativas anuais da população residente"
16D0115;Ovar;54.4;2013;0008261;"Índice de dependência total (N.º) por Local de residência (NUTS - 2013); Anual - INE, Estimativas anuais da população residente"
1120313;Vila Verde;54.6;2013;0008261;"Índice de dependência total (N.º) por Local de residência (NUTS - 2013); Anual - INE, Estimativas anuais da população residente"
11A1317;Vila Nova de Gaia;54.6;2013;0008261;"Índice de dependência total (N.º) por Local de residência (NUTS - 2013); Anual - INE, Estimativas anuais da população residente"
16D0110;Ílhavo;54.6;2013;0008261;"Índice de dependência total (N.º) por Local de residência (NUTS - 2013); Anual - INE, Estimativas anuais da população residente"
11C1301;Amarante;54.7;2013;0008261;"Índice de dependência total (N.º) por Local de residência (NUTS - 2013); Anual - INE, Estimativas anuais da população residente"
1701508;Palmela;54.7;2013;0008261;"Índice de dependência total (N.º) por Local de residência (NUTS - 2013); Anual - INE, Estimativas anuais da população residente"
11A;Área Metropolitana do Porto;54.8;2013;0008261;"Índice de dependência total (N.º) por Local de residência (NUTS - 2013); Anual - INE, Estimativas anuais da população residente"
1701511;Sesimbra;55.1;2013;0008261;"Índice de dependência total (N.º) por Local de residência (NUTS - 2013); Anual - INE, Estimativas anuais da população residente"
1840204;Barrancos;55.3;2013;0008261;"Índice de dependência total (N.º) por Local de residência (NUTS - 2013); Anual - INE, Estimativas anuais da população residente"
1190304;Cabeceiras de Basto;55.4;2013;0008261;"Índice de dependência total (N.º) por Local de residência (NUTS - 2013); Anual - INE, Estimativas anuais da população residente"
11;Norte;55.8;2013;0008261;"Índice de dependência total (N.º) por Local de residência (NUTS - 2013); Anual - INE, Estimativas anuais da população residente"
16D0102;Albergaria-a-Velha;55.8;2013;0008261;"Índice de dependência total (N.º) por Local de residência (NUTS - 2013); Anual - INE, Estimativas anuais da população residente"
16B1113;Torres Vedras;56.3;2013;0008261;"Índice de dependência total (N.º) por Local de residência (NUTS - 2013); Anual - INE, Estimativas anuais da população residente"
1851103;Azambuja;56.3;2013;0008261;"Índice de dependência total (N.º) por Local de residência (NUTS - 2013); Anual - INE, Estimativas anuais da população residente"
11A0113;Oliveira de Azeméis;56.4;2013;0008261;"Índice de dependência total (N.º) por Local de residência (NUTS - 2013); Anual - INE, Estimativas anuais da população residente"
16E0607;Lousã;56.5;2013;0008261;"Índice de dependência total (N.º) por Local de residência (NUTS - 2013); Anual - INE, Estimativas anuais da população residente"
2004501;Calheta;56.5;2013;0008261;"Índice de dependência total (N.º) por Local de residência (NUTS - 2013); Anual - INE, Estimativas anuais da população residente"
16E0604;Condeixa-a-Nova;56.6;2013;0008261;"Índice de dependência total (N.º) por Local de residência (NUTS - 2013); Anual - INE, Estimativas anuais da população residente"
11C0305;Celorico de Basto;57;2013;0008261;"Índice de dependência total (N.º) por Local de residência (NUTS - 2013); Anual - INE, Estimativas anuais da população residente"
16F1009;Leiria;57;2013;0008261;"Índice de dependência total (N.º) por Local de residência (NUTS - 2013); Anual - INE, Estimativas anuais da população residente"
1190307;Fafe;57.1;2013;0008261;"Índice de dependência total (N.º) por Local de residência (NUTS - 2013); Anual - INE, Estimativas anuais da população residente"
2004401;Santa Cruz da Graciosa;57.1;2013;0008261;"Índice de dependência total (N.º) por Local de residência (NUTS - 2013); Anual - INE, Estimativas anuais da população residente"
1500805;Faro;57.3;2013;0008261;"Índice de dependência total (N.º) por Local de residência (NUTS - 2013); Anual - INE, Estimativas anuais da população residente"
11A1308;Matosinhos;57.4;2013;0008261;"Índice de dependência total (N.º) por Local de residência (NUTS - 2013); Anual - INE, Estimativas anuais da população residente"
11D1714;Vila Real;57.4;2013;0008261;"Índice de dependência total (N.º) por Local de residência (NUTS - 2013); Anual - INE, Estimativas anuais da população residente"
16F1010;Marinha Grande;57.5;2013;0008261;"Índice de dependência total (N.º) por Local de residência (NUTS - 2013); Anual - INE, Estimativas anuais da população residente"
2004601;Lajes do Pico;57.5;2013;0008261;"Índice de dependência total (N.º) por Local de residência (NUTS - 2013); Anual - INE, Estimativas anuais da população residente"
1111607;Ponte de Lima;57.7;2013;0008261;"Índice de dependência total (N.º) por Local de residência (NUTS - 2013); Anual - INE, Estimativas anuais da população residente"
17;Área Metropolitana de Lisboa;57.7;2013;0008261;"Índice de dependência total (N.º) por Local de residência (NUTS - 2013); Anual - INE, Estimativas anuais da população residente"
170;Área Metropolitana de Lisboa;57.7;2013;0008261;"Índice de dependência total (N.º) por Local de residência (NUTS - 2013); Anual - INE, Estimativas anuais da população residente"
16D;Região de Aveiro;57.8;2013;0008261;"Índice de dependência total (N.º) por Local de residência (NUTS - 2013); Anual - INE, Estimativas anuais da população residente"
1701106;Lisboa;58;2013;0008261;"Índice de dependência total (N.º) por Local de residência (NUTS - 2013); Anual - INE, Estimativas anuais da população residente"
16D0114;Oliveira do Bairro;58.2;2013;0008261;"Índice de dependência total (N.º) por Local de residência (NUTS - 2013); Anual - INE, Estimativas anuais da população residente"
3003101;Calheta;58.2;2013;0008261;"Índice de dependência total (N.º) por Local de residência (NUTS - 2013); Anual - INE, Estimativas anuais da população residente"
11A1314;Santo Tirso;58.3;2013;0008261;"Índice de dependência total (N.º) por Local de residência (NUTS - 2013); Anual - INE, Estimativas anuais da população residente"
PT;Portugal;58.5;2013;0008261;"Índice de dependência total (N.º) por Local de residência (NUTS - 2013); Anual - INE, Estimativas anuais da população residente"
16I1408;Constância;58.6;2013;0008261;"Índice de dependência total (N.º) por Local de residência (NUTS - 2013); Anual - INE, Estimativas anuais da população residente"
11D1820;Tarouca;58.8;2013;0008261;"Índice de dependência total (N.º) por Local de residência (NUTS - 2013); Anual - INE, Estimativas anuais da população residente"
1;Continente;59.1;2013;0008261;"Índice de dependência total (N.º) por Local de residência (NUTS - 2013); Anual - INE, Estimativas anuais da população residente"
1840207;Cuba;59.1;2013;0008261;"Índice de dependência total (N.º) por Local de residência (NUTS - 2013); Anual - INE, Estimativas anuais da população residente"
16B;Oeste;59.2;2013;0008261;"Índice de dependência total (N.º) por Local de residência (NUTS - 2013); Anual - INE, Estimativas anuais da população residente"
1851414;Rio Maior;59.2;2013;0008261;"Índice de dependência total (N.º) por Local de residência (NUTS - 2013); Anual - INE, Estimativas anuais da população residente"
16E0609;Miranda do Corvo;59.4;2013;0008261;"Índice de dependência total (N.º) por Local de residência (NUTS - 2013); Anual - INE, Estimativas anuais da população residente"
16G1810;Oliveira de Frades;59.4;2013;0008261;"Índice de dependência total (N.º) por Local de residência (NUTS - 2013); Anual - INE, Estimativas anuais da população residente"
16J0907;Guarda;59.4;2013;0008261;"Índice de dependência total (N.º) por Local de residência (NUTS - 2013); Anual - INE, Estimativas anuais da população residente"
1701105;Cascais;59.4;2013;0008261;"Índice de dependência total (N.º) por Local de residência (NUTS - 2013); Anual - INE, Estimativas anuais da população residente"
1701510;Seixal;59.4;2013;0008261;"Índice de dependência total (N.º) por Local de residência (NUTS - 2013); Anual - INE, Estimativas anuais da população residente"
16D0108;Estarreja;59.5;2013;0008261;"Índice de dependência total (N.º) por Local de residência (NUTS - 2013); Anual - INE, Estimativas anuais da população residente"
16E0617;Vila Nova de Poiares;59.5;2013;0008261;"Índice de dependência total (N.º) por Local de residência (NUTS - 2013); Anual - INE, Estimativas anuais da população residente"
16G1823;Viseu;59.5;2013;0008261;"Índice de dependência total (N.º) por Local de residência (NUTS - 2013); Anual - INE, Estimativas anuais da população residente"
1701116;Odivelas;59.5;2013;0008261;"Índice de dependência total (N.º) por Local de residência (NUTS - 2013); Anual - INE, Estimativas anuais da população residente"
1500811;Portimão;59.6;2013;0008261;"Índice de dependência total (N.º) por Local de residência (NUTS - 2013); Anual - INE, Estimativas anuais da população residente"
16D0118;Vagos;59.6;2013;0008261;"Índice de dependência total (N.º) por Local de residência (NUTS - 2013); Anual - INE, Estimativas anuais da população residente"
1870705;Évora;59.6;2013;0008261;"Índice de dependência total (N.º) por Local de residência (NUTS - 2013); Anual - INE, Estimativas anuais da população residente"
1701506;Moita;59.7;2013;0008261;"Índice de dependência total (N.º) por Local de residência (NUTS - 2013); Anual - INE, Estimativas anuais da população residente"
11C1813;Resende;59.8;2013;0008261;"Índice de dependência total (N.º) por Local de residência (NUTS - 2013); Anual - INE, Estimativas anuais da população residente"
11D1805;Lamego;59.8;2013;0008261;"Índice de dependência total (N.º) por Local de residência (NUTS - 2013); Anual - INE, Estimativas anuais da população residente"
1500806;Lagoa;60;2013;0008261;"Índice de dependência total (N.º) por Local de residência (NUTS - 2013); Anual - INE, Estimativas anuais da população residente"
16F1004;Batalha;60;2013;0008261;"Índice de dependência total (N.º) por Local de residência (NUTS - 2013); Anual - INE, Estimativas anuais da população residente"
3003106;Porto Moniz;60;2013;0008261;"Índice de dependência total (N.º) por Local de residência (NUTS - 2013); Anual - INE, Estimativas anuais da população residente"
11A0104;Arouca;60.1;2013;0008261;"Índice de dependência total (N.º) por Local de residência (NUTS - 2013); Anual - INE, Estimativas anuais da população residente"
16D0112;Murtosa;60.2;2013;0008261;"Índice de dependência total (N.º) por Local de residência (NUTS - 2013); Anual - INE, Estimativas anuais da população residente"
1701115;Amadora;60.3;2013;0008261;"Índice de dependência total (N.º) por Local de residência (NUTS - 2013); Anual - INE, Estimativas anuais da população residente"
1811513;Sines;60.3;2013;0008261;"Índice de dependência total (N.º) por Local de residência (NUTS - 2013); Anual - INE, Estimativas anuais da população residente"
1851406;Cartaxo;60.3;2013;0008261;"Índice de dependência total (N.º) por Local de residência (NUTS - 2013); Anual - INE, Estimativas anuais da população residente"
3003110;São Vicente;60.3;2013;0008261;"Índice de dependência total (N.º) por Local de residência (NUTS - 2013); Anual - INE, Estimativas anuais da população residente"
11A1312;Porto;60.4;2013;0008261;"Índice de dependência total (N.º) por Local de residência (NUTS - 2013); Anual - INE, Estimativas anuais da população residente"
16F1016;Porto de Mós;60.4;2013;0008261;"Índice de dependência total (N.º) por Local de residência (NUTS - 2013); Anual - INE, Estimativas anuais da população residente"
11C1804;Cinfães;60.6;2013;0008261;"Índice de dependência total (N.º) por Local de residência (NUTS - 2013); Anual - INE, Estimativas anuais da população residente"
1840205;Beja;60.6;2013;0008261;"Índice de dependência total (N.º) por Local de residência (NUTS - 2013); Anual - INE, Estimativas anuais da população residente"
1500808;Loulé;60.8;2013;0008261;"Índice de dependência total (N.º) por Local de residência (NUTS - 2013); Anual - INE, Estimativas anuais da população residente"
1500810;Olhão;60.8;2013;0008261;"Índice de dependência total (N.º) por Local de residência (NUTS - 2013); Anual - INE, Estimativas anuais da população residente"
16B1006;Caldas da Rainha;60.8;2013;0008261;"Índice de dependência total (N.º) por Local de residência (NUTS - 2013); Anual - INE, Estimativas anuais da população residente"
15;Algarve;60.9;2013;0008261;"Índice de dependência total (N.º) por Local de residência (NUTS - 2013); Anual - INE, Estimativas anuais da população residente"
150;Algarve;60.9;2013;0008261;"Índice de dependência total (N.º) por Local de residência (NUTS - 2013); Anual - INE, Estimativas anuais da população residente"
16E0111;Mealhada;60.9;2013;0008261;"Índice de dependência total (N.º) por Local de residência (NUTS - 2013); Anual - INE, Estimativas anuais da população residente"
1701107;Loures;60.9;2013;0008261;"Índice de dependência total (N.º) por Local de residência (NUTS - 2013); Anual - INE, Estimativas anuais da população residente"
16B1001;Alcobaça;61;2013;0008261;"Índice de dependência total (N.º) por Local de residência (NUTS - 2013); Anual - INE, Estimativas anuais da população residente"
1861204;Campo Maior;61;2013;0008261;"Índice de dependência total (N.º) por Local de residência (NUTS - 2013); Anual - INE, Estimativas anuais da população residente"
16E0603;Coimbra;61.3;2013;0008261;"Índice de dependência total (N.º) por Local de residência (NUTS - 2013); Anual - INE, Estimativas anuais da população residente"
1701512;Setúbal;61.3;2013;0008261;"Índice de dependência total (N.º) por Local de residência (NUTS - 2013); Anual - INE, Estimativas anuais da população residente"
1111610;Vila Nova de Cerveira;61.4;2013;0008261;"Índice de dependência total (N.º) por Local de residência (NUTS - 2013); Anual - INE, Estimativas anuais da população residente"
11D1704;Mesão Frio;61.4;2013;0008261;"Índice de dependência total (N.º) por Local de residência (NUTS - 2013); Anual - INE, Estimativas anuais da população residente"
16F;Região de Leiria;61.4;2013;0008261;"Índice de dependência total (N.º) por Local de residência (NUTS - 2013); Anual - INE, Estimativas anuais da população residente"
185;Lezíria do Tejo;61.9;2013;0008261;"Índice de dependência total (N.º) por Local de residência (NUTS - 2013); Anual - INE, Estimativas anuais da população residente"
1870713;Viana do Alentejo;61.9;2013;0008261;"Índice de dependência total (N.º) por Local de residência (NUTS - 2013); Anual - INE, Estimativas anuais da população residente"
16B1108;Lourinhã;62;2013;0008261;"Índice de dependência total (N.º) por Local de residência (NUTS - 2013); Anual - INE, Estimativas anuais da população residente"
1701503;Almada;62;2013;0008261;"Índice de dependência total (N.º) por Local de residência (NUTS - 2013); Anual - INE, Estimativas anuais da população residente"
181;Alentejo Litoral;62;2013;0008261;"Índice de dependência total (N.º) por Local de residência (NUTS - 2013); Anual - INE, Estimativas anuais da população residente"
1851403;Almeirim;62.1;2013;0008261;"Índice de dependência total (N.º) por Local de residência (NUTS - 2013); Anual - INE, Estimativas anuais da população residente"
1111609;Viana do Castelo;62.2;2013;0008261;"Índice de dependência total (N.º) por Local de residência (NUTS - 2013); Anual - INE, Estimativas anuais da população residente"
16D0101;Águeda;62.3;2013;0008261;"Índice de dependência total (N.º) por Local de residência (NUTS - 2013); Anual - INE, Estimativas anuais da população residente"
1701110;Oeiras;62.4;2013;0008261;"Índice de dependência total (N.º) por Local de residência (NUTS - 2013); Anual - INE, Estimativas anuais da população residente"
1500807;Lagos;62.5;2013;0008261;"Índice de dependência total (N.º) por Local de residência (NUTS - 2013); Anual - INE, Estimativas anuais da população residente"
16B1012;Óbidos;62.5;2013;0008261;"Índice de dependência total (N.º) por Local de residência (NUTS - 2013); Anual - INE, Estimativas anuais da população residente"
1870714;Vila Viçosa;62.7;2013;0008261;"Índice de dependência total (N.º) por Local de residência (NUTS - 2013); Anual - INE, Estimativas anuais da população residente"
11D1708;Peso da Régua;62.9;2013;0008261;"Índice de dependência total (N.º) por Local de residência (NUTS - 2013); Anual - INE, Estimativas anuais da população residente"
1500813;Silves;63;2013;0008261;"Índice de dependência total (N.º) por Local de residência (NUTS - 2013); Anual - INE, Estimativas anuais da população residente"
1861207;Elvas;63.2;2013;0008261;"Índice de dependência total (N.º) por Local de residência (NUTS - 2013); Anual - INE, Estimativas anuais da população residente"
1840206;Castro Verde;63.3;2013;0008261;"Índice de dependência total (N.º) por Local de residência (NUTS - 2013); Anual - INE, Estimativas anuais da população residente"
16E0610;Montemor-o-Velho;63.4;2013;0008261;"Índice de dependência total (N.º) por Local de residência (NUTS - 2013); Anual - INE, Estimativas anuais da população residente"
16I1421;Ourém;63.4;2013;0008261;"Índice de dependência total (N.º) por Local de residência (NUTS - 2013); Anual - INE, Estimativas anuais da população residente"
1111608;Valença;63.5;2013;0008261;"Índice de dependência total (N.º) por Local de residência (NUTS - 2013); Anual - INE, Estimativas anuais da população residente"
1851415;Salvaterra de Magos;63.5;2013;0008261;"Índice de dependência total (N.º) por Local de residência (NUTS - 2013); Anual - INE, Estimativas anuais da população residente"
11D1815;São João da Pesqueira;63.7;2013;0008261;"Índice de dependência total (N.º) por Local de residência (NUTS - 2013); Anual - INE, Estimativas anuais da população residente"
1851416;Santarém;63.8;2013;0008261;"Índice de dependência total (N.º) por Local de residência (NUTS - 2013); Anual - INE, Estimativas anuais da população residente"
1870710;Redondo;63.8;2013;0008261;"Índice de dependência total (N.º) por Local de residência (NUTS - 2013); Anual - INE, Estimativas anuais da população residente"
1191705;Mondim de Basto;64;2013;0008261;"Índice de dependência total (N.º) por Local de residência (NUTS - 2013); Anual - INE, Estimativas anuais da população residente"
3003109;Santana;64;2013;0008261;"Índice de dependência total (N.º) por Local de residência (NUTS - 2013); Anual - INE, Estimativas anuais da população residente"
1701504;Barreiro;64.2;2013;0008261;"Índice de dependência total (N.º) por Local de residência (NUTS - 2013); Anual - INE, Estimativas anuais da população residente"
16;Centro;64.3;2013;0008261;"Índice de dependência total (N.º) por Local de residência (NUTS - 2013); Anual - INE, Estimativas anuais da população residente"
16B1011;Nazaré;64.3;2013;0008261;"Índice de dependência total (N.º) por Local de residência (NUTS - 2013); Anual - INE, Estimativas anuais da população residente"
16B1005;Bombarral;64.5;2013;0008261;"Índice de dependência total (N.º) por Local de residência (NUTS - 2013); Anual - INE, Estimativas anuais da população residente"
18;Alentejo;64.5;2013;0008261;"Índice de dependência total (N.º) por Local de residência (NUTS - 2013); Anual - INE, Estimativas anuais da população residente"
1870709;Portel;64.5;2013;0008261;"Índice de dependência total (N.º) por Local de residência (NUTS - 2013); Anual - INE, Estimativas anuais da população residente"
1870711;Reguengos de Monsaraz;64.6;2013;0008261;"Índice de dependência total (N.º) por Local de residência (NUTS - 2013); Anual - INE, Estimativas anuais da população residente"
1851412;Golegã;64.7;2013;0008261;"Índice de dependência total (N.º) por Local de residência (NUTS - 2013); Anual - INE, Estimativas anuais da população residente"
187;Alentejo Central;64.7;2013;0008261;"Índice de dependência total (N.º) por Local de residência (NUTS - 2013); Anual - INE, Estimativas anuais da população residente"
1870702;Arraiolos;64.9;2013;0008261;"Índice de dependência total (N.º) por Local de residência (NUTS - 2013); Anual - INE, Estimativas anuais da população residente"
1500812;São Brás de Alportel;65;2013;0008261;"Índice de dependência total (N.º) por Local de residência (NUTS - 2013); Anual - INE, Estimativas anuais da população residente"
16I1420;Vila Nova da Barquinha;65;2013;0008261;"Índice de dependência total (N.º) por Local de residência (NUTS - 2013); Anual - INE, Estimativas anuais da população residente"
11E0402;Bragança;65.3;2013;0008261;"Índice de dependência total (N.º) por Local de residência (NUTS - 2013); Anual - INE, Estimativas anuais da população residente"
1840214;Vidigueira;65.3;2013;0008261;"Índice de dependência total (N.º) por Local de residência (NUTS - 2013); Anual - INE, Estimativas anuais da população residente"
11A0107;Espinho;65.6;2013;0008261;"Índice de dependência total (N.º) por Local de residência (NUTS - 2013); Anual - INE, Estimativas anuais da população residente"
16B1014;Peniche;65.6;2013;0008261;"Índice de dependência total (N.º) por Local de residência (NUTS - 2013); Anual - INE, Estimativas anuais da população residente"
16E;Região de Coimbra;65.6;2013;0008261;"Índice de dependência total (N.º) por Local de residência (NUTS - 2013); Anual - INE, Estimativas anuais da população residente"
11D1801;Armamar;65.9;2013;0008261;"Índice de dependência total (N.º) por Local de residência (NUTS - 2013); Anual - INE, Estimativas anuais da população residente"
1811505;Grândola;66.2;2013;0008261;"Índice de dependência total (N.º) por Local de residência (NUTS - 2013); Anual - INE, Estimativas anuais da população residente"
1500816;Vila Real de Santo António;66.3;2013;0008261;"Índice de dependência total (N.º) por Local de residência (NUTS - 2013); Anual - INE, Estimativas anuais da população residente"
11A0119;Vale de Cambra;66.4;2013;0008261;"Índice de dependência total (N.º) por Local de residência (NUTS - 2013); Anual - INE, Estimativas anuais da população residente"
1500803;Aljezur;66.4;2013;0008261;"Índice de dependência total (N.º) por Local de residência (NUTS - 2013); Anual - INE, Estimativas anuais da população residente"
111;Alto Minho;66.5;2013;0008261;"Índice de dependência total (N.º) por Local de residência (NUTS - 2013); Anual - INE, Estimativas anuais da população residente"
11D;Douro;66.5;2013;0008261;"Índice de dependência total (N.º) por Local de residência (NUTS - 2013); Anual - INE, Estimativas anuais da população residente"
16E0605;Figueira da Foz;66.6;2013;0008261;"Índice de dependência total (N.º) por Local de residência (NUTS - 2013); Anual - INE, Estimativas anuais da população residente"
1120310;Terras de Bouro;66.7;2013;0008261;"Índice de dependência total (N.º) por Local de residência (NUTS - 2013); Anual - INE, Estimativas anuais da população residente"
184;Baixo Alentejo;66.7;2013;0008261;"Índice de dependência total (N.º) por Local de residência (NUTS - 2013); Anual - INE, Estimativas anuais da população residente"
16I1417;Sardoal;66.8;2013;0008261;"Índice de dependência total (N.º) por Local de residência (NUTS - 2013); Anual - INE, Estimativas anuais da população residente"
16E0611;Oliveira do Hospital;67.1;2013;0008261;"Índice de dependência total (N.º) por Local de residência (NUTS - 2013); Anual - INE, Estimativas anuais da população residente"
1840208;Ferreira do Alentejo;67.1;2013;0008261;"Índice de dependência total (N.º) por Local de residência (NUTS - 2013); Anual - INE, Estimativas anuais da população residente"
16I1419;Torres Novas;67.4;2013;0008261;"Índice de dependência total (N.º) por Local de residência (NUTS - 2013); Anual - INE, Estimativas anuais da população residente"
1870704;Estremoz;67.4;2013;0008261;"Índice de dependência total (N.º) por Local de residência (NUTS - 2013); Anual - INE, Estimativas anuais da população residente"
16G;Viseu Dão Lafões;67.5;2013;0008261;"Índice de dependência total (N.º) por Local de residência (NUTS - 2013); Anual - INE, Estimativas anuais da população residente"
1840213;Serpa;67.6;2013;0008261;"Índice de dependência total (N.º) por Local de residência (NUTS - 2013); Anual - INE, Estimativas anuais da população residente"
1851404;Alpiarça;67.6;2013;0008261;"Índice de dependência total (N.º) por Local de residência (NUTS - 2013); Anual - INE, Estimativas anuais da população residente"
16I;Médio Tejo;67.7;2013;0008261;"Índice de dependência total (N.º) por Local de residência (NUTS - 2013); Anual - INE, Estimativas anuais da população residente"
1840203;Alvito;67.7;2013;0008261;"Índice de dependência total (N.º) por Local de residência (NUTS - 2013); Anual - INE, Estimativas anuais da população residente"
16H0502;Castelo Branco;67.8;2013;0008261;"Índice de dependência total (N.º) por Local de residência (NUTS - 2013); Anual - INE, Estimativas anuais da população residente"
1500815;Vila do Bispo;67.9;2013;0008261;"Índice de dependência total (N.º) por Local de residência (NUTS - 2013); Anual - INE, Estimativas anuais da população residente"
1861214;Portalegre;67.9;2013;0008261;"Índice de dependência total (N.º) por Local de residência (NUTS - 2013); Anual - INE, Estimativas anuais da população residente"
1870701;Alandroal;68;2013;0008261;"Índice de dependência total (N.º) por Local de residência (NUTS - 2013); Anual - INE, Estimativas anuais da população residente"
16D0103;Anadia;68.4;2013;0008261;"Índice de dependência total (N.º) por Local de residência (NUTS - 2013); Anual - INE, Estimativas anuais da população residente"
1870703;Borba;68.4;2013;0008261;"Índice de dependência total (N.º) por Local de residência (NUTS - 2013); Anual - INE, Estimativas anuais da população residente"
1111606;Ponte da Barca;68.5;2013;0008261;"Índice de dependência total (N.º) por Local de residência (NUTS - 2013); Anual - INE, Estimativas anuais da população residente"
16I1402;Alcanena;68.5;2013;0008261;"Índice de dependência total (N.º) por Local de residência (NUTS - 2013); Anual - INE, Estimativas anuais da população residente"
16B1104;Cadaval;68.6;2013;0008261;"Índice de dependência total (N.º) por Local de residência (NUTS - 2013); Anual - INE, Estimativas anuais da população residente"
1190311;Vieira do Minho;69;2013;0008261;"Índice de dependência total (N.º) por Local de residência (NUTS - 2013); Anual - INE, Estimativas anuais da população residente"
16D0117;Sever do Vouga;69.2;2013;0008261;"Índice de dependência total (N.º) por Local de residência (NUTS - 2013); Anual - INE, Estimativas anuais da população residente"
16F1015;Pombal;69.2;2013;0008261;"Índice de dependência total (N.º) por Local de residência (NUTS - 2013); Anual - INE, Estimativas anuais da população residente"
1861211;Monforte;69.4;2013;0008261;"Índice de dependência total (N.º) por Local de residência (NUTS - 2013); Anual - INE, Estimativas anuais da população residente"
11D1818;Sernancelhe;69.5;2013;0008261;"Índice de dependência total (N.º) por Local de residência (NUTS - 2013); Anual - INE, Estimativas anuais da população residente"
1840201;Aljustrel;69.6;2013;0008261;"Índice de dependência total (N.º) por Local de residência (NUTS - 2013); Anual - INE, Estimativas anuais da população residente"
1111602;Caminha;69.7;2013;0008261;"Índice de dependência total (N.º) por Local de residência (NUTS - 2013); Anual - INE, Estimativas anuais da população residente"
1861208;Fronteira;69.9;2013;0008261;"Índice de dependência total (N.º) por Local de residência (NUTS - 2013); Anual - INE, Estimativas anuais da população residente"
1870712;Vendas Novas;69.9;2013;0008261;"Índice de dependência total (N.º) por Local de residência (NUTS - 2013); Anual - INE, Estimativas anuais da população residente"
16E0616;Tábua;70.1;2013;0008261;"Índice de dependência total (N.º) por Local de residência (NUTS - 2013); Anual - INE, Estimativas anuais da população residente"
16J0503;Covilhã;70.1;2013;0008261;"Índice de dependência total (N.º) por Local de residência (NUTS - 2013); Anual - INE, Estimativas anuais da população residente"
16E0614;Penela;70.3;2013;0008261;"Índice de dependência total (N.º) por Local de residência (NUTS - 2013); Anual - INE, Estimativas anuais da população residente"
16G1806;Mangualde;70.3;2013;0008261;"Índice de dependência total (N.º) por Local de residência (NUTS - 2013); Anual - INE, Estimativas anuais da população residente"
1111605;Paredes de Coura;70.6;2013;0008261;"Índice de dependência total (N.º) por Local de residência (NUTS - 2013); Anual - INE, Estimativas anuais da população residente"
16I1418;Tomar;70.7;2013;0008261;"Índice de dependência total (N.º) por Local de residência (NUTS - 2013); Anual - INE, Estimativas anuais da população residente"
186;Alto Alentejo;70.8;2013;0008261;"Índice de dependência total (N.º) por Local de residência (NUTS - 2013); Anual - INE, Estimativas anuais da população residente"
1861215;Sousel;70.8;2013;0008261;"Índice de dependência total (N.º) por Local de residência (NUTS - 2013); Anual - INE, Estimativas anuais da população residente"
1870708;Mourão;70.8;2013;0008261;"Índice de dependência total (N.º) por Local de residência (NUTS - 2013); Anual - INE, Estimativas anuais da população residente"
1861202;Arronches;71.3;2013;0008261;"Índice de dependência total (N.º) por Local de residência (NUTS - 2013); Anual - INE, Estimativas anuais da população residente"
1861213;Ponte de Sor;71.3;2013;0008261;"Índice de dependência total (N.º) por Local de residência (NUTS - 2013); Anual - INE, Estimativas anuais da população residente"
1870706;Montemor-o-Novo;71.3;2013;0008261;"Índice de dependência total (N.º) por Local de residência (NUTS - 2013); Anual - INE, Estimativas anuais da população residente"
11D1807;Moimenta da Beira;71.4;2013;0008261;"Índice de dependência total (N.º) por Local de residência (NUTS - 2013); Anual - INE, Estimativas anuais da população residente"
1840210;Moura;71.5;2013;0008261;"Índice de dependência total (N.º) por Local de residência (NUTS - 2013); Anual - INE, Estimativas anuais da população residente"
16I1401;Abrantes;71.7;2013;0008261;"Índice de dependência total (N.º) por Local de residência (NUTS - 2013); Anual - INE, Estimativas anuais da população residente"
1500814;Tavira;71.8;2013;0008261;"Índice de dependência total (N.º) por Local de residência (NUTS - 2013); Anual - INE, Estimativas anuais da população residente"
16G1817;Sátão;71.9;2013;0008261;"Índice de dependência total (N.º) por Local de residência (NUTS - 2013); Anual - INE, Estimativas anuais da população residente"
16E0602;Cantanhede;72.1;2013;0008261;"Índice de dependência total (N.º) por Local de residência (NUTS - 2013); Anual - INE, Estimativas anuais da população residente"
16G1824;Vouzela;72.2;2013;0008261;"Índice de dependência total (N.º) por Local de residência (NUTS - 2013); Anual - INE, Estimativas anuais da população residente"
16G1822;Vila Nova de Paiva;72.5;2013;0008261;"Índice de dependência total (N.º) por Local de residência (NUTS - 2013); Anual - INE, Estimativas anuais da população residente"
1851407;Chamusca;72.5;2013;0008261;"Índice de dependência total (N.º) por Local de residência (NUTS - 2013); Anual - INE, Estimativas anuais da população residente"
16E0608;Mira;72.8;2013;0008261;"Índice de dependência total (N.º) por Local de residência (NUTS - 2013); Anual - INE, Estimativas anuais da população residente"
16G1809;Nelas;72.8;2013;0008261;"Índice de dependência total (N.º) por Local de residência (NUTS - 2013); Anual - INE, Estimativas anuais da população residente"
11B1709;Ribeira de Pena;73;2013;0008261;"Índice de dependência total (N.º) por Local de residência (NUTS - 2013); Anual - INE, Estimativas anuais da população residente"
16F1003;Ansião;73;2013;0008261;"Índice de dependência total (N.º) por Local de residência (NUTS - 2013); Anual - INE, Estimativas anuais da população residente"
11D1819;Tabuaço;73.1;2013;0008261;"Índice de dependência total (N.º) por Local de residência (NUTS - 2013); Anual - INE, Estimativas anuais da população residente"
16I0509;Sertã;73.1;2013;0008261;"Índice de dependência total (N.º) por Local de residência (NUTS - 2013); Anual - INE, Estimativas anuais da população residente"
11D1711;Santa Marta de Penaguião;73.2;2013;0008261;"Índice de dependência total (N.º) por Local de residência (NUTS - 2013); Anual - INE, Estimativas anuais da população residente"
1811509;Santiago do Cacém;73.2;2013;0008261;"Índice de dependência total (N.º) por Local de residência (NUTS - 2013); Anual - INE, Estimativas anuais da população residente"
11D1710;Sabrosa;73.4;2013;0008261;"Índice de dependência total (N.º) por Local de residência (NUTS - 2013); Anual - INE, Estimativas anuais da população residente"
16I1411;Ferreira do Zêzere;73.4;2013;0008261;"Índice de dependência total (N.º) por Local de residência (NUTS - 2013); Anual - INE, Estimativas anuais da população residente"
16E0613;Penacova;73.5;2013;0008261;"Índice de dependência total (N.º) por Local de residência (NUTS - 2013); Anual - INE, Estimativas anuais da população residente"
16G1803;Castro Daire;73.7;2013;0008261;"Índice de dependência total (N.º) por Local de residência (NUTS - 2013); Anual - INE, Estimativas anuais da população residente"
16G1821;Tondela;73.8;2013;0008261;"Índice de dependência total (N.º) por Local de residência (NUTS - 2013); Anual - INE, Estimativas anuais da população residente"
16J0501;Belmonte;74.6;2013;0008261;"Índice de dependência total (N.º) por Local de residência (NUTS - 2013); Anual - INE, Estimativas anuais da população residente"
11D1701;Alijó;74.9;2013;0008261;"Índice de dependência total (N.º) por Local de residência (NUTS - 2013); Anual - INE, Estimativas anuais da população residente"
11D1812;Penedono;75.4;2013;0008261;"Índice de dependência total (N.º) por Local de residência (NUTS - 2013); Anual - INE, Estimativas anuais da população residente"
1840202;Almodôvar;75.8;2013;0008261;"Índice de dependência total (N.º) por Local de residência (NUTS - 2013); Anual - INE, Estimativas anuais da população residente"
16F1013;Pedrógão Grande;75.9;2013;0008261;"Índice de dependência total (N.º) por Local de residência (NUTS - 2013); Anual - INE, Estimativas anuais da população residente"
16G1802;Carregal do Sal;75.9;2013;0008261;"Índice de dependência total (N.º) por Local de residência (NUTS - 2013); Anual - INE, Estimativas anuais da população residente"
16G1816;São Pedro do Sul;76;2013;0008261;"Índice de dependência total (N.º) por Local de residência (NUTS - 2013); Anual - INE, Estimativas anuais da população residente"
16J0504;Fundão;76.1;2013;0008261;"Índice de dependência total (N.º) por Local de residência (NUTS - 2013); Anual - INE, Estimativas anuais da população residente"
11E0407;Mirandela;76.2;2013;0008261;"Índice de dependência total (N.º) por Local de residência (NUTS - 2013); Anual - INE, Estimativas anuais da população residente"
16J;Beiras e Serra da Estrela;76.3;2013;0008261;"Índice de dependência total (N.º) por Local de residência (NUTS - 2013); Anual - INE, Estimativas anuais da população residente"
1500804;Castro Marim;76.4;2013;0008261;"Índice de dependência total (N.º) por Local de residência (NUTS - 2013); Anual - INE, Estimativas anuais da população residente"
16G1814;Santa Comba Dão;76.4;2013;0008261;"Índice de dependência total (N.º) por Local de residência (NUTS - 2013); Anual - INE, Estimativas anuais da população residente"
1811501;Alcácer do Sal;76.4;2013;0008261;"Índice de dependência total (N.º) por Local de residência (NUTS - 2013); Anual - INE, Estimativas anuais da população residente"
11B1703;Chaves;76.8;2013;0008261;"Índice de dependência total (N.º) por Local de residência (NUTS - 2013); Anual - INE, Estimativas anuais da população residente"
1861201;Alter do Chão;77.1;2013;0008261;"Índice de dependência total (N.º) por Local de residência (NUTS - 2013); Anual - INE, Estimativas anuais da população residente"
16E0601;Arganil;77.6;2013;0008261;"Índice de dependência total (N.º) por Local de residência (NUTS - 2013); Anual - INE, Estimativas anuais da população residente"
1861203;Avis;77.6;2013;0008261;"Índice de dependência total (N.º) por Local de residência (NUTS - 2013); Anual - INE, Estimativas anuais da população residente"
16H;Beira Baixa;77.7;2013;0008261;"Índice de dependência total (N.º) por Local de residência (NUTS - 2013); Anual - INE, Estimativas anuais da população residente"
1840212;Ourique;77.7;2013;0008261;"Índice de dependência total (N.º) por Local de residência (NUTS - 2013); Anual - INE, Estimativas anuais da população residente"
1861210;Marvão;77.7;2013;0008261;"Índice de dependência total (N.º) por Local de residência (NUTS - 2013); Anual - INE, Estimativas anuais da população residente"
16F1007;Castanheira de Pêra;77.9;2013;0008261;"Índice de dependência total (N.º) por Local de residência (NUTS - 2013); Anual - INE, Estimativas anuais da população residente"
16E0615;Soure;78.1;2013;0008261;"Índice de dependência total (N.º) por Local de residência (NUTS - 2013); Anual - INE, Estimativas anuais da população residente"
11E;Terras de Trás-os-Montes;78.2;2013;0008261;"Índice de dependência total (N.º) por Local de residência (NUTS - 2013); Anual - INE, Estimativas anuais da população residente"
1851409;Coruche;78.4;2013;0008261;"Índice de dependência total (N.º) por Local de residência (NUTS - 2013); Anual - INE, Estimativas anuais da população residente"
1861205;Castelo de Vide;78.4;2013;0008261;"Índice de dependência total (N.º) por Local de residência (NUTS - 2013); Anual - INE, Estimativas anuais da população residente"
1111604;Monção;79.1;2013;0008261;"Índice de dependência total (N.º) por Local de residência (NUTS - 2013); Anual - INE, Estimativas anuais da população residente"
11B1713;Vila Pouca de Aguiar;79.7;2013;0008261;"Índice de dependência total (N.º) por Local de residência (NUTS - 2013); Anual - INE, Estimativas anuais da população residente"
11E0405;Macedo de Cavaleiros;79.7;2013;0008261;"Índice de dependência total (N.º) por Local de residência (NUTS - 2013); Anual - INE, Estimativas anuais da população residente"
1500809;Monchique;79.8;2013;0008261;"Índice de dependência total (N.º) por Local de residência (NUTS - 2013); Anual - INE, Estimativas anuais da população residente"
11D1707;Murça;80.6;2013;0008261;"Índice de dependência total (N.º) por Local de residência (NUTS - 2013); Anual - INE, Estimativas anuais da população residente"
16J0905;Fornos de Algodres;80.6;2013;0008261;"Índice de dependência total (N.º) por Local de residência (NUTS - 2013); Anual - INE, Estimativas anuais da população residente"
16F1008;Figueiró dos Vinhos;80.9;2013;0008261;"Índice de dependência total (N.º) por Local de residência (NUTS - 2013); Anual - INE, Estimativas anuais da população residente"
16G1811;Penalva do Castelo;81;2013;0008261;"Índice de dependência total (N.º) por Local de residência (NUTS - 2013); Anual - INE, Estimativas anuais da população residente"
16J0912;Seia;81.4;2013;0008261;"Índice de dependência total (N.º) por Local de residência (NUTS - 2013); Anual - INE, Estimativas anuais da população residente"
11E0410;Vila Flor;81.6;2013;0008261;"Índice de dependência total (N.º) por Local de residência (NUTS - 2013); Anual - INE, Estimativas anuais da população residente"
1840209;Mértola;82.2;2013;0008261;"Índice de dependência total (N.º) por Local de residência (NUTS - 2013); Anual - INE, Estimativas anuais da população residente"
11B;Alto Tâmega;82.6;2013;0008261;"Índice de dependência total (N.º) por Local de residência (NUTS - 2013); Anual - INE, Estimativas anuais da população residente"
16E0606;Góis;82.7;2013;0008261;"Índice de dependência total (N.º) por Local de residência (NUTS - 2013); Anual - INE, Estimativas anuais da população residente"
16J0903;Celorico da Beira;82.8;2013;0008261;"Índice de dependência total (N.º) por Local de residência (NUTS - 2013); Anual - INE, Estimativas anuais da população residente"
16F1002;Alvaiázere;83;2013;0008261;"Índice de dependência total (N.º) por Local de residência (NUTS - 2013); Anual - INE, Estimativas anuais da população residente"
1111601;Arcos de Valdevez;83.6;2013;0008261;"Índice de dependência total (N.º) por Local de residência (NUTS - 2013); Anual - INE, Estimativas anuais da população residente"
11D0914;Vila Nova de Foz Côa;83.8;2013;0008261;"Índice de dependência total (N.º) por Local de residência (NUTS - 2013); Anual - INE, Estimativas anuais da população residente"
1861206;Crato;84;2013;0008261;"Índice de dependência total (N.º) por Local de residência (NUTS - 2013); Anual - INE, Estimativas anuais da população residente"
16J0913;Trancoso;84.1;2013;0008261;"Índice de dependência total (N.º) por Local de residência (NUTS - 2013); Anual - INE, Estimativas anuais da população residente"
16E1808;Mortágua;84.3;2013;0008261;"Índice de dependência total (N.º) por Local de residência (NUTS - 2013); Anual - INE, Estimativas anuais da população residente"
16G0901;Aguiar da Beira;84.4;2013;0008261;"Índice de dependência total (N.º) por Local de residência (NUTS - 2013); Anual - INE, Estimativas anuais da população residente"
16J0908;Manteigas;85.7;2013;0008261;"Índice de dependência total (N.º) por Local de residência (NUTS - 2013); Anual - INE, Estimativas anuais da população residente"
11E0401;Alfândega da Fé;86.6;2013;0008261;"Índice de dependência total (N.º) por Local de residência (NUTS - 2013); Anual - INE, Estimativas anuais da população residente"
1870707;Mora;87;2013;0008261;"Índice de dependência total (N.º) por Local de residência (NUTS - 2013); Anual - INE, Estimativas anuais da população residente"
16J0909;Mêda;87.4;2013;0008261;"Índice de dependência total (N.º) por Local de residência (NUTS - 2013); Anual - INE, Estimativas anuais da população residente"
16H0508;Proença-a-Nova;87.9;2013;0008261;"Índice de dependência total (N.º) por Local de residência (NUTS - 2013); Anual - INE, Estimativas anuais da população residente"
11D0403;Carrazeda de Ansiães;89.1;2013;0008261;"Índice de dependência total (N.º) por Local de residência (NUTS - 2013); Anual - INE, Estimativas anuais da população residente"
11E0408;Mogadouro;89.4;2013;0008261;"Índice de dependência total (N.º) por Local de residência (NUTS - 2013); Anual - INE, Estimativas anuais da população residente"
16J0910;Pinhel;89.4;2013;0008261;"Índice de dependência total (N.º) por Local de residência (NUTS - 2013); Anual - INE, Estimativas anuais da população residente"
11B1702;Boticas;89.9;2013;0008261;"Índice de dependência total (N.º) por Local de residência (NUTS - 2013); Anual - INE, Estimativas anuais da população residente"
16J0906;Gouveia;90.1;2013;0008261;"Índice de dependência total (N.º) por Local de residência (NUTS - 2013); Anual - INE, Estimativas anuais da população residente"
16I0510;Vila de Rei;90.6;2013;0008261;"Índice de dependência total (N.º) por Local de residência (NUTS - 2013); Anual - INE, Estimativas anuais da população residente"
11D0404;Freixo de Espada à Cinta;90.9;2013;0008261;"Índice de dependência total (N.º) por Local de residência (NUTS - 2013); Anual - INE, Estimativas anuais da população residente"
16J0904;Figueira de Castelo Rodrigo;91.6;2013;0008261;"Índice de dependência total (N.º) por Local de residência (NUTS - 2013); Anual - INE, Estimativas anuais da população residente"
1861212;Nisa;92;2013;0008261;"Índice de dependência total (N.º) por Local de residência (NUTS - 2013); Anual - INE, Estimativas anuais da população residente"
11B1706;Montalegre;93.6;2013;0008261;"Índice de dependência total (N.º) por Local de residência (NUTS - 2013); Anual - INE, Estimativas anuais da população residente"
11E0406;Miranda do Douro;94;2013;0008261;"Índice de dependência total (N.º) por Local de residência (NUTS - 2013); Anual - INE, Estimativas anuais da população residente"
1861209;Gavião;94.5;2013;0008261;"Índice de dependência total (N.º) por Local de residência (NUTS - 2013); Anual - INE, Estimativas anuais da população residente"
16I1413;Mação;95.9;2013;0008261;"Índice de dependência total (N.º) por Local de residência (NUTS - 2013); Anual - INE, Estimativas anuais da população residente"
11B1712;Valpaços;96.9;2013;0008261;"Índice de dependência total (N.º) por Local de residência (NUTS - 2013); Anual - INE, Estimativas anuais da população residente"
11D0409;Torre de Moncorvo;98.1;2013;0008261;"Índice de dependência total (N.º) por Local de residência (NUTS - 2013); Anual - INE, Estimativas anuais da população residente"
16H0505;Idanha-a-Nova;100.9;2013;0008261;"Índice de dependência total (N.º) por Local de residência (NUTS - 2013); Anual - INE, Estimativas anuais da população residente"
16H0507;Penamacor;101.6;2013;0008261;"Índice de dependência total (N.º) por Local de residência (NUTS - 2013); Anual - INE, Estimativas anuais da população residente"
16J0902;Almeida;102.9;2013;0008261;"Índice de dependência total (N.º) por Local de residência (NUTS - 2013); Anual - INE, Estimativas anuais da população residente"
11E0411;Vimioso;103.4;2013;0008261;"Índice de dependência total (N.º) por Local de residência (NUTS - 2013); Anual - INE, Estimativas anuais da população residente"
1111603;Melgaço;103.5;2013;0008261;"Índice de dependência total (N.º) por Local de residência (NUTS - 2013); Anual - INE, Estimativas anuais da população residente"
16H0506;Oleiros;107;2013;0008261;"Índice de dependência total (N.º) por Local de residência (NUTS - 2013); Anual - INE, Estimativas anuais da população residente"
16E0612;Pampilhosa da Serra;108.4;2013;0008261;"Índice de dependência total (N.º) por Local de residência (NUTS - 2013); Anual - INE, Estimativas anuais da população residente"
16J0911;Sabugal;108.5;2013;0008261;"Índice de dependência total (N.º) por Local de residência (NUTS - 2013); Anual - INE, Estimativas anuais da população residente"
16H0511;Vila Velha de Ródão;108.6;2013;0008261;"Índice de dependência total (N.º) por Local de residência (NUTS - 2013); Anual - INE, Estimativas anuais da população residente"
11E0412;Vinhais;108.9;2013;0008261;"Índice de dependência total (N.º) por Local de residência (NUTS - 2013); Anual - INE, Estimativas anuais da população residente"
1500802;Alcoutim;111.3;2013;0008261;"Índice de dependência total (N.º) por Local de residência (NUTS - 2013); Anual - INE, Estimativas anuais da população residente"
2004201;Lagoa;41.6;2014;0008261;"Índice de dependência total (N.º) por Local de residência (NUTS - 2013); Anual - INE, Estimativas anuais da população residente"
3003108;Santa Cruz;42.2;2014;0008261;"Índice de dependência total (N.º) por Local de residência (NUTS - 2013); Anual - INE, Estimativas anuais da população residente"
2004205;Ribeira Grande;42.3;2014;0008261;"Índice de dependência total (N.º) por Local de residência (NUTS - 2013); Anual - INE, Estimativas anuais da população residente"
3003102;Câmara de Lobos;43.4;2014;0008261;"Índice de dependência total (N.º) por Local de residência (NUTS - 2013); Anual - INE, Estimativas anuais da população residente"
3003201;Porto Santo;43.4;2014;0008261;"Índice de dependência total (N.º) por Local de residência (NUTS - 2013); Anual - INE, Estimativas anuais da população residente"
2004206;Vila Franca do Campo;43.5;2014;0008261;"Índice de dependência total (N.º) por Local de residência (NUTS - 2013); Anual - INE, Estimativas anuais da população residente"
11C1305;Lousada;43.6;2014;0008261;"Índice de dependência total (N.º) por Local de residência (NUTS - 2013); Anual - INE, Estimativas anuais da população residente"
2004203;Ponta Delgada;43.7;2014;0008261;"Índice de dependência total (N.º) por Local de residência (NUTS - 2013); Anual - INE, Estimativas anuais da população residente"
11C1309;Paços de Ferreira;44.1;2014;0008261;"Índice de dependência total (N.º) por Local de residência (NUTS - 2013); Anual - INE, Estimativas anuais da população residente"
2004204;Povoação;45;2014;0008261;"Índice de dependência total (N.º) por Local de residência (NUTS - 2013); Anual - INE, Estimativas anuais da população residente"
11A1310;Paredes;45.3;2014;0008261;"Índice de dependência total (N.º) por Local de residência (NUTS - 2013); Anual - INE, Estimativas anuais da população residente"
2004901;Corvo;46;2014;0008261;"Índice de dependência total (N.º) por Local de residência (NUTS - 2013); Anual - INE, Estimativas anuais da população residente"
2;Região Autónoma dos Açores;46.5;2014;0008261;"Índice de dependência total (N.º) por Local de residência (NUTS - 2013); Anual - INE, Estimativas anuais da população residente"
20;Região Autónoma dos Açores;46.5;2014;0008261;"Índice de dependência total (N.º) por Local de residência (NUTS - 2013); Anual - INE, Estimativas anuais da população residente"
200;Região Autónoma dos Açores;46.5;2014;0008261;"Índice de dependência total (N.º) por Local de residência (NUTS - 2013); Anual - INE, Estimativas anuais da população residente"
11C1307;Marco de Canaveses;46.7;2014;0008261;"Índice de dependência total (N.º) por Local de residência (NUTS - 2013); Anual - INE, Estimativas anuais da população residente"
2004802;Santa Cruz das Flores;47.1;2014;0008261;"Índice de dependência total (N.º) por Local de residência (NUTS - 2013); Anual - INE, Estimativas anuais da população residente"
1190314;Vizela;47.2;2014;0008261;"Índice de dependência total (N.º) por Local de residência (NUTS - 2013); Anual - INE, Estimativas anuais da população residente"
11C1303;Felgueiras;47.6;2014;0008261;"Índice de dependência total (N.º) por Local de residência (NUTS - 2013); Anual - INE, Estimativas anuais da população residente"
11C1311;Penafiel;47.6;2014;0008261;"Índice de dependência total (N.º) por Local de residência (NUTS - 2013); Anual - INE, Estimativas anuais da população residente"
2004801;Lajes das Flores;47.9;2014;0008261;"Índice de dependência total (N.º) por Local de residência (NUTS - 2013); Anual - INE, Estimativas anuais da população residente"
2004101;Vila do Porto;48.1;2014;0008261;"Índice de dependência total (N.º) por Local de residência (NUTS - 2013); Anual - INE, Estimativas anuais da população residente"
11C;Tâmega e Sousa;48.9;2014;0008261;"Índice de dependência total (N.º) por Local de residência (NUTS - 2013); Anual - INE, Estimativas anuais da população residente"
1810211;Odemira;48.9;2014;0008261;"Índice de dependência total (N.º) por Local de residência (NUTS - 2013); Anual - INE, Estimativas anuais da população residente"
3003104;Machico;49.1;2014;0008261;"Índice de dependência total (N.º) por Local de residência (NUTS - 2013); Anual - INE, Estimativas anuais da população residente"
2004302;Vila da Praia da Vitória;49.3;2014;0008261;"Índice de dependência total (N.º) por Local de residência (NUTS - 2013); Anual - INE, Estimativas anuais da população residente"
3;Região Autónoma da Madeira;49.5;2014;0008261;"Índice de dependência total (N.º) por Local de residência (NUTS - 2013); Anual - INE, Estimativas anuais da população residente"
30;Região Autónoma da Madeira;49.5;2014;0008261;"Índice de dependência total (N.º) por Local de residência (NUTS - 2013); Anual - INE, Estimativas anuais da população residente"
300;Região Autónoma da Madeira;49.5;2014;0008261;"Índice de dependência total (N.º) por Local de residência (NUTS - 2013); Anual - INE, Estimativas anuais da população residente"
1120303;Braga;49.6;2014;0008261;"Índice de dependência total (N.º) por Local de residência (NUTS - 2013); Anual - INE, Estimativas anuais da população residente"
3003105;Ponta do Sol;49.6;2014;0008261;"Índice de dependência total (N.º) por Local de residência (NUTS - 2013); Anual - INE, Estimativas anuais da população residente"
11C0106;Castelo de Paiva;49.8;2014;0008261;"Índice de dependência total (N.º) por Local de residência (NUTS - 2013); Anual - INE, Estimativas anuais da população residente"
2004301;Angra do Heroísmo;49.9;2014;0008261;"Índice de dependência total (N.º) por Local de residência (NUTS - 2013); Anual - INE, Estimativas anuais da população residente"
3003107;Ribeira Brava;50;2014;0008261;"Índice de dependência total (N.º) por Local de residência (NUTS - 2013); Anual - INE, Estimativas anuais da população residente"
1500801;Albufeira;50.2;2014;0008261;"Índice de dependência total (N.º) por Local de residência (NUTS - 2013); Anual - INE, Estimativas anuais da população residente"
1120302;Barcelos;50.4;2014;0008261;"Índice de dependência total (N.º) por Local de residência (NUTS - 2013); Anual - INE, Estimativas anuais da população residente"
1701502;Alcochete;50.4;2014;0008261;"Índice de dependência total (N.º) por Local de residência (NUTS - 2013); Anual - INE, Estimativas anuais da população residente"
2004202;Nordeste;50.4;2014;0008261;"Índice de dependência total (N.º) por Local de residência (NUTS - 2013); Anual - INE, Estimativas anuais da população residente"
11A1306;Maia;50.5;2014;0008261;"Índice de dependência total (N.º) por Local de residência (NUTS - 2013); Anual - INE, Estimativas anuais da população residente"
11A1318;Trofa;50.6;2014;0008261;"Índice de dependência total (N.º) por Local de residência (NUTS - 2013); Anual - INE, Estimativas anuais da população residente"
11A1315;Valongo;50.7;2014;0008261;"Índice de dependência total (N.º) por Local de residência (NUTS - 2013); Anual - INE, Estimativas anuais da população residente"
2004502;Velas;50.7;2014;0008261;"Índice de dependência total (N.º) por Local de residência (NUTS - 2013); Anual - INE, Estimativas anuais da população residente"
112;Cávado;51;2014;0008261;"Índice de dependência total (N.º) por Local de residência (NUTS - 2013); Anual - INE, Estimativas anuais da população residente"
1701111;Sintra;51;2014;0008261;"Índice de dependência total (N.º) por Local de residência (NUTS - 2013); Anual - INE, Estimativas anuais da população residente"
1190312;Vila Nova de Famalicão;51.3;2014;0008261;"Índice de dependência total (N.º) por Local de residência (NUTS - 2013); Anual - INE, Estimativas anuais da população residente"
2004602;Madalena;51.4;2014;0008261;"Índice de dependência total (N.º) por Local de residência (NUTS - 2013); Anual - INE, Estimativas anuais da população residente"
1701109;Mafra;51.5;2014;0008261;"Índice de dependência total (N.º) por Local de residência (NUTS - 2013); Anual - INE, Estimativas anuais da população residente"
16B1102;Arruda dos Vinhos;51.6;2014;0008261;"Índice de dependência total (N.º) por Local de residência (NUTS - 2013); Anual - INE, Estimativas anuais da população residente"
2004701;Horta;51.7;2014;0008261;"Índice de dependência total (N.º) por Local de residência (NUTS - 2013); Anual - INE, Estimativas anuais da população residente"
1190308;Guimarães;51.9;2014;0008261;"Índice de dependência total (N.º) por Local de residência (NUTS - 2013); Anual - INE, Estimativas anuais da população residente"
1120306;Esposende;52.4;2014;0008261;"Índice de dependência total (N.º) por Local de residência (NUTS - 2013); Anual - INE, Estimativas anuais da população residente"
11A1313;Póvoa de Varzim;52.4;2014;0008261;"Índice de dependência total (N.º) por Local de residência (NUTS - 2013); Anual - INE, Estimativas anuais da população residente"
1851405;Benavente;52.6;2014;0008261;"Índice de dependência total (N.º) por Local de residência (NUTS - 2013); Anual - INE, Estimativas anuais da população residente"
3003103;Funchal;52.6;2014;0008261;"Índice de dependência total (N.º) por Local de residência (NUTS - 2013); Anual - INE, Estimativas anuais da população residente"
2004603;São Roque do Pico;52.7;2014;0008261;"Índice de dependência total (N.º) por Local de residência (NUTS - 2013); Anual - INE, Estimativas anuais da população residente"
119;Ave;52.9;2014;0008261;"Índice de dependência total (N.º) por Local de residência (NUTS - 2013); Anual - INE, Estimativas anuais da população residente"
16B1112;Sobral de Monte Agraço;52.9;2014;0008261;"Índice de dependência total (N.º) por Local de residência (NUTS - 2013); Anual - INE, Estimativas anuais da população residente"
11A1316;Vila do Conde;53;2014;0008261;"Índice de dependência total (N.º) por Local de residência (NUTS - 2013); Anual - INE, Estimativas anuais da população residente"
1701114;Vila Franca de Xira;53.3;2014;0008261;"Índice de dependência total (N.º) por Local de residência (NUTS - 2013); Anual - INE, Estimativas anuais da população residente"
1120301;Amares;53.5;2014;0008261;"Índice de dependência total (N.º) por Local de residência (NUTS - 2013); Anual - INE, Estimativas anuais da população residente"
11C1302;Baião;53.5;2014;0008261;"Índice de dependência total (N.º) por Local de residência (NUTS - 2013); Anual - INE, Estimativas anuais da população residente"
16B1101;Alenquer;53.5;2014;0008261;"Índice de dependência total (N.º) por Local de residência (NUTS - 2013); Anual - INE, Estimativas anuais da população residente"
16D0105;Aveiro;53.7;2014;0008261;"Índice de dependência total (N.º) por Local de residência (NUTS - 2013); Anual - INE, Estimativas anuais da população residente"
1701507;Montijo;53.7;2014;0008261;"Índice de dependência total (N.º) por Local de residência (NUTS - 2013); Anual - INE, Estimativas anuais da população residente"
11A0109;Santa Maria da Feira;53.8;2014;0008261;"Índice de dependência total (N.º) por Local de residência (NUTS - 2013); Anual - INE, Estimativas anuais da população residente"
11A0116;São João da Madeira;53.9;2014;0008261;"Índice de dependência total (N.º) por Local de residência (NUTS - 2013); Anual - INE, Estimativas anuais da população residente"
11A1304;Gondomar;54.2;2014;0008261;"Índice de dependência total (N.º) por Local de residência (NUTS - 2013); Anual - INE, Estimativas anuais da população residente"
1190309;Póvoa de Lanhoso;54.3;2014;0008261;"Índice de dependência total (N.º) por Local de residência (NUTS - 2013); Anual - INE, Estimativas anuais da população residente"
16I1410;Entroncamento;54.3;2014;0008261;"Índice de dependência total (N.º) por Local de residência (NUTS - 2013); Anual - INE, Estimativas anuais da população residente"
16D0115;Ovar;54.4;2014;0008261;"Índice de dependência total (N.º) por Local de residência (NUTS - 2013); Anual - INE, Estimativas anuais da população residente"
1120313;Vila Verde;54.6;2014;0008261;"Índice de dependência total (N.º) por Local de residência (NUTS - 2013); Anual - INE, Estimativas anuais da população residente"
11A1317;Vila Nova de Gaia;54.6;2014;0008261;"Índice de dependência total (N.º) por Local de residência (NUTS - 2013); Anual - INE, Estimativas anuais da população residente"
16D0110;Ílhavo;54.6;2014;0008261;"Índice de dependência total (N.º) por Local de residência (NUTS - 2013); Anual - INE, Estimativas anuais da população residente"
11C1301;Amarante;54.7;2014;0008261;"Índice de dependência total (N.º) por Local de residência (NUTS - 2013); Anual - INE, Estimativas anuais da população residente"
1701508;Palmela;54.7;2014;0008261;"Índice de dependência total (N.º) por Local de residência (NUTS - 2013); Anual - INE, Estimativas anuais da população residente"
11A;Área Metropolitana do Porto;54.8;2014;0008261;"Índice de dependência total (N.º) por Local de residência (NUTS - 2013); Anual - INE, Estimativas anuais da população residente"
1701511;Sesimbra;55.1;2014;0008261;"Índice de dependência total (N.º) por Local de residência (NUTS - 2013); Anual - INE, Estimativas anuais da população residente"
1840204;Barrancos;55.3;2014;0008261;"Índice de dependência total (N.º) por Local de residência (NUTS - 2013); Anual - INE, Estimativas anuais da população residente"
1190304;Cabeceiras de Basto;55.4;2014;0008261;"Índice de dependência total (N.º) por Local de residência (NUTS - 2013); Anual - INE, Estimativas anuais da população residente"
11;Norte;55.8;2014;0008261;"Índice de dependência total (N.º) por Local de residência (NUTS - 2013); Anual - INE, Estimativas anuais da população residente"
16D0102;Albergaria-a-Velha;55.8;2014;0008261;"Índice de dependência total (N.º) por Local de residência (NUTS - 2013); Anual - INE, Estimativas anuais da população residente"
16B1113;Torres Vedras;56.3;2014;0008261;"Índice de dependência total (N.º) por Local de residência (NUTS - 2013); Anual - INE, Estimativas anuais da população residente"
1851103;Azambuja;56.3;2014;0008261;"Índice de dependência total (N.º) por Local de residência (NUTS - 2013); Anual - INE, Estimativas anuais da população residente"
11A0113;Oliveira de Azeméis;56.4;2014;0008261;"Índice de dependência total (N.º) por Local de residência (NUTS - 2013); Anual - INE, Estimativas anuais da população residente"
16E0607;Lousã;56.5;2014;0008261;"Índice de dependência total (N.º) por Local de residência (NUTS - 2013); Anual - INE, Estimativas anuais da população residente"
2004501;Calheta;56.5;2014;0008261;"Índice de dependência total (N.º) por Local de residência (NUTS - 2013); Anual - INE, Estimativas anuais da população residente"
16E0604;Condeixa-a-Nova;56.6;2014;0008261;"Índice de dependência total (N.º) por Local de residência (NUTS - 2013); Anual - INE, Estimativas anuais da população residente"
11C0305;Celorico de Basto;57;2014;0008261;"Índice de dependência total (N.º) por Local de residência (NUTS - 2013); Anual - INE, Estimativas anuais da população residente"
16F1009;Leiria;57;2014;0008261;"Índice de dependência total (N.º) por Local de residência (NUTS - 2013); Anual - INE, Estimativas anuais da população residente"
1190307;Fafe;57.1;2014;0008261;"Índice de dependência total (N.º) por Local de residência (NUTS - 2013); Anual - INE, Estimativas anuais da população residente"
2004401;Santa Cruz da Graciosa;57.1;2014;0008261;"Índice de dependência total (N.º) por Local de residência (NUTS - 2013); Anual - INE, Estimativas anuais da população residente"
1500805;Faro;57.3;2014;0008261;"Índice de dependência total (N.º) por Local de residência (NUTS - 2013); Anual - INE, Estimativas anuais da população residente"
11A1308;Matosinhos;57.4;2014;0008261;"Índice de dependência total (N.º) por Local de residência (NUTS - 2013); Anual - INE, Estimativas anuais da população residente"
11D1714;Vila Real;57.4;2014;0008261;"Índice de dependência total (N.º) por Local de residência (NUTS - 2013); Anual - INE, Estimativas anuais da população residente"
16F1010;Marinha Grande;57.5;2014;0008261;"Índice de dependência total (N.º) por Local de residência (NUTS - 2013); Anual - INE, Estimativas anuais da população residente"
2004601;Lajes do Pico;57.5;2014;0008261;"Índice de dependência total (N.º) por Local de residência (NUTS - 2013); Anual - INE, Estimativas anuais da população residente"
1111607;Ponte de Lima;57.7;2014;0008261;"Índice de dependência total (N.º) por Local de residência (NUTS - 2013); Anual - INE, Estimativas anuais da população residente"
17;Área Metropolitana de Lisboa;57.7;2014;0008261;"Índice de dependência total (N.º) por Local de residência (NUTS - 2013); Anual - INE, Estimativas anuais da população residente"
170;Área Metropolitana de Lisboa;57.7;2014;0008261;"Índice de dependência total (N.º) por Local de residência (NUTS - 2013); Anual - INE, Estimativas anuais da população residente"
16D;Região de Aveiro;57.8;2014;0008261;"Índice de dependência total (N.º) por Local de residência (NUTS - 2013); Anual - INE, Estimativas anuais da população residente"
1701106;Lisboa;58;2014;0008261;"Índice de dependência total (N.º) por Local de residência (NUTS - 2013); Anual - INE, Estimativas anuais da população residente"
16D0114;Oliveira do Bairro;58.2;2014;0008261;"Índice de dependência total (N.º) por Local de residência (NUTS - 2013); Anual - INE, Estimativas anuais da população residente"
3003101;Calheta;58.2;2014;0008261;"Índice de dependência total (N.º) por Local de residência (NUTS - 2013); Anual - INE, Estimativas anuais da população residente"
11A1314;Santo Tirso;58.3;2014;0008261;"Índice de dependência total (N.º) por Local de residência (NUTS - 2013); Anual - INE, Estimativas anuais da população residente"
PT;Portugal;58.5;2014;0008261;"Índice de dependência total (N.º) por Local de residência (NUTS - 2013); Anual - INE, Estimativas anuais da população residente"
16I1408;Constância;58.6;2014;0008261;"Índice de dependência total (N.º) por Local de residência (NUTS - 2013); Anual - INE, Estimativas anuais da população residente"
11D1820;Tarouca;58.8;2014;0008261;"Índice de dependência total (N.º) por Local de residência (NUTS - 2013); Anual - INE, Estimativas anuais da população residente"
1;Continente;59.1;2014;0008261;"Índice de dependência total (N.º) por Local de residência (NUTS - 2013); Anual - INE, Estimativas anuais da população residente"
1840207;Cuba;59.1;2014;0008261;"Índice de dependência total (N.º) por Local de residência (NUTS - 2013); Anual - INE, Estimativas anuais da população residente"
16B;Oeste;59.2;2014;0008261;"Índice de dependência total (N.º) por Local de residência (NUTS - 2013); Anual - INE, Estimativas anuais da população residente"
1851414;Rio Maior;59.2;2014;0008261;"Índice de dependência total (N.º) por Local de residência (NUTS - 2013); Anual - INE, Estimativas anuais da população residente"
16E0609;Miranda do Corvo;59.4;2014;0008261;"Índice de dependência total (N.º) por Local de residência (NUTS - 2013); Anual - INE, Estimativas anuais da população residente"
16G1810;Oliveira de Frades;59.4;2014;0008261;"Índice de dependência total (N.º) por Local de residência (NUTS - 2013); Anual - INE, Estimativas anuais da população residente"
16J0907;Guarda;59.4;2014;0008261;"Índice de dependência total (N.º) por Local de residência (NUTS - 2013); Anual - INE, Estimativas anuais da população residente"
1701105;Cascais;59.4;2014;0008261;"Índice de dependência total (N.º) por Local de residência (NUTS - 2013); Anual - INE, Estimativas anuais da população residente"
1701510;Seixal;59.4;2014;0008261;"Índice de dependência total (N.º) por Local de residência (NUTS - 2013); Anual - INE, Estimativas anuais da população residente"
16D0108;Estarreja;59.5;2014;0008261;"Índice de dependência total (N.º) por Local de residência (NUTS - 2013); Anual - INE, Estimativas anuais da população residente"
16E0617;Vila Nova de Poiares;59.5;2014;0008261;"Índice de dependência total (N.º) por Local de residência (NUTS - 2013); Anual - INE, Estimativas anuais da população residente"
16G1823;Viseu;59.5;2014;0008261;"Índice de dependência total (N.º) por Local de residência (NUTS - 2013); Anual - INE, Estimativas anuais da população residente"
1701116;Odivelas;59.5;2014;0008261;"Índice de dependência total (N.º) por Local de residência (NUTS - 2013); Anual - INE, Estimativas anuais da população residente"
1500811;Portimão;59.6;2014;0008261;"Índice de dependência total (N.º) por Local de residência (NUTS - 2013); Anual - INE, Estimativas anuais da população residente"
16D0118;Vagos;59.6;2014;0008261;"Índice de dependência total (N.º) por Local de residência (NUTS - 2013); Anual - INE, Estimativas anuais da população residente"
1870705;Évora;59.6;2014;0008261;"Índice de dependência total (N.º) por Local de residência (NUTS - 2013); Anual - INE, Estimativas anuais da população residente"
1701506;Moita;59.7;2014;0008261;"Índice de dependência total (N.º) por Local de residência (NUTS - 2013); Anual - INE, Estimativas anuais da população residente"
11C1813;Resende;59.8;2014;0008261;"Índice de dependência total (N.º) por Local de residência (NUTS - 2013); Anual - INE, Estimativas anuais da população residente"
11D1805;Lamego;59.8;2014;0008261;"Índice de dependência total (N.º) por Local de residência (NUTS - 2013); Anual - INE, Estimativas anuais da população residente"
1500806;Lagoa;60;2014;0008261;"Índice de dependência total (N.º) por Local de residência (NUTS - 2013); Anual - INE, Estimativas anuais da população residente"
16F1004;Batalha;60;2014;0008261;"Índice de dependência total (N.º) por Local de residência (NUTS - 2013); Anual - INE, Estimativas anuais da população residente"
3003106;Porto Moniz;60;2014;0008261;"Índice de dependência total (N.º) por Local de residência (NUTS - 2013); Anual - INE, Estimativas anuais da população residente"
11A0104;Arouca;60.1;2014;0008261;"Índice de dependência total (N.º) por Local de residência (NUTS - 2013); Anual - INE, Estimativas anuais da população residente"
16D0112;Murtosa;60.2;2014;0008261;"Índice de dependência total (N.º) por Local de residência (NUTS - 2013); Anual - INE, Estimativas anuais da população residente"
1701115;Amadora;60.3;2014;0008261;"Índice de dependência total (N.º) por Local de residência (NUTS - 2013); Anual - INE, Estimativas anuais da população residente"
1811513;Sines;60.3;2014;0008261;"Índice de dependência total (N.º) por Local de residência (NUTS - 2013); Anual - INE, Estimativas anuais da população residente"
1851406;Cartaxo;60.3;2014;0008261;"Índice de dependência total (N.º) por Local de residência (NUTS - 2013); Anual - INE, Estimativas anuais da população residente"
3003110;São Vicente;60.3;2014;0008261;"Índice de dependência total (N.º) por Local de residência (NUTS - 2013); Anual - INE, Estimativas anuais da população residente"
11A1312;Porto;60.4;2014;0008261;"Índice de dependência total (N.º) por Local de residência (NUTS - 2013); Anual - INE, Estimativas anuais da população residente"
16F1016;Porto de Mós;60.4;2014;0008261;"Índice de dependência total (N.º) por Local de residência (NUTS - 2013); Anual - INE, Estimativas anuais da população residente"
11C1804;Cinfães;60.6;2014;0008261;"Índice de dependência total (N.º) por Local de residência (NUTS - 2013); Anual - INE, Estimativas anuais da população residente"
1840205;Beja;60.6;2014;0008261;"Índice de dependência total (N.º) por Local de residência (NUTS - 2013); Anual - INE, Estimativas anuais da população residente"
1500808;Loulé;60.8;2014;0008261;"Índice de dependência total (N.º) por Local de residência (NUTS - 2013); Anual - INE, Estimativas anuais da população residente"
1500810;Olhão;60.8;2014;0008261;"Índice de dependência total (N.º) por Local de residência (NUTS - 2013); Anual - INE, Estimativas anuais da população residente"
16B1006;Caldas da Rainha;60.8;2014;0008261;"Índice de dependência total (N.º) por Local de residência (NUTS - 2013); Anual - INE, Estimativas anuais da população residente"
15;Algarve;60.9;2014;0008261;"Índice de dependência total (N.º) por Local de residência (NUTS - 2013); Anual - INE, Estimativas anuais da população residente"
150;Algarve;60.9;2014;0008261;"Índice de dependência total (N.º) por Local de residência (NUTS - 2013); Anual - INE, Estimativas anuais da população residente"
16E0111;Mealhada;60.9;2014;0008261;"Índice de dependência total (N.º) por Local de residência (NUTS - 2013); Anual - INE, Estimativas anuais da população residente"
1701107;Loures;60.9;2014;0008261;"Índice de dependência total (N.º) por Local de residência (NUTS - 2013); Anual - INE, Estimativas anuais da população residente"
16B1001;Alcobaça;61;2014;0008261;"Índice de dependência total (N.º) por Local de residência (NUTS - 2013); Anual - INE, Estimativas anuais da população residente"
1861204;Campo Maior;61;2014;0008261;"Índice de dependência total (N.º) por Local de residência (NUTS - 2013); Anual - INE, Estimativas anuais da população residente"
16E0603;Coimbra;61.3;2014;0008261;"Índice de dependência total (N.º) por Local de residência (NUTS - 2013); Anual - INE, Estimativas anuais da população residente"
1701512;Setúbal;61.3;2014;0008261;"Índice de dependência total (N.º) por Local de residência (NUTS - 2013); Anual - INE, Estimativas anuais da população residente"
1111610;Vila Nova de Cerveira;61.4;2014;0008261;"Índice de dependência total (N.º) por Local de residência (NUTS - 2013); Anual - INE, Estimativas anuais da população residente"
11D1704;Mesão Frio;61.4;2014;0008261;"Índice de dependência total (N.º) por Local de residência (NUTS - 2013); Anual - INE, Estimativas anuais da população residente"
16F;Região de Leiria;61.4;2014;0008261;"Índice de dependência total (N.º) por Local de residência (NUTS - 2013); Anual - INE, Estimativas anuais da população residente"
185;Lezíria do Tejo;61.9;2014;0008261;"Índice de dependência total (N.º) por Local de residência (NUTS - 2013); Anual - INE, Estimativas anuais da população residente"
1870713;Viana do Alentejo;61.9;2014;0008261;"Índice de dependência total (N.º) por Local de residência (NUTS - 2013); Anual - INE, Estimativas anuais da população residente"
16B1108;Lourinhã;62;2014;0008261;"Índice de dependência total (N.º) por Local de residência (NUTS - 2013); Anual - INE, Estimativas anuais da população residente"
1701503;Almada;62;2014;0008261;"Índice de dependência total (N.º) por Local de residência (NUTS - 2013); Anual - INE, Estimativas anuais da população residente"
181;Alentejo Litoral;62;2014;0008261;"Índice de dependência total (N.º) por Local de residência (NUTS - 2013); Anual - INE, Estimativas anuais da população residente"
1851403;Almeirim;62.1;2014;0008261;"Índice de dependência total (N.º) por Local de residência (NUTS - 2013); Anual - INE, Estimativas anuais da população residente"
1111609;Viana do Castelo;62.2;2014;0008261;"Índice de dependência total (N.º) por Local de residência (NUTS - 2013); Anual - INE, Estimativas anuais da população residente"
16D0101;Águeda;62.3;2014;0008261;"Índice de dependência total (N.º) por Local de residência (NUTS - 2013); Anual - INE, Estimativas anuais da população residente"
1701110;Oeiras;62.4;2014;0008261;"Índice de dependência total (N.º) por Local de residência (NUTS - 2013); Anual - INE, Estimativas anuais da população residente"
1500807;Lagos;62.5;2014;0008261;"Índice de dependência total (N.º) por Local de residência (NUTS - 2013); Anual - INE, Estimativas anuais da população residente"
16B1012;Óbidos;62.5;2014;0008261;"Índice de dependência total (N.º) por Local de residência (NUTS - 2013); Anual - INE, Estimativas anuais da população residente"
1870714;Vila Viçosa;62.7;2014;0008261;"Índice de dependência total (N.º) por Local de residência (NUTS - 2013); Anual - INE, Estimativas anuais da população residente"
11D1708;Peso da Régua;62.9;2014;0008261;"Índice de dependência total (N.º) por Local de residência (NUTS - 2013); Anual - INE, Estimativas anuais da população residente"
1500813;Silves;63;2014;0008261;"Índice de dependência total (N.º) por Local de residência (NUTS - 2013); Anual - INE, Estimativas anuais da população residente"
1861207;Elvas;63.2;2014;0008261;"Índice de dependência total (N.º) por Local de residência (NUTS - 2013); Anual - INE, Estimativas anuais da população residente"
1840206;Castro Verde;63.3;2014;0008261;"Índice de dependência total (N.º) por Local de residência (NUTS - 2013); Anual - INE, Estimativas anuais da população residente"
16E0610;Montemor-o-Velho;63.4;2014;0008261;"Índice de dependência total (N.º) por Local de residência (NUTS - 2013); Anual - INE, Estimativas anuais da população residente"
16I1421;Ourém;63.4;2014;0008261;"Índice de dependência total (N.º) por Local de residência (NUTS - 2013); Anual - INE, Estimativas anuais da população residente"
1111608;Valença;63.5;2014;0008261;"Índice de dependência total (N.º) por Local de residência (NUTS - 2013); Anual - INE, Estimativas anuais da população residente"
1851415;Salvaterra de Magos;63.5;2014;0008261;"Índice de dependência total (N.º) por Local de residência (NUTS - 2013); Anual - INE, Estimativas anuais da população residente"
11D1815;São João da Pesqueira;63.7;2014;0008261;"Índice de dependência total (N.º) por Local de residência (NUTS - 2013); Anual - INE, Estimativas anuais da população residente"
1851416;Santarém;63.8;2014;0008261;"Índice de dependência total (N.º) por Local de residência (NUTS - 2013); Anual - INE, Estimativas anuais da população residente"
1870710;Redondo;63.8;2014;0008261;"Índice de dependência total (N.º) por Local de residência (NUTS - 2013); Anual - INE, Estimativas anuais da população residente"
1191705;Mondim de Basto;64;2014;0008261;"Índice de dependência total (N.º) por Local de residência (NUTS - 2013); Anual - INE, Estimativas anuais da população residente"
3003109;Santana;64;2014;0008261;"Índice de dependência total (N.º) por Local de residência (NUTS - 2013); Anual - INE, Estimativas anuais da população residente"
1701504;Barreiro;64.2;2014;0008261;"Índice de dependência total (N.º) por Local de residência (NUTS - 2013); Anual - INE, Estimativas anuais da população residente"
16;Centro;64.3;2014;0008261;"Índice de dependência total (N.º) por Local de residência (NUTS - 2013); Anual - INE, Estimativas anuais da população residente"
16B1011;Nazaré;64.3;2014;0008261;"Índice de dependência total (N.º) por Local de residência (NUTS - 2013); Anual - INE, Estimativas anuais da população residente"
16B1005;Bombarral;64.5;2014;0008261;"Índice de dependência total (N.º) por Local de residência (NUTS - 2013); Anual - INE, Estimativas anuais da população residente"
18;Alentejo;64.5;2014;0008261;"Índice de dependência total (N.º) por Local de residência (NUTS - 2013); Anual - INE, Estimativas anuais da população residente"
1870709;Portel;64.5;2014;0008261;"Índice de dependência total (N.º) por Local de residência (NUTS - 2013); Anual - INE, Estimativas anuais da população residente"
1870711;Reguengos de Monsaraz;64.6;2014;0008261;"Índice de dependência total (N.º) por Local de residência (NUTS - 2013); Anual - INE, Estimativas anuais da população residente"
1851412;Golegã;64.7;2014;0008261;"Índice de dependência total (N.º) por Local de residência (NUTS - 2013); Anual - INE, Estimativas anuais da população residente"
187;Alentejo Central;64.7;2014;0008261;"Índice de dependência total (N.º) por Local de residência (NUTS - 2013); Anual - INE, Estimativas anuais da população residente"
1870702;Arraiolos;64.9;2014;0008261;"Índice de dependência total (N.º) por Local de residência (NUTS - 2013); Anual - INE, Estimativas anuais da população residente"
1500812;São Brás de Alportel;65;2014;0008261;"Índice de dependência total (N.º) por Local de residência (NUTS - 2013); Anual - INE, Estimativas anuais da população residente"
16I1420;Vila Nova da Barquinha;65;2014;0008261;"Índice de dependência total (N.º) por Local de residência (NUTS - 2013); Anual - INE, Estimativas anuais da população residente"
11E0402;Bragança;65.3;2014;0008261;"Índice de dependência total (N.º) por Local de residência (NUTS - 2013); Anual - INE, Estimativas anuais da população residente"
1840214;Vidigueira;65.3;2014;0008261;"Índice de dependência total (N.º) por Local de residência (NUTS - 2013); Anual - INE, Estimativas anuais da população residente"
11A0107;Espinho;65.6;2014;0008261;"Índice de dependência total (N.º) por Local de residência (NUTS - 2013); Anual - INE, Estimativas anuais da população residente"
16B1014;Peniche;65.6;2014;0008261;"Índice de dependência total (N.º) por Local de residência (NUTS - 2013); Anual - INE, Estimativas anuais da população residente"
16E;Região de Coimbra;65.6;2014;0008261;"Índice de dependência total (N.º) por Local de residência (NUTS - 2013); Anual - INE, Estimativas anuais da população residente"
11D1801;Armamar;65.9;2014;0008261;"Índice de dependência total (N.º) por Local de residência (NUTS - 2013); Anual - INE, Estimativas anuais da população residente"
1811505;Grândola;66.2;2014;0008261;"Índice de dependência total (N.º) por Local de residência (NUTS - 2013); Anual - INE, Estimativas anuais da população residente"
1500816;Vila Real de Santo António;66.3;2014;0008261;"Índice de dependência total (N.º) por Local de residência (NUTS - 2013); Anual - INE, Estimativas anuais da população residente"
11A0119;Vale de Cambra;66.4;2014;0008261;"Índice de dependência total (N.º) por Local de residência (NUTS - 2013); Anual - INE, Estimativas anuais da população residente"
1500803;Aljezur;66.4;2014;0008261;"Índice de dependência total (N.º) por Local de residência (NUTS - 2013); Anual - INE, Estimativas anuais da população residente"
111;Alto Minho;66.5;2014;0008261;"Índice de dependência total (N.º) por Local de residência (NUTS - 2013); Anual - INE, Estimativas anuais da população residente"
11D;Douro;66.5;2014;0008261;"Índice de dependência total (N.º) por Local de residência (NUTS - 2013); Anual - INE, Estimativas anuais da população residente"
16E0605;Figueira da Foz;66.6;2014;0008261;"Índice de dependência total (N.º) por Local de residência (NUTS - 2013); Anual - INE, Estimativas anuais da população residente"
1120310;Terras de Bouro;66.7;2014;0008261;"Índice de dependência total (N.º) por Local de residência (NUTS - 2013); Anual - INE, Estimativas anuais da população residente"
184;Baixo Alentejo;66.7;2014;0008261;"Índice de dependência total (N.º) por Local de residência (NUTS - 2013); Anual - INE, Estimativas anuais da população residente"
16I1417;Sardoal;66.8;2014;0008261;"Índice de dependência total (N.º) por Local de residência (NUTS - 2013); Anual - INE, Estimativas anuais da população residente"
16E0611;Oliveira do Hospital;67.1;2014;0008261;"Índice de dependência total (N.º) por Local de residência (NUTS - 2013); Anual - INE, Estimativas anuais da população residente"
1840208;Ferreira do Alentejo;67.1;2014;0008261;"Índice de dependência total (N.º) por Local de residência (NUTS - 2013); Anual - INE, Estimativas anuais da população residente"
16I1419;Torres Novas;67.4;2014;0008261;"Índice de dependência total (N.º) por Local de residência (NUTS - 2013); Anual - INE, Estimativas anuais da população residente"
1870704;Estremoz;67.4;2014;0008261;"Índice de dependência total (N.º) por Local de residência (NUTS - 2013); Anual - INE, Estimativas anuais da população residente"
16G;Viseu Dão Lafões;67.5;2014;0008261;"Índice de dependência total (N.º) por Local de residência (NUTS - 2013); Anual - INE, Estimativas anuais da população residente"
1840213;Serpa;67.6;2014;0008261;"Índice de dependência total (N.º) por Local de residência (NUTS - 2013); Anual - INE, Estimativas anuais da população residente"
1851404;Alpiarça;67.6;2014;0008261;"Índice de dependência total (N.º) por Local de residência (NUTS - 2013); Anual - INE, Estimativas anuais da população residente"
16I;Médio Tejo;67.7;2014;0008261;"Índice de dependência total (N.º) por Local de residência (NUTS - 2013); Anual - INE, Estimativas anuais da população residente"
1840203;Alvito;67.7;2014;0008261;"Índice de dependência total (N.º) por Local de residência (NUTS - 2013); Anual - INE, Estimativas anuais da população residente"
16H0502;Castelo Branco;67.8;2014;0008261;"Índice de dependência total (N.º) por Local de residência (NUTS - 2013); Anual - INE, Estimativas anuais da população residente"
1500815;Vila do Bispo;67.9;2014;0008261;"Índice de dependência total (N.º) por Local de residência (NUTS - 2013); Anual - INE, Estimativas anuais da população residente"
1861214;Portalegre;67.9;2014;0008261;"Índice de dependência total (N.º) por Local de residência (NUTS - 2013); Anual - INE, Estimativas anuais da população residente"
1870701;Alandroal;68;2014;0008261;"Índice de dependência total (N.º) por Local de residência (NUTS - 2013); Anual - INE, Estimativas anuais da população residente"
16D0103;Anadia;68.4;2014;0008261;"Índice de dependência total (N.º) por Local de residência (NUTS - 2013); Anual - INE, Estimativas anuais da população residente"
1870703;Borba;68.4;2014;0008261;"Índice de dependência total (N.º) por Local de residência (NUTS - 2013); Anual - INE, Estimativas anuais da população residente"
1111606;Ponte da Barca;68.5;2014;0008261;"Índice de dependência total (N.º) por Local de residência (NUTS - 2013); Anual - INE, Estimativas anuais da população residente"
16I1402;Alcanena;68.5;2014;0008261;"Índice de dependência total (N.º) por Local de residência (NUTS - 2013); Anual - INE, Estimativas anuais da população residente"
16B1104;Cadaval;68.6;2014;0008261;"Índice de dependência total (N.º) por Local de residência (NUTS - 2013); Anual - INE, Estimativas anuais da população residente"
1190311;Vieira do Minho;69;2014;0008261;"Índice de dependência total (N.º) por Local de residência (NUTS - 2013); Anual - INE, Estimativas anuais da população residente"
16D0117;Sever do Vouga;69.2;2014;0008261;"Índice de dependência total (N.º) por Local de residência (NUTS - 2013); Anual - INE, Estimativas anuais da população residente"
16F1015;Pombal;69.2;2014;0008261;"Índice de dependência total (N.º) por Local de residência (NUTS - 2013); Anual - INE, Estimativas anuais da população residente"
1861211;Monforte;69.4;2014;0008261;"Índice de dependência total (N.º) por Local de residência (NUTS - 2013); Anual - INE, Estimativas anuais da população residente"
11D1818;Sernancelhe;69.5;2014;0008261;"Índice de dependência total (N.º) por Local de residência (NUTS - 2013); Anual - INE, Estimativas anuais da população residente"
1840201;Aljustrel;69.6;2014;0008261;"Índice de dependência total (N.º) por Local de residência (NUTS - 2013); Anual - INE, Estimativas anuais da população residente"
1111602;Caminha;69.7;2014;0008261;"Índice de dependência total (N.º) por Local de residência (NUTS - 2013); Anual - INE, Estimativas anuais da população residente"
1861208;Fronteira;69.9;2014;0008261;"Índice de dependência total (N.º) por Local de residência (NUTS - 2013); Anual - INE, Estimativas anuais da população residente"
1870712;Vendas Novas;69.9;2014;0008261;"Índice de dependência total (N.º) por Local de residência (NUTS - 2013); Anual - INE, Estimativas anuais da população residente"
16E0616;Tábua;70.1;2014;0008261;"Índice de dependência total (N.º) por Local de residência (NUTS - 2013); Anual - INE, Estimativas anuais da população residente"
16J0503;Covilhã;70.1;2014;0008261;"Índice de dependência total (N.º) por Local de residência (NUTS - 2013); Anual - INE, Estimativas anuais da população residente"
16E0614;Penela;70.3;2014;0008261;"Índice de dependência total (N.º) por Local de residência (NUTS - 2013); Anual - INE, Estimativas anuais da população residente"
16G1806;Mangualde;70.3;2014;0008261;"Índice de dependência total (N.º) por Local de residência (NUTS - 2013); Anual - INE, Estimativas anuais da população residente"
1111605;Paredes de Coura;70.6;2014;0008261;"Índice de dependência total (N.º) por Local de residência (NUTS - 2013); Anual - INE, Estimativas anuais da população residente"
16I1418;Tomar;70.7;2014;0008261;"Índice de dependência total (N.º) por Local de residência (NUTS - 2013); Anual - INE, Estimativas anuais da população residente"
186;Alto Alentejo;70.8;2014;0008261;"Índice de dependência total (N.º) por Local de residência (NUTS - 2013); Anual - INE, Estimativas anuais da população residente"
1861215;Sousel;70.8;2014;0008261;"Índice de dependência total (N.º) por Local de residência (NUTS - 2013); Anual - INE, Estimativas anuais da população residente"
1870708;Mourão;70.8;2014;0008261;"Índice de dependência total (N.º) por Local de residência (NUTS - 2013); Anual - INE, Estimativas anuais da população residente"
1861202;Arronches;71.3;2014;0008261;"Índice de dependência total (N.º) por Local de residência (NUTS - 2013); Anual - INE, Estimativas anuais da população residente"
1861213;Ponte de Sor;71.3;2014;0008261;"Índice de dependência total (N.º) por Local de residência (NUTS - 2013); Anual - INE, Estimativas anuais da população residente"
1870706;Montemor-o-Novo;71.3;2014;0008261;"Índice de dependência total (N.º) por Local de residência (NUTS - 2013); Anual - INE, Estimativas anuais da população residente"
11D1807;Moimenta da Beira;71.4;2014;0008261;"Índice de dependência total (N.º) por Local de residência (NUTS - 2013); Anual - INE, Estimativas anuais da população residente"
1840210;Moura;71.5;2014;0008261;"Índice de dependência total (N.º) por Local de residência (NUTS - 2013); Anual - INE, Estimativas anuais da população residente"
16I1401;Abrantes;71.7;2014;0008261;"Índice de dependência total (N.º) por Local de residência (NUTS - 2013); Anual - INE, Estimativas anuais da população residente"
1500814;Tavira;71.8;2014;0008261;"Índice de dependência total (N.º) por Local de residência (NUTS - 2013); Anual - INE, Estimativas anuais da população residente"
16G1817;Sátão;71.9;2014;0008261;"Índice de dependência total (N.º) por Local de residência (NUTS - 2013); Anual - INE, Estimativas anuais da população residente"
16E0602;Cantanhede;72.1;2014;0008261;"Índice de dependência total (N.º) por Local de residência (NUTS - 2013); Anual - INE, Estimativas anuais da população residente"
16G1824;Vouzela;72.2;2014;0008261;"Índice de dependência total (N.º) por Local de residência (NUTS - 2013); Anual - INE, Estimativas anuais da população residente"
16G1822;Vila Nova de Paiva;72.5;2014;0008261;"Índice de dependência total (N.º) por Local de residência (NUTS - 2013); Anual - INE, Estimativas anuais da população residente"
1851407;Chamusca;72.5;2014;0008261;"Índice de dependência total (N.º) por Local de residência (NUTS - 2013); Anual - INE, Estimativas anuais da população residente"
16E0608;Mira;72.8;2014;0008261;"Índice de dependência total (N.º) por Local de residência (NUTS - 2013); Anual - INE, Estimativas anuais da população residente"
16G1809;Nelas;72.8;2014;0008261;"Índice de dependência total (N.º) por Local de residência (NUTS - 2013); Anual - INE, Estimativas anuais da população residente"
11B1709;Ribeira de Pena;73;2014;0008261;"Índice de dependência total (N.º) por Local de residência (NUTS - 2013); Anual - INE, Estimativas anuais da população residente"
16F1003;Ansião;73;2014;0008261;"Índice de dependência total (N.º) por Local de residência (NUTS - 2013); Anual - INE, Estimativas anuais da população residente"
11D1819;Tabuaço;73.1;2014;0008261;"Índice de dependência total (N.º) por Local de residência (NUTS - 2013); Anual - INE, Estimativas anuais da população residente"
16I0509;Sertã;73.1;2014;0008261;"Índice de dependência total (N.º) por Local de residência (NUTS - 2013); Anual - INE, Estimativas anuais da população residente"
11D1711;Santa Marta de Penaguião;73.2;2014;0008261;"Índice de dependência total (N.º) por Local de residência (NUTS - 2013); Anual - INE, Estimativas anuais da população residente"
1811509;Santiago do Cacém;73.2;2014;0008261;"Índice de dependência total (N.º) por Local de residência (NUTS - 2013); Anual - INE, Estimativas anuais da população residente"
11D1710;Sabrosa;73.4;2014;0008261;"Índice de dependência total (N.º) por Local de residência (NUTS - 2013); Anual - INE, Estimativas anuais da população residente"
16I1411;Ferreira do Zêzere;73.4;2014;0008261;"Índice de dependência total (N.º) por Local de residência (NUTS - 2013); Anual - INE, Estimativas anuais da população residente"
16E0613;Penacova;73.5;2014;0008261;"Índice de dependência total (N.º) por Local de residência (NUTS - 2013); Anual - INE, Estimativas anuais da população residente"
16G1803;Castro Daire;73.7;2014;0008261;"Índice de dependência total (N.º) por Local de residência (NUTS - 2013); Anual - INE, Estimativas anuais da população residente"
16G1821;Tondela;73.8;2014;0008261;"Índice de dependência total (N.º) por Local de residência (NUTS - 2013); Anual - INE, Estimativas anuais da população residente"
16J0501;Belmonte;74.6;2014;0008261;"Índice de dependência total (N.º) por Local de residência (NUTS - 2013); Anual - INE, Estimativas anuais da população residente"
11D1701;Alijó;74.9;2014;0008261;"Índice de dependência total (N.º) por Local de residência (NUTS - 2013); Anual - INE, Estimativas anuais da população residente"
11D1812;Penedono;75.4;2014;0008261;"Índice de dependência total (N.º) por Local de residência (NUTS - 2013); Anual - INE, Estimativas anuais da população residente"
1840202;Almodôvar;75.8;2014;0008261;"Índice de dependência total (N.º) por Local de residência (NUTS - 2013); Anual - INE, Estimativas anuais da população residente"
16F1013;Pedrógão Grande;75.9;2014;0008261;"Índice de dependência total (N.º) por Local de residência (NUTS - 2013); Anual - INE, Estimativas anuais da população residente"
16G1802;Carregal do Sal;75.9;2014;0008261;"Índice de dependência total (N.º) por Local de residência (NUTS - 2013); Anual - INE, Estimativas anuais da população residente"
16G1816;São Pedro do Sul;76;2014;0008261;"Índice de dependência total (N.º) por Local de residência (NUTS - 2013); Anual - INE, Estimativas anuais da população residente"
16J0504;Fundão;76.1;2014;0008261;"Índice de dependência total (N.º) por Local de residência (NUTS - 2013); Anual - INE, Estimativas anuais da população residente"
11E0407;Mirandela;76.2;2014;0008261;"Índice de dependência total (N.º) por Local de residência (NUTS - 2013); Anual - INE, Estimativas anuais da população residente"
16J;Beiras e Serra da Estrela;76.3;2014;0008261;"Índice de dependência total (N.º) por Local de residência (NUTS - 2013); Anual - INE, Estimativas anuais da população residente"
1500804;Castro Marim;76.4;2014;0008261;"Índice de dependência total (N.º) por Local de residência (NUTS - 2013); Anual - INE, Estimativas anuais da população residente"
16G1814;Santa Comba Dão;76.4;2014;0008261;"Índice de dependência total (N.º) por Local de residência (NUTS - 2013); Anual - INE, Estimativas anuais da população residente"
1811501;Alcácer do Sal;76.4;2014;0008261;"Índice de dependência total (N.º) por Local de residência (NUTS - 2013); Anual - INE, Estimativas anuais da população residente"
11B1703;Chaves;76.8;2014;0008261;"Índice de dependência total (N.º) por Local de residência (NUTS - 2013); Anual - INE, Estimativas anuais da população residente"
1861201;Alter do Chão;77.1;2014;0008261;"Índice de dependência total (N.º) por Local de residência (NUTS - 2013); Anual - INE, Estimativas anuais da população residente"
16E0601;Arganil;77.6;2014;0008261;"Índice de dependência total (N.º) por Local de residência (NUTS - 2013); Anual - INE, Estimativas anuais da população residente"
1861203;Avis;77.6;2014;0008261;"Índice de dependência total (N.º) por Local de residência (NUTS - 2013); Anual - INE, Estimativas anuais da população residente"
16H;Beira Baixa;77.7;2014;0008261;"Índice de dependência total (N.º) por Local de residência (NUTS - 2013); Anual - INE, Estimativas anuais da população residente"
1840212;Ourique;77.7;2014;0008261;"Índice de dependência total (N.º) por Local de residência (NUTS - 2013); Anual - INE, Estimativas anuais da população residente"
1861210;Marvão;77.7;2014;0008261;"Índice de dependência total (N.º) por Local de residência (NUTS - 2013); Anual - INE, Estimativas anuais da população residente"
16F1007;Castanheira de Pêra;77.9;2014;0008261;"Índice de dependência total (N.º) por Local de residência (NUTS - 2013); Anual - INE, Estimativas anuais da população residente"
16E0615;Soure;78.1;2014;0008261;"Índice de dependência total (N.º) por Local de residência (NUTS - 2013); Anual - INE, Estimativas anuais da população residente"
11E;Terras de Trás-os-Montes;78.2;2014;0008261;"Índice de dependência total (N.º) por Local de residência (NUTS - 2013); Anual - INE, Estimativas anuais da população residente"
1851409;Coruche;78.4;2014;0008261;"Índice de dependência total (N.º) por Local de residência (NUTS - 2013); Anual - INE, Estimativas anuais da população residente"
1861205;Castelo de Vide;78.4;2014;0008261;"Índice de dependência total (N.º) por Local de residência (NUTS - 2013); Anual - INE, Estimativas anuais da população residente"
1111604;Monção;79.1;2014;0008261;"Índice de dependência total (N.º) por Local de residência (NUTS - 2013); Anual - INE, Estimativas anuais da população residente"
11B1713;Vila Pouca de Aguiar;79.7;2014;0008261;"Índice de dependência total (N.º) por Local de residência (NUTS - 2013); Anual - INE, Estimativas anuais da população residente"
11E0405;Macedo de Cavaleiros;79.7;2014;0008261;"Índice de dependência total (N.º) por Local de residência (NUTS - 2013); Anual - INE, Estimativas anuais da população residente"
1500809;Monchique;79.8;2014;0008261;"Índice de dependência total (N.º) por Local de residência (NUTS - 2013); Anual - INE, Estimativas anuais da população residente"
11D1707;Murça;80.6;2014;0008261;"Índice de dependência total (N.º) por Local de residência (NUTS - 2013); Anual - INE, Estimativas anuais da população residente"
16J0905;Fornos de Algodres;80.6;2014;0008261;"Índice de dependência total (N.º) por Local de residência (NUTS - 2013); Anual - INE, Estimativas anuais da população residente"
16F1008;Figueiró dos Vinhos;80.9;2014;0008261;"Índice de dependência total (N.º) por Local de residência (NUTS - 2013); Anual - INE, Estimativas anuais da população residente"
16G1811;Penalva do Castelo;81;2014;0008261;"Índice de dependência total (N.º) por Local de residência (NUTS - 2013); Anual - INE, Estimativas anuais da população residente"
16J0912;Seia;81.4;2014;0008261;"Índice de dependência total (N.º) por Local de residência (NUTS - 2013); Anual - INE, Estimativas anuais da população residente"
11E0410;Vila Flor;81.6;2014;0008261;"Índice de dependência total (N.º) por Local de residência (NUTS - 2013); Anual - INE, Estimativas anuais da população residente"
1840209;Mértola;82.2;2014;0008261;"Índice de dependência total (N.º) por Local de residência (NUTS - 2013); Anual - INE, Estimativas anuais da população residente"
11B;Alto Tâmega;82.6;2014;0008261;"Índice de dependência total (N.º) por Local de residência (NUTS - 2013); Anual - INE, Estimativas anuais da população residente"
16E0606;Góis;82.7;2014;0008261;"Índice de dependência total (N.º) por Local de residência (NUTS - 2013); Anual - INE, Estimativas anuais da população residente"
16J0903;Celorico da Beira;82.8;2014;0008261;"Índice de dependência total (N.º) por Local de residência (NUTS - 2013); Anual - INE, Estimativas anuais da população residente"
16F1002;Alvaiázere;83;2014;0008261;"Índice de dependência total (N.º) por Local de residência (NUTS - 2013); Anual - INE, Estimativas anuais da população residente"
1111601;Arcos de Valdevez;83.6;2014;0008261;"Índice de dependência total (N.º) por Local de residência (NUTS - 2013); Anual - INE, Estimativas anuais da população residente"
11D0914;Vila Nova de Foz Côa;83.8;2014;0008261;"Índice de dependência total (N.º) por Local de residência (NUTS - 2013); Anual - INE, Estimativas anuais da população residente"
1861206;Crato;84;2014;0008261;"Índice de dependência total (N.º) por Local de residência (NUTS - 2013); Anual - INE, Estimativas anuais da população residente"
16J0913;Trancoso;84.1;2014;0008261;"Índice de dependência total (N.º) por Local de residência (NUTS - 2013); Anual - INE, Estimativas anuais da população residente"
16E1808;Mortágua;84.3;2014;0008261;"Índice de dependência total (N.º) por Local de residência (NUTS - 2013); Anual - INE, Estimativas anuais da população residente"
16G0901;Aguiar da Beira;84.4;2014;0008261;"Índice de dependência total (N.º) por Local de residência (NUTS - 2013); Anual - INE, Estimativas anuais da população residente"
16J0908;Manteigas;85.7;2014;0008261;"Índice de dependência total (N.º) por Local de residência (NUTS - 2013); Anual - INE, Estimativas anuais da população residente"
11E0401;Alfândega da Fé;86.6;2014;0008261;"Índice de dependência total (N.º) por Local de residência (NUTS - 2013); Anual - INE, Estimativas anuais da população residente"
1870707;Mora;87;2014;0008261;"Índice de dependência total (N.º) por Local de residência (NUTS - 2013); Anual - INE, Estimativas anuais da população residente"
16J0909;Mêda;87.4;2014;0008261;"Índice de dependência total (N.º) por Local de residência (NUTS - 2013); Anual - INE, Estimativas anuais da população residente"
16H0508;Proença-a-Nova;87.9;2014;0008261;"Índice de dependência total (N.º) por Local de residência (NUTS - 2013); Anual - INE, Estimativas anuais da população residente"
11D0403;Carrazeda de Ansiães;89.1;2014;0008261;"Índice de dependência total (N.º) por Local de residência (NUTS - 2013); Anual - INE, Estimativas anuais da população residente"
11E0408;Mogadouro;89.4;2014;0008261;"Índice de dependência total (N.º) por Local de residência (NUTS - 2013); Anual - INE, Estimativas anuais da população residente"
16J0910;Pinhel;89.4;2014;0008261;"Índice de dependência total (N.º) por Local de residência (NUTS - 2013); Anual - INE, Estimativas anuais da população residente"
11B1702;Boticas;89.9;2014;0008261;"Índice de dependência total (N.º) por Local de residência (NUTS - 2013); Anual - INE, Estimativas anuais da população residente"
16J0906;Gouveia;90.1;2014;0008261;"Índice de dependência total (N.º) por Local de residência (NUTS - 2013); Anual - INE, Estimativas anuais da população residente"
16I0510;Vila de Rei;90.6;2014;0008261;"Índice de dependência total (N.º) por Local de residência (NUTS - 2013); Anual - INE, Estimativas anuais da população residente"
11D0404;Freixo de Espada à Cinta;90.9;2014;0008261;"Índice de dependência total (N.º) por Local de residência (NUTS - 2013); Anual - INE, Estimativas anuais da população residente"
16J0904;Figueira de Castelo Rodrigo;91.6;2014;0008261;"Índice de dependência total (N.º) por Local de residência (NUTS - 2013); Anual - INE, Estimativas anuais da população residente"
1861212;Nisa;92;2014;0008261;"Índice de dependência total (N.º) por Local de residência (NUTS - 2013); Anual - INE, Estimativas anuais da população residente"
11B1706;Montalegre;93.6;2014;0008261;"Índice de dependência total (N.º) por Local de residência (NUTS - 2013); Anual - INE, Estimativas anuais da população residente"
11E0406;Miranda do Douro;94;2014;0008261;"Índice de dependência total (N.º) por Local de residência (NUTS - 2013); Anual - INE, Estimativas anuais da população residente"
1861209;Gavião;94.5;2014;0008261;"Índice de dependência total (N.º) por Local de residência (NUTS - 2013); Anual - INE, Estimativas anuais da população residente"
16I1413;Mação;95.9;2014;0008261;"Índice de dependência total (N.º) por Local de residência (NUTS - 2013); Anual - INE, Estimativas anuais da população residente"
11B1712;Valpaços;96.9;2014;0008261;"Índice de dependência total (N.º) por Local de residência (NUTS - 2013); Anual - INE, Estimativas anuais da população residente"
11D0409;Torre de Moncorvo;98.1;2014;0008261;"Índice de dependência total (N.º) por Local de residência (NUTS - 2013); Anual - INE, Estimativas anuais da população residente"
16H0505;Idanha-a-Nova;100.9;2014;0008261;"Índice de dependência total (N.º) por Local de residência (NUTS - 2013); Anual - INE, Estimativas anuais da população residente"
16H0507;Penamacor;101.6;2014;0008261;"Índice de dependência total (N.º) por Local de residência (NUTS - 2013); Anual - INE, Estimativas anuais da população residente"
16J0902;Almeida;102.9;2014;0008261;"Índice de dependência total (N.º) por Local de residência (NUTS - 2013); Anual - INE, Estimativas anuais da população residente"
11E0411;Vimioso;103.4;2014;0008261;"Índice de dependência total (N.º) por Local de residência (NUTS - 2013); Anual - INE, Estimativas anuais da população residente"
1111603;Melgaço;103.5;2014;0008261;"Índice de dependência total (N.º) por Local de residência (NUTS - 2013); Anual - INE, Estimativas anuais da população residente"
16H0506;Oleiros;107;2014;0008261;"Índice de dependência total (N.º) por Local de residência (NUTS - 2013); Anual - INE, Estimativas anuais da população residente"
16E0612;Pampilhosa da Serra;108.4;2014;0008261;"Índice de dependência total (N.º) por Local de residência (NUTS - 2013); Anual - INE, Estimativas anuais da população residente"
16J0911;Sabugal;108.5;2014;0008261;"Índice de dependência total (N.º) por Local de residência (NUTS - 2013); Anual - INE, Estimativas anuais da população residente"
16H0511;Vila Velha de Ródão;108.6;2014;0008261;"Índice de dependência total (N.º) por Local de residência (NUTS - 2013); Anual - INE, Estimativas anuais da população residente"
11E0412;Vinhais;108.9;2014;0008261;"Índice de dependência total (N.º) por Local de residência (NUTS - 2013); Anual - INE, Estimativas anuais da população residente"
1500802;Alcoutim;111.3;2014;0008261;"Índice de dependência total (N.º) por Local de residência (NUTS - 2013); Anual - INE, Estimativas anuais da população residente"
2004201;Lagoa;41.6;2015;0008261;"Índice de dependência total (N.º) por Local de residência (NUTS - 2013); Anual - INE, Estimativas anuais da população residente"
3003108;Santa Cruz;42.2;2015;0008261;"Índice de dependência total (N.º) por Local de residência (NUTS - 2013); Anual - INE, Estimativas anuais da população residente"
2004205;Ribeira Grande;42.3;2015;0008261;"Índice de dependência total (N.º) por Local de residência (NUTS - 2013); Anual - INE, Estimativas anuais da população residente"
3003102;Câmara de Lobos;43.4;2015;0008261;"Índice de dependência total (N.º) por Local de residência (NUTS - 2013); Anual - INE, Estimativas anuais da população residente"
3003201;Porto Santo;43.4;2015;0008261;"Índice de dependência total (N.º) por Local de residência (NUTS - 2013); Anual - INE, Estimativas anuais da população residente"
2004206;Vila Franca do Campo;43.5;2015;0008261;"Índice de dependência total (N.º) por Local de residência (NUTS - 2013); Anual - INE, Estimativas anuais da população residente"
11C1305;Lousada;43.6;2015;0008261;"Índice de dependência total (N.º) por Local de residência (NUTS - 2013); Anual - INE, Estimativas anuais da população residente"
2004203;Ponta Delgada;43.7;2015;0008261;"Índice de dependência total (N.º) por Local de residência (NUTS - 2013); Anual - INE, Estimativas anuais da população residente"
11C1309;Paços de Ferreira;44.1;2015;0008261;"Índice de dependência total (N.º) por Local de residência (NUTS - 2013); Anual - INE, Estimativas anuais da população residente"
2004204;Povoação;45;2015;0008261;"Índice de dependência total (N.º) por Local de residência (NUTS - 2013); Anual - INE, Estimativas anuais da população residente"
11A1310;Paredes;45.3;2015;0008261;"Índice de dependência total (N.º) por Local de residência (NUTS - 2013); Anual - INE, Estimativas anuais da população residente"
2004901;Corvo;46;2015;0008261;"Índice de dependência total (N.º) por Local de residência (NUTS - 2013); Anual - INE, Estimativas anuais da população residente"
2;Região Autónoma dos Açores;46.5;2015;0008261;"Índice de dependência total (N.º) por Local de residência (NUTS - 2013); Anual - INE, Estimativas anuais da população residente"
20;Região Autónoma dos Açores;46.5;2015;0008261;"Índice de dependência total (N.º) por Local de residência (NUTS - 2013); Anual - INE, Estimativas anuais da população residente"
200;Região Autónoma dos Açores;46.5;2015;0008261;"Índice de dependência total (N.º) por Local de residência (NUTS - 2013); Anual - INE, Estimativas anuais da população residente"
11C1307;Marco de Canaveses;46.7;2015;0008261;"Índice de dependência total (N.º) por Local de residência (NUTS - 2013); Anual - INE, Estimativas anuais da população residente"
2004802;Santa Cruz das Flores;47.1;2015;0008261;"Índice de dependência total (N.º) por Local de residência (NUTS - 2013); Anual - INE, Estimativas anuais da população residente"
1190314;Vizela;47.2;2015;0008261;"Índice de dependência total (N.º) por Local de residência (NUTS - 2013); Anual - INE, Estimativas anuais da população residente"
11C1303;Felgueiras;47.6;2015;0008261;"Índice de dependência total (N.º) por Local de residência (NUTS - 2013); Anual - INE, Estimativas anuais da população residente"
11C1311;Penafiel;47.6;2015;0008261;"Índice de dependência total (N.º) por Local de residência (NUTS - 2013); Anual - INE, Estimativas anuais da população residente"
2004801;Lajes das Flores;47.9;2015;0008261;"Índice de dependência total (N.º) por Local de residência (NUTS - 2013); Anual - INE, Estimativas anuais da população residente"
2004101;Vila do Porto;48.1;2015;0008261;"Índice de dependência total (N.º) por Local de residência (NUTS - 2013); Anual - INE, Estimativas anuais da população residente"
11C;Tâmega e Sousa;48.9;2015;0008261;"Índice de dependência total (N.º) por Local de residência (NUTS - 2013); Anual - INE, Estimativas anuais da população residente"
1810211;Odemira;48.9;2015;0008261;"Índice de dependência total (N.º) por Local de residência (NUTS - 2013); Anual - INE, Estimativas anuais da população residente"
3003104;Machico;49.1;2015;0008261;"Índice de dependência total (N.º) por Local de residência (NUTS - 2013); Anual - INE, Estimativas anuais da população residente"
2004302;Vila da Praia da Vitória;49.3;2015;0008261;"Índice de dependência total (N.º) por Local de residência (NUTS - 2013); Anual - INE, Estimativas anuais da população residente"
3;Região Autónoma da Madeira;49.5;2015;0008261;"Índice de dependência total (N.º) por Local de residência (NUTS - 2013); Anual - INE, Estimativas anuais da população residente"
30;Região Autónoma da Madeira;49.5;2015;0008261;"Índice de dependência total (N.º) por Local de residência (NUTS - 2013); Anual - INE, Estimativas anuais da população residente"
300;Região Autónoma da Madeira;49.5;2015;0008261;"Índice de dependência total (N.º) por Local de residência (NUTS - 2013); Anual - INE, Estimativas anuais da população residente"
1120303;Braga;49.6;2015;0008261;"Índice de dependência total (N.º) por Local de residência (NUTS - 2013); Anual - INE, Estimativas anuais da população residente"
3003105;Ponta do Sol;49.6;2015;0008261;"Índice de dependência total (N.º) por Local de residência (NUTS - 2013); Anual - INE, Estimativas anuais da população residente"
11C0106;Castelo de Paiva;49.8;2015;0008261;"Índice de dependência total (N.º) por Local de residência (NUTS - 2013); Anual - INE, Estimativas anuais da população residente"
2004301;Angra do Heroísmo;49.9;2015;0008261;"Índice de dependência total (N.º) por Local de residência (NUTS - 2013); Anual - INE, Estimativas anuais da população residente"
3003107;Ribeira Brava;50;2015;0008261;"Índice de dependência total (N.º) por Local de residência (NUTS - 2013); Anual - INE, Estimativas anuais da população residente"
1500801;Albufeira;50.2;2015;0008261;"Índice de dependência total (N.º) por Local de residência (NUTS - 2013); Anual - INE, Estimativas anuais da população residente"
1120302;Barcelos;50.4;2015;0008261;"Índice de dependência total (N.º) por Local de residência (NUTS - 2013); Anual - INE, Estimativas anuais da população residente"
1701502;Alcochete;50.4;2015;0008261;"Índice de dependência total (N.º) por Local de residência (NUTS - 2013); Anual - INE, Estimativas anuais da população residente"
2004202;Nordeste;50.4;2015;0008261;"Índice de dependência total (N.º) por Local de residência (NUTS - 2013); Anual - INE, Estimativas anuais da população residente"
11A1306;Maia;50.5;2015;0008261;"Índice de dependência total (N.º) por Local de residência (NUTS - 2013); Anual - INE, Estimativas anuais da população residente"
11A1318;Trofa;50.6;2015;0008261;"Índice de dependência total (N.º) por Local de residência (NUTS - 2013); Anual - INE, Estimativas anuais da população residente"
11A1315;Valongo;50.7;2015;0008261;"Índice de dependência total (N.º) por Local de residência (NUTS - 2013); Anual - INE, Estimativas anuais da população residente"
2004502;Velas;50.7;2015;0008261;"Índice de dependência total (N.º) por Local de residência (NUTS - 2013); Anual - INE, Estimativas anuais da população residente"
112;Cávado;51;2015;0008261;"Índice de dependência total (N.º) por Local de residência (NUTS - 2013); Anual - INE, Estimativas anuais da população residente"
1701111;Sintra;51;2015;0008261;"Índice de dependência total (N.º) por Local de residência (NUTS - 2013); Anual - INE, Estimativas anuais da população residente"
1190312;Vila Nova de Famalicão;51.3;2015;0008261;"Índice de dependência total (N.º) por Local de residência (NUTS - 2013); Anual - INE, Estimativas anuais da população residente"
2004602;Madalena;51.4;2015;0008261;"Índice de dependência total (N.º) por Local de residência (NUTS - 2013); Anual - INE, Estimativas anuais da população residente"
1701109;Mafra;51.5;2015;0008261;"Índice de dependência total (N.º) por Local de residência (NUTS - 2013); Anual - INE, Estimativas anuais da população residente"
16B1102;Arruda dos Vinhos;51.6;2015;0008261;"Índice de dependência total (N.º) por Local de residência (NUTS - 2013); Anual - INE, Estimativas anuais da população residente"
2004701;Horta;51.7;2015;0008261;"Índice de dependência total (N.º) por Local de residência (NUTS - 2013); Anual - INE, Estimativas anuais da população residente"
1190308;Guimarães;51.9;2015;0008261;"Índice de dependência total (N.º) por Local de residência (NUTS - 2013); Anual - INE, Estimativas anuais da população residente"
1120306;Esposende;52.4;2015;0008261;"Índice de dependência total (N.º) por Local de residência (NUTS - 2013); Anual - INE, Estimativas anuais da população residente"
11A1313;Póvoa de Varzim;52.4;2015;0008261;"Índice de dependência total (N.º) por Local de residência (NUTS - 2013); Anual - INE, Estimativas anuais da população residente"
1851405;Benavente;52.6;2015;0008261;"Índice de dependência total (N.º) por Local de residência (NUTS - 2013); Anual - INE, Estimativas anuais da população residente"
3003103;Funchal;52.6;2015;0008261;"Índice de dependência total (N.º) por Local de residência (NUTS - 2013); Anual - INE, Estimativas anuais da população residente"
2004603;São Roque do Pico;52.7;2015;0008261;"Índice de dependência total (N.º) por Local de residência (NUTS - 2013); Anual - INE, Estimativas anuais da população residente"
119;Ave;52.9;2015;0008261;"Índice de dependência total (N.º) por Local de residência (NUTS - 2013); Anual - INE, Estimativas anuais da população residente"
16B1112;Sobral de Monte Agraço;52.9;2015;0008261;"Índice de dependência total (N.º) por Local de residência (NUTS - 2013); Anual - INE, Estimativas anuais da população residente"
11A1316;Vila do Conde;53;2015;0008261;"Índice de dependência total (N.º) por Local de residência (NUTS - 2013); Anual - INE, Estimativas anuais da população residente"
1701114;Vila Franca de Xira;53.3;2015;0008261;"Índice de dependência total (N.º) por Local de residência (NUTS - 2013); Anual - INE, Estimativas anuais da população residente"
1120301;Amares;53.5;2015;0008261;"Índice de dependência total (N.º) por Local de residência (NUTS - 2013); Anual - INE, Estimativas anuais da população residente"
11C1302;Baião;53.5;2015;0008261;"Índice de dependência total (N.º) por Local de residência (NUTS - 2013); Anual - INE, Estimativas anuais da população residente"
16B1101;Alenquer;53.5;2015;0008261;"Índice de dependência total (N.º) por Local de residência (NUTS - 2013); Anual - INE, Estimativas anuais da população residente"
16D0105;Aveiro;53.7;2015;0008261;"Índice de dependência total (N.º) por Local de residência (NUTS - 2013); Anual - INE, Estimativas anuais da população residente"
1701507;Montijo;53.7;2015;0008261;"Índice de dependência total (N.º) por Local de residência (NUTS - 2013); Anual - INE, Estimativas anuais da população residente"
11A0109;Santa Maria da Feira;53.8;2015;0008261;"Índice de dependência total (N.º) por Local de residência (NUTS - 2013); Anual - INE, Estimativas anuais da população residente"
11A0116;São João da Madeira;53.9;2015;0008261;"Índice de dependência total (N.º) por Local de residência (NUTS - 2013); Anual - INE, Estimativas anuais da população residente"
11A1304;Gondomar;54.2;2015;0008261;"Índice de dependência total (N.º) por Local de residência (NUTS - 2013); Anual - INE, Estimativas anuais da população residente"
1190309;Póvoa de Lanhoso;54.3;2015;0008261;"Índice de dependência total (N.º) por Local de residência (NUTS - 2013); Anual - INE, Estimativas anuais da população residente"
16I1410;Entroncamento;54.3;2015;0008261;"Índice de dependência total (N.º) por Local de residência (NUTS - 2013); Anual - INE, Estimativas anuais da população residente"
16D0115;Ovar;54.4;2015;0008261;"Índice de dependência total (N.º) por Local de residência (NUTS - 2013); Anual - INE, Estimativas anuais da população residente"
1120313;Vila Verde;54.6;2015;0008261;"Índice de dependência total (N.º) por Local de residência (NUTS - 2013); Anual - INE, Estimativas anuais da população residente"
11A1317;Vila Nova de Gaia;54.6;2015;0008261;"Índice de dependência total (N.º) por Local de residência (NUTS - 2013); Anual - INE, Estimativas anuais da população residente"
16D0110;Ílhavo;54.6;2015;0008261;"Índice de dependência total (N.º) por Local de residência (NUTS - 2013); Anual - INE, Estimativas anuais da população residente"
11C1301;Amarante;54.7;2015;0008261;"Índice de dependência total (N.º) por Local de residência (NUTS - 2013); Anual - INE, Estimativas anuais da população residente"
1701508;Palmela;54.7;2015;0008261;"Índice de dependência total (N.º) por Local de residência (NUTS - 2013); Anual - INE, Estimativas anuais da população residente"
11A;Área Metropolitana do Porto;54.8;2015;0008261;"Índice de dependência total (N.º) por Local de residência (NUTS - 2013); Anual - INE, Estimativas anuais da população residente"
1701511;Sesimbra;55.1;2015;0008261;"Índice de dependência total (N.º) por Local de residência (NUTS - 2013); Anual - INE, Estimativas anuais da população residente"
1840204;Barrancos;55.3;2015;0008261;"Índice de dependência total (N.º) por Local de residência (NUTS - 2013); Anual - INE, Estimativas anuais da população residente"
1190304;Cabeceiras de Basto;55.4;2015;0008261;"Índice de dependência total (N.º) por Local de residência (NUTS - 2013); Anual - INE, Estimativas anuais da população residente"
11;Norte;55.8;2015;0008261;"Índice de dependência total (N.º) por Local de residência (NUTS - 2013); Anual - INE, Estimativas anuais da população residente"
16D0102;Albergaria-a-Velha;55.8;2015;0008261;"Índice de dependência total (N.º) por Local de residência (NUTS - 2013); Anual - INE, Estimativas anuais da população residente"
16B1113;Torres Vedras;56.3;2015;0008261;"Índice de dependência total (N.º) por Local de residência (NUTS - 2013); Anual - INE, Estimativas anuais da população residente"
1851103;Azambuja;56.3;2015;0008261;"Índice de dependência total (N.º) por Local de residência (NUTS - 2013); Anual - INE, Estimativas anuais da população residente"
11A0113;Oliveira de Azeméis;56.4;2015;0008261;"Índice de dependência total (N.º) por Local de residência (NUTS - 2013); Anual - INE, Estimativas anuais da população residente"
16E0607;Lousã;56.5;2015;0008261;"Índice de dependência total (N.º) por Local de residência (NUTS - 2013); Anual - INE, Estimativas anuais da população residente"
2004501;Calheta;56.5;2015;0008261;"Índice de dependência total (N.º) por Local de residência (NUTS - 2013); Anual - INE, Estimativas anuais da população residente"
16E0604;Condeixa-a-Nova;56.6;2015;0008261;"Índice de dependência total (N.º) por Local de residência (NUTS - 2013); Anual - INE, Estimativas anuais da população residente"
11C0305;Celorico de Basto;57;2015;0008261;"Índice de dependência total (N.º) por Local de residência (NUTS - 2013); Anual - INE, Estimativas anuais da população residente"
16F1009;Leiria;57;2015;0008261;"Índice de dependência total (N.º) por Local de residência (NUTS - 2013); Anual - INE, Estimativas anuais da população residente"
1190307;Fafe;57.1;2015;0008261;"Índice de dependência total (N.º) por Local de residência (NUTS - 2013); Anual - INE, Estimativas anuais da população residente"
2004401;Santa Cruz da Graciosa;57.1;2015;0008261;"Índice de dependência total (N.º) por Local de residência (NUTS - 2013); Anual - INE, Estimativas anuais da população residente"
1500805;Faro;57.3;2015;0008261;"Índice de dependência total (N.º) por Local de residência (NUTS - 2013); Anual - INE, Estimativas anuais da população residente"
11A1308;Matosinhos;57.4;2015;0008261;"Índice de dependência total (N.º) por Local de residência (NUTS - 2013); Anual - INE, Estimativas anuais da população residente"
11D1714;Vila Real;57.4;2015;0008261;"Índice de dependência total (N.º) por Local de residência (NUTS - 2013); Anual - INE, Estimativas anuais da população residente"
16F1010;Marinha Grande;57.5;2015;0008261;"Índice de dependência total (N.º) por Local de residência (NUTS - 2013); Anual - INE, Estimativas anuais da população residente"
2004601;Lajes do Pico;57.5;2015;0008261;"Índice de dependência total (N.º) por Local de residência (NUTS - 2013); Anual - INE, Estimativas anuais da população residente"
1111607;Ponte de Lima;57.7;2015;0008261;"Índice de dependência total (N.º) por Local de residência (NUTS - 2013); Anual - INE, Estimativas anuais da população residente"
17;Área Metropolitana de Lisboa;57.7;2015;0008261;"Índice de dependência total (N.º) por Local de residência (NUTS - 2013); Anual - INE, Estimativas anuais da população residente"
170;Área Metropolitana de Lisboa;57.7;2015;0008261;"Índice de dependência total (N.º) por Local de residência (NUTS - 2013); Anual - INE, Estimativas anuais da população residente"
16D;Região de Aveiro;57.8;2015;0008261;"Índice de dependência total (N.º) por Local de residência (NUTS - 2013); Anual - INE, Estimativas anuais da população residente"
1701106;Lisboa;58;2015;0008261;"Índice de dependência total (N.º) por Local de residência (NUTS - 2013); Anual - INE, Estimativas anuais da população residente"
16D0114;Oliveira do Bairro;58.2;2015;0008261;"Índice de dependência total (N.º) por Local de residência (NUTS - 2013); Anual - INE, Estimativas anuais da população residente"
3003101;Calheta;58.2;2015;0008261;"Índice de dependência total (N.º) por Local de residência (NUTS - 2013); Anual - INE, Estimativas anuais da população residente"
11A1314;Santo Tirso;58.3;2015;0008261;"Índice de dependência total (N.º) por Local de residência (NUTS - 2013); Anual - INE, Estimativas anuais da população residente"
PT;Portugal;58.5;2015;0008261;"Índice de dependência total (N.º) por Local de residência (NUTS - 2013); Anual - INE, Estimativas anuais da população residente"
16I1408;Constância;58.6;2015;0008261;"Índice de dependência total (N.º) por Local de residência (NUTS - 2013); Anual - INE, Estimativas anuais da população residente"
11D1820;Tarouca;58.8;2015;0008261;"Índice de dependência total (N.º) por Local de residência (NUTS - 2013); Anual - INE, Estimativas anuais da população residente"
1;Continente;59.1;2015;0008261;"Índice de dependência total (N.º) por Local de residência (NUTS - 2013); Anual - INE, Estimativas anuais da população residente"
1840207;Cuba;59.1;2015;0008261;"Índice de dependência total (N.º) por Local de residência (NUTS - 2013); Anual - INE, Estimativas anuais da população residente"
16B;Oeste;59.2;2015;0008261;"Índice de dependência total (N.º) por Local de residência (NUTS - 2013); Anual - INE, Estimativas anuais da população residente"
1851414;Rio Maior;59.2;2015;0008261;"Índice de dependência total (N.º) por Local de residência (NUTS - 2013); Anual - INE, Estimativas anuais da população residente"
16E0609;Miranda do Corvo;59.4;2015;0008261;"Índice de dependência total (N.º) por Local de residência (NUTS - 2013); Anual - INE, Estimativas anuais da população residente"
16G1810;Oliveira de Frades;59.4;2015;0008261;"Índice de dependência total (N.º) por Local de residência (NUTS - 2013); Anual - INE, Estimativas anuais da população residente"
16J0907;Guarda;59.4;2015;0008261;"Índice de dependência total (N.º) por Local de residência (NUTS - 2013); Anual - INE, Estimativas anuais da população residente"
1701105;Cascais;59.4;2015;0008261;"Índice de dependência total (N.º) por Local de residência (NUTS - 2013); Anual - INE, Estimativas anuais da população residente"
1701510;Seixal;59.4;2015;0008261;"Índice de dependência total (N.º) por Local de residência (NUTS - 2013); Anual - INE, Estimativas anuais da população residente"
16D0108;Estarreja;59.5;2015;0008261;"Índice de dependência total (N.º) por Local de residência (NUTS - 2013); Anual - INE, Estimativas anuais da população residente"
16E0617;Vila Nova de Poiares;59.5;2015;0008261;"Índice de dependência total (N.º) por Local de residência (NUTS - 2013); Anual - INE, Estimativas anuais da população residente"
16G1823;Viseu;59.5;2015;0008261;"Índice de dependência total (N.º) por Local de residência (NUTS - 2013); Anual - INE, Estimativas anuais da população residente"
1701116;Odivelas;59.5;2015;0008261;"Índice de dependência total (N.º) por Local de residência (NUTS - 2013); Anual - INE, Estimativas anuais da população residente"
1500811;Portimão;59.6;2015;0008261;"Índice de dependência total (N.º) por Local de residência (NUTS - 2013); Anual - INE, Estimativas anuais da população residente"
16D0118;Vagos;59.6;2015;0008261;"Índice de dependência total (N.º) por Local de residência (NUTS - 2013); Anual - INE, Estimativas anuais da população residente"
1870705;Évora;59.6;2015;0008261;"Índice de dependência total (N.º) por Local de residência (NUTS - 2013); Anual - INE, Estimativas anuais da população residente"
1701506;Moita;59.7;2015;0008261;"Índice de dependência total (N.º) por Local de residência (NUTS - 2013); Anual - INE, Estimativas anuais da população residente"
11C1813;Resende;59.8;2015;0008261;"Índice de dependência total (N.º) por Local de residência (NUTS - 2013); Anual - INE, Estimativas anuais da população residente"
11D1805;Lamego;59.8;2015;0008261;"Índice de dependência total (N.º) por Local de residência (NUTS - 2013); Anual - INE, Estimativas anuais da população residente"
1500806;Lagoa;60;2015;0008261;"Índice de dependência total (N.º) por Local de residência (NUTS - 2013); Anual - INE, Estimativas anuais da população residente"
16F1004;Batalha;60;2015;0008261;"Índice de dependência total (N.º) por Local de residência (NUTS - 2013); Anual - INE, Estimativas anuais da população residente"
3003106;Porto Moniz;60;2015;0008261;"Índice de dependência total (N.º) por Local de residência (NUTS - 2013); Anual - INE, Estimativas anuais da população residente"
11A0104;Arouca;60.1;2015;0008261;"Índice de dependência total (N.º) por Local de residência (NUTS - 2013); Anual - INE, Estimativas anuais da população residente"
16D0112;Murtosa;60.2;2015;0008261;"Índice de dependência total (N.º) por Local de residência (NUTS - 2013); Anual - INE, Estimativas anuais da população residente"
1701115;Amadora;60.3;2015;0008261;"Índice de dependência total (N.º) por Local de residência (NUTS - 2013); Anual - INE, Estimativas anuais da população residente"
1811513;Sines;60.3;2015;0008261;"Índice de dependência total (N.º) por Local de residência (NUTS - 2013); Anual - INE, Estimativas anuais da população residente"
1851406;Cartaxo;60.3;2015;0008261;"Índice de dependência total (N.º) por Local de residência (NUTS - 2013); Anual - INE, Estimativas anuais da população residente"
3003110;São Vicente;60.3;2015;0008261;"Índice de dependência total (N.º) por Local de residência (NUTS - 2013); Anual - INE, Estimativas anuais da população residente"
11A1312;Porto;60.4;2015;0008261;"Índice de dependência total (N.º) por Local de residência (NUTS - 2013); Anual - INE, Estimativas anuais da população residente"
16F1016;Porto de Mós;60.4;2015;0008261;"Índice de dependência total (N.º) por Local de residência (NUTS - 2013); Anual - INE, Estimativas anuais da população residente"
11C1804;Cinfães;60.6;2015;0008261;"Índice de dependência total (N.º) por Local de residência (NUTS - 2013); Anual - INE, Estimativas anuais da população residente"
1840205;Beja;60.6;2015;0008261;"Índice de dependência total (N.º) por Local de residência (NUTS - 2013); Anual - INE, Estimativas anuais da população residente"
1500808;Loulé;60.8;2015;0008261;"Índice de dependência total (N.º) por Local de residência (NUTS - 2013); Anual - INE, Estimativas anuais da população residente"
1500810;Olhão;60.8;2015;0008261;"Índice de dependência total (N.º) por Local de residência (NUTS - 2013); Anual - INE, Estimativas anuais da população residente"
16B1006;Caldas da Rainha;60.8;2015;0008261;"Índice de dependência total (N.º) por Local de residência (NUTS - 2013); Anual - INE, Estimativas anuais da população residente"
15;Algarve;60.9;2015;0008261;"Índice de dependência total (N.º) por Local de residência (NUTS - 2013); Anual - INE, Estimativas anuais da população residente"
150;Algarve;60.9;2015;0008261;"Índice de dependência total (N.º) por Local de residência (NUTS - 2013); Anual - INE, Estimativas anuais da população residente"
16E0111;Mealhada;60.9;2015;0008261;"Índice de dependência total (N.º) por Local de residência (NUTS - 2013); Anual - INE, Estimativas anuais da população residente"
1701107;Loures;60.9;2015;0008261;"Índice de dependência total (N.º) por Local de residência (NUTS - 2013); Anual - INE, Estimativas anuais da população residente"
16B1001;Alcobaça;61;2015;0008261;"Índice de dependência total (N.º) por Local de residência (NUTS - 2013); Anual - INE, Estimativas anuais da população residente"
1861204;Campo Maior;61;2015;0008261;"Índice de dependência total (N.º) por Local de residência (NUTS - 2013); Anual - INE, Estimativas anuais da população residente"
16E0603;Coimbra;61.3;2015;0008261;"Índice de dependência total (N.º) por Local de residência (NUTS - 2013); Anual - INE, Estimativas anuais da população residente"
1701512;Setúbal;61.3;2015;0008261;"Índice de dependência total (N.º) por Local de residência (NUTS - 2013); Anual - INE, Estimativas anuais da população residente"
1111610;Vila Nova de Cerveira;61.4;2015;0008261;"Índice de dependência total (N.º) por Local de residência (NUTS - 2013); Anual - INE, Estimativas anuais da população residente"
11D1704;Mesão Frio;61.4;2015;0008261;"Índice de dependência total (N.º) por Local de residência (NUTS - 2013); Anual - INE, Estimativas anuais da população residente"
16F;Região de Leiria;61.4;2015;0008261;"Índice de dependência total (N.º) por Local de residência (NUTS - 2013); Anual - INE, Estimativas anuais da população residente"
185;Lezíria do Tejo;61.9;2015;0008261;"Índice de dependência total (N.º) por Local de residência (NUTS - 2013); Anual - INE, Estimativas anuais da população residente"
1870713;Viana do Alentejo;61.9;2015;0008261;"Índice de dependência total (N.º) por Local de residência (NUTS - 2013); Anual - INE, Estimativas anuais da população residente"
16B1108;Lourinhã;62;2015;0008261;"Índice de dependência total (N.º) por Local de residência (NUTS - 2013); Anual - INE, Estimativas anuais da população residente"
1701503;Almada;62;2015;0008261;"Índice de dependência total (N.º) por Local de residência (NUTS - 2013); Anual - INE, Estimativas anuais da população residente"
181;Alentejo Litoral;62;2015;0008261;"Índice de dependência total (N.º) por Local de residência (NUTS - 2013); Anual - INE, Estimativas anuais da população residente"
1851403;Almeirim;62.1;2015;0008261;"Índice de dependência total (N.º) por Local de residência (NUTS - 2013); Anual - INE, Estimativas anuais da população residente"
1111609;Viana do Castelo;62.2;2015;0008261;"Índice de dependência total (N.º) por Local de residência (NUTS - 2013); Anual - INE, Estimativas anuais da população residente"
16D0101;Águeda;62.3;2015;0008261;"Índice de dependência total (N.º) por Local de residência (NUTS - 2013); Anual - INE, Estimativas anuais da população residente"
1701110;Oeiras;62.4;2015;0008261;"Índice de dependência total (N.º) por Local de residência (NUTS - 2013); Anual - INE, Estimativas anuais da população residente"
1500807;Lagos;62.5;2015;0008261;"Índice de dependência total (N.º) por Local de residência (NUTS - 2013); Anual - INE, Estimativas anuais da população residente"
16B1012;Óbidos;62.5;2015;0008261;"Índice de dependência total (N.º) por Local de residência (NUTS - 2013); Anual - INE, Estimativas anuais da população residente"
1870714;Vila Viçosa;62.7;2015;0008261;"Índice de dependência total (N.º) por Local de residência (NUTS - 2013); Anual - INE, Estimativas anuais da população residente"
11D1708;Peso da Régua;62.9;2015;0008261;"Índice de dependência total (N.º) por Local de residência (NUTS - 2013); Anual - INE, Estimativas anuais da população residente"
1500813;Silves;63;2015;0008261;"Índice de dependência total (N.º) por Local de residência (NUTS - 2013); Anual - INE, Estimativas anuais da população residente"
1861207;Elvas;63.2;2015;0008261;"Índice de dependência total (N.º) por Local de residência (NUTS - 2013); Anual - INE, Estimativas anuais da população residente"
1840206;Castro Verde;63.3;2015;0008261;"Índice de dependência total (N.º) por Local de residência (NUTS - 2013); Anual - INE, Estimativas anuais da população residente"
16E0610;Montemor-o-Velho;63.4;2015;0008261;"Índice de dependência total (N.º) por Local de residência (NUTS - 2013); Anual - INE, Estimativas anuais da população residente"
16I1421;Ourém;63.4;2015;0008261;"Índice de dependência total (N.º) por Local de residência (NUTS - 2013); Anual - INE, Estimativas anuais da população residente"
1111608;Valença;63.5;2015;0008261;"Índice de dependência total (N.º) por Local de residência (NUTS - 2013); Anual - INE, Estimativas anuais da população residente"
1851415;Salvaterra de Magos;63.5;2015;0008261;"Índice de dependência total (N.º) por Local de residência (NUTS - 2013); Anual - INE, Estimativas anuais da população residente"
11D1815;São João da Pesqueira;63.7;2015;0008261;"Índice de dependência total (N.º) por Local de residência (NUTS - 2013); Anual - INE, Estimativas anuais da população residente"
1851416;Santarém;63.8;2015;0008261;"Índice de dependência total (N.º) por Local de residência (NUTS - 2013); Anual - INE, Estimativas anuais da população residente"
1870710;Redondo;63.8;2015;0008261;"Índice de dependência total (N.º) por Local de residência (NUTS - 2013); Anual - INE, Estimativas anuais da população residente"
1191705;Mondim de Basto;64;2015;0008261;"Índice de dependência total (N.º) por Local de residência (NUTS - 2013); Anual - INE, Estimativas anuais da população residente"
3003109;Santana;64;2015;0008261;"Índice de dependência total (N.º) por Local de residência (NUTS - 2013); Anual - INE, Estimativas anuais da população residente"
1701504;Barreiro;64.2;2015;0008261;"Índice de dependência total (N.º) por Local de residência (NUTS - 2013); Anual - INE, Estimativas anuais da população residente"
16;Centro;64.3;2015;0008261;"Índice de dependência total (N.º) por Local de residência (NUTS - 2013); Anual - INE, Estimativas anuais da população residente"
16B1011;Nazaré;64.3;2015;0008261;"Índice de dependência total (N.º) por Local de residência (NUTS - 2013); Anual - INE, Estimativas anuais da população residente"
16B1005;Bombarral;64.5;2015;0008261;"Índice de dependência total (N.º) por Local de residência (NUTS - 2013); Anual - INE, Estimativas anuais da população residente"
18;Alentejo;64.5;2015;0008261;"Índice de dependência total (N.º) por Local de residência (NUTS - 2013); Anual - INE, Estimativas anuais da população residente"
1870709;Portel;64.5;2015;0008261;"Índice de dependência total (N.º) por Local de residência (NUTS - 2013); Anual - INE, Estimativas anuais da população residente"
1870711;Reguengos de Monsaraz;64.6;2015;0008261;"Índice de dependência total (N.º) por Local de residência (NUTS - 2013); Anual - INE, Estimativas anuais da população residente"
1851412;Golegã;64.7;2015;0008261;"Índice de dependência total (N.º) por Local de residência (NUTS - 2013); Anual - INE, Estimativas anuais da população residente"
187;Alentejo Central;64.7;2015;0008261;"Índice de dependência total (N.º) por Local de residência (NUTS - 2013); Anual - INE, Estimativas anuais da população residente"
1870702;Arraiolos;64.9;2015;0008261;"Índice de dependência total (N.º) por Local de residência (NUTS - 2013); Anual - INE, Estimativas anuais da população residente"
1500812;São Brás de Alportel;65;2015;0008261;"Índice de dependência total (N.º) por Local de residência (NUTS - 2013); Anual - INE, Estimativas anuais da população residente"
16I1420;Vila Nova da Barquinha;65;2015;0008261;"Índice de dependência total (N.º) por Local de residência (NUTS - 2013); Anual - INE, Estimativas anuais da população residente"
11E0402;Bragança;65.3;2015;0008261;"Índice de dependência total (N.º) por Local de residência (NUTS - 2013); Anual - INE, Estimativas anuais da população residente"
1840214;Vidigueira;65.3;2015;0008261;"Índice de dependência total (N.º) por Local de residência (NUTS - 2013); Anual - INE, Estimativas anuais da população residente"
11A0107;Espinho;65.6;2015;0008261;"Índice de dependência total (N.º) por Local de residência (NUTS - 2013); Anual - INE, Estimativas anuais da população residente"
16B1014;Peniche;65.6;2015;0008261;"Índice de dependência total (N.º) por Local de residência (NUTS - 2013); Anual - INE, Estimativas anuais da população residente"
16E;Região de Coimbra;65.6;2015;0008261;"Índice de dependência total (N.º) por Local de residência (NUTS - 2013); Anual - INE, Estimativas anuais da população residente"
11D1801;Armamar;65.9;2015;0008261;"Índice de dependência total (N.º) por Local de residência (NUTS - 2013); Anual - INE, Estimativas anuais da população residente"
1811505;Grândola;66.2;2015;0008261;"Índice de dependência total (N.º) por Local de residência (NUTS - 2013); Anual - INE, Estimativas anuais da população residente"
1500816;Vila Real de Santo António;66.3;2015;0008261;"Índice de dependência total (N.º) por Local de residência (NUTS - 2013); Anual - INE, Estimativas anuais da população residente"
11A0119;Vale de Cambra;66.4;2015;0008261;"Índice de dependência total (N.º) por Local de residência (NUTS - 2013); Anual - INE, Estimativas anuais da população residente"
1500803;Aljezur;66.4;2015;0008261;"Índice de dependência total (N.º) por Local de residência (NUTS - 2013); Anual - INE, Estimativas anuais da população residente"
111;Alto Minho;66.5;2015;0008261;"Índice de dependência total (N.º) por Local de residência (NUTS - 2013); Anual - INE, Estimativas anuais da população residente"
11D;Douro;66.5;2015;0008261;"Índice de dependência total (N.º) por Local de residência (NUTS - 2013); Anual - INE, Estimativas anuais da população residente"
16E0605;Figueira da Foz;66.6;2015;0008261;"Índice de dependência total (N.º) por Local de residência (NUTS - 2013); Anual - INE, Estimativas anuais da população residente"
1120310;Terras de Bouro;66.7;2015;0008261;"Índice de dependência total (N.º) por Local de residência (NUTS - 2013); Anual - INE, Estimativas anuais da população residente"
184;Baixo Alentejo;66.7;2015;0008261;"Índice de dependência total (N.º) por Local de residência (NUTS - 2013); Anual - INE, Estimativas anuais da população residente"
16I1417;Sardoal;66.8;2015;0008261;"Índice de dependência total (N.º) por Local de residência (NUTS - 2013); Anual - INE, Estimativas anuais da população residente"
16E0611;Oliveira do Hospital;67.1;2015;0008261;"Índice de dependência total (N.º) por Local de residência (NUTS - 2013); Anual - INE, Estimativas anuais da população residente"
1840208;Ferreira do Alentejo;67.1;2015;0008261;"Índice de dependência total (N.º) por Local de residência (NUTS - 2013); Anual - INE, Estimativas anuais da população residente"
16I1419;Torres Novas;67.4;2015;0008261;"Índice de dependência total (N.º) por Local de residência (NUTS - 2013); Anual - INE, Estimativas anuais da população residente"
1870704;Estremoz;67.4;2015;0008261;"Índice de dependência total (N.º) por Local de residência (NUTS - 2013); Anual - INE, Estimativas anuais da população residente"
16G;Viseu Dão Lafões;67.5;2015;0008261;"Índice de dependência total (N.º) por Local de residência (NUTS - 2013); Anual - INE, Estimativas anuais da população residente"
1840213;Serpa;67.6;2015;0008261;"Índice de dependência total (N.º) por Local de residência (NUTS - 2013); Anual - INE, Estimativas anuais da população residente"
1851404;Alpiarça;67.6;2015;0008261;"Índice de dependência total (N.º) por Local de residência (NUTS - 2013); Anual - INE, Estimativas anuais da população residente"
16I;Médio Tejo;67.7;2015;0008261;"Índice de dependência total (N.º) por Local de residência (NUTS - 2013); Anual - INE, Estimativas anuais da população residente"
1840203;Alvito;67.7;2015;0008261;"Índice de dependência total (N.º) por Local de residência (NUTS - 2013); Anual - INE, Estimativas anuais da população residente"
16H0502;Castelo Branco;67.8;2015;0008261;"Índice de dependência total (N.º) por Local de residência (NUTS - 2013); Anual - INE, Estimativas anuais da população residente"
1500815;Vila do Bispo;67.9;2015;0008261;"Índice de dependência total (N.º) por Local de residência (NUTS - 2013); Anual - INE, Estimativas anuais da população residente"
1861214;Portalegre;67.9;2015;0008261;"Índice de dependência total (N.º) por Local de residência (NUTS - 2013); Anual - INE, Estimativas anuais da população residente"
1870701;Alandroal;68;2015;0008261;"Índice de dependência total (N.º) por Local de residência (NUTS - 2013); Anual - INE, Estimativas anuais da população residente"
16D0103;Anadia;68.4;2015;0008261;"Índice de dependência total (N.º) por Local de residência (NUTS - 2013); Anual - INE, Estimativas anuais da população residente"
1870703;Borba;68.4;2015;0008261;"Índice de dependência total (N.º) por Local de residência (NUTS - 2013); Anual - INE, Estimativas anuais da população residente"
1111606;Ponte da Barca;68.5;2015;0008261;"Índice de dependência total (N.º) por Local de residência (NUTS - 2013); Anual - INE, Estimativas anuais da população residente"
16I1402;Alcanena;68.5;2015;0008261;"Índice de dependência total (N.º) por Local de residência (NUTS - 2013); Anual - INE, Estimativas anuais da população residente"
16B1104;Cadaval;68.6;2015;0008261;"Índice de dependência total (N.º) por Local de residência (NUTS - 2013); Anual - INE, Estimativas anuais da população residente"
1190311;Vieira do Minho;69;2015;0008261;"Índice de dependência total (N.º) por Local de residência (NUTS - 2013); Anual - INE, Estimativas anuais da população residente"
16D0117;Sever do Vouga;69.2;2015;0008261;"Índice de dependência total (N.º) por Local de residência (NUTS - 2013); Anual - INE, Estimativas anuais da população residente"
16F1015;Pombal;69.2;2015;0008261;"Índice de dependência total (N.º) por Local de residência (NUTS - 2013); Anual - INE, Estimativas anuais da população residente"
1861211;Monforte;69.4;2015;0008261;"Índice de dependência total (N.º) por Local de residência (NUTS - 2013); Anual - INE, Estimativas anuais da população residente"
11D1818;Sernancelhe;69.5;2015;0008261;"Índice de dependência total (N.º) por Local de residência (NUTS - 2013); Anual - INE, Estimativas anuais da população residente"
1840201;Aljustrel;69.6;2015;0008261;"Índice de dependência total (N.º) por Local de residência (NUTS - 2013); Anual - INE, Estimativas anuais da população residente"
1111602;Caminha;69.7;2015;0008261;"Índice de dependência total (N.º) por Local de residência (NUTS - 2013); Anual - INE, Estimativas anuais da população residente"
1861208;Fronteira;69.9;2015;0008261;"Índice de dependência total (N.º) por Local de residência (NUTS - 2013); Anual - INE, Estimativas anuais da população residente"
1870712;Vendas Novas;69.9;2015;0008261;"Índice de dependência total (N.º) por Local de residência (NUTS - 2013); Anual - INE, Estimativas anuais da população residente"
16E0616;Tábua;70.1;2015;0008261;"Índice de dependência total (N.º) por Local de residência (NUTS - 2013); Anual - INE, Estimativas anuais da população residente"
16J0503;Covilhã;70.1;2015;0008261;"Índice de dependência total (N.º) por Local de residência (NUTS - 2013); Anual - INE, Estimativas anuais da população residente"
16E0614;Penela;70.3;2015;0008261;"Índice de dependência total (N.º) por Local de residência (NUTS - 2013); Anual - INE, Estimativas anuais da população residente"
16G1806;Mangualde;70.3;2015;0008261;"Índice de dependência total (N.º) por Local de residência (NUTS - 2013); Anual - INE, Estimativas anuais da população residente"
1111605;Paredes de Coura;70.6;2015;0008261;"Índice de dependência total (N.º) por Local de residência (NUTS - 2013); Anual - INE, Estimativas anuais da população residente"
16I1418;Tomar;70.7;2015;0008261;"Índice de dependência total (N.º) por Local de residência (NUTS - 2013); Anual - INE, Estimativas anuais da população residente"
186;Alto Alentejo;70.8;2015;0008261;"Índice de dependência total (N.º) por Local de residência (NUTS - 2013); Anual - INE, Estimativas anuais da população residente"
1861215;Sousel;70.8;2015;0008261;"Índice de dependência total (N.º) por Local de residência (NUTS - 2013); Anual - INE, Estimativas anuais da população residente"
1870708;Mourão;70.8;2015;0008261;"Índice de dependência total (N.º) por Local de residência (NUTS - 2013); Anual - INE, Estimativas anuais da população residente"
1861202;Arronches;71.3;2015;0008261;"Índice de dependência total (N.º) por Local de residência (NUTS - 2013); Anual - INE, Estimativas anuais da população residente"
1861213;Ponte de Sor;71.3;2015;0008261;"Índice de dependência total (N.º) por Local de residência (NUTS - 2013); Anual - INE, Estimativas anuais da população residente"
1870706;Montemor-o-Novo;71.3;2015;0008261;"Índice de dependência total (N.º) por Local de residência (NUTS - 2013); Anual - INE, Estimativas anuais da população residente"
11D1807;Moimenta da Beira;71.4;2015;0008261;"Índice de dependência total (N.º) por Local de residência (NUTS - 2013); Anual - INE, Estimativas anuais da população residente"
1840210;Moura;71.5;2015;0008261;"Índice de dependência total (N.º) por Local de residência (NUTS - 2013); Anual - INE, Estimativas anuais da população residente"
16I1401;Abrantes;71.7;2015;0008261;"Índice de dependência total (N.º) por Local de residência (NUTS - 2013); Anual - INE, Estimativas anuais da população residente"
1500814;Tavira;71.8;2015;0008261;"Índice de dependência total (N.º) por Local de residência (NUTS - 2013); Anual - INE, Estimativas anuais da população residente"
16G1817;Sátão;71.9;2015;0008261;"Índice de dependência total (N.º) por Local de residência (NUTS - 2013); Anual - INE, Estimativas anuais da população residente"
16E0602;Cantanhede;72.1;2015;0008261;"Índice de dependência total (N.º) por Local de residência (NUTS - 2013); Anual - INE, Estimativas anuais da população residente"
16G1824;Vouzela;72.2;2015;0008261;"Índice de dependência total (N.º) por Local de residência (NUTS - 2013); Anual - INE, Estimativas anuais da população residente"
16G1822;Vila Nova de Paiva;72.5;2015;0008261;"Índice de dependência total (N.º) por Local de residência (NUTS - 2013); Anual - INE, Estimativas anuais da população residente"
1851407;Chamusca;72.5;2015;0008261;"Índice de dependência total (N.º) por Local de residência (NUTS - 2013); Anual - INE, Estimativas anuais da população residente"
16E0608;Mira;72.8;2015;0008261;"Índice de dependência total (N.º) por Local de residência (NUTS - 2013); Anual - INE, Estimativas anuais da população residente"
16G1809;Nelas;72.8;2015;0008261;"Índice de dependência total (N.º) por Local de residência (NUTS - 2013); Anual - INE, Estimativas anuais da população residente"
11B1709;Ribeira de Pena;73;2015;0008261;"Índice de dependência total (N.º) por Local de residência (NUTS - 2013); Anual - INE, Estimativas anuais da população residente"
16F1003;Ansião;73;2015;0008261;"Índice de dependência total (N.º) por Local de residência (NUTS - 2013); Anual - INE, Estimativas anuais da população residente"
11D1819;Tabuaço;73.1;2015;0008261;"Índice de dependência total (N.º) por Local de residência (NUTS - 2013); Anual - INE, Estimativas anuais da população residente"
16I0509;Sertã;73.1;2015;0008261;"Índice de dependência total (N.º) por Local de residência (NUTS - 2013); Anual - INE, Estimativas anuais da população residente"
11D1711;Santa Marta de Penaguião;73.2;2015;0008261;"Índice de dependência total (N.º) por Local de residência (NUTS - 2013); Anual - INE, Estimativas anuais da população residente"
1811509;Santiago do Cacém;73.2;2015;0008261;"Índice de dependência total (N.º) por Local de residência (NUTS - 2013); Anual - INE, Estimativas anuais da população residente"
11D1710;Sabrosa;73.4;2015;0008261;"Índice de dependência total (N.º) por Local de residência (NUTS - 2013); Anual - INE, Estimativas anuais da população residente"
16I1411;Ferreira do Zêzere;73.4;2015;0008261;"Índice de dependência total (N.º) por Local de residência (NUTS - 2013); Anual - INE, Estimativas anuais da população residente"
16E0613;Penacova;73.5;2015;0008261;"Índice de dependência total (N.º) por Local de residência (NUTS - 2013); Anual - INE, Estimativas anuais da população residente"
16G1803;Castro Daire;73.7;2015;0008261;"Índice de dependência total (N.º) por Local de residência (NUTS - 2013); Anual - INE, Estimativas anuais da população residente"
16G1821;Tondela;73.8;2015;0008261;"Índice de dependência total (N.º) por Local de residência (NUTS - 2013); Anual - INE, Estimativas anuais da população residente"
16J0501;Belmonte;74.6;2015;0008261;"Índice de dependência total (N.º) por Local de residência (NUTS - 2013); Anual - INE, Estimativas anuais da população residente"
11D1701;Alijó;74.9;2015;0008261;"Índice de dependência total (N.º) por Local de residência (NUTS - 2013); Anual - INE, Estimativas anuais da população residente"
11D1812;Penedono;75.4;2015;0008261;"Índice de dependência total (N.º) por Local de residência (NUTS - 2013); Anual - INE, Estimativas anuais da população residente"
1840202;Almodôvar;75.8;2015;0008261;"Índice de dependência total (N.º) por Local de residência (NUTS - 2013); Anual - INE, Estimativas anuais da população residente"
16F1013;Pedrógão Grande;75.9;2015;0008261;"Índice de dependência total (N.º) por Local de residência (NUTS - 2013); Anual - INE, Estimativas anuais da população residente"
16G1802;Carregal do Sal;75.9;2015;0008261;"Índice de dependência total (N.º) por Local de residência (NUTS - 2013); Anual - INE, Estimativas anuais da população residente"
16G1816;São Pedro do Sul;76;2015;0008261;"Índice de dependência total (N.º) por Local de residência (NUTS - 2013); Anual - INE, Estimativas anuais da população residente"
16J0504;Fundão;76.1;2015;0008261;"Índice de dependência total (N.º) por Local de residência (NUTS - 2013); Anual - INE, Estimativas anuais da população residente"
11E0407;Mirandela;76.2;2015;0008261;"Índice de dependência total (N.º) por Local de residência (NUTS - 2013); Anual - INE, Estimativas anuais da população residente"
16J;Beiras e Serra da Estrela;76.3;2015;0008261;"Índice de dependência total (N.º) por Local de residência (NUTS - 2013); Anual - INE, Estimativas anuais da população residente"
1500804;Castro Marim;76.4;2015;0008261;"Índice de dependência total (N.º) por Local de residência (NUTS - 2013); Anual - INE, Estimativas anuais da população residente"
16G1814;Santa Comba Dão;76.4;2015;0008261;"Índice de dependência total (N.º) por Local de residência (NUTS - 2013); Anual - INE, Estimativas anuais da população residente"
1811501;Alcácer do Sal;76.4;2015;0008261;"Índice de dependência total (N.º) por Local de residência (NUTS - 2013); Anual - INE, Estimativas anuais da população residente"
11B1703;Chaves;76.8;2015;0008261;"Índice de dependência total (N.º) por Local de residência (NUTS - 2013); Anual - INE, Estimativas anuais da população residente"
1861201;Alter do Chão;77.1;2015;0008261;"Índice de dependência total (N.º) por Local de residência (NUTS - 2013); Anual - INE, Estimativas anuais da população residente"
16E0601;Arganil;77.6;2015;0008261;"Índice de dependência total (N.º) por Local de residência (NUTS - 2013); Anual - INE, Estimativas anuais da população residente"
1861203;Avis;77.6;2015;0008261;"Índice de dependência total (N.º) por Local de residência (NUTS - 2013); Anual - INE, Estimativas anuais da população residente"
16H;Beira Baixa;77.7;2015;0008261;"Índice de dependência total (N.º) por Local de residência (NUTS - 2013); Anual - INE, Estimativas anuais da população residente"
1840212;Ourique;77.7;2015;0008261;"Índice de dependência total (N.º) por Local de residência (NUTS - 2013); Anual - INE, Estimativas anuais da população residente"
1861210;Marvão;77.7;2015;0008261;"Índice de dependência total (N.º) por Local de residência (NUTS - 2013); Anual - INE, Estimativas anuais da população residente"
16F1007;Castanheira de Pêra;77.9;2015;0008261;"Índice de dependência total (N.º) por Local de residência (NUTS - 2013); Anual - INE, Estimativas anuais da população residente"
16E0615;Soure;78.1;2015;0008261;"Índice de dependência total (N.º) por Local de residência (NUTS - 2013); Anual - INE, Estimativas anuais da população residente"
11E;Terras de Trás-os-Montes;78.2;2015;0008261;"Índice de dependência total (N.º) por Local de residência (NUTS - 2013); Anual - INE, Estimativas anuais da população residente"
1851409;Coruche;78.4;2015;0008261;"Índice de dependência total (N.º) por Local de residência (NUTS - 2013); Anual - INE, Estimativas anuais da população residente"
1861205;Castelo de Vide;78.4;2015;0008261;"Índice de dependência total (N.º) por Local de residência (NUTS - 2013); Anual - INE, Estimativas anuais da população residente"
1111604;Monção;79.1;2015;0008261;"Índice de dependência total (N.º) por Local de residência (NUTS - 2013); Anual - INE, Estimativas anuais da população residente"
11B1713;Vila Pouca de Aguiar;79.7;2015;0008261;"Índice de dependência total (N.º) por Local de residência (NUTS - 2013); Anual - INE, Estimativas anuais da população residente"
11E0405;Macedo de Cavaleiros;79.7;2015;0008261;"Índice de dependência total (N.º) por Local de residência (NUTS - 2013); Anual - INE, Estimativas anuais da população residente"
1500809;Monchique;79.8;2015;0008261;"Índice de dependência total (N.º) por Local de residência (NUTS - 2013); Anual - INE, Estimativas anuais da população residente"
11D1707;Murça;80.6;2015;0008261;"Índice de dependência total (N.º) por Local de residência (NUTS - 2013); Anual - INE, Estimativas anuais da população residente"
16J0905;Fornos de Algodres;80.6;2015;0008261;"Índice de dependência total (N.º) por Local de residência (NUTS - 2013); Anual - INE, Estimativas anuais da população residente"
16F1008;Figueiró dos Vinhos;80.9;2015;0008261;"Índice de dependência total (N.º) por Local de residência (NUTS - 2013); Anual - INE, Estimativas anuais da população residente"
16G1811;Penalva do Castelo;81;2015;0008261;"Índice de dependência total (N.º) por Local de residência (NUTS - 2013); Anual - INE, Estimativas anuais da população residente"
16J0912;Seia;81.4;2015;0008261;"Índice de dependência total (N.º) por Local de residência (NUTS - 2013); Anual - INE, Estimativas anuais da população residente"
11E0410;Vila Flor;81.6;2015;0008261;"Índice de dependência total (N.º) por Local de residência (NUTS - 2013); Anual - INE, Estimativas anuais da população residente"
1840209;Mértola;82.2;2015;0008261;"Índice de dependência total (N.º) por Local de residência (NUTS - 2013); Anual - INE, Estimativas anuais da população residente"
11B;Alto Tâmega;82.6;2015;0008261;"Índice de dependência total (N.º) por Local de residência (NUTS - 2013); Anual - INE, Estimativas anuais da população residente"
16E0606;Góis;82.7;2015;0008261;"Índice de dependência total (N.º) por Local de residência (NUTS - 2013); Anual - INE, Estimativas anuais da população residente"
16J0903;Celorico da Beira;82.8;2015;0008261;"Índice de dependência total (N.º) por Local de residência (NUTS - 2013); Anual - INE, Estimativas anuais da população residente"
16F1002;Alvaiázere;83;2015;0008261;"Índice de dependência total (N.º) por Local de residência (NUTS - 2013); Anual - INE, Estimativas anuais da população residente"
1111601;Arcos de Valdevez;83.6;2015;0008261;"Índice de dependência total (N.º) por Local de residência (NUTS - 2013); Anual - INE, Estimativas anuais da população residente"
11D0914;Vila Nova de Foz Côa;83.8;2015;0008261;"Índice de dependência total (N.º) por Local de residência (NUTS - 2013); Anual - INE, Estimativas anuais da população residente"
1861206;Crato;84;2015;0008261;"Índice de dependência total (N.º) por Local de residência (NUTS - 2013); Anual - INE, Estimativas anuais da população residente"
16J0913;Trancoso;84.1;2015;0008261;"Índice de dependência total (N.º) por Local de residência (NUTS - 2013); Anual - INE, Estimativas anuais da população residente"
16E1808;Mortágua;84.3;2015;0008261;"Índice de dependência total (N.º) por Local de residência (NUTS - 2013); Anual - INE, Estimativas anuais da população residente"
16G0901;Aguiar da Beira;84.4;2015;0008261;"Índice de dependência total (N.º) por Local de residência (NUTS - 2013); Anual - INE, Estimativas anuais da população residente"
16J0908;Manteigas;85.7;2015;0008261;"Índice de dependência total (N.º) por Local de residência (NUTS - 2013); Anual - INE, Estimativas anuais da população residente"
11E0401;Alfândega da Fé;86.6;2015;0008261;"Índice de dependência total (N.º) por Local de residência (NUTS - 2013); Anual - INE, Estimativas anuais da população residente"
1870707;Mora;87;2015;0008261;"Índice de dependência total (N.º) por Local de residência (NUTS - 2013); Anual - INE, Estimativas anuais da população residente"
16J0909;Mêda;87.4;2015;0008261;"Índice de dependência total (N.º) por Local de residência (NUTS - 2013); Anual - INE, Estimativas anuais da população residente"
16H0508;Proença-a-Nova;87.9;2015;0008261;"Índice de dependência total (N.º) por Local de residência (NUTS - 2013); Anual - INE, Estimativas anuais da população residente"
11D0403;Carrazeda de Ansiães;89.1;2015;0008261;"Índice de dependência total (N.º) por Local de residência (NUTS - 2013); Anual - INE, Estimativas anuais da população residente"
11E0408;Mogadouro;89.4;2015;0008261;"Índice de dependência total (N.º) por Local de residência (NUTS - 2013); Anual - INE, Estimativas anuais da população residente"
16J0910;Pinhel;89.4;2015;0008261;"Índice de dependência total (N.º) por Local de residência (NUTS - 2013); Anual - INE, Estimativas anuais da população residente"
11B1702;Boticas;89.9;2015;0008261;"Índice de dependência total (N.º) por Local de residência (NUTS - 2013); Anual - INE, Estimativas anuais da população residente"
16J0906;Gouveia;90.1;2015;0008261;"Índice de dependência total (N.º) por Local de residência (NUTS - 2013); Anual - INE, Estimativas anuais da população residente"
16I0510;Vila de Rei;90.6;2015;0008261;"Índice de dependência total (N.º) por Local de residência (NUTS - 2013); Anual - INE, Estimativas anuais da população residente"
11D0404;Freixo de Espada à Cinta;90.9;2015;0008261;"Índice de dependência total (N.º) por Local de residência (NUTS - 2013); Anual - INE, Estimativas anuais da população residente"
16J0904;Figueira de Castelo Rodrigo;91.6;2015;0008261;"Índice de dependência total (N.º) por Local de residência (NUTS - 2013); Anual - INE, Estimativas anuais da população residente"
1861212;Nisa;92;2015;0008261;"Índice de dependência total (N.º) por Local de residência (NUTS - 2013); Anual - INE, Estimativas anuais da população residente"
11B1706;Montalegre;93.6;2015;0008261;"Índice de dependência total (N.º) por Local de residência (NUTS - 2013); Anual - INE, Estimativas anuais da população residente"
11E0406;Miranda do Douro;94;2015;0008261;"Índice de dependência total (N.º) por Local de residência (NUTS - 2013); Anual - INE, Estimativas anuais da população residente"
1861209;Gavião;94.5;2015;0008261;"Índice de dependência total (N.º) por Local de residência (NUTS - 2013); Anual - INE, Estimativas anuais da população residente"
16I1413;Mação;95.9;2015;0008261;"Índice de dependência total (N.º) por Local de residência (NUTS - 2013); Anual - INE, Estimativas anuais da população residente"
11B1712;Valpaços;96.9;2015;0008261;"Índice de dependência total (N.º) por Local de residência (NUTS - 2013); Anual - INE, Estimativas anuais da população residente"
11D0409;Torre de Moncorvo;98.1;2015;0008261;"Índice de dependência total (N.º) por Local de residência (NUTS - 2013); Anual - INE, Estimativas anuais da população residente"
16H0505;Idanha-a-Nova;100.9;2015;0008261;"Índice de dependência total (N.º) por Local de residência (NUTS - 2013); Anual - INE, Estimativas anuais da população residente"
16H0507;Penamacor;101.6;2015;0008261;"Índice de dependência total (N.º) por Local de residência (NUTS - 2013); Anual - INE, Estimativas anuais da população residente"
16J0902;Almeida;102.9;2015;0008261;"Índice de dependência total (N.º) por Local de residência (NUTS - 2013); Anual - INE, Estimativas anuais da população residente"
11E0411;Vimioso;103.4;2015;0008261;"Índice de dependência total (N.º) por Local de residência (NUTS - 2013); Anual - INE, Estimativas anuais da população residente"
1111603;Melgaço;103.5;2015;0008261;"Índice de dependência total (N.º) por Local de residência (NUTS - 2013); Anual - INE, Estimativas anuais da população residente"
16H0506;Oleiros;107;2015;0008261;"Índice de dependência total (N.º) por Local de residência (NUTS - 2013); Anual - INE, Estimativas anuais da população residente"
16E0612;Pampilhosa da Serra;108.4;2015;0008261;"Índice de dependência total (N.º) por Local de residência (NUTS - 2013); Anual - INE, Estimativas anuais da população residente"
16J0911;Sabugal;108.5;2015;0008261;"Índice de dependência total (N.º) por Local de residência (NUTS - 2013); Anual - INE, Estimativas anuais da população residente"
16H0511;Vila Velha de Ródão;108.6;2015;0008261;"Índice de dependência total (N.º) por Local de residência (NUTS - 2013); Anual - INE, Estimativas anuais da população residente"
11E0412;Vinhais;108.9;2015;0008261;"Índice de dependência total (N.º) por Local de residência (NUTS - 2013); Anual - INE, Estimativas anuais da população residente"
1500802;Alcoutim;111.3;2015;0008261;"Índice de dependência total (N.º) por Local de residência (NUTS - 2013); Anual - INE, Estimativas anuais da população residente"
2004201;Lagoa;41.6;2016;0008261;"Índice de dependência total (N.º) por Local de residência (NUTS - 2013); Anual - INE, Estimativas anuais da população residente"
3003108;Santa Cruz;42.2;2016;0008261;"Índice de dependência total (N.º) por Local de residência (NUTS - 2013); Anual - INE, Estimativas anuais da população residente"
2004205;Ribeira Grande;42.3;2016;0008261;"Índice de dependência total (N.º) por Local de residência (NUTS - 2013); Anual - INE, Estimativas anuais da população residente"
3003102;Câmara de Lobos;43.4;2016;0008261;"Índice de dependência total (N.º) por Local de residência (NUTS - 2013); Anual - INE, Estimativas anuais da população residente"
3003201;Porto Santo;43.4;2016;0008261;"Índice de dependência total (N.º) por Local de residência (NUTS - 2013); Anual - INE, Estimativas anuais da população residente"
2004206;Vila Franca do Campo;43.5;2016;0008261;"Índice de dependência total (N.º) por Local de residência (NUTS - 2013); Anual - INE, Estimativas anuais da população residente"
11C1305;Lousada;43.6;2016;0008261;"Índice de dependência total (N.º) por Local de residência (NUTS - 2013); Anual - INE, Estimativas anuais da população residente"
2004203;Ponta Delgada;43.7;2016;0008261;"Índice de dependência total (N.º) por Local de residência (NUTS - 2013); Anual - INE, Estimativas anuais da população residente"
11C1309;Paços de Ferreira;44.1;2016;0008261;"Índice de dependência total (N.º) por Local de residência (NUTS - 2013); Anual - INE, Estimativas anuais da população residente"
2004204;Povoação;45;2016;0008261;"Índice de dependência total (N.º) por Local de residência (NUTS - 2013); Anual - INE, Estimativas anuais da população residente"
11A1310;Paredes;45.3;2016;0008261;"Índice de dependência total (N.º) por Local de residência (NUTS - 2013); Anual - INE, Estimativas anuais da população residente"
2004901;Corvo;46;2016;0008261;"Índice de dependência total (N.º) por Local de residência (NUTS - 2013); Anual - INE, Estimativas anuais da população residente"
2;Região Autónoma dos Açores;46.5;2016;0008261;"Índice de dependência total (N.º) por Local de residência (NUTS - 2013); Anual - INE, Estimativas anuais da população residente"
20;Região Autónoma dos Açores;46.5;2016;0008261;"Índice de dependência total (N.º) por Local de residência (NUTS - 2013); Anual - INE, Estimativas anuais da população residente"
200;Região Autónoma dos Açores;46.5;2016;0008261;"Índice de dependência total (N.º) por Local de residência (NUTS - 2013); Anual - INE, Estimativas anuais da população residente"
11C1307;Marco de Canaveses;46.7;2016;0008261;"Índice de dependência total (N.º) por Local de residência (NUTS - 2013); Anual - INE, Estimativas anuais da população residente"
2004802;Santa Cruz das Flores;47.1;2016;0008261;"Índice de dependência total (N.º) por Local de residência (NUTS - 2013); Anual - INE, Estimativas anuais da população residente"
1190314;Vizela;47.2;2016;0008261;"Índice de dependência total (N.º) por Local de residência (NUTS - 2013); Anual - INE, Estimativas anuais da população residente"
11C1303;Felgueiras;47.6;2016;0008261;"Índice de dependência total (N.º) por Local de residência (NUTS - 2013); Anual - INE, Estimativas anuais da população residente"
11C1311;Penafiel;47.6;2016;0008261;"Índice de dependência total (N.º) por Local de residência (NUTS - 2013); Anual - INE, Estimativas anuais da população residente"
2004801;Lajes das Flores;47.9;2016;0008261;"Índice de dependência total (N.º) por Local de residência (NUTS - 2013); Anual - INE, Estimativas anuais da população residente"
2004101;Vila do Porto;48.1;2016;0008261;"Índice de dependência total (N.º) por Local de residência (NUTS - 2013); Anual - INE, Estimativas anuais da população residente"
11C;Tâmega e Sousa;48.9;2016;0008261;"Índice de dependência total (N.º) por Local de residência (NUTS - 2013); Anual - INE, Estimativas anuais da população residente"
1810211;Odemira;48.9;2016;0008261;"Índice de dependência total (N.º) por Local de residência (NUTS - 2013); Anual - INE, Estimativas anuais da população residente"
3003104;Machico;49.1;2016;0008261;"Índice de dependência total (N.º) por Local de residência (NUTS - 2013); Anual - INE, Estimativas anuais da população residente"
2004302;Vila da Praia da Vitória;49.3;2016;0008261;"Índice de dependência total (N.º) por Local de residência (NUTS - 2013); Anual - INE, Estimativas anuais da população residente"
3;Região Autónoma da Madeira;49.5;2016;0008261;"Índice de dependência total (N.º) por Local de residência (NUTS - 2013); Anual - INE, Estimativas anuais da população residente"
30;Região Autónoma da Madeira;49.5;2016;0008261;"Índice de dependência total (N.º) por Local de residência (NUTS - 2013); Anual - INE, Estimativas anuais da população residente"
300;Região Autónoma da Madeira;49.5;2016;0008261;"Índice de dependência total (N.º) por Local de residência (NUTS - 2013); Anual - INE, Estimativas anuais da população residente"
1120303;Braga;49.6;2016;0008261;"Índice de dependência total (N.º) por Local de residência (NUTS - 2013); Anual - INE, Estimativas anuais da população residente"
3003105;Ponta do Sol;49.6;2016;0008261;"Índice de dependência total (N.º) por Local de residência (NUTS - 2013); Anual - INE, Estimativas anuais da população residente"
11C0106;Castelo de Paiva;49.8;2016;0008261;"Índice de dependência total (N.º) por Local de residência (NUTS - 2013); Anual - INE, Estimativas anuais da população residente"
2004301;Angra do Heroísmo;49.9;2016;0008261;"Índice de dependência total (N.º) por Local de residência (NUTS - 2013); Anual - INE, Estimativas anuais da população residente"
3003107;Ribeira Brava;50;2016;0008261;"Índice de dependência total (N.º) por Local de residência (NUTS - 2013); Anual - INE, Estimativas anuais da população residente"
1500801;Albufeira;50.2;2016;0008261;"Índice de dependência total (N.º) por Local de residência (NUTS - 2013); Anual - INE, Estimativas anuais da população residente"
1120302;Barcelos;50.4;2016;0008261;"Índice de dependência total (N.º) por Local de residência (NUTS - 2013); Anual - INE, Estimativas anuais da população residente"
1701502;Alcochete;50.4;2016;0008261;"Índice de dependência total (N.º) por Local de residência (NUTS - 2013); Anual - INE, Estimativas anuais da população residente"
2004202;Nordeste;50.4;2016;0008261;"Índice de dependência total (N.º) por Local de residência (NUTS - 2013); Anual - INE, Estimativas anuais da população residente"
11A1306;Maia;50.5;2016;0008261;"Índice de dependência total (N.º) por Local de residência (NUTS - 2013); Anual - INE, Estimativas anuais da população residente"
11A1318;Trofa;50.6;2016;0008261;"Índice de dependência total (N.º) por Local de residência (NUTS - 2013); Anual - INE, Estimativas anuais da população residente"
11A1315;Valongo;50.7;2016;0008261;"Índice de dependência total (N.º) por Local de residência (NUTS - 2013); Anual - INE, Estimativas anuais da população residente"
2004502;Velas;50.7;2016;0008261;"Índice de dependência total (N.º) por Local de residência (NUTS - 2013); Anual - INE, Estimativas anuais da população residente"
112;Cávado;51;2016;0008261;"Índice de dependência total (N.º) por Local de residência (NUTS - 2013); Anual - INE, Estimativas anuais da população residente"
1701111;Sintra;51;2016;0008261;"Índice de dependência total (N.º) por Local de residência (NUTS - 2013); Anual - INE, Estimativas anuais da população residente"
1190312;Vila Nova de Famalicão;51.3;2016;0008261;"Índice de dependência total (N.º) por Local de residência (NUTS - 2013); Anual - INE, Estimativas anuais da população residente"
2004602;Madalena;51.4;2016;0008261;"Índice de dependência total (N.º) por Local de residência (NUTS - 2013); Anual - INE, Estimativas anuais da população residente"
1701109;Mafra;51.5;2016;0008261;"Índice de dependência total (N.º) por Local de residência (NUTS - 2013); Anual - INE, Estimativas anuais da população residente"
16B1102;Arruda dos Vinhos;51.6;2016;0008261;"Índice de dependência total (N.º) por Local de residência (NUTS - 2013); Anual - INE, Estimativas anuais da população residente"
2004701;Horta;51.7;2016;0008261;"Índice de dependência total (N.º) por Local de residência (NUTS - 2013); Anual - INE, Estimativas anuais da população residente"
1190308;Guimarães;51.9;2016;0008261;"Índice de dependência total (N.º) por Local de residência (NUTS - 2013); Anual - INE, Estimativas anuais da população residente"
1120306;Esposende;52.4;2016;0008261;"Índice de dependência total (N.º) por Local de residência (NUTS - 2013); Anual - INE, Estimativas anuais da população residente"
11A1313;Póvoa de Varzim;52.4;2016;0008261;"Índice de dependência total (N.º) por Local de residência (NUTS - 2013); Anual - INE, Estimativas anuais da população residente"
1851405;Benavente;52.6;2016;0008261;"Índice de dependência total (N.º) por Local de residência (NUTS - 2013); Anual - INE, Estimativas anuais da população residente"
3003103;Funchal;52.6;2016;0008261;"Índice de dependência total (N.º) por Local de residência (NUTS - 2013); Anual - INE, Estimativas anuais da população residente"
2004603;São Roque do Pico;52.7;2016;0008261;"Índice de dependência total (N.º) por Local de residência (NUTS - 2013); Anual - INE, Estimativas anuais da população residente"
119;Ave;52.9;2016;0008261;"Índice de dependência total (N.º) por Local de residência (NUTS - 2013); Anual - INE, Estimativas anuais da população residente"
16B1112;Sobral de Monte Agraço;52.9;2016;0008261;"Índice de dependência total (N.º) por Local de residência (NUTS - 2013); Anual - INE, Estimativas anuais da população residente"
11A1316;Vila do Conde;53;2016;0008261;"Índice de dependência total (N.º) por Local de residência (NUTS - 2013); Anual - INE, Estimativas anuais da população residente"
1701114;Vila Franca de Xira;53.3;2016;0008261;"Índice de dependência total (N.º) por Local de residência (NUTS - 2013); Anual - INE, Estimativas anuais da população residente"
1120301;Amares;53.5;2016;0008261;"Índice de dependência total (N.º) por Local de residência (NUTS - 2013); Anual - INE, Estimativas anuais da população residente"
11C1302;Baião;53.5;2016;0008261;"Índice de dependência total (N.º) por Local de residência (NUTS - 2013); Anual - INE, Estimativas anuais da população residente"
16B1101;Alenquer;53.5;2016;0008261;"Índice de dependência total (N.º) por Local de residência (NUTS - 2013); Anual - INE, Estimativas anuais da população residente"
16D0105;Aveiro;53.7;2016;0008261;"Índice de dependência total (N.º) por Local de residência (NUTS - 2013); Anual - INE, Estimativas anuais da população residente"
1701507;Montijo;53.7;2016;0008261;"Índice de dependência total (N.º) por Local de residência (NUTS - 2013); Anual - INE, Estimativas anuais da população residente"
11A0109;Santa Maria da Feira;53.8;2016;0008261;"Índice de dependência total (N.º) por Local de residência (NUTS - 2013); Anual - INE, Estimativas anuais da população residente"
11A0116;São João da Madeira;53.9;2016;0008261;"Índice de dependência total (N.º) por Local de residência (NUTS - 2013); Anual - INE, Estimativas anuais da população residente"
11A1304;Gondomar;54.2;2016;0008261;"Índice de dependência total (N.º) por Local de residência (NUTS - 2013); Anual - INE, Estimativas anuais da população residente"
1190309;Póvoa de Lanhoso;54.3;2016;0008261;"Índice de dependência total (N.º) por Local de residência (NUTS - 2013); Anual - INE, Estimativas anuais da população residente"
16I1410;Entroncamento;54.3;2016;0008261;"Índice de dependência total (N.º) por Local de residência (NUTS - 2013); Anual - INE, Estimativas anuais da população residente"
16D0115;Ovar;54.4;2016;0008261;"Índice de dependência total (N.º) por Local de residência (NUTS - 2013); Anual - INE, Estimativas anuais da população residente"
1120313;Vila Verde;54.6;2016;0008261;"Índice de dependência total (N.º) por Local de residência (NUTS - 2013); Anual - INE, Estimativas anuais da população residente"
11A1317;Vila Nova de Gaia;54.6;2016;0008261;"Índice de dependência total (N.º) por Local de residência (NUTS - 2013); Anual - INE, Estimativas anuais da população residente"
16D0110;Ílhavo;54.6;2016;0008261;"Índice de dependência total (N.º) por Local de residência (NUTS - 2013); Anual - INE, Estimativas anuais da população residente"
11C1301;Amarante;54.7;2016;0008261;"Índice de dependência total (N.º) por Local de residência (NUTS - 2013); Anual - INE, Estimativas anuais da população residente"
1701508;Palmela;54.7;2016;0008261;"Índice de dependência total (N.º) por Local de residência (NUTS - 2013); Anual - INE, Estimativas anuais da população residente"
11A;Área Metropolitana do Porto;54.8;2016;0008261;"Índice de dependência total (N.º) por Local de residência (NUTS - 2013); Anual - INE, Estimativas anuais da população residente"
1701511;Sesimbra;55.1;2016;0008261;"Índice de dependência total (N.º) por Local de residência (NUTS - 2013); Anual - INE, Estimativas anuais da população residente"
1840204;Barrancos;55.3;2016;0008261;"Índice de dependência total (N.º) por Local de residência (NUTS - 2013); Anual - INE, Estimativas anuais da população residente"
1190304;Cabeceiras de Basto;55.4;2016;0008261;"Índice de dependência total (N.º) por Local de residência (NUTS - 2013); Anual - INE, Estimativas anuais da população residente"
11;Norte;55.8;2016;0008261;"Índice de dependência total (N.º) por Local de residência (NUTS - 2013); Anual - INE, Estimativas anuais da população residente"
16D0102;Albergaria-a-Velha;55.8;2016;0008261;"Índice de dependência total (N.º) por Local de residência (NUTS - 2013); Anual - INE, Estimativas anuais da população residente"
16B1113;Torres Vedras;56.3;2016;0008261;"Índice de dependência total (N.º) por Local de residência (NUTS - 2013); Anual - INE, Estimativas anuais da população residente"
1851103;Azambuja;56.3;2016;0008261;"Índice de dependência total (N.º) por Local de residência (NUTS - 2013); Anual - INE, Estimativas anuais da população residente"
11A0113;Oliveira de Azeméis;56.4;2016;0008261;"Índice de dependência total (N.º) por Local de residência (NUTS - 2013); Anual - INE, Estimativas anuais da população residente"
16E0607;Lousã;56.5;2016;0008261;"Índice de dependência total (N.º) por Local de residência (NUTS - 2013); Anual - INE, Estimativas anuais da população residente"
2004501;Calheta;56.5;2016;0008261;"Índice de dependência total (N.º) por Local de residência (NUTS - 2013); Anual - INE, Estimativas anuais da população residente"
16E0604;Condeixa-a-Nova;56.6;2016;0008261;"Índice de dependência total (N.º) por Local de residência (NUTS - 2013); Anual - INE, Estimativas anuais da população residente"
11C0305;Celorico de Basto;57;2016;0008261;"Índice de dependência total (N.º) por Local de residência (NUTS - 2013); Anual - INE, Estimativas anuais da população residente"
16F1009;Leiria;57;2016;0008261;"Índice de dependência total (N.º) por Local de residência (NUTS - 2013); Anual - INE, Estimativas anuais da população residente"
1190307;Fafe;57.1;2016;0008261;"Índice de dependência total (N.º) por Local de residência (NUTS - 2013); Anual - INE, Estimativas anuais da população residente"
2004401;Santa Cruz da Graciosa;57.1;2016;0008261;"Índice de dependência total (N.º) por Local de residência (NUTS - 2013); Anual - INE, Estimativas anuais da população residente"
1500805;Faro;57.3;2016;0008261;"Índice de dependência total (N.º) por Local de residência (NUTS - 2013); Anual - INE, Estimativas anuais da população residente"
11A1308;Matosinhos;57.4;2016;0008261;"Índice de dependência total (N.º) por Local de residência (NUTS - 2013); Anual - INE, Estimativas anuais da população residente"
11D1714;Vila Real;57.4;2016;0008261;"Índice de dependência total (N.º) por Local de residência (NUTS - 2013); Anual - INE, Estimativas anuais da população residente"
16F1010;Marinha Grande;57.5;2016;0008261;"Índice de dependência total (N.º) por Local de residência (NUTS - 2013); Anual - INE, Estimativas anuais da população residente"
2004601;Lajes do Pico;57.5;2016;0008261;"Índice de dependência total (N.º) por Local de residência (NUTS - 2013); Anual - INE, Estimativas anuais da população residente"
1111607;Ponte de Lima;57.7;2016;0008261;"Índice de dependência total (N.º) por Local de residência (NUTS - 2013); Anual - INE, Estimativas anuais da população residente"
17;Área Metropolitana de Lisboa;57.7;2016;0008261;"Índice de dependência total (N.º) por Local de residência (NUTS - 2013); Anual - INE, Estimativas anuais da população residente"
170;Área Metropolitana de Lisboa;57.7;2016;0008261;"Índice de dependência total (N.º) por Local de residência (NUTS - 2013); Anual - INE, Estimativas anuais da população residente"
16D;Região de Aveiro;57.8;2016;0008261;"Índice de dependência total (N.º) por Local de residência (NUTS - 2013); Anual - INE, Estimativas anuais da população residente"
1701106;Lisboa;58;2016;0008261;"Índice de dependência total (N.º) por Local de residência (NUTS - 2013); Anual - INE, Estimativas anuais da população residente"
16D0114;Oliveira do Bairro;58.2;2016;0008261;"Índice de dependência total (N.º) por Local de residência (NUTS - 2013); Anual - INE, Estimativas anuais da população residente"
3003101;Calheta;58.2;2016;0008261;"Índice de dependência total (N.º) por Local de residência (NUTS - 2013); Anual - INE, Estimativas anuais da população residente"
11A1314;Santo Tirso;58.3;2016;0008261;"Índice de dependência total (N.º) por Local de residência (NUTS - 2013); Anual - INE, Estimativas anuais da população residente"
PT;Portugal;58.5;2016;0008261;"Índice de dependência total (N.º) por Local de residência (NUTS - 2013); Anual - INE, Estimativas anuais da população residente"
16I1408;Constância;58.6;2016;0008261;"Índice de dependência total (N.º) por Local de residência (NUTS - 2013); Anual - INE, Estimativas anuais da população residente"
11D1820;Tarouca;58.8;2016;0008261;"Índice de dependência total (N.º) por Local de residência (NUTS - 2013); Anual - INE, Estimativas anuais da população residente"
1;Continente;59.1;2016;0008261;"Índice de dependência total (N.º) por Local de residência (NUTS - 2013); Anual - INE, Estimativas anuais da população residente"
1840207;Cuba;59.1;2016;0008261;"Índice de dependência total (N.º) por Local de residência (NUTS - 2013); Anual - INE, Estimativas anuais da população residente"
16B;Oeste;59.2;2016;0008261;"Índice de dependência total (N.º) por Local de residência (NUTS - 2013); Anual - INE, Estimativas anuais da população residente"
1851414;Rio Maior;59.2;2016;0008261;"Índice de dependência total (N.º) por Local de residência (NUTS - 2013); Anual - INE, Estimativas anuais da população residente"
16E0609;Miranda do Corvo;59.4;2016;0008261;"Índice de dependência total (N.º) por Local de residência (NUTS - 2013); Anual - INE, Estimativas anuais da população residente"
16G1810;Oliveira de Frades;59.4;2016;0008261;"Índice de dependência total (N.º) por Local de residência (NUTS - 2013); Anual - INE, Estimativas anuais da população residente"
16J0907;Guarda;59.4;2016;0008261;"Índice de dependência total (N.º) por Local de residência (NUTS - 2013); Anual - INE, Estimativas anuais da população residente"
1701105;Cascais;59.4;2016;0008261;"Índice de dependência total (N.º) por Local de residência (NUTS - 2013); Anual - INE, Estimativas anuais da população residente"
1701510;Seixal;59.4;2016;0008261;"Índice de dependência total (N.º) por Local de residência (NUTS - 2013); Anual - INE, Estimativas anuais da população residente"
16D0108;Estarreja;59.5;2016;0008261;"Índice de dependência total (N.º) por Local de residência (NUTS - 2013); Anual - INE, Estimativas anuais da população residente"
16E0617;Vila Nova de Poiares;59.5;2016;0008261;"Índice de dependência total (N.º) por Local de residência (NUTS - 2013); Anual - INE, Estimativas anuais da população residente"
16G1823;Viseu;59.5;2016;0008261;"Índice de dependência total (N.º) por Local de residência (NUTS - 2013); Anual - INE, Estimativas anuais da população residente"
1701116;Odivelas;59.5;2016;0008261;"Índice de dependência total (N.º) por Local de residência (NUTS - 2013); Anual - INE, Estimativas anuais da população residente"
1500811;Portimão;59.6;2016;0008261;"Índice de dependência total (N.º) por Local de residência (NUTS - 2013); Anual - INE, Estimativas anuais da população residente"
16D0118;Vagos;59.6;2016;0008261;"Índice de dependência total (N.º) por Local de residência (NUTS - 2013); Anual - INE, Estimativas anuais da população residente"
1870705;Évora;59.6;2016;0008261;"Índice de dependência total (N.º) por Local de residência (NUTS - 2013); Anual - INE, Estimativas anuais da população residente"
1701506;Moita;59.7;2016;0008261;"Índice de dependência total (N.º) por Local de residência (NUTS - 2013); Anual - INE, Estimativas anuais da população residente"
11C1813;Resende;59.8;2016;0008261;"Índice de dependência total (N.º) por Local de residência (NUTS - 2013); Anual - INE, Estimativas anuais da população residente"
11D1805;Lamego;59.8;2016;0008261;"Índice de dependência total (N.º) por Local de residência (NUTS - 2013); Anual - INE, Estimativas anuais da população residente"
1500806;Lagoa;60;2016;0008261;"Índice de dependência total (N.º) por Local de residência (NUTS - 2013); Anual - INE, Estimativas anuais da população residente"
16F1004;Batalha;60;2016;0008261;"Índice de dependência total (N.º) por Local de residência (NUTS - 2013); Anual - INE, Estimativas anuais da população residente"
3003106;Porto Moniz;60;2016;0008261;"Índice de dependência total (N.º) por Local de residência (NUTS - 2013); Anual - INE, Estimativas anuais da população residente"
11A0104;Arouca;60.1;2016;0008261;"Índice de dependência total (N.º) por Local de residência (NUTS - 2013); Anual - INE, Estimativas anuais da população residente"
16D0112;Murtosa;60.2;2016;0008261;"Índice de dependência total (N.º) por Local de residência (NUTS - 2013); Anual - INE, Estimativas anuais da população residente"
1701115;Amadora;60.3;2016;0008261;"Índice de dependência total (N.º) por Local de residência (NUTS - 2013); Anual - INE, Estimativas anuais da população residente"
1811513;Sines;60.3;2016;0008261;"Índice de dependência total (N.º) por Local de residência (NUTS - 2013); Anual - INE, Estimativas anuais da população residente"
1851406;Cartaxo;60.3;2016;0008261;"Índice de dependência total (N.º) por Local de residência (NUTS - 2013); Anual - INE, Estimativas anuais da população residente"
3003110;São Vicente;60.3;2016;0008261;"Índice de dependência total (N.º) por Local de residência (NUTS - 2013); Anual - INE, Estimativas anuais da população residente"
11A1312;Porto;60.4;2016;0008261;"Índice de dependência total (N.º) por Local de residência (NUTS - 2013); Anual - INE, Estimativas anuais da população residente"
16F1016;Porto de Mós;60.4;2016;0008261;"Índice de dependência total (N.º) por Local de residência (NUTS - 2013); Anual - INE, Estimativas anuais da população residente"
11C1804;Cinfães;60.6;2016;0008261;"Índice de dependência total (N.º) por Local de residência (NUTS - 2013); Anual - INE, Estimativas anuais da população residente"
1840205;Beja;60.6;2016;0008261;"Índice de dependência total (N.º) por Local de residência (NUTS - 2013); Anual - INE, Estimativas anuais da população residente"
1500808;Loulé;60.8;2016;0008261;"Índice de dependência total (N.º) por Local de residência (NUTS - 2013); Anual - INE, Estimativas anuais da população residente"
1500810;Olhão;60.8;2016;0008261;"Índice de dependência total (N.º) por Local de residência (NUTS - 2013); Anual - INE, Estimativas anuais da população residente"
16B1006;Caldas da Rainha;60.8;2016;0008261;"Índice de dependência total (N.º) por Local de residência (NUTS - 2013); Anual - INE, Estimativas anuais da população residente"
15;Algarve;60.9;2016;0008261;"Índice de dependência total (N.º) por Local de residência (NUTS - 2013); Anual - INE, Estimativas anuais da população residente"
150;Algarve;60.9;2016;0008261;"Índice de dependência total (N.º) por Local de residência (NUTS - 2013); Anual - INE, Estimativas anuais da população residente"
16E0111;Mealhada;60.9;2016;0008261;"Índice de dependência total (N.º) por Local de residência (NUTS - 2013); Anual - INE, Estimativas anuais da população residente"
1701107;Loures;60.9;2016;0008261;"Índice de dependência total (N.º) por Local de residência (NUTS - 2013); Anual - INE, Estimativas anuais da população residente"
16B1001;Alcobaça;61;2016;0008261;"Índice de dependência total (N.º) por Local de residência (NUTS - 2013); Anual - INE, Estimativas anuais da população residente"
1861204;Campo Maior;61;2016;0008261;"Índice de dependência total (N.º) por Local de residência (NUTS - 2013); Anual - INE, Estimativas anuais da população residente"
16E0603;Coimbra;61.3;2016;0008261;"Índice de dependência total (N.º) por Local de residência (NUTS - 2013); Anual - INE, Estimativas anuais da população residente"
1701512;Setúbal;61.3;2016;0008261;"Índice de dependência total (N.º) por Local de residência (NUTS - 2013); Anual - INE, Estimativas anuais da população residente"
1111610;Vila Nova de Cerveira;61.4;2016;0008261;"Índice de dependência total (N.º) por Local de residência (NUTS - 2013); Anual - INE, Estimativas anuais da população residente"
11D1704;Mesão Frio;61.4;2016;0008261;"Índice de dependência total (N.º) por Local de residência (NUTS - 2013); Anual - INE, Estimativas anuais da população residente"
16F;Região de Leiria;61.4;2016;0008261;"Índice de dependência total (N.º) por Local de residência (NUTS - 2013); Anual - INE, Estimativas anuais da população residente"
185;Lezíria do Tejo;61.9;2016;0008261;"Índice de dependência total (N.º) por Local de residência (NUTS - 2013); Anual - INE, Estimativas anuais da população residente"
1870713;Viana do Alentejo;61.9;2016;0008261;"Índice de dependência total (N.º) por Local de residência (NUTS - 2013); Anual - INE, Estimativas anuais da população residente"
16B1108;Lourinhã;62;2016;0008261;"Índice de dependência total (N.º) por Local de residência (NUTS - 2013); Anual - INE, Estimativas anuais da população residente"
1701503;Almada;62;2016;0008261;"Índice de dependência total (N.º) por Local de residência (NUTS - 2013); Anual - INE, Estimativas anuais da população residente"
181;Alentejo Litoral;62;2016;0008261;"Índice de dependência total (N.º) por Local de residência (NUTS - 2013); Anual - INE, Estimativas anuais da população residente"
1851403;Almeirim;62.1;2016;0008261;"Índice de dependência total (N.º) por Local de residência (NUTS - 2013); Anual - INE, Estimativas anuais da população residente"
1111609;Viana do Castelo;62.2;2016;0008261;"Índice de dependência total (N.º) por Local de residência (NUTS - 2013); Anual - INE, Estimativas anuais da população residente"
16D0101;Águeda;62.3;2016;0008261;"Índice de dependência total (N.º) por Local de residência (NUTS - 2013); Anual - INE, Estimativas anuais da população residente"
1701110;Oeiras;62.4;2016;0008261;"Índice de dependência total (N.º) por Local de residência (NUTS - 2013); Anual - INE, Estimativas anuais da população residente"
1500807;Lagos;62.5;2016;0008261;"Índice de dependência total (N.º) por Local de residência (NUTS - 2013); Anual - INE, Estimativas anuais da população residente"
16B1012;Óbidos;62.5;2016;0008261;"Índice de dependência total (N.º) por Local de residência (NUTS - 2013); Anual - INE, Estimativas anuais da população residente"
1870714;Vila Viçosa;62.7;2016;0008261;"Índice de dependência total (N.º) por Local de residência (NUTS - 2013); Anual - INE, Estimativas anuais da população residente"
11D1708;Peso da Régua;62.9;2016;0008261;"Índice de dependência total (N.º) por Local de residência (NUTS - 2013); Anual - INE, Estimativas anuais da população residente"
1500813;Silves;63;2016;0008261;"Índice de dependência total (N.º) por Local de residência (NUTS - 2013); Anual - INE, Estimativas anuais da população residente"
1861207;Elvas;63.2;2016;0008261;"Índice de dependência total (N.º) por Local de residência (NUTS - 2013); Anual - INE, Estimativas anuais da população residente"
1840206;Castro Verde;63.3;2016;0008261;"Índice de dependência total (N.º) por Local de residência (NUTS - 2013); Anual - INE, Estimativas anuais da população residente"
16E0610;Montemor-o-Velho;63.4;2016;0008261;"Índice de dependência total (N.º) por Local de residência (NUTS - 2013); Anual - INE, Estimativas anuais da população residente"
16I1421;Ourém;63.4;2016;0008261;"Índice de dependência total (N.º) por Local de residência (NUTS - 2013); Anual - INE, Estimativas anuais da população residente"
1111608;Valença;63.5;2016;0008261;"Índice de dependência total (N.º) por Local de residência (NUTS - 2013); Anual - INE, Estimativas anuais da população residente"
1851415;Salvaterra de Magos;63.5;2016;0008261;"Índice de dependência total (N.º) por Local de residência (NUTS - 2013); Anual - INE, Estimativas anuais da população residente"
11D1815;São João da Pesqueira;63.7;2016;0008261;"Índice de dependência total (N.º) por Local de residência (NUTS - 2013); Anual - INE, Estimativas anuais da população residente"
1851416;Santarém;63.8;2016;0008261;"Índice de dependência total (N.º) por Local de residência (NUTS - 2013); Anual - INE, Estimativas anuais da população residente"
1870710;Redondo;63.8;2016;0008261;"Índice de dependência total (N.º) por Local de residência (NUTS - 2013); Anual - INE, Estimativas anuais da população residente"
1191705;Mondim de Basto;64;2016;0008261;"Índice de dependência total (N.º) por Local de residência (NUTS - 2013); Anual - INE, Estimativas anuais da população residente"
3003109;Santana;64;2016;0008261;"Índice de dependência total (N.º) por Local de residência (NUTS - 2013); Anual - INE, Estimativas anuais da população residente"
1701504;Barreiro;64.2;2016;0008261;"Índice de dependência total (N.º) por Local de residência (NUTS - 2013); Anual - INE, Estimativas anuais da população residente"
16;Centro;64.3;2016;0008261;"Índice de dependência total (N.º) por Local de residência (NUTS - 2013); Anual - INE, Estimativas anuais da população residente"
16B1011;Nazaré;64.3;2016;0008261;"Índice de dependência total (N.º) por Local de residência (NUTS - 2013); Anual - INE, Estimativas anuais da população residente"
16B1005;Bombarral;64.5;2016;0008261;"Índice de dependência total (N.º) por Local de residência (NUTS - 2013); Anual - INE, Estimativas anuais da população residente"
18;Alentejo;64.5;2016;0008261;"Índice de dependência total (N.º) por Local de residência (NUTS - 2013); Anual - INE, Estimativas anuais da população residente"
1870709;Portel;64.5;2016;0008261;"Índice de dependência total (N.º) por Local de residência (NUTS - 2013); Anual - INE, Estimativas anuais da população residente"
1870711;Reguengos de Monsaraz;64.6;2016;0008261;"Índice de dependência total (N.º) por Local de residência (NUTS - 2013); Anual - INE, Estimativas anuais da população residente"
1851412;Golegã;64.7;2016;0008261;"Índice de dependência total (N.º) por Local de residência (NUTS - 2013); Anual - INE, Estimativas anuais da população residente"
187;Alentejo Central;64.7;2016;0008261;"Índice de dependência total (N.º) por Local de residência (NUTS - 2013); Anual - INE, Estimativas anuais da população residente"
1870702;Arraiolos;64.9;2016;0008261;"Índice de dependência total (N.º) por Local de residência (NUTS - 2013); Anual - INE, Estimativas anuais da população residente"
1500812;São Brás de Alportel;65;2016;0008261;"Índice de dependência total (N.º) por Local de residência (NUTS - 2013); Anual - INE, Estimativas anuais da população residente"
16I1420;Vila Nova da Barquinha;65;2016;0008261;"Índice de dependência total (N.º) por Local de residência (NUTS - 2013); Anual - INE, Estimativas anuais da população residente"
11E0402;Bragança;65.3;2016;0008261;"Índice de dependência total (N.º) por Local de residência (NUTS - 2013); Anual - INE, Estimativas anuais da população residente"
1840214;Vidigueira;65.3;2016;0008261;"Índice de dependência total (N.º) por Local de residência (NUTS - 2013); Anual - INE, Estimativas anuais da população residente"
11A0107;Espinho;65.6;2016;0008261;"Índice de dependência total (N.º) por Local de residência (NUTS - 2013); Anual - INE, Estimativas anuais da população residente"
16B1014;Peniche;65.6;2016;0008261;"Índice de dependência total (N.º) por Local de residência (NUTS - 2013); Anual - INE, Estimativas anuais da população residente"
16E;Região de Coimbra;65.6;2016;0008261;"Índice de dependência total (N.º) por Local de residência (NUTS - 2013); Anual - INE, Estimativas anuais da população residente"
11D1801;Armamar;65.9;2016;0008261;"Índice de dependência total (N.º) por Local de residência (NUTS - 2013); Anual - INE, Estimativas anuais da população residente"
1811505;Grândola;66.2;2016;0008261;"Índice de dependência total (N.º) por Local de residência (NUTS - 2013); Anual - INE, Estimativas anuais da população residente"
1500816;Vila Real de Santo António;66.3;2016;0008261;"Índice de dependência total (N.º) por Local de residência (NUTS - 2013); Anual - INE, Estimativas anuais da população residente"
11A0119;Vale de Cambra;66.4;2016;0008261;"Índice de dependência total (N.º) por Local de residência (NUTS - 2013); Anual - INE, Estimativas anuais da população residente"
1500803;Aljezur;66.4;2016;0008261;"Índice de dependência total (N.º) por Local de residência (NUTS - 2013); Anual - INE, Estimativas anuais da população residente"
111;Alto Minho;66.5;2016;0008261;"Índice de dependência total (N.º) por Local de residência (NUTS - 2013); Anual - INE, Estimativas anuais da população residente"
11D;Douro;66.5;2016;0008261;"Índice de dependência total (N.º) por Local de residência (NUTS - 2013); Anual - INE, Estimativas anuais da população residente"
16E0605;Figueira da Foz;66.6;2016;0008261;"Índice de dependência total (N.º) por Local de residência (NUTS - 2013); Anual - INE, Estimativas anuais da população residente"
1120310;Terras de Bouro;66.7;2016;0008261;"Índice de dependência total (N.º) por Local de residência (NUTS - 2013); Anual - INE, Estimativas anuais da população residente"
184;Baixo Alentejo;66.7;2016;0008261;"Índice de dependência total (N.º) por Local de residência (NUTS - 2013); Anual - INE, Estimativas anuais da população residente"
16I1417;Sardoal;66.8;2016;0008261;"Índice de dependência total (N.º) por Local de residência (NUTS - 2013); Anual - INE, Estimativas anuais da população residente"
16E0611;Oliveira do Hospital;67.1;2016;0008261;"Índice de dependência total (N.º) por Local de residência (NUTS - 2013); Anual - INE, Estimativas anuais da população residente"
1840208;Ferreira do Alentejo;67.1;2016;0008261;"Índice de dependência total (N.º) por Local de residência (NUTS - 2013); Anual - INE, Estimativas anuais da população residente"
16I1419;Torres Novas;67.4;2016;0008261;"Índice de dependência total (N.º) por Local de residência (NUTS - 2013); Anual - INE, Estimativas anuais da população residente"
1870704;Estremoz;67.4;2016;0008261;"Índice de dependência total (N.º) por Local de residência (NUTS - 2013); Anual - INE, Estimativas anuais da população residente"
16G;Viseu Dão Lafões;67.5;2016;0008261;"Índice de dependência total (N.º) por Local de residência (NUTS - 2013); Anual - INE, Estimativas anuais da população residente"
1840213;Serpa;67.6;2016;0008261;"Índice de dependência total (N.º) por Local de residência (NUTS - 2013); Anual - INE, Estimativas anuais da população residente"
1851404;Alpiarça;67.6;2016;0008261;"Índice de dependência total (N.º) por Local de residência (NUTS - 2013); Anual - INE, Estimativas anuais da população residente"
16I;Médio Tejo;67.7;2016;0008261;"Índice de dependência total (N.º) por Local de residência (NUTS - 2013); Anual - INE, Estimativas anuais da população residente"
1840203;Alvito;67.7;2016;0008261;"Índice de dependência total (N.º) por Local de residência (NUTS - 2013); Anual - INE, Estimativas anuais da população residente"
16H0502;Castelo Branco;67.8;2016;0008261;"Índice de dependência total (N.º) por Local de residência (NUTS - 2013); Anual - INE, Estimativas anuais da população residente"
1500815;Vila do Bispo;67.9;2016;0008261;"Índice de dependência total (N.º) por Local de residência (NUTS - 2013); Anual - INE, Estimativas anuais da população residente"
1861214;Portalegre;67.9;2016;0008261;"Índice de dependência total (N.º) por Local de residência (NUTS - 2013); Anual - INE, Estimativas anuais da população residente"
1870701;Alandroal;68;2016;0008261;"Índice de dependência total (N.º) por Local de residência (NUTS - 2013); Anual - INE, Estimativas anuais da população residente"
16D0103;Anadia;68.4;2016;0008261;"Índice de dependência total (N.º) por Local de residência (NUTS - 2013); Anual - INE, Estimativas anuais da população residente"
1870703;Borba;68.4;2016;0008261;"Índice de dependência total (N.º) por Local de residência (NUTS - 2013); Anual - INE, Estimativas anuais da população residente"
1111606;Ponte da Barca;68.5;2016;0008261;"Índice de dependência total (N.º) por Local de residência (NUTS - 2013); Anual - INE, Estimativas anuais da população residente"
16I1402;Alcanena;68.5;2016;0008261;"Índice de dependência total (N.º) por Local de residência (NUTS - 2013); Anual - INE, Estimativas anuais da população residente"
16B1104;Cadaval;68.6;2016;0008261;"Índice de dependência total (N.º) por Local de residência (NUTS - 2013); Anual - INE, Estimativas anuais da população residente"
1190311;Vieira do Minho;69;2016;0008261;"Índice de dependência total (N.º) por Local de residência (NUTS - 2013); Anual - INE, Estimativas anuais da população residente"
16D0117;Sever do Vouga;69.2;2016;0008261;"Índice de dependência total (N.º) por Local de residência (NUTS - 2013); Anual - INE, Estimativas anuais da população residente"
16F1015;Pombal;69.2;2016;0008261;"Índice de dependência total (N.º) por Local de residência (NUTS - 2013); Anual - INE, Estimativas anuais da população residente"
1861211;Monforte;69.4;2016;0008261;"Índice de dependência total (N.º) por Local de residência (NUTS - 2013); Anual - INE, Estimativas anuais da população residente"
11D1818;Sernancelhe;69.5;2016;0008261;"Índice de dependência total (N.º) por Local de residência (NUTS - 2013); Anual - INE, Estimativas anuais da população residente"
1840201;Aljustrel;69.6;2016;0008261;"Índice de dependência total (N.º) por Local de residência (NUTS - 2013); Anual - INE, Estimativas anuais da população residente"
1111602;Caminha;69.7;2016;0008261;"Índice de dependência total (N.º) por Local de residência (NUTS - 2013); Anual - INE, Estimativas anuais da população residente"
1861208;Fronteira;69.9;2016;0008261;"Índice de dependência total (N.º) por Local de residência (NUTS - 2013); Anual - INE, Estimativas anuais da população residente"
1870712;Vendas Novas;69.9;2016;0008261;"Índice de dependência total (N.º) por Local de residência (NUTS - 2013); Anual - INE, Estimativas anuais da população residente"
16E0616;Tábua;70.1;2016;0008261;"Índice de dependência total (N.º) por Local de residência (NUTS - 2013); Anual - INE, Estimativas anuais da população residente"
16J0503;Covilhã;70.1;2016;0008261;"Índice de dependência total (N.º) por Local de residência (NUTS - 2013); Anual - INE, Estimativas anuais da população residente"
16E0614;Penela;70.3;2016;0008261;"Índice de dependência total (N.º) por Local de residência (NUTS - 2013); Anual - INE, Estimativas anuais da população residente"
16G1806;Mangualde;70.3;2016;0008261;"Índice de dependência total (N.º) por Local de residência (NUTS - 2013); Anual - INE, Estimativas anuais da população residente"
1111605;Paredes de Coura;70.6;2016;0008261;"Índice de dependência total (N.º) por Local de residência (NUTS - 2013); Anual - INE, Estimativas anuais da população residente"
16I1418;Tomar;70.7;2016;0008261;"Índice de dependência total (N.º) por Local de residência (NUTS - 2013); Anual - INE, Estimativas anuais da população residente"
186;Alto Alentejo;70.8;2016;0008261;"Índice de dependência total (N.º) por Local de residência (NUTS - 2013); Anual - INE, Estimativas anuais da população residente"
1861215;Sousel;70.8;2016;0008261;"Índice de dependência total (N.º) por Local de residência (NUTS - 2013); Anual - INE, Estimativas anuais da população residente"
1870708;Mourão;70.8;2016;0008261;"Índice de dependência total (N.º) por Local de residência (NUTS - 2013); Anual - INE, Estimativas anuais da população residente"
1861202;Arronches;71.3;2016;0008261;"Índice de dependência total (N.º) por Local de residência (NUTS - 2013); Anual - INE, Estimativas anuais da população residente"
1861213;Ponte de Sor;71.3;2016;0008261;"Índice de dependência total (N.º) por Local de residência (NUTS - 2013); Anual - INE, Estimativas anuais da população residente"
1870706;Montemor-o-Novo;71.3;2016;0008261;"Índice de dependência total (N.º) por Local de residência (NUTS - 2013); Anual - INE, Estimativas anuais da população residente"
11D1807;Moimenta da Beira;71.4;2016;0008261;"Índice de dependência total (N.º) por Local de residência (NUTS - 2013); Anual - INE, Estimativas anuais da população residente"
1840210;Moura;71.5;2016;0008261;"Índice de dependência total (N.º) por Local de residência (NUTS - 2013); Anual - INE, Estimativas anuais da população residente"
16I1401;Abrantes;71.7;2016;0008261;"Índice de dependência total (N.º) por Local de residência (NUTS - 2013); Anual - INE, Estimativas anuais da população residente"
1500814;Tavira;71.8;2016;0008261;"Índice de dependência total (N.º) por Local de residência (NUTS - 2013); Anual - INE, Estimativas anuais da população residente"
16G1817;Sátão;71.9;2016;0008261;"Índice de dependência total (N.º) por Local de residência (NUTS - 2013); Anual - INE, Estimativas anuais da população residente"
16E0602;Cantanhede;72.1;2016;0008261;"Índice de dependência total (N.º) por Local de residência (NUTS - 2013); Anual - INE, Estimativas anuais da população residente"
16G1824;Vouzela;72.2;2016;0008261;"Índice de dependência total (N.º) por Local de residência (NUTS - 2013); Anual - INE, Estimativas anuais da população residente"
16G1822;Vila Nova de Paiva;72.5;2016;0008261;"Índice de dependência total (N.º) por Local de residência (NUTS - 2013); Anual - INE, Estimativas anuais da população residente"
1851407;Chamusca;72.5;2016;0008261;"Índice de dependência total (N.º) por Local de residência (NUTS - 2013); Anual - INE, Estimativas anuais da população residente"
16E0608;Mira;72.8;2016;0008261;"Índice de dependência total (N.º) por Local de residência (NUTS - 2013); Anual - INE, Estimativas anuais da população residente"
16G1809;Nelas;72.8;2016;0008261;"Índice de dependência total (N.º) por Local de residência (NUTS - 2013); Anual - INE, Estimativas anuais da população residente"
11B1709;Ribeira de Pena;73;2016;0008261;"Índice de dependência total (N.º) por Local de residência (NUTS - 2013); Anual - INE, Estimativas anuais da população residente"
16F1003;Ansião;73;2016;0008261;"Índice de dependência total (N.º) por Local de residência (NUTS - 2013); Anual - INE, Estimativas anuais da população residente"
11D1819;Tabuaço;73.1;2016;0008261;"Índice de dependência total (N.º) por Local de residência (NUTS - 2013); Anual - INE, Estimativas anuais da população residente"
16I0509;Sertã;73.1;2016;0008261;"Índice de dependência total (N.º) por Local de residência (NUTS - 2013); Anual - INE, Estimativas anuais da população residente"
11D1711;Santa Marta de Penaguião;73.2;2016;0008261;"Índice de dependência total (N.º) por Local de residência (NUTS - 2013); Anual - INE, Estimativas anuais da população residente"
1811509;Santiago do Cacém;73.2;2016;0008261;"Índice de dependência total (N.º) por Local de residência (NUTS - 2013); Anual - INE, Estimativas anuais da população residente"
11D1710;Sabrosa;73.4;2016;0008261;"Índice de dependência total (N.º) por Local de residência (NUTS - 2013); Anual - INE, Estimativas anuais da população residente"
16I1411;Ferreira do Zêzere;73.4;2016;0008261;"Índice de dependência total (N.º) por Local de residência (NUTS - 2013); Anual - INE, Estimativas anuais da população residente"
16E0613;Penacova;73.5;2016;0008261;"Índice de dependência total (N.º) por Local de residência (NUTS - 2013); Anual - INE, Estimativas anuais da população residente"
16G1803;Castro Daire;73.7;2016;0008261;"Índice de dependência total (N.º) por Local de residência (NUTS - 2013); Anual - INE, Estimativas anuais da população residente"
16G1821;Tondela;73.8;2016;0008261;"Índice de dependência total (N.º) por Local de residência (NUTS - 2013); Anual - INE, Estimativas anuais da população residente"
16J0501;Belmonte;74.6;2016;0008261;"Índice de dependência total (N.º) por Local de residência (NUTS - 2013); Anual - INE, Estimativas anuais da população residente"
11D1701;Alijó;74.9;2016;0008261;"Índice de dependência total (N.º) por Local de residência (NUTS - 2013); Anual - INE, Estimativas anuais da população residente"
11D1812;Penedono;75.4;2016;0008261;"Índice de dependência total (N.º) por Local de residência (NUTS - 2013); Anual - INE, Estimativas anuais da população residente"
1840202;Almodôvar;75.8;2016;0008261;"Índice de dependência total (N.º) por Local de residência (NUTS - 2013); Anual - INE, Estimativas anuais da população residente"
16F1013;Pedrógão Grande;75.9;2016;0008261;"Índice de dependência total (N.º) por Local de residência (NUTS - 2013); Anual - INE, Estimativas anuais da população residente"
16G1802;Carregal do Sal;75.9;2016;0008261;"Índice de dependência total (N.º) por Local de residência (NUTS - 2013); Anual - INE, Estimativas anuais da população residente"
16G1816;São Pedro do Sul;76;2016;0008261;"Índice de dependência total (N.º) por Local de residência (NUTS - 2013); Anual - INE, Estimativas anuais da população residente"
16J0504;Fundão;76.1;2016;0008261;"Índice de dependência total (N.º) por Local de residência (NUTS - 2013); Anual - INE, Estimativas anuais da população residente"
11E0407;Mirandela;76.2;2016;0008261;"Índice de dependência total (N.º) por Local de residência (NUTS - 2013); Anual - INE, Estimativas anuais da população residente"
16J;Beiras e Serra da Estrela;76.3;2016;0008261;"Índice de dependência total (N.º) por Local de residência (NUTS - 2013); Anual - INE, Estimativas anuais da população residente"
1500804;Castro Marim;76.4;2016;0008261;"Índice de dependência total (N.º) por Local de residência (NUTS - 2013); Anual - INE, Estimativas anuais da população residente"
16G1814;Santa Comba Dão;76.4;2016;0008261;"Índice de dependência total (N.º) por Local de residência (NUTS - 2013); Anual - INE, Estimativas anuais da população residente"
1811501;Alcácer do Sal;76.4;2016;0008261;"Índice de dependência total (N.º) por Local de residência (NUTS - 2013); Anual - INE, Estimativas anuais da população residente"
11B1703;Chaves;76.8;2016;0008261;"Índice de dependência total (N.º) por Local de residência (NUTS - 2013); Anual - INE, Estimativas anuais da população residente"
1861201;Alter do Chão;77.1;2016;0008261;"Índice de dependência total (N.º) por Local de residência (NUTS - 2013); Anual - INE, Estimativas anuais da população residente"
16E0601;Arganil;77.6;2016;0008261;"Índice de dependência total (N.º) por Local de residência (NUTS - 2013); Anual - INE, Estimativas anuais da população residente"
1861203;Avis;77.6;2016;0008261;"Índice de dependência total (N.º) por Local de residência (NUTS - 2013); Anual - INE, Estimativas anuais da população residente"
16H;Beira Baixa;77.7;2016;0008261;"Índice de dependência total (N.º) por Local de residência (NUTS - 2013); Anual - INE, Estimativas anuais da população residente"
1840212;Ourique;77.7;2016;0008261;"Índice de dependência total (N.º) por Local de residência (NUTS - 2013); Anual - INE, Estimativas anuais da população residente"
1861210;Marvão;77.7;2016;0008261;"Índice de dependência total (N.º) por Local de residência (NUTS - 2013); Anual - INE, Estimativas anuais da população residente"
16F1007;Castanheira de Pêra;77.9;2016;0008261;"Índice de dependência total (N.º) por Local de residência (NUTS - 2013); Anual - INE, Estimativas anuais da população residente"
16E0615;Soure;78.1;2016;0008261;"Índice de dependência total (N.º) por Local de residência (NUTS - 2013); Anual - INE, Estimativas anuais da população residente"
11E;Terras de Trás-os-Montes;78.2;2016;0008261;"Índice de dependência total (N.º) por Local de residência (NUTS - 2013); Anual - INE, Estimativas anuais da população residente"
1851409;Coruche;78.4;2016;0008261;"Índice de dependência total (N.º) por Local de residência (NUTS - 2013); Anual - INE, Estimativas anuais da população residente"
1861205;Castelo de Vide;78.4;2016;0008261;"Índice de dependência total (N.º) por Local de residência (NUTS - 2013); Anual - INE, Estimativas anuais da população residente"
1111604;Monção;79.1;2016;0008261;"Índice de dependência total (N.º) por Local de residência (NUTS - 2013); Anual - INE, Estimativas anuais da população residente"
11B1713;Vila Pouca de Aguiar;79.7;2016;0008261;"Índice de dependência total (N.º) por Local de residência (NUTS - 2013); Anual - INE, Estimativas anuais da população residente"
11E0405;Macedo de Cavaleiros;79.7;2016;0008261;"Índice de dependência total (N.º) por Local de residência (NUTS - 2013); Anual - INE, Estimativas anuais da população residente"
1500809;Monchique;79.8;2016;0008261;"Índice de dependência total (N.º) por Local de residência (NUTS - 2013); Anual - INE, Estimativas anuais da população residente"
11D1707;Murça;80.6;2016;0008261;"Índice de dependência total (N.º) por Local de residência (NUTS - 2013); Anual - INE, Estimativas anuais da população residente"
16J0905;Fornos de Algodres;80.6;2016;0008261;"Índice de dependência total (N.º) por Local de residência (NUTS - 2013); Anual - INE, Estimativas anuais da população residente"
16F1008;Figueiró dos Vinhos;80.9;2016;0008261;"Índice de dependência total (N.º) por Local de residência (NUTS - 2013); Anual - INE, Estimativas anuais da população residente"
16G1811;Penalva do Castelo;81;2016;0008261;"Índice de dependência total (N.º) por Local de residência (NUTS - 2013); Anual - INE, Estimativas anuais da população residente"
16J0912;Seia;81.4;2016;0008261;"Índice de dependência total (N.º) por Local de residência (NUTS - 2013); Anual - INE, Estimativas anuais da população residente"
11E0410;Vila Flor;81.6;2016;0008261;"Índice de dependência total (N.º) por Local de residência (NUTS - 2013); Anual - INE, Estimativas anuais da população residente"
1840209;Mértola;82.2;2016;0008261;"Índice de dependência total (N.º) por Local de residência (NUTS - 2013); Anual - INE, Estimativas anuais da população residente"
11B;Alto Tâmega;82.6;2016;0008261;"Índice de dependência total (N.º) por Local de residência (NUTS - 2013); Anual - INE, Estimativas anuais da população residente"
16E0606;Góis;82.7;2016;0008261;"Índice de dependência total (N.º) por Local de residência (NUTS - 2013); Anual - INE, Estimativas anuais da população residente"
16J0903;Celorico da Beira;82.8;2016;0008261;"Índice de dependência total (N.º) por Local de residência (NUTS - 2013); Anual - INE, Estimativas anuais da população residente"
16F1002;Alvaiázere;83;2016;0008261;"Índice de dependência total (N.º) por Local de residência (NUTS - 2013); Anual - INE, Estimativas anuais da população residente"
1111601;Arcos de Valdevez;83.6;2016;0008261;"Índice de dependência total (N.º) por Local de residência (NUTS - 2013); Anual - INE, Estimativas anuais da população residente"
11D0914;Vila Nova de Foz Côa;83.8;2016;0008261;"Índice de dependência total (N.º) por Local de residência (NUTS - 2013); Anual - INE, Estimativas anuais da população residente"
1861206;Crato;84;2016;0008261;"Índice de dependência total (N.º) por Local de residência (NUTS - 2013); Anual - INE, Estimativas anuais da população residente"
16J0913;Trancoso;84.1;2016;0008261;"Índice de dependência total (N.º) por Local de residência (NUTS - 2013); Anual - INE, Estimativas anuais da população residente"
16E1808;Mortágua;84.3;2016;0008261;"Índice de dependência total (N.º) por Local de residência (NUTS - 2013); Anual - INE, Estimativas anuais da população residente"
16G0901;Aguiar da Beira;84.4;2016;0008261;"Índice de dependência total (N.º) por Local de residência (NUTS - 2013); Anual - INE, Estimativas anuais da população residente"
16J0908;Manteigas;85.7;2016;0008261;"Índice de dependência total (N.º) por Local de residência (NUTS - 2013); Anual - INE, Estimativas anuais da população residente"
11E0401;Alfândega da Fé;86.6;2016;0008261;"Índice de dependência total (N.º) por Local de residência (NUTS - 2013); Anual - INE, Estimativas anuais da população residente"
1870707;Mora;87;2016;0008261;"Índice de dependência total (N.º) por Local de residência (NUTS - 2013); Anual - INE, Estimativas anuais da população residente"
16J0909;Mêda;87.4;2016;0008261;"Índice de dependência total (N.º) por Local de residência (NUTS - 2013); Anual - INE, Estimativas anuais da população residente"
16H0508;Proença-a-Nova;87.9;2016;0008261;"Índice de dependência total (N.º) por Local de residência (NUTS - 2013); Anual - INE, Estimativas anuais da população residente"
11D0403;Carrazeda de Ansiães;89.1;2016;0008261;"Índice de dependência total (N.º) por Local de residência (NUTS - 2013); Anual - INE, Estimativas anuais da população residente"
11E0408;Mogadouro;89.4;2016;0008261;"Índice de dependência total (N.º) por Local de residência (NUTS - 2013); Anual - INE, Estimativas anuais da população residente"
16J0910;Pinhel;89.4;2016;0008261;"Índice de dependência total (N.º) por Local de residência (NUTS - 2013); Anual - INE, Estimativas anuais da população residente"
11B1702;Boticas;89.9;2016;0008261;"Índice de dependência total (N.º) por Local de residência (NUTS - 2013); Anual - INE, Estimativas anuais da população residente"
16J0906;Gouveia;90.1;2016;0008261;"Índice de dependência total (N.º) por Local de residência (NUTS - 2013); Anual - INE, Estimativas anuais da população residente"
16I0510;Vila de Rei;90.6;2016;0008261;"Índice de dependência total (N.º) por Local de residência (NUTS - 2013); Anual - INE, Estimativas anuais da população residente"
11D0404;Freixo de Espada à Cinta;90.9;2016;0008261;"Índice de dependência total (N.º) por Local de residência (NUTS - 2013); Anual - INE, Estimativas anuais da população residente"
16J0904;Figueira de Castelo Rodrigo;91.6;2016;0008261;"Índice de dependência total (N.º) por Local de residência (NUTS - 2013); Anual - INE, Estimativas anuais da população residente"
1861212;Nisa;92;2016;0008261;"Índice de dependência total (N.º) por Local de residência (NUTS - 2013); Anual - INE, Estimativas anuais da população residente"
11B1706;Montalegre;93.6;2016;0008261;"Índice de dependência total (N.º) por Local de residência (NUTS - 2013); Anual - INE, Estimativas anuais da população residente"
11E0406;Miranda do Douro;94;2016;0008261;"Índice de dependência total (N.º) por Local de residência (NUTS - 2013); Anual - INE, Estimativas anuais da população residente"
1861209;Gavião;94.5;2016;0008261;"Índice de dependência total (N.º) por Local de residência (NUTS - 2013); Anual - INE, Estimativas anuais da população residente"
16I1413;Mação;95.9;2016;0008261;"Índice de dependência total (N.º) por Local de residência (NUTS - 2013); Anual - INE, Estimativas anuais da população residente"
11B1712;Valpaços;96.9;2016;0008261;"Índice de dependência total (N.º) por Local de residência (NUTS - 2013); Anual - INE, Estimativas anuais da população residente"
11D0409;Torre de Moncorvo;98.1;2016;0008261;"Índice de dependência total (N.º) por Local de residência (NUTS - 2013); Anual - INE, Estimativas anuais da população residente"
16H0505;Idanha-a-Nova;100.9;2016;0008261;"Índice de dependência total (N.º) por Local de residência (NUTS - 2013); Anual - INE, Estimativas anuais da população residente"
16H0507;Penamacor;101.6;2016;0008261;"Índice de dependência total (N.º) por Local de residência (NUTS - 2013); Anual - INE, Estimativas anuais da população residente"
16J0902;Almeida;102.9;2016;0008261;"Índice de dependência total (N.º) por Local de residência (NUTS - 2013); Anual - INE, Estimativas anuais da população residente"
11E0411;Vimioso;103.4;2016;0008261;"Índice de dependência total (N.º) por Local de residência (NUTS - 2013); Anual - INE, Estimativas anuais da população residente"
1111603;Melgaço;103.5;2016;0008261;"Índice de dependência total (N.º) por Local de residência (NUTS - 2013); Anual - INE, Estimativas anuais da população residente"
16H0506;Oleiros;107;2016;0008261;"Índice de dependência total (N.º) por Local de residência (NUTS - 2013); Anual - INE, Estimativas anuais da população residente"
16E0612;Pampilhosa da Serra;108.4;2016;0008261;"Índice de dependência total (N.º) por Local de residência (NUTS - 2013); Anual - INE, Estimativas anuais da população residente"
16J0911;Sabugal;108.5;2016;0008261;"Índice de dependência total (N.º) por Local de residência (NUTS - 2013); Anual - INE, Estimativas anuais da população residente"
16H0511;Vila Velha de Ródão;108.6;2016;0008261;"Índice de dependência total (N.º) por Local de residência (NUTS - 2013); Anual - INE, Estimativas anuais da população residente"
11E0412;Vinhais;108.9;2016;0008261;"Índice de dependência total (N.º) por Local de residência (NUTS - 2013); Anual - INE, Estimativas anuais da população residente"
1500802;Alcoutim;111.3;2016;0008261;"Índice de dependência total (N.º) por Local de residência (NUTS - 2013); Anual - INE, Estimativas anuais da população residente"
2004201;Lagoa;41.6;2017;0008261;"Índice de dependência total (N.º) por Local de residência (NUTS - 2013); Anual - INE, Estimativas anuais da população residente"
3003108;Santa Cruz;42.2;2017;0008261;"Índice de dependência total (N.º) por Local de residência (NUTS - 2013); Anual - INE, Estimativas anuais da população residente"
2004205;Ribeira Grande;42.3;2017;0008261;"Índice de dependência total (N.º) por Local de residência (NUTS - 2013); Anual - INE, Estimativas anuais da população residente"
3003102;Câmara de Lobos;43.4;2017;0008261;"Índice de dependência total (N.º) por Local de residência (NUTS - 2013); Anual - INE, Estimativas anuais da população residente"
3003201;Porto Santo;43.4;2017;0008261;"Índice de dependência total (N.º) por Local de residência (NUTS - 2013); Anual - INE, Estimativas anuais da população residente"
2004206;Vila Franca do Campo;43.5;2017;0008261;"Índice de dependência total (N.º) por Local de residência (NUTS - 2013); Anual - INE, Estimativas anuais da população residente"
11C1305;Lousada;43.6;2017;0008261;"Índice de dependência total (N.º) por Local de residência (NUTS - 2013); Anual - INE, Estimativas anuais da população residente"
2004203;Ponta Delgada;43.7;2017;0008261;"Índice de dependência total (N.º) por Local de residência (NUTS - 2013); Anual - INE, Estimativas anuais da população residente"
11C1309;Paços de Ferreira;44.1;2017;0008261;"Índice de dependência total (N.º) por Local de residência (NUTS - 2013); Anual - INE, Estimativas anuais da população residente"
2004204;Povoação;45;2017;0008261;"Índice de dependência total (N.º) por Local de residência (NUTS - 2013); Anual - INE, Estimativas anuais da população residente"
11A1310;Paredes;45.3;2017;0008261;"Índice de dependência total (N.º) por Local de residência (NUTS - 2013); Anual - INE, Estimativas anuais da população residente"
2004901;Corvo;46;2017;0008261;"Índice de dependência total (N.º) por Local de residência (NUTS - 2013); Anual - INE, Estimativas anuais da população residente"
2;Região Autónoma dos Açores;46.5;2017;0008261;"Índice de dependência total (N.º) por Local de residência (NUTS - 2013); Anual - INE, Estimativas anuais da população residente"
20;Região Autónoma dos Açores;46.5;2017;0008261;"Índice de dependência total (N.º) por Local de residência (NUTS - 2013); Anual - INE, Estimativas anuais da população residente"
200;Região Autónoma dos Açores;46.5;2017;0008261;"Índice de dependência total (N.º) por Local de residência (NUTS - 2013); Anual - INE, Estimativas anuais da população residente"
11C1307;Marco de Canaveses;46.7;2017;0008261;"Índice de dependência total (N.º) por Local de residência (NUTS - 2013); Anual - INE, Estimativas anuais da população residente"
2004802;Santa Cruz das Flores;47.1;2017;0008261;"Índice de dependência total (N.º) por Local de residência (NUTS - 2013); Anual - INE, Estimativas anuais da população residente"
1190314;Vizela;47.2;2017;0008261;"Índice de dependência total (N.º) por Local de residência (NUTS - 2013); Anual - INE, Estimativas anuais da população residente"
11C1303;Felgueiras;47.6;2017;0008261;"Índice de dependência total (N.º) por Local de residência (NUTS - 2013); Anual - INE, Estimativas anuais da população residente"
11C1311;Penafiel;47.6;2017;0008261;"Índice de dependência total (N.º) por Local de residência (NUTS - 2013); Anual - INE, Estimativas anuais da população residente"
2004801;Lajes das Flores;47.9;2017;0008261;"Índice de dependência total (N.º) por Local de residência (NUTS - 2013); Anual - INE, Estimativas anuais da população residente"
2004101;Vila do Porto;48.1;2017;0008261;"Índice de dependência total (N.º) por Local de residência (NUTS - 2013); Anual - INE, Estimativas anuais da população residente"
11C;Tâmega e Sousa;48.9;2017;0008261;"Índice de dependência total (N.º) por Local de residência (NUTS - 2013); Anual - INE, Estimativas anuais da população residente"
1810211;Odemira;48.9;2017;0008261;"Índice de dependência total (N.º) por Local de residência (NUTS - 2013); Anual - INE, Estimativas anuais da população residente"
3003104;Machico;49.1;2017;0008261;"Índice de dependência total (N.º) por Local de residência (NUTS - 2013); Anual - INE, Estimativas anuais da população residente"
2004302;Vila da Praia da Vitória;49.3;2017;0008261;"Índice de dependência total (N.º) por Local de residência (NUTS - 2013); Anual - INE, Estimativas anuais da população residente"
3;Região Autónoma da Madeira;49.5;2017;0008261;"Índice de dependência total (N.º) por Local de residência (NUTS - 2013); Anual - INE, Estimativas anuais da população residente"
30;Região Autónoma da Madeira;49.5;2017;0008261;"Índice de dependência total (N.º) por Local de residência (NUTS - 2013); Anual - INE, Estimativas anuais da população residente"
300;Região Autónoma da Madeira;49.5;2017;0008261;"Índice de dependência total (N.º) por Local de residência (NUTS - 2013); Anual - INE, Estimativas anuais da população residente"
1120303;Braga;49.6;2017;0008261;"Índice de dependência total (N.º) por Local de residência (NUTS - 2013); Anual - INE, Estimativas anuais da população residente"
3003105;Ponta do Sol;49.6;2017;0008261;"Índice de dependência total (N.º) por Local de residência (NUTS - 2013); Anual - INE, Estimativas anuais da população residente"
11C0106;Castelo de Paiva;49.8;2017;0008261;"Índice de dependência total (N.º) por Local de residência (NUTS - 2013); Anual - INE, Estimativas anuais da população residente"
2004301;Angra do Heroísmo;49.9;2017;0008261;"Índice de dependência total (N.º) por Local de residência (NUTS - 2013); Anual - INE, Estimativas anuais da população residente"
3003107;Ribeira Brava;50;2017;0008261;"Índice de dependência total (N.º) por Local de residência (NUTS - 2013); Anual - INE, Estimativas anuais da população residente"
1500801;Albufeira;50.2;2017;0008261;"Índice de dependência total (N.º) por Local de residência (NUTS - 2013); Anual - INE, Estimativas anuais da população residente"
1120302;Barcelos;50.4;2017;0008261;"Índice de dependência total (N.º) por Local de residência (NUTS - 2013); Anual - INE, Estimativas anuais da população residente"
1701502;Alcochete;50.4;2017;0008261;"Índice de dependência total (N.º) por Local de residência (NUTS - 2013); Anual - INE, Estimativas anuais da população residente"
2004202;Nordeste;50.4;2017;0008261;"Índice de dependência total (N.º) por Local de residência (NUTS - 2013); Anual - INE, Estimativas anuais da população residente"
11A1306;Maia;50.5;2017;0008261;"Índice de dependência total (N.º) por Local de residência (NUTS - 2013); Anual - INE, Estimativas anuais da população residente"
11A1318;Trofa;50.6;2017;0008261;"Índice de dependência total (N.º) por Local de residência (NUTS - 2013); Anual - INE, Estimativas anuais da população residente"
11A1315;Valongo;50.7;2017;0008261;"Índice de dependência total (N.º) por Local de residência (NUTS - 2013); Anual - INE, Estimativas anuais da população residente"
2004502;Velas;50.7;2017;0008261;"Índice de dependência total (N.º) por Local de residência (NUTS - 2013); Anual - INE, Estimativas anuais da população residente"
112;Cávado;51;2017;0008261;"Índice de dependência total (N.º) por Local de residência (NUTS - 2013); Anual - INE, Estimativas anuais da população residente"
1701111;Sintra;51;2017;0008261;"Índice de dependência total (N.º) por Local de residência (NUTS - 2013); Anual - INE, Estimativas anuais da população residente"
1190312;Vila Nova de Famalicão;51.3;2017;0008261;"Índice de dependência total (N.º) por Local de residência (NUTS - 2013); Anual - INE, Estimativas anuais da população residente"
2004602;Madalena;51.4;2017;0008261;"Índice de dependência total (N.º) por Local de residência (NUTS - 2013); Anual - INE, Estimativas anuais da população residente"
1701109;Mafra;51.5;2017;0008261;"Índice de dependência total (N.º) por Local de residência (NUTS - 2013); Anual - INE, Estimativas anuais da população residente"
16B1102;Arruda dos Vinhos;51.6;2017;0008261;"Índice de dependência total (N.º) por Local de residência (NUTS - 2013); Anual - INE, Estimativas anuais da população residente"
2004701;Horta;51.7;2017;0008261;"Índice de dependência total (N.º) por Local de residência (NUTS - 2013); Anual - INE, Estimativas anuais da população residente"
1190308;Guimarães;51.9;2017;0008261;"Índice de dependência total (N.º) por Local de residência (NUTS - 2013); Anual - INE, Estimativas anuais da população residente"
1120306;Esposende;52.4;2017;0008261;"Índice de dependência total (N.º) por Local de residência (NUTS - 2013); Anual - INE, Estimativas anuais da população residente"
11A1313;Póvoa de Varzim;52.4;2017;0008261;"Índice de dependência total (N.º) por Local de residência (NUTS - 2013); Anual - INE, Estimativas anuais da população residente"
1851405;Benavente;52.6;2017;0008261;"Índice de dependência total (N.º) por Local de residência (NUTS - 2013); Anual - INE, Estimativas anuais da população residente"
3003103;Funchal;52.6;2017;0008261;"Índice de dependência total (N.º) por Local de residência (NUTS - 2013); Anual - INE, Estimativas anuais da população residente"
2004603;São Roque do Pico;52.7;2017;0008261;"Índice de dependência total (N.º) por Local de residência (NUTS - 2013); Anual - INE, Estimativas anuais da população residente"
119;Ave;52.9;2017;0008261;"Índice de dependência total (N.º) por Local de residência (NUTS - 2013); Anual - INE, Estimativas anuais da população residente"
16B1112;Sobral de Monte Agraço;52.9;2017;0008261;"Índice de dependência total (N.º) por Local de residência (NUTS - 2013); Anual - INE, Estimativas anuais da população residente"
11A1316;Vila do Conde;53;2017;0008261;"Índice de dependência total (N.º) por Local de residência (NUTS - 2013); Anual - INE, Estimativas anuais da população residente"
1701114;Vila Franca de Xira;53.3;2017;0008261;"Índice de dependência total (N.º) por Local de residência (NUTS - 2013); Anual - INE, Estimativas anuais da população residente"
1120301;Amares;53.5;2017;0008261;"Índice de dependência total (N.º) por Local de residência (NUTS - 2013); Anual - INE, Estimativas anuais da população residente"
11C1302;Baião;53.5;2017;0008261;"Índice de dependência total (N.º) por Local de residência (NUTS - 2013); Anual - INE, Estimativas anuais da população residente"
16B1101;Alenquer;53.5;2017;0008261;"Índice de dependência total (N.º) por Local de residência (NUTS - 2013); Anual - INE, Estimativas anuais da população residente"
16D0105;Aveiro;53.7;2017;0008261;"Índice de dependência total (N.º) por Local de residência (NUTS - 2013); Anual - INE, Estimativas anuais da população residente"
1701507;Montijo;53.7;2017;0008261;"Índice de dependência total (N.º) por Local de residência (NUTS - 2013); Anual - INE, Estimativas anuais da população residente"
11A0109;Santa Maria da Feira;53.8;2017;0008261;"Índice de dependência total (N.º) por Local de residência (NUTS - 2013); Anual - INE, Estimativas anuais da população residente"
11A0116;São João da Madeira;53.9;2017;0008261;"Índice de dependência total (N.º) por Local de residência (NUTS - 2013); Anual - INE, Estimativas anuais da população residente"
11A1304;Gondomar;54.2;2017;0008261;"Índice de dependência total (N.º) por Local de residência (NUTS - 2013); Anual - INE, Estimativas anuais da população residente"
1190309;Póvoa de Lanhoso;54.3;2017;0008261;"Índice de dependência total (N.º) por Local de residência (NUTS - 2013); Anual - INE, Estimativas anuais da população residente"
16I1410;Entroncamento;54.3;2017;0008261;"Índice de dependência total (N.º) por Local de residência (NUTS - 2013); Anual - INE, Estimativas anuais da população residente"
16D0115;Ovar;54.4;2017;0008261;"Índice de dependência total (N.º) por Local de residência (NUTS - 2013); Anual - INE, Estimativas anuais da população residente"
1120313;Vila Verde;54.6;2017;0008261;"Índice de dependência total (N.º) por Local de residência (NUTS - 2013); Anual - INE, Estimativas anuais da população residente"
11A1317;Vila Nova de Gaia;54.6;2017;0008261;"Índice de dependência total (N.º) por Local de residência (NUTS - 2013); Anual - INE, Estimativas anuais da população residente"
16D0110;Ílhavo;54.6;2017;0008261;"Índice de dependência total (N.º) por Local de residência (NUTS - 2013); Anual - INE, Estimativas anuais da população residente"
11C1301;Amarante;54.7;2017;0008261;"Índice de dependência total (N.º) por Local de residência (NUTS - 2013); Anual - INE, Estimativas anuais da população residente"
1701508;Palmela;54.7;2017;0008261;"Índice de dependência total (N.º) por Local de residência (NUTS - 2013); Anual - INE, Estimativas anuais da população residente"
11A;Área Metropolitana do Porto;54.8;2017;0008261;"Índice de dependência total (N.º) por Local de residência (NUTS - 2013); Anual - INE, Estimativas anuais da população residente"
1701511;Sesimbra;55.1;2017;0008261;"Índice de dependência total (N.º) por Local de residência (NUTS - 2013); Anual - INE, Estimativas anuais da população residente"
1840204;Barrancos;55.3;2017;0008261;"Índice de dependência total (N.º) por Local de residência (NUTS - 2013); Anual - INE, Estimativas anuais da população residente"
1190304;Cabeceiras de Basto;55.4;2017;0008261;"Índice de dependência total (N.º) por Local de residência (NUTS - 2013); Anual - INE, Estimativas anuais da população residente"
11;Norte;55.8;2017;0008261;"Índice de dependência total (N.º) por Local de residência (NUTS - 2013); Anual - INE, Estimativas anuais da população residente"
16D0102;Albergaria-a-Velha;55.8;2017;0008261;"Índice de dependência total (N.º) por Local de residência (NUTS - 2013); Anual - INE, Estimativas anuais da população residente"
16B1113;Torres Vedras;56.3;2017;0008261;"Índice de dependência total (N.º) por Local de residência (NUTS - 2013); Anual - INE, Estimativas anuais da população residente"
1851103;Azambuja;56.3;2017;0008261;"Índice de dependência total (N.º) por Local de residência (NUTS - 2013); Anual - INE, Estimativas anuais da população residente"
11A0113;Oliveira de Azeméis;56.4;2017;0008261;"Índice de dependência total (N.º) por Local de residência (NUTS - 2013); Anual - INE, Estimativas anuais da população residente"
16E0607;Lousã;56.5;2017;0008261;"Índice de dependência total (N.º) por Local de residência (NUTS - 2013); Anual - INE, Estimativas anuais da população residente"
2004501;Calheta;56.5;2017;0008261;"Índice de dependência total (N.º) por Local de residência (NUTS - 2013); Anual - INE, Estimativas anuais da população residente"
16E0604;Condeixa-a-Nova;56.6;2017;0008261;"Índice de dependência total (N.º) por Local de residência (NUTS - 2013); Anual - INE, Estimativas anuais da população residente"
11C0305;Celorico de Basto;57;2017;0008261;"Índice de dependência total (N.º) por Local de residência (NUTS - 2013); Anual - INE, Estimativas anuais da população residente"
16F1009;Leiria;57;2017;0008261;"Índice de dependência total (N.º) por Local de residência (NUTS - 2013); Anual - INE, Estimativas anuais da população residente"
1190307;Fafe;57.1;2017;0008261;"Índice de dependência total (N.º) por Local de residência (NUTS - 2013); Anual - INE, Estimativas anuais da população residente"
2004401;Santa Cruz da Graciosa;57.1;2017;0008261;"Índice de dependência total (N.º) por Local de residência (NUTS - 2013); Anual - INE, Estimativas anuais da população residente"
1500805;Faro;57.3;2017;0008261;"Índice de dependência total (N.º) por Local de residência (NUTS - 2013); Anual - INE, Estimativas anuais da população residente"
11A1308;Matosinhos;57.4;2017;0008261;"Índice de dependência total (N.º) por Local de residência (NUTS - 2013); Anual - INE, Estimativas anuais da população residente"
11D1714;Vila Real;57.4;2017;0008261;"Índice de dependência total (N.º) por Local de residência (NUTS - 2013); Anual - INE, Estimativas anuais da população residente"
16F1010;Marinha Grande;57.5;2017;0008261;"Índice de dependência total (N.º) por Local de residência (NUTS - 2013); Anual - INE, Estimativas anuais da população residente"
2004601;Lajes do Pico;57.5;2017;0008261;"Índice de dependência total (N.º) por Local de residência (NUTS - 2013); Anual - INE, Estimativas anuais da população residente"
1111607;Ponte de Lima;57.7;2017;0008261;"Índice de dependência total (N.º) por Local de residência (NUTS - 2013); Anual - INE, Estimativas anuais da população residente"
17;Área Metropolitana de Lisboa;57.7;2017;0008261;"Índice de dependência total (N.º) por Local de residência (NUTS - 2013); Anual - INE, Estimativas anuais da população residente"
170;Área Metropolitana de Lisboa;57.7;2017;0008261;"Índice de dependência total (N.º) por Local de residência (NUTS - 2013); Anual - INE, Estimativas anuais da população residente"
16D;Região de Aveiro;57.8;2017;0008261;"Índice de dependência total (N.º) por Local de residência (NUTS - 2013); Anual - INE, Estimativas anuais da população residente"
1701106;Lisboa;58;2017;0008261;"Índice de dependência total (N.º) por Local de residência (NUTS - 2013); Anual - INE, Estimativas anuais da população residente"
16D0114;Oliveira do Bairro;58.2;2017;0008261;"Índice de dependência total (N.º) por Local de residência (NUTS - 2013); Anual - INE, Estimativas anuais da população residente"
3003101;Calheta;58.2;2017;0008261;"Índice de dependência total (N.º) por Local de residência (NUTS - 2013); Anual - INE, Estimativas anuais da população residente"
11A1314;Santo Tirso;58.3;2017;0008261;"Índice de dependência total (N.º) por Local de residência (NUTS - 2013); Anual - INE, Estimativas anuais da população residente"
PT;Portugal;58.5;2017;0008261;"Índice de dependência total (N.º) por Local de residência (NUTS - 2013); Anual - INE, Estimativas anuais da população residente"
16I1408;Constância;58.6;2017;0008261;"Índice de dependência total (N.º) por Local de residência (NUTS - 2013); Anual - INE, Estimativas anuais da população residente"
11D1820;Tarouca;58.8;2017;0008261;"Índice de dependência total (N.º) por Local de residência (NUTS - 2013); Anual - INE, Estimativas anuais da população residente"
1;Continente;59.1;2017;0008261;"Índice de dependência total (N.º) por Local de residência (NUTS - 2013); Anual - INE, Estimativas anuais da população residente"
1840207;Cuba;59.1;2017;0008261;"Índice de dependência total (N.º) por Local de residência (NUTS - 2013); Anual - INE, Estimativas anuais da população residente"
16B;Oeste;59.2;2017;0008261;"Índice de dependência total (N.º) por Local de residência (NUTS - 2013); Anual - INE, Estimativas anuais da população residente"
1851414;Rio Maior;59.2;2017;0008261;"Índice de dependência total (N.º) por Local de residência (NUTS - 2013); Anual - INE, Estimativas anuais da população residente"
16E0609;Miranda do Corvo;59.4;2017;0008261;"Índice de dependência total (N.º) por Local de residência (NUTS - 2013); Anual - INE, Estimativas anuais da população residente"
16G1810;Oliveira de Frades;59.4;2017;0008261;"Índice de dependência total (N.º) por Local de residência (NUTS - 2013); Anual - INE, Estimativas anuais da população residente"
16J0907;Guarda;59.4;2017;0008261;"Índice de dependência total (N.º) por Local de residência (NUTS - 2013); Anual - INE, Estimativas anuais da população residente"
1701105;Cascais;59.4;2017;0008261;"Índice de dependência total (N.º) por Local de residência (NUTS - 2013); Anual - INE, Estimativas anuais da população residente"
1701510;Seixal;59.4;2017;0008261;"Índice de dependência total (N.º) por Local de residência (NUTS - 2013); Anual - INE, Estimativas anuais da população residente"
16D0108;Estarreja;59.5;2017;0008261;"Índice de dependência total (N.º) por Local de residência (NUTS - 2013); Anual - INE, Estimativas anuais da população residente"
16E0617;Vila Nova de Poiares;59.5;2017;0008261;"Índice de dependência total (N.º) por Local de residência (NUTS - 2013); Anual - INE, Estimativas anuais da população residente"
16G1823;Viseu;59.5;2017;0008261;"Índice de dependência total (N.º) por Local de residência (NUTS - 2013); Anual - INE, Estimativas anuais da população residente"
1701116;Odivelas;59.5;2017;0008261;"Índice de dependência total (N.º) por Local de residência (NUTS - 2013); Anual - INE, Estimativas anuais da população residente"
1500811;Portimão;59.6;2017;0008261;"Índice de dependência total (N.º) por Local de residência (NUTS - 2013); Anual - INE, Estimativas anuais da população residente"
16D0118;Vagos;59.6;2017;0008261;"Índice de dependência total (N.º) por Local de residência (NUTS - 2013); Anual - INE, Estimativas anuais da população residente"
1870705;Évora;59.6;2017;0008261;"Índice de dependência total (N.º) por Local de residência (NUTS - 2013); Anual - INE, Estimativas anuais da população residente"
1701506;Moita;59.7;2017;0008261;"Índice de dependência total (N.º) por Local de residência (NUTS - 2013); Anual - INE, Estimativas anuais da população residente"
11C1813;Resende;59.8;2017;0008261;"Índice de dependência total (N.º) por Local de residência (NUTS - 2013); Anual - INE, Estimativas anuais da população residente"
11D1805;Lamego;59.8;2017;0008261;"Índice de dependência total (N.º) por Local de residência (NUTS - 2013); Anual - INE, Estimativas anuais da população residente"
1500806;Lagoa;60;2017;0008261;"Índice de dependência total (N.º) por Local de residência (NUTS - 2013); Anual - INE, Estimativas anuais da população residente"
16F1004;Batalha;60;2017;0008261;"Índice de dependência total (N.º) por Local de residência (NUTS - 2013); Anual - INE, Estimativas anuais da população residente"
3003106;Porto Moniz;60;2017;0008261;"Índice de dependência total (N.º) por Local de residência (NUTS - 2013); Anual - INE, Estimativas anuais da população residente"
11A0104;Arouca;60.1;2017;0008261;"Índice de dependência total (N.º) por Local de residência (NUTS - 2013); Anual - INE, Estimativas anuais da população residente"
16D0112;Murtosa;60.2;2017;0008261;"Índice de dependência total (N.º) por Local de residência (NUTS - 2013); Anual - INE, Estimativas anuais da população residente"
1701115;Amadora;60.3;2017;0008261;"Índice de dependência total (N.º) por Local de residência (NUTS - 2013); Anual - INE, Estimativas anuais da população residente"
1811513;Sines;60.3;2017;0008261;"Índice de dependência total (N.º) por Local de residência (NUTS - 2013); Anual - INE, Estimativas anuais da população residente"
1851406;Cartaxo;60.3;2017;0008261;"Índice de dependência total (N.º) por Local de residência (NUTS - 2013); Anual - INE, Estimativas anuais da população residente"
3003110;São Vicente;60.3;2017;0008261;"Índice de dependência total (N.º) por Local de residência (NUTS - 2013); Anual - INE, Estimativas anuais da população residente"
11A1312;Porto;60.4;2017;0008261;"Índice de dependência total (N.º) por Local de residência (NUTS - 2013); Anual - INE, Estimativas anuais da população residente"
16F1016;Porto de Mós;60.4;2017;0008261;"Índice de dependência total (N.º) por Local de residência (NUTS - 2013); Anual - INE, Estimativas anuais da população residente"
11C1804;Cinfães;60.6;2017;0008261;"Índice de dependência total (N.º) por Local de residência (NUTS - 2013); Anual - INE, Estimativas anuais da população residente"
1840205;Beja;60.6;2017;0008261;"Índice de dependência total (N.º) por Local de residência (NUTS - 2013); Anual - INE, Estimativas anuais da população residente"
1500808;Loulé;60.8;2017;0008261;"Índice de dependência total (N.º) por Local de residência (NUTS - 2013); Anual - INE, Estimativas anuais da população residente"
1500810;Olhão;60.8;2017;0008261;"Índice de dependência total (N.º) por Local de residência (NUTS - 2013); Anual - INE, Estimativas anuais da população residente"
16B1006;Caldas da Rainha;60.8;2017;0008261;"Índice de dependência total (N.º) por Local de residência (NUTS - 2013); Anual - INE, Estimativas anuais da população residente"
15;Algarve;60.9;2017;0008261;"Índice de dependência total (N.º) por Local de residência (NUTS - 2013); Anual - INE, Estimativas anuais da população residente"
150;Algarve;60.9;2017;0008261;"Índice de dependência total (N.º) por Local de residência (NUTS - 2013); Anual - INE, Estimativas anuais da população residente"
16E0111;Mealhada;60.9;2017;0008261;"Índice de dependência total (N.º) por Local de residência (NUTS - 2013); Anual - INE, Estimativas anuais da população residente"
1701107;Loures;60.9;2017;0008261;"Índice de dependência total (N.º) por Local de residência (NUTS - 2013); Anual - INE, Estimativas anuais da população residente"
16B1001;Alcobaça;61;2017;0008261;"Índice de dependência total (N.º) por Local de residência (NUTS - 2013); Anual - INE, Estimativas anuais da população residente"
1861204;Campo Maior;61;2017;0008261;"Índice de dependência total (N.º) por Local de residência (NUTS - 2013); Anual - INE, Estimativas anuais da população residente"
16E0603;Coimbra;61.3;2017;0008261;"Índice de dependência total (N.º) por Local de residência (NUTS - 2013); Anual - INE, Estimativas anuais da população residente"
1701512;Setúbal;61.3;2017;0008261;"Índice de dependência total (N.º) por Local de residência (NUTS - 2013); Anual - INE, Estimativas anuais da população residente"
1111610;Vila Nova de Cerveira;61.4;2017;0008261;"Índice de dependência total (N.º) por Local de residência (NUTS - 2013); Anual - INE, Estimativas anuais da população residente"
11D1704;Mesão Frio;61.4;2017;0008261;"Índice de dependência total (N.º) por Local de residência (NUTS - 2013); Anual - INE, Estimativas anuais da população residente"
16F;Região de Leiria;61.4;2017;0008261;"Índice de dependência total (N.º) por Local de residência (NUTS - 2013); Anual - INE, Estimativas anuais da população residente"
185;Lezíria do Tejo;61.9;2017;0008261;"Índice de dependência total (N.º) por Local de residência (NUTS - 2013); Anual - INE, Estimativas anuais da população residente"
1870713;Viana do Alentejo;61.9;2017;0008261;"Índice de dependência total (N.º) por Local de residência (NUTS - 2013); Anual - INE, Estimativas anuais da população residente"
16B1108;Lourinhã;62;2017;0008261;"Índice de dependência total (N.º) por Local de residência (NUTS - 2013); Anual - INE, Estimativas anuais da população residente"
1701503;Almada;62;2017;0008261;"Índice de dependência total (N.º) por Local de residência (NUTS - 2013); Anual - INE, Estimativas anuais da população residente"
181;Alentejo Litoral;62;2017;0008261;"Índice de dependência total (N.º) por Local de residência (NUTS - 2013); Anual - INE, Estimativas anuais da população residente"
1851403;Almeirim;62.1;2017;0008261;"Índice de dependência total (N.º) por Local de residência (NUTS - 2013); Anual - INE, Estimativas anuais da população residente"
1111609;Viana do Castelo;62.2;2017;0008261;"Índice de dependência total (N.º) por Local de residência (NUTS - 2013); Anual - INE, Estimativas anuais da população residente"
16D0101;Águeda;62.3;2017;0008261;"Índice de dependência total (N.º) por Local de residência (NUTS - 2013); Anual - INE, Estimativas anuais da população residente"
1701110;Oeiras;62.4;2017;0008261;"Índice de dependência total (N.º) por Local de residência (NUTS - 2013); Anual - INE, Estimativas anuais da população residente"
1500807;Lagos;62.5;2017;0008261;"Índice de dependência total (N.º) por Local de residência (NUTS - 2013); Anual - INE, Estimativas anuais da população residente"
16B1012;Óbidos;62.5;2017;0008261;"Índice de dependência total (N.º) por Local de residência (NUTS - 2013); Anual - INE, Estimativas anuais da população residente"
1870714;Vila Viçosa;62.7;2017;0008261;"Índice de dependência total (N.º) por Local de residência (NUTS - 2013); Anual - INE, Estimativas anuais da população residente"
11D1708;Peso da Régua;62.9;2017;0008261;"Índice de dependência total (N.º) por Local de residência (NUTS - 2013); Anual - INE, Estimativas anuais da população residente"
1500813;Silves;63;2017;0008261;"Índice de dependência total (N.º) por Local de residência (NUTS - 2013); Anual - INE, Estimativas anuais da população residente"
1861207;Elvas;63.2;2017;0008261;"Índice de dependência total (N.º) por Local de residência (NUTS - 2013); Anual - INE, Estimativas anuais da população residente"
1840206;Castro Verde;63.3;2017;0008261;"Índice de dependência total (N.º) por Local de residência (NUTS - 2013); Anual - INE, Estimativas anuais da população residente"
16E0610;Montemor-o-Velho;63.4;2017;0008261;"Índice de dependência total (N.º) por Local de residência (NUTS - 2013); Anual - INE, Estimativas anuais da população residente"
16I1421;Ourém;63.4;2017;0008261;"Índice de dependência total (N.º) por Local de residência (NUTS - 2013); Anual - INE, Estimativas anuais da população residente"
1111608;Valença;63.5;2017;0008261;"Índice de dependência total (N.º) por Local de residência (NUTS - 2013); Anual - INE, Estimativas anuais da população residente"
1851415;Salvaterra de Magos;63.5;2017;0008261;"Índice de dependência total (N.º) por Local de residência (NUTS - 2013); Anual - INE, Estimativas anuais da população residente"
11D1815;São João da Pesqueira;63.7;2017;0008261;"Índice de dependência total (N.º) por Local de residência (NUTS - 2013); Anual - INE, Estimativas anuais da população residente"
1851416;Santarém;63.8;2017;0008261;"Índice de dependência total (N.º) por Local de residência (NUTS - 2013); Anual - INE, Estimativas anuais da população residente"
1870710;Redondo;63.8;2017;0008261;"Índice de dependência total (N.º) por Local de residência (NUTS - 2013); Anual - INE, Estimativas anuais da população residente"
1191705;Mondim de Basto;64;2017;0008261;"Índice de dependência total (N.º) por Local de residência (NUTS - 2013); Anual - INE, Estimativas anuais da população residente"
3003109;Santana;64;2017;0008261;"Índice de dependência total (N.º) por Local de residência (NUTS - 2013); Anual - INE, Estimativas anuais da população residente"
1701504;Barreiro;64.2;2017;0008261;"Índice de dependência total (N.º) por Local de residência (NUTS - 2013); Anual - INE, Estimativas anuais da população residente"
16;Centro;64.3;2017;0008261;"Índice de dependência total (N.º) por Local de residência (NUTS - 2013); Anual - INE, Estimativas anuais da população residente"
16B1011;Nazaré;64.3;2017;0008261;"Índice de dependência total (N.º) por Local de residência (NUTS - 2013); Anual - INE, Estimativas anuais da população residente"
16B1005;Bombarral;64.5;2017;0008261;"Índice de dependência total (N.º) por Local de residência (NUTS - 2013); Anual - INE, Estimativas anuais da população residente"
18;Alentejo;64.5;2017;0008261;"Índice de dependência total (N.º) por Local de residência (NUTS - 2013); Anual - INE, Estimativas anuais da população residente"
1870709;Portel;64.5;2017;0008261;"Índice de dependência total (N.º) por Local de residência (NUTS - 2013); Anual - INE, Estimativas anuais da população residente"
1870711;Reguengos de Monsaraz;64.6;2017;0008261;"Índice de dependência total (N.º) por Local de residência (NUTS - 2013); Anual - INE, Estimativas anuais da população residente"
1851412;Golegã;64.7;2017;0008261;"Índice de dependência total (N.º) por Local de residência (NUTS - 2013); Anual - INE, Estimativas anuais da população residente"
187;Alentejo Central;64.7;2017;0008261;"Índice de dependência total (N.º) por Local de residência (NUTS - 2013); Anual - INE, Estimativas anuais da população residente"
1870702;Arraiolos;64.9;2017;0008261;"Índice de dependência total (N.º) por Local de residência (NUTS - 2013); Anual - INE, Estimativas anuais da população residente"
1500812;São Brás de Alportel;65;2017;0008261;"Índice de dependência total (N.º) por Local de residência (NUTS - 2013); Anual - INE, Estimativas anuais da população residente"
16I1420;Vila Nova da Barquinha;65;2017;0008261;"Índice de dependência total (N.º) por Local de residência (NUTS - 2013); Anual - INE, Estimativas anuais da população residente"
11E0402;Bragança;65.3;2017;0008261;"Índice de dependência total (N.º) por Local de residência (NUTS - 2013); Anual - INE, Estimativas anuais da população residente"
1840214;Vidigueira;65.3;2017;0008261;"Índice de dependência total (N.º) por Local de residência (NUTS - 2013); Anual - INE, Estimativas anuais da população residente"
11A0107;Espinho;65.6;2017;0008261;"Índice de dependência total (N.º) por Local de residência (NUTS - 2013); Anual - INE, Estimativas anuais da população residente"
16B1014;Peniche;65.6;2017;0008261;"Índice de dependência total (N.º) por Local de residência (NUTS - 2013); Anual - INE, Estimativas anuais da população residente"
16E;Região de Coimbra;65.6;2017;0008261;"Índice de dependência total (N.º) por Local de residência (NUTS - 2013); Anual - INE, Estimativas anuais da população residente"
11D1801;Armamar;65.9;2017;0008261;"Índice de dependência total (N.º) por Local de residência (NUTS - 2013); Anual - INE, Estimativas anuais da população residente"
1811505;Grândola;66.2;2017;0008261;"Índice de dependência total (N.º) por Local de residência (NUTS - 2013); Anual - INE, Estimativas anuais da população residente"
1500816;Vila Real de Santo António;66.3;2017;0008261;"Índice de dependência total (N.º) por Local de residência (NUTS - 2013); Anual - INE, Estimativas anuais da população residente"
11A0119;Vale de Cambra;66.4;2017;0008261;"Índice de dependência total (N.º) por Local de residência (NUTS - 2013); Anual - INE, Estimativas anuais da população residente"
1500803;Aljezur;66.4;2017;0008261;"Índice de dependência total (N.º) por Local de residência (NUTS - 2013); Anual - INE, Estimativas anuais da população residente"
111;Alto Minho;66.5;2017;0008261;"Índice de dependência total (N.º) por Local de residência (NUTS - 2013); Anual - INE, Estimativas anuais da população residente"
11D;Douro;66.5;2017;0008261;"Índice de dependência total (N.º) por Local de residência (NUTS - 2013); Anual - INE, Estimativas anuais da população residente"
16E0605;Figueira da Foz;66.6;2017;0008261;"Índice de dependência total (N.º) por Local de residência (NUTS - 2013); Anual - INE, Estimativas anuais da população residente"
1120310;Terras de Bouro;66.7;2017;0008261;"Índice de dependência total (N.º) por Local de residência (NUTS - 2013); Anual - INE, Estimativas anuais da população residente"
184;Baixo Alentejo;66.7;2017;0008261;"Índice de dependência total (N.º) por Local de residência (NUTS - 2013); Anual - INE, Estimativas anuais da população residente"
16I1417;Sardoal;66.8;2017;0008261;"Índice de dependência total (N.º) por Local de residência (NUTS - 2013); Anual - INE, Estimativas anuais da população residente"
16E0611;Oliveira do Hospital;67.1;2017;0008261;"Índice de dependência total (N.º) por Local de residência (NUTS - 2013); Anual - INE, Estimativas anuais da população residente"
1840208;Ferreira do Alentejo;67.1;2017;0008261;"Índice de dependência total (N.º) por Local de residência (NUTS - 2013); Anual - INE, Estimativas anuais da população residente"
16I1419;Torres Novas;67.4;2017;0008261;"Índice de dependência total (N.º) por Local de residência (NUTS - 2013); Anual - INE, Estimativas anuais da população residente"
1870704;Estremoz;67.4;2017;0008261;"Índice de dependência total (N.º) por Local de residência (NUTS - 2013); Anual - INE, Estimativas anuais da população residente"
16G;Viseu Dão Lafões;67.5;2017;0008261;"Índice de dependência total (N.º) por Local de residência (NUTS - 2013); Anual - INE, Estimativas anuais da população residente"
1840213;Serpa;67.6;2017;0008261;"Índice de dependência total (N.º) por Local de residência (NUTS - 2013); Anual - INE, Estimativas anuais da população residente"
1851404;Alpiarça;67.6;2017;0008261;"Índice de dependência total (N.º) por Local de residência (NUTS - 2013); Anual - INE, Estimativas anuais da população residente"
16I;Médio Tejo;67.7;2017;0008261;"Índice de dependência total (N.º) por Local de residência (NUTS - 2013); Anual - INE, Estimativas anuais da população residente"
1840203;Alvito;67.7;2017;0008261;"Índice de dependência total (N.º) por Local de residência (NUTS - 2013); Anual - INE, Estimativas anuais da população residente"
16H0502;Castelo Branco;67.8;2017;0008261;"Índice de dependência total (N.º) por Local de residência (NUTS - 2013); Anual - INE, Estimativas anuais da população residente"
1500815;Vila do Bispo;67.9;2017;0008261;"Índice de dependência total (N.º) por Local de residência (NUTS - 2013); Anual - INE, Estimativas anuais da população residente"
1861214;Portalegre;67.9;2017;0008261;"Índice de dependência total (N.º) por Local de residência (NUTS - 2013); Anual - INE, Estimativas anuais da população residente"
1870701;Alandroal;68;2017;0008261;"Índice de dependência total (N.º) por Local de residência (NUTS - 2013); Anual - INE, Estimativas anuais da população residente"
16D0103;Anadia;68.4;2017;0008261;"Índice de dependência total (N.º) por Local de residência (NUTS - 2013); Anual - INE, Estimativas anuais da população residente"
1870703;Borba;68.4;2017;0008261;"Índice de dependência total (N.º) por Local de residência (NUTS - 2013); Anual - INE, Estimativas anuais da população residente"
1111606;Ponte da Barca;68.5;2017;0008261;"Índice de dependência total (N.º) por Local de residência (NUTS - 2013); Anual - INE, Estimativas anuais da população residente"
16I1402;Alcanena;68.5;2017;0008261;"Índice de dependência total (N.º) por Local de residência (NUTS - 2013); Anual - INE, Estimativas anuais da população residente"
16B1104;Cadaval;68.6;2017;0008261;"Índice de dependência total (N.º) por Local de residência (NUTS - 2013); Anual - INE, Estimativas anuais da população residente"
1190311;Vieira do Minho;69;2017;0008261;"Índice de dependência total (N.º) por Local de residência (NUTS - 2013); Anual - INE, Estimativas anuais da população residente"
16D0117;Sever do Vouga;69.2;2017;0008261;"Índice de dependência total (N.º) por Local de residência (NUTS - 2013); Anual - INE, Estimativas anuais da população residente"
16F1015;Pombal;69.2;2017;0008261;"Índice de dependência total (N.º) por Local de residência (NUTS - 2013); Anual - INE, Estimativas anuais da população residente"
1861211;Monforte;69.4;2017;0008261;"Índice de dependência total (N.º) por Local de residência (NUTS - 2013); Anual - INE, Estimativas anuais da população residente"
11D1818;Sernancelhe;69.5;2017;0008261;"Índice de dependência total (N.º) por Local de residência (NUTS - 2013); Anual - INE, Estimativas anuais da população residente"
1840201;Aljustrel;69.6;2017;0008261;"Índice de dependência total (N.º) por Local de residência (NUTS - 2013); Anual - INE, Estimativas anuais da população residente"
1111602;Caminha;69.7;2017;0008261;"Índice de dependência total (N.º) por Local de residência (NUTS - 2013); Anual - INE, Estimativas anuais da população residente"
1861208;Fronteira;69.9;2017;0008261;"Índice de dependência total (N.º) por Local de residência (NUTS - 2013); Anual - INE, Estimativas anuais da população residente"
1870712;Vendas Novas;69.9;2017;0008261;"Índice de dependência total (N.º) por Local de residência (NUTS - 2013); Anual - INE, Estimativas anuais da população residente"
16E0616;Tábua;70.1;2017;0008261;"Índice de dependência total (N.º) por Local de residência (NUTS - 2013); Anual - INE, Estimativas anuais da população residente"
16J0503;Covilhã;70.1;2017;0008261;"Índice de dependência total (N.º) por Local de residência (NUTS - 2013); Anual - INE, Estimativas anuais da população residente"
16E0614;Penela;70.3;2017;0008261;"Índice de dependência total (N.º) por Local de residência (NUTS - 2013); Anual - INE, Estimativas anuais da população residente"
16G1806;Mangualde;70.3;2017;0008261;"Índice de dependência total (N.º) por Local de residência (NUTS - 2013); Anual - INE, Estimativas anuais da população residente"
1111605;Paredes de Coura;70.6;2017;0008261;"Índice de dependência total (N.º) por Local de residência (NUTS - 2013); Anual - INE, Estimativas anuais da população residente"
16I1418;Tomar;70.7;2017;0008261;"Índice de dependência total (N.º) por Local de residência (NUTS - 2013); Anual - INE, Estimativas anuais da população residente"
186;Alto Alentejo;70.8;2017;0008261;"Índice de dependência total (N.º) por Local de residência (NUTS - 2013); Anual - INE, Estimativas anuais da população residente"
1861215;Sousel;70.8;2017;0008261;"Índice de dependência total (N.º) por Local de residência (NUTS - 2013); Anual - INE, Estimativas anuais da população residente"
1870708;Mourão;70.8;2017;0008261;"Índice de dependência total (N.º) por Local de residência (NUTS - 2013); Anual - INE, Estimativas anuais da população residente"
1861202;Arronches;71.3;2017;0008261;"Índice de dependência total (N.º) por Local de residência (NUTS - 2013); Anual - INE, Estimativas anuais da população residente"
1861213;Ponte de Sor;71.3;2017;0008261;"Índice de dependência total (N.º) por Local de residência (NUTS - 2013); Anual - INE, Estimativas anuais da população residente"
1870706;Montemor-o-Novo;71.3;2017;0008261;"Índice de dependência total (N.º) por Local de residência (NUTS - 2013); Anual - INE, Estimativas anuais da população residente"
11D1807;Moimenta da Beira;71.4;2017;0008261;"Índice de dependência total (N.º) por Local de residência (NUTS - 2013); Anual - INE, Estimativas anuais da população residente"
1840210;Moura;71.5;2017;0008261;"Índice de dependência total (N.º) por Local de residência (NUTS - 2013); Anual - INE, Estimativas anuais da população residente"
16I1401;Abrantes;71.7;2017;0008261;"Índice de dependência total (N.º) por Local de residência (NUTS - 2013); Anual - INE, Estimativas anuais da população residente"
1500814;Tavira;71.8;2017;0008261;"Índice de dependência total (N.º) por Local de residência (NUTS - 2013); Anual - INE, Estimativas anuais da população residente"
16G1817;Sátão;71.9;2017;0008261;"Índice de dependência total (N.º) por Local de residência (NUTS - 2013); Anual - INE, Estimativas anuais da população residente"
16E0602;Cantanhede;72.1;2017;0008261;"Índice de dependência total (N.º) por Local de residência (NUTS - 2013); Anual - INE, Estimativas anuais da população residente"
16G1824;Vouzela;72.2;2017;0008261;"Índice de dependência total (N.º) por Local de residência (NUTS - 2013); Anual - INE, Estimativas anuais da população residente"
16G1822;Vila Nova de Paiva;72.5;2017;0008261;"Índice de dependência total (N.º) por Local de residência (NUTS - 2013); Anual - INE, Estimativas anuais da população residente"
1851407;Chamusca;72.5;2017;0008261;"Índice de dependência total (N.º) por Local de residência (NUTS - 2013); Anual - INE, Estimativas anuais da população residente"
16E0608;Mira;72.8;2017;0008261;"Índice de dependência total (N.º) por Local de residência (NUTS - 2013); Anual - INE, Estimativas anuais da população residente"
16G1809;Nelas;72.8;2017;0008261;"Índice de dependência total (N.º) por Local de residência (NUTS - 2013); Anual - INE, Estimativas anuais da população residente"
11B1709;Ribeira de Pena;73;2017;0008261;"Índice de dependência total (N.º) por Local de residência (NUTS - 2013); Anual - INE, Estimativas anuais da população residente"
16F1003;Ansião;73;2017;0008261;"Índice de dependência total (N.º) por Local de residência (NUTS - 2013); Anual - INE, Estimativas anuais da população residente"
11D1819;Tabuaço;73.1;2017;0008261;"Índice de dependência total (N.º) por Local de residência (NUTS - 2013); Anual - INE, Estimativas anuais da população residente"
16I0509;Sertã;73.1;2017;0008261;"Índice de dependência total (N.º) por Local de residência (NUTS - 2013); Anual - INE, Estimativas anuais da população residente"
11D1711;Santa Marta de Penaguião;73.2;2017;0008261;"Índice de dependência total (N.º) por Local de residência (NUTS - 2013); Anual - INE, Estimativas anuais da população residente"
1811509;Santiago do Cacém;73.2;2017;0008261;"Índice de dependência total (N.º) por Local de residência (NUTS - 2013); Anual - INE, Estimativas anuais da população residente"
11D1710;Sabrosa;73.4;2017;0008261;"Índice de dependência total (N.º) por Local de residência (NUTS - 2013); Anual - INE, Estimativas anuais da população residente"
16I1411;Ferreira do Zêzere;73.4;2017;0008261;"Índice de dependência total (N.º) por Local de residência (NUTS - 2013); Anual - INE, Estimativas anuais da população residente"
16E0613;Penacova;73.5;2017;0008261;"Índice de dependência total (N.º) por Local de residência (NUTS - 2013); Anual - INE, Estimativas anuais da população residente"
16G1803;Castro Daire;73.7;2017;0008261;"Índice de dependência total (N.º) por Local de residência (NUTS - 2013); Anual - INE, Estimativas anuais da população residente"
16G1821;Tondela;73.8;2017;0008261;"Índice de dependência total (N.º) por Local de residência (NUTS - 2013); Anual - INE, Estimativas anuais da população residente"
16J0501;Belmonte;74.6;2017;0008261;"Índice de dependência total (N.º) por Local de residência (NUTS - 2013); Anual - INE, Estimativas anuais da população residente"
11D1701;Alijó;74.9;2017;0008261;"Índice de dependência total (N.º) por Local de residência (NUTS - 2013); Anual - INE, Estimativas anuais da população residente"
11D1812;Penedono;75.4;2017;0008261;"Índice de dependência total (N.º) por Local de residência (NUTS - 2013); Anual - INE, Estimativas anuais da população residente"
1840202;Almodôvar;75.8;2017;0008261;"Índice de dependência total (N.º) por Local de residência (NUTS - 2013); Anual - INE, Estimativas anuais da população residente"
16F1013;Pedrógão Grande;75.9;2017;0008261;"Índice de dependência total (N.º) por Local de residência (NUTS - 2013); Anual - INE, Estimativas anuais da população residente"
16G1802;Carregal do Sal;75.9;2017;0008261;"Índice de dependência total (N.º) por Local de residência (NUTS - 2013); Anual - INE, Estimativas anuais da população residente"
16G1816;São Pedro do Sul;76;2017;0008261;"Índice de dependência total (N.º) por Local de residência (NUTS - 2013); Anual - INE, Estimativas anuais da população residente"
16J0504;Fundão;76.1;2017;0008261;"Índice de dependência total (N.º) por Local de residência (NUTS - 2013); Anual - INE, Estimativas anuais da população residente"
11E0407;Mirandela;76.2;2017;0008261;"Índice de dependência total (N.º) por Local de residência (NUTS - 2013); Anual - INE, Estimativas anuais da população residente"
16J;Beiras e Serra da Estrela;76.3;2017;0008261;"Índice de dependência total (N.º) por Local de residência (NUTS - 2013); Anual - INE, Estimativas anuais da população residente"
1500804;Castro Marim;76.4;2017;0008261;"Índice de dependência total (N.º) por Local de residência (NUTS - 2013); Anual - INE, Estimativas anuais da população residente"
16G1814;Santa Comba Dão;76.4;2017;0008261;"Índice de dependência total (N.º) por Local de residência (NUTS - 2013); Anual - INE, Estimativas anuais da população residente"
1811501;Alcácer do Sal;76.4;2017;0008261;"Índice de dependência total (N.º) por Local de residência (NUTS - 2013); Anual - INE, Estimativas anuais da população residente"
11B1703;Chaves;76.8;2017;0008261;"Índice de dependência total (N.º) por Local de residência (NUTS - 2013); Anual - INE, Estimativas anuais da população residente"
1861201;Alter do Chão;77.1;2017;0008261;"Índice de dependência total (N.º) por Local de residência (NUTS - 2013); Anual - INE, Estimativas anuais da população residente"
16E0601;Arganil;77.6;2017;0008261;"Índice de dependência total (N.º) por Local de residência (NUTS - 2013); Anual - INE, Estimativas anuais da população residente"
1861203;Avis;77.6;2017;0008261;"Índice de dependência total (N.º) por Local de residência (NUTS - 2013); Anual - INE, Estimativas anuais da população residente"
16H;Beira Baixa;77.7;2017;0008261;"Índice de dependência total (N.º) por Local de residência (NUTS - 2013); Anual - INE, Estimativas anuais da população residente"
1840212;Ourique;77.7;2017;0008261;"Índice de dependência total (N.º) por Local de residência (NUTS - 2013); Anual - INE, Estimativas anuais da população residente"
1861210;Marvão;77.7;2017;0008261;"Índice de dependência total (N.º) por Local de residência (NUTS - 2013); Anual - INE, Estimativas anuais da população residente"
16F1007;Castanheira de Pêra;77.9;2017;0008261;"Índice de dependência total (N.º) por Local de residência (NUTS - 2013); Anual - INE, Estimativas anuais da população residente"
16E0615;Soure;78.1;2017;0008261;"Índice de dependência total (N.º) por Local de residência (NUTS - 2013); Anual - INE, Estimativas anuais da população residente"
11E;Terras de Trás-os-Montes;78.2;2017;0008261;"Índice de dependência total (N.º) por Local de residência (NUTS - 2013); Anual - INE, Estimativas anuais da população residente"
1851409;Coruche;78.4;2017;0008261;"Índice de dependência total (N.º) por Local de residência (NUTS - 2013); Anual - INE, Estimativas anuais da população residente"
1861205;Castelo de Vide;78.4;2017;0008261;"Índice de dependência total (N.º) por Local de residência (NUTS - 2013); Anual - INE, Estimativas anuais da população residente"
1111604;Monção;79.1;2017;0008261;"Índice de dependência total (N.º) por Local de residência (NUTS - 2013); Anual - INE, Estimativas anuais da população residente"
11B1713;Vila Pouca de Aguiar;79.7;2017;0008261;"Índice de dependência total (N.º) por Local de residência (NUTS - 2013); Anual - INE, Estimativas anuais da população residente"
11E0405;Macedo de Cavaleiros;79.7;2017;0008261;"Índice de dependência total (N.º) por Local de residência (NUTS - 2013); Anual - INE, Estimativas anuais da população residente"
1500809;Monchique;79.8;2017;0008261;"Índice de dependência total (N.º) por Local de residência (NUTS - 2013); Anual - INE, Estimativas anuais da população residente"
11D1707;Murça;80.6;2017;0008261;"Índice de dependência total (N.º) por Local de residência (NUTS - 2013); Anual - INE, Estimativas anuais da população residente"
16J0905;Fornos de Algodres;80.6;2017;0008261;"Índice de dependência total (N.º) por Local de residência (NUTS - 2013); Anual - INE, Estimativas anuais da população residente"
16F1008;Figueiró dos Vinhos;80.9;2017;0008261;"Índice de dependência total (N.º) por Local de residência (NUTS - 2013); Anual - INE, Estimativas anuais da população residente"
16G1811;Penalva do Castelo;81;2017;0008261;"Índice de dependência total (N.º) por Local de residência (NUTS - 2013); Anual - INE, Estimativas anuais da população residente"
16J0912;Seia;81.4;2017;0008261;"Índice de dependência total (N.º) por Local de residência (NUTS - 2013); Anual - INE, Estimativas anuais da população residente"
11E0410;Vila Flor;81.6;2017;0008261;"Índice de dependência total (N.º) por Local de residência (NUTS - 2013); Anual - INE, Estimativas anuais da população residente"
1840209;Mértola;82.2;2017;0008261;"Índice de dependência total (N.º) por Local de residência (NUTS - 2013); Anual - INE, Estimativas anuais da população residente"
11B;Alto Tâmega;82.6;2017;0008261;"Índice de dependência total (N.º) por Local de residência (NUTS - 2013); Anual - INE, Estimativas anuais da população residente"
16E0606;Góis;82.7;2017;0008261;"Índice de dependência total (N.º) por Local de residência (NUTS - 2013); Anual - INE, Estimativas anuais da população residente"
16J0903;Celorico da Beira;82.8;2017;0008261;"Índice de dependência total (N.º) por Local de residência (NUTS - 2013); Anual - INE, Estimativas anuais da população residente"
16F1002;Alvaiázere;83;2017;0008261;"Índice de dependência total (N.º) por Local de residência (NUTS - 2013); Anual - INE, Estimativas anuais da população residente"
1111601;Arcos de Valdevez;83.6;2017;0008261;"Índice de dependência total (N.º) por Local de residência (NUTS - 2013); Anual - INE, Estimativas anuais da população residente"
11D0914;Vila Nova de Foz Côa;83.8;2017;0008261;"Índice de dependência total (N.º) por Local de residência (NUTS - 2013); Anual - INE, Estimativas anuais da população residente"
1861206;Crato;84;2017;0008261;"Índice de dependência total (N.º) por Local de residência (NUTS - 2013); Anual - INE, Estimativas anuais da população residente"
16J0913;Trancoso;84.1;2017;0008261;"Índice de dependência total (N.º) por Local de residência (NUTS - 2013); Anual - INE, Estimativas anuais da população residente"
16E1808;Mortágua;84.3;2017;0008261;"Índice de dependência total (N.º) por Local de residência (NUTS - 2013); Anual - INE, Estimativas anuais da população residente"
16G0901;Aguiar da Beira;84.4;2017;0008261;"Índice de dependência total (N.º) por Local de residência (NUTS - 2013); Anual - INE, Estimativas anuais da população residente"
16J0908;Manteigas;85.7;2017;0008261;"Índice de dependência total (N.º) por Local de residência (NUTS - 2013); Anual - INE, Estimativas anuais da população residente"
11E0401;Alfândega da Fé;86.6;2017;0008261;"Índice de dependência total (N.º) por Local de residência (NUTS - 2013); Anual - INE, Estimativas anuais da população residente"
1870707;Mora;87;2017;0008261;"Índice de dependência total (N.º) por Local de residência (NUTS - 2013); Anual - INE, Estimativas anuais da população residente"
16J0909;Mêda;87.4;2017;0008261;"Índice de dependência total (N.º) por Local de residência (NUTS - 2013); Anual - INE, Estimativas anuais da população residente"
16H0508;Proença-a-Nova;87.9;2017;0008261;"Índice de dependência total (N.º) por Local de residência (NUTS - 2013); Anual - INE, Estimativas anuais da população residente"
11D0403;Carrazeda de Ansiães;89.1;2017;0008261;"Índice de dependência total (N.º) por Local de residência (NUTS - 2013); Anual - INE, Estimativas anuais da população residente"
11E0408;Mogadouro;89.4;2017;0008261;"Índice de dependência total (N.º) por Local de residência (NUTS - 2013); Anual - INE, Estimativas anuais da população residente"
16J0910;Pinhel;89.4;2017;0008261;"Índice de dependência total (N.º) por Local de residência (NUTS - 2013); Anual - INE, Estimativas anuais da população residente"
11B1702;Boticas;89.9;2017;0008261;"Índice de dependência total (N.º) por Local de residência (NUTS - 2013); Anual - INE, Estimativas anuais da população residente"
16J0906;Gouveia;90.1;2017;0008261;"Índice de dependência total (N.º) por Local de residência (NUTS - 2013); Anual - INE, Estimativas anuais da população residente"
16I0510;Vila de Rei;90.6;2017;0008261;"Índice de dependência total (N.º) por Local de residência (NUTS - 2013); Anual - INE, Estimativas anuais da população residente"
11D0404;Freixo de Espada à Cinta;90.9;2017;0008261;"Índice de dependência total (N.º) por Local de residência (NUTS - 2013); Anual - INE, Estimativas anuais da população residente"
16J0904;Figueira de Castelo Rodrigo;91.6;2017;0008261;"Índice de dependência total (N.º) por Local de residência (NUTS - 2013); Anual - INE, Estimativas anuais da população residente"
1861212;Nisa;92;2017;0008261;"Índice de dependência total (N.º) por Local de residência (NUTS - 2013); Anual - INE, Estimativas anuais da população residente"
11B1706;Montalegre;93.6;2017;0008261;"Índice de dependência total (N.º) por Local de residência (NUTS - 2013); Anual - INE, Estimativas anuais da população residente"
11E0406;Miranda do Douro;94;2017;0008261;"Índice de dependência total (N.º) por Local de residência (NUTS - 2013); Anual - INE, Estimativas anuais da população residente"
1861209;Gavião;94.5;2017;0008261;"Índice de dependência total (N.º) por Local de residência (NUTS - 2013); Anual - INE, Estimativas anuais da população residente"
16I1413;Mação;95.9;2017;0008261;"Índice de dependência total (N.º) por Local de residência (NUTS - 2013); Anual - INE, Estimativas anuais da população residente"
11B1712;Valpaços;96.9;2017;0008261;"Índice de dependência total (N.º) por Local de residência (NUTS - 2013); Anual - INE, Estimativas anuais da população residente"
11D0409;Torre de Moncorvo;98.1;2017;0008261;"Índice de dependência total (N.º) por Local de residência (NUTS - 2013); Anual - INE, Estimativas anuais da população residente"
16H0505;Idanha-a-Nova;100.9;2017;0008261;"Índice de dependência total (N.º) por Local de residência (NUTS - 2013); Anual - INE, Estimativas anuais da população residente"
16H0507;Penamacor;101.6;2017;0008261;"Índice de dependência total (N.º) por Local de residência (NUTS - 2013); Anual - INE, Estimativas anuais da população residente"
16J0902;Almeida;102.9;2017;0008261;"Índice de dependência total (N.º) por Local de residência (NUTS - 2013); Anual - INE, Estimativas anuais da população residente"
11E0411;Vimioso;103.4;2017;0008261;"Índice de dependência total (N.º) por Local de residência (NUTS - 2013); Anual - INE, Estimativas anuais da população residente"
1111603;Melgaço;103.5;2017;0008261;"Índice de dependência total (N.º) por Local de residência (NUTS - 2013); Anual - INE, Estimativas anuais da população residente"
16H0506;Oleiros;107;2017;0008261;"Índice de dependência total (N.º) por Local de residência (NUTS - 2013); Anual - INE, Estimativas anuais da população residente"
16E0612;Pampilhosa da Serra;108.4;2017;0008261;"Índice de dependência total (N.º) por Local de residência (NUTS - 2013); Anual - INE, Estimativas anuais da população residente"
16J0911;Sabugal;108.5;2017;0008261;"Índice de dependência total (N.º) por Local de residência (NUTS - 2013); Anual - INE, Estimativas anuais da população residente"
16H0511;Vila Velha de Ródão;108.6;2017;0008261;"Índice de dependência total (N.º) por Local de residência (NUTS - 2013); Anual - INE, Estimativas anuais da população residente"
11E0412;Vinhais;108.9;2017;0008261;"Índice de dependência total (N.º) por Local de residência (NUTS - 2013); Anual - INE, Estimativas anuais da população residente"
1500802;Alcoutim;111.3;2017;0008261;"Índice de dependência total (N.º) por Local de residência (NUTS - 2013); Anual - INE, Estimativas anuais da população residente"
2004201;Lagoa;41.6;2018;0008261;"Índice de dependência total (N.º) por Local de residência (NUTS - 2013); Anual - INE, Estimativas anuais da população residente"
3003108;Santa Cruz;42.2;2018;0008261;"Índice de dependência total (N.º) por Local de residência (NUTS - 2013); Anual - INE, Estimativas anuais da população residente"
2004205;Ribeira Grande;42.3;2018;0008261;"Índice de dependência total (N.º) por Local de residência (NUTS - 2013); Anual - INE, Estimativas anuais da população residente"
3003102;Câmara de Lobos;43.4;2018;0008261;"Índice de dependência total (N.º) por Local de residência (NUTS - 2013); Anual - INE, Estimativas anuais da população residente"
3003201;Porto Santo;43.4;2018;0008261;"Índice de dependência total (N.º) por Local de residência (NUTS - 2013); Anual - INE, Estimativas anuais da população residente"
2004206;Vila Franca do Campo;43.5;2018;0008261;"Índice de dependência total (N.º) por Local de residência (NUTS - 2013); Anual - INE, Estimativas anuais da população residente"
11C1305;Lousada;43.6;2018;0008261;"Índice de dependência total (N.º) por Local de residência (NUTS - 2013); Anual - INE, Estimativas anuais da população residente"
2004203;Ponta Delgada;43.7;2018;0008261;"Índice de dependência total (N.º) por Local de residência (NUTS - 2013); Anual - INE, Estimativas anuais da população residente"
11C1309;Paços de Ferreira;44.1;2018;0008261;"Índice de dependência total (N.º) por Local de residência (NUTS - 2013); Anual - INE, Estimativas anuais da população residente"
2004204;Povoação;45;2018;0008261;"Índice de dependência total (N.º) por Local de residência (NUTS - 2013); Anual - INE, Estimativas anuais da população residente"
11A1310;Paredes;45.3;2018;0008261;"Índice de dependência total (N.º) por Local de residência (NUTS - 2013); Anual - INE, Estimativas anuais da população residente"
2004901;Corvo;46;2018;0008261;"Índice de dependência total (N.º) por Local de residência (NUTS - 2013); Anual - INE, Estimativas anuais da população residente"
2;Região Autónoma dos Açores;46.5;2018;0008261;"Índice de dependência total (N.º) por Local de residência (NUTS - 2013); Anual - INE, Estimativas anuais da população residente"
20;Região Autónoma dos Açores;46.5;2018;0008261;"Índice de dependência total (N.º) por Local de residência (NUTS - 2013); Anual - INE, Estimativas anuais da população residente"
200;Região Autónoma dos Açores;46.5;2018;0008261;"Índice de dependência total (N.º) por Local de residência (NUTS - 2013); Anual - INE, Estimativas anuais da população residente"
11C1307;Marco de Canaveses;46.7;2018;0008261;"Índice de dependência total (N.º) por Local de residência (NUTS - 2013); Anual - INE, Estimativas anuais da população residente"
2004802;Santa Cruz das Flores;47.1;2018;0008261;"Índice de dependência total (N.º) por Local de residência (NUTS - 2013); Anual - INE, Estimativas anuais da população residente"
1190314;Vizela;47.2;2018;0008261;"Índice de dependência total (N.º) por Local de residência (NUTS - 2013); Anual - INE, Estimativas anuais da população residente"
11C1303;Felgueiras;47.6;2018;0008261;"Índice de dependência total (N.º) por Local de residência (NUTS - 2013); Anual - INE, Estimativas anuais da população residente"
11C1311;Penafiel;47.6;2018;0008261;"Índice de dependência total (N.º) por Local de residência (NUTS - 2013); Anual - INE, Estimativas anuais da população residente"
2004801;Lajes das Flores;47.9;2018;0008261;"Índice de dependência total (N.º) por Local de residência (NUTS - 2013); Anual - INE, Estimativas anuais da população residente"
2004101;Vila do Porto;48.1;2018;0008261;"Índice de dependência total (N.º) por Local de residência (NUTS - 2013); Anual - INE, Estimativas anuais da população residente"
11C;Tâmega e Sousa;48.9;2018;0008261;"Índice de dependência total (N.º) por Local de residência (NUTS - 2013); Anual - INE, Estimativas anuais da população residente"
1810211;Odemira;48.9;2018;0008261;"Índice de dependência total (N.º) por Local de residência (NUTS - 2013); Anual - INE, Estimativas anuais da população residente"
3003104;Machico;49.1;2018;0008261;"Índice de dependência total (N.º) por Local de residência (NUTS - 2013); Anual - INE, Estimativas anuais da população residente"
2004302;Vila da Praia da Vitória;49.3;2018;0008261;"Índice de dependência total (N.º) por Local de residência (NUTS - 2013); Anual - INE, Estimativas anuais da população residente"
3;Região Autónoma da Madeira;49.5;2018;0008261;"Índice de dependência total (N.º) por Local de residência (NUTS - 2013); Anual - INE, Estimativas anuais da população residente"
30;Região Autónoma da Madeira;49.5;2018;0008261;"Índice de dependência total (N.º) por Local de residência (NUTS - 2013); Anual - INE, Estimativas anuais da população residente"
300;Região Autónoma da Madeira;49.5;2018;0008261;"Índice de dependência total (N.º) por Local de residência (NUTS - 2013); Anual - INE, Estimativas anuais da população residente"
1120303;Braga;49.6;2018;0008261;"Índice de dependência total (N.º) por Local de residência (NUTS - 2013); Anual - INE, Estimativas anuais da população residente"
3003105;Ponta do Sol;49.6;2018;0008261;"Índice de dependência total (N.º) por Local de residência (NUTS - 2013); Anual - INE, Estimativas anuais da população residente"
11C0106;Castelo de Paiva;49.8;2018;0008261;"Índice de dependência total (N.º) por Local de residência (NUTS - 2013); Anual - INE, Estimativas anuais da população residente"
2004301;Angra do Heroísmo;49.9;2018;0008261;"Índice de dependência total (N.º) por Local de residência (NUTS - 2013); Anual - INE, Estimativas anuais da população residente"
3003107;Ribeira Brava;50;2018;0008261;"Índice de dependência total (N.º) por Local de residência (NUTS - 2013); Anual - INE, Estimativas anuais da população residente"
1500801;Albufeira;50.2;2018;0008261;"Índice de dependência total (N.º) por Local de residência (NUTS - 2013); Anual - INE, Estimativas anuais da população residente"
1120302;Barcelos;50.4;2018;0008261;"Índice de dependência total (N.º) por Local de residência (NUTS - 2013); Anual - INE, Estimativas anuais da população residente"
1701502;Alcochete;50.4;2018;0008261;"Índice de dependência total (N.º) por Local de residência (NUTS - 2013); Anual - INE, Estimativas anuais da população residente"
2004202;Nordeste;50.4;2018;0008261;"Índice de dependência total (N.º) por Local de residência (NUTS - 2013); Anual - INE, Estimativas anuais da população residente"
11A1306;Maia;50.5;2018;0008261;"Índice de dependência total (N.º) por Local de residência (NUTS - 2013); Anual - INE, Estimativas anuais da população residente"
11A1318;Trofa;50.6;2018;0008261;"Índice de dependência total (N.º) por Local de residência (NUTS - 2013); Anual - INE, Estimativas anuais da população residente"
11A1315;Valongo;50.7;2018;0008261;"Índice de dependência total (N.º) por Local de residência (NUTS - 2013); Anual - INE, Estimativas anuais da população residente"
2004502;Velas;50.7;2018;0008261;"Índice de dependência total (N.º) por Local de residência (NUTS - 2013); Anual - INE, Estimativas anuais da população residente"
112;Cávado;51;2018;0008261;"Índice de dependência total (N.º) por Local de residência (NUTS - 2013); Anual - INE, Estimativas anuais da população residente"
1701111;Sintra;51;2018;0008261;"Índice de dependência total (N.º) por Local de residência (NUTS - 2013); Anual - INE, Estimativas anuais da população residente"
1190312;Vila Nova de Famalicão;51.3;2018;0008261;"Índice de dependência total (N.º) por Local de residência (NUTS - 2013); Anual - INE, Estimativas anuais da população residente"
2004602;Madalena;51.4;2018;0008261;"Índice de dependência total (N.º) por Local de residência (NUTS - 2013); Anual - INE, Estimativas anuais da população residente"
1701109;Mafra;51.5;2018;0008261;"Índice de dependência total (N.º) por Local de residência (NUTS - 2013); Anual - INE, Estimativas anuais da população residente"
16B1102;Arruda dos Vinhos;51.6;2018;0008261;"Índice de dependência total (N.º) por Local de residência (NUTS - 2013); Anual - INE, Estimativas anuais da população residente"
2004701;Horta;51.7;2018;0008261;"Índice de dependência total (N.º) por Local de residência (NUTS - 2013); Anual - INE, Estimativas anuais da população residente"
1190308;Guimarães;51.9;2018;0008261;"Índice de dependência total (N.º) por Local de residência (NUTS - 2013); Anual - INE, Estimativas anuais da população residente"
1120306;Esposende;52.4;2018;0008261;"Índice de dependência total (N.º) por Local de residência (NUTS - 2013); Anual - INE, Estimativas anuais da população residente"
11A1313;Póvoa de Varzim;52.4;2018;0008261;"Índice de dependência total (N.º) por Local de residência (NUTS - 2013); Anual - INE, Estimativas anuais da população residente"
1851405;Benavente;52.6;2018;0008261;"Índice de dependência total (N.º) por Local de residência (NUTS - 2013); Anual - INE, Estimativas anuais da população residente"
3003103;Funchal;52.6;2018;0008261;"Índice de dependência total (N.º) por Local de residência (NUTS - 2013); Anual - INE, Estimativas anuais da população residente"
2004603;São Roque do Pico;52.7;2018;0008261;"Índice de dependência total (N.º) por Local de residência (NUTS - 2013); Anual - INE, Estimativas anuais da população residente"
119;Ave;52.9;2018;0008261;"Índice de dependência total (N.º) por Local de residência (NUTS - 2013); Anual - INE, Estimativas anuais da população residente"
16B1112;Sobral de Monte Agraço;52.9;2018;0008261;"Índice de dependência total (N.º) por Local de residência (NUTS - 2013); Anual - INE, Estimativas anuais da população residente"
11A1316;Vila do Conde;53;2018;0008261;"Índice de dependência total (N.º) por Local de residência (NUTS - 2013); Anual - INE, Estimativas anuais da população residente"
1701114;Vila Franca de Xira;53.3;2018;0008261;"Índice de dependência total (N.º) por Local de residência (NUTS - 2013); Anual - INE, Estimativas anuais da população residente"
1120301;Amares;53.5;2018;0008261;"Índice de dependência total (N.º) por Local de residência (NUTS - 2013); Anual - INE, Estimativas anuais da população residente"
11C1302;Baião;53.5;2018;0008261;"Índice de dependência total (N.º) por Local de residência (NUTS - 2013); Anual - INE, Estimativas anuais da população residente"
16B1101;Alenquer;53.5;2018;0008261;"Índice de dependência total (N.º) por Local de residência (NUTS - 2013); Anual - INE, Estimativas anuais da população residente"
16D0105;Aveiro;53.7;2018;0008261;"Índice de dependência total (N.º) por Local de residência (NUTS - 2013); Anual - INE, Estimativas anuais da população residente"
1701507;Montijo;53.7;2018;0008261;"Índice de dependência total (N.º) por Local de residência (NUTS - 2013); Anual - INE, Estimativas anuais da população residente"
11A0109;Santa Maria da Feira;53.8;2018;0008261;"Índice de dependência total (N.º) por Local de residência (NUTS - 2013); Anual - INE, Estimativas anuais da população residente"
11A0116;São João da Madeira;53.9;2018;0008261;"Índice de dependência total (N.º) por Local de residência (NUTS - 2013); Anual - INE, Estimativas anuais da população residente"
11A1304;Gondomar;54.2;2018;0008261;"Índice de dependência total (N.º) por Local de residência (NUTS - 2013); Anual - INE, Estimativas anuais da população residente"
1190309;Póvoa de Lanhoso;54.3;2018;0008261;"Índice de dependência total (N.º) por Local de residência (NUTS - 2013); Anual - INE, Estimativas anuais da população residente"
16I1410;Entroncamento;54.3;2018;0008261;"Índice de dependência total (N.º) por Local de residência (NUTS - 2013); Anual - INE, Estimativas anuais da população residente"
16D0115;Ovar;54.4;2018;0008261;"Índice de dependência total (N.º) por Local de residência (NUTS - 2013); Anual - INE, Estimativas anuais da população residente"
1120313;Vila Verde;54.6;2018;0008261;"Índice de dependência total (N.º) por Local de residência (NUTS - 2013); Anual - INE, Estimativas anuais da população residente"
11A1317;Vila Nova de Gaia;54.6;2018;0008261;"Índice de dependência total (N.º) por Local de residência (NUTS - 2013); Anual - INE, Estimativas anuais da população residente"
16D0110;Ílhavo;54.6;2018;0008261;"Índice de dependência total (N.º) por Local de residência (NUTS - 2013); Anual - INE, Estimativas anuais da população residente"
11C1301;Amarante;54.7;2018;0008261;"Índice de dependência total (N.º) por Local de residência (NUTS - 2013); Anual - INE, Estimativas anuais da população residente"
1701508;Palmela;54.7;2018;0008261;"Índice de dependência total (N.º) por Local de residência (NUTS - 2013); Anual - INE, Estimativas anuais da população residente"
11A;Área Metropolitana do Porto;54.8;2018;0008261;"Índice de dependência total (N.º) por Local de residência (NUTS - 2013); Anual - INE, Estimativas anuais da população residente"
1701511;Sesimbra;55.1;2018;0008261;"Índice de dependência total (N.º) por Local de residência (NUTS - 2013); Anual - INE, Estimativas anuais da população residente"
1840204;Barrancos;55.3;2018;0008261;"Índice de dependência total (N.º) por Local de residência (NUTS - 2013); Anual - INE, Estimativas anuais da população residente"
1190304;Cabeceiras de Basto;55.4;2018;0008261;"Índice de dependência total (N.º) por Local de residência (NUTS - 2013); Anual - INE, Estimativas anuais da população residente"
11;Norte;55.8;2018;0008261;"Índice de dependência total (N.º) por Local de residência (NUTS - 2013); Anual - INE, Estimativas anuais da população residente"
16D0102;Albergaria-a-Velha;55.8;2018;0008261;"Índice de dependência total (N.º) por Local de residência (NUTS - 2013); Anual - INE, Estimativas anuais da população residente"
16B1113;Torres Vedras;56.3;2018;0008261;"Índice de dependência total (N.º) por Local de residência (NUTS - 2013); Anual - INE, Estimativas anuais da população residente"
1851103;Azambuja;56.3;2018;0008261;"Índice de dependência total (N.º) por Local de residência (NUTS - 2013); Anual - INE, Estimativas anuais da população residente"
11A0113;Oliveira de Azeméis;56.4;2018;0008261;"Índice de dependência total (N.º) por Local de residência (NUTS - 2013); Anual - INE, Estimativas anuais da população residente"
16E0607;Lousã;56.5;2018;0008261;"Índice de dependência total (N.º) por Local de residência (NUTS - 2013); Anual - INE, Estimativas anuais da população residente"
2004501;Calheta;56.5;2018;0008261;"Índice de dependência total (N.º) por Local de residência (NUTS - 2013); Anual - INE, Estimativas anuais da população residente"
16E0604;Condeixa-a-Nova;56.6;2018;0008261;"Índice de dependência total (N.º) por Local de residência (NUTS - 2013); Anual - INE, Estimativas anuais da população residente"
11C0305;Celorico de Basto;57;2018;0008261;"Índice de dependência total (N.º) por Local de residência (NUTS - 2013); Anual - INE, Estimativas anuais da população residente"
16F1009;Leiria;57;2018;0008261;"Índice de dependência total (N.º) por Local de residência (NUTS - 2013); Anual - INE, Estimativas anuais da população residente"
1190307;Fafe;57.1;2018;0008261;"Índice de dependência total (N.º) por Local de residência (NUTS - 2013); Anual - INE, Estimativas anuais da população residente"
2004401;Santa Cruz da Graciosa;57.1;2018;0008261;"Índice de dependência total (N.º) por Local de residência (NUTS - 2013); Anual - INE, Estimativas anuais da população residente"
1500805;Faro;57.3;2018;0008261;"Índice de dependência total (N.º) por Local de residência (NUTS - 2013); Anual - INE, Estimativas anuais da população residente"
11A1308;Matosinhos;57.4;2018;0008261;"Índice de dependência total (N.º) por Local de residência (NUTS - 2013); Anual - INE, Estimativas anuais da população residente"
11D1714;Vila Real;57.4;2018;0008261;"Índice de dependência total (N.º) por Local de residência (NUTS - 2013); Anual - INE, Estimativas anuais da população residente"
16F1010;Marinha Grande;57.5;2018;0008261;"Índice de dependência total (N.º) por Local de residência (NUTS - 2013); Anual - INE, Estimativas anuais da população residente"
2004601;Lajes do Pico;57.5;2018;0008261;"Índice de dependência total (N.º) por Local de residência (NUTS - 2013); Anual - INE, Estimativas anuais da população residente"
1111607;Ponte de Lima;57.7;2018;0008261;"Índice de dependência total (N.º) por Local de residência (NUTS - 2013); Anual - INE, Estimativas anuais da população residente"
17;Área Metropolitana de Lisboa;57.7;2018;0008261;"Índice de dependência total (N.º) por Local de residência (NUTS - 2013); Anual - INE, Estimativas anuais da população residente"
170;Área Metropolitana de Lisboa;57.7;2018;0008261;"Índice de dependência total (N.º) por Local de residência (NUTS - 2013); Anual - INE, Estimativas anuais da população residente"
16D;Região de Aveiro;57.8;2018;0008261;"Índice de dependência total (N.º) por Local de residência (NUTS - 2013); Anual - INE, Estimativas anuais da população residente"
1701106;Lisboa;58;2018;0008261;"Índice de dependência total (N.º) por Local de residência (NUTS - 2013); Anual - INE, Estimativas anuais da população residente"
16D0114;Oliveira do Bairro;58.2;2018;0008261;"Índice de dependência total (N.º) por Local de residência (NUTS - 2013); Anual - INE, Estimativas anuais da população residente"
3003101;Calheta;58.2;2018;0008261;"Índice de dependência total (N.º) por Local de residência (NUTS - 2013); Anual - INE, Estimativas anuais da população residente"
11A1314;Santo Tirso;58.3;2018;0008261;"Índice de dependência total (N.º) por Local de residência (NUTS - 2013); Anual - INE, Estimativas anuais da população residente"
PT;Portugal;58.5;2018;0008261;"Índice de dependência total (N.º) por Local de residência (NUTS - 2013); Anual - INE, Estimativas anuais da população residente"
16I1408;Constância;58.6;2018;0008261;"Índice de dependência total (N.º) por Local de residência (NUTS - 2013); Anual - INE, Estimativas anuais da população residente"
11D1820;Tarouca;58.8;2018;0008261;"Índice de dependência total (N.º) por Local de residência (NUTS - 2013); Anual - INE, Estimativas anuais da população residente"
1;Continente;59.1;2018;0008261;"Índice de dependência total (N.º) por Local de residência (NUTS - 2013); Anual - INE, Estimativas anuais da população residente"
1840207;Cuba;59.1;2018;0008261;"Índice de dependência total (N.º) por Local de residência (NUTS - 2013); Anual - INE, Estimativas anuais da população residente"
16B;Oeste;59.2;2018;0008261;"Índice de dependência total (N.º) por Local de residência (NUTS - 2013); Anual - INE, Estimativas anuais da população residente"
1851414;Rio Maior;59.2;2018;0008261;"Índice de dependência total (N.º) por Local de residência (NUTS - 2013); Anual - INE, Estimativas anuais da população residente"
16E0609;Miranda do Corvo;59.4;2018;0008261;"Índice de dependência total (N.º) por Local de residência (NUTS - 2013); Anual - INE, Estimativas anuais da população residente"
16G1810;Oliveira de Frades;59.4;2018;0008261;"Índice de dependência total (N.º) por Local de residência (NUTS - 2013); Anual - INE, Estimativas anuais da população residente"
16J0907;Guarda;59.4;2018;0008261;"Índice de dependência total (N.º) por Local de residência (NUTS - 2013); Anual - INE, Estimativas anuais da população residente"
1701105;Cascais;59.4;2018;0008261;"Índice de dependência total (N.º) por Local de residência (NUTS - 2013); Anual - INE, Estimativas anuais da população residente"
1701510;Seixal;59.4;2018;0008261;"Índice de dependência total (N.º) por Local de residência (NUTS - 2013); Anual - INE, Estimativas anuais da população residente"
16D0108;Estarreja;59.5;2018;0008261;"Índice de dependência total (N.º) por Local de residência (NUTS - 2013); Anual - INE, Estimativas anuais da população residente"
16E0617;Vila Nova de Poiares;59.5;2018;0008261;"Índice de dependência total (N.º) por Local de residência (NUTS - 2013); Anual - INE, Estimativas anuais da população residente"
16G1823;Viseu;59.5;2018;0008261;"Índice de dependência total (N.º) por Local de residência (NUTS - 2013); Anual - INE, Estimativas anuais da população residente"
1701116;Odivelas;59.5;2018;0008261;"Índice de dependência total (N.º) por Local de residência (NUTS - 2013); Anual - INE, Estimativas anuais da população residente"
1500811;Portimão;59.6;2018;0008261;"Índice de dependência total (N.º) por Local de residência (NUTS - 2013); Anual - INE, Estimativas anuais da população residente"
16D0118;Vagos;59.6;2018;0008261;"Índice de dependência total (N.º) por Local de residência (NUTS - 2013); Anual - INE, Estimativas anuais da população residente"
1870705;Évora;59.6;2018;0008261;"Índice de dependência total (N.º) por Local de residência (NUTS - 2013); Anual - INE, Estimativas anuais da população residente"
1701506;Moita;59.7;2018;0008261;"Índice de dependência total (N.º) por Local de residência (NUTS - 2013); Anual - INE, Estimativas anuais da população residente"
11C1813;Resende;59.8;2018;0008261;"Índice de dependência total (N.º) por Local de residência (NUTS - 2013); Anual - INE, Estimativas anuais da população residente"
11D1805;Lamego;59.8;2018;0008261;"Índice de dependência total (N.º) por Local de residência (NUTS - 2013); Anual - INE, Estimativas anuais da população residente"
1500806;Lagoa;60;2018;0008261;"Índice de dependência total (N.º) por Local de residência (NUTS - 2013); Anual - INE, Estimativas anuais da população residente"
16F1004;Batalha;60;2018;0008261;"Índice de dependência total (N.º) por Local de residência (NUTS - 2013); Anual - INE, Estimativas anuais da população residente"
3003106;Porto Moniz;60;2018;0008261;"Índice de dependência total (N.º) por Local de residência (NUTS - 2013); Anual - INE, Estimativas anuais da população residente"
11A0104;Arouca;60.1;2018;0008261;"Índice de dependência total (N.º) por Local de residência (NUTS - 2013); Anual - INE, Estimativas anuais da população residente"
16D0112;Murtosa;60.2;2018;0008261;"Índice de dependência total (N.º) por Local de residência (NUTS - 2013); Anual - INE, Estimativas anuais da população residente"
1701115;Amadora;60.3;2018;0008261;"Índice de dependência total (N.º) por Local de residência (NUTS - 2013); Anual - INE, Estimativas anuais da população residente"
1811513;Sines;60.3;2018;0008261;"Índice de dependência total (N.º) por Local de residência (NUTS - 2013); Anual - INE, Estimativas anuais da população residente"
1851406;Cartaxo;60.3;2018;0008261;"Índice de dependência total (N.º) por Local de residência (NUTS - 2013); Anual - INE, Estimativas anuais da população residente"
3003110;São Vicente;60.3;2018;0008261;"Índice de dependência total (N.º) por Local de residência (NUTS - 2013); Anual - INE, Estimativas anuais da população residente"
11A1312;Porto;60.4;2018;0008261;"Índice de dependência total (N.º) por Local de residência (NUTS - 2013); Anual - INE, Estimativas anuais da população residente"
16F1016;Porto de Mós;60.4;2018;0008261;"Índice de dependência total (N.º) por Local de residência (NUTS - 2013); Anual - INE, Estimativas anuais da população residente"
11C1804;Cinfães;60.6;2018;0008261;"Índice de dependência total (N.º) por Local de residência (NUTS - 2013); Anual - INE, Estimativas anuais da população residente"
1840205;Beja;60.6;2018;0008261;"Índice de dependência total (N.º) por Local de residência (NUTS - 2013); Anual - INE, Estimativas anuais da população residente"
1500808;Loulé;60.8;2018;0008261;"Índice de dependência total (N.º) por Local de residência (NUTS - 2013); Anual - INE, Estimativas anuais da população residente"
1500810;Olhão;60.8;2018;0008261;"Índice de dependência total (N.º) por Local de residência (NUTS - 2013); Anual - INE, Estimativas anuais da população residente"
16B1006;Caldas da Rainha;60.8;2018;0008261;"Índice de dependência total (N.º) por Local de residência (NUTS - 2013); Anual - INE, Estimativas anuais da população residente"
15;Algarve;60.9;2018;0008261;"Índice de dependência total (N.º) por Local de residência (NUTS - 2013); Anual - INE, Estimativas anuais da população residente"
150;Algarve;60.9;2018;0008261;"Índice de dependência total (N.º) por Local de residência (NUTS - 2013); Anual - INE, Estimativas anuais da população residente"
16E0111;Mealhada;60.9;2018;0008261;"Índice de dependência total (N.º) por Local de residência (NUTS - 2013); Anual - INE, Estimativas anuais da população residente"
1701107;Loures;60.9;2018;0008261;"Índice de dependência total (N.º) por Local de residência (NUTS - 2013); Anual - INE, Estimativas anuais da população residente"
16B1001;Alcobaça;61;2018;0008261;"Índice de dependência total (N.º) por Local de residência (NUTS - 2013); Anual - INE, Estimativas anuais da população residente"
1861204;Campo Maior;61;2018;0008261;"Índice de dependência total (N.º) por Local de residência (NUTS - 2013); Anual - INE, Estimativas anuais da população residente"
16E0603;Coimbra;61.3;2018;0008261;"Índice de dependência total (N.º) por Local de residência (NUTS - 2013); Anual - INE, Estimativas anuais da população residente"
1701512;Setúbal;61.3;2018;0008261;"Índice de dependência total (N.º) por Local de residência (NUTS - 2013); Anual - INE, Estimativas anuais da população residente"
1111610;Vila Nova de Cerveira;61.4;2018;0008261;"Índice de dependência total (N.º) por Local de residência (NUTS - 2013); Anual - INE, Estimativas anuais da população residente"
11D1704;Mesão Frio;61.4;2018;0008261;"Índice de dependência total (N.º) por Local de residência (NUTS - 2013); Anual - INE, Estimativas anuais da população residente"
16F;Região de Leiria;61.4;2018;0008261;"Índice de dependência total (N.º) por Local de residência (NUTS - 2013); Anual - INE, Estimativas anuais da população residente"
185;Lezíria do Tejo;61.9;2018;0008261;"Índice de dependência total (N.º) por Local de residência (NUTS - 2013); Anual - INE, Estimativas anuais da população residente"
1870713;Viana do Alentejo;61.9;2018;0008261;"Índice de dependência total (N.º) por Local de residência (NUTS - 2013); Anual - INE, Estimativas anuais da população residente"
16B1108;Lourinhã;62;2018;0008261;"Índice de dependência total (N.º) por Local de residência (NUTS - 2013); Anual - INE, Estimativas anuais da população residente"
1701503;Almada;62;2018;0008261;"Índice de dependência total (N.º) por Local de residência (NUTS - 2013); Anual - INE, Estimativas anuais da população residente"
181;Alentejo Litoral;62;2018;0008261;"Índice de dependência total (N.º) por Local de residência (NUTS - 2013); Anual - INE, Estimativas anuais da população residente"
1851403;Almeirim;62.1;2018;0008261;"Índice de dependência total (N.º) por Local de residência (NUTS - 2013); Anual - INE, Estimativas anuais da população residente"
1111609;Viana do Castelo;62.2;2018;0008261;"Índice de dependência total (N.º) por Local de residência (NUTS - 2013); Anual - INE, Estimativas anuais da população residente"
16D0101;Águeda;62.3;2018;0008261;"Índice de dependência total (N.º) por Local de residência (NUTS - 2013); Anual - INE, Estimativas anuais da população residente"
1701110;Oeiras;62.4;2018;0008261;"Índice de dependência total (N.º) por Local de residência (NUTS - 2013); Anual - INE, Estimativas anuais da população residente"
1500807;Lagos;62.5;2018;0008261;"Índice de dependência total (N.º) por Local de residência (NUTS - 2013); Anual - INE, Estimativas anuais da população residente"
16B1012;Óbidos;62.5;2018;0008261;"Índice de dependência total (N.º) por Local de residência (NUTS - 2013); Anual - INE, Estimativas anuais da população residente"
1870714;Vila Viçosa;62.7;2018;0008261;"Índice de dependência total (N.º) por Local de residência (NUTS - 2013); Anual - INE, Estimativas anuais da população residente"
11D1708;Peso da Régua;62.9;2018;0008261;"Índice de dependência total (N.º) por Local de residência (NUTS - 2013); Anual - INE, Estimativas anuais da população residente"
1500813;Silves;63;2018;0008261;"Índice de dependência total (N.º) por Local de residência (NUTS - 2013); Anual - INE, Estimativas anuais da população residente"
1861207;Elvas;63.2;2018;0008261;"Índice de dependência total (N.º) por Local de residência (NUTS - 2013); Anual - INE, Estimativas anuais da população residente"
1840206;Castro Verde;63.3;2018;0008261;"Índice de dependência total (N.º) por Local de residência (NUTS - 2013); Anual - INE, Estimativas anuais da população residente"
16E0610;Montemor-o-Velho;63.4;2018;0008261;"Índice de dependência total (N.º) por Local de residência (NUTS - 2013); Anual - INE, Estimativas anuais da população residente"
16I1421;Ourém;63.4;2018;0008261;"Índice de dependência total (N.º) por Local de residência (NUTS - 2013); Anual - INE, Estimativas anuais da população residente"
1111608;Valença;63.5;2018;0008261;"Índice de dependência total (N.º) por Local de residência (NUTS - 2013); Anual - INE, Estimativas anuais da população residente"
1851415;Salvaterra de Magos;63.5;2018;0008261;"Índice de dependência total (N.º) por Local de residência (NUTS - 2013); Anual - INE, Estimativas anuais da população residente"
11D1815;São João da Pesqueira;63.7;2018;0008261;"Índice de dependência total (N.º) por Local de residência (NUTS - 2013); Anual - INE, Estimativas anuais da população residente"
1851416;Santarém;63.8;2018;0008261;"Índice de dependência total (N.º) por Local de residência (NUTS - 2013); Anual - INE, Estimativas anuais da população residente"
1870710;Redondo;63.8;2018;0008261;"Índice de dependência total (N.º) por Local de residência (NUTS - 2013); Anual - INE, Estimativas anuais da população residente"
1191705;Mondim de Basto;64;2018;0008261;"Índice de dependência total (N.º) por Local de residência (NUTS - 2013); Anual - INE, Estimativas anuais da população residente"
3003109;Santana;64;2018;0008261;"Índice de dependência total (N.º) por Local de residência (NUTS - 2013); Anual - INE, Estimativas anuais da população residente"
1701504;Barreiro;64.2;2018;0008261;"Índice de dependência total (N.º) por Local de residência (NUTS - 2013); Anual - INE, Estimativas anuais da população residente"
16;Centro;64.3;2018;0008261;"Índice de dependência total (N.º) por Local de residência (NUTS - 2013); Anual - INE, Estimativas anuais da população residente"
16B1011;Nazaré;64.3;2018;0008261;"Índice de dependência total (N.º) por Local de residência (NUTS - 2013); Anual - INE, Estimativas anuais da população residente"
16B1005;Bombarral;64.5;2018;0008261;"Índice de dependência total (N.º) por Local de residência (NUTS - 2013); Anual - INE, Estimativas anuais da população residente"
18;Alentejo;64.5;2018;0008261;"Índice de dependência total (N.º) por Local de residência (NUTS - 2013); Anual - INE, Estimativas anuais da população residente"
1870709;Portel;64.5;2018;0008261;"Índice de dependência total (N.º) por Local de residência (NUTS - 2013); Anual - INE, Estimativas anuais da população residente"
1870711;Reguengos de Monsaraz;64.6;2018;0008261;"Índice de dependência total (N.º) por Local de residência (NUTS - 2013); Anual - INE, Estimativas anuais da população residente"
1851412;Golegã;64.7;2018;0008261;"Índice de dependência total (N.º) por Local de residência (NUTS - 2013); Anual - INE, Estimativas anuais da população residente"
187;Alentejo Central;64.7;2018;0008261;"Índice de dependência total (N.º) por Local de residência (NUTS - 2013); Anual - INE, Estimativas anuais da população residente"
1870702;Arraiolos;64.9;2018;0008261;"Índice de dependência total (N.º) por Local de residência (NUTS - 2013); Anual - INE, Estimativas anuais da população residente"
1500812;São Brás de Alportel;65;2018;0008261;"Índice de dependência total (N.º) por Local de residência (NUTS - 2013); Anual - INE, Estimativas anuais da população residente"
16I1420;Vila Nova da Barquinha;65;2018;0008261;"Índice de dependência total (N.º) por Local de residência (NUTS - 2013); Anual - INE, Estimativas anuais da população residente"
11E0402;Bragança;65.3;2018;0008261;"Índice de dependência total (N.º) por Local de residência (NUTS - 2013); Anual - INE, Estimativas anuais da população residente"
1840214;Vidigueira;65.3;2018;0008261;"Índice de dependência total (N.º) por Local de residência (NUTS - 2013); Anual - INE, Estimativas anuais da população residente"
11A0107;Espinho;65.6;2018;0008261;"Índice de dependência total (N.º) por Local de residência (NUTS - 2013); Anual - INE, Estimativas anuais da população residente"
16B1014;Peniche;65.6;2018;0008261;"Índice de dependência total (N.º) por Local de residência (NUTS - 2013); Anual - INE, Estimativas anuais da população residente"
16E;Região de Coimbra;65.6;2018;0008261;"Índice de dependência total (N.º) por Local de residência (NUTS - 2013); Anual - INE, Estimativas anuais da população residente"
11D1801;Armamar;65.9;2018;0008261;"Índice de dependência total (N.º) por Local de residência (NUTS - 2013); Anual - INE, Estimativas anuais da população residente"
1811505;Grândola;66.2;2018;0008261;"Índice de dependência total (N.º) por Local de residência (NUTS - 2013); Anual - INE, Estimativas anuais da população residente"
1500816;Vila Real de Santo António;66.3;2018;0008261;"Índice de dependência total (N.º) por Local de residência (NUTS - 2013); Anual - INE, Estimativas anuais da população residente"
11A0119;Vale de Cambra;66.4;2018;0008261;"Índice de dependência total (N.º) por Local de residência (NUTS - 2013); Anual - INE, Estimativas anuais da população residente"
1500803;Aljezur;66.4;2018;0008261;"Índice de dependência total (N.º) por Local de residência (NUTS - 2013); Anual - INE, Estimativas anuais da população residente"
111;Alto Minho;66.5;2018;0008261;"Índice de dependência total (N.º) por Local de residência (NUTS - 2013); Anual - INE, Estimativas anuais da população residente"
11D;Douro;66.5;2018;0008261;"Índice de dependência total (N.º) por Local de residência (NUTS - 2013); Anual - INE, Estimativas anuais da população residente"
16E0605;Figueira da Foz;66.6;2018;0008261;"Índice de dependência total (N.º) por Local de residência (NUTS - 2013); Anual - INE, Estimativas anuais da população residente"
1120310;Terras de Bouro;66.7;2018;0008261;"Índice de dependência total (N.º) por Local de residência (NUTS - 2013); Anual - INE, Estimativas anuais da população residente"
184;Baixo Alentejo;66.7;2018;0008261;"Índice de dependência total (N.º) por Local de residência (NUTS - 2013); Anual - INE, Estimativas anuais da população residente"
16I1417;Sardoal;66.8;2018;0008261;"Índice de dependência total (N.º) por Local de residência (NUTS - 2013); Anual - INE, Estimativas anuais da população residente"
16E0611;Oliveira do Hospital;67.1;2018;0008261;"Índice de dependência total (N.º) por Local de residência (NUTS - 2013); Anual - INE, Estimativas anuais da população residente"
1840208;Ferreira do Alentejo;67.1;2018;0008261;"Índice de dependência total (N.º) por Local de residência (NUTS - 2013); Anual - INE, Estimativas anuais da população residente"
16I1419;Torres Novas;67.4;2018;0008261;"Índice de dependência total (N.º) por Local de residência (NUTS - 2013); Anual - INE, Estimativas anuais da população residente"
1870704;Estremoz;67.4;2018;0008261;"Índice de dependência total (N.º) por Local de residência (NUTS - 2013); Anual - INE, Estimativas anuais da população residente"
16G;Viseu Dão Lafões;67.5;2018;0008261;"Índice de dependência total (N.º) por Local de residência (NUTS - 2013); Anual - INE, Estimativas anuais da população residente"
1840213;Serpa;67.6;2018;0008261;"Índice de dependência total (N.º) por Local de residência (NUTS - 2013); Anual - INE, Estimativas anuais da população residente"
1851404;Alpiarça;67.6;2018;0008261;"Índice de dependência total (N.º) por Local de residência (NUTS - 2013); Anual - INE, Estimativas anuais da população residente"
16I;Médio Tejo;67.7;2018;0008261;"Índice de dependência total (N.º) por Local de residência (NUTS - 2013); Anual - INE, Estimativas anuais da população residente"
1840203;Alvito;67.7;2018;0008261;"Índice de dependência total (N.º) por Local de residência (NUTS - 2013); Anual - INE, Estimativas anuais da população residente"
16H0502;Castelo Branco;67.8;2018;0008261;"Índice de dependência total (N.º) por Local de residência (NUTS - 2013); Anual - INE, Estimativas anuais da população residente"
1500815;Vila do Bispo;67.9;2018;0008261;"Índice de dependência total (N.º) por Local de residência (NUTS - 2013); Anual - INE, Estimativas anuais da população residente"
1861214;Portalegre;67.9;2018;0008261;"Índice de dependência total (N.º) por Local de residência (NUTS - 2013); Anual - INE, Estimativas anuais da população residente"
1870701;Alandroal;68;2018;0008261;"Índice de dependência total (N.º) por Local de residência (NUTS - 2013); Anual - INE, Estimativas anuais da população residente"
16D0103;Anadia;68.4;2018;0008261;"Índice de dependência total (N.º) por Local de residência (NUTS - 2013); Anual - INE, Estimativas anuais da população residente"
1870703;Borba;68.4;2018;0008261;"Índice de dependência total (N.º) por Local de residência (NUTS - 2013); Anual - INE, Estimativas anuais da população residente"
1111606;Ponte da Barca;68.5;2018;0008261;"Índice de dependência total (N.º) por Local de residência (NUTS - 2013); Anual - INE, Estimativas anuais da população residente"
16I1402;Alcanena;68.5;2018;0008261;"Índice de dependência total (N.º) por Local de residência (NUTS - 2013); Anual - INE, Estimativas anuais da população residente"
16B1104;Cadaval;68.6;2018;0008261;"Índice de dependência total (N.º) por Local de residência (NUTS - 2013); Anual - INE, Estimativas anuais da população residente"
1190311;Vieira do Minho;69;2018;0008261;"Índice de dependência total (N.º) por Local de residência (NUTS - 2013); Anual - INE, Estimativas anuais da população residente"
16D0117;Sever do Vouga;69.2;2018;0008261;"Índice de dependência total (N.º) por Local de residência (NUTS - 2013); Anual - INE, Estimativas anuais da população residente"
16F1015;Pombal;69.2;2018;0008261;"Índice de dependência total (N.º) por Local de residência (NUTS - 2013); Anual - INE, Estimativas anuais da população residente"
1861211;Monforte;69.4;2018;0008261;"Índice de dependência total (N.º) por Local de residência (NUTS - 2013); Anual - INE, Estimativas anuais da população residente"
11D1818;Sernancelhe;69.5;2018;0008261;"Índice de dependência total (N.º) por Local de residência (NUTS - 2013); Anual - INE, Estimativas anuais da população residente"
1840201;Aljustrel;69.6;2018;0008261;"Índice de dependência total (N.º) por Local de residência (NUTS - 2013); Anual - INE, Estimativas anuais da população residente"
1111602;Caminha;69.7;2018;0008261;"Índice de dependência total (N.º) por Local de residência (NUTS - 2013); Anual - INE, Estimativas anuais da população residente"
1861208;Fronteira;69.9;2018;0008261;"Índice de dependência total (N.º) por Local de residência (NUTS - 2013); Anual - INE, Estimativas anuais da população residente"
1870712;Vendas Novas;69.9;2018;0008261;"Índice de dependência total (N.º) por Local de residência (NUTS - 2013); Anual - INE, Estimativas anuais da população residente"
16E0616;Tábua;70.1;2018;0008261;"Índice de dependência total (N.º) por Local de residência (NUTS - 2013); Anual - INE, Estimativas anuais da população residente"
16J0503;Covilhã;70.1;2018;0008261;"Índice de dependência total (N.º) por Local de residência (NUTS - 2013); Anual - INE, Estimativas anuais da população residente"
16E0614;Penela;70.3;2018;0008261;"Índice de dependência total (N.º) por Local de residência (NUTS - 2013); Anual - INE, Estimativas anuais da população residente"
16G1806;Mangualde;70.3;2018;0008261;"Índice de dependência total (N.º) por Local de residência (NUTS - 2013); Anual - INE, Estimativas anuais da população residente"
1111605;Paredes de Coura;70.6;2018;0008261;"Índice de dependência total (N.º) por Local de residência (NUTS - 2013); Anual - INE, Estimativas anuais da população residente"
16I1418;Tomar;70.7;2018;0008261;"Índice de dependência total (N.º) por Local de residência (NUTS - 2013); Anual - INE, Estimativas anuais da população residente"
186;Alto Alentejo;70.8;2018;0008261;"Índice de dependência total (N.º) por Local de residência (NUTS - 2013); Anual - INE, Estimativas anuais da população residente"
1861215;Sousel;70.8;2018;0008261;"Índice de dependência total (N.º) por Local de residência (NUTS - 2013); Anual - INE, Estimativas anuais da população residente"
1870708;Mourão;70.8;2018;0008261;"Índice de dependência total (N.º) por Local de residência (NUTS - 2013); Anual - INE, Estimativas anuais da população residente"
1861202;Arronches;71.3;2018;0008261;"Índice de dependência total (N.º) por Local de residência (NUTS - 2013); Anual - INE, Estimativas anuais da população residente"
1861213;Ponte de Sor;71.3;2018;0008261;"Índice de dependência total (N.º) por Local de residência (NUTS - 2013); Anual - INE, Estimativas anuais da população residente"
1870706;Montemor-o-Novo;71.3;2018;0008261;"Índice de dependência total (N.º) por Local de residência (NUTS - 2013); Anual - INE, Estimativas anuais da população residente"
11D1807;Moimenta da Beira;71.4;2018;0008261;"Índice de dependência total (N.º) por Local de residência (NUTS - 2013); Anual - INE, Estimativas anuais da população residente"
1840210;Moura;71.5;2018;0008261;"Índice de dependência total (N.º) por Local de residência (NUTS - 2013); Anual - INE, Estimativas anuais da população residente"
16I1401;Abrantes;71.7;2018;0008261;"Índice de dependência total (N.º) por Local de residência (NUTS - 2013); Anual - INE, Estimativas anuais da população residente"
1500814;Tavira;71.8;2018;0008261;"Índice de dependência total (N.º) por Local de residência (NUTS - 2013); Anual - INE, Estimativas anuais da população residente"
16G1817;Sátão;71.9;2018;0008261;"Índice de dependência total (N.º) por Local de residência (NUTS - 2013); Anual - INE, Estimativas anuais da população residente"
16E0602;Cantanhede;72.1;2018;0008261;"Índice de dependência total (N.º) por Local de residência (NUTS - 2013); Anual - INE, Estimativas anuais da população residente"
16G1824;Vouzela;72.2;2018;0008261;"Índice de dependência total (N.º) por Local de residência (NUTS - 2013); Anual - INE, Estimativas anuais da população residente"
16G1822;Vila Nova de Paiva;72.5;2018;0008261;"Índice de dependência total (N.º) por Local de residência (NUTS - 2013); Anual - INE, Estimativas anuais da população residente"
1851407;Chamusca;72.5;2018;0008261;"Índice de dependência total (N.º) por Local de residência (NUTS - 2013); Anual - INE, Estimativas anuais da população residente"
16E0608;Mira;72.8;2018;0008261;"Índice de dependência total (N.º) por Local de residência (NUTS - 2013); Anual - INE, Estimativas anuais da população residente"
16G1809;Nelas;72.8;2018;0008261;"Índice de dependência total (N.º) por Local de residência (NUTS - 2013); Anual - INE, Estimativas anuais da população residente"
11B1709;Ribeira de Pena;73;2018;0008261;"Índice de dependência total (N.º) por Local de residência (NUTS - 2013); Anual - INE, Estimativas anuais da população residente"
16F1003;Ansião;73;2018;0008261;"Índice de dependência total (N.º) por Local de residência (NUTS - 2013); Anual - INE, Estimativas anuais da população residente"
11D1819;Tabuaço;73.1;2018;0008261;"Índice de dependência total (N.º) por Local de residência (NUTS - 2013); Anual - INE, Estimativas anuais da população residente"
16I0509;Sertã;73.1;2018;0008261;"Índice de dependência total (N.º) por Local de residência (NUTS - 2013); Anual - INE, Estimativas anuais da população residente"
11D1711;Santa Marta de Penaguião;73.2;2018;0008261;"Índice de dependência total (N.º) por Local de residência (NUTS - 2013); Anual - INE, Estimativas anuais da população residente"
1811509;Santiago do Cacém;73.2;2018;0008261;"Índice de dependência total (N.º) por Local de residência (NUTS - 2013); Anual - INE, Estimativas anuais da população residente"
11D1710;Sabrosa;73.4;2018;0008261;"Índice de dependência total (N.º) por Local de residência (NUTS - 2013); Anual - INE, Estimativas anuais da população residente"
16I1411;Ferreira do Zêzere;73.4;2018;0008261;"Índice de dependência total (N.º) por Local de residência (NUTS - 2013); Anual - INE, Estimativas anuais da população residente"
16E0613;Penacova;73.5;2018;0008261;"Índice de dependência total (N.º) por Local de residência (NUTS - 2013); Anual - INE, Estimativas anuais da população residente"
16G1803;Castro Daire;73.7;2018;0008261;"Índice de dependência total (N.º) por Local de residência (NUTS - 2013); Anual - INE, Estimativas anuais da população residente"
16G1821;Tondela;73.8;2018;0008261;"Índice de dependência total (N.º) por Local de residência (NUTS - 2013); Anual - INE, Estimativas anuais da população residente"
16J0501;Belmonte;74.6;2018;0008261;"Índice de dependência total (N.º) por Local de residência (NUTS - 2013); Anual - INE, Estimativas anuais da população residente"
11D1701;Alijó;74.9;2018;0008261;"Índice de dependência total (N.º) por Local de residência (NUTS - 2013); Anual - INE, Estimativas anuais da população residente"
11D1812;Penedono;75.4;2018;0008261;"Índice de dependência total (N.º) por Local de residência (NUTS - 2013); Anual - INE, Estimativas anuais da população residente"
1840202;Almodôvar;75.8;2018;0008261;"Índice de dependência total (N.º) por Local de residência (NUTS - 2013); Anual - INE, Estimativas anuais da população residente"
16F1013;Pedrógão Grande;75.9;2018;0008261;"Índice de dependência total (N.º) por Local de residência (NUTS - 2013); Anual - INE, Estimativas anuais da população residente"
16G1802;Carregal do Sal;75.9;2018;0008261;"Índice de dependência total (N.º) por Local de residência (NUTS - 2013); Anual - INE, Estimativas anuais da população residente"
16G1816;São Pedro do Sul;76;2018;0008261;"Índice de dependência total (N.º) por Local de residência (NUTS - 2013); Anual - INE, Estimativas anuais da população residente"
16J0504;Fundão;76.1;2018;0008261;"Índice de dependência total (N.º) por Local de residência (NUTS - 2013); Anual - INE, Estimativas anuais da população residente"
11E0407;Mirandela;76.2;2018;0008261;"Índice de dependência total (N.º) por Local de residência (NUTS - 2013); Anual - INE, Estimativas anuais da população residente"
16J;Beiras e Serra da Estrela;76.3;2018;0008261;"Índice de dependência total (N.º) por Local de residência (NUTS - 2013); Anual - INE, Estimativas anuais da população residente"
1500804;Castro Marim;76.4;2018;0008261;"Índice de dependência total (N.º) por Local de residência (NUTS - 2013); Anual - INE, Estimativas anuais da população residente"
16G1814;Santa Comba Dão;76.4;2018;0008261;"Índice de dependência total (N.º) por Local de residência (NUTS - 2013); Anual - INE, Estimativas anuais da população residente"
1811501;Alcácer do Sal;76.4;2018;0008261;"Índice de dependência total (N.º) por Local de residência (NUTS - 2013); Anual - INE, Estimativas anuais da população residente"
11B1703;Chaves;76.8;2018;0008261;"Índice de dependência total (N.º) por Local de residência (NUTS - 2013); Anual - INE, Estimativas anuais da população residente"
1861201;Alter do Chão;77.1;2018;0008261;"Índice de dependência total (N.º) por Local de residência (NUTS - 2013); Anual - INE, Estimativas anuais da população residente"
16E0601;Arganil;77.6;2018;0008261;"Índice de dependência total (N.º) por Local de residência (NUTS - 2013); Anual - INE, Estimativas anuais da população residente"
1861203;Avis;77.6;2018;0008261;"Índice de dependência total (N.º) por Local de residência (NUTS - 2013); Anual - INE, Estimativas anuais da população residente"
16H;Beira Baixa;77.7;2018;0008261;"Índice de dependência total (N.º) por Local de residência (NUTS - 2013); Anual - INE, Estimativas anuais da população residente"
1840212;Ourique;77.7;2018;0008261;"Índice de dependência total (N.º) por Local de residência (NUTS - 2013); Anual - INE, Estimativas anuais da população residente"
1861210;Marvão;77.7;2018;0008261;"Índice de dependência total (N.º) por Local de residência (NUTS - 2013); Anual - INE, Estimativas anuais da população residente"
16F1007;Castanheira de Pêra;77.9;2018;0008261;"Índice de dependência total (N.º) por Local de residência (NUTS - 2013); Anual - INE, Estimativas anuais da população residente"
16E0615;Soure;78.1;2018;0008261;"Índice de dependência total (N.º) por Local de residência (NUTS - 2013); Anual - INE, Estimativas anuais da população residente"
11E;Terras de Trás-os-Montes;78.2;2018;0008261;"Índice de dependência total (N.º) por Local de residência (NUTS - 2013); Anual - INE, Estimativas anuais da população residente"
1851409;Coruche;78.4;2018;0008261;"Índice de dependência total (N.º) por Local de residência (NUTS - 2013); Anual - INE, Estimativas anuais da população residente"
1861205;Castelo de Vide;78.4;2018;0008261;"Índice de dependência total (N.º) por Local de residência (NUTS - 2013); Anual - INE, Estimativas anuais da população residente"
1111604;Monção;79.1;2018;0008261;"Índice de dependência total (N.º) por Local de residência (NUTS - 2013); Anual - INE, Estimativas anuais da população residente"
11B1713;Vila Pouca de Aguiar;79.7;2018;0008261;"Índice de dependência total (N.º) por Local de residência (NUTS - 2013); Anual - INE, Estimativas anuais da população residente"
11E0405;Macedo de Cavaleiros;79.7;2018;0008261;"Índice de dependência total (N.º) por Local de residência (NUTS - 2013); Anual - INE, Estimativas anuais da população residente"
1500809;Monchique;79.8;2018;0008261;"Índice de dependência total (N.º) por Local de residência (NUTS - 2013); Anual - INE, Estimativas anuais da população residente"
11D1707;Murça;80.6;2018;0008261;"Índice de dependência total (N.º) por Local de residência (NUTS - 2013); Anual - INE, Estimativas anuais da população residente"
16J0905;Fornos de Algodres;80.6;2018;0008261;"Índice de dependência total (N.º) por Local de residência (NUTS - 2013); Anual - INE, Estimativas anuais da população residente"
16F1008;Figueiró dos Vinhos;80.9;2018;0008261;"Índice de dependência total (N.º) por Local de residência (NUTS - 2013); Anual - INE, Estimativas anuais da população residente"
16G1811;Penalva do Castelo;81;2018;0008261;"Índice de dependência total (N.º) por Local de residência (NUTS - 2013); Anual - INE, Estimativas anuais da população residente"
16J0912;Seia;81.4;2018;0008261;"Índice de dependência total (N.º) por Local de residência (NUTS - 2013); Anual - INE, Estimativas anuais da população residente"
11E0410;Vila Flor;81.6;2018;0008261;"Índice de dependência total (N.º) por Local de residência (NUTS - 2013); Anual - INE, Estimativas anuais da população residente"
1840209;Mértola;82.2;2018;0008261;"Índice de dependência total (N.º) por Local de residência (NUTS - 2013); Anual - INE, Estimativas anuais da população residente"
11B;Alto Tâmega;82.6;2018;0008261;"Índice de dependência total (N.º) por Local de residência (NUTS - 2013); Anual - INE, Estimativas anuais da população residente"
16E0606;Góis;82.7;2018;0008261;"Índice de dependência total (N.º) por Local de residência (NUTS - 2013); Anual - INE, Estimativas anuais da população residente"
16J0903;Celorico da Beira;82.8;2018;0008261;"Índice de dependência total (N.º) por Local de residência (NUTS - 2013); Anual - INE, Estimativas anuais da população residente"
16F1002;Alvaiázere;83;2018;0008261;"Índice de dependência total (N.º) por Local de residência (NUTS - 2013); Anual - INE, Estimativas anuais da população residente"
1111601;Arcos de Valdevez;83.6;2018;0008261;"Índice de dependência total (N.º) por Local de residência (NUTS - 2013); Anual - INE, Estimativas anuais da população residente"
11D0914;Vila Nova de Foz Côa;83.8;2018;0008261;"Índice de dependência total (N.º) por Local de residência (NUTS - 2013); Anual - INE, Estimativas anuais da população residente"
1861206;Crato;84;2018;0008261;"Índice de dependência total (N.º) por Local de residência (NUTS - 2013); Anual - INE, Estimativas anuais da população residente"
16J0913;Trancoso;84.1;2018;0008261;"Índice de dependência total (N.º) por Local de residência (NUTS - 2013); Anual - INE, Estimativas anuais da população residente"
16E1808;Mortágua;84.3;2018;0008261;"Índice de dependência total (N.º) por Local de residência (NUTS - 2013); Anual - INE, Estimativas anuais da população residente"
16G0901;Aguiar da Beira;84.4;2018;0008261;"Índice de dependência total (N.º) por Local de residência (NUTS - 2013); Anual - INE, Estimativas anuais da população residente"
16J0908;Manteigas;85.7;2018;0008261;"Índice de dependência total (N.º) por Local de residência (NUTS - 2013); Anual - INE, Estimativas anuais da população residente"
11E0401;Alfândega da Fé;86.6;2018;0008261;"Índice de dependência total (N.º) por Local de residência (NUTS - 2013); Anual - INE, Estimativas anuais da população residente"
1870707;Mora;87;2018;0008261;"Índice de dependência total (N.º) por Local de residência (NUTS - 2013); Anual - INE, Estimativas anuais da população residente"
16J0909;Mêda;87.4;2018;0008261;"Índice de dependência total (N.º) por Local de residência (NUTS - 2013); Anual - INE, Estimativas anuais da população residente"
16H0508;Proença-a-Nova;87.9;2018;0008261;"Índice de dependência total (N.º) por Local de residência (NUTS - 2013); Anual - INE, Estimativas anuais da população residente"
11D0403;Carrazeda de Ansiães;89.1;2018;0008261;"Índice de dependência total (N.º) por Local de residência (NUTS - 2013); Anual - INE, Estimativas anuais da população residente"
11E0408;Mogadouro;89.4;2018;0008261;"Índice de dependência total (N.º) por Local de residência (NUTS - 2013); Anual - INE, Estimativas anuais da população residente"
16J0910;Pinhel;89.4;2018;0008261;"Índice de dependência total (N.º) por Local de residência (NUTS - 2013); Anual - INE, Estimativas anuais da população residente"
11B1702;Boticas;89.9;2018;0008261;"Índice de dependência total (N.º) por Local de residência (NUTS - 2013); Anual - INE, Estimativas anuais da população residente"
16J0906;Gouveia;90.1;2018;0008261;"Índice de dependência total (N.º) por Local de residência (NUTS - 2013); Anual - INE, Estimativas anuais da população residente"
16I0510;Vila de Rei;90.6;2018;0008261;"Índice de dependência total (N.º) por Local de residência (NUTS - 2013); Anual - INE, Estimativas anuais da população residente"
11D0404;Freixo de Espada à Cinta;90.9;2018;0008261;"Índice de dependência total (N.º) por Local de residência (NUTS - 2013); Anual - INE, Estimativas anuais da população residente"
16J0904;Figueira de Castelo Rodrigo;91.6;2018;0008261;"Índice de dependência total (N.º) por Local de residência (NUTS - 2013); Anual - INE, Estimativas anuais da população residente"
1861212;Nisa;92;2018;0008261;"Índice de dependência total (N.º) por Local de residência (NUTS - 2013); Anual - INE, Estimativas anuais da população residente"
11B1706;Montalegre;93.6;2018;0008261;"Índice de dependência total (N.º) por Local de residência (NUTS - 2013); Anual - INE, Estimativas anuais da população residente"
11E0406;Miranda do Douro;94;2018;0008261;"Índice de dependência total (N.º) por Local de residência (NUTS - 2013); Anual - INE, Estimativas anuais da população residente"
1861209;Gavião;94.5;2018;0008261;"Índice de dependência total (N.º) por Local de residência (NUTS - 2013); Anual - INE, Estimativas anuais da população residente"
16I1413;Mação;95.9;2018;0008261;"Índice de dependência total (N.º) por Local de residência (NUTS - 2013); Anual - INE, Estimativas anuais da população residente"
11B1712;Valpaços;96.9;2018;0008261;"Índice de dependência total (N.º) por Local de residência (NUTS - 2013); Anual - INE, Estimativas anuais da população residente"
11D0409;Torre de Moncorvo;98.1;2018;0008261;"Índice de dependência total (N.º) por Local de residência (NUTS - 2013); Anual - INE, Estimativas anuais da população residente"
16H0505;Idanha-a-Nova;100.9;2018;0008261;"Índice de dependência total (N.º) por Local de residência (NUTS - 2013); Anual - INE, Estimativas anuais da população residente"
16H0507;Penamacor;101.6;2018;0008261;"Índice de dependência total (N.º) por Local de residência (NUTS - 2013); Anual - INE, Estimativas anuais da população residente"
16J0902;Almeida;102.9;2018;0008261;"Índice de dependência total (N.º) por Local de residência (NUTS - 2013); Anual - INE, Estimativas anuais da população residente"
11E0411;Vimioso;103.4;2018;0008261;"Índice de dependência total (N.º) por Local de residência (NUTS - 2013); Anual - INE, Estimativas anuais da população residente"
1111603;Melgaço;103.5;2018;0008261;"Índice de dependência total (N.º) por Local de residência (NUTS - 2013); Anual - INE, Estimativas anuais da população residente"
16H0506;Oleiros;107;2018;0008261;"Índice de dependência total (N.º) por Local de residência (NUTS - 2013); Anual - INE, Estimativas anuais da população residente"
16E0612;Pampilhosa da Serra;108.4;2018;0008261;"Índice de dependência total (N.º) por Local de residência (NUTS - 2013); Anual - INE, Estimativas anuais da população residente"
16J0911;Sabugal;108.5;2018;0008261;"Índice de dependência total (N.º) por Local de residência (NUTS - 2013); Anual - INE, Estimativas anuais da população residente"
16H0511;Vila Velha de Ródão;108.6;2018;0008261;"Índice de dependência total (N.º) por Local de residência (NUTS - 2013); Anual - INE, Estimativas anuais da população residente"
11E0412;Vinhais;108.9;2018;0008261;"Índice de dependência total (N.º) por Local de residência (NUTS - 2013); Anual - INE, Estimativas anuais da população residente"
1500802;Alcoutim;111.3;2018;0008261;"Índice de dependência total (N.º) por Local de residência (NUTS - 2013); Anual - INE, Estimativas anuais da população residente"
2004201;Lagoa;41.6;2019;0008261;"Índice de dependência total (N.º) por Local de residência (NUTS - 2013); Anual - INE, Estimativas anuais da população residente"
3003108;Santa Cruz;42.2;2019;0008261;"Índice de dependência total (N.º) por Local de residência (NUTS - 2013); Anual - INE, Estimativas anuais da população residente"
2004205;Ribeira Grande;42.3;2019;0008261;"Índice de dependência total (N.º) por Local de residência (NUTS - 2013); Anual - INE, Estimativas anuais da população residente"
3003102;Câmara de Lobos;43.4;2019;0008261;"Índice de dependência total (N.º) por Local de residência (NUTS - 2013); Anual - INE, Estimativas anuais da população residente"
3003201;Porto Santo;43.4;2019;0008261;"Índice de dependência total (N.º) por Local de residência (NUTS - 2013); Anual - INE, Estimativas anuais da população residente"
2004206;Vila Franca do Campo;43.5;2019;0008261;"Índice de dependência total (N.º) por Local de residência (NUTS - 2013); Anual - INE, Estimativas anuais da população residente"
11C1305;Lousada;43.6;2019;0008261;"Índice de dependência total (N.º) por Local de residência (NUTS - 2013); Anual - INE, Estimativas anuais da população residente"
2004203;Ponta Delgada;43.7;2019;0008261;"Índice de dependência total (N.º) por Local de residência (NUTS - 2013); Anual - INE, Estimativas anuais da população residente"
11C1309;Paços de Ferreira;44.1;2019;0008261;"Índice de dependência total (N.º) por Local de residência (NUTS - 2013); Anual - INE, Estimativas anuais da população residente"
2004204;Povoação;45;2019;0008261;"Índice de dependência total (N.º) por Local de residência (NUTS - 2013); Anual - INE, Estimativas anuais da população residente"
11A1310;Paredes;45.3;2019;0008261;"Índice de dependência total (N.º) por Local de residência (NUTS - 2013); Anual - INE, Estimativas anuais da população residente"
2004901;Corvo;46;2019;0008261;"Índice de dependência total (N.º) por Local de residência (NUTS - 2013); Anual - INE, Estimativas anuais da população residente"
2;Região Autónoma dos Açores;46.5;2019;0008261;"Índice de dependência total (N.º) por Local de residência (NUTS - 2013); Anual - INE, Estimativas anuais da população residente"
20;Região Autónoma dos Açores;46.5;2019;0008261;"Índice de dependência total (N.º) por Local de residência (NUTS - 2013); Anual - INE, Estimativas anuais da população residente"
200;Região Autónoma dos Açores;46.5;2019;0008261;"Índice de dependência total (N.º) por Local de residência (NUTS - 2013); Anual - INE, Estimativas anuais da população residente"
11C1307;Marco de Canaveses;46.7;2019;0008261;"Índice de dependência total (N.º) por Local de residência (NUTS - 2013); Anual - INE, Estimativas anuais da população residente"
2004802;Santa Cruz das Flores;47.1;2019;0008261;"Índice de dependência total (N.º) por Local de residência (NUTS - 2013); Anual - INE, Estimativas anuais da população residente"
1190314;Vizela;47.2;2019;0008261;"Índice de dependência total (N.º) por Local de residência (NUTS - 2013); Anual - INE, Estimativas anuais da população residente"
11C1303;Felgueiras;47.6;2019;0008261;"Índice de dependência total (N.º) por Local de residência (NUTS - 2013); Anual - INE, Estimativas anuais da população residente"
11C1311;Penafiel;47.6;2019;0008261;"Índice de dependência total (N.º) por Local de residência (NUTS - 2013); Anual - INE, Estimativas anuais da população residente"
2004801;Lajes das Flores;47.9;2019;0008261;"Índice de dependência total (N.º) por Local de residência (NUTS - 2013); Anual - INE, Estimativas anuais da população residente"
2004101;Vila do Porto;48.1;2019;0008261;"Índice de dependência total (N.º) por Local de residência (NUTS - 2013); Anual - INE, Estimativas anuais da população residente"
11C;Tâmega e Sousa;48.9;2019;0008261;"Índice de dependência total (N.º) por Local de residência (NUTS - 2013); Anual - INE, Estimativas anuais da população residente"
1810211;Odemira;48.9;2019;0008261;"Índice de dependência total (N.º) por Local de residência (NUTS - 2013); Anual - INE, Estimativas anuais da população residente"
3003104;Machico;49.1;2019;0008261;"Índice de dependência total (N.º) por Local de residência (NUTS - 2013); Anual - INE, Estimativas anuais da população residente"
2004302;Vila da Praia da Vitória;49.3;2019;0008261;"Índice de dependência total (N.º) por Local de residência (NUTS - 2013); Anual - INE, Estimativas anuais da população residente"
3;Região Autónoma da Madeira;49.5;2019;0008261;"Índice de dependência total (N.º) por Local de residência (NUTS - 2013); Anual - INE, Estimativas anuais da população residente"
30;Região Autónoma da Madeira;49.5;2019;0008261;"Índice de dependência total (N.º) por Local de residência (NUTS - 2013); Anual - INE, Estimativas anuais da população residente"
300;Região Autónoma da Madeira;49.5;2019;0008261;"Índice de dependência total (N.º) por Local de residência (NUTS - 2013); Anual - INE, Estimativas anuais da população residente"
1120303;Braga;49.6;2019;0008261;"Índice de dependência total (N.º) por Local de residência (NUTS - 2013); Anual - INE, Estimativas anuais da população residente"
3003105;Ponta do Sol;49.6;2019;0008261;"Índice de dependência total (N.º) por Local de residência (NUTS - 2013); Anual - INE, Estimativas anuais da população residente"
11C0106;Castelo de Paiva;49.8;2019;0008261;"Índice de dependência total (N.º) por Local de residência (NUTS - 2013); Anual - INE, Estimativas anuais da população residente"
2004301;Angra do Heroísmo;49.9;2019;0008261;"Índice de dependência total (N.º) por Local de residência (NUTS - 2013); Anual - INE, Estimativas anuais da população residente"
3003107;Ribeira Brava;50;2019;0008261;"Índice de dependência total (N.º) por Local de residência (NUTS - 2013); Anual - INE, Estimativas anuais da população residente"
1500801;Albufeira;50.2;2019;0008261;"Índice de dependência total (N.º) por Local de residência (NUTS - 2013); Anual - INE, Estimativas anuais da população residente"
1120302;Barcelos;50.4;2019;0008261;"Índice de dependência total (N.º) por Local de residência (NUTS - 2013); Anual - INE, Estimativas anuais da população residente"
1701502;Alcochete;50.4;2019;0008261;"Índice de dependência total (N.º) por Local de residência (NUTS - 2013); Anual - INE, Estimativas anuais da população residente"
2004202;Nordeste;50.4;2019;0008261;"Índice de dependência total (N.º) por Local de residência (NUTS - 2013); Anual - INE, Estimativas anuais da população residente"
11A1306;Maia;50.5;2019;0008261;"Índice de dependência total (N.º) por Local de residência (NUTS - 2013); Anual - INE, Estimativas anuais da população residente"
11A1318;Trofa;50.6;2019;0008261;"Índice de dependência total (N.º) por Local de residência (NUTS - 2013); Anual - INE, Estimativas anuais da população residente"
11A1315;Valongo;50.7;2019;0008261;"Índice de dependência total (N.º) por Local de residência (NUTS - 2013); Anual - INE, Estimativas anuais da população residente"
2004502;Velas;50.7;2019;0008261;"Índice de dependência total (N.º) por Local de residência (NUTS - 2013); Anual - INE, Estimativas anuais da população residente"
112;Cávado;51;2019;0008261;"Índice de dependência total (N.º) por Local de residência (NUTS - 2013); Anual - INE, Estimativas anuais da população residente"
1701111;Sintra;51;2019;0008261;"Índice de dependência total (N.º) por Local de residência (NUTS - 2013); Anual - INE, Estimativas anuais da população residente"
1190312;Vila Nova de Famalicão;51.3;2019;0008261;"Índice de dependência total (N.º) por Local de residência (NUTS - 2013); Anual - INE, Estimativas anuais da população residente"
2004602;Madalena;51.4;2019;0008261;"Índice de dependência total (N.º) por Local de residência (NUTS - 2013); Anual - INE, Estimativas anuais da população residente"
1701109;Mafra;51.5;2019;0008261;"Índice de dependência total (N.º) por Local de residência (NUTS - 2013); Anual - INE, Estimativas anuais da população residente"
16B1102;Arruda dos Vinhos;51.6;2019;0008261;"Índice de dependência total (N.º) por Local de residência (NUTS - 2013); Anual - INE, Estimativas anuais da população residente"
2004701;Horta;51.7;2019;0008261;"Índice de dependência total (N.º) por Local de residência (NUTS - 2013); Anual - INE, Estimativas anuais da população residente"
1190308;Guimarães;51.9;2019;0008261;"Índice de dependência total (N.º) por Local de residência (NUTS - 2013); Anual - INE, Estimativas anuais da população residente"
1120306;Esposende;52.4;2019;0008261;"Índice de dependência total (N.º) por Local de residência (NUTS - 2013); Anual - INE, Estimativas anuais da população residente"
11A1313;Póvoa de Varzim;52.4;2019;0008261;"Índice de dependência total (N.º) por Local de residência (NUTS - 2013); Anual - INE, Estimativas anuais da população residente"
1851405;Benavente;52.6;2019;0008261;"Índice de dependência total (N.º) por Local de residência (NUTS - 2013); Anual - INE, Estimativas anuais da população residente"
3003103;Funchal;52.6;2019;0008261;"Índice de dependência total (N.º) por Local de residência (NUTS - 2013); Anual - INE, Estimativas anuais da população residente"
2004603;São Roque do Pico;52.7;2019;0008261;"Índice de dependência total (N.º) por Local de residência (NUTS - 2013); Anual - INE, Estimativas anuais da população residente"
119;Ave;52.9;2019;0008261;"Índice de dependência total (N.º) por Local de residência (NUTS - 2013); Anual - INE, Estimativas anuais da população residente"
16B1112;Sobral de Monte Agraço;52.9;2019;0008261;"Índice de dependência total (N.º) por Local de residência (NUTS - 2013); Anual - INE, Estimativas anuais da população residente"
11A1316;Vila do Conde;53;2019;0008261;"Índice de dependência total (N.º) por Local de residência (NUTS - 2013); Anual - INE, Estimativas anuais da população residente"
1701114;Vila Franca de Xira;53.3;2019;0008261;"Índice de dependência total (N.º) por Local de residência (NUTS - 2013); Anual - INE, Estimativas anuais da população residente"
1120301;Amares;53.5;2019;0008261;"Índice de dependência total (N.º) por Local de residência (NUTS - 2013); Anual - INE, Estimativas anuais da população residente"
11C1302;Baião;53.5;2019;0008261;"Índice de dependência total (N.º) por Local de residência (NUTS - 2013); Anual - INE, Estimativas anuais da população residente"
16B1101;Alenquer;53.5;2019;0008261;"Índice de dependência total (N.º) por Local de residência (NUTS - 2013); Anual - INE, Estimativas anuais da população residente"
16D0105;Aveiro;53.7;2019;0008261;"Índice de dependência total (N.º) por Local de residência (NUTS - 2013); Anual - INE, Estimativas anuais da população residente"
1701507;Montijo;53.7;2019;0008261;"Índice de dependência total (N.º) por Local de residência (NUTS - 2013); Anual - INE, Estimativas anuais da população residente"
11A0109;Santa Maria da Feira;53.8;2019;0008261;"Índice de dependência total (N.º) por Local de residência (NUTS - 2013); Anual - INE, Estimativas anuais da população residente"
11A0116;São João da Madeira;53.9;2019;0008261;"Índice de dependência total (N.º) por Local de residência (NUTS - 2013); Anual - INE, Estimativas anuais da população residente"
11A1304;Gondomar;54.2;2019;0008261;"Índice de dependência total (N.º) por Local de residência (NUTS - 2013); Anual - INE, Estimativas anuais da população residente"
1190309;Póvoa de Lanhoso;54.3;2019;0008261;"Índice de dependência total (N.º) por Local de residência (NUTS - 2013); Anual - INE, Estimativas anuais da população residente"
16I1410;Entroncamento;54.3;2019;0008261;"Índice de dependência total (N.º) por Local de residência (NUTS - 2013); Anual - INE, Estimativas anuais da população residente"
16D0115;Ovar;54.4;2019;0008261;"Índice de dependência total (N.º) por Local de residência (NUTS - 2013); Anual - INE, Estimativas anuais da população residente"
1120313;Vila Verde;54.6;2019;0008261;"Índice de dependência total (N.º) por Local de residência (NUTS - 2013); Anual - INE, Estimativas anuais da população residente"
11A1317;Vila Nova de Gaia;54.6;2019;0008261;"Índice de dependência total (N.º) por Local de residência (NUTS - 2013); Anual - INE, Estimativas anuais da população residente"
16D0110;Ílhavo;54.6;2019;0008261;"Índice de dependência total (N.º) por Local de residência (NUTS - 2013); Anual - INE, Estimativas anuais da população residente"
11C1301;Amarante;54.7;2019;0008261;"Índice de dependência total (N.º) por Local de residência (NUTS - 2013); Anual - INE, Estimativas anuais da população residente"
1701508;Palmela;54.7;2019;0008261;"Índice de dependência total (N.º) por Local de residência (NUTS - 2013); Anual - INE, Estimativas anuais da população residente"
11A;Área Metropolitana do Porto;54.8;2019;0008261;"Índice de dependência total (N.º) por Local de residência (NUTS - 2013); Anual - INE, Estimativas anuais da população residente"
1701511;Sesimbra;55.1;2019;0008261;"Índice de dependência total (N.º) por Local de residência (NUTS - 2013); Anual - INE, Estimativas anuais da população residente"
1840204;Barrancos;55.3;2019;0008261;"Índice de dependência total (N.º) por Local de residência (NUTS - 2013); Anual - INE, Estimativas anuais da população residente"
1190304;Cabeceiras de Basto;55.4;2019;0008261;"Índice de dependência total (N.º) por Local de residência (NUTS - 2013); Anual - INE, Estimativas anuais da população residente"
11;Norte;55.8;2019;0008261;"Índice de dependência total (N.º) por Local de residência (NUTS - 2013); Anual - INE, Estimativas anuais da população residente"
16D0102;Albergaria-a-Velha;55.8;2019;0008261;"Índice de dependência total (N.º) por Local de residência (NUTS - 2013); Anual - INE, Estimativas anuais da população residente"
16B1113;Torres Vedras;56.3;2019;0008261;"Índice de dependência total (N.º) por Local de residência (NUTS - 2013); Anual - INE, Estimativas anuais da população residente"
1851103;Azambuja;56.3;2019;0008261;"Índice de dependência total (N.º) por Local de residência (NUTS - 2013); Anual - INE, Estimativas anuais da população residente"
11A0113;Oliveira de Azeméis;56.4;2019;0008261;"Índice de dependência total (N.º) por Local de residência (NUTS - 2013); Anual - INE, Estimativas anuais da população residente"
16E0607;Lousã;56.5;2019;0008261;"Índice de dependência total (N.º) por Local de residência (NUTS - 2013); Anual - INE, Estimativas anuais da população residente"
2004501;Calheta;56.5;2019;0008261;"Índice de dependência total (N.º) por Local de residência (NUTS - 2013); Anual - INE, Estimativas anuais da população residente"
16E0604;Condeixa-a-Nova;56.6;2019;0008261;"Índice de dependência total (N.º) por Local de residência (NUTS - 2013); Anual - INE, Estimativas anuais da população residente"
11C0305;Celorico de Basto;57;2019;0008261;"Índice de dependência total (N.º) por Local de residência (NUTS - 2013); Anual - INE, Estimativas anuais da população residente"
16F1009;Leiria;57;2019;0008261;"Índice de dependência total (N.º) por Local de residência (NUTS - 2013); Anual - INE, Estimativas anuais da população residente"
1190307;Fafe;57.1;2019;0008261;"Índice de dependência total (N.º) por Local de residência (NUTS - 2013); Anual - INE, Estimativas anuais da população residente"
2004401;Santa Cruz da Graciosa;57.1;2019;0008261;"Índice de dependência total (N.º) por Local de residência (NUTS - 2013); Anual - INE, Estimativas anuais da população residente"
1500805;Faro;57.3;2019;0008261;"Índice de dependência total (N.º) por Local de residência (NUTS - 2013); Anual - INE, Estimativas anuais da população residente"
11A1308;Matosinhos;57.4;2019;0008261;"Índice de dependência total (N.º) por Local de residência (NUTS - 2013); Anual - INE, Estimativas anuais da população residente"
11D1714;Vila Real;57.4;2019;0008261;"Índice de dependência total (N.º) por Local de residência (NUTS - 2013); Anual - INE, Estimativas anuais da população residente"
16F1010;Marinha Grande;57.5;2019;0008261;"Índice de dependência total (N.º) por Local de residência (NUTS - 2013); Anual - INE, Estimativas anuais da população residente"
2004601;Lajes do Pico;57.5;2019;0008261;"Índice de dependência total (N.º) por Local de residência (NUTS - 2013); Anual - INE, Estimativas anuais da população residente"
1111607;Ponte de Lima;57.7;2019;0008261;"Índice de dependência total (N.º) por Local de residência (NUTS - 2013); Anual - INE, Estimativas anuais da população residente"
17;Área Metropolitana de Lisboa;57.7;2019;0008261;"Índice de dependência total (N.º) por Local de residência (NUTS - 2013); Anual - INE, Estimativas anuais da população residente"
170;Área Metropolitana de Lisboa;57.7;2019;0008261;"Índice de dependência total (N.º) por Local de residência (NUTS - 2013); Anual - INE, Estimativas anuais da população residente"
16D;Região de Aveiro;57.8;2019;0008261;"Índice de dependência total (N.º) por Local de residência (NUTS - 2013); Anual - INE, Estimativas anuais da população residente"
1701106;Lisboa;58;2019;0008261;"Índice de dependência total (N.º) por Local de residência (NUTS - 2013); Anual - INE, Estimativas anuais da população residente"
16D0114;Oliveira do Bairro;58.2;2019;0008261;"Índice de dependência total (N.º) por Local de residência (NUTS - 2013); Anual - INE, Estimativas anuais da população residente"
3003101;Calheta;58.2;2019;0008261;"Índice de dependência total (N.º) por Local de residência (NUTS - 2013); Anual - INE, Estimativas anuais da população residente"
11A1314;Santo Tirso;58.3;2019;0008261;"Índice de dependência total (N.º) por Local de residência (NUTS - 2013); Anual - INE, Estimativas anuais da população residente"
PT;Portugal;58.5;2019;0008261;"Índice de dependência total (N.º) por Local de residência (NUTS - 2013); Anual - INE, Estimativas anuais da população residente"
16I1408;Constância;58.6;2019;0008261;"Índice de dependência total (N.º) por Local de residência (NUTS - 2013); Anual - INE, Estimativas anuais da população residente"
11D1820;Tarouca;58.8;2019;0008261;"Índice de dependência total (N.º) por Local de residência (NUTS - 2013); Anual - INE, Estimativas anuais da população residente"
1;Continente;59.1;2019;0008261;"Índice de dependência total (N.º) por Local de residência (NUTS - 2013); Anual - INE, Estimativas anuais da população residente"
1840207;Cuba;59.1;2019;0008261;"Índice de dependência total (N.º) por Local de residência (NUTS - 2013); Anual - INE, Estimativas anuais da população residente"
16B;Oeste;59.2;2019;0008261;"Índice de dependência total (N.º) por Local de residência (NUTS - 2013); Anual - INE, Estimativas anuais da população residente"
1851414;Rio Maior;59.2;2019;0008261;"Índice de dependência total (N.º) por Local de residência (NUTS - 2013); Anual - INE, Estimativas anuais da população residente"
16E0609;Miranda do Corvo;59.4;2019;0008261;"Índice de dependência total (N.º) por Local de residência (NUTS - 2013); Anual - INE, Estimativas anuais da população residente"
16G1810;Oliveira de Frades;59.4;2019;0008261;"Índice de dependência total (N.º) por Local de residência (NUTS - 2013); Anual - INE, Estimativas anuais da população residente"
16J0907;Guarda;59.4;2019;0008261;"Índice de dependência total (N.º) por Local de residência (NUTS - 2013); Anual - INE, Estimativas anuais da população residente"
1701105;Cascais;59.4;2019;0008261;"Índice de dependência total (N.º) por Local de residência (NUTS - 2013); Anual - INE, Estimativas anuais da população residente"
1701510;Seixal;59.4;2019;0008261;"Índice de dependência total (N.º) por Local de residência (NUTS - 2013); Anual - INE, Estimativas anuais da população residente"
16D0108;Estarreja;59.5;2019;0008261;"Índice de dependência total (N.º) por Local de residência (NUTS - 2013); Anual - INE, Estimativas anuais da população residente"
16E0617;Vila Nova de Poiares;59.5;2019;0008261;"Índice de dependência total (N.º) por Local de residência (NUTS - 2013); Anual - INE, Estimativas anuais da população residente"
16G1823;Viseu;59.5;2019;0008261;"Índice de dependência total (N.º) por Local de residência (NUTS - 2013); Anual - INE, Estimativas anuais da população residente"
1701116;Odivelas;59.5;2019;0008261;"Índice de dependência total (N.º) por Local de residência (NUTS - 2013); Anual - INE, Estimativas anuais da população residente"
1500811;Portimão;59.6;2019;0008261;"Índice de dependência total (N.º) por Local de residência (NUTS - 2013); Anual - INE, Estimativas anuais da população residente"
16D0118;Vagos;59.6;2019;0008261;"Índice de dependência total (N.º) por Local de residência (NUTS - 2013); Anual - INE, Estimativas anuais da população residente"
1870705;Évora;59.6;2019;0008261;"Índice de dependência total (N.º) por Local de residência (NUTS - 2013); Anual - INE, Estimativas anuais da população residente"
1701506;Moita;59.7;2019;0008261;"Índice de dependência total (N.º) por Local de residência (NUTS - 2013); Anual - INE, Estimativas anuais da população residente"
11C1813;Resende;59.8;2019;0008261;"Índice de dependência total (N.º) por Local de residência (NUTS - 2013); Anual - INE, Estimativas anuais da população residente"
11D1805;Lamego;59.8;2019;0008261;"Índice de dependência total (N.º) por Local de residência (NUTS - 2013); Anual - INE, Estimativas anuais da população residente"
1500806;Lagoa;60;2019;0008261;"Índice de dependência total (N.º) por Local de residência (NUTS - 2013); Anual - INE, Estimativas anuais da população residente"
16F1004;Batalha;60;2019;0008261;"Índice de dependência total (N.º) por Local de residência (NUTS - 2013); Anual - INE, Estimativas anuais da população residente"
3003106;Porto Moniz;60;2019;0008261;"Índice de dependência total (N.º) por Local de residência (NUTS - 2013); Anual - INE, Estimativas anuais da população residente"
11A0104;Arouca;60.1;2019;0008261;"Índice de dependência total (N.º) por Local de residência (NUTS - 2013); Anual - INE, Estimativas anuais da população residente"
16D0112;Murtosa;60.2;2019;0008261;"Índice de dependência total (N.º) por Local de residência (NUTS - 2013); Anual - INE, Estimativas anuais da população residente"
1701115;Amadora;60.3;2019;0008261;"Índice de dependência total (N.º) por Local de residência (NUTS - 2013); Anual - INE, Estimativas anuais da população residente"
1811513;Sines;60.3;2019;0008261;"Índice de dependência total (N.º) por Local de residência (NUTS - 2013); Anual - INE, Estimativas anuais da população residente"
1851406;Cartaxo;60.3;2019;0008261;"Índice de dependência total (N.º) por Local de residência (NUTS - 2013); Anual - INE, Estimativas anuais da população residente"
3003110;São Vicente;60.3;2019;0008261;"Índice de dependência total (N.º) por Local de residência (NUTS - 2013); Anual - INE, Estimativas anuais da população residente"
11A1312;Porto;60.4;2019;0008261;"Índice de dependência total (N.º) por Local de residência (NUTS - 2013); Anual - INE, Estimativas anuais da população residente"
16F1016;Porto de Mós;60.4;2019;0008261;"Índice de dependência total (N.º) por Local de residência (NUTS - 2013); Anual - INE, Estimativas anuais da população residente"
11C1804;Cinfães;60.6;2019;0008261;"Índice de dependência total (N.º) por Local de residência (NUTS - 2013); Anual - INE, Estimativas anuais da população residente"
1840205;Beja;60.6;2019;0008261;"Índice de dependência total (N.º) por Local de residência (NUTS - 2013); Anual - INE, Estimativas anuais da população residente"
1500808;Loulé;60.8;2019;0008261;"Índice de dependência total (N.º) por Local de residência (NUTS - 2013); Anual - INE, Estimativas anuais da população residente"
1500810;Olhão;60.8;2019;0008261;"Índice de dependência total (N.º) por Local de residência (NUTS - 2013); Anual - INE, Estimativas anuais da população residente"
16B1006;Caldas da Rainha;60.8;2019;0008261;"Índice de dependência total (N.º) por Local de residência (NUTS - 2013); Anual - INE, Estimativas anuais da população residente"
15;Algarve;60.9;2019;0008261;"Índice de dependência total (N.º) por Local de residência (NUTS - 2013); Anual - INE, Estimativas anuais da população residente"
150;Algarve;60.9;2019;0008261;"Índice de dependência total (N.º) por Local de residência (NUTS - 2013); Anual - INE, Estimativas anuais da população residente"
16E0111;Mealhada;60.9;2019;0008261;"Índice de dependência total (N.º) por Local de residência (NUTS - 2013); Anual - INE, Estimativas anuais da população residente"
1701107;Loures;60.9;2019;0008261;"Índice de dependência total (N.º) por Local de residência (NUTS - 2013); Anual - INE, Estimativas anuais da população residente"
16B1001;Alcobaça;61;2019;0008261;"Índice de dependência total (N.º) por Local de residência (NUTS - 2013); Anual - INE, Estimativas anuais da população residente"
1861204;Campo Maior;61;2019;0008261;"Índice de dependência total (N.º) por Local de residência (NUTS - 2013); Anual - INE, Estimativas anuais da população residente"
16E0603;Coimbra;61.3;2019;0008261;"Índice de dependência total (N.º) por Local de residência (NUTS - 2013); Anual - INE, Estimativas anuais da população residente"
1701512;Setúbal;61.3;2019;0008261;"Índice de dependência total (N.º) por Local de residência (NUTS - 2013); Anual - INE, Estimativas anuais da população residente"
1111610;Vila Nova de Cerveira;61.4;2019;0008261;"Índice de dependência total (N.º) por Local de residência (NUTS - 2013); Anual - INE, Estimativas anuais da população residente"
11D1704;Mesão Frio;61.4;2019;0008261;"Índice de dependência total (N.º) por Local de residência (NUTS - 2013); Anual - INE, Estimativas anuais da população residente"
16F;Região de Leiria;61.4;2019;0008261;"Índice de dependência total (N.º) por Local de residência (NUTS - 2013); Anual - INE, Estimativas anuais da população residente"
185;Lezíria do Tejo;61.9;2019;0008261;"Índice de dependência total (N.º) por Local de residência (NUTS - 2013); Anual - INE, Estimativas anuais da população residente"
1870713;Viana do Alentejo;61.9;2019;0008261;"Índice de dependência total (N.º) por Local de residência (NUTS - 2013); Anual - INE, Estimativas anuais da população residente"
16B1108;Lourinhã;62;2019;0008261;"Índice de dependência total (N.º) por Local de residência (NUTS - 2013); Anual - INE, Estimativas anuais da população residente"
1701503;Almada;62;2019;0008261;"Índice de dependência total (N.º) por Local de residência (NUTS - 2013); Anual - INE, Estimativas anuais da população residente"
181;Alentejo Litoral;62;2019;0008261;"Índice de dependência total (N.º) por Local de residência (NUTS - 2013); Anual - INE, Estimativas anuais da população residente"
1851403;Almeirim;62.1;2019;0008261;"Índice de dependência total (N.º) por Local de residência (NUTS - 2013); Anual - INE, Estimativas anuais da população residente"
1111609;Viana do Castelo;62.2;2019;0008261;"Índice de dependência total (N.º) por Local de residência (NUTS - 2013); Anual - INE, Estimativas anuais da população residente"
16D0101;Águeda;62.3;2019;0008261;"Índice de dependência total (N.º) por Local de residência (NUTS - 2013); Anual - INE, Estimativas anuais da população residente"
1701110;Oeiras;62.4;2019;0008261;"Índice de dependência total (N.º) por Local de residência (NUTS - 2013); Anual - INE, Estimativas anuais da população residente"
1500807;Lagos;62.5;2019;0008261;"Índice de dependência total (N.º) por Local de residência (NUTS - 2013); Anual - INE, Estimativas anuais da população residente"
16B1012;Óbidos;62.5;2019;0008261;"Índice de dependência total (N.º) por Local de residência (NUTS - 2013); Anual - INE, Estimativas anuais da população residente"
1870714;Vila Viçosa;62.7;2019;0008261;"Índice de dependência total (N.º) por Local de residência (NUTS - 2013); Anual - INE, Estimativas anuais da população residente"
11D1708;Peso da Régua;62.9;2019;0008261;"Índice de dependência total (N.º) por Local de residência (NUTS - 2013); Anual - INE, Estimativas anuais da população residente"
1500813;Silves;63;2019;0008261;"Índice de dependência total (N.º) por Local de residência (NUTS - 2013); Anual - INE, Estimativas anuais da população residente"
1861207;Elvas;63.2;2019;0008261;"Índice de dependência total (N.º) por Local de residência (NUTS - 2013); Anual - INE, Estimativas anuais da população residente"
1840206;Castro Verde;63.3;2019;0008261;"Índice de dependência total (N.º) por Local de residência (NUTS - 2013); Anual - INE, Estimativas anuais da população residente"
16E0610;Montemor-o-Velho;63.4;2019;0008261;"Índice de dependência total (N.º) por Local de residência (NUTS - 2013); Anual - INE, Estimativas anuais da população residente"
16I1421;Ourém;63.4;2019;0008261;"Índice de dependência total (N.º) por Local de residência (NUTS - 2013); Anual - INE, Estimativas anuais da população residente"
1111608;Valença;63.5;2019;0008261;"Índice de dependência total (N.º) por Local de residência (NUTS - 2013); Anual - INE, Estimativas anuais da população residente"
1851415;Salvaterra de Magos;63.5;2019;0008261;"Índice de dependência total (N.º) por Local de residência (NUTS - 2013); Anual - INE, Estimativas anuais da população residente"
11D1815;São João da Pesqueira;63.7;2019;0008261;"Índice de dependência total (N.º) por Local de residência (NUTS - 2013); Anual - INE, Estimativas anuais da população residente"
1851416;Santarém;63.8;2019;0008261;"Índice de dependência total (N.º) por Local de residência (NUTS - 2013); Anual - INE, Estimativas anuais da população residente"
1870710;Redondo;63.8;2019;0008261;"Índice de dependência total (N.º) por Local de residência (NUTS - 2013); Anual - INE, Estimativas anuais da população residente"
1191705;Mondim de Basto;64;2019;0008261;"Índice de dependência total (N.º) por Local de residência (NUTS - 2013); Anual - INE, Estimativas anuais da população residente"
3003109;Santana;64;2019;0008261;"Índice de dependência total (N.º) por Local de residência (NUTS - 2013); Anual - INE, Estimativas anuais da população residente"
1701504;Barreiro;64.2;2019;0008261;"Índice de dependência total (N.º) por Local de residência (NUTS - 2013); Anual - INE, Estimativas anuais da população residente"
16;Centro;64.3;2019;0008261;"Índice de dependência total (N.º) por Local de residência (NUTS - 2013); Anual - INE, Estimativas anuais da população residente"
16B1011;Nazaré;64.3;2019;0008261;"Índice de dependência total (N.º) por Local de residência (NUTS - 2013); Anual - INE, Estimativas anuais da população residente"
16B1005;Bombarral;64.5;2019;0008261;"Índice de dependência total (N.º) por Local de residência (NUTS - 2013); Anual - INE, Estimativas anuais da população residente"
18;Alentejo;64.5;2019;0008261;"Índice de dependência total (N.º) por Local de residência (NUTS - 2013); Anual - INE, Estimativas anuais da população residente"
1870709;Portel;64.5;2019;0008261;"Índice de dependência total (N.º) por Local de residência (NUTS - 2013); Anual - INE, Estimativas anuais da população residente"
1870711;Reguengos de Monsaraz;64.6;2019;0008261;"Índice de dependência total (N.º) por Local de residência (NUTS - 2013); Anual - INE, Estimativas anuais da população residente"
1851412;Golegã;64.7;2019;0008261;"Índice de dependência total (N.º) por Local de residência (NUTS - 2013); Anual - INE, Estimativas anuais da população residente"
187;Alentejo Central;64.7;2019;0008261;"Índice de dependência total (N.º) por Local de residência (NUTS - 2013); Anual - INE, Estimativas anuais da população residente"
1870702;Arraiolos;64.9;2019;0008261;"Índice de dependência total (N.º) por Local de residência (NUTS - 2013); Anual - INE, Estimativas anuais da população residente"
1500812;São Brás de Alportel;65;2019;0008261;"Índice de dependência total (N.º) por Local de residência (NUTS - 2013); Anual - INE, Estimativas anuais da população residente"
16I1420;Vila Nova da Barquinha;65;2019;0008261;"Índice de dependência total (N.º) por Local de residência (NUTS - 2013); Anual - INE, Estimativas anuais da população residente"
11E0402;Bragança;65.3;2019;0008261;"Índice de dependência total (N.º) por Local de residência (NUTS - 2013); Anual - INE, Estimativas anuais da população residente"
1840214;Vidigueira;65.3;2019;0008261;"Índice de dependência total (N.º) por Local de residência (NUTS - 2013); Anual - INE, Estimativas anuais da população residente"
11A0107;Espinho;65.6;2019;0008261;"Índice de dependência total (N.º) por Local de residência (NUTS - 2013); Anual - INE, Estimativas anuais da população residente"
16B1014;Peniche;65.6;2019;0008261;"Índice de dependência total (N.º) por Local de residência (NUTS - 2013); Anual - INE, Estimativas anuais da população residente"
16E;Região de Coimbra;65.6;2019;0008261;"Índice de dependência total (N.º) por Local de residência (NUTS - 2013); Anual - INE, Estimativas anuais da população residente"
11D1801;Armamar;65.9;2019;0008261;"Índice de dependência total (N.º) por Local de residência (NUTS - 2013); Anual - INE, Estimativas anuais da população residente"
1811505;Grândola;66.2;2019;0008261;"Índice de dependência total (N.º) por Local de residência (NUTS - 2013); Anual - INE, Estimativas anuais da população residente"
1500816;Vila Real de Santo António;66.3;2019;0008261;"Índice de dependência total (N.º) por Local de residência (NUTS - 2013); Anual - INE, Estimativas anuais da população residente"
11A0119;Vale de Cambra;66.4;2019;0008261;"Índice de dependência total (N.º) por Local de residência (NUTS - 2013); Anual - INE, Estimativas anuais da população residente"
1500803;Aljezur;66.4;2019;0008261;"Índice de dependência total (N.º) por Local de residência (NUTS - 2013); Anual - INE, Estimativas anuais da população residente"
111;Alto Minho;66.5;2019;0008261;"Índice de dependência total (N.º) por Local de residência (NUTS - 2013); Anual - INE, Estimativas anuais da população residente"
11D;Douro;66.5;2019;0008261;"Índice de dependência total (N.º) por Local de residência (NUTS - 2013); Anual - INE, Estimativas anuais da população residente"
16E0605;Figueira da Foz;66.6;2019;0008261;"Índice de dependência total (N.º) por Local de residência (NUTS - 2013); Anual - INE, Estimativas anuais da população residente"
1120310;Terras de Bouro;66.7;2019;0008261;"Índice de dependência total (N.º) por Local de residência (NUTS - 2013); Anual - INE, Estimativas anuais da população residente"
184;Baixo Alentejo;66.7;2019;0008261;"Índice de dependência total (N.º) por Local de residência (NUTS - 2013); Anual - INE, Estimativas anuais da população residente"
16I1417;Sardoal;66.8;2019;0008261;"Índice de dependência total (N.º) por Local de residência (NUTS - 2013); Anual - INE, Estimativas anuais da população residente"
16E0611;Oliveira do Hospital;67.1;2019;0008261;"Índice de dependência total (N.º) por Local de residência (NUTS - 2013); Anual - INE, Estimativas anuais da população residente"
1840208;Ferreira do Alentejo;67.1;2019;0008261;"Índice de dependência total (N.º) por Local de residência (NUTS - 2013); Anual - INE, Estimativas anuais da população residente"
16I1419;Torres Novas;67.4;2019;0008261;"Índice de dependência total (N.º) por Local de residência (NUTS - 2013); Anual - INE, Estimativas anuais da população residente"
1870704;Estremoz;67.4;2019;0008261;"Índice de dependência total (N.º) por Local de residência (NUTS - 2013); Anual - INE, Estimativas anuais da população residente"
16G;Viseu Dão Lafões;67.5;2019;0008261;"Índice de dependência total (N.º) por Local de residência (NUTS - 2013); Anual - INE, Estimativas anuais da população residente"
1840213;Serpa;67.6;2019;0008261;"Índice de dependência total (N.º) por Local de residência (NUTS - 2013); Anual - INE, Estimativas anuais da população residente"
1851404;Alpiarça;67.6;2019;0008261;"Índice de dependência total (N.º) por Local de residência (NUTS - 2013); Anual - INE, Estimativas anuais da população residente"
16I;Médio Tejo;67.7;2019;0008261;"Índice de dependência total (N.º) por Local de residência (NUTS - 2013); Anual - INE, Estimativas anuais da população residente"
1840203;Alvito;67.7;2019;0008261;"Índice de dependência total (N.º) por Local de residência (NUTS - 2013); Anual - INE, Estimativas anuais da população residente"
16H0502;Castelo Branco;67.8;2019;0008261;"Índice de dependência total (N.º) por Local de residência (NUTS - 2013); Anual - INE, Estimativas anuais da população residente"
1500815;Vila do Bispo;67.9;2019;0008261;"Índice de dependência total (N.º) por Local de residência (NUTS - 2013); Anual - INE, Estimativas anuais da população residente"
1861214;Portalegre;67.9;2019;0008261;"Índice de dependência total (N.º) por Local de residência (NUTS - 2013); Anual - INE, Estimativas anuais da população residente"
1870701;Alandroal;68;2019;0008261;"Índice de dependência total (N.º) por Local de residência (NUTS - 2013); Anual - INE, Estimativas anuais da população residente"
16D0103;Anadia;68.4;2019;0008261;"Índice de dependência total (N.º) por Local de residência (NUTS - 2013); Anual - INE, Estimativas anuais da população residente"
1870703;Borba;68.4;2019;0008261;"Índice de dependência total (N.º) por Local de residência (NUTS - 2013); Anual - INE, Estimativas anuais da população residente"
1111606;Ponte da Barca;68.5;2019;0008261;"Índice de dependência total (N.º) por Local de residência (NUTS - 2013); Anual - INE, Estimativas anuais da população residente"
16I1402;Alcanena;68.5;2019;0008261;"Índice de dependência total (N.º) por Local de residência (NUTS - 2013); Anual - INE, Estimativas anuais da população residente"
16B1104;Cadaval;68.6;2019;0008261;"Índice de dependência total (N.º) por Local de residência (NUTS - 2013); Anual - INE, Estimativas anuais da população residente"
1190311;Vieira do Minho;69;2019;0008261;"Índice de dependência total (N.º) por Local de residência (NUTS - 2013); Anual - INE, Estimativas anuais da população residente"
16D0117;Sever do Vouga;69.2;2019;0008261;"Índice de dependência total (N.º) por Local de residência (NUTS - 2013); Anual - INE, Estimativas anuais da população residente"
16F1015;Pombal;69.2;2019;0008261;"Índice de dependência total (N.º) por Local de residência (NUTS - 2013); Anual - INE, Estimativas anuais da população residente"
1861211;Monforte;69.4;2019;0008261;"Índice de dependência total (N.º) por Local de residência (NUTS - 2013); Anual - INE, Estimativas anuais da população residente"
11D1818;Sernancelhe;69.5;2019;0008261;"Índice de dependência total (N.º) por Local de residência (NUTS - 2013); Anual - INE, Estimativas anuais da população residente"
1840201;Aljustrel;69.6;2019;0008261;"Índice de dependência total (N.º) por Local de residência (NUTS - 2013); Anual - INE, Estimativas anuais da população residente"
1111602;Caminha;69.7;2019;0008261;"Índice de dependência total (N.º) por Local de residência (NUTS - 2013); Anual - INE, Estimativas anuais da população residente"
1861208;Fronteira;69.9;2019;0008261;"Índice de dependência total (N.º) por Local de residência (NUTS - 2013); Anual - INE, Estimativas anuais da população residente"
1870712;Vendas Novas;69.9;2019;0008261;"Índice de dependência total (N.º) por Local de residência (NUTS - 2013); Anual - INE, Estimativas anuais da população residente"
16E0616;Tábua;70.1;2019;0008261;"Índice de dependência total (N.º) por Local de residência (NUTS - 2013); Anual - INE, Estimativas anuais da população residente"
16J0503;Covilhã;70.1;2019;0008261;"Índice de dependência total (N.º) por Local de residência (NUTS - 2013); Anual - INE, Estimativas anuais da população residente"
16E0614;Penela;70.3;2019;0008261;"Índice de dependência total (N.º) por Local de residência (NUTS - 2013); Anual - INE, Estimativas anuais da população residente"
16G1806;Mangualde;70.3;2019;0008261;"Índice de dependência total (N.º) por Local de residência (NUTS - 2013); Anual - INE, Estimativas anuais da população residente"
1111605;Paredes de Coura;70.6;2019;0008261;"Índice de dependência total (N.º) por Local de residência (NUTS - 2013); Anual - INE, Estimativas anuais da população residente"
16I1418;Tomar;70.7;2019;0008261;"Índice de dependência total (N.º) por Local de residência (NUTS - 2013); Anual - INE, Estimativas anuais da população residente"
186;Alto Alentejo;70.8;2019;0008261;"Índice de dependência total (N.º) por Local de residência (NUTS - 2013); Anual - INE, Estimativas anuais da população residente"
1861215;Sousel;70.8;2019;0008261;"Índice de dependência total (N.º) por Local de residência (NUTS - 2013); Anual - INE, Estimativas anuais da população residente"
1870708;Mourão;70.8;2019;0008261;"Índice de dependência total (N.º) por Local de residência (NUTS - 2013); Anual - INE, Estimativas anuais da população residente"
1861202;Arronches;71.3;2019;0008261;"Índice de dependência total (N.º) por Local de residência (NUTS - 2013); Anual - INE, Estimativas anuais da população residente"
1861213;Ponte de Sor;71.3;2019;0008261;"Índice de dependência total (N.º) por Local de residência (NUTS - 2013); Anual - INE, Estimativas anuais da população residente"
1870706;Montemor-o-Novo;71.3;2019;0008261;"Índice de dependência total (N.º) por Local de residência (NUTS - 2013); Anual - INE, Estimativas anuais da população residente"
11D1807;Moimenta da Beira;71.4;2019;0008261;"Índice de dependência total (N.º) por Local de residência (NUTS - 2013); Anual - INE, Estimativas anuais da população residente"
1840210;Moura;71.5;2019;0008261;"Índice de dependência total (N.º) por Local de residência (NUTS - 2013); Anual - INE, Estimativas anuais da população residente"
16I1401;Abrantes;71.7;2019;0008261;"Índice de dependência total (N.º) por Local de residência (NUTS - 2013); Anual - INE, Estimativas anuais da população residente"
1500814;Tavira;71.8;2019;0008261;"Índice de dependência total (N.º) por Local de residência (NUTS - 2013); Anual - INE, Estimativas anuais da população residente"
16G1817;Sátão;71.9;2019;0008261;"Índice de dependência total (N.º) por Local de residência (NUTS - 2013); Anual - INE, Estimativas anuais da população residente"
16E0602;Cantanhede;72.1;2019;0008261;"Índice de dependência total (N.º) por Local de residência (NUTS - 2013); Anual - INE, Estimativas anuais da população residente"
16G1824;Vouzela;72.2;2019;0008261;"Índice de dependência total (N.º) por Local de residência (NUTS - 2013); Anual - INE, Estimativas anuais da população residente"
16G1822;Vila Nova de Paiva;72.5;2019;0008261;"Índice de dependência total (N.º) por Local de residência (NUTS - 2013); Anual - INE, Estimativas anuais da população residente"
1851407;Chamusca;72.5;2019;0008261;"Índice de dependência total (N.º) por Local de residência (NUTS - 2013); Anual - INE, Estimativas anuais da população residente"
16E0608;Mira;72.8;2019;0008261;"Índice de dependência total (N.º) por Local de residência (NUTS - 2013); Anual - INE, Estimativas anuais da população residente"
16G1809;Nelas;72.8;2019;0008261;"Índice de dependência total (N.º) por Local de residência (NUTS - 2013); Anual - INE, Estimativas anuais da população residente"
11B1709;Ribeira de Pena;73;2019;0008261;"Índice de dependência total (N.º) por Local de residência (NUTS - 2013); Anual - INE, Estimativas anuais da população residente"
16F1003;Ansião;73;2019;0008261;"Índice de dependência total (N.º) por Local de residência (NUTS - 2013); Anual - INE, Estimativas anuais da população residente"
11D1819;Tabuaço;73.1;2019;0008261;"Índice de dependência total (N.º) por Local de residência (NUTS - 2013); Anual - INE, Estimativas anuais da população residente"
16I0509;Sertã;73.1;2019;0008261;"Índice de dependência total (N.º) por Local de residência (NUTS - 2013); Anual - INE, Estimativas anuais da população residente"
11D1711;Santa Marta de Penaguião;73.2;2019;0008261;"Índice de dependência total (N.º) por Local de residência (NUTS - 2013); Anual - INE, Estimativas anuais da população residente"
1811509;Santiago do Cacém;73.2;2019;0008261;"Índice de dependência total (N.º) por Local de residência (NUTS - 2013); Anual - INE, Estimativas anuais da população residente"
11D1710;Sabrosa;73.4;2019;0008261;"Índice de dependência total (N.º) por Local de residência (NUTS - 2013); Anual - INE, Estimativas anuais da população residente"
16I1411;Ferreira do Zêzere;73.4;2019;0008261;"Índice de dependência total (N.º) por Local de residência (NUTS - 2013); Anual - INE, Estimativas anuais da população residente"
16E0613;Penacova;73.5;2019;0008261;"Índice de dependência total (N.º) por Local de residência (NUTS - 2013); Anual - INE, Estimativas anuais da população residente"
16G1803;Castro Daire;73.7;2019;0008261;"Índice de dependência total (N.º) por Local de residência (NUTS - 2013); Anual - INE, Estimativas anuais da população residente"
16G1821;Tondela;73.8;2019;0008261;"Índice de dependência total (N.º) por Local de residência (NUTS - 2013); Anual - INE, Estimativas anuais da população residente"
16J0501;Belmonte;74.6;2019;0008261;"Índice de dependência total (N.º) por Local de residência (NUTS - 2013); Anual - INE, Estimativas anuais da população residente"
11D1701;Alijó;74.9;2019;0008261;"Índice de dependência total (N.º) por Local de residência (NUTS - 2013); Anual - INE, Estimativas anuais da população residente"
11D1812;Penedono;75.4;2019;0008261;"Índice de dependência total (N.º) por Local de residência (NUTS - 2013); Anual - INE, Estimativas anuais da população residente"
1840202;Almodôvar;75.8;2019;0008261;"Índice de dependência total (N.º) por Local de residência (NUTS - 2013); Anual - INE, Estimativas anuais da população residente"
16F1013;Pedrógão Grande;75.9;2019;0008261;"Índice de dependência total (N.º) por Local de residência (NUTS - 2013); Anual - INE, Estimativas anuais da população residente"
16G1802;Carregal do Sal;75.9;2019;0008261;"Índice de dependência total (N.º) por Local de residência (NUTS - 2013); Anual - INE, Estimativas anuais da população residente"
16G1816;São Pedro do Sul;76;2019;0008261;"Índice de dependência total (N.º) por Local de residência (NUTS - 2013); Anual - INE, Estimativas anuais da população residente"
16J0504;Fundão;76.1;2019;0008261;"Índice de dependência total (N.º) por Local de residência (NUTS - 2013); Anual - INE, Estimativas anuais da população residente"
11E0407;Mirandela;76.2;2019;0008261;"Índice de dependência total (N.º) por Local de residência (NUTS - 2013); Anual - INE, Estimativas anuais da população residente"
16J;Beiras e Serra da Estrela;76.3;2019;0008261;"Índice de dependência total (N.º) por Local de residência (NUTS - 2013); Anual - INE, Estimativas anuais da população residente"
1500804;Castro Marim;76.4;2019;0008261;"Índice de dependência total (N.º) por Local de residência (NUTS - 2013); Anual - INE, Estimativas anuais da população residente"
16G1814;Santa Comba Dão;76.4;2019;0008261;"Índice de dependência total (N.º) por Local de residência (NUTS - 2013); Anual - INE, Estimativas anuais da população residente"
1811501;Alcácer do Sal;76.4;2019;0008261;"Índice de dependência total (N.º) por Local de residência (NUTS - 2013); Anual - INE, Estimativas anuais da população residente"
11B1703;Chaves;76.8;2019;0008261;"Índice de dependência total (N.º) por Local de residência (NUTS - 2013); Anual - INE, Estimativas anuais da população residente"
1861201;Alter do Chão;77.1;2019;0008261;"Índice de dependência total (N.º) por Local de residência (NUTS - 2013); Anual - INE, Estimativas anuais da população residente"
16E0601;Arganil;77.6;2019;0008261;"Índice de dependência total (N.º) por Local de residência (NUTS - 2013); Anual - INE, Estimativas anuais da população residente"
1861203;Avis;77.6;2019;0008261;"Índice de dependência total (N.º) por Local de residência (NUTS - 2013); Anual - INE, Estimativas anuais da população residente"
16H;Beira Baixa;77.7;2019;0008261;"Índice de dependência total (N.º) por Local de residência (NUTS - 2013); Anual - INE, Estimativas anuais da população residente"
1840212;Ourique;77.7;2019;0008261;"Índice de dependência total (N.º) por Local de residência (NUTS - 2013); Anual - INE, Estimativas anuais da população residente"
1861210;Marvão;77.7;2019;0008261;"Índice de dependência total (N.º) por Local de residência (NUTS - 2013); Anual - INE, Estimativas anuais da população residente"
16F1007;Castanheira de Pêra;77.9;2019;0008261;"Índice de dependência total (N.º) por Local de residência (NUTS - 2013); Anual - INE, Estimativas anuais da população residente"
16E0615;Soure;78.1;2019;0008261;"Índice de dependência total (N.º) por Local de residência (NUTS - 2013); Anual - INE, Estimativas anuais da população residente"
11E;Terras de Trás-os-Montes;78.2;2019;0008261;"Índice de dependência total (N.º) por Local de residência (NUTS - 2013); Anual - INE, Estimativas anuais da população residente"
1851409;Coruche;78.4;2019;0008261;"Índice de dependência total (N.º) por Local de residência (NUTS - 2013); Anual - INE, Estimativas anuais da população residente"
1861205;Castelo de Vide;78.4;2019;0008261;"Índice de dependência total (N.º) por Local de residência (NUTS - 2013); Anual - INE, Estimativas anuais da população residente"
1111604;Monção;79.1;2019;0008261;"Índice de dependência total (N.º) por Local de residência (NUTS - 2013); Anual - INE, Estimativas anuais da população residente"
11B1713;Vila Pouca de Aguiar;79.7;2019;0008261;"Índice de dependência total (N.º) por Local de residência (NUTS - 2013); Anual - INE, Estimativas anuais da população residente"
11E0405;Macedo de Cavaleiros;79.7;2019;0008261;"Índice de dependência total (N.º) por Local de residência (NUTS - 2013); Anual - INE, Estimativas anuais da população residente"
1500809;Monchique;79.8;2019;0008261;"Índice de dependência total (N.º) por Local de residência (NUTS - 2013); Anual - INE, Estimativas anuais da população residente"
11D1707;Murça;80.6;2019;0008261;"Índice de dependência total (N.º) por Local de residência (NUTS - 2013); Anual - INE, Estimativas anuais da população residente"
16J0905;Fornos de Algodres;80.6;2019;0008261;"Índice de dependência total (N.º) por Local de residência (NUTS - 2013); Anual - INE, Estimativas anuais da população residente"
16F1008;Figueiró dos Vinhos;80.9;2019;0008261;"Índice de dependência total (N.º) por Local de residência (NUTS - 2013); Anual - INE, Estimativas anuais da população residente"
16G1811;Penalva do Castelo;81;2019;0008261;"Índice de dependência total (N.º) por Local de residência (NUTS - 2013); Anual - INE, Estimativas anuais da população residente"
16J0912;Seia;81.4;2019;0008261;"Índice de dependência total (N.º) por Local de residência (NUTS - 2013); Anual - INE, Estimativas anuais da população residente"
11E0410;Vila Flor;81.6;2019;0008261;"Índice de dependência total (N.º) por Local de residência (NUTS - 2013); Anual - INE, Estimativas anuais da população residente"
1840209;Mértola;82.2;2019;0008261;"Índice de dependência total (N.º) por Local de residência (NUTS - 2013); Anual - INE, Estimativas anuais da população residente"
11B;Alto Tâmega;82.6;2019;0008261;"Índice de dependência total (N.º) por Local de residência (NUTS - 2013); Anual - INE, Estimativas anuais da população residente"
16E0606;Góis;82.7;2019;0008261;"Índice de dependência total (N.º) por Local de residência (NUTS - 2013); Anual - INE, Estimativas anuais da população residente"
16J0903;Celorico da Beira;82.8;2019;0008261;"Índice de dependência total (N.º) por Local de residência (NUTS - 2013); Anual - INE, Estimativas anuais da população residente"
16F1002;Alvaiázere;83;2019;0008261;"Índice de dependência total (N.º) por Local de residência (NUTS - 2013); Anual - INE, Estimativas anuais da população residente"
1111601;Arcos de Valdevez;83.6;2019;0008261;"Índice de dependência total (N.º) por Local de residência (NUTS - 2013); Anual - INE, Estimativas anuais da população residente"
11D0914;Vila Nova de Foz Côa;83.8;2019;0008261;"Índice de dependência total (N.º) por Local de residência (NUTS - 2013); Anual - INE, Estimativas anuais da população residente"
1861206;Crato;84;2019;0008261;"Índice de dependência total (N.º) por Local de residência (NUTS - 2013); Anual - INE, Estimativas anuais da população residente"
16J0913;Trancoso;84.1;2019;0008261;"Índice de dependência total (N.º) por Local de residência (NUTS - 2013); Anual - INE, Estimativas anuais da população residente"
16E1808;Mortágua;84.3;2019;0008261;"Índice de dependência total (N.º) por Local de residência (NUTS - 2013); Anual - INE, Estimativas anuais da população residente"
16G0901;Aguiar da Beira;84.4;2019;0008261;"Índice de dependência total (N.º) por Local de residência (NUTS - 2013); Anual - INE, Estimativas anuais da população residente"
16J0908;Manteigas;85.7;2019;0008261;"Índice de dependência total (N.º) por Local de residência (NUTS - 2013); Anual - INE, Estimativas anuais da população residente"
11E0401;Alfândega da Fé;86.6;2019;0008261;"Índice de dependência total (N.º) por Local de residência (NUTS - 2013); Anual - INE, Estimativas anuais da população residente"
1870707;Mora;87;2019;0008261;"Índice de dependência total (N.º) por Local de residência (NUTS - 2013); Anual - INE, Estimativas anuais da população residente"
16J0909;Mêda;87.4;2019;0008261;"Índice de dependência total (N.º) por Local de residência (NUTS - 2013); Anual - INE, Estimativas anuais da população residente"
16H0508;Proença-a-Nova;87.9;2019;0008261;"Índice de dependência total (N.º) por Local de residência (NUTS - 2013); Anual - INE, Estimativas anuais da população residente"
11D0403;Carrazeda de Ansiães;89.1;2019;0008261;"Índice de dependência total (N.º) por Local de residência (NUTS - 2013); Anual - INE, Estimativas anuais da população residente"
11E0408;Mogadouro;89.4;2019;0008261;"Índice de dependência total (N.º) por Local de residência (NUTS - 2013); Anual - INE, Estimativas anuais da população residente"
16J0910;Pinhel;89.4;2019;0008261;"Índice de dependência total (N.º) por Local de residência (NUTS - 2013); Anual - INE, Estimativas anuais da população residente"
11B1702;Boticas;89.9;2019;0008261;"Índice de dependência total (N.º) por Local de residência (NUTS - 2013); Anual - INE, Estimativas anuais da população residente"
16J0906;Gouveia;90.1;2019;0008261;"Índice de dependência total (N.º) por Local de residência (NUTS - 2013); Anual - INE, Estimativas anuais da população residente"
16I0510;Vila de Rei;90.6;2019;0008261;"Índice de dependência total (N.º) por Local de residência (NUTS - 2013); Anual - INE, Estimativas anuais da população residente"
11D0404;Freixo de Espada à Cinta;90.9;2019;0008261;"Índice de dependência total (N.º) por Local de residência (NUTS - 2013); Anual - INE, Estimativas anuais da população residente"
16J0904;Figueira de Castelo Rodrigo;91.6;2019;0008261;"Índice de dependência total (N.º) por Local de residência (NUTS - 2013); Anual - INE, Estimativas anuais da população residente"
1861212;Nisa;92;2019;0008261;"Índice de dependência total (N.º) por Local de residência (NUTS - 2013); Anual - INE, Estimativas anuais da população residente"
11B1706;Montalegre;93.6;2019;0008261;"Índice de dependência total (N.º) por Local de residência (NUTS - 2013); Anual - INE, Estimativas anuais da população residente"
11E0406;Miranda do Douro;94;2019;0008261;"Índice de dependência total (N.º) por Local de residência (NUTS - 2013); Anual - INE, Estimativas anuais da população residente"
1861209;Gavião;94.5;2019;0008261;"Índice de dependência total (N.º) por Local de residência (NUTS - 2013); Anual - INE, Estimativas anuais da população residente"
16I1413;Mação;95.9;2019;0008261;"Índice de dependência total (N.º) por Local de residência (NUTS - 2013); Anual - INE, Estimativas anuais da população residente"
11B1712;Valpaços;96.9;2019;0008261;"Índice de dependência total (N.º) por Local de residência (NUTS - 2013); Anual - INE, Estimativas anuais da população residente"
11D0409;Torre de Moncorvo;98.1;2019;0008261;"Índice de dependência total (N.º) por Local de residência (NUTS - 2013); Anual - INE, Estimativas anuais da população residente"
16H0505;Idanha-a-Nova;100.9;2019;0008261;"Índice de dependência total (N.º) por Local de residência (NUTS - 2013); Anual - INE, Estimativas anuais da população residente"
16H0507;Penamacor;101.6;2019;0008261;"Índice de dependência total (N.º) por Local de residência (NUTS - 2013); Anual - INE, Estimativas anuais da população residente"
16J0902;Almeida;102.9;2019;0008261;"Índice de dependência total (N.º) por Local de residência (NUTS - 2013); Anual - INE, Estimativas anuais da população residente"
11E0411;Vimioso;103.4;2019;0008261;"Índice de dependência total (N.º) por Local de residência (NUTS - 2013); Anual - INE, Estimativas anuais da população residente"
1111603;Melgaço;103.5;2019;0008261;"Índice de dependência total (N.º) por Local de residência (NUTS - 2013); Anual - INE, Estimativas anuais da população residente"
16H0506;Oleiros;107;2019;0008261;"Índice de dependência total (N.º) por Local de residência (NUTS - 2013); Anual - INE, Estimativas anuais da população residente"
16E0612;Pampilhosa da Serra;108.4;2019;0008261;"Índice de dependência total (N.º) por Local de residência (NUTS - 2013); Anual - INE, Estimativas anuais da população residente"
16J0911;Sabugal;108.5;2019;0008261;"Índice de dependência total (N.º) por Local de residência (NUTS - 2013); Anual - INE, Estimativas anuais da população residente"
16H0511;Vila Velha de Ródão;108.6;2019;0008261;"Índice de dependência total (N.º) por Local de residência (NUTS - 2013); Anual - INE, Estimativas anuais da população residente"
11E0412;Vinhais;108.9;2019;0008261;"Índice de dependência total (N.º) por Local de residência (NUTS - 2013); Anual - INE, Estimativas anuais da população residente"
1500802;Alcoutim;111.3;2019;0008261;"Índice de dependência total (N.º) por Local de residência (NUTS - 2013); Anual - INE, Estimativas anuais da população residente"
2004201;Lagoa;41.6;2020;0008261;"Índice de dependência total (N.º) por Local de residência (NUTS - 2013); Anual - INE, Estimativas anuais da população residente"
3003108;Santa Cruz;42.2;2020;0008261;"Índice de dependência total (N.º) por Local de residência (NUTS - 2013); Anual - INE, Estimativas anuais da população residente"
2004205;Ribeira Grande;42.3;2020;0008261;"Índice de dependência total (N.º) por Local de residência (NUTS - 2013); Anual - INE, Estimativas anuais da população residente"
3003102;Câmara de Lobos;43.4;2020;0008261;"Índice de dependência total (N.º) por Local de residência (NUTS - 2013); Anual - INE, Estimativas anuais da população residente"
3003201;Porto Santo;43.4;2020;0008261;"Índice de dependência total (N.º) por Local de residência (NUTS - 2013); Anual - INE, Estimativas anuais da população residente"
2004206;Vila Franca do Campo;43.5;2020;0008261;"Índice de dependência total (N.º) por Local de residência (NUTS - 2013); Anual - INE, Estimativas anuais da população residente"
11C1305;Lousada;43.6;2020;0008261;"Índice de dependência total (N.º) por Local de residência (NUTS - 2013); Anual - INE, Estimativas anuais da população residente"
2004203;Ponta Delgada;43.7;2020;0008261;"Índice de dependência total (N.º) por Local de residência (NUTS - 2013); Anual - INE, Estimativas anuais da população residente"
11C1309;Paços de Ferreira;44.1;2020;0008261;"Índice de dependência total (N.º) por Local de residência (NUTS - 2013); Anual - INE, Estimativas anuais da população residente"
2004204;Povoação;45;2020;0008261;"Índice de dependência total (N.º) por Local de residência (NUTS - 2013); Anual - INE, Estimativas anuais da população residente"
11A1310;Paredes;45.3;2020;0008261;"Índice de dependência total (N.º) por Local de residência (NUTS - 2013); Anual - INE, Estimativas anuais da população residente"
2004901;Corvo;46;2020;0008261;"Índice de dependência total (N.º) por Local de residência (NUTS - 2013); Anual - INE, Estimativas anuais da população residente"
2;Região Autónoma dos Açores;46.5;2020;0008261;"Índice de dependência total (N.º) por Local de residência (NUTS - 2013); Anual - INE, Estimativas anuais da população residente"
20;Região Autónoma dos Açores;46.5;2020;0008261;"Índice de dependência total (N.º) por Local de residência (NUTS - 2013); Anual - INE, Estimativas anuais da população residente"
200;Região Autónoma dos Açores;46.5;2020;0008261;"Índice de dependência total (N.º) por Local de residência (NUTS - 2013); Anual - INE, Estimativas anuais da população residente"
11C1307;Marco de Canaveses;46.7;2020;0008261;"Índice de dependência total (N.º) por Local de residência (NUTS - 2013); Anual - INE, Estimativas anuais da população residente"
2004802;Santa Cruz das Flores;47.1;2020;0008261;"Índice de dependência total (N.º) por Local de residência (NUTS - 2013); Anual - INE, Estimativas anuais da população residente"
1190314;Vizela;47.2;2020;0008261;"Índice de dependência total (N.º) por Local de residência (NUTS - 2013); Anual - INE, Estimativas anuais da população residente"
11C1303;Felgueiras;47.6;2020;0008261;"Índice de dependência total (N.º) por Local de residência (NUTS - 2013); Anual - INE, Estimativas anuais da população residente"
11C1311;Penafiel;47.6;2020;0008261;"Índice de dependência total (N.º) por Local de residência (NUTS - 2013); Anual - INE, Estimativas anuais da população residente"
2004801;Lajes das Flores;47.9;2020;0008261;"Índice de dependência total (N.º) por Local de residência (NUTS - 2013); Anual - INE, Estimativas anuais da população residente"
2004101;Vila do Porto;48.1;2020;0008261;"Índice de dependência total (N.º) por Local de residência (NUTS - 2013); Anual - INE, Estimativas anuais da população residente"
11C;Tâmega e Sousa;48.9;2020;0008261;"Índice de dependência total (N.º) por Local de residência (NUTS - 2013); Anual - INE, Estimativas anuais da população residente"
1810211;Odemira;48.9;2020;0008261;"Índice de dependência total (N.º) por Local de residência (NUTS - 2013); Anual - INE, Estimativas anuais da população residente"
3003104;Machico;49.1;2020;0008261;"Índice de dependência total (N.º) por Local de residência (NUTS - 2013); Anual - INE, Estimativas anuais da população residente"
2004302;Vila da Praia da Vitória;49.3;2020;0008261;"Índice de dependência total (N.º) por Local de residência (NUTS - 2013); Anual - INE, Estimativas anuais da população residente"
3;Região Autónoma da Madeira;49.5;2020;0008261;"Índice de dependência total (N.º) por Local de residência (NUTS - 2013); Anual - INE, Estimativas anuais da população residente"
30;Região Autónoma da Madeira;49.5;2020;0008261;"Índice de dependência total (N.º) por Local de residência (NUTS - 2013); Anual - INE, Estimativas anuais da população residente"
300;Região Autónoma da Madeira;49.5;2020;0008261;"Índice de dependência total (N.º) por Local de residência (NUTS - 2013); Anual - INE, Estimativas anuais da população residente"
1120303;Braga;49.6;2020;0008261;"Índice de dependência total (N.º) por Local de residência (NUTS - 2013); Anual - INE, Estimativas anuais da população residente"
3003105;Ponta do Sol;49.6;2020;0008261;"Índice de dependência total (N.º) por Local de residência (NUTS - 2013); Anual - INE, Estimativas anuais da população residente"
11C0106;Castelo de Paiva;49.8;2020;0008261;"Índice de dependência total (N.º) por Local de residência (NUTS - 2013); Anual - INE, Estimativas anuais da população residente"
2004301;Angra do Heroísmo;49.9;2020;0008261;"Índice de dependência total (N.º) por Local de residência (NUTS - 2013); Anual - INE, Estimativas anuais da população residente"
3003107;Ribeira Brava;50;2020;0008261;"Índice de dependência total (N.º) por Local de residência (NUTS - 2013); Anual - INE, Estimativas anuais da população residente"
1500801;Albufeira;50.2;2020;0008261;"Índice de dependência total (N.º) por Local de residência (NUTS - 2013); Anual - INE, Estimativas anuais da população residente"
1120302;Barcelos;50.4;2020;0008261;"Índice de dependência total (N.º) por Local de residência (NUTS - 2013); Anual - INE, Estimativas anuais da população residente"
1701502;Alcochete;50.4;2020;0008261;"Índice de dependência total (N.º) por Local de residência (NUTS - 2013); Anual - INE, Estimativas anuais da população residente"
2004202;Nordeste;50.4;2020;0008261;"Índice de dependência total (N.º) por Local de residência (NUTS - 2013); Anual - INE, Estimativas anuais da população residente"
11A1306;Maia;50.5;2020;0008261;"Índice de dependência total (N.º) por Local de residência (NUTS - 2013); Anual - INE, Estimativas anuais da população residente"
11A1318;Trofa;50.6;2020;0008261;"Índice de dependência total (N.º) por Local de residência (NUTS - 2013); Anual - INE, Estimativas anuais da população residente"
11A1315;Valongo;50.7;2020;0008261;"Índice de dependência total (N.º) por Local de residência (NUTS - 2013); Anual - INE, Estimativas anuais da população residente"
2004502;Velas;50.7;2020;0008261;"Índice de dependência total (N.º) por Local de residência (NUTS - 2013); Anual - INE, Estimativas anuais da população residente"
112;Cávado;51;2020;0008261;"Índice de dependência total (N.º) por Local de residência (NUTS - 2013); Anual - INE, Estimativas anuais da população residente"
1701111;Sintra;51;2020;0008261;"Índice de dependência total (N.º) por Local de residência (NUTS - 2013); Anual - INE, Estimativas anuais da população residente"
1190312;Vila Nova de Famalicão;51.3;2020;0008261;"Índice de dependência total (N.º) por Local de residência (NUTS - 2013); Anual - INE, Estimativas anuais da população residente"
2004602;Madalena;51.4;2020;0008261;"Índice de dependência total (N.º) por Local de residência (NUTS - 2013); Anual - INE, Estimativas anuais da população residente"
1701109;Mafra;51.5;2020;0008261;"Índice de dependência total (N.º) por Local de residência (NUTS - 2013); Anual - INE, Estimativas anuais da população residente"
16B1102;Arruda dos Vinhos;51.6;2020;0008261;"Índice de dependência total (N.º) por Local de residência (NUTS - 2013); Anual - INE, Estimativas anuais da população residente"
2004701;Horta;51.7;2020;0008261;"Índice de dependência total (N.º) por Local de residência (NUTS - 2013); Anual - INE, Estimativas anuais da população residente"
1190308;Guimarães;51.9;2020;0008261;"Índice de dependência total (N.º) por Local de residência (NUTS - 2013); Anual - INE, Estimativas anuais da população residente"
1120306;Esposende;52.4;2020;0008261;"Índice de dependência total (N.º) por Local de residência (NUTS - 2013); Anual - INE, Estimativas anuais da população residente"
11A1313;Póvoa de Varzim;52.4;2020;0008261;"Índice de dependência total (N.º) por Local de residência (NUTS - 2013); Anual - INE, Estimativas anuais da população residente"
1851405;Benavente;52.6;2020;0008261;"Índice de dependência total (N.º) por Local de residência (NUTS - 2013); Anual - INE, Estimativas anuais da população residente"
3003103;Funchal;52.6;2020;0008261;"Índice de dependência total (N.º) por Local de residência (NUTS - 2013); Anual - INE, Estimativas anuais da população residente"
2004603;São Roque do Pico;52.7;2020;0008261;"Índice de dependência total (N.º) por Local de residência (NUTS - 2013); Anual - INE, Estimativas anuais da população residente"
119;Ave;52.9;2020;0008261;"Índice de dependência total (N.º) por Local de residência (NUTS - 2013); Anual - INE, Estimativas anuais da população residente"
16B1112;Sobral de Monte Agraço;52.9;2020;0008261;"Índice de dependência total (N.º) por Local de residência (NUTS - 2013); Anual - INE, Estimativas anuais da população residente"
11A1316;Vila do Conde;53;2020;0008261;"Índice de dependência total (N.º) por Local de residência (NUTS - 2013); Anual - INE, Estimativas anuais da população residente"
1701114;Vila Franca de Xira;53.3;2020;0008261;"Índice de dependência total (N.º) por Local de residência (NUTS - 2013); Anual - INE, Estimativas anuais da população residente"
1120301;Amares;53.5;2020;0008261;"Índice de dependência total (N.º) por Local de residência (NUTS - 2013); Anual - INE, Estimativas anuais da população residente"
11C1302;Baião;53.5;2020;0008261;"Índice de dependência total (N.º) por Local de residência (NUTS - 2013); Anual - INE, Estimativas anuais da população residente"
16B1101;Alenquer;53.5;2020;0008261;"Índice de dependência total (N.º) por Local de residência (NUTS - 2013); Anual - INE, Estimativas anuais da população residente"
16D0105;Aveiro;53.7;2020;0008261;"Índice de dependência total (N.º) por Local de residência (NUTS - 2013); Anual - INE, Estimativas anuais da população residente"
1701507;Montijo;53.7;2020;0008261;"Índice de dependência total (N.º) por Local de residência (NUTS - 2013); Anual - INE, Estimativas anuais da população residente"
11A0109;Santa Maria da Feira;53.8;2020;0008261;"Índice de dependência total (N.º) por Local de residência (NUTS - 2013); Anual - INE, Estimativas anuais da população residente"
11A0116;São João da Madeira;53.9;2020;0008261;"Índice de dependência total (N.º) por Local de residência (NUTS - 2013); Anual - INE, Estimativas anuais da população residente"
11A1304;Gondomar;54.2;2020;0008261;"Índice de dependência total (N.º) por Local de residência (NUTS - 2013); Anual - INE, Estimativas anuais da população residente"
1190309;Póvoa de Lanhoso;54.3;2020;0008261;"Índice de dependência total (N.º) por Local de residência (NUTS - 2013); Anual - INE, Estimativas anuais da população residente"
16I1410;Entroncamento;54.3;2020;0008261;"Índice de dependência total (N.º) por Local de residência (NUTS - 2013); Anual - INE, Estimativas anuais da população residente"
16D0115;Ovar;54.4;2020;0008261;"Índice de dependência total (N.º) por Local de residência (NUTS - 2013); Anual - INE, Estimativas anuais da população residente"
1120313;Vila Verde;54.6;2020;0008261;"Índice de dependência total (N.º) por Local de residência (NUTS - 2013); Anual - INE, Estimativas anuais da população residente"
11A1317;Vila Nova de Gaia;54.6;2020;0008261;"Índice de dependência total (N.º) por Local de residência (NUTS - 2013); Anual - INE, Estimativas anuais da população residente"
16D0110;Ílhavo;54.6;2020;0008261;"Índice de dependência total (N.º) por Local de residência (NUTS - 2013); Anual - INE, Estimativas anuais da população residente"
11C1301;Amarante;54.7;2020;0008261;"Índice de dependência total (N.º) por Local de residência (NUTS - 2013); Anual - INE, Estimativas anuais da população residente"
1701508;Palmela;54.7;2020;0008261;"Índice de dependência total (N.º) por Local de residência (NUTS - 2013); Anual - INE, Estimativas anuais da população residente"
11A;Área Metropolitana do Porto;54.8;2020;0008261;"Índice de dependência total (N.º) por Local de residência (NUTS - 2013); Anual - INE, Estimativas anuais da população residente"
1701511;Sesimbra;55.1;2020;0008261;"Índice de dependência total (N.º) por Local de residência (NUTS - 2013); Anual - INE, Estimativas anuais da população residente"
1840204;Barrancos;55.3;2020;0008261;"Índice de dependência total (N.º) por Local de residência (NUTS - 2013); Anual - INE, Estimativas anuais da população residente"
1190304;Cabeceiras de Basto;55.4;2020;0008261;"Índice de dependência total (N.º) por Local de residência (NUTS - 2013); Anual - INE, Estimativas anuais da população residente"
11;Norte;55.8;2020;0008261;"Índice de dependência total (N.º) por Local de residência (NUTS - 2013); Anual - INE, Estimativas anuais da população residente"
16D0102;Albergaria-a-Velha;55.8;2020;0008261;"Índice de dependência total (N.º) por Local de residência (NUTS - 2013); Anual - INE, Estimativas anuais da população residente"
16B1113;Torres Vedras;56.3;2020;0008261;"Índice de dependência total (N.º) por Local de residência (NUTS - 2013); Anual - INE, Estimativas anuais da população residente"
1851103;Azambuja;56.3;2020;0008261;"Índice de dependência total (N.º) por Local de residência (NUTS - 2013); Anual - INE, Estimativas anuais da população residente"
11A0113;Oliveira de Azeméis;56.4;2020;0008261;"Índice de dependência total (N.º) por Local de residência (NUTS - 2013); Anual - INE, Estimativas anuais da população residente"
16E0607;Lousã;56.5;2020;0008261;"Índice de dependência total (N.º) por Local de residência (NUTS - 2013); Anual - INE, Estimativas anuais da população residente"
2004501;Calheta;56.5;2020;0008261;"Índice de dependência total (N.º) por Local de residência (NUTS - 2013); Anual - INE, Estimativas anuais da população residente"
16E0604;Condeixa-a-Nova;56.6;2020;0008261;"Índice de dependência total (N.º) por Local de residência (NUTS - 2013); Anual - INE, Estimativas anuais da população residente"
11C0305;Celorico de Basto;57;2020;0008261;"Índice de dependência total (N.º) por Local de residência (NUTS - 2013); Anual - INE, Estimativas anuais da população residente"
16F1009;Leiria;57;2020;0008261;"Índice de dependência total (N.º) por Local de residência (NUTS - 2013); Anual - INE, Estimativas anuais da população residente"
1190307;Fafe;57.1;2020;0008261;"Índice de dependência total (N.º) por Local de residência (NUTS - 2013); Anual - INE, Estimativas anuais da população residente"
2004401;Santa Cruz da Graciosa;57.1;2020;0008261;"Índice de dependência total (N.º) por Local de residência (NUTS - 2013); Anual - INE, Estimativas anuais da população residente"
1500805;Faro;57.3;2020;0008261;"Índice de dependência total (N.º) por Local de residência (NUTS - 2013); Anual - INE, Estimativas anuais da população residente"
11A1308;Matosinhos;57.4;2020;0008261;"Índice de dependência total (N.º) por Local de residência (NUTS - 2013); Anual - INE, Estimativas anuais da população residente"
11D1714;Vila Real;57.4;2020;0008261;"Índice de dependência total (N.º) por Local de residência (NUTS - 2013); Anual - INE, Estimativas anuais da população residente"
16F1010;Marinha Grande;57.5;2020;0008261;"Índice de dependência total (N.º) por Local de residência (NUTS - 2013); Anual - INE, Estimativas anuais da população residente"
2004601;Lajes do Pico;57.5;2020;0008261;"Índice de dependência total (N.º) por Local de residência (NUTS - 2013); Anual - INE, Estimativas anuais da população residente"
1111607;Ponte de Lima;57.7;2020;0008261;"Índice de dependência total (N.º) por Local de residência (NUTS - 2013); Anual - INE, Estimativas anuais da população residente"
17;Área Metropolitana de Lisboa;57.7;2020;0008261;"Índice de dependência total (N.º) por Local de residência (NUTS - 2013); Anual - INE, Estimativas anuais da população residente"
170;Área Metropolitana de Lisboa;57.7;2020;0008261;"Índice de dependência total (N.º) por Local de residência (NUTS - 2013); Anual - INE, Estimativas anuais da população residente"
16D;Região de Aveiro;57.8;2020;0008261;"Índice de dependência total (N.º) por Local de residência (NUTS - 2013); Anual - INE, Estimativas anuais da população residente"
1701106;Lisboa;58;2020;0008261;"Índice de dependência total (N.º) por Local de residência (NUTS - 2013); Anual - INE, Estimativas anuais da população residente"
16D0114;Oliveira do Bairro;58.2;2020;0008261;"Índice de dependência total (N.º) por Local de residência (NUTS - 2013); Anual - INE, Estimativas anuais da população residente"
3003101;Calheta;58.2;2020;0008261;"Índice de dependência total (N.º) por Local de residência (NUTS - 2013); Anual - INE, Estimativas anuais da população residente"
11A1314;Santo Tirso;58.3;2020;0008261;"Índice de dependência total (N.º) por Local de residência (NUTS - 2013); Anual - INE, Estimativas anuais da população residente"
PT;Portugal;58.5;2020;0008261;"Índice de dependência total (N.º) por Local de residência (NUTS - 2013); Anual - INE, Estimativas anuais da população residente"
16I1408;Constância;58.6;2020;0008261;"Índice de dependência total (N.º) por Local de residência (NUTS - 2013); Anual - INE, Estimativas anuais da população residente"
11D1820;Tarouca;58.8;2020;0008261;"Índice de dependência total (N.º) por Local de residência (NUTS - 2013); Anual - INE, Estimativas anuais da população residente"
1;Continente;59.1;2020;0008261;"Índice de dependência total (N.º) por Local de residência (NUTS - 2013); Anual - INE, Estimativas anuais da população residente"
1840207;Cuba;59.1;2020;0008261;"Índice de dependência total (N.º) por Local de residência (NUTS - 2013); Anual - INE, Estimativas anuais da população residente"
16B;Oeste;59.2;2020;0008261;"Índice de dependência total (N.º) por Local de residência (NUTS - 2013); Anual - INE, Estimativas anuais da população residente"
1851414;Rio Maior;59.2;2020;0008261;"Índice de dependência total (N.º) por Local de residência (NUTS - 2013); Anual - INE, Estimativas anuais da população residente"
16E0609;Miranda do Corvo;59.4;2020;0008261;"Índice de dependência total (N.º) por Local de residência (NUTS - 2013); Anual - INE, Estimativas anuais da população residente"
16G1810;Oliveira de Frades;59.4;2020;0008261;"Índice de dependência total (N.º) por Local de residência (NUTS - 2013); Anual - INE, Estimativas anuais da população residente"
16J0907;Guarda;59.4;2020;0008261;"Índice de dependência total (N.º) por Local de residência (NUTS - 2013); Anual - INE, Estimativas anuais da população residente"
1701105;Cascais;59.4;2020;0008261;"Índice de dependência total (N.º) por Local de residência (NUTS - 2013); Anual - INE, Estimativas anuais da população residente"
1701510;Seixal;59.4;2020;0008261;"Índice de dependência total (N.º) por Local de residência (NUTS - 2013); Anual - INE, Estimativas anuais da população residente"
16D0108;Estarreja;59.5;2020;0008261;"Índice de dependência total (N.º) por Local de residência (NUTS - 2013); Anual - INE, Estimativas anuais da população residente"
16E0617;Vila Nova de Poiares;59.5;2020;0008261;"Índice de dependência total (N.º) por Local de residência (NUTS - 2013); Anual - INE, Estimativas anuais da população residente"
16G1823;Viseu;59.5;2020;0008261;"Índice de dependência total (N.º) por Local de residência (NUTS - 2013); Anual - INE, Estimativas anuais da população residente"
1701116;Odivelas;59.5;2020;0008261;"Índice de dependência total (N.º) por Local de residência (NUTS - 2013); Anual - INE, Estimativas anuais da população residente"
1500811;Portimão;59.6;2020;0008261;"Índice de dependência total (N.º) por Local de residência (NUTS - 2013); Anual - INE, Estimativas anuais da população residente"
16D0118;Vagos;59.6;2020;0008261;"Índice de dependência total (N.º) por Local de residência (NUTS - 2013); Anual - INE, Estimativas anuais da população residente"
1870705;Évora;59.6;2020;0008261;"Índice de dependência total (N.º) por Local de residência (NUTS - 2013); Anual - INE, Estimativas anuais da população residente"
1701506;Moita;59.7;2020;0008261;"Índice de dependência total (N.º) por Local de residência (NUTS - 2013); Anual - INE, Estimativas anuais da população residente"
11C1813;Resende;59.8;2020;0008261;"Índice de dependência total (N.º) por Local de residência (NUTS - 2013); Anual - INE, Estimativas anuais da população residente"
11D1805;Lamego;59.8;2020;0008261;"Índice de dependência total (N.º) por Local de residência (NUTS - 2013); Anual - INE, Estimativas anuais da população residente"
1500806;Lagoa;60;2020;0008261;"Índice de dependência total (N.º) por Local de residência (NUTS - 2013); Anual - INE, Estimativas anuais da população residente"
16F1004;Batalha;60;2020;0008261;"Índice de dependência total (N.º) por Local de residência (NUTS - 2013); Anual - INE, Estimativas anuais da população residente"
3003106;Porto Moniz;60;2020;0008261;"Índice de dependência total (N.º) por Local de residência (NUTS - 2013); Anual - INE, Estimativas anuais da população residente"
11A0104;Arouca;60.1;2020;0008261;"Índice de dependência total (N.º) por Local de residência (NUTS - 2013); Anual - INE, Estimativas anuais da população residente"
16D0112;Murtosa;60.2;2020;0008261;"Índice de dependência total (N.º) por Local de residência (NUTS - 2013); Anual - INE, Estimativas anuais da população residente"
1701115;Amadora;60.3;2020;0008261;"Índice de dependência total (N.º) por Local de residência (NUTS - 2013); Anual - INE, Estimativas anuais da população residente"
1811513;Sines;60.3;2020;0008261;"Índice de dependência total (N.º) por Local de residência (NUTS - 2013); Anual - INE, Estimativas anuais da população residente"
1851406;Cartaxo;60.3;2020;0008261;"Índice de dependência total (N.º) por Local de residência (NUTS - 2013); Anual - INE, Estimativas anuais da população residente"
3003110;São Vicente;60.3;2020;0008261;"Índice de dependência total (N.º) por Local de residência (NUTS - 2013); Anual - INE, Estimativas anuais da população residente"
11A1312;Porto;60.4;2020;0008261;"Índice de dependência total (N.º) por Local de residência (NUTS - 2013); Anual - INE, Estimativas anuais da população residente"
16F1016;Porto de Mós;60.4;2020;0008261;"Índice de dependência total (N.º) por Local de residência (NUTS - 2013); Anual - INE, Estimativas anuais da população residente"
11C1804;Cinfães;60.6;2020;0008261;"Índice de dependência total (N.º) por Local de residência (NUTS - 2013); Anual - INE, Estimativas anuais da população residente"
1840205;Beja;60.6;2020;0008261;"Índice de dependência total (N.º) por Local de residência (NUTS - 2013); Anual - INE, Estimativas anuais da população residente"
1500808;Loulé;60.8;2020;0008261;"Índice de dependência total (N.º) por Local de residência (NUTS - 2013); Anual - INE, Estimativas anuais da população residente"
1500810;Olhão;60.8;2020;0008261;"Índice de dependência total (N.º) por Local de residência (NUTS - 2013); Anual - INE, Estimativas anuais da população residente"
16B1006;Caldas da Rainha;60.8;2020;0008261;"Índice de dependência total (N.º) por Local de residência (NUTS - 2013); Anual - INE, Estimativas anuais da população residente"
15;Algarve;60.9;2020;0008261;"Índice de dependência total (N.º) por Local de residência (NUTS - 2013); Anual - INE, Estimativas anuais da população residente"
150;Algarve;60.9;2020;0008261;"Índice de dependência total (N.º) por Local de residência (NUTS - 2013); Anual - INE, Estimativas anuais da população residente"
16E0111;Mealhada;60.9;2020;0008261;"Índice de dependência total (N.º) por Local de residência (NUTS - 2013); Anual - INE, Estimativas anuais da população residente"
1701107;Loures;60.9;2020;0008261;"Índice de dependência total (N.º) por Local de residência (NUTS - 2013); Anual - INE, Estimativas anuais da população residente"
16B1001;Alcobaça;61;2020;0008261;"Índice de dependência total (N.º) por Local de residência (NUTS - 2013); Anual - INE, Estimativas anuais da população residente"
1861204;Campo Maior;61;2020;0008261;"Índice de dependência total (N.º) por Local de residência (NUTS - 2013); Anual - INE, Estimativas anuais da população residente"
16E0603;Coimbra;61.3;2020;0008261;"Índice de dependência total (N.º) por Local de residência (NUTS - 2013); Anual - INE, Estimativas anuais da população residente"
1701512;Setúbal;61.3;2020;0008261;"Índice de dependência total (N.º) por Local de residência (NUTS - 2013); Anual - INE, Estimativas anuais da população residente"
1111610;Vila Nova de Cerveira;61.4;2020;0008261;"Índice de dependência total (N.º) por Local de residência (NUTS - 2013); Anual - INE, Estimativas anuais da população residente"
11D1704;Mesão Frio;61.4;2020;0008261;"Índice de dependência total (N.º) por Local de residência (NUTS - 2013); Anual - INE, Estimativas anuais da população residente"
16F;Região de Leiria;61.4;2020;0008261;"Índice de dependência total (N.º) por Local de residência (NUTS - 2013); Anual - INE, Estimativas anuais da população residente"
185;Lezíria do Tejo;61.9;2020;0008261;"Índice de dependência total (N.º) por Local de residência (NUTS - 2013); Anual - INE, Estimativas anuais da população residente"
1870713;Viana do Alentejo;61.9;2020;0008261;"Índice de dependência total (N.º) por Local de residência (NUTS - 2013); Anual - INE, Estimativas anuais da população residente"
16B1108;Lourinhã;62;2020;0008261;"Índice de dependência total (N.º) por Local de residência (NUTS - 2013); Anual - INE, Estimativas anuais da população residente"
1701503;Almada;62;2020;0008261;"Índice de dependência total (N.º) por Local de residência (NUTS - 2013); Anual - INE, Estimativas anuais da população residente"
181;Alentejo Litoral;62;2020;0008261;"Índice de dependência total (N.º) por Local de residência (NUTS - 2013); Anual - INE, Estimativas anuais da população residente"
1851403;Almeirim;62.1;2020;0008261;"Índice de dependência total (N.º) por Local de residência (NUTS - 2013); Anual - INE, Estimativas anuais da população residente"
1111609;Viana do Castelo;62.2;2020;0008261;"Índice de dependência total (N.º) por Local de residência (NUTS - 2013); Anual - INE, Estimativas anuais da população residente"
16D0101;Águeda;62.3;2020;0008261;"Índice de dependência total (N.º) por Local de residência (NUTS - 2013); Anual - INE, Estimativas anuais da população residente"
1701110;Oeiras;62.4;2020;0008261;"Índice de dependência total (N.º) por Local de residência (NUTS - 2013); Anual - INE, Estimativas anuais da população residente"
1500807;Lagos;62.5;2020;0008261;"Índice de dependência total (N.º) por Local de residência (NUTS - 2013); Anual - INE, Estimativas anuais da população residente"
16B1012;Óbidos;62.5;2020;0008261;"Índice de dependência total (N.º) por Local de residência (NUTS - 2013); Anual - INE, Estimativas anuais da população residente"
1870714;Vila Viçosa;62.7;2020;0008261;"Índice de dependência total (N.º) por Local de residência (NUTS - 2013); Anual - INE, Estimativas anuais da população residente"
11D1708;Peso da Régua;62.9;2020;0008261;"Índice de dependência total (N.º) por Local de residência (NUTS - 2013); Anual - INE, Estimativas anuais da população residente"
1500813;Silves;63;2020;0008261;"Índice de dependência total (N.º) por Local de residência (NUTS - 2013); Anual - INE, Estimativas anuais da população residente"
1861207;Elvas;63.2;2020;0008261;"Índice de dependência total (N.º) por Local de residência (NUTS - 2013); Anual - INE, Estimativas anuais da população residente"
1840206;Castro Verde;63.3;2020;0008261;"Índice de dependência total (N.º) por Local de residência (NUTS - 2013); Anual - INE, Estimativas anuais da população residente"
16E0610;Montemor-o-Velho;63.4;2020;0008261;"Índice de dependência total (N.º) por Local de residência (NUTS - 2013); Anual - INE, Estimativas anuais da população residente"
16I1421;Ourém;63.4;2020;0008261;"Índice de dependência total (N.º) por Local de residência (NUTS - 2013); Anual - INE, Estimativas anuais da população residente"
1111608;Valença;63.5;2020;0008261;"Índice de dependência total (N.º) por Local de residência (NUTS - 2013); Anual - INE, Estimativas anuais da população residente"
1851415;Salvaterra de Magos;63.5;2020;0008261;"Índice de dependência total (N.º) por Local de residência (NUTS - 2013); Anual - INE, Estimativas anuais da população residente"
11D1815;São João da Pesqueira;63.7;2020;0008261;"Índice de dependência total (N.º) por Local de residência (NUTS - 2013); Anual - INE, Estimativas anuais da população residente"
1851416;Santarém;63.8;2020;0008261;"Índice de dependência total (N.º) por Local de residência (NUTS - 2013); Anual - INE, Estimativas anuais da população residente"
1870710;Redondo;63.8;2020;0008261;"Índice de dependência total (N.º) por Local de residência (NUTS - 2013); Anual - INE, Estimativas anuais da população residente"
1191705;Mondim de Basto;64;2020;0008261;"Índice de dependência total (N.º) por Local de residência (NUTS - 2013); Anual - INE, Estimativas anuais da população residente"
3003109;Santana;64;2020;0008261;"Índice de dependência total (N.º) por Local de residência (NUTS - 2013); Anual - INE, Estimativas anuais da população residente"
1701504;Barreiro;64.2;2020;0008261;"Índice de dependência total (N.º) por Local de residência (NUTS - 2013); Anual - INE, Estimativas anuais da população residente"
16;Centro;64.3;2020;0008261;"Índice de dependência total (N.º) por Local de residência (NUTS - 2013); Anual - INE, Estimativas anuais da população residente"
16B1011;Nazaré;64.3;2020;0008261;"Índice de dependência total (N.º) por Local de residência (NUTS - 2013); Anual - INE, Estimativas anuais da população residente"
16B1005;Bombarral;64.5;2020;0008261;"Índice de dependência total (N.º) por Local de residência (NUTS - 2013); Anual - INE, Estimativas anuais da população residente"
18;Alentejo;64.5;2020;0008261;"Índice de dependência total (N.º) por Local de residência (NUTS - 2013); Anual - INE, Estimativas anuais da população residente"
1870709;Portel;64.5;2020;0008261;"Índice de dependência total (N.º) por Local de residência (NUTS - 2013); Anual - INE, Estimativas anuais da população residente"
1870711;Reguengos de Monsaraz;64.6;2020;0008261;"Índice de dependência total (N.º) por Local de residência (NUTS - 2013); Anual - INE, Estimativas anuais da população residente"
1851412;Golegã;64.7;2020;0008261;"Índice de dependência total (N.º) por Local de residência (NUTS - 2013); Anual - INE, Estimativas anuais da população residente"
187;Alentejo Central;64.7;2020;0008261;"Índice de dependência total (N.º) por Local de residência (NUTS - 2013); Anual - INE, Estimativas anuais da população residente"
1870702;Arraiolos;64.9;2020;0008261;"Índice de dependência total (N.º) por Local de residência (NUTS - 2013); Anual - INE, Estimativas anuais da população residente"
1500812;São Brás de Alportel;65;2020;0008261;"Índice de dependência total (N.º) por Local de residência (NUTS - 2013); Anual - INE, Estimativas anuais da população residente"
16I1420;Vila Nova da Barquinha;65;2020;0008261;"Índice de dependência total (N.º) por Local de residência (NUTS - 2013); Anual - INE, Estimativas anuais da população residente"
11E0402;Bragança;65.3;2020;0008261;"Índice de dependência total (N.º) por Local de residência (NUTS - 2013); Anual - INE, Estimativas anuais da população residente"
1840214;Vidigueira;65.3;2020;0008261;"Índice de dependência total (N.º) por Local de residência (NUTS - 2013); Anual - INE, Estimativas anuais da população residente"
11A0107;Espinho;65.6;2020;0008261;"Índice de dependência total (N.º) por Local de residência (NUTS - 2013); Anual - INE, Estimativas anuais da população residente"
16B1014;Peniche;65.6;2020;0008261;"Índice de dependência total (N.º) por Local de residência (NUTS - 2013); Anual - INE, Estimativas anuais da população residente"
16E;Região de Coimbra;65.6;2020;0008261;"Índice de dependência total (N.º) por Local de residência (NUTS - 2013); Anual - INE, Estimativas anuais da população residente"
11D1801;Armamar;65.9;2020;0008261;"Índice de dependência total (N.º) por Local de residência (NUTS - 2013); Anual - INE, Estimativas anuais da população residente"
1811505;Grândola;66.2;2020;0008261;"Índice de dependência total (N.º) por Local de residência (NUTS - 2013); Anual - INE, Estimativas anuais da população residente"
1500816;Vila Real de Santo António;66.3;2020;0008261;"Índice de dependência total (N.º) por Local de residência (NUTS - 2013); Anual - INE, Estimativas anuais da população residente"
11A0119;Vale de Cambra;66.4;2020;0008261;"Índice de dependência total (N.º) por Local de residência (NUTS - 2013); Anual - INE, Estimativas anuais da população residente"
1500803;Aljezur;66.4;2020;0008261;"Índice de dependência total (N.º) por Local de residência (NUTS - 2013); Anual - INE, Estimativas anuais da população residente"
111;Alto Minho;66.5;2020;0008261;"Índice de dependência total (N.º) por Local de residência (NUTS - 2013); Anual - INE, Estimativas anuais da população residente"
11D;Douro;66.5;2020;0008261;"Índice de dependência total (N.º) por Local de residência (NUTS - 2013); Anual - INE, Estimativas anuais da população residente"
16E0605;Figueira da Foz;66.6;2020;0008261;"Índice de dependência total (N.º) por Local de residência (NUTS - 2013); Anual - INE, Estimativas anuais da população residente"
1120310;Terras de Bouro;66.7;2020;0008261;"Índice de dependência total (N.º) por Local de residência (NUTS - 2013); Anual - INE, Estimativas anuais da população residente"
184;Baixo Alentejo;66.7;2020;0008261;"Índice de dependência total (N.º) por Local de residência (NUTS - 2013); Anual - INE, Estimativas anuais da população residente"
16I1417;Sardoal;66.8;2020;0008261;"Índice de dependência total (N.º) por Local de residência (NUTS - 2013); Anual - INE, Estimativas anuais da população residente"
16E0611;Oliveira do Hospital;67.1;2020;0008261;"Índice de dependência total (N.º) por Local de residência (NUTS - 2013); Anual - INE, Estimativas anuais da população residente"
1840208;Ferreira do Alentejo;67.1;2020;0008261;"Índice de dependência total (N.º) por Local de residência (NUTS - 2013); Anual - INE, Estimativas anuais da população residente"
16I1419;Torres Novas;67.4;2020;0008261;"Índice de dependência total (N.º) por Local de residência (NUTS - 2013); Anual - INE, Estimativas anuais da população residente"
1870704;Estremoz;67.4;2020;0008261;"Índice de dependência total (N.º) por Local de residência (NUTS - 2013); Anual - INE, Estimativas anuais da população residente"
16G;Viseu Dão Lafões;67.5;2020;0008261;"Índice de dependência total (N.º) por Local de residência (NUTS - 2013); Anual - INE, Estimativas anuais da população residente"
1840213;Serpa;67.6;2020;0008261;"Índice de dependência total (N.º) por Local de residência (NUTS - 2013); Anual - INE, Estimativas anuais da população residente"
1851404;Alpiarça;67.6;2020;0008261;"Índice de dependência total (N.º) por Local de residência (NUTS - 2013); Anual - INE, Estimativas anuais da população residente"
16I;Médio Tejo;67.7;2020;0008261;"Índice de dependência total (N.º) por Local de residência (NUTS - 2013); Anual - INE, Estimativas anuais da população residente"
1840203;Alvito;67.7;2020;0008261;"Índice de dependência total (N.º) por Local de residência (NUTS - 2013); Anual - INE, Estimativas anuais da população residente"
16H0502;Castelo Branco;67.8;2020;0008261;"Índice de dependência total (N.º) por Local de residência (NUTS - 2013); Anual - INE, Estimativas anuais da população residente"
1500815;Vila do Bispo;67.9;2020;0008261;"Índice de dependência total (N.º) por Local de residência (NUTS - 2013); Anual - INE, Estimativas anuais da população residente"
1861214;Portalegre;67.9;2020;0008261;"Índice de dependência total (N.º) por Local de residência (NUTS - 2013); Anual - INE, Estimativas anuais da população residente"
1870701;Alandroal;68;2020;0008261;"Índice de dependência total (N.º) por Local de residência (NUTS - 2013); Anual - INE, Estimativas anuais da população residente"
16D0103;Anadia;68.4;2020;0008261;"Índice de dependência total (N.º) por Local de residência (NUTS - 2013); Anual - INE, Estimativas anuais da população residente"
1870703;Borba;68.4;2020;0008261;"Índice de dependência total (N.º) por Local de residência (NUTS - 2013); Anual - INE, Estimativas anuais da população residente"
1111606;Ponte da Barca;68.5;2020;0008261;"Índice de dependência total (N.º) por Local de residência (NUTS - 2013); Anual - INE, Estimativas anuais da população residente"
16I1402;Alcanena;68.5;2020;0008261;"Índice de dependência total (N.º) por Local de residência (NUTS - 2013); Anual - INE, Estimativas anuais da população residente"
16B1104;Cadaval;68.6;2020;0008261;"Índice de dependência total (N.º) por Local de residência (NUTS - 2013); Anual - INE, Estimativas anuais da população residente"
1190311;Vieira do Minho;69;2020;0008261;"Índice de dependência total (N.º) por Local de residência (NUTS - 2013); Anual - INE, Estimativas anuais da população residente"
16D0117;Sever do Vouga;69.2;2020;0008261;"Índice de dependência total (N.º) por Local de residência (NUTS - 2013); Anual - INE, Estimativas anuais da população residente"
16F1015;Pombal;69.2;2020;0008261;"Índice de dependência total (N.º) por Local de residência (NUTS - 2013); Anual - INE, Estimativas anuais da população residente"
1861211;Monforte;69.4;2020;0008261;"Índice de dependência total (N.º) por Local de residência (NUTS - 2013); Anual - INE, Estimativas anuais da população residente"
11D1818;Sernancelhe;69.5;2020;0008261;"Índice de dependência total (N.º) por Local de residência (NUTS - 2013); Anual - INE, Estimativas anuais da população residente"
1840201;Aljustrel;69.6;2020;0008261;"Índice de dependência total (N.º) por Local de residência (NUTS - 2013); Anual - INE, Estimativas anuais da população residente"
1111602;Caminha;69.7;2020;0008261;"Índice de dependência total (N.º) por Local de residência (NUTS - 2013); Anual - INE, Estimativas anuais da população residente"
1861208;Fronteira;69.9;2020;0008261;"Índice de dependência total (N.º) por Local de residência (NUTS - 2013); Anual - INE, Estimativas anuais da população residente"
1870712;Vendas Novas;69.9;2020;0008261;"Índice de dependência total (N.º) por Local de residência (NUTS - 2013); Anual - INE, Estimativas anuais da população residente"
16E0616;Tábua;70.1;2020;0008261;"Índice de dependência total (N.º) por Local de residência (NUTS - 2013); Anual - INE, Estimativas anuais da população residente"
16J0503;Covilhã;70.1;2020;0008261;"Índice de dependência total (N.º) por Local de residência (NUTS - 2013); Anual - INE, Estimativas anuais da população residente"
16E0614;Penela;70.3;2020;0008261;"Índice de dependência total (N.º) por Local de residência (NUTS - 2013); Anual - INE, Estimativas anuais da população residente"
16G1806;Mangualde;70.3;2020;0008261;"Índice de dependência total (N.º) por Local de residência (NUTS - 2013); Anual - INE, Estimativas anuais da população residente"
1111605;Paredes de Coura;70.6;2020;0008261;"Índice de dependência total (N.º) por Local de residência (NUTS - 2013); Anual - INE, Estimativas anuais da população residente"
16I1418;Tomar;70.7;2020;0008261;"Índice de dependência total (N.º) por Local de residência (NUTS - 2013); Anual - INE, Estimativas anuais da população residente"
186;Alto Alentejo;70.8;2020;0008261;"Índice de dependência total (N.º) por Local de residência (NUTS - 2013); Anual - INE, Estimativas anuais da população residente"
1861215;Sousel;70.8;2020;0008261;"Índice de dependência total (N.º) por Local de residência (NUTS - 2013); Anual - INE, Estimativas anuais da população residente"
1870708;Mourão;70.8;2020;0008261;"Índice de dependência total (N.º) por Local de residência (NUTS - 2013); Anual - INE, Estimativas anuais da população residente"
1861202;Arronches;71.3;2020;0008261;"Índice de dependência total (N.º) por Local de residência (NUTS - 2013); Anual - INE, Estimativas anuais da população residente"
1861213;Ponte de Sor;71.3;2020;0008261;"Índice de dependência total (N.º) por Local de residência (NUTS - 2013); Anual - INE, Estimativas anuais da população residente"
1870706;Montemor-o-Novo;71.3;2020;0008261;"Índice de dependência total (N.º) por Local de residência (NUTS - 2013); Anual - INE, Estimativas anuais da população residente"
11D1807;Moimenta da Beira;71.4;2020;0008261;"Índice de dependência total (N.º) por Local de residência (NUTS - 2013); Anual - INE, Estimativas anuais da população residente"
1840210;Moura;71.5;2020;0008261;"Índice de dependência total (N.º) por Local de residência (NUTS - 2013); Anual - INE, Estimativas anuais da população residente"
16I1401;Abrantes;71.7;2020;0008261;"Índice de dependência total (N.º) por Local de residência (NUTS - 2013); Anual - INE, Estimativas anuais da população residente"
1500814;Tavira;71.8;2020;0008261;"Índice de dependência total (N.º) por Local de residência (NUTS - 2013); Anual - INE, Estimativas anuais da população residente"
16G1817;Sátão;71.9;2020;0008261;"Índice de dependência total (N.º) por Local de residência (NUTS - 2013); Anual - INE, Estimativas anuais da população residente"
16E0602;Cantanhede;72.1;2020;0008261;"Índice de dependência total (N.º) por Local de residência (NUTS - 2013); Anual - INE, Estimativas anuais da população residente"
16G1824;Vouzela;72.2;2020;0008261;"Índice de dependência total (N.º) por Local de residência (NUTS - 2013); Anual - INE, Estimativas anuais da população residente"
16G1822;Vila Nova de Paiva;72.5;2020;0008261;"Índice de dependência total (N.º) por Local de residência (NUTS - 2013); Anual - INE, Estimativas anuais da população residente"
1851407;Chamusca;72.5;2020;0008261;"Índice de dependência total (N.º) por Local de residência (NUTS - 2013); Anual - INE, Estimativas anuais da população residente"
16E0608;Mira;72.8;2020;0008261;"Índice de dependência total (N.º) por Local de residência (NUTS - 2013); Anual - INE, Estimativas anuais da população residente"
16G1809;Nelas;72.8;2020;0008261;"Índice de dependência total (N.º) por Local de residência (NUTS - 2013); Anual - INE, Estimativas anuais da população residente"
11B1709;Ribeira de Pena;73;2020;0008261;"Índice de dependência total (N.º) por Local de residência (NUTS - 2013); Anual - INE, Estimativas anuais da população residente"
16F1003;Ansião;73;2020;0008261;"Índice de dependência total (N.º) por Local de residência (NUTS - 2013); Anual - INE, Estimativas anuais da população residente"
11D1819;Tabuaço;73.1;2020;0008261;"Índice de dependência total (N.º) por Local de residência (NUTS - 2013); Anual - INE, Estimativas anuais da população residente"
16I0509;Sertã;73.1;2020;0008261;"Índice de dependência total (N.º) por Local de residência (NUTS - 2013); Anual - INE, Estimativas anuais da população residente"
11D1711;Santa Marta de Penaguião;73.2;2020;0008261;"Índice de dependência total (N.º) por Local de residência (NUTS - 2013); Anual - INE, Estimativas anuais da população residente"
1811509;Santiago do Cacém;73.2;2020;0008261;"Índice de dependência total (N.º) por Local de residência (NUTS - 2013); Anual - INE, Estimativas anuais da população residente"
11D1710;Sabrosa;73.4;2020;0008261;"Índice de dependência total (N.º) por Local de residência (NUTS - 2013); Anual - INE, Estimativas anuais da população residente"
16I1411;Ferreira do Zêzere;73.4;2020;0008261;"Índice de dependência total (N.º) por Local de residência (NUTS - 2013); Anual - INE, Estimativas anuais da população residente"
16E0613;Penacova;73.5;2020;0008261;"Índice de dependência total (N.º) por Local de residência (NUTS - 2013); Anual - INE, Estimativas anuais da população residente"
16G1803;Castro Daire;73.7;2020;0008261;"Índice de dependência total (N.º) por Local de residência (NUTS - 2013); Anual - INE, Estimativas anuais da população residente"
16G1821;Tondela;73.8;2020;0008261;"Índice de dependência total (N.º) por Local de residência (NUTS - 2013); Anual - INE, Estimativas anuais da população residente"
16J0501;Belmonte;74.6;2020;0008261;"Índice de dependência total (N.º) por Local de residência (NUTS - 2013); Anual - INE, Estimativas anuais da população residente"
11D1701;Alijó;74.9;2020;0008261;"Índice de dependência total (N.º) por Local de residência (NUTS - 2013); Anual - INE, Estimativas anuais da população residente"
11D1812;Penedono;75.4;2020;0008261;"Índice de dependência total (N.º) por Local de residência (NUTS - 2013); Anual - INE, Estimativas anuais da população residente"
1840202;Almodôvar;75.8;2020;0008261;"Índice de dependência total (N.º) por Local de residência (NUTS - 2013); Anual - INE, Estimativas anuais da população residente"
16F1013;Pedrógão Grande;75.9;2020;0008261;"Índice de dependência total (N.º) por Local de residência (NUTS - 2013); Anual - INE, Estimativas anuais da população residente"
16G1802;Carregal do Sal;75.9;2020;0008261;"Índice de dependência total (N.º) por Local de residência (NUTS - 2013); Anual - INE, Estimativas anuais da população residente"
16G1816;São Pedro do Sul;76;2020;0008261;"Índice de dependência total (N.º) por Local de residência (NUTS - 2013); Anual - INE, Estimativas anuais da população residente"
16J0504;Fundão;76.1;2020;0008261;"Índice de dependência total (N.º) por Local de residência (NUTS - 2013); Anual - INE, Estimativas anuais da população residente"
11E0407;Mirandela;76.2;2020;0008261;"Índice de dependência total (N.º) por Local de residência (NUTS - 2013); Anual - INE, Estimativas anuais da população residente"
16J;Beiras e Serra da Estrela;76.3;2020;0008261;"Índice de dependência total (N.º) por Local de residência (NUTS - 2013); Anual - INE, Estimativas anuais da população residente"
1500804;Castro Marim;76.4;2020;0008261;"Índice de dependência total (N.º) por Local de residência (NUTS - 2013); Anual - INE, Estimativas anuais da população residente"
16G1814;Santa Comba Dão;76.4;2020;0008261;"Índice de dependência total (N.º) por Local de residência (NUTS - 2013); Anual - INE, Estimativas anuais da população residente"
1811501;Alcácer do Sal;76.4;2020;0008261;"Índice de dependência total (N.º) por Local de residência (NUTS - 2013); Anual - INE, Estimativas anuais da população residente"
11B1703;Chaves;76.8;2020;0008261;"Índice de dependência total (N.º) por Local de residência (NUTS - 2013); Anual - INE, Estimativas anuais da população residente"
1861201;Alter do Chão;77.1;2020;0008261;"Índice de dependência total (N.º) por Local de residência (NUTS - 2013); Anual - INE, Estimativas anuais da população residente"
16E0601;Arganil;77.6;2020;0008261;"Índice de dependência total (N.º) por Local de residência (NUTS - 2013); Anual - INE, Estimativas anuais da população residente"
1861203;Avis;77.6;2020;0008261;"Índice de dependência total (N.º) por Local de residência (NUTS - 2013); Anual - INE, Estimativas anuais da população residente"
16H;Beira Baixa;77.7;2020;0008261;"Índice de dependência total (N.º) por Local de residência (NUTS - 2013); Anual - INE, Estimativas anuais da população residente"
1840212;Ourique;77.7;2020;0008261;"Índice de dependência total (N.º) por Local de residência (NUTS - 2013); Anual - INE, Estimativas anuais da população residente"
1861210;Marvão;77.7;2020;0008261;"Índice de dependência total (N.º) por Local de residência (NUTS - 2013); Anual - INE, Estimativas anuais da população residente"
16F1007;Castanheira de Pêra;77.9;2020;0008261;"Índice de dependência total (N.º) por Local de residência (NUTS - 2013); Anual - INE, Estimativas anuais da população residente"
16E0615;Soure;78.1;2020;0008261;"Índice de dependência total (N.º) por Local de residência (NUTS - 2013); Anual - INE, Estimativas anuais da população residente"
11E;Terras de Trás-os-Montes;78.2;2020;0008261;"Índice de dependência total (N.º) por Local de residência (NUTS - 2013); Anual - INE, Estimativas anuais da população residente"
1851409;Coruche;78.4;2020;0008261;"Índice de dependência total (N.º) por Local de residência (NUTS - 2013); Anual - INE, Estimativas anuais da população residente"
1861205;Castelo de Vide;78.4;2020;0008261;"Índice de dependência total (N.º) por Local de residência (NUTS - 2013); Anual - INE, Estimativas anuais da população residente"
1111604;Monção;79.1;2020;0008261;"Índice de dependência total (N.º) por Local de residência (NUTS - 2013); Anual - INE, Estimativas anuais da população residente"
11B1713;Vila Pouca de Aguiar;79.7;2020;0008261;"Índice de dependência total (N.º) por Local de residência (NUTS - 2013); Anual - INE, Estimativas anuais da população residente"
11E0405;Macedo de Cavaleiros;79.7;2020;0008261;"Índice de dependência total (N.º) por Local de residência (NUTS - 2013); Anual - INE, Estimativas anuais da população residente"
1500809;Monchique;79.8;2020;0008261;"Índice de dependência total (N.º) por Local de residência (NUTS - 2013); Anual - INE, Estimativas anuais da população residente"
11D1707;Murça;80.6;2020;0008261;"Índice de dependência total (N.º) por Local de residência (NUTS - 2013); Anual - INE, Estimativas anuais da população residente"
16J0905;Fornos de Algodres;80.6;2020;0008261;"Índice de dependência total (N.º) por Local de residência (NUTS - 2013); Anual - INE, Estimativas anuais da população residente"
16F1008;Figueiró dos Vinhos;80.9;2020;0008261;"Índice de dependência total (N.º) por Local de residência (NUTS - 2013); Anual - INE, Estimativas anuais da população residente"
16G1811;Penalva do Castelo;81;2020;0008261;"Índice de dependência total (N.º) por Local de residência (NUTS - 2013); Anual - INE, Estimativas anuais da população residente"
16J0912;Seia;81.4;2020;0008261;"Índice de dependência total (N.º) por Local de residência (NUTS - 2013); Anual - INE, Estimativas anuais da população residente"
11E0410;Vila Flor;81.6;2020;0008261;"Índice de dependência total (N.º) por Local de residência (NUTS - 2013); Anual - INE, Estimativas anuais da população residente"
1840209;Mértola;82.2;2020;0008261;"Índice de dependência total (N.º) por Local de residência (NUTS - 2013); Anual - INE, Estimativas anuais da população residente"
11B;Alto Tâmega;82.6;2020;0008261;"Índice de dependência total (N.º) por Local de residência (NUTS - 2013); Anual - INE, Estimativas anuais da população residente"
16E0606;Góis;82.7;2020;0008261;"Índice de dependência total (N.º) por Local de residência (NUTS - 2013); Anual - INE, Estimativas anuais da população residente"
16J0903;Celorico da Beira;82.8;2020;0008261;"Índice de dependência total (N.º) por Local de residência (NUTS - 2013); Anual - INE, Estimativas anuais da população residente"
16F1002;Alvaiázere;83;2020;0008261;"Índice de dependência total (N.º) por Local de residência (NUTS - 2013); Anual - INE, Estimativas anuais da população residente"
1111601;Arcos de Valdevez;83.6;2020;0008261;"Índice de dependência total (N.º) por Local de residência (NUTS - 2013); Anual - INE, Estimativas anuais da população residente"
11D0914;Vila Nova de Foz Côa;83.8;2020;0008261;"Índice de dependência total (N.º) por Local de residência (NUTS - 2013); Anual - INE, Estimativas anuais da população residente"
1861206;Crato;84;2020;0008261;"Índice de dependência total (N.º) por Local de residência (NUTS - 2013); Anual - INE, Estimativas anuais da população residente"
16J0913;Trancoso;84.1;2020;0008261;"Índice de dependência total (N.º) por Local de residência (NUTS - 2013); Anual - INE, Estimativas anuais da população residente"
16E1808;Mortágua;84.3;2020;0008261;"Índice de dependência total (N.º) por Local de residência (NUTS - 2013); Anual - INE, Estimativas anuais da população residente"
16G0901;Aguiar da Beira;84.4;2020;0008261;"Índice de dependência total (N.º) por Local de residência (NUTS - 2013); Anual - INE, Estimativas anuais da população residente"
16J0908;Manteigas;85.7;2020;0008261;"Índice de dependência total (N.º) por Local de residência (NUTS - 2013); Anual - INE, Estimativas anuais da população residente"
11E0401;Alfândega da Fé;86.6;2020;0008261;"Índice de dependência total (N.º) por Local de residência (NUTS - 2013); Anual - INE, Estimativas anuais da população residente"
1870707;Mora;87;2020;0008261;"Índice de dependência total (N.º) por Local de residência (NUTS - 2013); Anual - INE, Estimativas anuais da população residente"
16J0909;Mêda;87.4;2020;0008261;"Índice de dependência total (N.º) por Local de residência (NUTS - 2013); Anual - INE, Estimativas anuais da população residente"
16H0508;Proença-a-Nova;87.9;2020;0008261;"Índice de dependência total (N.º) por Local de residência (NUTS - 2013); Anual - INE, Estimativas anuais da população residente"
11D0403;Carrazeda de Ansiães;89.1;2020;0008261;"Índice de dependência total (N.º) por Local de residência (NUTS - 2013); Anual - INE, Estimativas anuais da população residente"
11E0408;Mogadouro;89.4;2020;0008261;"Índice de dependência total (N.º) por Local de residência (NUTS - 2013); Anual - INE, Estimativas anuais da população residente"
16J0910;Pinhel;89.4;2020;0008261;"Índice de dependência total (N.º) por Local de residência (NUTS - 2013); Anual - INE, Estimativas anuais da população residente"
11B1702;Boticas;89.9;2020;0008261;"Índice de dependência total (N.º) por Local de residência (NUTS - 2013); Anual - INE, Estimativas anuais da população residente"
16J0906;Gouveia;90.1;2020;0008261;"Índice de dependência total (N.º) por Local de residência (NUTS - 2013); Anual - INE, Estimativas anuais da população residente"
16I0510;Vila de Rei;90.6;2020;0008261;"Índice de dependência total (N.º) por Local de residência (NUTS - 2013); Anual - INE, Estimativas anuais da população residente"
11D0404;Freixo de Espada à Cinta;90.9;2020;0008261;"Índice de dependência total (N.º) por Local de residência (NUTS - 2013); Anual - INE, Estimativas anuais da população residente"
16J0904;Figueira de Castelo Rodrigo;91.6;2020;0008261;"Índice de dependência total (N.º) por Local de residência (NUTS - 2013); Anual - INE, Estimativas anuais da população residente"
1861212;Nisa;92;2020;0008261;"Índice de dependência total (N.º) por Local de residência (NUTS - 2013); Anual - INE, Estimativas anuais da população residente"
11B1706;Montalegre;93.6;2020;0008261;"Índice de dependência total (N.º) por Local de residência (NUTS - 2013); Anual - INE, Estimativas anuais da população residente"
11E0406;Miranda do Douro;94;2020;0008261;"Índice de dependência total (N.º) por Local de residência (NUTS - 2013); Anual - INE, Estimativas anuais da população residente"
1861209;Gavião;94.5;2020;0008261;"Índice de dependência total (N.º) por Local de residência (NUTS - 2013); Anual - INE, Estimativas anuais da população residente"
16I1413;Mação;95.9;2020;0008261;"Índice de dependência total (N.º) por Local de residência (NUTS - 2013); Anual - INE, Estimativas anuais da população residente"
11B1712;Valpaços;96.9;2020;0008261;"Índice de dependência total (N.º) por Local de residência (NUTS - 2013); Anual - INE, Estimativas anuais da população residente"
11D0409;Torre de Moncorvo;98.1;2020;0008261;"Índice de dependência total (N.º) por Local de residência (NUTS - 2013); Anual - INE, Estimativas anuais da população residente"
16H0505;Idanha-a-Nova;100.9;2020;0008261;"Índice de dependência total (N.º) por Local de residência (NUTS - 2013); Anual - INE, Estimativas anuais da população residente"
16H0507;Penamacor;101.6;2020;0008261;"Índice de dependência total (N.º) por Local de residência (NUTS - 2013); Anual - INE, Estimativas anuais da população residente"
16J0902;Almeida;102.9;2020;0008261;"Índice de dependência total (N.º) por Local de residência (NUTS - 2013); Anual - INE, Estimativas anuais da população residente"
11E0411;Vimioso;103.4;2020;0008261;"Índice de dependência total (N.º) por Local de residência (NUTS - 2013); Anual - INE, Estimativas anuais da população residente"
1111603;Melgaço;103.5;2020;0008261;"Índice de dependência total (N.º) por Local de residência (NUTS - 2013); Anual - INE, Estimativas anuais da população residente"
16H0506;Oleiros;107;2020;0008261;"Índice de dependência total (N.º) por Local de residência (NUTS - 2013); Anual - INE, Estimativas anuais da população residente"
16E0612;Pampilhosa da Serra;108.4;2020;0008261;"Índice de dependência total (N.º) por Local de residência (NUTS - 2013); Anual - INE, Estimativas anuais da população residente"
16J0911;Sabugal;108.5;2020;0008261;"Índice de dependência total (N.º) por Local de residência (NUTS - 2013); Anual - INE, Estimativas anuais da população residente"
16H0511;Vila Velha de Ródão;108.6;2020;0008261;"Índice de dependência total (N.º) por Local de residência (NUTS - 2013); Anual - INE, Estimativas anuais da população residente"
11E0412;Vinhais;108.9;2020;0008261;"Índice de dependência total (N.º) por Local de residência (NUTS - 2013); Anual - INE, Estimativas anuais da população residente"
1500802;Alcoutim;111.3;2020;0008261;"Índice de dependência total (N.º) por Local de residência (NUTS - 2013); Anual - INE, Estimativas anuais da população residente"
2004201;Lagoa;41.6;2021;0008261;"Índice de dependência total (N.º) por Local de residência (NUTS - 2013); Anual - INE, Estimativas anuais da população residente"
3003108;Santa Cruz;42.2;2021;0008261;"Índice de dependência total (N.º) por Local de residência (NUTS - 2013); Anual - INE, Estimativas anuais da população residente"
2004205;Ribeira Grande;42.3;2021;0008261;"Índice de dependência total (N.º) por Local de residência (NUTS - 2013); Anual - INE, Estimativas anuais da população residente"
3003102;Câmara de Lobos;43.4;2021;0008261;"Índice de dependência total (N.º) por Local de residência (NUTS - 2013); Anual - INE, Estimativas anuais da população residente"
3003201;Porto Santo;43.4;2021;0008261;"Índice de dependência total (N.º) por Local de residência (NUTS - 2013); Anual - INE, Estimativas anuais da população residente"
2004206;Vila Franca do Campo;43.5;2021;0008261;"Índice de dependência total (N.º) por Local de residência (NUTS - 2013); Anual - INE, Estimativas anuais da população residente"
11C1305;Lousada;43.6;2021;0008261;"Índice de dependência total (N.º) por Local de residência (NUTS - 2013); Anual - INE, Estimativas anuais da população residente"
2004203;Ponta Delgada;43.7;2021;0008261;"Índice de dependência total (N.º) por Local de residência (NUTS - 2013); Anual - INE, Estimativas anuais da população residente"
11C1309;Paços de Ferreira;44.1;2021;0008261;"Índice de dependência total (N.º) por Local de residência (NUTS - 2013); Anual - INE, Estimativas anuais da população residente"
2004204;Povoação;45;2021;0008261;"Índice de dependência total (N.º) por Local de residência (NUTS - 2013); Anual - INE, Estimativas anuais da população residente"
11A1310;Paredes;45.3;2021;0008261;"Índice de dependência total (N.º) por Local de residência (NUTS - 2013); Anual - INE, Estimativas anuais da população residente"
2004901;Corvo;46;2021;0008261;"Índice de dependência total (N.º) por Local de residência (NUTS - 2013); Anual - INE, Estimativas anuais da população residente"
2;Região Autónoma dos Açores;46.5;2021;0008261;"Índice de dependência total (N.º) por Local de residência (NUTS - 2013); Anual - INE, Estimativas anuais da população residente"
20;Região Autónoma dos Açores;46.5;2021;0008261;"Índice de dependência total (N.º) por Local de residência (NUTS - 2013); Anual - INE, Estimativas anuais da população residente"
200;Região Autónoma dos Açores;46.5;2021;0008261;"Índice de dependência total (N.º) por Local de residência (NUTS - 2013); Anual - INE, Estimativas anuais da população residente"
11C1307;Marco de Canaveses;46.7;2021;0008261;"Índice de dependência total (N.º) por Local de residência (NUTS - 2013); Anual - INE, Estimativas anuais da população residente"
2004802;Santa Cruz das Flores;47.1;2021;0008261;"Índice de dependência total (N.º) por Local de residência (NUTS - 2013); Anual - INE, Estimativas anuais da população residente"
1190314;Vizela;47.2;2021;0008261;"Índice de dependência total (N.º) por Local de residência (NUTS - 2013); Anual - INE, Estimativas anuais da população residente"
11C1303;Felgueiras;47.6;2021;0008261;"Índice de dependência total (N.º) por Local de residência (NUTS - 2013); Anual - INE, Estimativas anuais da população residente"
11C1311;Penafiel;47.6;2021;0008261;"Índice de dependência total (N.º) por Local de residência (NUTS - 2013); Anual - INE, Estimativas anuais da população residente"
2004801;Lajes das Flores;47.9;2021;0008261;"Índice de dependência total (N.º) por Local de residência (NUTS - 2013); Anual - INE, Estimativas anuais da população residente"
2004101;Vila do Porto;48.1;2021;0008261;"Índice de dependência total (N.º) por Local de residência (NUTS - 2013); Anual - INE, Estimativas anuais da população residente"
11C;Tâmega e Sousa;48.9;2021;0008261;"Índice de dependência total (N.º) por Local de residência (NUTS - 2013); Anual - INE, Estimativas anuais da população residente"
1810211;Odemira;48.9;2021;0008261;"Índice de dependência total (N.º) por Local de residência (NUTS - 2013); Anual - INE, Estimativas anuais da população residente"
3003104;Machico;49.1;2021;0008261;"Índice de dependência total (N.º) por Local de residência (NUTS - 2013); Anual - INE, Estimativas anuais da população residente"
2004302;Vila da Praia da Vitória;49.3;2021;0008261;"Índice de dependência total (N.º) por Local de residência (NUTS - 2013); Anual - INE, Estimativas anuais da população residente"
3;Região Autónoma da Madeira;49.5;2021;0008261;"Índice de dependência total (N.º) por Local de residência (NUTS - 2013); Anual - INE, Estimativas anuais da população residente"
30;Região Autónoma da Madeira;49.5;2021;0008261;"Índice de dependência total (N.º) por Local de residência (NUTS - 2013); Anual - INE, Estimativas anuais da população residente"
300;Região Autónoma da Madeira;49.5;2021;0008261;"Índice de dependência total (N.º) por Local de residência (NUTS - 2013); Anual - INE, Estimativas anuais da população residente"
1120303;Braga;49.6;2021;0008261;"Índice de dependência total (N.º) por Local de residência (NUTS - 2013); Anual - INE, Estimativas anuais da população residente"
3003105;Ponta do Sol;49.6;2021;0008261;"Índice de dependência total (N.º) por Local de residência (NUTS - 2013); Anual - INE, Estimativas anuais da população residente"
11C0106;Castelo de Paiva;49.8;2021;0008261;"Índice de dependência total (N.º) por Local de residência (NUTS - 2013); Anual - INE, Estimativas anuais da população residente"
2004301;Angra do Heroísmo;49.9;2021;0008261;"Índice de dependência total (N.º) por Local de residência (NUTS - 2013); Anual - INE, Estimativas anuais da população residente"
3003107;Ribeira Brava;50;2021;0008261;"Índice de dependência total (N.º) por Local de residência (NUTS - 2013); Anual - INE, Estimativas anuais da população residente"
1500801;Albufeira;50.2;2021;0008261;"Índice de dependência total (N.º) por Local de residência (NUTS - 2013); Anual - INE, Estimativas anuais da população residente"
1120302;Barcelos;50.4;2021;0008261;"Índice de dependência total (N.º) por Local de residência (NUTS - 2013); Anual - INE, Estimativas anuais da população residente"
1701502;Alcochete;50.4;2021;0008261;"Índice de dependência total (N.º) por Local de residência (NUTS - 2013); Anual - INE, Estimativas anuais da população residente"
2004202;Nordeste;50.4;2021;0008261;"Índice de dependência total (N.º) por Local de residência (NUTS - 2013); Anual - INE, Estimativas anuais da população residente"
11A1306;Maia;50.5;2021;0008261;"Índice de dependência total (N.º) por Local de residência (NUTS - 2013); Anual - INE, Estimativas anuais da população residente"
11A1318;Trofa;50.6;2021;0008261;"Índice de dependência total (N.º) por Local de residência (NUTS - 2013); Anual - INE, Estimativas anuais da população residente"
11A1315;Valongo;50.7;2021;0008261;"Índice de dependência total (N.º) por Local de residência (NUTS - 2013); Anual - INE, Estimativas anuais da população residente"
2004502;Velas;50.7;2021;0008261;"Índice de dependência total (N.º) por Local de residência (NUTS - 2013); Anual - INE, Estimativas anuais da população residente"
112;Cávado;51;2021;0008261;"Índice de dependência total (N.º) por Local de residência (NUTS - 2013); Anual - INE, Estimativas anuais da população residente"
1701111;Sintra;51;2021;0008261;"Índice de dependência total (N.º) por Local de residência (NUTS - 2013); Anual - INE, Estimativas anuais da população residente"
1190312;Vila Nova de Famalicão;51.3;2021;0008261;"Índice de dependência total (N.º) por Local de residência (NUTS - 2013); Anual - INE, Estimativas anuais da população residente"
2004602;Madalena;51.4;2021;0008261;"Índice de dependência total (N.º) por Local de residência (NUTS - 2013); Anual - INE, Estimativas anuais da população residente"
1701109;Mafra;51.5;2021;0008261;"Índice de dependência total (N.º) por Local de residência (NUTS - 2013); Anual - INE, Estimativas anuais da população residente"
16B1102;Arruda dos Vinhos;51.6;2021;0008261;"Índice de dependência total (N.º) por Local de residência (NUTS - 2013); Anual - INE, Estimativas anuais da população residente"
2004701;Horta;51.7;2021;0008261;"Índice de dependência total (N.º) por Local de residência (NUTS - 2013); Anual - INE, Estimativas anuais da população residente"
1190308;Guimarães;51.9;2021;0008261;"Índice de dependência total (N.º) por Local de residência (NUTS - 2013); Anual - INE, Estimativas anuais da população residente"
1120306;Esposende;52.4;2021;0008261;"Índice de dependência total (N.º) por Local de residência (NUTS - 2013); Anual - INE, Estimativas anuais da população residente"
11A1313;Póvoa de Varzim;52.4;2021;0008261;"Índice de dependência total (N.º) por Local de residência (NUTS - 2013); Anual - INE, Estimativas anuais da população residente"
1851405;Benavente;52.6;2021;0008261;"Índice de dependência total (N.º) por Local de residência (NUTS - 2013); Anual - INE, Estimativas anuais da população residente"
3003103;Funchal;52.6;2021;0008261;"Índice de dependência total (N.º) por Local de residência (NUTS - 2013); Anual - INE, Estimativas anuais da população residente"
2004603;São Roque do Pico;52.7;2021;0008261;"Índice de dependência total (N.º) por Local de residência (NUTS - 2013); Anual - INE, Estimativas anuais da população residente"
119;Ave;52.9;2021;0008261;"Índice de dependência total (N.º) por Local de residência (NUTS - 2013); Anual - INE, Estimativas anuais da população residente"
16B1112;Sobral de Monte Agraço;52.9;2021;0008261;"Índice de dependência total (N.º) por Local de residência (NUTS - 2013); Anual - INE, Estimativas anuais da população residente"
11A1316;Vila do Conde;53;2021;0008261;"Índice de dependência total (N.º) por Local de residência (NUTS - 2013); Anual - INE, Estimativas anuais da população residente"
1701114;Vila Franca de Xira;53.3;2021;0008261;"Índice de dependência total (N.º) por Local de residência (NUTS - 2013); Anual - INE, Estimativas anuais da população residente"
1120301;Amares;53.5;2021;0008261;"Índice de dependência total (N.º) por Local de residência (NUTS - 2013); Anual - INE, Estimativas anuais da população residente"
11C1302;Baião;53.5;2021;0008261;"Índice de dependência total (N.º) por Local de residência (NUTS - 2013); Anual - INE, Estimativas anuais da população residente"
16B1101;Alenquer;53.5;2021;0008261;"Índice de dependência total (N.º) por Local de residência (NUTS - 2013); Anual - INE, Estimativas anuais da população residente"
16D0105;Aveiro;53.7;2021;0008261;"Índice de dependência total (N.º) por Local de residência (NUTS - 2013); Anual - INE, Estimativas anuais da população residente"
1701507;Montijo;53.7;2021;0008261;"Índice de dependência total (N.º) por Local de residência (NUTS - 2013); Anual - INE, Estimativas anuais da população residente"
11A0109;Santa Maria da Feira;53.8;2021;0008261;"Índice de dependência total (N.º) por Local de residência (NUTS - 2013); Anual - INE, Estimativas anuais da população residente"
11A0116;São João da Madeira;53.9;2021;0008261;"Índice de dependência total (N.º) por Local de residência (NUTS - 2013); Anual - INE, Estimativas anuais da população residente"
11A1304;Gondomar;54.2;2021;0008261;"Índice de dependência total (N.º) por Local de residência (NUTS - 2013); Anual - INE, Estimativas anuais da população residente"
1190309;Póvoa de Lanhoso;54.3;2021;0008261;"Índice de dependência total (N.º) por Local de residência (NUTS - 2013); Anual - INE, Estimativas anuais da população residente"
16I1410;Entroncamento;54.3;2021;0008261;"Índice de dependência total (N.º) por Local de residência (NUTS - 2013); Anual - INE, Estimativas anuais da população residente"
16D0115;Ovar;54.4;2021;0008261;"Índice de dependência total (N.º) por Local de residência (NUTS - 2013); Anual - INE, Estimativas anuais da população residente"
1120313;Vila Verde;54.6;2021;0008261;"Índice de dependência total (N.º) por Local de residência (NUTS - 2013); Anual - INE, Estimativas anuais da população residente"
11A1317;Vila Nova de Gaia;54.6;2021;0008261;"Índice de dependência total (N.º) por Local de residência (NUTS - 2013); Anual - INE, Estimativas anuais da população residente"
16D0110;Ílhavo;54.6;2021;0008261;"Índice de dependência total (N.º) por Local de residência (NUTS - 2013); Anual - INE, Estimativas anuais da população residente"
11C1301;Amarante;54.7;2021;0008261;"Índice de dependência total (N.º) por Local de residência (NUTS - 2013); Anual - INE, Estimativas anuais da população residente"
1701508;Palmela;54.7;2021;0008261;"Índice de dependência total (N.º) por Local de residência (NUTS - 2013); Anual - INE, Estimativas anuais da população residente"
11A;Área Metropolitana do Porto;54.8;2021;0008261;"Índice de dependência total (N.º) por Local de residência (NUTS - 2013); Anual - INE, Estimativas anuais da população residente"
1701511;Sesimbra;55.1;2021;0008261;"Índice de dependência total (N.º) por Local de residência (NUTS - 2013); Anual - INE, Estimativas anuais da população residente"
1840204;Barrancos;55.3;2021;0008261;"Índice de dependência total (N.º) por Local de residência (NUTS - 2013); Anual - INE, Estimativas anuais da população residente"
1190304;Cabeceiras de Basto;55.4;2021;0008261;"Índice de dependência total (N.º) por Local de residência (NUTS - 2013); Anual - INE, Estimativas anuais da população residente"
11;Norte;55.8;2021;0008261;"Índice de dependência total (N.º) por Local de residência (NUTS - 2013); Anual - INE, Estimativas anuais da população residente"
16D0102;Albergaria-a-Velha;55.8;2021;0008261;"Índice de dependência total (N.º) por Local de residência (NUTS - 2013); Anual - INE, Estimativas anuais da população residente"
16B1113;Torres Vedras;56.3;2021;0008261;"Índice de dependência total (N.º) por Local de residência (NUTS - 2013); Anual - INE, Estimativas anuais da população residente"
1851103;Azambuja;56.3;2021;0008261;"Índice de dependência total (N.º) por Local de residência (NUTS - 2013); Anual - INE, Estimativas anuais da população residente"
11A0113;Oliveira de Azeméis;56.4;2021;0008261;"Índice de dependência total (N.º) por Local de residência (NUTS - 2013); Anual - INE, Estimativas anuais da população residente"
16E0607;Lousã;56.5;2021;0008261;"Índice de dependência total (N.º) por Local de residência (NUTS - 2013); Anual - INE, Estimativas anuais da população residente"
2004501;Calheta;56.5;2021;0008261;"Índice de dependência total (N.º) por Local de residência (NUTS - 2013); Anual - INE, Estimativas anuais da população residente"
16E0604;Condeixa-a-Nova;56.6;2021;0008261;"Índice de dependência total (N.º) por Local de residência (NUTS - 2013); Anual - INE, Estimativas anuais da população residente"
11C0305;Celorico de Basto;57;2021;0008261;"Índice de dependência total (N.º) por Local de residência (NUTS - 2013); Anual - INE, Estimativas anuais da população residente"
16F1009;Leiria;57;2021;0008261;"Índice de dependência total (N.º) por Local de residência (NUTS - 2013); Anual - INE, Estimativas anuais da população residente"
1190307;Fafe;57.1;2021;0008261;"Índice de dependência total (N.º) por Local de residência (NUTS - 2013); Anual - INE, Estimativas anuais da população residente"
2004401;Santa Cruz da Graciosa;57.1;2021;0008261;"Índice de dependência total (N.º) por Local de residência (NUTS - 2013); Anual - INE, Estimativas anuais da população residente"
1500805;Faro;57.3;2021;0008261;"Índice de dependência total (N.º) por Local de residência (NUTS - 2013); Anual - INE, Estimativas anuais da população residente"
11A1308;Matosinhos;57.4;2021;0008261;"Índice de dependência total (N.º) por Local de residência (NUTS - 2013); Anual - INE, Estimativas anuais da população residente"
11D1714;Vila Real;57.4;2021;0008261;"Índice de dependência total (N.º) por Local de residência (NUTS - 2013); Anual - INE, Estimativas anuais da população residente"
16F1010;Marinha Grande;57.5;2021;0008261;"Índice de dependência total (N.º) por Local de residência (NUTS - 2013); Anual - INE, Estimativas anuais da população residente"
2004601;Lajes do Pico;57.5;2021;0008261;"Índice de dependência total (N.º) por Local de residência (NUTS - 2013); Anual - INE, Estimativas anuais da população residente"
1111607;Ponte de Lima;57.7;2021;0008261;"Índice de dependência total (N.º) por Local de residência (NUTS - 2013); Anual - INE, Estimativas anuais da população residente"
17;Área Metropolitana de Lisboa;57.7;2021;0008261;"Índice de dependência total (N.º) por Local de residência (NUTS - 2013); Anual - INE, Estimativas anuais da população residente"
170;Área Metropolitana de Lisboa;57.7;2021;0008261;"Índice de dependência total (N.º) por Local de residência (NUTS - 2013); Anual - INE, Estimativas anuais da população residente"
16D;Região de Aveiro;57.8;2021;0008261;"Índice de dependência total (N.º) por Local de residência (NUTS - 2013); Anual - INE, Estimativas anuais da população residente"
1701106;Lisboa;58;2021;0008261;"Índice de dependência total (N.º) por Local de residência (NUTS - 2013); Anual - INE, Estimativas anuais da população residente"
16D0114;Oliveira do Bairro;58.2;2021;0008261;"Índice de dependência total (N.º) por Local de residência (NUTS - 2013); Anual - INE, Estimativas anuais da população residente"
3003101;Calheta;58.2;2021;0008261;"Índice de dependência total (N.º) por Local de residência (NUTS - 2013); Anual - INE, Estimativas anuais da população residente"
11A1314;Santo Tirso;58.3;2021;0008261;"Índice de dependência total (N.º) por Local de residência (NUTS - 2013); Anual - INE, Estimativas anuais da população residente"
PT;Portugal;58.5;2021;0008261;"Índice de dependência total (N.º) por Local de residência (NUTS - 2013); Anual - INE, Estimativas anuais da população residente"
16I1408;Constância;58.6;2021;0008261;"Índice de dependência total (N.º) por Local de residência (NUTS - 2013); Anual - INE, Estimativas anuais da população residente"
11D1820;Tarouca;58.8;2021;0008261;"Índice de dependência total (N.º) por Local de residência (NUTS - 2013); Anual - INE, Estimativas anuais da população residente"
1;Continente;59.1;2021;0008261;"Índice de dependência total (N.º) por Local de residência (NUTS - 2013); Anual - INE, Estimativas anuais da população residente"
1840207;Cuba;59.1;2021;0008261;"Índice de dependência total (N.º) por Local de residência (NUTS - 2013); Anual - INE, Estimativas anuais da população residente"
16B;Oeste;59.2;2021;0008261;"Índice de dependência total (N.º) por Local de residência (NUTS - 2013); Anual - INE, Estimativas anuais da população residente"
1851414;Rio Maior;59.2;2021;0008261;"Índice de dependência total (N.º) por Local de residência (NUTS - 2013); Anual - INE, Estimativas anuais da população residente"
16E0609;Miranda do Corvo;59.4;2021;0008261;"Índice de dependência total (N.º) por Local de residência (NUTS - 2013); Anual - INE, Estimativas anuais da população residente"
16G1810;Oliveira de Frades;59.4;2021;0008261;"Índice de dependência total (N.º) por Local de residência (NUTS - 2013); Anual - INE, Estimativas anuais da população residente"
16J0907;Guarda;59.4;2021;0008261;"Índice de dependência total (N.º) por Local de residência (NUTS - 2013); Anual - INE, Estimativas anuais da população residente"
1701105;Cascais;59.4;2021;0008261;"Índice de dependência total (N.º) por Local de residência (NUTS - 2013); Anual - INE, Estimativas anuais da população residente"
1701510;Seixal;59.4;2021;0008261;"Índice de dependência total (N.º) por Local de residência (NUTS - 2013); Anual - INE, Estimativas anuais da população residente"
16D0108;Estarreja;59.5;2021;0008261;"Índice de dependência total (N.º) por Local de residência (NUTS - 2013); Anual - INE, Estimativas anuais da população residente"
16E0617;Vila Nova de Poiares;59.5;2021;0008261;"Índice de dependência total (N.º) por Local de residência (NUTS - 2013); Anual - INE, Estimativas anuais da população residente"
16G1823;Viseu;59.5;2021;0008261;"Índice de dependência total (N.º) por Local de residência (NUTS - 2013); Anual - INE, Estimativas anuais da população residente"
1701116;Odivelas;59.5;2021;0008261;"Índice de dependência total (N.º) por Local de residência (NUTS - 2013); Anual - INE, Estimativas anuais da população residente"
1500811;Portimão;59.6;2021;0008261;"Índice de dependência total (N.º) por Local de residência (NUTS - 2013); Anual - INE, Estimativas anuais da população residente"
16D0118;Vagos;59.6;2021;0008261;"Índice de dependência total (N.º) por Local de residência (NUTS - 2013); Anual - INE, Estimativas anuais da população residente"
1870705;Évora;59.6;2021;0008261;"Índice de dependência total (N.º) por Local de residência (NUTS - 2013); Anual - INE, Estimativas anuais da população residente"
1701506;Moita;59.7;2021;0008261;"Índice de dependência total (N.º) por Local de residência (NUTS - 2013); Anual - INE, Estimativas anuais da população residente"
11C1813;Resende;59.8;2021;0008261;"Índice de dependência total (N.º) por Local de residência (NUTS - 2013); Anual - INE, Estimativas anuais da população residente"
11D1805;Lamego;59.8;2021;0008261;"Índice de dependência total (N.º) por Local de residência (NUTS - 2013); Anual - INE, Estimativas anuais da população residente"
1500806;Lagoa;60;2021;0008261;"Índice de dependência total (N.º) por Local de residência (NUTS - 2013); Anual - INE, Estimativas anuais da população residente"
16F1004;Batalha;60;2021;0008261;"Índice de dependência total (N.º) por Local de residência (NUTS - 2013); Anual - INE, Estimativas anuais da população residente"
3003106;Porto Moniz;60;2021;0008261;"Índice de dependência total (N.º) por Local de residência (NUTS - 2013); Anual - INE, Estimativas anuais da população residente"
11A0104;Arouca;60.1;2021;0008261;"Índice de dependência total (N.º) por Local de residência (NUTS - 2013); Anual - INE, Estimativas anuais da população residente"
16D0112;Murtosa;60.2;2021;0008261;"Índice de dependência total (N.º) por Local de residência (NUTS - 2013); Anual - INE, Estimativas anuais da população residente"
1701115;Amadora;60.3;2021;0008261;"Índice de dependência total (N.º) por Local de residência (NUTS - 2013); Anual - INE, Estimativas anuais da população residente"
1811513;Sines;60.3;2021;0008261;"Índice de dependência total (N.º) por Local de residência (NUTS - 2013); Anual - INE, Estimativas anuais da população residente"
1851406;Cartaxo;60.3;2021;0008261;"Índice de dependência total (N.º) por Local de residência (NUTS - 2013); Anual - INE, Estimativas anuais da população residente"
3003110;São Vicente;60.3;2021;0008261;"Índice de dependência total (N.º) por Local de residência (NUTS - 2013); Anual - INE, Estimativas anuais da população residente"
11A1312;Porto;60.4;2021;0008261;"Índice de dependência total (N.º) por Local de residência (NUTS - 2013); Anual - INE, Estimativas anuais da população residente"
16F1016;Porto de Mós;60.4;2021;0008261;"Índice de dependência total (N.º) por Local de residência (NUTS - 2013); Anual - INE, Estimativas anuais da população residente"
11C1804;Cinfães;60.6;2021;0008261;"Índice de dependência total (N.º) por Local de residência (NUTS - 2013); Anual - INE, Estimativas anuais da população residente"
1840205;Beja;60.6;2021;0008261;"Índice de dependência total (N.º) por Local de residência (NUTS - 2013); Anual - INE, Estimativas anuais da população residente"
1500808;Loulé;60.8;2021;0008261;"Índice de dependência total (N.º) por Local de residência (NUTS - 2013); Anual - INE, Estimativas anuais da população residente"
1500810;Olhão;60.8;2021;0008261;"Índice de dependência total (N.º) por Local de residência (NUTS - 2013); Anual - INE, Estimativas anuais da população residente"
16B1006;Caldas da Rainha;60.8;2021;0008261;"Índice de dependência total (N.º) por Local de residência (NUTS - 2013); Anual - INE, Estimativas anuais da população residente"
15;Algarve;60.9;2021;0008261;"Índice de dependência total (N.º) por Local de residência (NUTS - 2013); Anual - INE, Estimativas anuais da população residente"
150;Algarve;60.9;2021;0008261;"Índice de dependência total (N.º) por Local de residência (NUTS - 2013); Anual - INE, Estimativas anuais da população residente"
16E0111;Mealhada;60.9;2021;0008261;"Índice de dependência total (N.º) por Local de residência (NUTS - 2013); Anual - INE, Estimativas anuais da população residente"
1701107;Loures;60.9;2021;0008261;"Índice de dependência total (N.º) por Local de residência (NUTS - 2013); Anual - INE, Estimativas anuais da população residente"
16B1001;Alcobaça;61;2021;0008261;"Índice de dependência total (N.º) por Local de residência (NUTS - 2013); Anual - INE, Estimativas anuais da população residente"
1861204;Campo Maior;61;2021;0008261;"Índice de dependência total (N.º) por Local de residência (NUTS - 2013); Anual - INE, Estimativas anuais da população residente"
16E0603;Coimbra;61.3;2021;0008261;"Índice de dependência total (N.º) por Local de residência (NUTS - 2013); Anual - INE, Estimativas anuais da população residente"
1701512;Setúbal;61.3;2021;0008261;"Índice de dependência total (N.º) por Local de residência (NUTS - 2013); Anual - INE, Estimativas anuais da população residente"
1111610;Vila Nova de Cerveira;61.4;2021;0008261;"Índice de dependência total (N.º) por Local de residência (NUTS - 2013); Anual - INE, Estimativas anuais da população residente"
11D1704;Mesão Frio;61.4;2021;0008261;"Índice de dependência total (N.º) por Local de residência (NUTS - 2013); Anual - INE, Estimativas anuais da população residente"
16F;Região de Leiria;61.4;2021;0008261;"Índice de dependência total (N.º) por Local de residência (NUTS - 2013); Anual - INE, Estimativas anuais da população residente"
185;Lezíria do Tejo;61.9;2021;0008261;"Índice de dependência total (N.º) por Local de residência (NUTS - 2013); Anual - INE, Estimativas anuais da população residente"
1870713;Viana do Alentejo;61.9;2021;0008261;"Índice de dependência total (N.º) por Local de residência (NUTS - 2013); Anual - INE, Estimativas anuais da população residente"
16B1108;Lourinhã;62;2021;0008261;"Índice de dependência total (N.º) por Local de residência (NUTS - 2013); Anual - INE, Estimativas anuais da população residente"
1701503;Almada;62;2021;0008261;"Índice de dependência total (N.º) por Local de residência (NUTS - 2013); Anual - INE, Estimativas anuais da população residente"
181;Alentejo Litoral;62;2021;0008261;"Índice de dependência total (N.º) por Local de residência (NUTS - 2013); Anual - INE, Estimativas anuais da população residente"
1851403;Almeirim;62.1;2021;0008261;"Índice de dependência total (N.º) por Local de residência (NUTS - 2013); Anual - INE, Estimativas anuais da população residente"
1111609;Viana do Castelo;62.2;2021;0008261;"Índice de dependência total (N.º) por Local de residência (NUTS - 2013); Anual - INE, Estimativas anuais da população residente"
16D0101;Águeda;62.3;2021;0008261;"Índice de dependência total (N.º) por Local de residência (NUTS - 2013); Anual - INE, Estimativas anuais da população residente"
1701110;Oeiras;62.4;2021;0008261;"Índice de dependência total (N.º) por Local de residência (NUTS - 2013); Anual - INE, Estimativas anuais da população residente"
1500807;Lagos;62.5;2021;0008261;"Índice de dependência total (N.º) por Local de residência (NUTS - 2013); Anual - INE, Estimativas anuais da população residente"
16B1012;Óbidos;62.5;2021;0008261;"Índice de dependência total (N.º) por Local de residência (NUTS - 2013); Anual - INE, Estimativas anuais da população residente"
1870714;Vila Viçosa;62.7;2021;0008261;"Índice de dependência total (N.º) por Local de residência (NUTS - 2013); Anual - INE, Estimativas anuais da população residente"
11D1708;Peso da Régua;62.9;2021;0008261;"Índice de dependência total (N.º) por Local de residência (NUTS - 2013); Anual - INE, Estimativas anuais da população residente"
1500813;Silves;63;2021;0008261;"Índice de dependência total (N.º) por Local de residência (NUTS - 2013); Anual - INE, Estimativas anuais da população residente"
1861207;Elvas;63.2;2021;0008261;"Índice de dependência total (N.º) por Local de residência (NUTS - 2013); Anual - INE, Estimativas anuais da população residente"
1840206;Castro Verde;63.3;2021;0008261;"Índice de dependência total (N.º) por Local de residência (NUTS - 2013); Anual - INE, Estimativas anuais da população residente"
16E0610;Montemor-o-Velho;63.4;2021;0008261;"Índice de dependência total (N.º) por Local de residência (NUTS - 2013); Anual - INE, Estimativas anuais da população residente"
16I1421;Ourém;63.4;2021;0008261;"Índice de dependência total (N.º) por Local de residência (NUTS - 2013); Anual - INE, Estimativas anuais da população residente"
1111608;Valença;63.5;2021;0008261;"Índice de dependência total (N.º) por Local de residência (NUTS - 2013); Anual - INE, Estimativas anuais da população residente"
1851415;Salvaterra de Magos;63.5;2021;0008261;"Índice de dependência total (N.º) por Local de residência (NUTS - 2013); Anual - INE, Estimativas anuais da população residente"
11D1815;São João da Pesqueira;63.7;2021;0008261;"Índice de dependência total (N.º) por Local de residência (NUTS - 2013); Anual - INE, Estimativas anuais da população residente"
1851416;Santarém;63.8;2021;0008261;"Índice de dependência total (N.º) por Local de residência (NUTS - 2013); Anual - INE, Estimativas anuais da população residente"
1870710;Redondo;63.8;2021;0008261;"Índice de dependência total (N.º) por Local de residência (NUTS - 2013); Anual - INE, Estimativas anuais da população residente"
1191705;Mondim de Basto;64;2021;0008261;"Índice de dependência total (N.º) por Local de residência (NUTS - 2013); Anual - INE, Estimativas anuais da população residente"
3003109;Santana;64;2021;0008261;"Índice de dependência total (N.º) por Local de residência (NUTS - 2013); Anual - INE, Estimativas anuais da população residente"
1701504;Barreiro;64.2;2021;0008261;"Índice de dependência total (N.º) por Local de residência (NUTS - 2013); Anual - INE, Estimativas anuais da população residente"
16;Centro;64.3;2021;0008261;"Índice de dependência total (N.º) por Local de residência (NUTS - 2013); Anual - INE, Estimativas anuais da população residente"
16B1011;Nazaré;64.3;2021;0008261;"Índice de dependência total (N.º) por Local de residência (NUTS - 2013); Anual - INE, Estimativas anuais da população residente"
16B1005;Bombarral;64.5;2021;0008261;"Índice de dependência total (N.º) por Local de residência (NUTS - 2013); Anual - INE, Estimativas anuais da população residente"
18;Alentejo;64.5;2021;0008261;"Índice de dependência total (N.º) por Local de residência (NUTS - 2013); Anual - INE, Estimativas anuais da população residente"
1870709;Portel;64.5;2021;0008261;"Índice de dependência total (N.º) por Local de residência (NUTS - 2013); Anual - INE, Estimativas anuais da população residente"
1870711;Reguengos de Monsaraz;64.6;2021;0008261;"Índice de dependência total (N.º) por Local de residência (NUTS - 2013); Anual - INE, Estimativas anuais da população residente"
1851412;Golegã;64.7;2021;0008261;"Índice de dependência total (N.º) por Local de residência (NUTS - 2013); Anual - INE, Estimativas anuais da população residente"
187;Alentejo Central;64.7;2021;0008261;"Índice de dependência total (N.º) por Local de residência (NUTS - 2013); Anual - INE, Estimativas anuais da população residente"
1870702;Arraiolos;64.9;2021;0008261;"Índice de dependência total (N.º) por Local de residência (NUTS - 2013); Anual - INE, Estimativas anuais da população residente"
1500812;São Brás de Alportel;65;2021;0008261;"Índice de dependência total (N.º) por Local de residência (NUTS - 2013); Anual - INE, Estimativas anuais da população residente"
16I1420;Vila Nova da Barquinha;65;2021;0008261;"Índice de dependência total (N.º) por Local de residência (NUTS - 2013); Anual - INE, Estimativas anuais da população residente"
11E0402;Bragança;65.3;2021;0008261;"Índice de dependência total (N.º) por Local de residência (NUTS - 2013); Anual - INE, Estimativas anuais da população residente"
1840214;Vidigueira;65.3;2021;0008261;"Índice de dependência total (N.º) por Local de residência (NUTS - 2013); Anual - INE, Estimativas anuais da população residente"
11A0107;Espinho;65.6;2021;0008261;"Índice de dependência total (N.º) por Local de residência (NUTS - 2013); Anual - INE, Estimativas anuais da população residente"
16B1014;Peniche;65.6;2021;0008261;"Índice de dependência total (N.º) por Local de residência (NUTS - 2013); Anual - INE, Estimativas anuais da população residente"
16E;Região de Coimbra;65.6;2021;0008261;"Índice de dependência total (N.º) por Local de residência (NUTS - 2013); Anual - INE, Estimativas anuais da população residente"
11D1801;Armamar;65.9;2021;0008261;"Índice de dependência total (N.º) por Local de residência (NUTS - 2013); Anual - INE, Estimativas anuais da população residente"
1811505;Grândola;66.2;2021;0008261;"Índice de dependência total (N.º) por Local de residência (NUTS - 2013); Anual - INE, Estimativas anuais da população residente"
1500816;Vila Real de Santo António;66.3;2021;0008261;"Índice de dependência total (N.º) por Local de residência (NUTS - 2013); Anual - INE, Estimativas anuais da população residente"
11A0119;Vale de Cambra;66.4;2021;0008261;"Índice de dependência total (N.º) por Local de residência (NUTS - 2013); Anual - INE, Estimativas anuais da população residente"
1500803;Aljezur;66.4;2021;0008261;"Índice de dependência total (N.º) por Local de residência (NUTS - 2013); Anual - INE, Estimativas anuais da população residente"
111;Alto Minho;66.5;2021;0008261;"Índice de dependência total (N.º) por Local de residência (NUTS - 2013); Anual - INE, Estimativas anuais da população residente"
11D;Douro;66.5;2021;0008261;"Índice de dependência total (N.º) por Local de residência (NUTS - 2013); Anual - INE, Estimativas anuais da população residente"
16E0605;Figueira da Foz;66.6;2021;0008261;"Índice de dependência total (N.º) por Local de residência (NUTS - 2013); Anual - INE, Estimativas anuais da população residente"
1120310;Terras de Bouro;66.7;2021;0008261;"Índice de dependência total (N.º) por Local de residência (NUTS - 2013); Anual - INE, Estimativas anuais da população residente"
184;Baixo Alentejo;66.7;2021;0008261;"Índice de dependência total (N.º) por Local de residência (NUTS - 2013); Anual - INE, Estimativas anuais da população residente"
16I1417;Sardoal;66.8;2021;0008261;"Índice de dependência total (N.º) por Local de residência (NUTS - 2013); Anual - INE, Estimativas anuais da população residente"
16E0611;Oliveira do Hospital;67.1;2021;0008261;"Índice de dependência total (N.º) por Local de residência (NUTS - 2013); Anual - INE, Estimativas anuais da população residente"
1840208;Ferreira do Alentejo;67.1;2021;0008261;"Índice de dependência total (N.º) por Local de residência (NUTS - 2013); Anual - INE, Estimativas anuais da população residente"
16I1419;Torres Novas;67.4;2021;0008261;"Índice de dependência total (N.º) por Local de residência (NUTS - 2013); Anual - INE, Estimativas anuais da população residente"
1870704;Estremoz;67.4;2021;0008261;"Índice de dependência total (N.º) por Local de residência (NUTS - 2013); Anual - INE, Estimativas anuais da população residente"
16G;Viseu Dão Lafões;67.5;2021;0008261;"Índice de dependência total (N.º) por Local de residência (NUTS - 2013); Anual - INE, Estimativas anuais da população residente"
1840213;Serpa;67.6;2021;0008261;"Índice de dependência total (N.º) por Local de residência (NUTS - 2013); Anual - INE, Estimativas anuais da população residente"
1851404;Alpiarça;67.6;2021;0008261;"Índice de dependência total (N.º) por Local de residência (NUTS - 2013); Anual - INE, Estimativas anuais da população residente"
16I;Médio Tejo;67.7;2021;0008261;"Índice de dependência total (N.º) por Local de residência (NUTS - 2013); Anual - INE, Estimativas anuais da população residente"
1840203;Alvito;67.7;2021;0008261;"Índice de dependência total (N.º) por Local de residência (NUTS - 2013); Anual - INE, Estimativas anuais da população residente"
16H0502;Castelo Branco;67.8;2021;0008261;"Índice de dependência total (N.º) por Local de residência (NUTS - 2013); Anual - INE, Estimativas anuais da população residente"
1500815;Vila do Bispo;67.9;2021;0008261;"Índice de dependência total (N.º) por Local de residência (NUTS - 2013); Anual - INE, Estimativas anuais da população residente"
1861214;Portalegre;67.9;2021;0008261;"Índice de dependência total (N.º) por Local de residência (NUTS - 2013); Anual - INE, Estimativas anuais da população residente"
1870701;Alandroal;68;2021;0008261;"Índice de dependência total (N.º) por Local de residência (NUTS - 2013); Anual - INE, Estimativas anuais da população residente"
16D0103;Anadia;68.4;2021;0008261;"Índice de dependência total (N.º) por Local de residência (NUTS - 2013); Anual - INE, Estimativas anuais da população residente"
1870703;Borba;68.4;2021;0008261;"Índice de dependência total (N.º) por Local de residência (NUTS - 2013); Anual - INE, Estimativas anuais da população residente"
1111606;Ponte da Barca;68.5;2021;0008261;"Índice de dependência total (N.º) por Local de residência (NUTS - 2013); Anual - INE, Estimativas anuais da população residente"
16I1402;Alcanena;68.5;2021;0008261;"Índice de dependência total (N.º) por Local de residência (NUTS - 2013); Anual - INE, Estimativas anuais da população residente"
16B1104;Cadaval;68.6;2021;0008261;"Índice de dependência total (N.º) por Local de residência (NUTS - 2013); Anual - INE, Estimativas anuais da população residente"
1190311;Vieira do Minho;69;2021;0008261;"Índice de dependência total (N.º) por Local de residência (NUTS - 2013); Anual - INE, Estimativas anuais da população residente"
16D0117;Sever do Vouga;69.2;2021;0008261;"Índice de dependência total (N.º) por Local de residência (NUTS - 2013); Anual - INE, Estimativas anuais da população residente"
16F1015;Pombal;69.2;2021;0008261;"Índice de dependência total (N.º) por Local de residência (NUTS - 2013); Anual - INE, Estimativas anuais da população residente"
1861211;Monforte;69.4;2021;0008261;"Índice de dependência total (N.º) por Local de residência (NUTS - 2013); Anual - INE, Estimativas anuais da população residente"
11D1818;Sernancelhe;69.5;2021;0008261;"Índice de dependência total (N.º) por Local de residência (NUTS - 2013); Anual - INE, Estimativas anuais da população residente"
1840201;Aljustrel;69.6;2021;0008261;"Índice de dependência total (N.º) por Local de residência (NUTS - 2013); Anual - INE, Estimativas anuais da população residente"
1111602;Caminha;69.7;2021;0008261;"Índice de dependência total (N.º) por Local de residência (NUTS - 2013); Anual - INE, Estimativas anuais da população residente"
1861208;Fronteira;69.9;2021;0008261;"Índice de dependência total (N.º) por Local de residência (NUTS - 2013); Anual - INE, Estimativas anuais da população residente"
1870712;Vendas Novas;69.9;2021;0008261;"Índice de dependência total (N.º) por Local de residência (NUTS - 2013); Anual - INE, Estimativas anuais da população residente"
16E0616;Tábua;70.1;2021;0008261;"Índice de dependência total (N.º) por Local de residência (NUTS - 2013); Anual - INE, Estimativas anuais da população residente"
16J0503;Covilhã;70.1;2021;0008261;"Índice de dependência total (N.º) por Local de residência (NUTS - 2013); Anual - INE, Estimativas anuais da população residente"
16E0614;Penela;70.3;2021;0008261;"Índice de dependência total (N.º) por Local de residência (NUTS - 2013); Anual - INE, Estimativas anuais da população residente"
16G1806;Mangualde;70.3;2021;0008261;"Índice de dependência total (N.º) por Local de residência (NUTS - 2013); Anual - INE, Estimativas anuais da população residente"
1111605;Paredes de Coura;70.6;2021;0008261;"Índice de dependência total (N.º) por Local de residência (NUTS - 2013); Anual - INE, Estimativas anuais da população residente"
16I1418;Tomar;70.7;2021;0008261;"Índice de dependência total (N.º) por Local de residência (NUTS - 2013); Anual - INE, Estimativas anuais da população residente"
186;Alto Alentejo;70.8;2021;0008261;"Índice de dependência total (N.º) por Local de residência (NUTS - 2013); Anual - INE, Estimativas anuais da população residente"
1861215;Sousel;70.8;2021;0008261;"Índice de dependência total (N.º) por Local de residência (NUTS - 2013); Anual - INE, Estimativas anuais da população residente"
1870708;Mourão;70.8;2021;0008261;"Índice de dependência total (N.º) por Local de residência (NUTS - 2013); Anual - INE, Estimativas anuais da população residente"
1861202;Arronches;71.3;2021;0008261;"Índice de dependência total (N.º) por Local de residência (NUTS - 2013); Anual - INE, Estimativas anuais da população residente"
1861213;Ponte de Sor;71.3;2021;0008261;"Índice de dependência total (N.º) por Local de residência (NUTS - 2013); Anual - INE, Estimativas anuais da população residente"
1870706;Montemor-o-Novo;71.3;2021;0008261;"Índice de dependência total (N.º) por Local de residência (NUTS - 2013); Anual - INE, Estimativas anuais da população residente"
11D1807;Moimenta da Beira;71.4;2021;0008261;"Índice de dependência total (N.º) por Local de residência (NUTS - 2013); Anual - INE, Estimativas anuais da população residente"
1840210;Moura;71.5;2021;0008261;"Índice de dependência total (N.º) por Local de residência (NUTS - 2013); Anual - INE, Estimativas anuais da população residente"
16I1401;Abrantes;71.7;2021;0008261;"Índice de dependência total (N.º) por Local de residência (NUTS - 2013); Anual - INE, Estimativas anuais da população residente"
1500814;Tavira;71.8;2021;0008261;"Índice de dependência total (N.º) por Local de residência (NUTS - 2013); Anual - INE, Estimativas anuais da população residente"
16G1817;Sátão;71.9;2021;0008261;"Índice de dependência total (N.º) por Local de residência (NUTS - 2013); Anual - INE, Estimativas anuais da população residente"
16E0602;Cantanhede;72.1;2021;0008261;"Índice de dependência total (N.º) por Local de residência (NUTS - 2013); Anual - INE, Estimativas anuais da população residente"
16G1824;Vouzela;72.2;2021;0008261;"Índice de dependência total (N.º) por Local de residência (NUTS - 2013); Anual - INE, Estimativas anuais da população residente"
16G1822;Vila Nova de Paiva;72.5;2021;0008261;"Índice de dependência total (N.º) por Local de residência (NUTS - 2013); Anual - INE, Estimativas anuais da população residente"
1851407;Chamusca;72.5;2021;0008261;"Índice de dependência total (N.º) por Local de residência (NUTS - 2013); Anual - INE, Estimativas anuais da população residente"
16E0608;Mira;72.8;2021;0008261;"Índice de dependência total (N.º) por Local de residência (NUTS - 2013); Anual - INE, Estimativas anuais da população residente"
16G1809;Nelas;72.8;2021;0008261;"Índice de dependência total (N.º) por Local de residência (NUTS - 2013); Anual - INE, Estimativas anuais da população residente"
11B1709;Ribeira de Pena;73;2021;0008261;"Índice de dependência total (N.º) por Local de residência (NUTS - 2013); Anual - INE, Estimativas anuais da população residente"
16F1003;Ansião;73;2021;0008261;"Índice de dependência total (N.º) por Local de residência (NUTS - 2013); Anual - INE, Estimativas anuais da população residente"
11D1819;Tabuaço;73.1;2021;0008261;"Índice de dependência total (N.º) por Local de residência (NUTS - 2013); Anual - INE, Estimativas anuais da população residente"
16I0509;Sertã;73.1;2021;0008261;"Índice de dependência total (N.º) por Local de residência (NUTS - 2013); Anual - INE, Estimativas anuais da população residente"
11D1711;Santa Marta de Penaguião;73.2;2021;0008261;"Índice de dependência total (N.º) por Local de residência (NUTS - 2013); Anual - INE, Estimativas anuais da população residente"
1811509;Santiago do Cacém;73.2;2021;0008261;"Índice de dependência total (N.º) por Local de residência (NUTS - 2013); Anual - INE, Estimativas anuais da população residente"
11D1710;Sabrosa;73.4;2021;0008261;"Índice de dependência total (N.º) por Local de residência (NUTS - 2013); Anual - INE, Estimativas anuais da população residente"
16I1411;Ferreira do Zêzere;73.4;2021;0008261;"Índice de dependência total (N.º) por Local de residência (NUTS - 2013); Anual - INE, Estimativas anuais da população residente"
16E0613;Penacova;73.5;2021;0008261;"Índice de dependência total (N.º) por Local de residência (NUTS - 2013); Anual - INE, Estimativas anuais da população residente"
16G1803;Castro Daire;73.7;2021;0008261;"Índice de dependência total (N.º) por Local de residência (NUTS - 2013); Anual - INE, Estimativas anuais da população residente"
16G1821;Tondela;73.8;2021;0008261;"Índice de dependência total (N.º) por Local de residência (NUTS - 2013); Anual - INE, Estimativas anuais da população residente"
16J0501;Belmonte;74.6;2021;0008261;"Índice de dependência total (N.º) por Local de residência (NUTS - 2013); Anual - INE, Estimativas anuais da população residente"
11D1701;Alijó;74.9;2021;0008261;"Índice de dependência total (N.º) por Local de residência (NUTS - 2013); Anual - INE, Estimativas anuais da população residente"
11D1812;Penedono;75.4;2021;0008261;"Índice de dependência total (N.º) por Local de residência (NUTS - 2013); Anual - INE, Estimativas anuais da população residente"
1840202;Almodôvar;75.8;2021;0008261;"Índice de dependência total (N.º) por Local de residência (NUTS - 2013); Anual - INE, Estimativas anuais da população residente"
16F1013;Pedrógão Grande;75.9;2021;0008261;"Índice de dependência total (N.º) por Local de residência (NUTS - 2013); Anual - INE, Estimativas anuais da população residente"
16G1802;Carregal do Sal;75.9;2021;0008261;"Índice de dependência total (N.º) por Local de residência (NUTS - 2013); Anual - INE, Estimativas anuais da população residente"
16G1816;São Pedro do Sul;76;2021;0008261;"Índice de dependência total (N.º) por Local de residência (NUTS - 2013); Anual - INE, Estimativas anuais da população residente"
16J0504;Fundão;76.1;2021;0008261;"Índice de dependência total (N.º) por Local de residência (NUTS - 2013); Anual - INE, Estimativas anuais da população residente"
11E0407;Mirandela;76.2;2021;0008261;"Índice de dependência total (N.º) por Local de residência (NUTS - 2013); Anual - INE, Estimativas anuais da população residente"
16J;Beiras e Serra da Estrela;76.3;2021;0008261;"Índice de dependência total (N.º) por Local de residência (NUTS - 2013); Anual - INE, Estimativas anuais da população residente"
1500804;Castro Marim;76.4;2021;0008261;"Índice de dependência total (N.º) por Local de residência (NUTS - 2013); Anual - INE, Estimativas anuais da população residente"
16G1814;Santa Comba Dão;76.4;2021;0008261;"Índice de dependência total (N.º) por Local de residência (NUTS - 2013); Anual - INE, Estimativas anuais da população residente"
1811501;Alcácer do Sal;76.4;2021;0008261;"Índice de dependência total (N.º) por Local de residência (NUTS - 2013); Anual - INE, Estimativas anuais da população residente"
11B1703;Chaves;76.8;2021;0008261;"Índice de dependência total (N.º) por Local de residência (NUTS - 2013); Anual - INE, Estimativas anuais da população residente"
1861201;Alter do Chão;77.1;2021;0008261;"Índice de dependência total (N.º) por Local de residência (NUTS - 2013); Anual - INE, Estimativas anuais da população residente"
16E0601;Arganil;77.6;2021;0008261;"Índice de dependência total (N.º) por Local de residência (NUTS - 2013); Anual - INE, Estimativas anuais da população residente"
1861203;Avis;77.6;2021;0008261;"Índice de dependência total (N.º) por Local de residência (NUTS - 2013); Anual - INE, Estimativas anuais da população residente"
16H;Beira Baixa;77.7;2021;0008261;"Índice de dependência total (N.º) por Local de residência (NUTS - 2013); Anual - INE, Estimativas anuais da população residente"
1840212;Ourique;77.7;2021;0008261;"Índice de dependência total (N.º) por Local de residência (NUTS - 2013); Anual - INE, Estimativas anuais da população residente"
1861210;Marvão;77.7;2021;0008261;"Índice de dependência total (N.º) por Local de residência (NUTS - 2013); Anual - INE, Estimativas anuais da população residente"
16F1007;Castanheira de Pêra;77.9;2021;0008261;"Índice de dependência total (N.º) por Local de residência (NUTS - 2013); Anual - INE, Estimativas anuais da população residente"
16E0615;Soure;78.1;2021;0008261;"Índice de dependência total (N.º) por Local de residência (NUTS - 2013); Anual - INE, Estimativas anuais da população residente"
11E;Terras de Trás-os-Montes;78.2;2021;0008261;"Índice de dependência total (N.º) por Local de residência (NUTS - 2013); Anual - INE, Estimativas anuais da população residente"
1851409;Coruche;78.4;2021;0008261;"Índice de dependência total (N.º) por Local de residência (NUTS - 2013); Anual - INE, Estimativas anuais da população residente"
1861205;Castelo de Vide;78.4;2021;0008261;"Índice de dependência total (N.º) por Local de residência (NUTS - 2013); Anual - INE, Estimativas anuais da população residente"
1111604;Monção;79.1;2021;0008261;"Índice de dependência total (N.º) por Local de residência (NUTS - 2013); Anual - INE, Estimativas anuais da população residente"
11B1713;Vila Pouca de Aguiar;79.7;2021;0008261;"Índice de dependência total (N.º) por Local de residência (NUTS - 2013); Anual - INE, Estimativas anuais da população residente"
11E0405;Macedo de Cavaleiros;79.7;2021;0008261;"Índice de dependência total (N.º) por Local de residência (NUTS - 2013); Anual - INE, Estimativas anuais da população residente"
1500809;Monchique;79.8;2021;0008261;"Índice de dependência total (N.º) por Local de residência (NUTS - 2013); Anual - INE, Estimativas anuais da população residente"
11D1707;Murça;80.6;2021;0008261;"Índice de dependência total (N.º) por Local de residência (NUTS - 2013); Anual - INE, Estimativas anuais da população residente"
16J0905;Fornos de Algodres;80.6;2021;0008261;"Índice de dependência total (N.º) por Local de residência (NUTS - 2013); Anual - INE, Estimativas anuais da população residente"
16F1008;Figueiró dos Vinhos;80.9;2021;0008261;"Índice de dependência total (N.º) por Local de residência (NUTS - 2013); Anual - INE, Estimativas anuais da população residente"
16G1811;Penalva do Castelo;81;2021;0008261;"Índice de dependência total (N.º) por Local de residência (NUTS - 2013); Anual - INE, Estimativas anuais da população residente"
16J0912;Seia;81.4;2021;0008261;"Índice de dependência total (N.º) por Local de residência (NUTS - 2013); Anual - INE, Estimativas anuais da população residente"
11E0410;Vila Flor;81.6;2021;0008261;"Índice de dependência total (N.º) por Local de residência (NUTS - 2013); Anual - INE, Estimativas anuais da população residente"
1840209;Mértola;82.2;2021;0008261;"Índice de dependência total (N.º) por Local de residência (NUTS - 2013); Anual - INE, Estimativas anuais da população residente"
11B;Alto Tâmega;82.6;2021;0008261;"Índice de dependência total (N.º) por Local de residência (NUTS - 2013); Anual - INE, Estimativas anuais da população residente"
16E0606;Góis;82.7;2021;0008261;"Índice de dependência total (N.º) por Local de residência (NUTS - 2013); Anual - INE, Estimativas anuais da população residente"
16J0903;Celorico da Beira;82.8;2021;0008261;"Índice de dependência total (N.º) por Local de residência (NUTS - 2013); Anual - INE, Estimativas anuais da população residente"
16F1002;Alvaiázere;83;2021;0008261;"Índice de dependência total (N.º) por Local de residência (NUTS - 2013); Anual - INE, Estimativas anuais da população residente"
1111601;Arcos de Valdevez;83.6;2021;0008261;"Índice de dependência total (N.º) por Local de residência (NUTS - 2013); Anual - INE, Estimativas anuais da população residente"
11D0914;Vila Nova de Foz Côa;83.8;2021;0008261;"Índice de dependência total (N.º) por Local de residência (NUTS - 2013); Anual - INE, Estimativas anuais da população residente"
1861206;Crato;84;2021;0008261;"Índice de dependência total (N.º) por Local de residência (NUTS - 2013); Anual - INE, Estimativas anuais da população residente"
16J0913;Trancoso;84.1;2021;0008261;"Índice de dependência total (N.º) por Local de residência (NUTS - 2013); Anual - INE, Estimativas anuais da população residente"
16E1808;Mortágua;84.3;2021;0008261;"Índice de dependência total (N.º) por Local de residência (NUTS - 2013); Anual - INE, Estimativas anuais da população residente"
16G0901;Aguiar da Beira;84.4;2021;0008261;"Índice de dependência total (N.º) por Local de residência (NUTS - 2013); Anual - INE, Estimativas anuais da população residente"
16J0908;Manteigas;85.7;2021;0008261;"Índice de dependência total (N.º) por Local de residência (NUTS - 2013); Anual - INE, Estimativas anuais da população residente"
11E0401;Alfândega da Fé;86.6;2021;0008261;"Índice de dependência total (N.º) por Local de residência (NUTS - 2013); Anual - INE, Estimativas anuais da população residente"
1870707;Mora;87;2021;0008261;"Índice de dependência total (N.º) por Local de residência (NUTS - 2013); Anual - INE, Estimativas anuais da população residente"
16J0909;Mêda;87.4;2021;0008261;"Índice de dependência total (N.º) por Local de residência (NUTS - 2013); Anual - INE, Estimativas anuais da população residente"
16H0508;Proença-a-Nova;87.9;2021;0008261;"Índice de dependência total (N.º) por Local de residência (NUTS - 2013); Anual - INE, Estimativas anuais da população residente"
11D0403;Carrazeda de Ansiães;89.1;2021;0008261;"Índice de dependência total (N.º) por Local de residência (NUTS - 2013); Anual - INE, Estimativas anuais da população residente"
11E0408;Mogadouro;89.4;2021;0008261;"Índice de dependência total (N.º) por Local de residência (NUTS - 2013); Anual - INE, Estimativas anuais da população residente"
16J0910;Pinhel;89.4;2021;0008261;"Índice de dependência total (N.º) por Local de residência (NUTS - 2013); Anual - INE, Estimativas anuais da população residente"
11B1702;Boticas;89.9;2021;0008261;"Índice de dependência total (N.º) por Local de residência (NUTS - 2013); Anual - INE, Estimativas anuais da população residente"
16J0906;Gouveia;90.1;2021;0008261;"Índice de dependência total (N.º) por Local de residência (NUTS - 2013); Anual - INE, Estimativas anuais da população residente"
16I0510;Vila de Rei;90.6;2021;0008261;"Índice de dependência total (N.º) por Local de residência (NUTS - 2013); Anual - INE, Estimativas anuais da população residente"
11D0404;Freixo de Espada à Cinta;90.9;2021;0008261;"Índice de dependência total (N.º) por Local de residência (NUTS - 2013); Anual - INE, Estimativas anuais da população residente"
16J0904;Figueira de Castelo Rodrigo;91.6;2021;0008261;"Índice de dependência total (N.º) por Local de residência (NUTS - 2013); Anual - INE, Estimativas anuais da população residente"
1861212;Nisa;92;2021;0008261;"Índice de dependência total (N.º) por Local de residência (NUTS - 2013); Anual - INE, Estimativas anuais da população residente"
11B1706;Montalegre;93.6;2021;0008261;"Índice de dependência total (N.º) por Local de residência (NUTS - 2013); Anual - INE, Estimativas anuais da população residente"
11E0406;Miranda do Douro;94;2021;0008261;"Índice de dependência total (N.º) por Local de residência (NUTS - 2013); Anual - INE, Estimativas anuais da população residente"
1861209;Gavião;94.5;2021;0008261;"Índice de dependência total (N.º) por Local de residência (NUTS - 2013); Anual - INE, Estimativas anuais da população residente"
16I1413;Mação;95.9;2021;0008261;"Índice de dependência total (N.º) por Local de residência (NUTS - 2013); Anual - INE, Estimativas anuais da população residente"
11B1712;Valpaços;96.9;2021;0008261;"Índice de dependência total (N.º) por Local de residência (NUTS - 2013); Anual - INE, Estimativas anuais da população residente"
11D0409;Torre de Moncorvo;98.1;2021;0008261;"Índice de dependência total (N.º) por Local de residência (NUTS - 2013); Anual - INE, Estimativas anuais da população residente"
16H0505;Idanha-a-Nova;100.9;2021;0008261;"Índice de dependência total (N.º) por Local de residência (NUTS - 2013); Anual - INE, Estimativas anuais da população residente"
16H0507;Penamacor;101.6;2021;0008261;"Índice de dependência total (N.º) por Local de residência (NUTS - 2013); Anual - INE, Estimativas anuais da população residente"
16J0902;Almeida;102.9;2021;0008261;"Índice de dependência total (N.º) por Local de residência (NUTS - 2013); Anual - INE, Estimativas anuais da população residente"
11E0411;Vimioso;103.4;2021;0008261;"Índice de dependência total (N.º) por Local de residência (NUTS - 2013); Anual - INE, Estimativas anuais da população residente"
1111603;Melgaço;103.5;2021;0008261;"Índice de dependência total (N.º) por Local de residência (NUTS - 2013); Anual - INE, Estimativas anuais da população residente"
16H0506;Oleiros;107;2021;0008261;"Índice de dependência total (N.º) por Local de residência (NUTS - 2013); Anual - INE, Estimativas anuais da população residente"
16E0612;Pampilhosa da Serra;108.4;2021;0008261;"Índice de dependência total (N.º) por Local de residência (NUTS - 2013); Anual - INE, Estimativas anuais da população residente"
16J0911;Sabugal;108.5;2021;0008261;"Índice de dependência total (N.º) por Local de residência (NUTS - 2013); Anual - INE, Estimativas anuais da população residente"
16H0511;Vila Velha de Ródão;108.6;2021;0008261;"Índice de dependência total (N.º) por Local de residência (NUTS - 2013); Anual - INE, Estimativas anuais da população residente"
11E0412;Vinhais;108.9;2021;0008261;"Índice de dependência total (N.º) por Local de residência (NUTS - 2013); Anual - INE, Estimativas anuais da população residente"
1500802;Alcoutim;111.3;2021;0008261;"Índice de dependência total (N.º) por Local de residência (NUTS - 2013); Anual - INE, Estimativas anuais da população residente"
2004201;Lagoa;41.6;2022;0008261;"Índice de dependência total (N.º) por Local de residência (NUTS - 2013); Anual - INE, Estimativas anuais da população residente"
3003108;Santa Cruz;42.2;2022;0008261;"Índice de dependência total (N.º) por Local de residência (NUTS - 2013); Anual - INE, Estimativas anuais da população residente"
2004205;Ribeira Grande;42.3;2022;0008261;"Índice de dependência total (N.º) por Local de residência (NUTS - 2013); Anual - INE, Estimativas anuais da população residente"
3003102;Câmara de Lobos;43.4;2022;0008261;"Índice de dependência total (N.º) por Local de residência (NUTS - 2013); Anual - INE, Estimativas anuais da população residente"
3003201;Porto Santo;43.4;2022;0008261;"Índice de dependência total (N.º) por Local de residência (NUTS - 2013); Anual - INE, Estimativas anuais da população residente"
2004206;Vila Franca do Campo;43.5;2022;0008261;"Índice de dependência total (N.º) por Local de residência (NUTS - 2013); Anual - INE, Estimativas anuais da população residente"
11C1305;Lousada;43.6;2022;0008261;"Índice de dependência total (N.º) por Local de residência (NUTS - 2013); Anual - INE, Estimativas anuais da população residente"
2004203;Ponta Delgada;43.7;2022;0008261;"Índice de dependência total (N.º) por Local de residência (NUTS - 2013); Anual - INE, Estimativas anuais da população residente"
11C1309;Paços de Ferreira;44.1;2022;0008261;"Índice de dependência total (N.º) por Local de residência (NUTS - 2013); Anual - INE, Estimativas anuais da população residente"
2004204;Povoação;45;2022;0008261;"Índice de dependência total (N.º) por Local de residência (NUTS - 2013); Anual - INE, Estimativas anuais da população residente"
11A1310;Paredes;45.3;2022;0008261;"Índice de dependência total (N.º) por Local de residência (NUTS - 2013); Anual - INE, Estimativas anuais da população residente"
2004901;Corvo;46;2022;0008261;"Índice de dependência total (N.º) por Local de residência (NUTS - 2013); Anual - INE, Estimativas anuais da população residente"
2;Região Autónoma dos Açores;46.5;2022;0008261;"Índice de dependência total (N.º) por Local de residência (NUTS - 2013); Anual - INE, Estimativas anuais da população residente"
20;Região Autónoma dos Açores;46.5;2022;0008261;"Índice de dependência total (N.º) por Local de residência (NUTS - 2013); Anual - INE, Estimativas anuais da população residente"
200;Região Autónoma dos Açores;46.5;2022;0008261;"Índice de dependência total (N.º) por Local de residência (NUTS - 2013); Anual - INE, Estimativas anuais da população residente"
11C1307;Marco de Canaveses;46.7;2022;0008261;"Índice de dependência total (N.º) por Local de residência (NUTS - 2013); Anual - INE, Estimativas anuais da população residente"
2004802;Santa Cruz das Flores;47.1;2022;0008261;"Índice de dependência total (N.º) por Local de residência (NUTS - 2013); Anual - INE, Estimativas anuais da população residente"
1190314;Vizela;47.2;2022;0008261;"Índice de dependência total (N.º) por Local de residência (NUTS - 2013); Anual - INE, Estimativas anuais da população residente"
11C1303;Felgueiras;47.6;2022;0008261;"Índice de dependência total (N.º) por Local de residência (NUTS - 2013); Anual - INE, Estimativas anuais da população residente"
11C1311;Penafiel;47.6;2022;0008261;"Índice de dependência total (N.º) por Local de residência (NUTS - 2013); Anual - INE, Estimativas anuais da população residente"
2004801;Lajes das Flores;47.9;2022;0008261;"Índice de dependência total (N.º) por Local de residência (NUTS - 2013); Anual - INE, Estimativas anuais da população residente"
2004101;Vila do Porto;48.1;2022;0008261;"Índice de dependência total (N.º) por Local de residência (NUTS - 2013); Anual - INE, Estimativas anuais da população residente"
11C;Tâmega e Sousa;48.9;2022;0008261;"Índice de dependência total (N.º) por Local de residência (NUTS - 2013); Anual - INE, Estimativas anuais da população residente"
1810211;Odemira;48.9;2022;0008261;"Índice de dependência total (N.º) por Local de residência (NUTS - 2013); Anual - INE, Estimativas anuais da população residente"
3003104;Machico;49.1;2022;0008261;"Índice de dependência total (N.º) por Local de residência (NUTS - 2013); Anual - INE, Estimativas anuais da população residente"
2004302;Vila da Praia da Vitória;49.3;2022;0008261;"Índice de dependência total (N.º) por Local de residência (NUTS - 2013); Anual - INE, Estimativas anuais da população residente"
3;Região Autónoma da Madeira;49.5;2022;0008261;"Índice de dependência total (N.º) por Local de residência (NUTS - 2013); Anual - INE, Estimativas anuais da população residente"
30;Região Autónoma da Madeira;49.5;2022;0008261;"Índice de dependência total (N.º) por Local de residência (NUTS - 2013); Anual - INE, Estimativas anuais da população residente"
300;Região Autónoma da Madeira;49.5;2022;0008261;"Índice de dependência total (N.º) por Local de residência (NUTS - 2013); Anual - INE, Estimativas anuais da população residente"
1120303;Braga;49.6;2022;0008261;"Índice de dependência total (N.º) por Local de residência (NUTS - 2013); Anual - INE, Estimativas anuais da população residente"
3003105;Ponta do Sol;49.6;2022;0008261;"Índice de dependência total (N.º) por Local de residência (NUTS - 2013); Anual - INE, Estimativas anuais da população residente"
11C0106;Castelo de Paiva;49.8;2022;0008261;"Índice de dependência total (N.º) por Local de residência (NUTS - 2013); Anual - INE, Estimativas anuais da população residente"
2004301;Angra do Heroísmo;49.9;2022;0008261;"Índice de dependência total (N.º) por Local de residência (NUTS - 2013); Anual - INE, Estimativas anuais da população residente"
3003107;Ribeira Brava;50;2022;0008261;"Índice de dependência total (N.º) por Local de residência (NUTS - 2013); Anual - INE, Estimativas anuais da população residente"
1500801;Albufeira;50.2;2022;0008261;"Índice de dependência total (N.º) por Local de residência (NUTS - 2013); Anual - INE, Estimativas anuais da população residente"
1120302;Barcelos;50.4;2022;0008261;"Índice de dependência total (N.º) por Local de residência (NUTS - 2013); Anual - INE, Estimativas anuais da população residente"
1701502;Alcochete;50.4;2022;0008261;"Índice de dependência total (N.º) por Local de residência (NUTS - 2013); Anual - INE, Estimativas anuais da população residente"
2004202;Nordeste;50.4;2022;0008261;"Índice de dependência total (N.º) por Local de residência (NUTS - 2013); Anual - INE, Estimativas anuais da população residente"
11A1306;Maia;50.5;2022;0008261;"Índice de dependência total (N.º) por Local de residência (NUTS - 2013); Anual - INE, Estimativas anuais da população residente"
11A1318;Trofa;50.6;2022;0008261;"Índice de dependência total (N.º) por Local de residência (NUTS - 2013); Anual - INE, Estimativas anuais da população residente"
11A1315;Valongo;50.7;2022;0008261;"Índice de dependência total (N.º) por Local de residência (NUTS - 2013); Anual - INE, Estimativas anuais da população residente"
2004502;Velas;50.7;2022;0008261;"Índice de dependência total (N.º) por Local de residência (NUTS - 2013); Anual - INE, Estimativas anuais da população residente"
112;Cávado;51;2022;0008261;"Índice de dependência total (N.º) por Local de residência (NUTS - 2013); Anual - INE, Estimativas anuais da população residente"
1701111;Sintra;51;2022;0008261;"Índice de dependência total (N.º) por Local de residência (NUTS - 2013); Anual - INE, Estimativas anuais da população residente"
1190312;Vila Nova de Famalicão;51.3;2022;0008261;"Índice de dependência total (N.º) por Local de residência (NUTS - 2013); Anual - INE, Estimativas anuais da população residente"
2004602;Madalena;51.4;2022;0008261;"Índice de dependência total (N.º) por Local de residência (NUTS - 2013); Anual - INE, Estimativas anuais da população residente"
1701109;Mafra;51.5;2022;0008261;"Índice de dependência total (N.º) por Local de residência (NUTS - 2013); Anual - INE, Estimativas anuais da população residente"
16B1102;Arruda dos Vinhos;51.6;2022;0008261;"Índice de dependência total (N.º) por Local de residência (NUTS - 2013); Anual - INE, Estimativas anuais da população residente"
2004701;Horta;51.7;2022;0008261;"Índice de dependência total (N.º) por Local de residência (NUTS - 2013); Anual - INE, Estimativas anuais da população residente"
1190308;Guimarães;51.9;2022;0008261;"Índice de dependência total (N.º) por Local de residência (NUTS - 2013); Anual - INE, Estimativas anuais da população residente"
1120306;Esposende;52.4;2022;0008261;"Índice de dependência total (N.º) por Local de residência (NUTS - 2013); Anual - INE, Estimativas anuais da população residente"
11A1313;Póvoa de Varzim;52.4;2022;0008261;"Índice de dependência total (N.º) por Local de residência (NUTS - 2013); Anual - INE, Estimativas anuais da população residente"
1851405;Benavente;52.6;2022;0008261;"Índice de dependência total (N.º) por Local de residência (NUTS - 2013); Anual - INE, Estimativas anuais da população residente"
3003103;Funchal;52.6;2022;0008261;"Índice de dependência total (N.º) por Local de residência (NUTS - 2013); Anual - INE, Estimativas anuais da população residente"
2004603;São Roque do Pico;52.7;2022;0008261;"Índice de dependência total (N.º) por Local de residência (NUTS - 2013); Anual - INE, Estimativas anuais da população residente"
119;Ave;52.9;2022;0008261;"Índice de dependência total (N.º) por Local de residência (NUTS - 2013); Anual - INE, Estimativas anuais da população residente"
16B1112;Sobral de Monte Agraço;52.9;2022;0008261;"Índice de dependência total (N.º) por Local de residência (NUTS - 2013); Anual - INE, Estimativas anuais da população residente"
11A1316;Vila do Conde;53;2022;0008261;"Índice de dependência total (N.º) por Local de residência (NUTS - 2013); Anual - INE, Estimativas anuais da população residente"
1701114;Vila Franca de Xira;53.3;2022;0008261;"Índice de dependência total (N.º) por Local de residência (NUTS - 2013); Anual - INE, Estimativas anuais da população residente"
1120301;Amares;53.5;2022;0008261;"Índice de dependência total (N.º) por Local de residência (NUTS - 2013); Anual - INE, Estimativas anuais da população residente"
11C1302;Baião;53.5;2022;0008261;"Índice de dependência total (N.º) por Local de residência (NUTS - 2013); Anual - INE, Estimativas anuais da população residente"
16B1101;Alenquer;53.5;2022;0008261;"Índice de dependência total (N.º) por Local de residência (NUTS - 2013); Anual - INE, Estimativas anuais da população residente"
16D0105;Aveiro;53.7;2022;0008261;"Índice de dependência total (N.º) por Local de residência (NUTS - 2013); Anual - INE, Estimativas anuais da população residente"
1701507;Montijo;53.7;2022;0008261;"Índice de dependência total (N.º) por Local de residência (NUTS - 2013); Anual - INE, Estimativas anuais da população residente"
11A0109;Santa Maria da Feira;53.8;2022;0008261;"Índice de dependência total (N.º) por Local de residência (NUTS - 2013); Anual - INE, Estimativas anuais da população residente"
11A0116;São João da Madeira;53.9;2022;0008261;"Índice de dependência total (N.º) por Local de residência (NUTS - 2013); Anual - INE, Estimativas anuais da população residente"
11A1304;Gondomar;54.2;2022;0008261;"Índice de dependência total (N.º) por Local de residência (NUTS - 2013); Anual - INE, Estimativas anuais da população residente"
1190309;Póvoa de Lanhoso;54.3;2022;0008261;"Índice de dependência total (N.º) por Local de residência (NUTS - 2013); Anual - INE, Estimativas anuais da população residente"
16I1410;Entroncamento;54.3;2022;0008261;"Índice de dependência total (N.º) por Local de residência (NUTS - 2013); Anual - INE, Estimativas anuais da população residente"
16D0115;Ovar;54.4;2022;0008261;"Índice de dependência total (N.º) por Local de residência (NUTS - 2013); Anual - INE, Estimativas anuais da população residente"
1120313;Vila Verde;54.6;2022;0008261;"Índice de dependência total (N.º) por Local de residência (NUTS - 2013); Anual - INE, Estimativas anuais da população residente"
11A1317;Vila Nova de Gaia;54.6;2022;0008261;"Índice de dependência total (N.º) por Local de residência (NUTS - 2013); Anual - INE, Estimativas anuais da população residente"
16D0110;Ílhavo;54.6;2022;0008261;"Índice de dependência total (N.º) por Local de residência (NUTS - 2013); Anual - INE, Estimativas anuais da população residente"
11C1301;Amarante;54.7;2022;0008261;"Índice de dependência total (N.º) por Local de residência (NUTS - 2013); Anual - INE, Estimativas anuais da população residente"
1701508;Palmela;54.7;2022;0008261;"Índice de dependência total (N.º) por Local de residência (NUTS - 2013); Anual - INE, Estimativas anuais da população residente"
11A;Área Metropolitana do Porto;54.8;2022;0008261;"Índice de dependência total (N.º) por Local de residência (NUTS - 2013); Anual - INE, Estimativas anuais da população residente"
1701511;Sesimbra;55.1;2022;0008261;"Índice de dependência total (N.º) por Local de residência (NUTS - 2013); Anual - INE, Estimativas anuais da população residente"
1840204;Barrancos;55.3;2022;0008261;"Índice de dependência total (N.º) por Local de residência (NUTS - 2013); Anual - INE, Estimativas anuais da população residente"
1190304;Cabeceiras de Basto;55.4;2022;0008261;"Índice de dependência total (N.º) por Local de residência (NUTS - 2013); Anual - INE, Estimativas anuais da população residente"
11;Norte;55.8;2022;0008261;"Índice de dependência total (N.º) por Local de residência (NUTS - 2013); Anual - INE, Estimativas anuais da população residente"
16D0102;Albergaria-a-Velha;55.8;2022;0008261;"Índice de dependência total (N.º) por Local de residência (NUTS - 2013); Anual - INE, Estimativas anuais da população residente"
16B1113;Torres Vedras;56.3;2022;0008261;"Índice de dependência total (N.º) por Local de residência (NUTS - 2013); Anual - INE, Estimativas anuais da população residente"
1851103;Azambuja;56.3;2022;0008261;"Índice de dependência total (N.º) por Local de residência (NUTS - 2013); Anual - INE, Estimativas anuais da população residente"
11A0113;Oliveira de Azeméis;56.4;2022;0008261;"Índice de dependência total (N.º) por Local de residência (NUTS - 2013); Anual - INE, Estimativas anuais da população residente"
16E0607;Lousã;56.5;2022;0008261;"Índice de dependência total (N.º) por Local de residência (NUTS - 2013); Anual - INE, Estimativas anuais da população residente"
2004501;Calheta;56.5;2022;0008261;"Índice de dependência total (N.º) por Local de residência (NUTS - 2013); Anual - INE, Estimativas anuais da população residente"
16E0604;Condeixa-a-Nova;56.6;2022;0008261;"Índice de dependência total (N.º) por Local de residência (NUTS - 2013); Anual - INE, Estimativas anuais da população residente"
11C0305;Celorico de Basto;57;2022;0008261;"Índice de dependência total (N.º) por Local de residência (NUTS - 2013); Anual - INE, Estimativas anuais da população residente"
16F1009;Leiria;57;2022;0008261;"Índice de dependência total (N.º) por Local de residência (NUTS - 2013); Anual - INE, Estimativas anuais da população residente"
1190307;Fafe;57.1;2022;0008261;"Índice de dependência total (N.º) por Local de residência (NUTS - 2013); Anual - INE, Estimativas anuais da população residente"
2004401;Santa Cruz da Graciosa;57.1;2022;0008261;"Índice de dependência total (N.º) por Local de residência (NUTS - 2013); Anual - INE, Estimativas anuais da população residente"
1500805;Faro;57.3;2022;0008261;"Índice de dependência total (N.º) por Local de residência (NUTS - 2013); Anual - INE, Estimativas anuais da população residente"
11A1308;Matosinhos;57.4;2022;0008261;"Índice de dependência total (N.º) por Local de residência (NUTS - 2013); Anual - INE, Estimativas anuais da população residente"
11D1714;Vila Real;57.4;2022;0008261;"Índice de dependência total (N.º) por Local de residência (NUTS - 2013); Anual - INE, Estimativas anuais da população residente"
16F1010;Marinha Grande;57.5;2022;0008261;"Índice de dependência total (N.º) por Local de residência (NUTS - 2013); Anual - INE, Estimativas anuais da população residente"
2004601;Lajes do Pico;57.5;2022;0008261;"Índice de dependência total (N.º) por Local de residência (NUTS - 2013); Anual - INE, Estimativas anuais da população residente"
1111607;Ponte de Lima;57.7;2022;0008261;"Índice de dependência total (N.º) por Local de residência (NUTS - 2013); Anual - INE, Estimativas anuais da população residente"
17;Área Metropolitana de Lisboa;57.7;2022;0008261;"Índice de dependência total (N.º) por Local de residência (NUTS - 2013); Anual - INE, Estimativas anuais da população residente"
170;Área Metropolitana de Lisboa;57.7;2022;0008261;"Índice de dependência total (N.º) por Local de residência (NUTS - 2013); Anual - INE, Estimativas anuais da população residente"
16D;Região de Aveiro;57.8;2022;0008261;"Índice de dependência total (N.º) por Local de residência (NUTS - 2013); Anual - INE, Estimativas anuais da população residente"
1701106;Lisboa;58;2022;0008261;"Índice de dependência total (N.º) por Local de residência (NUTS - 2013); Anual - INE, Estimativas anuais da população residente"
16D0114;Oliveira do Bairro;58.2;2022;0008261;"Índice de dependência total (N.º) por Local de residência (NUTS - 2013); Anual - INE, Estimativas anuais da população residente"
3003101;Calheta;58.2;2022;0008261;"Índice de dependência total (N.º) por Local de residência (NUTS - 2013); Anual - INE, Estimativas anuais da população residente"
11A1314;Santo Tirso;58.3;2022;0008261;"Índice de dependência total (N.º) por Local de residência (NUTS - 2013); Anual - INE, Estimativas anuais da população residente"
PT;Portugal;58.5;2022;0008261;"Índice de dependência total (N.º) por Local de residência (NUTS - 2013); Anual - INE, Estimativas anuais da população residente"
16I1408;Constância;58.6;2022;0008261;"Índice de dependência total (N.º) por Local de residência (NUTS - 2013); Anual - INE, Estimativas anuais da população residente"
11D1820;Tarouca;58.8;2022;0008261;"Índice de dependência total (N.º) por Local de residência (NUTS - 2013); Anual - INE, Estimativas anuais da população residente"
1;Continente;59.1;2022;0008261;"Índice de dependência total (N.º) por Local de residência (NUTS - 2013); Anual - INE, Estimativas anuais da população residente"
1840207;Cuba;59.1;2022;0008261;"Índice de dependência total (N.º) por Local de residência (NUTS - 2013); Anual - INE, Estimativas anuais da população residente"
16B;Oeste;59.2;2022;0008261;"Índice de dependência total (N.º) por Local de residência (NUTS - 2013); Anual - INE, Estimativas anuais da população residente"
1851414;Rio Maior;59.2;2022;0008261;"Índice de dependência total (N.º) por Local de residência (NUTS - 2013); Anual - INE, Estimativas anuais da população residente"
16E0609;Miranda do Corvo;59.4;2022;0008261;"Índice de dependência total (N.º) por Local de residência (NUTS - 2013); Anual - INE, Estimativas anuais da população residente"
16G1810;Oliveira de Frades;59.4;2022;0008261;"Índice de dependência total (N.º) por Local de residência (NUTS - 2013); Anual - INE, Estimativas anuais da população residente"
16J0907;Guarda;59.4;2022;0008261;"Índice de dependência total (N.º) por Local de residência (NUTS - 2013); Anual - INE, Estimativas anuais da população residente"
1701105;Cascais;59.4;2022;0008261;"Índice de dependência total (N.º) por Local de residência (NUTS - 2013); Anual - INE, Estimativas anuais da população residente"
1701510;Seixal;59.4;2022;0008261;"Índice de dependência total (N.º) por Local de residência (NUTS - 2013); Anual - INE, Estimativas anuais da população residente"
16D0108;Estarreja;59.5;2022;0008261;"Índice de dependência total (N.º) por Local de residência (NUTS - 2013); Anual - INE, Estimativas anuais da população residente"
16E0617;Vila Nova de Poiares;59.5;2022;0008261;"Índice de dependência total (N.º) por Local de residência (NUTS - 2013); Anual - INE, Estimativas anuais da população residente"
16G1823;Viseu;59.5;2022;0008261;"Índice de dependência total (N.º) por Local de residência (NUTS - 2013); Anual - INE, Estimativas anuais da população residente"
1701116;Odivelas;59.5;2022;0008261;"Índice de dependência total (N.º) por Local de residência (NUTS - 2013); Anual - INE, Estimativas anuais da população residente"
1500811;Portimão;59.6;2022;0008261;"Índice de dependência total (N.º) por Local de residência (NUTS - 2013); Anual - INE, Estimativas anuais da população residente"
16D0118;Vagos;59.6;2022;0008261;"Índice de dependência total (N.º) por Local de residência (NUTS - 2013); Anual - INE, Estimativas anuais da população residente"
1870705;Évora;59.6;2022;0008261;"Índice de dependência total (N.º) por Local de residência (NUTS - 2013); Anual - INE, Estimativas anuais da população residente"
1701506;Moita;59.7;2022;0008261;"Índice de dependência total (N.º) por Local de residência (NUTS - 2013); Anual - INE, Estimativas anuais da população residente"
11C1813;Resende;59.8;2022;0008261;"Índice de dependência total (N.º) por Local de residência (NUTS - 2013); Anual - INE, Estimativas anuais da população residente"
11D1805;Lamego;59.8;2022;0008261;"Índice de dependência total (N.º) por Local de residência (NUTS - 2013); Anual - INE, Estimativas anuais da população residente"
1500806;Lagoa;60;2022;0008261;"Índice de dependência total (N.º) por Local de residência (NUTS - 2013); Anual - INE, Estimativas anuais da população residente"
16F1004;Batalha;60;2022;0008261;"Índice de dependência total (N.º) por Local de residência (NUTS - 2013); Anual - INE, Estimativas anuais da população residente"
3003106;Porto Moniz;60;2022;0008261;"Índice de dependência total (N.º) por Local de residência (NUTS - 2013); Anual - INE, Estimativas anuais da população residente"
11A0104;Arouca;60.1;2022;0008261;"Índice de dependência total (N.º) por Local de residência (NUTS - 2013); Anual - INE, Estimativas anuais da população residente"
16D0112;Murtosa;60.2;2022;0008261;"Índice de dependência total (N.º) por Local de residência (NUTS - 2013); Anual - INE, Estimativas anuais da população residente"
1701115;Amadora;60.3;2022;0008261;"Índice de dependência total (N.º) por Local de residência (NUTS - 2013); Anual - INE, Estimativas anuais da população residente"
1811513;Sines;60.3;2022;0008261;"Índice de dependência total (N.º) por Local de residência (NUTS - 2013); Anual - INE, Estimativas anuais da população residente"
1851406;Cartaxo;60.3;2022;0008261;"Índice de dependência total (N.º) por Local de residência (NUTS - 2013); Anual - INE, Estimativas anuais da população residente"
3003110;São Vicente;60.3;2022;0008261;"Índice de dependência total (N.º) por Local de residência (NUTS - 2013); Anual - INE, Estimativas anuais da população residente"
11A1312;Porto;60.4;2022;0008261;"Índice de dependência total (N.º) por Local de residência (NUTS - 2013); Anual - INE, Estimativas anuais da população residente"
16F1016;Porto de Mós;60.4;2022;0008261;"Índice de dependência total (N.º) por Local de residência (NUTS - 2013); Anual - INE, Estimativas anuais da população residente"
11C1804;Cinfães;60.6;2022;0008261;"Índice de dependência total (N.º) por Local de residência (NUTS - 2013); Anual - INE, Estimativas anuais da população residente"
1840205;Beja;60.6;2022;0008261;"Índice de dependência total (N.º) por Local de residência (NUTS - 2013); Anual - INE, Estimativas anuais da população residente"
1500808;Loulé;60.8;2022;0008261;"Índice de dependência total (N.º) por Local de residência (NUTS - 2013); Anual - INE, Estimativas anuais da população residente"
1500810;Olhão;60.8;2022;0008261;"Índice de dependência total (N.º) por Local de residência (NUTS - 2013); Anual - INE, Estimativas anuais da população residente"
16B1006;Caldas da Rainha;60.8;2022;0008261;"Índice de dependência total (N.º) por Local de residência (NUTS - 2013); Anual - INE, Estimativas anuais da população residente"
15;Algarve;60.9;2022;0008261;"Índice de dependência total (N.º) por Local de residência (NUTS - 2013); Anual - INE, Estimativas anuais da população residente"
150;Algarve;60.9;2022;0008261;"Índice de dependência total (N.º) por Local de residência (NUTS - 2013); Anual - INE, Estimativas anuais da população residente"
16E0111;Mealhada;60.9;2022;0008261;"Índice de dependência total (N.º) por Local de residência (NUTS - 2013); Anual - INE, Estimativas anuais da população residente"
1701107;Loures;60.9;2022;0008261;"Índice de dependência total (N.º) por Local de residência (NUTS - 2013); Anual - INE, Estimativas anuais da população residente"
16B1001;Alcobaça;61;2022;0008261;"Índice de dependência total (N.º) por Local de residência (NUTS - 2013); Anual - INE, Estimativas anuais da população residente"
1861204;Campo Maior;61;2022;0008261;"Índice de dependência total (N.º) por Local de residência (NUTS - 2013); Anual - INE, Estimativas anuais da população residente"
16E0603;Coimbra;61.3;2022;0008261;"Índice de dependência total (N.º) por Local de residência (NUTS - 2013); Anual - INE, Estimativas anuais da população residente"
1701512;Setúbal;61.3;2022;0008261;"Índice de dependência total (N.º) por Local de residência (NUTS - 2013); Anual - INE, Estimativas anuais da população residente"
1111610;Vila Nova de Cerveira;61.4;2022;0008261;"Índice de dependência total (N.º) por Local de residência (NUTS - 2013); Anual - INE, Estimativas anuais da população residente"
11D1704;Mesão Frio;61.4;2022;0008261;"Índice de dependência total (N.º) por Local de residência (NUTS - 2013); Anual - INE, Estimativas anuais da população residente"
16F;Região de Leiria;61.4;2022;0008261;"Índice de dependência total (N.º) por Local de residência (NUTS - 2013); Anual - INE, Estimativas anuais da população residente"
185;Lezíria do Tejo;61.9;2022;0008261;"Índice de dependência total (N.º) por Local de residência (NUTS - 2013); Anual - INE, Estimativas anuais da população residente"
1870713;Viana do Alentejo;61.9;2022;0008261;"Índice de dependência total (N.º) por Local de residência (NUTS - 2013); Anual - INE, Estimativas anuais da população residente"
16B1108;Lourinhã;62;2022;0008261;"Índice de dependência total (N.º) por Local de residência (NUTS - 2013); Anual - INE, Estimativas anuais da população residente"
1701503;Almada;62;2022;0008261;"Índice de dependência total (N.º) por Local de residência (NUTS - 2013); Anual - INE, Estimativas anuais da população residente"
181;Alentejo Litoral;62;2022;0008261;"Índice de dependência total (N.º) por Local de residência (NUTS - 2013); Anual - INE, Estimativas anuais da população residente"
1851403;Almeirim;62.1;2022;0008261;"Índice de dependência total (N.º) por Local de residência (NUTS - 2013); Anual - INE, Estimativas anuais da população residente"
1111609;Viana do Castelo;62.2;2022;0008261;"Índice de dependência total (N.º) por Local de residência (NUTS - 2013); Anual - INE, Estimativas anuais da população residente"
16D0101;Águeda;62.3;2022;0008261;"Índice de dependência total (N.º) por Local de residência (NUTS - 2013); Anual - INE, Estimativas anuais da população residente"
1701110;Oeiras;62.4;2022;0008261;"Índice de dependência total (N.º) por Local de residência (NUTS - 2013); Anual - INE, Estimativas anuais da população residente"
1500807;Lagos;62.5;2022;0008261;"Índice de dependência total (N.º) por Local de residência (NUTS - 2013); Anual - INE, Estimativas anuais da população residente"
16B1012;Óbidos;62.5;2022;0008261;"Índice de dependência total (N.º) por Local de residência (NUTS - 2013); Anual - INE, Estimativas anuais da população residente"
1870714;Vila Viçosa;62.7;2022;0008261;"Índice de dependência total (N.º) por Local de residência (NUTS - 2013); Anual - INE, Estimativas anuais da população residente"
11D1708;Peso da Régua;62.9;2022;0008261;"Índice de dependência total (N.º) por Local de residência (NUTS - 2013); Anual - INE, Estimativas anuais da população residente"
1500813;Silves;63;2022;0008261;"Índice de dependência total (N.º) por Local de residência (NUTS - 2013); Anual - INE, Estimativas anuais da população residente"
1861207;Elvas;63.2;2022;0008261;"Índice de dependência total (N.º) por Local de residência (NUTS - 2013); Anual - INE, Estimativas anuais da população residente"
1840206;Castro Verde;63.3;2022;0008261;"Índice de dependência total (N.º) por Local de residência (NUTS - 2013); Anual - INE, Estimativas anuais da população residente"
16E0610;Montemor-o-Velho;63.4;2022;0008261;"Índice de dependência total (N.º) por Local de residência (NUTS - 2013); Anual - INE, Estimativas anuais da população residente"
16I1421;Ourém;63.4;2022;0008261;"Índice de dependência total (N.º) por Local de residência (NUTS - 2013); Anual - INE, Estimativas anuais da população residente"
1111608;Valença;63.5;2022;0008261;"Índice de dependência total (N.º) por Local de residência (NUTS - 2013); Anual - INE, Estimativas anuais da população residente"
1851415;Salvaterra de Magos;63.5;2022;0008261;"Índice de dependência total (N.º) por Local de residência (NUTS - 2013); Anual - INE, Estimativas anuais da população residente"
11D1815;São João da Pesqueira;63.7;2022;0008261;"Índice de dependência total (N.º) por Local de residência (NUTS - 2013); Anual - INE, Estimativas anuais da população residente"
1851416;Santarém;63.8;2022;0008261;"Índice de dependência total (N.º) por Local de residência (NUTS - 2013); Anual - INE, Estimativas anuais da população residente"
1870710;Redondo;63.8;2022;0008261;"Índice de dependência total (N.º) por Local de residência (NUTS - 2013); Anual - INE, Estimativas anuais da população residente"
1191705;Mondim de Basto;64;2022;0008261;"Índice de dependência total (N.º) por Local de residência (NUTS - 2013); Anual - INE, Estimativas anuais da população residente"
3003109;Santana;64;2022;0008261;"Índice de dependência total (N.º) por Local de residência (NUTS - 2013); Anual - INE, Estimativas anuais da população residente"
1701504;Barreiro;64.2;2022;0008261;"Índice de dependência total (N.º) por Local de residência (NUTS - 2013); Anual - INE, Estimativas anuais da população residente"
16;Centro;64.3;2022;0008261;"Índice de dependência total (N.º) por Local de residência (NUTS - 2013); Anual - INE, Estimativas anuais da população residente"
16B1011;Nazaré;64.3;2022;0008261;"Índice de dependência total (N.º) por Local de residência (NUTS - 2013); Anual - INE, Estimativas anuais da população residente"
16B1005;Bombarral;64.5;2022;0008261;"Índice de dependência total (N.º) por Local de residência (NUTS - 2013); Anual - INE, Estimativas anuais da população residente"
18;Alentejo;64.5;2022;0008261;"Índice de dependência total (N.º) por Local de residência (NUTS - 2013); Anual - INE, Estimativas anuais da população residente"
1870709;Portel;64.5;2022;0008261;"Índice de dependência total (N.º) por Local de residência (NUTS - 2013); Anual - INE, Estimativas anuais da população residente"
1870711;Reguengos de Monsaraz;64.6;2022;0008261;"Índice de dependência total (N.º) por Local de residência (NUTS - 2013); Anual - INE, Estimativas anuais da população residente"
1851412;Golegã;64.7;2022;0008261;"Índice de dependência total (N.º) por Local de residência (NUTS - 2013); Anual - INE, Estimativas anuais da população residente"
187;Alentejo Central;64.7;2022;0008261;"Índice de dependência total (N.º) por Local de residência (NUTS - 2013); Anual - INE, Estimativas anuais da população residente"
1870702;Arraiolos;64.9;2022;0008261;"Índice de dependência total (N.º) por Local de residência (NUTS - 2013); Anual - INE, Estimativas anuais da população residente"
1500812;São Brás de Alportel;65;2022;0008261;"Índice de dependência total (N.º) por Local de residência (NUTS - 2013); Anual - INE, Estimativas anuais da população residente"
16I1420;Vila Nova da Barquinha;65;2022;0008261;"Índice de dependência total (N.º) por Local de residência (NUTS - 2013); Anual - INE, Estimativas anuais da população residente"
11E0402;Bragança;65.3;2022;0008261;"Índice de dependência total (N.º) por Local de residência (NUTS - 2013); Anual - INE, Estimativas anuais da população residente"
1840214;Vidigueira;65.3;2022;0008261;"Índice de dependência total (N.º) por Local de residência (NUTS - 2013); Anual - INE, Estimativas anuais da população residente"
11A0107;Espinho;65.6;2022;0008261;"Índice de dependência total (N.º) por Local de residência (NUTS - 2013); Anual - INE, Estimativas anuais da população residente"
16B1014;Peniche;65.6;2022;0008261;"Índice de dependência total (N.º) por Local de residência (NUTS - 2013); Anual - INE, Estimativas anuais da população residente"
16E;Região de Coimbra;65.6;2022;0008261;"Índice de dependência total (N.º) por Local de residência (NUTS - 2013); Anual - INE, Estimativas anuais da população residente"
11D1801;Armamar;65.9;2022;0008261;"Índice de dependência total (N.º) por Local de residência (NUTS - 2013); Anual - INE, Estimativas anuais da população residente"
1811505;Grândola;66.2;2022;0008261;"Índice de dependência total (N.º) por Local de residência (NUTS - 2013); Anual - INE, Estimativas anuais da população residente"
1500816;Vila Real de Santo António;66.3;2022;0008261;"Índice de dependência total (N.º) por Local de residência (NUTS - 2013); Anual - INE, Estimativas anuais da população residente"
11A0119;Vale de Cambra;66.4;2022;0008261;"Índice de dependência total (N.º) por Local de residência (NUTS - 2013); Anual - INE, Estimativas anuais da população residente"
1500803;Aljezur;66.4;2022;0008261;"Índice de dependência total (N.º) por Local de residência (NUTS - 2013); Anual - INE, Estimativas anuais da população residente"
111;Alto Minho;66.5;2022;0008261;"Índice de dependência total (N.º) por Local de residência (NUTS - 2013); Anual - INE, Estimativas anuais da população residente"
11D;Douro;66.5;2022;0008261;"Índice de dependência total (N.º) por Local de residência (NUTS - 2013); Anual - INE, Estimativas anuais da população residente"
16E0605;Figueira da Foz;66.6;2022;0008261;"Índice de dependência total (N.º) por Local de residência (NUTS - 2013); Anual - INE, Estimativas anuais da população residente"
1120310;Terras de Bouro;66.7;2022;0008261;"Índice de dependência total (N.º) por Local de residência (NUTS - 2013); Anual - INE, Estimativas anuais da população residente"
184;Baixo Alentejo;66.7;2022;0008261;"Índice de dependência total (N.º) por Local de residência (NUTS - 2013); Anual - INE, Estimativas anuais da população residente"
16I1417;Sardoal;66.8;2022;0008261;"Índice de dependência total (N.º) por Local de residência (NUTS - 2013); Anual - INE, Estimativas anuais da população residente"
16E0611;Oliveira do Hospital;67.1;2022;0008261;"Índice de dependência total (N.º) por Local de residência (NUTS - 2013); Anual - INE, Estimativas anuais da população residente"
1840208;Ferreira do Alentejo;67.1;2022;0008261;"Índice de dependência total (N.º) por Local de residência (NUTS - 2013); Anual - INE, Estimativas anuais da população residente"
16I1419;Torres Novas;67.4;2022;0008261;"Índice de dependência total (N.º) por Local de residência (NUTS - 2013); Anual - INE, Estimativas anuais da população residente"
1870704;Estremoz;67.4;2022;0008261;"Índice de dependência total (N.º) por Local de residência (NUTS - 2013); Anual - INE, Estimativas anuais da população residente"
16G;Viseu Dão Lafões;67.5;2022;0008261;"Índice de dependência total (N.º) por Local de residência (NUTS - 2013); Anual - INE, Estimativas anuais da população residente"
1840213;Serpa;67.6;2022;0008261;"Índice de dependência total (N.º) por Local de residência (NUTS - 2013); Anual - INE, Estimativas anuais da população residente"
1851404;Alpiarça;67.6;2022;0008261;"Índice de dependência total (N.º) por Local de residência (NUTS - 2013); Anual - INE, Estimativas anuais da população residente"
16I;Médio Tejo;67.7;2022;0008261;"Índice de dependência total (N.º) por Local de residência (NUTS - 2013); Anual - INE, Estimativas anuais da população residente"
1840203;Alvito;67.7;2022;0008261;"Índice de dependência total (N.º) por Local de residência (NUTS - 2013); Anual - INE, Estimativas anuais da população residente"
16H0502;Castelo Branco;67.8;2022;0008261;"Índice de dependência total (N.º) por Local de residência (NUTS - 2013); Anual - INE, Estimativas anuais da população residente"
1500815;Vila do Bispo;67.9;2022;0008261;"Índice de dependência total (N.º) por Local de residência (NUTS - 2013); Anual - INE, Estimativas anuais da população residente"
1861214;Portalegre;67.9;2022;0008261;"Índice de dependência total (N.º) por Local de residência (NUTS - 2013); Anual - INE, Estimativas anuais da população residente"
1870701;Alandroal;68;2022;0008261;"Índice de dependência total (N.º) por Local de residência (NUTS - 2013); Anual - INE, Estimativas anuais da população residente"
16D0103;Anadia;68.4;2022;0008261;"Índice de dependência total (N.º) por Local de residência (NUTS - 2013); Anual - INE, Estimativas anuais da população residente"
1870703;Borba;68.4;2022;0008261;"Índice de dependência total (N.º) por Local de residência (NUTS - 2013); Anual - INE, Estimativas anuais da população residente"
1111606;Ponte da Barca;68.5;2022;0008261;"Índice de dependência total (N.º) por Local de residência (NUTS - 2013); Anual - INE, Estimativas anuais da população residente"
16I1402;Alcanena;68.5;2022;0008261;"Índice de dependência total (N.º) por Local de residência (NUTS - 2013); Anual - INE, Estimativas anuais da população residente"
16B1104;Cadaval;68.6;2022;0008261;"Índice de dependência total (N.º) por Local de residência (NUTS - 2013); Anual - INE, Estimativas anuais da população residente"
1190311;Vieira do Minho;69;2022;0008261;"Índice de dependência total (N.º) por Local de residência (NUTS - 2013); Anual - INE, Estimativas anuais da população residente"
16D0117;Sever do Vouga;69.2;2022;0008261;"Índice de dependência total (N.º) por Local de residência (NUTS - 2013); Anual - INE, Estimativas anuais da população residente"
16F1015;Pombal;69.2;2022;0008261;"Índice de dependência total (N.º) por Local de residência (NUTS - 2013); Anual - INE, Estimativas anuais da população residente"
1861211;Monforte;69.4;2022;0008261;"Índice de dependência total (N.º) por Local de residência (NUTS - 2013); Anual - INE, Estimativas anuais da população residente"
11D1818;Sernancelhe;69.5;2022;0008261;"Índice de dependência total (N.º) por Local de residência (NUTS - 2013); Anual - INE, Estimativas anuais da população residente"
1840201;Aljustrel;69.6;2022;0008261;"Índice de dependência total (N.º) por Local de residência (NUTS - 2013); Anual - INE, Estimativas anuais da população residente"
1111602;Caminha;69.7;2022;0008261;"Índice de dependência total (N.º) por Local de residência (NUTS - 2013); Anual - INE, Estimativas anuais da população residente"
1861208;Fronteira;69.9;2022;0008261;"Índice de dependência total (N.º) por Local de residência (NUTS - 2013); Anual - INE, Estimativas anuais da população residente"
1870712;Vendas Novas;69.9;2022;0008261;"Índice de dependência total (N.º) por Local de residência (NUTS - 2013); Anual - INE, Estimativas anuais da população residente"
16E0616;Tábua;70.1;2022;0008261;"Índice de dependência total (N.º) por Local de residência (NUTS - 2013); Anual - INE, Estimativas anuais da população residente"
16J0503;Covilhã;70.1;2022;0008261;"Índice de dependência total (N.º) por Local de residência (NUTS - 2013); Anual - INE, Estimativas anuais da população residente"
16E0614;Penela;70.3;2022;0008261;"Índice de dependência total (N.º) por Local de residência (NUTS - 2013); Anual - INE, Estimativas anuais da população residente"
16G1806;Mangualde;70.3;2022;0008261;"Índice de dependência total (N.º) por Local de residência (NUTS - 2013); Anual - INE, Estimativas anuais da população residente"
1111605;Paredes de Coura;70.6;2022;0008261;"Índice de dependência total (N.º) por Local de residência (NUTS - 2013); Anual - INE, Estimativas anuais da população residente"
16I1418;Tomar;70.7;2022;0008261;"Índice de dependência total (N.º) por Local de residência (NUTS - 2013); Anual - INE, Estimativas anuais da população residente"
186;Alto Alentejo;70.8;2022;0008261;"Índice de dependência total (N.º) por Local de residência (NUTS - 2013); Anual - INE, Estimativas anuais da população residente"
1861215;Sousel;70.8;2022;0008261;"Índice de dependência total (N.º) por Local de residência (NUTS - 2013); Anual - INE, Estimativas anuais da população residente"
1870708;Mourão;70.8;2022;0008261;"Índice de dependência total (N.º) por Local de residência (NUTS - 2013); Anual - INE, Estimativas anuais da população residente"
1861202;Arronches;71.3;2022;0008261;"Índice de dependência total (N.º) por Local de residência (NUTS - 2013); Anual - INE, Estimativas anuais da população residente"
1861213;Ponte de Sor;71.3;2022;0008261;"Índice de dependência total (N.º) por Local de residência (NUTS - 2013); Anual - INE, Estimativas anuais da população residente"
1870706;Montemor-o-Novo;71.3;2022;0008261;"Índice de dependência total (N.º) por Local de residência (NUTS - 2013); Anual - INE, Estimativas anuais da população residente"
11D1807;Moimenta da Beira;71.4;2022;0008261;"Índice de dependência total (N.º) por Local de residência (NUTS - 2013); Anual - INE, Estimativas anuais da população residente"
1840210;Moura;71.5;2022;0008261;"Índice de dependência total (N.º) por Local de residência (NUTS - 2013); Anual - INE, Estimativas anuais da população residente"
16I1401;Abrantes;71.7;2022;0008261;"Índice de dependência total (N.º) por Local de residência (NUTS - 2013); Anual - INE, Estimativas anuais da população residente"
1500814;Tavira;71.8;2022;0008261;"Índice de dependência total (N.º) por Local de residência (NUTS - 2013); Anual - INE, Estimativas anuais da população residente"
16G1817;Sátão;71.9;2022;0008261;"Índice de dependência total (N.º) por Local de residência (NUTS - 2013); Anual - INE, Estimativas anuais da população residente"
16E0602;Cantanhede;72.1;2022;0008261;"Índice de dependência total (N.º) por Local de residência (NUTS - 2013); Anual - INE, Estimativas anuais da população residente"
16G1824;Vouzela;72.2;2022;0008261;"Índice de dependência total (N.º) por Local de residência (NUTS - 2013); Anual - INE, Estimativas anuais da população residente"
16G1822;Vila Nova de Paiva;72.5;2022;0008261;"Índice de dependência total (N.º) por Local de residência (NUTS - 2013); Anual - INE, Estimativas anuais da população residente"
1851407;Chamusca;72.5;2022;0008261;"Índice de dependência total (N.º) por Local de residência (NUTS - 2013); Anual - INE, Estimativas anuais da população residente"
16E0608;Mira;72.8;2022;0008261;"Índice de dependência total (N.º) por Local de residência (NUTS - 2013); Anual - INE, Estimativas anuais da população residente"
16G1809;Nelas;72.8;2022;0008261;"Índice de dependência total (N.º) por Local de residência (NUTS - 2013); Anual - INE, Estimativas anuais da população residente"
11B1709;Ribeira de Pena;73;2022;0008261;"Índice de dependência total (N.º) por Local de residência (NUTS - 2013); Anual - INE, Estimativas anuais da população residente"
16F1003;Ansião;73;2022;0008261;"Índice de dependência total (N.º) por Local de residência (NUTS - 2013); Anual - INE, Estimativas anuais da população residente"
11D1819;Tabuaço;73.1;2022;0008261;"Índice de dependência total (N.º) por Local de residência (NUTS - 2013); Anual - INE, Estimativas anuais da população residente"
16I0509;Sertã;73.1;2022;0008261;"Índice de dependência total (N.º) por Local de residência (NUTS - 2013); Anual - INE, Estimativas anuais da população residente"
11D1711;Santa Marta de Penaguião;73.2;2022;0008261;"Índice de dependência total (N.º) por Local de residência (NUTS - 2013); Anual - INE, Estimativas anuais da população residente"
1811509;Santiago do Cacém;73.2;2022;0008261;"Índice de dependência total (N.º) por Local de residência (NUTS - 2013); Anual - INE, Estimativas anuais da população residente"
11D1710;Sabrosa;73.4;2022;0008261;"Índice de dependência total (N.º) por Local de residência (NUTS - 2013); Anual - INE, Estimativas anuais da população residente"
16I1411;Ferreira do Zêzere;73.4;2022;0008261;"Índice de dependência total (N.º) por Local de residência (NUTS - 2013); Anual - INE, Estimativas anuais da população residente"
16E0613;Penacova;73.5;2022;0008261;"Índice de dependência total (N.º) por Local de residência (NUTS - 2013); Anual - INE, Estimativas anuais da população residente"
16G1803;Castro Daire;73.7;2022;0008261;"Índice de dependência total (N.º) por Local de residência (NUTS - 2013); Anual - INE, Estimativas anuais da população residente"
16G1821;Tondela;73.8;2022;0008261;"Índice de dependência total (N.º) por Local de residência (NUTS - 2013); Anual - INE, Estimativas anuais da população residente"
16J0501;Belmonte;74.6;2022;0008261;"Índice de dependência total (N.º) por Local de residência (NUTS - 2013); Anual - INE, Estimativas anuais da população residente"
11D1701;Alijó;74.9;2022;0008261;"Índice de dependência total (N.º) por Local de residência (NUTS - 2013); Anual - INE, Estimativas anuais da população residente"
11D1812;Penedono;75.4;2022;0008261;"Índice de dependência total (N.º) por Local de residência (NUTS - 2013); Anual - INE, Estimativas anuais da população residente"
1840202;Almodôvar;75.8;2022;0008261;"Índice de dependência total (N.º) por Local de residência (NUTS - 2013); Anual - INE, Estimativas anuais da população residente"
16F1013;Pedrógão Grande;75.9;2022;0008261;"Índice de dependência total (N.º) por Local de residência (NUTS - 2013); Anual - INE, Estimativas anuais da população residente"
16G1802;Carregal do Sal;75.9;2022;0008261;"Índice de dependência total (N.º) por Local de residência (NUTS - 2013); Anual - INE, Estimativas anuais da população residente"
16G1816;São Pedro do Sul;76;2022;0008261;"Índice de dependência total (N.º) por Local de residência (NUTS - 2013); Anual - INE, Estimativas anuais da população residente"
16J0504;Fundão;76.1;2022;0008261;"Índice de dependência total (N.º) por Local de residência (NUTS - 2013); Anual - INE, Estimativas anuais da população residente"
11E0407;Mirandela;76.2;2022;0008261;"Índice de dependência total (N.º) por Local de residência (NUTS - 2013); Anual - INE, Estimativas anuais da população residente"
16J;Beiras e Serra da Estrela;76.3;2022;0008261;"Índice de dependência total (N.º) por Local de residência (NUTS - 2013); Anual - INE, Estimativas anuais da população residente"
1500804;Castro Marim;76.4;2022;0008261;"Índice de dependência total (N.º) por Local de residência (NUTS - 2013); Anual - INE, Estimativas anuais da população residente"
16G1814;Santa Comba Dão;76.4;2022;0008261;"Índice de dependência total (N.º) por Local de residência (NUTS - 2013); Anual - INE, Estimativas anuais da população residente"
1811501;Alcácer do Sal;76.4;2022;0008261;"Índice de dependência total (N.º) por Local de residência (NUTS - 2013); Anual - INE, Estimativas anuais da população residente"
11B1703;Chaves;76.8;2022;0008261;"Índice de dependência total (N.º) por Local de residência (NUTS - 2013); Anual - INE, Estimativas anuais da população residente"
1861201;Alter do Chão;77.1;2022;0008261;"Índice de dependência total (N.º) por Local de residência (NUTS - 2013); Anual - INE, Estimativas anuais da população residente"
16E0601;Arganil;77.6;2022;0008261;"Índice de dependência total (N.º) por Local de residência (NUTS - 2013); Anual - INE, Estimativas anuais da população residente"
1861203;Avis;77.6;2022;0008261;"Índice de dependência total (N.º) por Local de residência (NUTS - 2013); Anual - INE, Estimativas anuais da população residente"
16H;Beira Baixa;77.7;2022;0008261;"Índice de dependência total (N.º) por Local de residência (NUTS - 2013); Anual - INE, Estimativas anuais da população residente"
1840212;Ourique;77.7;2022;0008261;"Índice de dependência total (N.º) por Local de residência (NUTS - 2013); Anual - INE, Estimativas anuais da população residente"
1861210;Marvão;77.7;2022;0008261;"Índice de dependência total (N.º) por Local de residência (NUTS - 2013); Anual - INE, Estimativas anuais da população residente"
16F1007;Castanheira de Pêra;77.9;2022;0008261;"Índice de dependência total (N.º) por Local de residência (NUTS - 2013); Anual - INE, Estimativas anuais da população residente"
16E0615;Soure;78.1;2022;0008261;"Índice de dependência total (N.º) por Local de residência (NUTS - 2013); Anual - INE, Estimativas anuais da população residente"
11E;Terras de Trás-os-Montes;78.2;2022;0008261;"Índice de dependência total (N.º) por Local de residência (NUTS - 2013); Anual - INE, Estimativas anuais da população residente"
1851409;Coruche;78.4;2022;0008261;"Índice de dependência total (N.º) por Local de residência (NUTS - 2013); Anual - INE, Estimativas anuais da população residente"
1861205;Castelo de Vide;78.4;2022;0008261;"Índice de dependência total (N.º) por Local de residência (NUTS - 2013); Anual - INE, Estimativas anuais da população residente"
1111604;Monção;79.1;2022;0008261;"Índice de dependência total (N.º) por Local de residência (NUTS - 2013); Anual - INE, Estimativas anuais da população residente"
11B1713;Vila Pouca de Aguiar;79.7;2022;0008261;"Índice de dependência total (N.º) por Local de residência (NUTS - 2013); Anual - INE, Estimativas anuais da população residente"
11E0405;Macedo de Cavaleiros;79.7;2022;0008261;"Índice de dependência total (N.º) por Local de residência (NUTS - 2013); Anual - INE, Estimativas anuais da população residente"
1500809;Monchique;79.8;2022;0008261;"Índice de dependência total (N.º) por Local de residência (NUTS - 2013); Anual - INE, Estimativas anuais da população residente"
11D1707;Murça;80.6;2022;0008261;"Índice de dependência total (N.º) por Local de residência (NUTS - 2013); Anual - INE, Estimativas anuais da população residente"
16J0905;Fornos de Algodres;80.6;2022;0008261;"Índice de dependência total (N.º) por Local de residência (NUTS - 2013); Anual - INE, Estimativas anuais da população residente"
16F1008;Figueiró dos Vinhos;80.9;2022;0008261;"Índice de dependência total (N.º) por Local de residência (NUTS - 2013); Anual - INE, Estimativas anuais da população residente"
16G1811;Penalva do Castelo;81;2022;0008261;"Índice de dependência total (N.º) por Local de residência (NUTS - 2013); Anual - INE, Estimativas anuais da população residente"
16J0912;Seia;81.4;2022;0008261;"Índice de dependência total (N.º) por Local de residência (NUTS - 2013); Anual - INE, Estimativas anuais da população residente"
11E0410;Vila Flor;81.6;2022;0008261;"Índice de dependência total (N.º) por Local de residência (NUTS - 2013); Anual - INE, Estimativas anuais da população residente"
1840209;Mértola;82.2;2022;0008261;"Índice de dependência total (N.º) por Local de residência (NUTS - 2013); Anual - INE, Estimativas anuais da população residente"
11B;Alto Tâmega;82.6;2022;0008261;"Índice de dependência total (N.º) por Local de residência (NUTS - 2013); Anual - INE, Estimativas anuais da população residente"
16E0606;Góis;82.7;2022;0008261;"Índice de dependência total (N.º) por Local de residência (NUTS - 2013); Anual - INE, Estimativas anuais da população residente"
16J0903;Celorico da Beira;82.8;2022;0008261;"Índice de dependência total (N.º) por Local de residência (NUTS - 2013); Anual - INE, Estimativas anuais da população residente"
16F1002;Alvaiázere;83;2022;0008261;"Índice de dependência total (N.º) por Local de residência (NUTS - 2013); Anual - INE, Estimativas anuais da população residente"
1111601;Arcos de Valdevez;83.6;2022;0008261;"Índice de dependência total (N.º) por Local de residência (NUTS - 2013); Anual - INE, Estimativas anuais da população residente"
11D0914;Vila Nova de Foz Côa;83.8;2022;0008261;"Índice de dependência total (N.º) por Local de residência (NUTS - 2013); Anual - INE, Estimativas anuais da população residente"
1861206;Crato;84;2022;0008261;"Índice de dependência total (N.º) por Local de residência (NUTS - 2013); Anual - INE, Estimativas anuais da população residente"
16J0913;Trancoso;84.1;2022;0008261;"Índice de dependência total (N.º) por Local de residência (NUTS - 2013); Anual - INE, Estimativas anuais da população residente"
16E1808;Mortágua;84.3;2022;0008261;"Índice de dependência total (N.º) por Local de residência (NUTS - 2013); Anual - INE, Estimativas anuais da população residente"
16G0901;Aguiar da Beira;84.4;2022;0008261;"Índice de dependência total (N.º) por Local de residência (NUTS - 2013); Anual - INE, Estimativas anuais da população residente"
16J0908;Manteigas;85.7;2022;0008261;"Índice de dependência total (N.º) por Local de residência (NUTS - 2013); Anual - INE, Estimativas anuais da população residente"
11E0401;Alfândega da Fé;86.6;2022;0008261;"Índice de dependência total (N.º) por Local de residência (NUTS - 2013); Anual - INE, Estimativas anuais da população residente"
1870707;Mora;87;2022;0008261;"Índice de dependência total (N.º) por Local de residência (NUTS - 2013); Anual - INE, Estimativas anuais da população residente"
16J0909;Mêda;87.4;2022;0008261;"Índice de dependência total (N.º) por Local de residência (NUTS - 2013); Anual - INE, Estimativas anuais da população residente"
16H0508;Proença-a-Nova;87.9;2022;0008261;"Índice de dependência total (N.º) por Local de residência (NUTS - 2013); Anual - INE, Estimativas anuais da população residente"
11D0403;Carrazeda de Ansiães;89.1;2022;0008261;"Índice de dependência total (N.º) por Local de residência (NUTS - 2013); Anual - INE, Estimativas anuais da população residente"
11E0408;Mogadouro;89.4;2022;0008261;"Índice de dependência total (N.º) por Local de residência (NUTS - 2013); Anual - INE, Estimativas anuais da população residente"
16J0910;Pinhel;89.4;2022;0008261;"Índice de dependência total (N.º) por Local de residência (NUTS - 2013); Anual - INE, Estimativas anuais da população residente"
11B1702;Boticas;89.9;2022;0008261;"Índice de dependência total (N.º) por Local de residência (NUTS - 2013); Anual - INE, Estimativas anuais da população residente"
16J0906;Gouveia;90.1;2022;0008261;"Índice de dependência total (N.º) por Local de residência (NUTS - 2013); Anual - INE, Estimativas anuais da população residente"
16I0510;Vila de Rei;90.6;2022;0008261;"Índice de dependência total (N.º) por Local de residência (NUTS - 2013); Anual - INE, Estimativas anuais da população residente"
11D0404;Freixo de Espada à Cinta;90.9;2022;0008261;"Índice de dependência total (N.º) por Local de residência (NUTS - 2013); Anual - INE, Estimativas anuais da população residente"
16J0904;Figueira de Castelo Rodrigo;91.6;2022;0008261;"Índice de dependência total (N.º) por Local de residência (NUTS - 2013); Anual - INE, Estimativas anuais da população residente"
1861212;Nisa;92;2022;0008261;"Índice de dependência total (N.º) por Local de residência (NUTS - 2013); Anual - INE, Estimativas anuais da população residente"
11B1706;Montalegre;93.6;2022;0008261;"Índice de dependência total (N.º) por Local de residência (NUTS - 2013); Anual - INE, Estimativas anuais da população residente"
11E0406;Miranda do Douro;94;2022;0008261;"Índice de dependência total (N.º) por Local de residência (NUTS - 2013); Anual - INE, Estimativas anuais da população residente"
1861209;Gavião;94.5;2022;0008261;"Índice de dependência total (N.º) por Local de residência (NUTS - 2013); Anual - INE, Estimativas anuais da população residente"
16I1413;Mação;95.9;2022;0008261;"Índice de dependência total (N.º) por Local de residência (NUTS - 2013); Anual - INE, Estimativas anuais da população residente"
11B1712;Valpaços;96.9;2022;0008261;"Índice de dependência total (N.º) por Local de residência (NUTS - 2013); Anual - INE, Estimativas anuais da população residente"
11D0409;Torre de Moncorvo;98.1;2022;0008261;"Índice de dependência total (N.º) por Local de residência (NUTS - 2013); Anual - INE, Estimativas anuais da população residente"
16H0505;Idanha-a-Nova;100.9;2022;0008261;"Índice de dependência total (N.º) por Local de residência (NUTS - 2013); Anual - INE, Estimativas anuais da população residente"
16H0507;Penamacor;101.6;2022;0008261;"Índice de dependência total (N.º) por Local de residência (NUTS - 2013); Anual - INE, Estimativas anuais da população residente"
16J0902;Almeida;102.9;2022;0008261;"Índice de dependência total (N.º) por Local de residência (NUTS - 2013); Anual - INE, Estimativas anuais da população residente"
11E0411;Vimioso;103.4;2022;0008261;"Índice de dependência total (N.º) por Local de residência (NUTS - 2013); Anual - INE, Estimativas anuais da população residente"
1111603;Melgaço;103.5;2022;0008261;"Índice de dependência total (N.º) por Local de residência (NUTS - 2013); Anual - INE, Estimativas anuais da população residente"
16H0506;Oleiros;107;2022;0008261;"Índice de dependência total (N.º) por Local de residência (NUTS - 2013); Anual - INE, Estimativas anuais da população residente"
16E0612;Pampilhosa da Serra;108.4;2022;0008261;"Índice de dependência total (N.º) por Local de residência (NUTS - 2013); Anual - INE, Estimativas anuais da população residente"
16J0911;Sabugal;108.5;2022;0008261;"Índice de dependência total (N.º) por Local de residência (NUTS - 2013); Anual - INE, Estimativas anuais da população residente"
16H0511;Vila Velha de Ródão;108.6;2022;0008261;"Índice de dependência total (N.º) por Local de residência (NUTS - 2013); Anual - INE, Estimativas anuais da população residente"
11E0412;Vinhais;108.9;2022;0008261;"Índice de dependência total (N.º) por Local de residência (NUTS - 2013); Anual - INE, Estimativas anuais da população residente"
1500802;Alcoutim;111.3;2022;0008261;"Índice de dependência total (N.º) por Local de residência (NUTS - 2013); Anual - INE, Estimativas anuais da população residente"
2004201;Lagoa;41.6;2023;0008261;"Índice de dependência total (N.º) por Local de residência (NUTS - 2013); Anual - INE, Estimativas anuais da população residente"
3003108;Santa Cruz;42.2;2023;0008261;"Índice de dependência total (N.º) por Local de residência (NUTS - 2013); Anual - INE, Estimativas anuais da população residente"
2004205;Ribeira Grande;42.3;2023;0008261;"Índice de dependência total (N.º) por Local de residência (NUTS - 2013); Anual - INE, Estimativas anuais da população residente"
3003102;Câmara de Lobos;43.4;2023;0008261;"Índice de dependência total (N.º) por Local de residência (NUTS - 2013); Anual - INE, Estimativas anuais da população residente"
3003201;Porto Santo;43.4;2023;0008261;"Índice de dependência total (N.º) por Local de residência (NUTS - 2013); Anual - INE, Estimativas anuais da população residente"
2004206;Vila Franca do Campo;43.5;2023;0008261;"Índice de dependência total (N.º) por Local de residência (NUTS - 2013); Anual - INE, Estimativas anuais da população residente"
11C1305;Lousada;43.6;2023;0008261;"Índice de dependência total (N.º) por Local de residência (NUTS - 2013); Anual - INE, Estimativas anuais da população residente"
2004203;Ponta Delgada;43.7;2023;0008261;"Índice de dependência total (N.º) por Local de residência (NUTS - 2013); Anual - INE, Estimativas anuais da população residente"
11C1309;Paços de Ferreira;44.1;2023;0008261;"Índice de dependência total (N.º) por Local de residência (NUTS - 2013); Anual - INE, Estimativas anuais da população residente"
2004204;Povoação;45;2023;0008261;"Índice de dependência total (N.º) por Local de residência (NUTS - 2013); Anual - INE, Estimativas anuais da população residente"
11A1310;Paredes;45.3;2023;0008261;"Índice de dependência total (N.º) por Local de residência (NUTS - 2013); Anual - INE, Estimativas anuais da população residente"
2004901;Corvo;46;2023;0008261;"Índice de dependência total (N.º) por Local de residência (NUTS - 2013); Anual - INE, Estimativas anuais da população residente"
2;Região Autónoma dos Açores;46.5;2023;0008261;"Índice de dependência total (N.º) por Local de residência (NUTS - 2013); Anual - INE, Estimativas anuais da população residente"
20;Região Autónoma dos Açores;46.5;2023;0008261;"Índice de dependência total (N.º) por Local de residência (NUTS - 2013); Anual - INE, Estimativas anuais da população residente"
200;Região Autónoma dos Açores;46.5;2023;0008261;"Índice de dependência total (N.º) por Local de residência (NUTS - 2013); Anual - INE, Estimativas anuais da população residente"
11C1307;Marco de Canaveses;46.7;2023;0008261;"Índice de dependência total (N.º) por Local de residência (NUTS - 2013); Anual - INE, Estimativas anuais da população residente"
2004802;Santa Cruz das Flores;47.1;2023;0008261;"Índice de dependência total (N.º) por Local de residência (NUTS - 2013); Anual - INE, Estimativas anuais da população residente"
1190314;Vizela;47.2;2023;0008261;"Índice de dependência total (N.º) por Local de residência (NUTS - 2013); Anual - INE, Estimativas anuais da população residente"
11C1303;Felgueiras;47.6;2023;0008261;"Índice de dependência total (N.º) por Local de residência (NUTS - 2013); Anual - INE, Estimativas anuais da população residente"
11C1311;Penafiel;47.6;2023;0008261;"Índice de dependência total (N.º) por Local de residência (NUTS - 2013); Anual - INE, Estimativas anuais da população residente"
2004801;Lajes das Flores;47.9;2023;0008261;"Índice de dependência total (N.º) por Local de residência (NUTS - 2013); Anual - INE, Estimativas anuais da população residente"
2004101;Vila do Porto;48.1;2023;0008261;"Índice de dependência total (N.º) por Local de residência (NUTS - 2013); Anual - INE, Estimativas anuais da população residente"
11C;Tâmega e Sousa;48.9;2023;0008261;"Índice de dependência total (N.º) por Local de residência (NUTS - 2013); Anual - INE, Estimativas anuais da população residente"
1810211;Odemira;48.9;2023;0008261;"Índice de dependência total (N.º) por Local de residência (NUTS - 2013); Anual - INE, Estimativas anuais da população residente"
3003104;Machico;49.1;2023;0008261;"Índice de dependência total (N.º) por Local de residência (NUTS - 2013); Anual - INE, Estimativas anuais da população residente"
2004302;Vila da Praia da Vitória;49.3;2023;0008261;"Índice de dependência total (N.º) por Local de residência (NUTS - 2013); Anual - INE, Estimativas anuais da população residente"
3;Região Autónoma da Madeira;49.5;2023;0008261;"Índice de dependência total (N.º) por Local de residência (NUTS - 2013); Anual - INE, Estimativas anuais da população residente"
30;Região Autónoma da Madeira;49.5;2023;0008261;"Índice de dependência total (N.º) por Local de residência (NUTS - 2013); Anual - INE, Estimativas anuais da população residente"
300;Região Autónoma da Madeira;49.5;2023;0008261;"Índice de dependência total (N.º) por Local de residência (NUTS - 2013); Anual - INE, Estimativas anuais da população residente"
1120303;Braga;49.6;2023;0008261;"Índice de dependência total (N.º) por Local de residência (NUTS - 2013); Anual - INE, Estimativas anuais da população residente"
3003105;Ponta do Sol;49.6;2023;0008261;"Índice de dependência total (N.º) por Local de residência (NUTS - 2013); Anual - INE, Estimativas anuais da população residente"
11C0106;Castelo de Paiva;49.8;2023;0008261;"Índice de dependência total (N.º) por Local de residência (NUTS - 2013); Anual - INE, Estimativas anuais da população residente"
2004301;Angra do Heroísmo;49.9;2023;0008261;"Índice de dependência total (N.º) por Local de residência (NUTS - 2013); Anual - INE, Estimativas anuais da população residente"
3003107;Ribeira Brava;50;2023;0008261;"Índice de dependência total (N.º) por Local de residência (NUTS - 2013); Anual - INE, Estimativas anuais da população residente"
1500801;Albufeira;50.2;2023;0008261;"Índice de dependência total (N.º) por Local de residência (NUTS - 2013); Anual - INE, Estimativas anuais da população residente"
1120302;Barcelos;50.4;2023;0008261;"Índice de dependência total (N.º) por Local de residência (NUTS - 2013); Anual - INE, Estimativas anuais da população residente"
1701502;Alcochete;50.4;2023;0008261;"Índice de dependência total (N.º) por Local de residência (NUTS - 2013); Anual - INE, Estimativas anuais da população residente"
2004202;Nordeste;50.4;2023;0008261;"Índice de dependência total (N.º) por Local de residência (NUTS - 2013); Anual - INE, Estimativas anuais da população residente"
11A1306;Maia;50.5;2023;0008261;"Índice de dependência total (N.º) por Local de residência (NUTS - 2013); Anual - INE, Estimativas anuais da população residente"
11A1318;Trofa;50.6;2023;0008261;"Índice de dependência total (N.º) por Local de residência (NUTS - 2013); Anual - INE, Estimativas anuais da população residente"
11A1315;Valongo;50.7;2023;0008261;"Índice de dependência total (N.º) por Local de residência (NUTS - 2013); Anual - INE, Estimativas anuais da população residente"
2004502;Velas;50.7;2023;0008261;"Índice de dependência total (N.º) por Local de residência (NUTS - 2013); Anual - INE, Estimativas anuais da população residente"
112;Cávado;51;2023;0008261;"Índice de dependência total (N.º) por Local de residência (NUTS - 2013); Anual - INE, Estimativas anuais da população residente"
1701111;Sintra;51;2023;0008261;"Índice de dependência total (N.º) por Local de residência (NUTS - 2013); Anual - INE, Estimativas anuais da população residente"
1190312;Vila Nova de Famalicão;51.3;2023;0008261;"Índice de dependência total (N.º) por Local de residência (NUTS - 2013); Anual - INE, Estimativas anuais da população residente"
2004602;Madalena;51.4;2023;0008261;"Índice de dependência total (N.º) por Local de residência (NUTS - 2013); Anual - INE, Estimativas anuais da população residente"
1701109;Mafra;51.5;2023;0008261;"Índice de dependência total (N.º) por Local de residência (NUTS - 2013); Anual - INE, Estimativas anuais da população residente"
16B1102;Arruda dos Vinhos;51.6;2023;0008261;"Índice de dependência total (N.º) por Local de residência (NUTS - 2013); Anual - INE, Estimativas anuais da população residente"
2004701;Horta;51.7;2023;0008261;"Índice de dependência total (N.º) por Local de residência (NUTS - 2013); Anual - INE, Estimativas anuais da população residente"
1190308;Guimarães;51.9;2023;0008261;"Índice de dependência total (N.º) por Local de residência (NUTS - 2013); Anual - INE, Estimativas anuais da população residente"
1120306;Esposende;52.4;2023;0008261;"Índice de dependência total (N.º) por Local de residência (NUTS - 2013); Anual - INE, Estimativas anuais da população residente"
11A1313;Póvoa de Varzim;52.4;2023;0008261;"Índice de dependência total (N.º) por Local de residência (NUTS - 2013); Anual - INE, Estimativas anuais da população residente"
1851405;Benavente;52.6;2023;0008261;"Índice de dependência total (N.º) por Local de residência (NUTS - 2013); Anual - INE, Estimativas anuais da população residente"
3003103;Funchal;52.6;2023;0008261;"Índice de dependência total (N.º) por Local de residência (NUTS - 2013); Anual - INE, Estimativas anuais da população residente"
2004603;São Roque do Pico;52.7;2023;0008261;"Índice de dependência total (N.º) por Local de residência (NUTS - 2013); Anual - INE, Estimativas anuais da população residente"
119;Ave;52.9;2023;0008261;"Índice de dependência total (N.º) por Local de residência (NUTS - 2013); Anual - INE, Estimativas anuais da população residente"
16B1112;Sobral de Monte Agraço;52.9;2023;0008261;"Índice de dependência total (N.º) por Local de residência (NUTS - 2013); Anual - INE, Estimativas anuais da população residente"
11A1316;Vila do Conde;53;2023;0008261;"Índice de dependência total (N.º) por Local de residência (NUTS - 2013); Anual - INE, Estimativas anuais da população residente"
1701114;Vila Franca de Xira;53.3;2023;0008261;"Índice de dependência total (N.º) por Local de residência (NUTS - 2013); Anual - INE, Estimativas anuais da população residente"
1120301;Amares;53.5;2023;0008261;"Índice de dependência total (N.º) por Local de residência (NUTS - 2013); Anual - INE, Estimativas anuais da população residente"
11C1302;Baião;53.5;2023;0008261;"Índice de dependência total (N.º) por Local de residência (NUTS - 2013); Anual - INE, Estimativas anuais da população residente"
16B1101;Alenquer;53.5;2023;0008261;"Índice de dependência total (N.º) por Local de residência (NUTS - 2013); Anual - INE, Estimativas anuais da população residente"
16D0105;Aveiro;53.7;2023;0008261;"Índice de dependência total (N.º) por Local de residência (NUTS - 2013); Anual - INE, Estimativas anuais da população residente"
1701507;Montijo;53.7;2023;0008261;"Índice de dependência total (N.º) por Local de residência (NUTS - 2013); Anual - INE, Estimativas anuais da população residente"
11A0109;Santa Maria da Feira;53.8;2023;0008261;"Índice de dependência total (N.º) por Local de residência (NUTS - 2013); Anual - INE, Estimativas anuais da população residente"
11A0116;São João da Madeira;53.9;2023;0008261;"Índice de dependência total (N.º) por Local de residência (NUTS - 2013); Anual - INE, Estimativas anuais da população residente"
11A1304;Gondomar;54.2;2023;0008261;"Índice de dependência total (N.º) por Local de residência (NUTS - 2013); Anual - INE, Estimativas anuais da população residente"
1190309;Póvoa de Lanhoso;54.3;2023;0008261;"Índice de dependência total (N.º) por Local de residência (NUTS - 2013); Anual - INE, Estimativas anuais da população residente"
16I1410;Entroncamento;54.3;2023;0008261;"Índice de dependência total (N.º) por Local de residência (NUTS - 2013); Anual - INE, Estimativas anuais da população residente"
16D0115;Ovar;54.4;2023;0008261;"Índice de dependência total (N.º) por Local de residência (NUTS - 2013); Anual - INE, Estimativas anuais da população residente"
1120313;Vila Verde;54.6;2023;0008261;"Índice de dependência total (N.º) por Local de residência (NUTS - 2013); Anual - INE, Estimativas anuais da população residente"
11A1317;Vila Nova de Gaia;54.6;2023;0008261;"Índice de dependência total (N.º) por Local de residência (NUTS - 2013); Anual - INE, Estimativas anuais da população residente"
16D0110;Ílhavo;54.6;2023;0008261;"Índice de dependência total (N.º) por Local de residência (NUTS - 2013); Anual - INE, Estimativas anuais da população residente"
11C1301;Amarante;54.7;2023;0008261;"Índice de dependência total (N.º) por Local de residência (NUTS - 2013); Anual - INE, Estimativas anuais da população residente"
1701508;Palmela;54.7;2023;0008261;"Índice de dependência total (N.º) por Local de residência (NUTS - 2013); Anual - INE, Estimativas anuais da população residente"
11A;Área Metropolitana do Porto;54.8;2023;0008261;"Índice de dependência total (N.º) por Local de residência (NUTS - 2013); Anual - INE, Estimativas anuais da população residente"
1701511;Sesimbra;55.1;2023;0008261;"Índice de dependência total (N.º) por Local de residência (NUTS - 2013); Anual - INE, Estimativas anuais da população residente"
1840204;Barrancos;55.3;2023;0008261;"Índice de dependência total (N.º) por Local de residência (NUTS - 2013); Anual - INE, Estimativas anuais da população residente"
1190304;Cabeceiras de Basto;55.4;2023;0008261;"Índice de dependência total (N.º) por Local de residência (NUTS - 2013); Anual - INE, Estimativas anuais da população residente"
11;Norte;55.8;2023;0008261;"Índice de dependência total (N.º) por Local de residência (NUTS - 2013); Anual - INE, Estimativas anuais da população residente"
16D0102;Albergaria-a-Velha;55.8;2023;0008261;"Índice de dependência total (N.º) por Local de residência (NUTS - 2013); Anual - INE, Estimativas anuais da população residente"
16B1113;Torres Vedras;56.3;2023;0008261;"Índice de dependência total (N.º) por Local de residência (NUTS - 2013); Anual - INE, Estimativas anuais da população residente"
1851103;Azambuja;56.3;2023;0008261;"Índice de dependência total (N.º) por Local de residência (NUTS - 2013); Anual - INE, Estimativas anuais da população residente"
11A0113;Oliveira de Azeméis;56.4;2023;0008261;"Índice de dependência total (N.º) por Local de residência (NUTS - 2013); Anual - INE, Estimativas anuais da população residente"
16E0607;Lousã;56.5;2023;0008261;"Índice de dependência total (N.º) por Local de residência (NUTS - 2013); Anual - INE, Estimativas anuais da população residente"
2004501;Calheta;56.5;2023;0008261;"Índice de dependência total (N.º) por Local de residência (NUTS - 2013); Anual - INE, Estimativas anuais da população residente"
16E0604;Condeixa-a-Nova;56.6;2023;0008261;"Índice de dependência total (N.º) por Local de residência (NUTS - 2013); Anual - INE, Estimativas anuais da população residente"
11C0305;Celorico de Basto;57;2023;0008261;"Índice de dependência total (N.º) por Local de residência (NUTS - 2013); Anual - INE, Estimativas anuais da população residente"
16F1009;Leiria;57;2023;0008261;"Índice de dependência total (N.º) por Local de residência (NUTS - 2013); Anual - INE, Estimativas anuais da população residente"
1190307;Fafe;57.1;2023;0008261;"Índice de dependência total (N.º) por Local de residência (NUTS - 2013); Anual - INE, Estimativas anuais da população residente"
2004401;Santa Cruz da Graciosa;57.1;2023;0008261;"Índice de dependência total (N.º) por Local de residência (NUTS - 2013); Anual - INE, Estimativas anuais da população residente"
1500805;Faro;57.3;2023;0008261;"Índice de dependência total (N.º) por Local de residência (NUTS - 2013); Anual - INE, Estimativas anuais da população residente"
11A1308;Matosinhos;57.4;2023;0008261;"Índice de dependência total (N.º) por Local de residência (NUTS - 2013); Anual - INE, Estimativas anuais da população residente"
11D1714;Vila Real;57.4;2023;0008261;"Índice de dependência total (N.º) por Local de residência (NUTS - 2013); Anual - INE, Estimativas anuais da população residente"
16F1010;Marinha Grande;57.5;2023;0008261;"Índice de dependência total (N.º) por Local de residência (NUTS - 2013); Anual - INE, Estimativas anuais da população residente"
2004601;Lajes do Pico;57.5;2023;0008261;"Índice de dependência total (N.º) por Local de residência (NUTS - 2013); Anual - INE, Estimativas anuais da população residente"
1111607;Ponte de Lima;57.7;2023;0008261;"Índice de dependência total (N.º) por Local de residência (NUTS - 2013); Anual - INE, Estimativas anuais da população residente"
17;Área Metropolitana de Lisboa;57.7;2023;0008261;"Índice de dependência total (N.º) por Local de residência (NUTS - 2013); Anual - INE, Estimativas anuais da população residente"
170;Área Metropolitana de Lisboa;57.7;2023;0008261;"Índice de dependência total (N.º) por Local de residência (NUTS - 2013); Anual - INE, Estimativas anuais da população residente"
16D;Região de Aveiro;57.8;2023;0008261;"Índice de dependência total (N.º) por Local de residência (NUTS - 2013); Anual - INE, Estimativas anuais da população residente"
1701106;Lisboa;58;2023;0008261;"Índice de dependência total (N.º) por Local de residência (NUTS - 2013); Anual - INE, Estimativas anuais da população residente"
16D0114;Oliveira do Bairro;58.2;2023;0008261;"Índice de dependência total (N.º) por Local de residência (NUTS - 2013); Anual - INE, Estimativas anuais da população residente"
3003101;Calheta;58.2;2023;0008261;"Índice de dependência total (N.º) por Local de residência (NUTS - 2013); Anual - INE, Estimativas anuais da população residente"
11A1314;Santo Tirso;58.3;2023;0008261;"Índice de dependência total (N.º) por Local de residência (NUTS - 2013); Anual - INE, Estimativas anuais da população residente"
PT;Portugal;58.5;2023;0008261;"Índice de dependência total (N.º) por Local de residência (NUTS - 2013); Anual - INE, Estimativas anuais da população residente"
16I1408;Constância;58.6;2023;0008261;"Índice de dependência total (N.º) por Local de residência (NUTS - 2013); Anual - INE, Estimativas anuais da população residente"
11D1820;Tarouca;58.8;2023;0008261;"Índice de dependência total (N.º) por Local de residência (NUTS - 2013); Anual - INE, Estimativas anuais da população residente"
1;Continente;59.1;2023;0008261;"Índice de dependência total (N.º) por Local de residência (NUTS - 2013); Anual - INE, Estimativas anuais da população residente"
1840207;Cuba;59.1;2023;0008261;"Índice de dependência total (N.º) por Local de residência (NUTS - 2013); Anual - INE, Estimativas anuais da população residente"
16B;Oeste;59.2;2023;0008261;"Índice de dependência total (N.º) por Local de residência (NUTS - 2013); Anual - INE, Estimativas anuais da população residente"
1851414;Rio Maior;59.2;2023;0008261;"Índice de dependência total (N.º) por Local de residência (NUTS - 2013); Anual - INE, Estimativas anuais da população residente"
16E0609;Miranda do Corvo;59.4;2023;0008261;"Índice de dependência total (N.º) por Local de residência (NUTS - 2013); Anual - INE, Estimativas anuais da população residente"
16G1810;Oliveira de Frades;59.4;2023;0008261;"Índice de dependência total (N.º) por Local de residência (NUTS - 2013); Anual - INE, Estimativas anuais da população residente"
16J0907;Guarda;59.4;2023;0008261;"Índice de dependência total (N.º) por Local de residência (NUTS - 2013); Anual - INE, Estimativas anuais da população residente"
1701105;Cascais;59.4;2023;0008261;"Índice de dependência total (N.º) por Local de residência (NUTS - 2013); Anual - INE, Estimativas anuais da população residente"
1701510;Seixal;59.4;2023;0008261;"Índice de dependência total (N.º) por Local de residência (NUTS - 2013); Anual - INE, Estimativas anuais da população residente"
16D0108;Estarreja;59.5;2023;0008261;"Índice de dependência total (N.º) por Local de residência (NUTS - 2013); Anual - INE, Estimativas anuais da população residente"
16E0617;Vila Nova de Poiares;59.5;2023;0008261;"Índice de dependência total (N.º) por Local de residência (NUTS - 2013); Anual - INE, Estimativas anuais da população residente"
16G1823;Viseu;59.5;2023;0008261;"Índice de dependência total (N.º) por Local de residência (NUTS - 2013); Anual - INE, Estimativas anuais da população residente"
1701116;Odivelas;59.5;2023;0008261;"Índice de dependência total (N.º) por Local de residência (NUTS - 2013); Anual - INE, Estimativas anuais da população residente"
1500811;Portimão;59.6;2023;0008261;"Índice de dependência total (N.º) por Local de residência (NUTS - 2013); Anual - INE, Estimativas anuais da população residente"
16D0118;Vagos;59.6;2023;0008261;"Índice de dependência total (N.º) por Local de residência (NUTS - 2013); Anual - INE, Estimativas anuais da população residente"
1870705;Évora;59.6;2023;0008261;"Índice de dependência total (N.º) por Local de residência (NUTS - 2013); Anual - INE, Estimativas anuais da população residente"
1701506;Moita;59.7;2023;0008261;"Índice de dependência total (N.º) por Local de residência (NUTS - 2013); Anual - INE, Estimativas anuais da população residente"
11C1813;Resende;59.8;2023;0008261;"Índice de dependência total (N.º) por Local de residência (NUTS - 2013); Anual - INE, Estimativas anuais da população residente"
11D1805;Lamego;59.8;2023;0008261;"Índice de dependência total (N.º) por Local de residência (NUTS - 2013); Anual - INE, Estimativas anuais da população residente"
1500806;Lagoa;60;2023;0008261;"Índice de dependência total (N.º) por Local de residência (NUTS - 2013); Anual - INE, Estimativas anuais da população residente"
16F1004;Batalha;60;2023;0008261;"Índice de dependência total (N.º) por Local de residência (NUTS - 2013); Anual - INE, Estimativas anuais da população residente"
3003106;Porto Moniz;60;2023;0008261;"Índice de dependência total (N.º) por Local de residência (NUTS - 2013); Anual - INE, Estimativas anuais da população residente"
11A0104;Arouca;60.1;2023;0008261;"Índice de dependência total (N.º) por Local de residência (NUTS - 2013); Anual - INE, Estimativas anuais da população residente"
16D0112;Murtosa;60.2;2023;0008261;"Índice de dependência total (N.º) por Local de residência (NUTS - 2013); Anual - INE, Estimativas anuais da população residente"
1701115;Amadora;60.3;2023;0008261;"Índice de dependência total (N.º) por Local de residência (NUTS - 2013); Anual - INE, Estimativas anuais da população residente"
1811513;Sines;60.3;2023;0008261;"Índice de dependência total (N.º) por Local de residência (NUTS - 2013); Anual - INE, Estimativas anuais da população residente"
1851406;Cartaxo;60.3;2023;0008261;"Índice de dependência total (N.º) por Local de residência (NUTS - 2013); Anual - INE, Estimativas anuais da população residente"
3003110;São Vicente;60.3;2023;0008261;"Índice de dependência total (N.º) por Local de residência (NUTS - 2013); Anual - INE, Estimativas anuais da população residente"
11A1312;Porto;60.4;2023;0008261;"Índice de dependência total (N.º) por Local de residência (NUTS - 2013); Anual - INE, Estimativas anuais da população residente"
16F1016;Porto de Mós;60.4;2023;0008261;"Índice de dependência total (N.º) por Local de residência (NUTS - 2013); Anual - INE, Estimativas anuais da população residente"
11C1804;Cinfães;60.6;2023;0008261;"Índice de dependência total (N.º) por Local de residência (NUTS - 2013); Anual - INE, Estimativas anuais da população residente"
1840205;Beja;60.6;2023;0008261;"Índice de dependência total (N.º) por Local de residência (NUTS - 2013); Anual - INE, Estimativas anuais da população residente"
1500808;Loulé;60.8;2023;0008261;"Índice de dependência total (N.º) por Local de residência (NUTS - 2013); Anual - INE, Estimativas anuais da população residente"
1500810;Olhão;60.8;2023;0008261;"Índice de dependência total (N.º) por Local de residência (NUTS - 2013); Anual - INE, Estimativas anuais da população residente"
16B1006;Caldas da Rainha;60.8;2023;0008261;"Índice de dependência total (N.º) por Local de residência (NUTS - 2013); Anual - INE, Estimativas anuais da população residente"
15;Algarve;60.9;2023;0008261;"Índice de dependência total (N.º) por Local de residência (NUTS - 2013); Anual - INE, Estimativas anuais da população residente"
150;Algarve;60.9;2023;0008261;"Índice de dependência total (N.º) por Local de residência (NUTS - 2013); Anual - INE, Estimativas anuais da população residente"
16E0111;Mealhada;60.9;2023;0008261;"Índice de dependência total (N.º) por Local de residência (NUTS - 2013); Anual - INE, Estimativas anuais da população residente"
1701107;Loures;60.9;2023;0008261;"Índice de dependência total (N.º) por Local de residência (NUTS - 2013); Anual - INE, Estimativas anuais da população residente"
16B1001;Alcobaça;61;2023;0008261;"Índice de dependência total (N.º) por Local de residência (NUTS - 2013); Anual - INE, Estimativas anuais da população residente"
1861204;Campo Maior;61;2023;0008261;"Índice de dependência total (N.º) por Local de residência (NUTS - 2013); Anual - INE, Estimativas anuais da população residente"
16E0603;Coimbra;61.3;2023;0008261;"Índice de dependência total (N.º) por Local de residência (NUTS - 2013); Anual - INE, Estimativas anuais da população residente"
1701512;Setúbal;61.3;2023;0008261;"Índice de dependência total (N.º) por Local de residência (NUTS - 2013); Anual - INE, Estimativas anuais da população residente"
1111610;Vila Nova de Cerveira;61.4;2023;0008261;"Índice de dependência total (N.º) por Local de residência (NUTS - 2013); Anual - INE, Estimativas anuais da população residente"
11D1704;Mesão Frio;61.4;2023;0008261;"Índice de dependência total (N.º) por Local de residência (NUTS - 2013); Anual - INE, Estimativas anuais da população residente"
16F;Região de Leiria;61.4;2023;0008261;"Índice de dependência total (N.º) por Local de residência (NUTS - 2013); Anual - INE, Estimativas anuais da população residente"
185;Lezíria do Tejo;61.9;2023;0008261;"Índice de dependência total (N.º) por Local de residência (NUTS - 2013); Anual - INE, Estimativas anuais da população residente"
1870713;Viana do Alentejo;61.9;2023;0008261;"Índice de dependência total (N.º) por Local de residência (NUTS - 2013); Anual - INE, Estimativas anuais da população residente"
16B1108;Lourinhã;62;2023;0008261;"Índice de dependência total (N.º) por Local de residência (NUTS - 2013); Anual - INE, Estimativas anuais da população residente"
1701503;Almada;62;2023;0008261;"Índice de dependência total (N.º) por Local de residência (NUTS - 2013); Anual - INE, Estimativas anuais da população residente"
181;Alentejo Litoral;62;2023;0008261;"Índice de dependência total (N.º) por Local de residência (NUTS - 2013); Anual - INE, Estimativas anuais da população residente"
1851403;Almeirim;62.1;2023;0008261;"Índice de dependência total (N.º) por Local de residência (NUTS - 2013); Anual - INE, Estimativas anuais da população residente"
1111609;Viana do Castelo;62.2;2023;0008261;"Índice de dependência total (N.º) por Local de residência (NUTS - 2013); Anual - INE, Estimativas anuais da população residente"
16D0101;Águeda;62.3;2023;0008261;"Índice de dependência total (N.º) por Local de residência (NUTS - 2013); Anual - INE, Estimativas anuais da população residente"
1701110;Oeiras;62.4;2023;0008261;"Índice de dependência total (N.º) por Local de residência (NUTS - 2013); Anual - INE, Estimativas anuais da população residente"
1500807;Lagos;62.5;2023;0008261;"Índice de dependência total (N.º) por Local de residência (NUTS - 2013); Anual - INE, Estimativas anuais da população residente"
16B1012;Óbidos;62.5;2023;0008261;"Índice de dependência total (N.º) por Local de residência (NUTS - 2013); Anual - INE, Estimativas anuais da população residente"
1870714;Vila Viçosa;62.7;2023;0008261;"Índice de dependência total (N.º) por Local de residência (NUTS - 2013); Anual - INE, Estimativas anuais da população residente"
11D1708;Peso da Régua;62.9;2023;0008261;"Índice de dependência total (N.º) por Local de residência (NUTS - 2013); Anual - INE, Estimativas anuais da população residente"
1500813;Silves;63;2023;0008261;"Índice de dependência total (N.º) por Local de residência (NUTS - 2013); Anual - INE, Estimativas anuais da população residente"
1861207;Elvas;63.2;2023;0008261;"Índice de dependência total (N.º) por Local de residência (NUTS - 2013); Anual - INE, Estimativas anuais da população residente"
1840206;Castro Verde;63.3;2023;0008261;"Índice de dependência total (N.º) por Local de residência (NUTS - 2013); Anual - INE, Estimativas anuais da população residente"
16E0610;Montemor-o-Velho;63.4;2023;0008261;"Índice de dependência total (N.º) por Local de residência (NUTS - 2013); Anual - INE, Estimativas anuais da população residente"
16I1421;Ourém;63.4;2023;0008261;"Índice de dependência total (N.º) por Local de residência (NUTS - 2013); Anual - INE, Estimativas anuais da população residente"
1111608;Valença;63.5;2023;0008261;"Índice de dependência total (N.º) por Local de residência (NUTS - 2013); Anual - INE, Estimativas anuais da população residente"
1851415;Salvaterra de Magos;63.5;2023;0008261;"Índice de dependência total (N.º) por Local de residência (NUTS - 2013); Anual - INE, Estimativas anuais da população residente"
11D1815;São João da Pesqueira;63.7;2023;0008261;"Índice de dependência total (N.º) por Local de residência (NUTS - 2013); Anual - INE, Estimativas anuais da população residente"
1851416;Santarém;63.8;2023;0008261;"Índice de dependência total (N.º) por Local de residência (NUTS - 2013); Anual - INE, Estimativas anuais da população residente"
1870710;Redondo;63.8;2023;0008261;"Índice de dependência total (N.º) por Local de residência (NUTS - 2013); Anual - INE, Estimativas anuais da população residente"
1191705;Mondim de Basto;64;2023;0008261;"Índice de dependência total (N.º) por Local de residência (NUTS - 2013); Anual - INE, Estimativas anuais da população residente"
3003109;Santana;64;2023;0008261;"Índice de dependência total (N.º) por Local de residência (NUTS - 2013); Anual - INE, Estimativas anuais da população residente"
1701504;Barreiro;64.2;2023;0008261;"Índice de dependência total (N.º) por Local de residência (NUTS - 2013); Anual - INE, Estimativas anuais da população residente"
16;Centro;64.3;2023;0008261;"Índice de dependência total (N.º) por Local de residência (NUTS - 2013); Anual - INE, Estimativas anuais da população residente"
16B1011;Nazaré;64.3;2023;0008261;"Índice de dependência total (N.º) por Local de residência (NUTS - 2013); Anual - INE, Estimativas anuais da população residente"
16B1005;Bombarral;64.5;2023;0008261;"Índice de dependência total (N.º) por Local de residência (NUTS - 2013); Anual - INE, Estimativas anuais da população residente"
18;Alentejo;64.5;2023;0008261;"Índice de dependência total (N.º) por Local de residência (NUTS - 2013); Anual - INE, Estimativas anuais da população residente"
1870709;Portel;64.5;2023;0008261;"Índice de dependência total (N.º) por Local de residência (NUTS - 2013); Anual - INE, Estimativas anuais da população residente"
1870711;Reguengos de Monsaraz;64.6;2023;0008261;"Índice de dependência total (N.º) por Local de residência (NUTS - 2013); Anual - INE, Estimativas anuais da população residente"
1851412;Golegã;64.7;2023;0008261;"Índice de dependência total (N.º) por Local de residência (NUTS - 2013); Anual - INE, Estimativas anuais da população residente"
187;Alentejo Central;64.7;2023;0008261;"Índice de dependência total (N.º) por Local de residência (NUTS - 2013); Anual - INE, Estimativas anuais da população residente"
1870702;Arraiolos;64.9;2023;0008261;"Índice de dependência total (N.º) por Local de residência (NUTS - 2013); Anual - INE, Estimativas anuais da população residente"
1500812;São Brás de Alportel;65;2023;0008261;"Índice de dependência total (N.º) por Local de residência (NUTS - 2013); Anual - INE, Estimativas anuais da população residente"
16I1420;Vila Nova da Barquinha;65;2023;0008261;"Índice de dependência total (N.º) por Local de residência (NUTS - 2013); Anual - INE, Estimativas anuais da população residente"
11E0402;Bragança;65.3;2023;0008261;"Índice de dependência total (N.º) por Local de residência (NUTS - 2013); Anual - INE, Estimativas anuais da população residente"
1840214;Vidigueira;65.3;2023;0008261;"Índice de dependência total (N.º) por Local de residência (NUTS - 2013); Anual - INE, Estimativas anuais da população residente"
11A0107;Espinho;65.6;2023;0008261;"Índice de dependência total (N.º) por Local de residência (NUTS - 2013); Anual - INE, Estimativas anuais da população residente"
16B1014;Peniche;65.6;2023;0008261;"Índice de dependência total (N.º) por Local de residência (NUTS - 2013); Anual - INE, Estimativas anuais da população residente"
16E;Região de Coimbra;65.6;2023;0008261;"Índice de dependência total (N.º) por Local de residência (NUTS - 2013); Anual - INE, Estimativas anuais da população residente"
11D1801;Armamar;65.9;2023;0008261;"Índice de dependência total (N.º) por Local de residência (NUTS - 2013); Anual - INE, Estimativas anuais da população residente"
1811505;Grândola;66.2;2023;0008261;"Índice de dependência total (N.º) por Local de residência (NUTS - 2013); Anual - INE, Estimativas anuais da população residente"
1500816;Vila Real de Santo António;66.3;2023;0008261;"Índice de dependência total (N.º) por Local de residência (NUTS - 2013); Anual - INE, Estimativas anuais da população residente"
11A0119;Vale de Cambra;66.4;2023;0008261;"Índice de dependência total (N.º) por Local de residência (NUTS - 2013); Anual - INE, Estimativas anuais da população residente"
1500803;Aljezur;66.4;2023;0008261;"Índice de dependência total (N.º) por Local de residência (NUTS - 2013); Anual - INE, Estimativas anuais da população residente"
111;Alto Minho;66.5;2023;0008261;"Índice de dependência total (N.º) por Local de residência (NUTS - 2013); Anual - INE, Estimativas anuais da população residente"
11D;Douro;66.5;2023;0008261;"Índice de dependência total (N.º) por Local de residência (NUTS - 2013); Anual - INE, Estimativas anuais da população residente"
16E0605;Figueira da Foz;66.6;2023;0008261;"Índice de dependência total (N.º) por Local de residência (NUTS - 2013); Anual - INE, Estimativas anuais da população residente"
1120310;Terras de Bouro;66.7;2023;0008261;"Índice de dependência total (N.º) por Local de residência (NUTS - 2013); Anual - INE, Estimativas anuais da população residente"
184;Baixo Alentejo;66.7;2023;0008261;"Índice de dependência total (N.º) por Local de residência (NUTS - 2013); Anual - INE, Estimativas anuais da população residente"
16I1417;Sardoal;66.8;2023;0008261;"Índice de dependência total (N.º) por Local de residência (NUTS - 2013); Anual - INE, Estimativas anuais da população residente"
16E0611;Oliveira do Hospital;67.1;2023;0008261;"Índice de dependência total (N.º) por Local de residência (NUTS - 2013); Anual - INE, Estimativas anuais da população residente"
1840208;Ferreira do Alentejo;67.1;2023;0008261;"Índice de dependência total (N.º) por Local de residência (NUTS - 2013); Anual - INE, Estimativas anuais da população residente"
16I1419;Torres Novas;67.4;2023;0008261;"Índice de dependência total (N.º) por Local de residência (NUTS - 2013); Anual - INE, Estimativas anuais da população residente"
1870704;Estremoz;67.4;2023;0008261;"Índice de dependência total (N.º) por Local de residência (NUTS - 2013); Anual - INE, Estimativas anuais da população residente"
16G;Viseu Dão Lafões;67.5;2023;0008261;"Índice de dependência total (N.º) por Local de residência (NUTS - 2013); Anual - INE, Estimativas anuais da população residente"
1840213;Serpa;67.6;2023;0008261;"Índice de dependência total (N.º) por Local de residência (NUTS - 2013); Anual - INE, Estimativas anuais da população residente"
1851404;Alpiarça;67.6;2023;0008261;"Índice de dependência total (N.º) por Local de residência (NUTS - 2013); Anual - INE, Estimativas anuais da população residente"
16I;Médio Tejo;67.7;2023;0008261;"Índice de dependência total (N.º) por Local de residência (NUTS - 2013); Anual - INE, Estimativas anuais da população residente"
1840203;Alvito;67.7;2023;0008261;"Índice de dependência total (N.º) por Local de residência (NUTS - 2013); Anual - INE, Estimativas anuais da população residente"
16H0502;Castelo Branco;67.8;2023;0008261;"Índice de dependência total (N.º) por Local de residência (NUTS - 2013); Anual - INE, Estimativas anuais da população residente"
1500815;Vila do Bispo;67.9;2023;0008261;"Índice de dependência total (N.º) por Local de residência (NUTS - 2013); Anual - INE, Estimativas anuais da população residente"
1861214;Portalegre;67.9;2023;0008261;"Índice de dependência total (N.º) por Local de residência (NUTS - 2013); Anual - INE, Estimativas anuais da população residente"
1870701;Alandroal;68;2023;0008261;"Índice de dependência total (N.º) por Local de residência (NUTS - 2013); Anual - INE, Estimativas anuais da população residente"
16D0103;Anadia;68.4;2023;0008261;"Índice de dependência total (N.º) por Local de residência (NUTS - 2013); Anual - INE, Estimativas anuais da população residente"
1870703;Borba;68.4;2023;0008261;"Índice de dependência total (N.º) por Local de residência (NUTS - 2013); Anual - INE, Estimativas anuais da população residente"
1111606;Ponte da Barca;68.5;2023;0008261;"Índice de dependência total (N.º) por Local de residência (NUTS - 2013); Anual - INE, Estimativas anuais da população residente"
16I1402;Alcanena;68.5;2023;0008261;"Índice de dependência total (N.º) por Local de residência (NUTS - 2013); Anual - INE, Estimativas anuais da população residente"
16B1104;Cadaval;68.6;2023;0008261;"Índice de dependência total (N.º) por Local de residência (NUTS - 2013); Anual - INE, Estimativas anuais da população residente"
1190311;Vieira do Minho;69;2023;0008261;"Índice de dependência total (N.º) por Local de residência (NUTS - 2013); Anual - INE, Estimativas anuais da população residente"
16D0117;Sever do Vouga;69.2;2023;0008261;"Índice de dependência total (N.º) por Local de residência (NUTS - 2013); Anual - INE, Estimativas anuais da população residente"
16F1015;Pombal;69.2;2023;0008261;"Índice de dependência total (N.º) por Local de residência (NUTS - 2013); Anual - INE, Estimativas anuais da população residente"
1861211;Monforte;69.4;2023;0008261;"Índice de dependência total (N.º) por Local de residência (NUTS - 2013); Anual - INE, Estimativas anuais da população residente"
11D1818;Sernancelhe;69.5;2023;0008261;"Índice de dependência total (N.º) por Local de residência (NUTS - 2013); Anual - INE, Estimativas anuais da população residente"
1840201;Aljustrel;69.6;2023;0008261;"Índice de dependência total (N.º) por Local de residência (NUTS - 2013); Anual - INE, Estimativas anuais da população residente"
1111602;Caminha;69.7;2023;0008261;"Índice de dependência total (N.º) por Local de residência (NUTS - 2013); Anual - INE, Estimativas anuais da população residente"
1861208;Fronteira;69.9;2023;0008261;"Índice de dependência total (N.º) por Local de residência (NUTS - 2013); Anual - INE, Estimativas anuais da população residente"
1870712;Vendas Novas;69.9;2023;0008261;"Índice de dependência total (N.º) por Local de residência (NUTS - 2013); Anual - INE, Estimativas anuais da população residente"
16E0616;Tábua;70.1;2023;0008261;"Índice de dependência total (N.º) por Local de residência (NUTS - 2013); Anual - INE, Estimativas anuais da população residente"
16J0503;Covilhã;70.1;2023;0008261;"Índice de dependência total (N.º) por Local de residência (NUTS - 2013); Anual - INE, Estimativas anuais da população residente"
16E0614;Penela;70.3;2023;0008261;"Índice de dependência total (N.º) por Local de residência (NUTS - 2013); Anual - INE, Estimativas anuais da população residente"
16G1806;Mangualde;70.3;2023;0008261;"Índice de dependência total (N.º) por Local de residência (NUTS - 2013); Anual - INE, Estimativas anuais da população residente"
1111605;Paredes de Coura;70.6;2023;0008261;"Índice de dependência total (N.º) por Local de residência (NUTS - 2013); Anual - INE, Estimativas anuais da população residente"
16I1418;Tomar;70.7;2023;0008261;"Índice de dependência total (N.º) por Local de residência (NUTS - 2013); Anual - INE, Estimativas anuais da população residente"
186;Alto Alentejo;70.8;2023;0008261;"Índice de dependência total (N.º) por Local de residência (NUTS - 2013); Anual - INE, Estimativas anuais da população residente"
1861215;Sousel;70.8;2023;0008261;"Índice de dependência total (N.º) por Local de residência (NUTS - 2013); Anual - INE, Estimativas anuais da população residente"
1870708;Mourão;70.8;2023;0008261;"Índice de dependência total (N.º) por Local de residência (NUTS - 2013); Anual - INE, Estimativas anuais da população residente"
1861202;Arronches;71.3;2023;0008261;"Índice de dependência total (N.º) por Local de residência (NUTS - 2013); Anual - INE, Estimativas anuais da população residente"
1861213;Ponte de Sor;71.3;2023;0008261;"Índice de dependência total (N.º) por Local de residência (NUTS - 2013); Anual - INE, Estimativas anuais da população residente"
1870706;Montemor-o-Novo;71.3;2023;0008261;"Índice de dependência total (N.º) por Local de residência (NUTS - 2013); Anual - INE, Estimativas anuais da população residente"
11D1807;Moimenta da Beira;71.4;2023;0008261;"Índice de dependência total (N.º) por Local de residência (NUTS - 2013); Anual - INE, Estimativas anuais da população residente"
1840210;Moura;71.5;2023;0008261;"Índice de dependência total (N.º) por Local de residência (NUTS - 2013); Anual - INE, Estimativas anuais da população residente"
16I1401;Abrantes;71.7;2023;0008261;"Índice de dependência total (N.º) por Local de residência (NUTS - 2013); Anual - INE, Estimativas anuais da população residente"
1500814;Tavira;71.8;2023;0008261;"Índice de dependência total (N.º) por Local de residência (NUTS - 2013); Anual - INE, Estimativas anuais da população residente"
16G1817;Sátão;71.9;2023;0008261;"Índice de dependência total (N.º) por Local de residência (NUTS - 2013); Anual - INE, Estimativas anuais da população residente"
16E0602;Cantanhede;72.1;2023;0008261;"Índice de dependência total (N.º) por Local de residência (NUTS - 2013); Anual - INE, Estimativas anuais da população residente"
16G1824;Vouzela;72.2;2023;0008261;"Índice de dependência total (N.º) por Local de residência (NUTS - 2013); Anual - INE, Estimativas anuais da população residente"
16G1822;Vila Nova de Paiva;72.5;2023;0008261;"Índice de dependência total (N.º) por Local de residência (NUTS - 2013); Anual - INE, Estimativas anuais da população residente"
1851407;Chamusca;72.5;2023;0008261;"Índice de dependência total (N.º) por Local de residência (NUTS - 2013); Anual - INE, Estimativas anuais da população residente"
16E0608;Mira;72.8;2023;0008261;"Índice de dependência total (N.º) por Local de residência (NUTS - 2013); Anual - INE, Estimativas anuais da população residente"
16G1809;Nelas;72.8;2023;0008261;"Índice de dependência total (N.º) por Local de residência (NUTS - 2013); Anual - INE, Estimativas anuais da população residente"
11B1709;Ribeira de Pena;73;2023;0008261;"Índice de dependência total (N.º) por Local de residência (NUTS - 2013); Anual - INE, Estimativas anuais da população residente"
16F1003;Ansião;73;2023;0008261;"Índice de dependência total (N.º) por Local de residência (NUTS - 2013); Anual - INE, Estimativas anuais da população residente"
11D1819;Tabuaço;73.1;2023;0008261;"Índice de dependência total (N.º) por Local de residência (NUTS - 2013); Anual - INE, Estimativas anuais da população residente"
16I0509;Sertã;73.1;2023;0008261;"Índice de dependência total (N.º) por Local de residência (NUTS - 2013); Anual - INE, Estimativas anuais da população residente"
11D1711;Santa Marta de Penaguião;73.2;2023;0008261;"Índice de dependência total (N.º) por Local de residência (NUTS - 2013); Anual - INE, Estimativas anuais da população residente"
1811509;Santiago do Cacém;73.2;2023;0008261;"Índice de dependência total (N.º) por Local de residência (NUTS - 2013); Anual - INE, Estimativas anuais da população residente"
11D1710;Sabrosa;73.4;2023;0008261;"Índice de dependência total (N.º) por Local de residência (NUTS - 2013); Anual - INE, Estimativas anuais da população residente"
16I1411;Ferreira do Zêzere;73.4;2023;0008261;"Índice de dependência total (N.º) por Local de residência (NUTS - 2013); Anual - INE, Estimativas anuais da população residente"
16E0613;Penacova;73.5;2023;0008261;"Índice de dependência total (N.º) por Local de residência (NUTS - 2013); Anual - INE, Estimativas anuais da população residente"
16G1803;Castro Daire;73.7;2023;0008261;"Índice de dependência total (N.º) por Local de residência (NUTS - 2013); Anual - INE, Estimativas anuais da população residente"
16G1821;Tondela;73.8;2023;0008261;"Índice de dependência total (N.º) por Local de residência (NUTS - 2013); Anual - INE, Estimativas anuais da população residente"
16J0501;Belmonte;74.6;2023;0008261;"Índice de dependência total (N.º) por Local de residência (NUTS - 2013); Anual - INE, Estimativas anuais da população residente"
11D1701;Alijó;74.9;2023;0008261;"Índice de dependência total (N.º) por Local de residência (NUTS - 2013); Anual - INE, Estimativas anuais da população residente"
11D1812;Penedono;75.4;2023;0008261;"Índice de dependência total (N.º) por Local de residência (NUTS - 2013); Anual - INE, Estimativas anuais da população residente"
1840202;Almodôvar;75.8;2023;0008261;"Índice de dependência total (N.º) por Local de residência (NUTS - 2013); Anual - INE, Estimativas anuais da população residente"
16F1013;Pedrógão Grande;75.9;2023;0008261;"Índice de dependência total (N.º) por Local de residência (NUTS - 2013); Anual - INE, Estimativas anuais da população residente"
16G1802;Carregal do Sal;75.9;2023;0008261;"Índice de dependência total (N.º) por Local de residência (NUTS - 2013); Anual - INE, Estimativas anuais da população residente"
16G1816;São Pedro do Sul;76;2023;0008261;"Índice de dependência total (N.º) por Local de residência (NUTS - 2013); Anual - INE, Estimativas anuais da população residente"
16J0504;Fundão;76.1;2023;0008261;"Índice de dependência total (N.º) por Local de residência (NUTS - 2013); Anual - INE, Estimativas anuais da população residente"
11E0407;Mirandela;76.2;2023;0008261;"Índice de dependência total (N.º) por Local de residência (NUTS - 2013); Anual - INE, Estimativas anuais da população residente"
16J;Beiras e Serra da Estrela;76.3;2023;0008261;"Índice de dependência total (N.º) por Local de residência (NUTS - 2013); Anual - INE, Estimativas anuais da população residente"
1500804;Castro Marim;76.4;2023;0008261;"Índice de dependência total (N.º) por Local de residência (NUTS - 2013); Anual - INE, Estimativas anuais da população residente"
16G1814;Santa Comba Dão;76.4;2023;0008261;"Índice de dependência total (N.º) por Local de residência (NUTS - 2013); Anual - INE, Estimativas anuais da população residente"
1811501;Alcácer do Sal;76.4;2023;0008261;"Índice de dependência total (N.º) por Local de residência (NUTS - 2013); Anual - INE, Estimativas anuais da população residente"
11B1703;Chaves;76.8;2023;0008261;"Índice de dependência total (N.º) por Local de residência (NUTS - 2013); Anual - INE, Estimativas anuais da população residente"
1861201;Alter do Chão;77.1;2023;0008261;"Índice de dependência total (N.º) por Local de residência (NUTS - 2013); Anual - INE, Estimativas anuais da população residente"
16E0601;Arganil;77.6;2023;0008261;"Índice de dependência total (N.º) por Local de residência (NUTS - 2013); Anual - INE, Estimativas anuais da população residente"
1861203;Avis;77.6;2023;0008261;"Índice de dependência total (N.º) por Local de residência (NUTS - 2013); Anual - INE, Estimativas anuais da população residente"
16H;Beira Baixa;77.7;2023;0008261;"Índice de dependência total (N.º) por Local de residência (NUTS - 2013); Anual - INE, Estimativas anuais da população residente"
1840212;Ourique;77.7;2023;0008261;"Índice de dependência total (N.º) por Local de residência (NUTS - 2013); Anual - INE, Estimativas anuais da população residente"
1861210;Marvão;77.7;2023;0008261;"Índice de dependência total (N.º) por Local de residência (NUTS - 2013); Anual - INE, Estimativas anuais da população residente"
16F1007;Castanheira de Pêra;77.9;2023;0008261;"Índice de dependência total (N.º) por Local de residência (NUTS - 2013); Anual - INE, Estimativas anuais da população residente"
16E0615;Soure;78.1;2023;0008261;"Índice de dependência total (N.º) por Local de residência (NUTS - 2013); Anual - INE, Estimativas anuais da população residente"
11E;Terras de Trás-os-Montes;78.2;2023;0008261;"Índice de dependência total (N.º) por Local de residência (NUTS - 2013); Anual - INE, Estimativas anuais da população residente"
1851409;Coruche;78.4;2023;0008261;"Índice de dependência total (N.º) por Local de residência (NUTS - 2013); Anual - INE, Estimativas anuais da população residente"
1861205;Castelo de Vide;78.4;2023;0008261;"Índice de dependência total (N.º) por Local de residência (NUTS - 2013); Anual - INE, Estimativas anuais da população residente"
1111604;Monção;79.1;2023;0008261;"Índice de dependência total (N.º) por Local de residência (NUTS - 2013); Anual - INE, Estimativas anuais da população residente"
11B1713;Vila Pouca de Aguiar;79.7;2023;0008261;"Índice de dependência total (N.º) por Local de residência (NUTS - 2013); Anual - INE, Estimativas anuais da população residente"
11E0405;Macedo de Cavaleiros;79.7;2023;0008261;"Índice de dependência total (N.º) por Local de residência (NUTS - 2013); Anual - INE, Estimativas anuais da população residente"
1500809;Monchique;79.8;2023;0008261;"Índice de dependência total (N.º) por Local de residência (NUTS - 2013); Anual - INE, Estimativas anuais da população residente"
11D1707;Murça;80.6;2023;0008261;"Índice de dependência total (N.º) por Local de residência (NUTS - 2013); Anual - INE, Estimativas anuais da população residente"
16J0905;Fornos de Algodres;80.6;2023;0008261;"Índice de dependência total (N.º) por Local de residência (NUTS - 2013); Anual - INE, Estimativas anuais da população residente"
16F1008;Figueiró dos Vinhos;80.9;2023;0008261;"Índice de dependência total (N.º) por Local de residência (NUTS - 2013); Anual - INE, Estimativas anuais da população residente"
16G1811;Penalva do Castelo;81;2023;0008261;"Índice de dependência total (N.º) por Local de residência (NUTS - 2013); Anual - INE, Estimativas anuais da população residente"
16J0912;Seia;81.4;2023;0008261;"Índice de dependência total (N.º) por Local de residência (NUTS - 2013); Anual - INE, Estimativas anuais da população residente"
11E0410;Vila Flor;81.6;2023;0008261;"Índice de dependência total (N.º) por Local de residência (NUTS - 2013); Anual - INE, Estimativas anuais da população residente"
1840209;Mértola;82.2;2023;0008261;"Índice de dependência total (N.º) por Local de residência (NUTS - 2013); Anual - INE, Estimativas anuais da população residente"
11B;Alto Tâmega;82.6;2023;0008261;"Índice de dependência total (N.º) por Local de residência (NUTS - 2013); Anual - INE, Estimativas anuais da população residente"
16E0606;Góis;82.7;2023;0008261;"Índice de dependência total (N.º) por Local de residência (NUTS - 2013); Anual - INE, Estimativas anuais da população residente"
16J0903;Celorico da Beira;82.8;2023;0008261;"Índice de dependência total (N.º) por Local de residência (NUTS - 2013); Anual - INE, Estimativas anuais da população residente"
16F1002;Alvaiázere;83;2023;0008261;"Índice de dependência total (N.º) por Local de residência (NUTS - 2013); Anual - INE, Estimativas anuais da população residente"
1111601;Arcos de Valdevez;83.6;2023;0008261;"Índice de dependência total (N.º) por Local de residência (NUTS - 2013); Anual - INE, Estimativas anuais da população residente"
11D0914;Vila Nova de Foz Côa;83.8;2023;0008261;"Índice de dependência total (N.º) por Local de residência (NUTS - 2013); Anual - INE, Estimativas anuais da população residente"
1861206;Crato;84;2023;0008261;"Índice de dependência total (N.º) por Local de residência (NUTS - 2013); Anual - INE, Estimativas anuais da população residente"
16J0913;Trancoso;84.1;2023;0008261;"Índice de dependência total (N.º) por Local de residência (NUTS - 2013); Anual - INE, Estimativas anuais da população residente"
16E1808;Mortágua;84.3;2023;0008261;"Índice de dependência total (N.º) por Local de residência (NUTS - 2013); Anual - INE, Estimativas anuais da população residente"
16G0901;Aguiar da Beira;84.4;2023;0008261;"Índice de dependência total (N.º) por Local de residência (NUTS - 2013); Anual - INE, Estimativas anuais da população residente"
16J0908;Manteigas;85.7;2023;0008261;"Índice de dependência total (N.º) por Local de residência (NUTS - 2013); Anual - INE, Estimativas anuais da população residente"
11E0401;Alfândega da Fé;86.6;2023;0008261;"Índice de dependência total (N.º) por Local de residência (NUTS - 2013); Anual - INE, Estimativas anuais da população residente"
1870707;Mora;87;2023;0008261;"Índice de dependência total (N.º) por Local de residência (NUTS - 2013); Anual - INE, Estimativas anuais da população residente"
16J0909;Mêda;87.4;2023;0008261;"Índice de dependência total (N.º) por Local de residência (NUTS - 2013); Anual - INE, Estimativas anuais da população residente"
16H0508;Proença-a-Nova;87.9;2023;0008261;"Índice de dependência total (N.º) por Local de residência (NUTS - 2013); Anual - INE, Estimativas anuais da população residente"
11D0403;Carrazeda de Ansiães;89.1;2023;0008261;"Índice de dependência total (N.º) por Local de residência (NUTS - 2013); Anual - INE, Estimativas anuais da população residente"
11E0408;Mogadouro;89.4;2023;0008261;"Índice de dependência total (N.º) por Local de residência (NUTS - 2013); Anual - INE, Estimativas anuais da população residente"
16J0910;Pinhel;89.4;2023;0008261;"Índice de dependência total (N.º) por Local de residência (NUTS - 2013); Anual - INE, Estimativas anuais da população residente"
11B1702;Boticas;89.9;2023;0008261;"Índice de dependência total (N.º) por Local de residência (NUTS - 2013); Anual - INE, Estimativas anuais da população residente"
16J0906;Gouveia;90.1;2023;0008261;"Índice de dependência total (N.º) por Local de residência (NUTS - 2013); Anual - INE, Estimativas anuais da população residente"
16I0510;Vila de Rei;90.6;2023;0008261;"Índice de dependência total (N.º) por Local de residência (NUTS - 2013); Anual - INE, Estimativas anuais da população residente"
11D0404;Freixo de Espada à Cinta;90.9;2023;0008261;"Índice de dependência total (N.º) por Local de residência (NUTS - 2013); Anual - INE, Estimativas anuais da população residente"
16J0904;Figueira de Castelo Rodrigo;91.6;2023;0008261;"Índice de dependência total (N.º) por Local de residência (NUTS - 2013); Anual - INE, Estimativas anuais da população residente"
1861212;Nisa;92;2023;0008261;"Índice de dependência total (N.º) por Local de residência (NUTS - 2013); Anual - INE, Estimativas anuais da população residente"
11B1706;Montalegre;93.6;2023;0008261;"Índice de dependência total (N.º) por Local de residência (NUTS - 2013); Anual - INE, Estimativas anuais da população residente"
11E0406;Miranda do Douro;94;2023;0008261;"Índice de dependência total (N.º) por Local de residência (NUTS - 2013); Anual - INE, Estimativas anuais da população residente"
1861209;Gavião;94.5;2023;0008261;"Índice de dependência total (N.º) por Local de residência (NUTS - 2013); Anual - INE, Estimativas anuais da população residente"
16I1413;Mação;95.9;2023;0008261;"Índice de dependência total (N.º) por Local de residência (NUTS - 2013); Anual - INE, Estimativas anuais da população residente"
11B1712;Valpaços;96.9;2023;0008261;"Índice de dependência total (N.º) por Local de residência (NUTS - 2013); Anual - INE, Estimativas anuais da população residente"
11D0409;Torre de Moncorvo;98.1;2023;0008261;"Índice de dependência total (N.º) por Local de residência (NUTS - 2013); Anual - INE, Estimativas anuais da população residente"
16H0505;Idanha-a-Nova;100.9;2023;0008261;"Índice de dependência total (N.º) por Local de residência (NUTS - 2013); Anual - INE, Estimativas anuais da população residente"
16H0507;Penamacor;101.6;2023;0008261;"Índice de dependência total (N.º) por Local de residência (NUTS - 2013); Anual - INE, Estimativas anuais da população residente"
16J0902;Almeida;102.9;2023;0008261;"Índice de dependência total (N.º) por Local de residência (NUTS - 2013); Anual - INE, Estimativas anuais da população residente"
11E0411;Vimioso;103.4;2023;0008261;"Índice de dependência total (N.º) por Local de residência (NUTS - 2013); Anual - INE, Estimativas anuais da população residente"
1111603;Melgaço;103.5;2023;0008261;"Índice de dependência total (N.º) por Local de residência (NUTS - 2013); Anual - INE, Estimativas anuais da população residente"
16H0506;Oleiros;107;2023;0008261;"Índice de dependência total (N.º) por Local de residência (NUTS - 2013); Anual - INE, Estimativas anuais da população residente"
16E0612;Pampilhosa da Serra;108.4;2023;0008261;"Índice de dependência total (N.º) por Local de residência (NUTS - 2013); Anual - INE, Estimativas anuais da população residente"
16J0911;Sabugal;108.5;2023;0008261;"Índice de dependência total (N.º) por Local de residência (NUTS - 2013); Anual - INE, Estimativas anuais da população residente"
16H0511;Vila Velha de Ródão;108.6;2023;0008261;"Índice de dependência total (N.º) por Local de residência (NUTS - 2013); Anual - INE, Estimativas anuais da população residente"
11E0412;Vinhais;108.9;2023;0008261;"Índice de dependência total (N.º) por Local de residência (NUTS - 2013); Anual - INE, Estimativas anuais da população residente"
1500802;Alcoutim;111.3;2023;0008261;"Índice de dependência total (N.º) por Local de residência (NUTS - 2013); Anual - INE, Estimativas anuais da população residente"
