tempo;regiao;instituicao;localizacao_geografica;prazo_medio_de_pagamento
2014-12;Região de Saúde Norte;Centro Hospitalar Médio Ave, EPE;41.3423984, -8.4802503;194
2015-03;Região de Saúde Norte;Hospital de Magalhães Lemos, EPE;41.1764649, -8.6649823;26
2015-06;Região de Saúde Norte;Hospital Distrital S.Maria Maior, EPE - Barcelos;41.5324234, -8.6171561;86
2015-06;Região de Saúde do Alentejo;Administração Regional de Saúde do Alentejo;38.5658579, -7.9136262;0
2015-09;Região de Saúde Norte;Centro Hospitalar Trás-os-Montes e Alto Douro, EPE;41.3031784, -7.7515252;188
2015-09;Região de Saúde LVT;Hospital Garcia de Orta, EPE - Almada;38.6658713, -9.1822554;235
2015-09;Região de Saúde LVT;Instituto de Oftalmologia Dr. Gama Pinto;38.7218793, -9.144249;17
2015-09;Região de Saúde Norte;Instituto Português de Oncologia do Porto, EPE;41.1785642, -8.6062881;48
2015-09;Região de Saúde do Centro;Hospital Distrital Figueira da Foz, EPE;40.117897, -8.8586755;128
2015-09;Região de Saúde Norte;Centro Hospitalar do Alto Ave, EPE;41.4387173, -8.3086907;0
2015-12;Região de Saúde LVT;Centro Hospitalar Médio Tejo, EPE;39.478072, -8.5404429;324
2016-06;Região de Saúde LVT;Hospital Garcia de Orta, EPE - Almada;38.6658713, -9.1822554;122
2016-06;Região de Saúde Norte;Centro Hospitalar Póvoa Varzim / Vila do Conde, EPE;41.3828711, -8.7589945;136
2016-09;Região de Saúde do Alentejo;Unidade Local de Saúde do Baixo Alentejo, EPE;38.014123, -7.8721227;301
2016-09;Região de Saúde LVT;Centro Hospitalar Universitário Lisboa Norte, EPE;38.7500861, -9.1616116;460
2016-09;Região de Saúde do Centro;Unidade Local de Saúde da Guarda, EPE;40.5309916, -7.2734793;249
2016-12;Região de Saúde LVT;Centro Hospitalar Psiquiátrico de Lisboa, SPA;38.7569771, -9.1460705;39
2016-12;Região de Saúde do Centro;Centro Hospitalar do Baixo Vouga, EPE;40.6362453, -8.6543716;314
2017-12;Região de Saúde Norte;Hospital Distrital S.Maria Maior, EPE - Barcelos;41.5324234, -8.6171561;207
2018-06;Região de Saúde LVT;Centro Hospitalar Universitário Lisboa Norte, EPE;38.7500861, -9.1616116;387
2018-12;Região de Saúde Norte;Centro Hospitalar Universitário do Porto, EPE;41.1472498, -8.6172617;293
2019-06;Região de Saúde LVT;Centro Hospitalar Médio Tejo, EPE;39.478072, -8.5404429;230
2019-06;Serviços Centrais;Instituto Nacional Saúde Dr. Ricardo Jorge - Lisboa;38.7643827, -9.1663422;32
2019-09;Região de Saúde do Alentejo;Administração Regional de Saúde do Alentejo;38.5658579, -7.9136262;28
2019-09;Região de Saúde Norte;Hospital da Senhora da Oliveira Guimarães, EPE;41.4387173, -8.3086907;200
2019-12;Região de Saúde do Centro;Centro Hospitalar do Baixo Vouga, EPE;40.6362453, -8.6543716;286
2020-03;Região de Saúde do Algarve;Centro Hospitalar Universitário do Algarve, E.P.E;37.0238973, -7.9281554;144
2020-06;Região de Saúde Norte;Centro Hospitalar de Entre o Douro e Vouga, EPE;40.9293884, -8.5458794;189
2020-06;Região de Saúde Norte;Hospital de Braga, EPE;39.4054629, -9.1258493;44
2020-06;Região de Saúde LVT;Centro Hospitalar Psiquiátrico de Lisboa, SPA;38.7569771, -9.1460705;34
2020-12;Região de Saúde Norte;Hospital da Senhora da Oliveira Guimarães, EPE;41.4387173, -8.3086907;180
2020-12;Serviços Centrais;Instituto Português Do Sangue e Da Transplantação, IP;38.7567758, -9.1505021;42
2021-06;Região de Saúde Norte;Hospital de Magalhães Lemos, EPE;41.1764649, -8.6649823;12
2021-09;Região de Saúde Norte;Centro Hospitalar do Tâmega e Sousa, EPE;41.2494561, -8.264901;205
2021-09;Região de Saúde do Centro;Unidade Local de Saúde da Guarda, EPE;40.5309916, -7.2734793;141
2021-09;Região de Saúde Norte;Centro Hospitalar Vila Nova Gaia/Espinho, EPE;41.1094138, -8.5972617;192
2022-06;Região de Saúde Norte;Centro Hospitalar Médio Ave, EPE;41.3423984, -8.4802503;166
2022-06;Região de Saúde Norte;Hospital de Magalhães Lemos, EPE;41.1764649, -8.6649823;11
2022-12;Região de Saúde LVT;Hospital de Loures, EPE;38.8214678, -9.176741;15
2023-03;Região de Saúde LVT;Centro Hospitalar do Barreiro - Montijo, EPE;38.6554005, -9.0592392;184
2023-06;Região de Saúde Norte;Hospital Distrital S.Maria Maior, EPE - Barcelos;41.5324234, -8.6171561;112
2023-09;Região de Saúde LVT;Centro Hospitalar Universitário Lisboa Norte, EPE;38.7500861, -9.1616116;154
2023-09;Serviços Centrais;Instituto Português Do Sangue e Da Transplantação, IP;38.7567758, -9.1505021;23
2023-12;Região de Saúde do Alentejo;Unidade Local de Saúde do Litoral Alentejano, EPE;38.0162314, -8.6956768;115
2024-06;Região de Saúde Norte;Unidade Local de Saúde do Tâmega e Sousa, E. P. E.;41.2494561, -8.264901;110
2024-12;Região de Saúde do Centro;Unidade Local de Saúde do Baixo Mondego, E. P. E.;40.117897, -8.8586755;44
2024-12;Região de Saúde LVT;Unidade Local de Saúde de Santa Maria, E. P. E.;38.7500861, -9.1616116;97
2024-12;Região de Saúde Norte;Unidade Local de Saúde de Barcelos/Esposende, E. P. E.;41.5324234, -8.6171561;35
2024-12;Região de Saúde LVT;Unidade Local de Saúde do Oeste, E. P. E.;39.4054629, -9.1258493;65
2014-03;Região de Saúde LVT;Centro Hospitalar Universitário de Lisboa Central, EPE;38.7166948, -9.1371248;368
2014-03;Região de Saúde do Algarve;Administração Regional de Saúde do Algarve;37.0272677, -7.9490091;0
2014-09;Região de Saúde LVT;Centro Hospitalar de Setúbal, EPE;38.5283754, -8.8818638;778
2014-12;Região de Saúde do Centro;Hospital Dr. Francisco Zagalo - Ovar;40.8571967, -8.6318023;22
2014-12;Região de Saúde LVT;Instituto de Oftalmologia Dr. Gama Pinto;38.7218793, -9.144249;49
2016-03;Região de Saúde do Centro;Centro Hospitalar do Baixo Vouga, EPE;40.6362453, -8.6543716;228
2016-03;Região de Saúde LVT;Centro Hospitalar do Barreiro - Montijo, EPE;38.6554005, -9.0592392;176
2016-12;Região de Saúde do Centro;Instituto Português de Oncologia de Coimbra, EPE;40.2162514, -8.4103814;28
2018-06;Serviços Centrais;Instituto Português do Sangue e da Transplantação, IP;38.7567758, -9.1505021;69
2018-09;Região de Saúde Norte;Hospital da Senhora da Oliveira Guimarães, EPE;41.4387173, -8.3086907;192
2020-03;Região de Saúde do Centro;Centro Hospitalar Universitário Cova da Beira, EPE;40.2804158, -7.4922407;218
2020-06;Região de Saúde do Centro;Centro Hospitalar e Universitário de Coimbra, EPE;40.2191523, -8.4098211;167
2020-09;Região de Saúde do Centro;Hospital Rovisco Pais;40.297919, -8.7707806;59
2020-09;Região de Saúde do Centro;Centro Hospitalar do Baixo Vouga, EPE;40.6362453, -8.6543716;176
2021-03;Serviços Centrais;Administração Central do Sistema de Saúde, I.P;38.759209, -9.148981;3
2021-03;Região de Saúde Norte;Centro Hospitalar de Entre o Douro e Vouga, EPE;40.9293884, -8.5458794;160
2021-06;Região de Saúde do Centro;Centro Hospitalar Universitário Cova da Beira, EPE;40.2804158, -7.4922407;167
2021-06;Região de Saúde do Centro;Hospital Dr. Francisco Zagalo - Ovar;40.8571967, -8.6318023;82
2021-06;Região de Saúde Norte;Administração Regional de Saúde do Norte;41.1576321, -8.6066408;41
2022-06;Região de Saúde Norte;Instituto Português de Oncologia do Porto, EPE;41.1785642, -8.6062881;144
2022-09;Região de Saúde do Alentejo;Unidade Local de Saúde do Litoral Alentejano, EPE;38.0162314, -8.6956768;187
2022-09;Região de Saúde Norte;Centro Hospitalar Trás-os-Montes e Alto Douro, EPE;41.3031784, -7.7515252;237
2023-03;Região de Saúde Norte;Centro Hospitalar Universitário do Porto, EPE;41.1472498, -8.6172617;193
2023-03;Região de Saúde do Centro;Instituto Português de Oncologia de Coimbra, EPE;40.2162514, -8.4103814;143
2023-12;Região de Saúde do Centro;Hospital Arcebispo João Crisóstomo - Cantanhede;40.3470015, -8.5933462;15
2023-12;Serviços Centrais;Instituto Português Do Sangue e Da Transplantação, IP;38.7567758, -9.1505021;32
2024-03;Região de Saúde LVT;Unidade Local de Saúde de Santa Maria, E. P. E.;38.7500861, -9.1616116;137
2014-03;Região de Saúde do Centro;Hospital José Luciano de Castro - Anadia;40.442326, -8.441689;11
2014-06;Região de Saúde LVT;Centro Hospitalar de Lisboa - Zona Ocidental, EPE;38.708454, -9.216985;232
2014-09;Região de Saúde do Centro;Centro Hospitalar e Universitário de Coimbra, EPE;40.2191523, -8.4098211;219
2014-12;Região de Saúde LVT;Hospital Garcia de Orta, EPE - Almada;38.6658713, -9.1822554;246
2015-06;Região de Saúde do Centro;Hospital Distrital Figueira da Foz, EPE;40.117897, -8.8586755;164
2015-09;Região de Saúde do Algarve;Administração Regional de Saúde do Algarve;37.0272677, -7.9490091;0
2016-03;Região de Saúde Norte;Unidade Local de Saúde de Matosinhos, EPE;41.1794456, -8.6745115;294
2016-03;Região de Saúde do Centro;Hospital Dr. Francisco Zagalo - Ovar;40.8571967, -8.6318023;34
2016-06;Região de Saúde LVT;Instituto Português de Oncologia de Lisboa, EPE;38.7396768, -9.1634516;188
2016-06;Região de Saúde do Centro;Administração Regional de Saúde do Centro;40.2038123, -8.4216163;0
2016-12;Região de Saúde LVT;Administração Regional de Saúde de Lisboa e Vale do Tejo;38.7490049, -9.1417844;0
2017-03;Região de Saúde LVT;Instituto de Oftalmologia Dr. Gama Pinto;38.7218793, -9.144249;25
2017-03;Região de Saúde do Alentejo;Hospital Espírito Santo de Évora, EPE;38.5684861, -7.9032848;149
2017-03;Região de Saúde do Algarve;Administração Regional de Saúde do Algarve;37.0272677, -7.9490091;35
2017-03;Serviços Centrais;Administração Central do Sistema de Saúde, I.P;38.759209, -9.148981;6
2017-06;Região de Saúde Norte;Centro Hospitalar Póvoa Varzim / Vila do Conde, EPE;41.3828711, -8.7589945;241
2018-09;Região de Saúde do Centro;Hospital Dr. Francisco Zagalo - Ovar;40.8571967, -8.6318023;30
2019-03;Serviços Centrais;Administração Central do Sistema de Saúde, I.P;38.759209, -9.148981;11
2019-09;Região de Saúde Norte;Centro Hospitalar do Tâmega e Sousa, EPE;41.2494561, -8.264901;221
2019-09;Região de Saúde Norte;Centro Hospitalar Póvoa Varzim / Vila do Conde, EPE;41.3828711, -8.7589945;206
2019-09;Região de Saúde Norte;Centro Hospitalar Universitário de São João, EPE;41.1831056, -8.6010558;112
2019-12;Região de Saúde Norte;Centro Hospitalar de Entre o Douro e Vouga, EPE;40.9293884, -8.5458794;178
2020-03;Região de Saúde do Centro;Administração Regional de Saúde do Centro;40.2038123, -8.4216163;50
2020-03;Região de Saúde LVT;Centro Hospitalar de Setúbal, EPE;38.5283754, -8.8818638;265
2020-06;Região de Saúde do Centro;Hospital Arcebispo João Crisóstomo - Cantanhede;40.3470015, -8.5933462;39
2020-09;Região de Saúde Norte;Unidade Local de Saúde do Alto Minho, EPE;41.7056054, -8.8252713;177
2020-09;Região de Saúde LVT;Centro Hospitalar Universitário de Lisboa Central, EPE;38.7166948, -9.1371248;279
2020-09;Região de Saúde do Alentejo;Unidade Local de Saúde do Litoral Alentejano, EPE;38.0162314, -8.6956768;90
2020-09;Região de Saúde Norte;Instituto Português de Oncologia do Porto, EPE;41.1785642, -8.6062881;104
2020-12;Região de Saúde Norte;Centro Hospitalar do Tâmega e Sousa, EPE;41.2494561, -8.264901;159
2021-03;Região de Saúde do Centro;Hospital Rovisco Pais;40.297919, -8.7707806;61
2021-03;Região de Saúde Norte;Centro Hospitalar Médio Ave, EPE;41.3423984, -8.4802503;170
2021-03;Região de Saúde do Algarve;Administração Regional de Saúde do Algarve;37.0272677, -7.9490091;50
2021-06;Região de Saúde Norte;Hospital Distrital S.Maria Maior, EPE - Barcelos;41.5324234, -8.6171561;177
2022-06;Região de Saúde do Centro;Centro Hospitalar Universitário Cova da Beira, EPE;40.2804158, -7.4922407;147
2022-09;Região de Saúde do Centro;Hospital Rovisco Pais;40.297919, -8.7707806;124
2022-12;Região de Saúde Norte;Centro Hospitalar Trás-os-Montes e Alto Douro, EPE;41.3031784, -7.7515252;179
2023-03;Região de Saúde do Centro;Hospital Dr. Francisco Zagalo - Ovar;40.8571967, -8.6318023;87
2023-03;Região de Saúde do Centro;Centro Hospitalar e Universitário de Coimbra, EPE;40.2191523, -8.4098211;171
2023-03;Serviços Centrais;Administração Central do Sistema de Saúde, I.P;38.759209, -9.148981;22
2023-06;Região de Saúde do Centro;Centro Hospitalar e Universitário de Coimbra, EPE;40.2191523, -8.4098211;177
2023-06;Região de Saúde Norte;Centro Hospitalar Trás-os-Montes e Alto Douro, EPE;41.3031784, -7.7515252;188
2023-06;Região de Saúde Norte;Centro Hospitalar Póvoa Varzim / Vila do Conde, EPE;41.3828711, -8.7589945;195
2023-09;Serviços Centrais;Administração Central do Sistema de Saúde, I.P;38.759209, -9.148981;20
2023-09;Região de Saúde do Centro;Centro Hospitalar Tondela-Viseu, EPE;40.516364, -8.0827433;189
2023-12;Região de Saúde do Centro;Centro Hospitalar Universitário Cova da Beira, EPE;40.2804158, -7.4922407;154
2023-12;Região de Saúde Norte;Centro Hospitalar Médio Ave, EPE;41.3423984, -8.4802503;224
2024-03;Região de Saúde LVT;Unidade Local de Saúde de Almada-Seixal, E. P. E.;38.6658713, -9.1822554;128
2024-03;Região de Saúde Norte;UNIDADE LOCAL DE SAÚDE DE MATOSINHOS, EPE;41.1794456, -8.6745115;111
2024-03;Região de Saúde Norte;Unidade Local de Saúde de Braga, E. P. E.;39.4054629, -9.1258493;63
2024-03;Serviços Centrais;Direção Executiva do Serviço Nacional de Saúde, I.P.;41.1831056, -8.6010558;37
2024-09;Região de Saúde Norte;Unidade Local de Saúde de São João, E. P. E.;41.1831056, -8.6010558;43
2024-12;Região de Saúde LVT;Unidade Local de Saúde de São José, E. P. E.;38.7166948, -9.1371248;127
2014-06;Região de Saúde LVT;Centro Hospitalar de Setúbal, EPE;38.5283754, -8.8818638;751
2014-09;Serviços Centrais;Instituto Nacional Saúde Dr. Ricardo Jorge - Lisboa;38.7643827, -9.1663422;0
2014-12;Região de Saúde Norte;Unidade Local de Saúde do Nordeste, EPE;41.8056532, -6.7888197;372
2017-12;Região de Saúde Norte;Centro Hospitalar Universitário de São João, EPE;41.1831056, -8.6010558;111
2017-12;Serviços Centrais;Instituto Português do Sangue e da Transplantação, IP;38.7567758, -9.1505021;64
2018-06;Região de Saúde LVT;Hospital Garcia de Orta, EPE - Almada;38.6658713, -9.1822554;206
2019-03;Região de Saúde do Centro;Centro Hospitalar Universitário Cova da Beira, EPE;40.2804158, -7.4922407;302
2019-06;Região de Saúde Norte;Centro Hospitalar do Tâmega e Sousa, EPE;41.2494561, -8.264901;207
2019-06;Região de Saúde do Algarve;Centro Hospitalar Universitário do Algarve, E.P.E;37.0238973, -7.9281554;136
2014-03;Região de Saúde Norte;Unidade Local de Saúde Alto Minho, EPE;41.7056054, -8.8252713;81
2014-03;Região de Saúde LVT;Administração Regional de Saúde de Lisboa e Vale do Tejo;38.7490049, -9.1417844;0
2014-06;Serviços Centrais;Instituto Português do Sangue e da Transplantação, IP;38.7567758, -9.1505021;0
2014-06;Região de Saúde Norte;Centro Hospitalar do Alto Ave, EPE;41.4387173, -8.3086907;104
2014-06;Região de Saúde LVT;Centro Hospitalar Universitário Lisboa Norte, EPE;38.7500861, -9.1616116;515
2014-09;Região de Saúde do Centro;Centro Hospitalar do Baixo Vouga, EPE;40.6362453, -8.6543716;666
2014-09;Serviços Centrais;Instituto Português do Sangue e da Transplantação, IP;38.7567758, -9.1505021;0
2014-09;Região de Saúde LVT;Hospital Garcia de Orta, EPE - Almada;38.6658713, -9.1822554;241
2014-09;Região de Saúde Norte;Administração Regional de Saúde do Norte;41.1576321, -8.6066408;0
2014-09;Região de Saúde do Centro;Hospital Arcebispo João Crisóstomo - Cantanhede;40.3470015, -8.5933462;29
2014-12;Região de Saúde do Centro;Hospital Rovisco Pais;40.297919, -8.7707806;23
2015-03;Região de Saúde Norte;Hospital Distrital S.Maria Maior, EPE - Barcelos;41.5324234, -8.6171561;59
2015-03;Região de Saúde Norte;Unidade Local de Saúde Alto Minho, EPE;41.7056054, -8.8252713;80
2015-06;Região de Saúde do Alentejo;Unidade Local de Saúde do Baixo Alentejo, EPE;38.014123, -7.8721227;389
2015-06;Região de Saúde do Centro;Instituto Português de Oncologia de Coimbra, EPE;40.2162514, -8.4103814;34
2015-06;Região de Saúde do Centro;Centro Hospitalar e Universitário de Coimbra, EPE;40.2191523, -8.4098211;213
2015-09;Região de Saúde Norte;Centro Hospitalar do Tâmega e Sousa, EPE;41.2494561, -8.264901;91
2015-09;Serviços Centrais;Administração Central do Sistema de Saúde, I.P;38.759209, -9.148981;0
2015-09;Região de Saúde do Centro;Hospital Dr. Francisco Zagalo - Ovar;40.8571967, -8.6318023;32
2015-09;Região de Saúde do Alentejo;Unidade Local de Saúde do Baixo Alentejo, EPE;38.014123, -7.8721227;346
2015-09;Região de Saúde do Centro;Unidade Local de Saúde da Guarda, EPE;40.5309916, -7.2734793;252
2015-12;Região de Saúde LVT;Hospital Garcia de Orta, EPE - Almada;38.6658713, -9.1822554;179
2015-12;Região de Saúde do Centro;Centro Hospitalar Tondela-Viseu, EPE;40.516364, -8.0827433;73
2015-12;Região de Saúde Norte;Centro Hospitalar Universitário de São João, EPE;41.1831056, -8.6010558;81
2016-03;Região de Saúde LVT;Administração Regional de Saúde de Lisboa e Vale do Tejo;38.7490049, -9.1417844;0
2016-03;Região de Saúde Norte;Centro Hospitalar Póvoa Varzim / Vila do Conde, EPE;41.3828711, -8.7589945;137
2016-03;Região de Saúde do Alentejo;Unidade Local de Saúde do Litoral Alentejano, EPE;38.0162314, -8.6956768;39
2016-03;Região de Saúde LVT;Centro Hospitalar de Lisboa - Zona Ocidental, EPE;38.708454, -9.216985;285
2016-06;Região de Saúde do Alentejo;Hospital Espírito Santo de Évora, EPE;38.5684861, -7.9032848;144
2016-06;Região de Saúde Norte;Unidade Local de Saúde do Nordeste, EPE;41.8056532, -6.7888197;236
2016-09;Região de Saúde LVT;Centro Hospitalar Psiquiátrico de Lisboa, SPA;38.7569771, -9.1460705;67
2016-09;Região de Saúde Norte;Centro Hospitalar do Alto Ave, EPE;41.4387173, -8.3086907;0
2016-12;Região de Saúde Norte;Centro Hospitalar Vila Nova Gaia/Espinho, EPE;41.1094138, -8.5972617;256
2016-12;Região de Saúde Norte;Hospital da Senhora da Oliveira Guimarães, EPE;41.4387173, -8.3086907;95
2016-12;Região de Saúde LVT;Centro Hospitalar de Setúbal, EPE;38.5283754, -8.8818638;472
2017-03;Região de Saúde Norte;Unidade Local de Saúde Alto Minho, EPE;41.7056054, -8.8252713;155
2017-03;Região de Saúde Norte;Hospital Distrital S.Maria Maior, EPE - Barcelos;41.5324234, -8.6171561;123
2017-06;Região de Saúde do Algarve;Centro Hospitalar Universitário do Algarve, E.P.E;37.0238973, -7.9281554;114
2017-12;Região de Saúde LVT;Centro Hospitalar Universitário de Lisboa Central, EPE;38.7166948, -9.1371248;308
2017-12;Região de Saúde LVT;Centro Hospitalar Psiquiátrico de Lisboa, SPA;38.7569771, -9.1460705;47
2017-12;Região de Saúde Norte;Centro Hospitalar Médio Ave, EPE;41.3423984, -8.4802503;279
2017-12;Região de Saúde do Centro;Hospital Dr. Francisco Zagalo - Ovar;40.8571967, -8.6318023;48
2018-03;Região de Saúde do Centro;Hospital Dr. Francisco Zagalo - Ovar;40.8571967, -8.6318023;42
2018-03;Região de Saúde do Centro;Centro Hospitalar e Universitário de Coimbra, EPE;40.2191523, -8.4098211;281
2018-03;Região de Saúde LVT;Centro Hospitalar de Setúbal, EPE;38.5283754, -8.8818638;492
2018-06;Região de Saúde LVT;Centro Hospitalar do Oeste, SPA;39.4054629, -9.1258493;59
2018-09;Região de Saúde LVT;Instituto Português de Oncologia de Lisboa, EPE;38.7396768, -9.1634516;238
2019-03;Região de Saúde LVT;Hospital Fernando Fonseca, EPE;38.7422257, -9.2264834;204
2019-06;Região de Saúde LVT;Centro Hospitalar do Barreiro - Montijo, EPE;38.6554005, -9.0592392;269
2019-06;Região de Saúde Norte;Unidade Local de Saúde Alto Minho, EPE;41.7056054, -8.8252713;160
2019-09;Serviços Centrais;Instituto Nacional Saúde Dr. Ricardo Jorge - Lisboa;38.7643827, -9.1663422;37
2019-09;Região de Saúde LVT;Administração Regional de Saúde de Lisboa e Vale do Tejo;38.7490049, -9.1417844;23
2019-09;Região de Saúde LVT;Hospital Garcia de Orta, EPE - Almada;38.6658713, -9.1822554;178
2019-12;Região de Saúde do Centro;Hospital Dr. Francisco Zagalo - Ovar;40.8571967, -8.6318023;43
2019-12;Região de Saúde LVT;Instituto de Oftalmologia Dr. Gama Pinto;38.7218793, -9.144249;31
2019-12;Região de Saúde LVT;Centro Hospitalar Médio Tejo, EPE;39.478072, -8.5404429;187
2019-12;Região de Saúde Norte;Centro Hospitalar do Tâmega e Sousa, EPE;41.2494561, -8.264901;220
2019-12;Região de Saúde Norte;Hospital da Senhora da Oliveira Guimarães, EPE;41.4387173, -8.3086907;207
2020-03;Região de Saúde LVT;Centro Hospitalar do Oeste, EPE;39.4054629, -9.1258493;148
2020-03;Serviços Centrais;Instituto Nacional Saúde Dr. Ricardo Jorge - Lisboa;38.7643827, -9.1663422;51
2020-06;Região de Saúde Norte;Unidade Local de Saúde de Matosinhos, EPE;41.1794456, -8.6745115;136
2020-06;Região de Saúde Norte;Hospital da Senhora da Oliveira Guimarães, EPE;41.4387173, -8.3086907;185
2020-06;Região de Saúde do Centro;Instituto Português de Oncologia de Coimbra, EPE;40.2162514, -8.4103814;66
2020-09;Região de Saúde LVT;Hospital Garcia de Orta, EPE - Almada;38.6658713, -9.1822554;130
2020-12;Região de Saúde do Alentejo;Unidade Local de Saúde do Litoral Alentejano, EPE;38.0162314, -8.6956768;97
2020-12;Região de Saúde do Centro;Administração Regional de Saúde do Centro;40.2038123, -8.4216163;43
2021-09;Região de Saúde do Alentejo;Unidade Local de Saúde do Baixo Alentejo, EPE;38.014123, -7.8721227;151
2021-09;Região de Saúde LVT;Hospital Garcia de Orta, EPE - Almada;38.6658713, -9.1822554;168
2021-09;Região de Saúde Norte;Hospital de Braga, EPE;39.4054629, -9.1258493;58
2021-12;Região de Saúde LVT;Centro Hospitalar Universitário Lisboa Norte, EPE;38.7500861, -9.1616116;168
2021-12;Região de Saúde Norte;Centro Hospitalar Póvoa Varzim / Vila do Conde, EPE;41.3828711, -8.7589945;197
2021-12;Região de Saúde Norte;Hospital de Magalhães Lemos, EPE;41.1764649, -8.6649823;11
2022-03;Região de Saúde do Centro;Administração Regional de Saúde do Centro;40.2038123, -8.4216163;42
2022-06;Região de Saúde Norte;Hospital de Braga, EPE;39.4054629, -9.1258493;95
2022-06;Região de Saúde LVT;Centro Hospitalar Psiquiátrico de Lisboa, SPA;38.7569771, -9.1460705;39
2023-06;Região de Saúde LVT;Centro Hospitalar Universitário de Lisboa Central, EPE;38.7166948, -9.1371248;259
2023-06;Serviços Centrais;Administração Central do Sistema de Saúde, I.P;38.759209, -9.148981;20
2024-06;Região de Saúde LVT;Unidade Local de Saúde do Médio Tejo, E. P. E.;39.478072, -8.5404429;86
2024-06;Região de Saúde LVT;Unidade Local de Saúde da Arrábida, E. P. E.;38.5283754, -8.8818638;110
2024-06;Região de Saúde LVT;Unidade Local de Saúde do Arco Ribeirinho, E. P. E.;38.6554005, -9.0592392;144
2024-09;Serviços Centrais;Direção Executiva do Serviço Nacional de Saúde, I.P.;41.1831056, -8.6010558;55
2014-03;Região de Saúde Norte;Centro Hospitalar do Alto Ave, EPE;41.4387173, -8.3086907;109
2014-06;Região de Saúde do Centro;Centro Hospitalar Universitário Cova da Beira, EPE;40.2804158, -7.4922407;448
2014-12;Região de Saúde do Alentejo;Unidade Local de Saúde do Litoral Alentejano, EPE;38.0162314, -8.6956768;58
2014-12;Região de Saúde do Centro;Instituto Português de Oncologia de Coimbra, EPE;40.2162514, -8.4103814;36
2014-12;Região de Saúde do Centro;Centro Hospitalar Tondela-Viseu, EPE;40.516364, -8.0827433;89
2014-12;Região de Saúde do Alentejo;Unidade Local de Saúde do Baixo Alentejo, EPE;38.014123, -7.8721227;447
2014-12;Região de Saúde LVT;Centro Hospitalar Psiquiátrico de Lisboa, SPA;38.7569771, -9.1460705;71
2015-03;Região de Saúde do Centro;Centro Hospitalar Universitário Cova da Beira, EPE;40.2804158, -7.4922407;356
2015-03;Região de Saúde Norte;Instituto Português de Oncologia do Porto, EPE;41.1785642, -8.6062881;50
2015-06;Região de Saúde Norte;Unidade Local de Saúde do Nordeste, EPE;41.8056532, -6.7888197;326
2015-06;Região de Saúde do Algarve;Administração Regional de Saúde do Algarve;37.0272677, -7.9490091;0
2015-09;Região de Saúde LVT;Hospital Distrital Santarém, EPE;39.2410946, -8.6937515;538
2015-12;Região de Saúde Norte;Centro Hospitalar Póvoa Varzim / Vila do Conde, EPE;41.3828711, -8.7589945;182
2015-12;Região de Saúde Norte;Administração Regional de Saúde do Norte;41.1576321, -8.6066408;0
2015-12;Região de Saúde do Centro;Hospital Rovisco Pais;40.297919, -8.7707806;21
2016-03;Região de Saúde Norte;Centro Hospitalar Vila Nova Gaia/Espinho, EPE;41.1094138, -8.5972617;165
2016-03;Serviços Centrais;Instituto Português do Sangue e da Transplantação, IP;38.7567758, -9.1505021;0
2016-03;Região de Saúde do Centro;Hospital Arcebispo João Crisóstomo - Cantanhede;40.3470015, -8.5933462;21
2016-06;Serviços Centrais;Instituto Português do Sangue e da Transplantação, IP;38.7567758, -9.1505021;0
2016-06;Região de Saúde do Centro;Hospital Arcebispo João Crisóstomo - Cantanhede;40.3470015, -8.5933462;17
2016-09;Região de Saúde Norte;Centro Hospitalar de Entre o Douro e Vouga, EPE;40.9293884, -8.5458794;36
2016-09;Região de Saúde Norte;Centro Hospitalar Trás-os-Montes e Alto Douro, EPE;41.3031784, -7.7515252;203
2016-09;Região de Saúde Norte;Centro Hospitalar Universitário de São João, EPE;41.1831056, -8.6010558;86
2016-12;Região de Saúde Norte;Centro Hospitalar do Alto Ave, EPE;41.4387173, -8.3086907;0
2017-03;Região de Saúde Norte;Hospital da Senhora da Oliveira Guimarães, EPE;41.4387173, -8.3086907;112
2017-03;Região de Saúde do Centro;Centro Hospitalar de Leiria, EPE;39.7414812, -8.7982706;55
2017-03;Região de Saúde do Alentejo;Unidade Local de Saúde do Litoral Alentejano, EPE;38.0162314, -8.6956768;47
2018-03;Serviços Centrais;Instituto Nacional Saúde Dr. Ricardo Jorge - Lisboa;38.7643827, -9.1663422;28
2018-06;Região de Saúde do Centro;Hospital José Luciano de Castro - Anadia;40.442326, -8.441689;0
2018-06;Região de Saúde do Alentejo;Unidade Local de Saúde do Litoral Alentejano, EPE;38.0162314, -8.6956768;53
2018-09;Região de Saúde do Centro;Hospital José Luciano de Castro - Anadia;40.442326, -8.441689;0
2018-12;Região de Saúde LVT;Centro Hospitalar Universitário Lisboa Norte, EPE;38.7500861, -9.1616116;364
2019-03;Região de Saúde LVT;Centro Hospitalar Psiquiátrico de Lisboa, SPA;38.7569771, -9.1460705;27
2019-06;Região de Saúde do Centro;Hospital Rovisco Pais;40.297919, -8.7707806;36
2019-09;Serviços Centrais;Instituto Português do Sangue e da Transplantação, IP;38.7567758, -9.1505021;118
2019-09;Região de Saúde LVT;Centro Hospitalar Médio Tejo, EPE;39.478072, -8.5404429;205
2019-12;Região de Saúde Norte;Centro Hospitalar Trás-os-Montes e Alto Douro, EPE;41.3031784, -7.7515252;270
2019-12;Região de Saúde do Centro;Centro Hospitalar de Leiria, EPE;39.7414812, -8.7982706;105
2020-03;Região de Saúde do Centro;Centro Hospitalar do Baixo Vouga, EPE;40.6362453, -8.6543716;250
2020-06;Região de Saúde LVT;Centro Hospitalar Médio Tejo, EPE;39.478072, -8.5404429;158
2021-09;Região de Saúde do Alentejo;Unidade Local de Saúde do Norte Alentejano, EPE;39.3003425, -7.4263845;112
2021-12;Região de Saúde Norte;Centro Hospitalar Médio Ave, EPE;41.3423984, -8.4802503;186
2021-12;Região de Saúde Norte;Centro Hospitalar do Tâmega e Sousa, EPE;41.2494561, -8.264901;212
2021-12;Serviços Centrais;Administração Central do Sistema de Saúde, I.P;38.759209, -9.148981;28
2022-03;Região de Saúde do Centro;Instituto Português de Oncologia de Coimbra, EPE;40.2162514, -8.4103814;163
2022-03;Região de Saúde do Alentejo;Unidade Local de Saúde do Baixo Alentejo, EPE;38.014123, -7.8721227;155
2022-06;Região de Saúde LVT;Hospital Fernando Fonseca, EPE;38.7422257, -9.2264834;152
2022-12;Região de Saúde LVT;Instituto Português de Oncologia de Lisboa, EPE;38.7396768, -9.1634516;191
2022-12;Região de Saúde LVT;Hospital Fernando Fonseca, EPE;38.7422257, -9.2264834;146
2023-03;Região de Saúde LVT;Instituto de Oftalmologia Dr. Gama Pinto;38.7218793, -9.144249;48
2023-03;Região de Saúde Norte;Hospital de Braga, EPE;39.4054629, -9.1258493;88
2023-06;Região de Saúde LVT;Centro Hospitalar Psiquiátrico de Lisboa, SPA;38.7569771, -9.1460705;16
2023-06;Região de Saúde Norte;Centro Hospitalar Universitário de Santo António, EPE;41.1472498, -8.6172617;116
2023-06;Região de Saúde Norte;Hospital da Senhora da Oliveira Guimarães, EPE;41.4387173, -8.3086907;191
2023-09;Região de Saúde LVT;Centro Hospitalar de Setúbal, EPE;38.5283754, -8.8818638;171
2023-12;Região de Saúde Norte;Hospital Distrital S.Maria Maior, EPE - Barcelos;41.5324234, -8.6171561;111
2024-06;Região de Saúde do Centro;Unidade Local de Saúde da Região de Aveiro, E. P. E.;40.6362453, -8.6543716;61
2024-06;Região de Saúde Norte;UNIDADE LOCAL DE SAUDE DO NORDESTE, EPE;41.8056532, -6.7888197;110
2024-06;Região de Saúde Norte;Unidade Local de Saúde do Alto Ave, E. P. E.;41.4387173, -8.3086907;141
2024-09;Região de Saúde do Centro;UNIDADE LOCAL DE SAÚDE DA GUARDA, EPE;40.5309916, -7.2734793;83
2024-09;Região de Saúde do Centro;UNIDADE LOCAL DE SAUDE DE CASTELO BRANCO, EPE;39.8212263, -7.4981271;61
2024-09;Serviços Centrais;Instituto Nacional Saúde Dr. Ricardo Jorge - Lisboa;38.7643827, -9.1663422;19
2014-03;Região de Saúde do Centro;Centro Hospitalar do Baixo Vouga, EPE;40.6362453, -8.6543716;677
2014-06;Região de Saúde Norte;Unidade Local de Saúde de Matosinhos, EPE;41.1794456, -8.6745115;270
2015-03;Região de Saúde Norte;Unidade Local de Saúde de Matosinhos, EPE;41.1794456, -8.6745115;310
2015-06;Região de Saúde do Alentejo;Hospital Espírito Santo de Évora, EPE;38.5684861, -7.9032848;92
2015-09;Região de Saúde do Centro;Centro Hospitalar de Leiria, EPE;39.7414812, -8.7982706;34
2015-09;Região de Saúde Norte;Hospital de Magalhães Lemos, EPE;41.1764649, -8.6649823;31
2016-03;Região de Saúde LVT;Hospital Fernando Fonseca, EPE;38.7422257, -9.2264834;109
2016-03;Região de Saúde do Centro;Administração Regional de Saúde do Centro;40.2038123, -8.4216163;0
2016-06;Região de Saúde LVT;Centro Hospitalar Universitário de Lisboa Central, EPE;38.7166948, -9.1371248;319
2016-06;Região de Saúde Norte;Centro Hospitalar de Entre o Douro e Vouga, EPE;40.9293884, -8.5458794;37
2016-09;Região de Saúde do Centro;Hospital Distrital Figueira da Foz, EPE;40.117897, -8.8586755;161
2016-12;Região de Saúde Norte;Centro Hospitalar Póvoa Varzim / Vila do Conde, EPE;41.3828711, -8.7589945;204
2016-12;Região de Saúde LVT;Centro Hospitalar do Oeste, SPA;39.4054629, -9.1258493;45
2017-09;Região de Saúde LVT;Centro Hospitalar Universitário Lisboa Norte, EPE;38.7500861, -9.1616116;455
2017-12;Região de Saúde do Centro;Centro Hospitalar de Leiria, EPE;39.7414812, -8.7982706;83
2018-03;Região de Saúde LVT;Instituto Português de Oncologia de Lisboa, EPE;38.7396768, -9.1634516;249
2018-06;Região de Saúde do Centro;Unidade Local de Saúde da Guarda, EPE;40.5309916, -7.2734793;254
2019-03;Região de Saúde do Alentejo;Hospital Espírito Santo de Évora, EPE;38.5684861, -7.9032848;133
2019-12;Região de Saúde LVT;Centro Hospitalar Universitário Lisboa Norte, EPE;38.7500861, -9.1616116;299
2020-12;Região de Saúde LVT;Administração Regional de Saúde de Lisboa e Vale do Tejo;38.7490049, -9.1417844;28
2021-06;Região de Saúde do Centro;Hospital Arcebispo João Crisóstomo - Cantanhede;40.3470015, -8.5933462;68
2021-06;Serviços Centrais;Instituto Português Do Sangue e Da Transplantação, IP;38.7567758, -9.1505021;33
2021-09;Região de Saúde Norte;Centro Hospitalar Póvoa Varzim / Vila do Conde, EPE;41.3828711, -8.7589945;182
2022-12;Serviços Centrais;Instituto Nacional Saúde Dr. Ricardo Jorge - Lisboa;38.7643827, -9.1663422;86
2014-03;Região de Saúde do Centro;Administração Regional de Saúde do Centro;40.2038123, -8.4216163;0
2014-06;Região de Saúde do Centro;Unidade Local de Saúde da Guarda, EPE;40.5309916, -7.2734793;283
2014-06;Região de Saúde do Centro;Centro Hospitalar e Universitário de Coimbra, EPE;40.2191523, -8.4098211;220
2014-06;Região de Saúde do Centro;Hospital Dr. Francisco Zagalo - Ovar;40.8571967, -8.6318023;15
2014-06;Região de Saúde LVT;Instituto de Oftalmologia Dr. Gama Pinto;38.7218793, -9.144249;46
2014-06;Região de Saúde LVT;Centro Hospitalar Psiquiátrico de Lisboa, SPA;38.7569771, -9.1460705;50
2014-09;Região de Saúde Norte;Centro Hospitalar de Entre o Douro e Vouga, EPE;40.9293884, -8.5458794;33
2014-09;Região de Saúde Norte;Centro Hospitalar Vila Nova Gaia/Espinho, EPE;41.1094138, -8.5972617;121
2014-12;Região de Saúde do Centro;Centro Hospitalar de Leiria, EPE;39.7414812, -8.7982706;43
2015-03;Região de Saúde LVT;Hospital Fernando Fonseca, EPE;38.7422257, -9.2264834;92
2015-12;Região de Saúde LVT;Centro Hospitalar Universitário de Lisboa Central, EPE;38.7166948, -9.1371248;271
2016-03;Região de Saúde Norte;Centro Hospitalar do Tâmega e Sousa, EPE;41.2494561, -8.264901;89
2017-06;Região de Saúde Norte;Centro Hospitalar de Entre o Douro e Vouga, EPE;40.9293884, -8.5458794;44
2017-12;Região de Saúde do Alentejo;Administração Regional de Saúde do Alentejo;38.5658579, -7.9136262;30
2018-06;Região de Saúde Norte;Centro Hospitalar do Tâmega e Sousa, EPE;41.2494561, -8.264901;228
2018-12;Região de Saúde LVT;Hospital Fernando Fonseca, EPE;38.7422257, -9.2264834;207
2018-12;Região de Saúde Norte;Hospital Distrital S.Maria Maior, EPE - Barcelos;41.5324234, -8.6171561;125
2019-09;Região de Saúde do Centro;Unidade Local de Saúde de Castelo Branco, EPE;39.8212263, -7.4981271;111
2019-12;Região de Saúde do Centro;Centro Hospitalar Tondela-Viseu, EPE;40.516364, -8.0827433;186
2020-06;Região de Saúde LVT;Administração Regional de Saúde de Lisboa e Vale do Tejo;38.7490049, -9.1417844;28
2020-09;Região de Saúde Norte;Hospital de Magalhães Lemos, EPE;41.1764649, -8.6649823;16
2020-09;Serviços Centrais;Administração Central do Sistema de Saúde, I.P;38.759209, -9.148981;4
2020-09;Região de Saúde Norte;Centro Hospitalar Médio Ave, EPE;41.3423984, -8.4802503;161
2021-03;Serviços Centrais;Instituto Nacional Saúde Dr. Ricardo Jorge - Lisboa;38.7643827, -9.1663422;24
2021-06;Região de Saúde do Algarve;Administração Regional de Saúde do Algarve;37.0272677, -7.9490091;33
2021-06;Região de Saúde do Centro;Hospital Distrital Figueira da Foz, EPE;40.117897, -8.8586755;182
2021-06;Região de Saúde Norte;Unidade Local de Saúde do Alto Minho, EPE;41.7056054, -8.8252713;199
2021-06;Região de Saúde Norte;Hospital de Braga, EPE;39.4054629, -9.1258493;53
2021-06;Região de Saúde Norte;Centro Hospitalar Póvoa Varzim / Vila do Conde, EPE;41.3828711, -8.7589945;190
2021-06;Região de Saúde do Alentejo;Unidade Local de Saúde do Baixo Alentejo, EPE;38.014123, -7.8721227;140
2021-09;Região de Saúde Norte;Centro Hospitalar Médio Ave, EPE;41.3423984, -8.4802503;199
2021-12;Região de Saúde Norte;Centro Hospitalar Universitário do Porto, EPE;41.1472498, -8.6172617;169
2022-03;Região de Saúde LVT;Centro Hospitalar de Setúbal, EPE;38.5283754, -8.8818638;181
2022-06;Região de Saúde Norte;Centro Hospitalar Universitário de São João, EPE;41.1831056, -8.6010558;132
2022-09;Região de Saúde do Algarve;Administração Regional de Saúde do Algarve;37.0272677, -7.9490091;24
2022-09;Região de Saúde Norte;Instituto Português de Oncologia do Porto, EPE;41.1785642, -8.6062881;148
2022-12;Região de Saúde Norte;Hospital Distrital S.Maria Maior, EPE - Barcelos;41.5324234, -8.6171561;134
2023-06;Região de Saúde do Centro;Administração Regional de Saúde do Centro;40.2038123, -8.4216163;44
2023-06;Região de Saúde Norte;Centro Hospitalar Universitário de São João, EPE;41.1831056, -8.6010558;106
2023-09;Região de Saúde LVT;Centro Hospitalar do Barreiro - Montijo, EPE;38.6554005, -9.0592392;191
2024-03;Região de Saúde do Alentejo;Unidade Local de Saúde do Alentejo Central, E. P. E.;38.5684861, -7.9032848;94
2024-03;Região de Saúde LVT;Unidade Local de Saúde de Amadora/Sintra, E. P. E.;38.7422257, -9.2264834;122
2014-03;Região de Saúde LVT;Instituto Português de Oncologia de Lisboa, EPE;38.7396768, -9.1634516;146
2014-06;Região de Saúde Norte;Centro Hospitalar Universitário do Porto, EPE;41.1472498, -8.6172617;194
2014-06;Região de Saúde do Centro;Unidade Local de Saúde de Castelo Branco, EPE;39.8212263, -7.4981271;56
2014-09;Região de Saúde do Algarve;Administração Regional de Saúde do Algarve;37.0272677, -7.9490091;0
2014-12;Região de Saúde do Centro;Hospital Arcebispo João Crisóstomo - Cantanhede;40.3470015, -8.5933462;26
2014-12;Região de Saúde do Centro;Hospital José Luciano de Castro - Anadia;40.442326, -8.441689;18
2015-03;Região de Saúde do Centro;Centro Hospitalar Tondela-Viseu, EPE;40.516364, -8.0827433;91
2015-03;Região de Saúde LVT;Centro Hospitalar de Setúbal, EPE;38.5283754, -8.8818638;718
2015-09;Região de Saúde LVT;Centro Hospitalar de Setúbal, EPE;38.5283754, -8.8818638;484
2016-03;Região de Saúde LVT;Centro Hospitalar Médio Tejo, EPE;39.478072, -8.5404429;317
2016-06;Serviços Centrais;Administração Central do Sistema de Saúde, I.P;38.759209, -9.148981;0
2017-03;Região de Saúde do Centro;Hospital Arcebispo João Crisóstomo - Cantanhede;40.3470015, -8.5933462;15
2017-03;Região de Saúde Norte;Unidade Local de Saúde do Nordeste, EPE;41.8056532, -6.7888197;232
2017-09;Região de Saúde Norte;Centro Hospitalar do Alto Ave, EPE;41.4387173, -8.3086907;0
2017-09;Região de Saúde do Centro;Centro Hospitalar do Baixo Vouga, EPE;40.6362453, -8.6543716;372
2017-12;Região de Saúde do Centro;Centro Hospitalar e Universitário de Coimbra, EPE;40.2191523, -8.4098211;272
2017-12;Região de Saúde LVT;Centro Hospitalar Médio Tejo, EPE;39.478072, -8.5404429;299
2018-03;Região de Saúde do Centro;Hospital Distrital Figueira da Foz, EPE;40.117897, -8.8586755;181
2018-03;Região de Saúde do Algarve;Centro Hospitalar Universitário do Algarve, E.P.E;37.0238973, -7.9281554;145
2018-06;Região de Saúde do Centro;Administração Regional de Saúde do Centro;40.2038123, -8.4216163;59
2018-09;Serviços Centrais;Instituto Português do Sangue e da Transplantação, IP;38.7567758, -9.1505021;69
2018-09;Região de Saúde do Alentejo;Hospital Espírito Santo de Évora, EPE;38.5684861, -7.9032848;162
2018-12;Região de Saúde do Centro;Hospital Dr. Francisco Zagalo - Ovar;40.8571967, -8.6318023;30
2018-12;Serviços Centrais;Instituto Nacional Saúde Dr. Ricardo Jorge - Lisboa;38.7643827, -9.1663422;24
2018-12;Região de Saúde do Centro;Unidade Local de Saúde da Guarda, EPE;40.5309916, -7.2734793;200
2019-06;Região de Saúde do Centro;Instituto Português de Oncologia de Coimbra, EPE;40.2162514, -8.4103814;65
2019-12;Região de Saúde do Algarve;Centro Hospitalar Universitário do Algarve, E.P.E;37.0238973, -7.9281554;145
2020-06;Região de Saúde LVT;Centro Hospitalar de Lisboa - Zona Ocidental, EPE;38.708454, -9.216985;195
2020-12;Região de Saúde LVT;Centro Hospitalar de Lisboa - Zona Ocidental, EPE;38.708454, -9.216985;171
2021-03;Região de Saúde do Centro;Centro Hospitalar Universitário Cova da Beira, EPE;40.2804158, -7.4922407;169
2021-03;Região de Saúde do Alentejo;Unidade Local de Saúde do Norte Alentejano, EPE;39.3003425, -7.4263845;101
2021-06;Região de Saúde Norte;Centro Hospitalar Vila Nova Gaia/Espinho, EPE;41.1094138, -8.5972617;191
2021-09;Região de Saúde do Centro;Centro Hospitalar do Baixo Vouga, EPE;40.6362453, -8.6543716;210
2021-09;Região de Saúde do Centro;Hospital Rovisco Pais;40.297919, -8.7707806;61
2021-12;Região de Saúde Norte;Hospital de Braga, EPE;39.4054629, -9.1258493;71
2022-03;Região de Saúde Norte;Centro Hospitalar Universitário de São João, EPE;41.1831056, -8.6010558;129
2022-03;Região de Saúde do Centro;Hospital Distrital Figueira da Foz, EPE;40.117897, -8.8586755;157
2022-06;Região de Saúde LVT;Centro Hospitalar de Setúbal, EPE;38.5283754, -8.8818638;185
2022-09;Região de Saúde LVT;Centro Hospitalar de Lisboa - Zona Ocidental, EPE;38.708454, -9.216985;221
2022-12;Região de Saúde do Alentejo;Unidade Local de Saúde do Litoral Alentejano, EPE;38.0162314, -8.6956768;176
2023-09;Região de Saúde do Centro;Instituto Português de Oncologia de Coimbra, EPE;40.2162514, -8.4103814;136
2023-12;Região de Saúde do Alentejo;Administração Regional de Saúde do Alentejo;38.5658579, -7.9136262;27
2024-03;Região de Saúde LVT;INSTITUTO PORTUGUES DE ONCOLOGIA DE LISBOA, EPE;38.7396768, -9.1634516;148
2024-03;Serviços Centrais;Instituto Nacional Saúde Dr. Ricardo Jorge - Lisboa;38.7643827, -9.1663422;38
2024-09;Região de Saúde Norte;Unidade Local de Saúde Póvoa de Varzim/Vila do Conde, E. P. E.;41.3828711, -8.7589945;29
2024-09;Região de Saúde do Centro;Unidade Local de Saúde de Coimbra, E. P. E.;40.2191523, -8.4098211;133
2024-09;Região de Saúde Norte;Unidade Local de Saúde de Braga, E. P. E.;39.4054629, -9.1258493;51
2024-09;Região de Saúde LVT;Unidade Local de Saúde de Loures-Odivelas, E. P. E.;38.8214678, -9.176741;22
2024-12;Região de Saúde Norte;INSTITUTO PORTUGUES DE ONCOLOGIA DO PORTO, EPE;41.1785642, -8.6062881;93
2024-12;Região de Saúde do Centro;Administração Regional de Saúde do Centro;40.2038123, -8.4216163;19
2024-12;Região de Saúde Norte;Unidade Local de Saúde de Trás-os-Montes e Alto Douro, E. P. E.;41.3031784, -7.7515252;84
2014-03;Região de Saúde do Centro;Centro Hospitalar Universitário Cova da Beira, EPE;40.2804158, -7.4922407;447
2014-03;Região de Saúde LVT;Centro Hospitalar do Oeste, SPA;39.4054629, -9.1258493;64
2014-03;Região de Saúde do Centro;Hospital Rovisco Pais;40.297919, -8.7707806;30
2014-06;Região de Saúde Norte;Centro Hospitalar Trás-os-Montes e Alto Douro, EPE;41.3031784, -7.7515252;203
2014-06;Região de Saúde LVT;Hospital Garcia de Orta, EPE - Almada;38.6658713, -9.1822554;253
2014-09;Região de Saúde do Algarve;Centro Hospitalar Universitário do Algarve, E.P.E;37.0238973, -7.9281554;410
2014-09;Região de Saúde do Centro;Unidade Local de Saúde de Castelo Branco, EPE;39.8212263, -7.4981271;54
2014-09;Região de Saúde do Centro;Centro Hospitalar Tondela-Viseu, EPE;40.516364, -8.0827433;86
2014-09;Região de Saúde LVT;Centro Hospitalar Psiquiátrico de Lisboa, SPA;38.7569771, -9.1460705;57
2014-12;Região de Saúde Norte;Hospital da Senhora da Oliveira Guimarães, EPE;41.4387173, -8.3086907;0
2015-03;Região de Saúde LVT;Administração Regional de Saúde de Lisboa e Vale do Tejo;38.7490049, -9.1417844;0
2015-06;Região de Saúde Norte;Unidade Local de Saúde de Matosinhos, EPE;41.1794456, -8.6745115;305
2015-12;Região de Saúde Norte;Instituto Português de Oncologia do Porto, EPE;41.1785642, -8.6062881;37
2015-12;Região de Saúde LVT;Centro Hospitalar do Oeste, SPA;39.4054629, -9.1258493;63
2016-03;Região de Saúde LVT;Centro Hospitalar Universitário de Lisboa Central, EPE;38.7166948, -9.1371248;281
2016-06;Região de Saúde LVT;Hospital Fernando Fonseca, EPE;38.7422257, -9.2264834;107
2016-09;Região de Saúde LVT;Instituto Português de Oncologia de Lisboa, EPE;38.7396768, -9.1634516;197
2016-09;Região de Saúde Norte;Hospital de Magalhães Lemos, EPE;41.1764649, -8.6649823;5
2016-12;Região de Saúde Norte;Centro Hospitalar de Entre o Douro e Vouga, EPE;40.9293884, -8.5458794;34
2017-03;Serviços Centrais;Instituto Português do Sangue e da Transplantação, IP;38.7567758, -9.1505021;37
2017-09;Serviços Centrais;Administração Central do Sistema de Saúde, I.P;38.759209, -9.148981;12
2017-09;Região de Saúde LVT;Hospital Garcia de Orta, EPE - Almada;38.6658713, -9.1822554;179
2017-12;Região de Saúde Norte;Unidade Local de Saúde de Matosinhos, EPE;41.1794456, -8.6745115;385
2018-03;Região de Saúde Norte;Centro Hospitalar Póvoa Varzim / Vila do Conde, EPE;41.3828711, -8.7589945;270
2018-03;Região de Saúde do Centro;Centro Hospitalar Tondela-Viseu, EPE;40.516364, -8.0827433;185
2018-09;Serviços Centrais;Administração Central do Sistema de Saúde, I.P;38.759209, -9.148981;11
2018-09;Região de Saúde do Centro;Centro Hospitalar do Baixo Vouga, EPE;40.6362453, -8.6543716;376
2018-12;Região de Saúde do Alentejo;Unidade Local de Saúde do Baixo Alentejo, EPE;38.014123, -7.8721227;181
2019-03;Região de Saúde LVT;Instituto de Oftalmologia Dr. Gama Pinto;38.7218793, -9.144249;34
2019-06;Região de Saúde LVT;Centro Hospitalar do Oeste, EPE;39.4054629, -9.1258493;115
2019-06;Região de Saúde LVT;Instituto Português de Oncologia de Lisboa, EPE;38.7166948, -9.1371248;218
2019-12;Região de Saúde LVT;Hospital Distrital Santarém, EPE;39.2410946, -8.6937515;146
2019-12;Região de Saúde do Centro;Centro Hospitalar e Universitário de Coimbra, EPE;40.2191523, -8.4098211;212
2020-03;Região de Saúde LVT;Hospital Garcia de Orta, EPE - Almada;38.6658713, -9.1822554;150
2020-06;Região de Saúde LVT;Centro Hospitalar de Setúbal, EPE;38.5283754, -8.8818638;236
2020-06;Região de Saúde LVT;Centro Hospitalar do Oeste, EPE;39.4054629, -9.1258493;128
2020-06;Região de Saúde do Alentejo;Hospital Espírito Santo de Évora, EPE;38.5684861, -7.9032848;142
2020-12;Região de Saúde do Algarve;Centro Hospitalar Universitário do Algarve, E.P.E;37.0238973, -7.9281554;142
2020-12;Região de Saúde Norte;Centro Hospitalar Vila Nova Gaia/Espinho, EPE;41.1094138, -8.5972617;175
2021-03;Região de Saúde Norte;Instituto Português de Oncologia do Porto, EPE;41.1785642, -8.6062881;93
2021-03;Região de Saúde Norte;Centro Hospitalar do Tâmega e Sousa, EPE;41.2494561, -8.264901;178
2021-06;Região de Saúde do Centro;Unidade Local de Saúde da Guarda, EPE;40.5309916, -7.2734793;134
2022-03;Região de Saúde do Centro;Centro Hospitalar e Universitário de Coimbra, EPE;40.2191523, -8.4098211;145
2022-12;Região de Saúde do Centro;Administração Regional de Saúde do Centro;40.2038123, -8.4216163;49
2023-03;Região de Saúde Norte;Centro Hospitalar Trás-os-Montes e Alto Douro, EPE;41.3031784, -7.7515252;193
2023-03;Região de Saúde Norte;Unidade Local de Saúde do Nordeste, EPE;41.8056532, -6.7888197;158
2023-09;Região de Saúde Norte;Instituto Português de Oncologia do Porto, EPE;41.1785642, -8.6062881;153
2023-12;Serviços Centrais;Administração Central do Sistema de Saúde, I.P;38.759209, -9.148981;25
2024-12;Região de Saúde do Centro;INSTITUTO PORTUGUES DE ONCOLOGIA DE COIMBRA, EPE;40.2162514, -8.4103814;107
2014-03;Região de Saúde Norte;Instituto Português de Oncologia do Porto, EPE;41.1785642, -8.6062881;73
2014-03;Região de Saúde LVT;Centro Hospitalar de Lisboa - Zona Ocidental, EPE;38.708454, -9.216985;259
2014-03;Região de Saúde Norte;Centro Hospitalar de Entre o Douro e Vouga, EPE;40.9293884, -8.5458794;37
2014-06;Região de Saúde Norte;Centro Hospitalar do Tâmega e Sousa, EPE;41.2494561, -8.264901;59
2014-06;Região de Saúde do Algarve;Centro Hospitalar Universitário do Algarve, E.P.E;37.0238973, -7.9281554;534
2014-06;Região de Saúde Norte;Instituto Português de Oncologia do Porto, EPE;41.1785642, -8.6062881;67
2014-09;Região de Saúde Norte;Instituto Português de Oncologia do Porto, EPE;41.1785642, -8.6062881;63
2014-09;Região de Saúde Norte;Hospital de Magalhães Lemos, EPE;41.1764649, -8.6649823;19
2014-12;Região de Saúde LVT;Administração Regional de Saúde de Lisboa e Vale do Tejo;38.7490049, -9.1417844;0
2015-03;Serviços Centrais;Instituto Nacional Saúde Dr. Ricardo Jorge - Lisboa;38.7643827, -9.1663422;0
2015-03;Região de Saúde do Centro;Hospital Arcebispo João Crisóstomo - Cantanhede;40.3470015, -8.5933462;28
2015-06;Região de Saúde do Centro;Centro Hospitalar do Baixo Vouga, EPE;40.6362453, -8.6543716;460
2015-06;Região de Saúde LVT;Administração Regional de Saúde de Lisboa e Vale do Tejo;38.7490049, -9.1417844;0
2015-06;Região de Saúde do Centro;Unidade Local de Saúde da Guarda, EPE;40.5309916, -7.2734793;264
2015-09;Região de Saúde do Algarve;Centro Hospitalar Universitário do Algarve, E.P.E;37.0238973, -7.9281554;130
2015-09;Região de Saúde LVT;Centro Hospitalar Médio Tejo, EPE;39.478072, -8.5404429;385
2015-12;Região de Saúde do Centro;Hospital Dr. Francisco Zagalo - Ovar;40.8571967, -8.6318023;34
2015-12;Região de Saúde LVT;Centro Hospitalar de Lisboa - Zona Ocidental, EPE;38.708454, -9.216985;269
2015-12;Região de Saúde do Centro;Administração Regional de Saúde do Centro;40.2038123, -8.4216163;0
2016-03;Região de Saúde do Algarve;Centro Hospitalar Universitário do Algarve, E.P.E;37.0238973, -7.9281554;105
2016-06;Região de Saúde Norte;Hospital Distrital S.Maria Maior, EPE - Barcelos;41.5324234, -8.6171561;96
2016-06;Região de Saúde do Alentejo;Unidade Local de Saúde do Baixo Alentejo, EPE;38.014123, -7.8721227;298
2016-06;Região de Saúde do Centro;Instituto Português de Oncologia de Coimbra, EPE;40.2162514, -8.4103814;29
2016-09;Região de Saúde do Centro;Centro Hospitalar do Baixo Vouga, EPE;40.6362453, -8.6543716;303
2016-12;Região de Saúde LVT;Instituto de Oftalmologia Dr. Gama Pinto;38.7218793, -9.144249;17
2017-03;Região de Saúde do Alentejo;Unidade Local de Saúde do Norte Alentejano, EPE;39.3003425, -7.4263845;96
2017-03;Região de Saúde Norte;Centro Hospitalar do Tâmega e Sousa, EPE;41.2494561, -8.264901;122
2017-06;Região de Saúde LVT;Instituto Português de Oncologia de Lisboa, EPE;38.7396768, -9.1634516;222
2017-09;Região de Saúde do Centro;Instituto Português de Oncologia de Coimbra, EPE;40.2162514, -8.4103814;40
2017-12;Serviços Centrais;Instituto Nacional Saúde Dr. Ricardo Jorge - Lisboa;38.7643827, -9.1663422;26
2018-03;Região de Saúde do Centro;Instituto Português de Oncologia de Coimbra, EPE;40.2162514, -8.4103814;57
2018-03;Região de Saúde Norte;Unidade Local de Saúde de Matosinhos, EPE;41.1794456, -8.6745115;356
2018-03;Região de Saúde Norte;Unidade Local de Saúde Alto Minho, EPE;41.7056054, -8.8252713;199
2018-06;Região de Saúde do Centro;Unidade Local de Saúde de Castelo Branco, EPE;39.8212263, -7.4981271;68
2018-06;Região de Saúde do Alentejo;Unidade Local de Saúde do Baixo Alentejo, EPE;38.014123, -7.8721227;224
2018-09;Região de Saúde LVT;Hospital Distrital Santarém, EPE;39.2410946, -8.6937515;276
2018-09;Região de Saúde Norte;Centro Hospitalar Trás-os-Montes e Alto Douro, EPE;41.3031784, -7.7515252;306
2018-12;Região de Saúde LVT;Centro Hospitalar Médio Tejo, EPE;39.478072, -8.5404429;257
2018-12;Região de Saúde do Alentejo;Hospital Espírito Santo de Évora, EPE;38.5684861, -7.9032848;138
2018-12;Região de Saúde do Algarve;Centro Hospitalar Universitário do Algarve, E.P.E;37.0238973, -7.9281554;156
2018-12;Serviços Centrais;Instituto Português do Sangue e da Transplantação, IP;38.7567758, -9.1505021;68
2018-12;Região de Saúde do Centro;Centro Hospitalar de Leiria, EPE;39.7414812, -8.7982706;89
2019-03;Região de Saúde LVT;Administração Regional de Saúde de Lisboa e Vale do Tejo;38.7490049, -9.1417844;20
2019-03;Região de Saúde LVT;Instituto Português de Oncologia de Lisboa, EPE;38.7166948, -9.1371248;231
2019-06;Região de Saúde do Alentejo;Administração Regional de Saúde do Alentejo;38.5658579, -7.9136262;27
2019-06;Região de Saúde LVT;Centro Hospitalar de Setúbal, EPE;38.5283754, -8.8818638;384
2019-06;Região de Saúde do Centro;Unidade Local de Saúde da Guarda, EPE;40.5309916, -7.2734793;179
2019-09;Região de Saúde do Centro;Hospital Dr. Francisco Zagalo - Ovar;40.8571967, -8.6318023;29
2019-12;Região de Saúde do Alentejo;Hospital Espírito Santo de Évora, EPE;38.5684861, -7.9032848;143
2020-03;Serviços Centrais;Administração Central do Sistema de Saúde, I.P;38.759209, -9.148981;7
2020-03;Região de Saúde Norte;Hospital Distrital S.Maria Maior, EPE - Barcelos;41.5324234, -8.6171561;136
2020-06;Região de Saúde LVT;Centro Hospitalar Universitário de Lisboa Central, EPE;38.7166948, -9.1371248;280
2020-06;Região de Saúde LVT;Centro Hospitalar Universitário Lisboa Norte, EPE;38.7500861, -9.1616116;244
2020-06;Região de Saúde do Centro;Centro Hospitalar Tondela-Viseu, EPE;40.516364, -8.0827433;196
2020-06;Região de Saúde do Alentejo;Unidade Local de Saúde do Litoral Alentejano, EPE;38.0162314, -8.6956768;86
2020-06;Região de Saúde do Centro;Hospital Distrital Figueira da Foz, EPE;40.117897, -8.8586755;164
2020-06;Região de Saúde do Centro;Unidade Local de Saúde de Castelo Branco, EPE;39.8212263, -7.4981271;158
2020-06;Região de Saúde Norte;Unidade Local de Saúde do Nordeste, EPE;41.8056532, -6.7888197;147
2020-09;Região de Saúde do Algarve;Administração Regional de Saúde do Algarve;37.0272677, -7.9490091;65
2020-12;Região de Saúde LVT;Hospital Garcia de Orta, EPE - Almada;38.6658713, -9.1822554;131
2020-12;Região de Saúde Norte;Centro Hospitalar Trás-os-Montes e Alto Douro, EPE;41.3031784, -7.7515252;123
2020-12;Região de Saúde Norte;Centro Hospitalar Médio Ave, EPE;41.3423984, -8.4802503;158
2021-03;Região de Saúde do Centro;Hospital Distrital Figueira da Foz, EPE;40.117897, -8.8586755;171
2021-03;Região de Saúde Norte;Centro Hospitalar Vila Nova Gaia/Espinho, EPE;41.1094138, -8.5972617;179
2021-09;Região de Saúde LVT;Hospital Fernando Fonseca, EPE;38.7422257, -9.2264834;154
2021-09;Serviços Centrais;Instituto Nacional Saúde Dr. Ricardo Jorge - Lisboa;38.7643827, -9.1663422;54
2021-12;Região de Saúde Norte;Hospital da Senhora da Oliveira Guimarães, EPE;41.4387173, -8.3086907;237
2021-12;Região de Saúde do Alentejo;Unidade Local de Saúde do Norte Alentejano, EPE;39.3003425, -7.4263845;121
2022-03;Região de Saúde LVT;Hospital Distrital Santarém, EPE;39.2410946, -8.6937515;120
2022-03;Serviços Centrais;Administração Central do Sistema de Saúde, I.P;38.759209, -9.148981;37
2022-06;Região de Saúde LVT;Instituto Português de Oncologia de Lisboa, EPE;38.7396768, -9.1634516;203
2022-06;Região de Saúde LVT;Centro Hospitalar Universitário Lisboa Norte, EPE;38.7500861, -9.1616116;175
2022-09;Região de Saúde Norte;Centro Hospitalar Médio Ave, EPE;41.3423984, -8.4802503;179
2022-12;Região de Saúde do Centro;Unidade Local de Saúde da Guarda, EPE;40.5309916, -7.2734793;169
2023-03;Região de Saúde do Centro;Hospital Distrital Figueira da Foz, EPE;40.117897, -8.8586755;170
2023-03;Região de Saúde LVT;Hospital Fernando Fonseca, EPE;38.7422257, -9.2264834;127
2023-06;Região de Saúde do Centro;Hospital Arcebispo João Crisóstomo - Cantanhede;40.3470015, -8.5933462;24
2023-06;Região de Saúde do Alentejo;Hospital Espírito Santo de Évora, EPE;38.5684861, -7.9032848;125
2023-09;Região de Saúde do Centro;Hospital Rovisco Pais;40.297919, -8.7707806;38
2023-09;Região de Saúde Norte;Hospital Distrital S.Maria Maior, EPE - Barcelos;41.5324234, -8.6171561;115
2023-09;Região de Saúde LVT;Hospital Fernando Fonseca, EPE;38.7422257, -9.2264834;142
2023-12;Região de Saúde Norte;Centro Hospitalar Universitário de Santo António, EPE;41.1472498, -8.6172617;126
2024-06;Região de Saúde Norte;Unidade Local de Saúde Póvoa de Varzim/Vila do Conde, E. P. E.;41.3828711, -8.7589945;45
2024-06;Região de Saúde LVT;Unidade Local de Saúde de Amadora/Sintra, E. P. E.;38.7422257, -9.2264834;89
2024-06;Região de Saúde LVT;Unidade Local de Saúde de Loures-Odivelas, E. P. E.;38.8214678, -9.176741;38
2024-09;Região de Saúde LVT;INSTITUTO PORTUGUES DE ONCOLOGIA DE LISBOA, EPE;38.7396768, -9.1634516;130
2024-12;Região de Saúde LVT;Unidade Local de Saúde da Lezíria, E. P. E;39.2410946, -8.6937515;39
2024-12;Serviços Centrais;Instituto Nacional Saúde Dr. Ricardo Jorge - Lisboa;38.7643827, -9.1663422;41
2024-12;Região de Saúde Norte;Unidade Local de Saúde do Tâmega e Sousa, E. P. E.;41.2494561, -8.264901;46
2024-12;Região de Saúde Norte;Unidade Local de Saúde de Santo António, E. P. E.;41.1472498, -8.6172617;68
2014-06;Região de Saúde Norte;Centro Hospitalar de Entre o Douro e Vouga, EPE;40.9293884, -8.5458794;36
2014-09;Região de Saúde LVT;Centro Hospitalar Universitário de Lisboa Central, EPE;38.7166948, -9.1371248;355
2015-09;Serviços Centrais;Instituto Nacional Saúde Dr. Ricardo Jorge - Lisboa;38.7643827, -9.1663422;0
2015-12;Região de Saúde do Centro;Hospital José Luciano de Castro - Anadia;40.442326, -8.441689;0
2016-06;Região de Saúde Norte;Administração Regional de Saúde do Norte;41.1576321, -8.6066408;0
2016-06;Região de Saúde Norte;Instituto Português de Oncologia do Porto, EPE;41.1785642, -8.6062881;37
2017-03;Região de Saúde Norte;Centro Hospitalar Vila Nova Gaia/Espinho, EPE;41.1094138, -8.5972617;276
2017-06;Região de Saúde LVT;Hospital Fernando Fonseca, EPE;38.7422257, -9.2264834;207
2017-09;Região de Saúde do Centro;Centro Hospitalar Tondela-Viseu, EPE;40.516364, -8.0827433;153
2018-03;Região de Saúde Norte;Administração Regional de Saúde do Norte;41.1576321, -8.6066408;35
2018-03;Região de Saúde Norte;Centro Hospitalar do Alto Ave, EPE;41.4387173, -8.3086907;0
2018-06;Região de Saúde do Centro;Hospital Dr. Francisco Zagalo - Ovar;40.8571967, -8.6318023;42
2018-09;Região de Saúde do Centro;Instituto Português de Oncologia de Coimbra, EPE;40.2162514, -8.4103814;62
2018-09;Região de Saúde LVT;Centro Hospitalar Universitário Lisboa Norte, EPE;38.7500861, -9.1616116;366
2019-12;Região de Saúde do Alentejo;Unidade Local de Saúde do Norte Alentejano, EPE;39.3003425, -7.4263845;96
2020-09;Região de Saúde Norte;Centro Hospitalar Trás-os-Montes e Alto Douro, EPE;41.3031784, -7.7515252;150
2020-09;Região de Saúde do Centro;Centro Hospitalar Tondela-Viseu, EPE;40.516364, -8.0827433;170
2020-12;Região de Saúde LVT;Centro Hospitalar Médio Tejo, EPE;39.478072, -8.5404429;141
2023-03;Região de Saúde do Centro;Administração Regional de Saúde do Centro;40.2038123, -8.4216163;48
2023-09;Região de Saúde do Centro;Hospital Arcebispo João Crisóstomo - Cantanhede;40.3470015, -8.5933462;25
2023-09;Região de Saúde do Algarve;Administração Regional de Saúde do Algarve;37.0272677, -7.9490091;25
2023-09;Região de Saúde do Algarve;Centro Hospitalar Universitário do Algarve, E.P.E;37.0238973, -7.9281554;156
2023-09;Região de Saúde Norte;Hospital de Braga, EPE;39.4054629, -9.1258493;66
2023-12;Região de Saúde Norte;Centro Hospitalar do Tâmega e Sousa, EPE;41.2494561, -8.264901;171
2023-12;Região de Saúde do Centro;Centro Hospitalar do Baixo Vouga, EPE;40.6362453, -8.6543716;108
2024-06;Região de Saúde do Centro;Unidade Local de Saúde de Coimbra, E. P. E.;40.2191523, -8.4098211;150
2024-06;Serviços Centrais;Instituto Nacional de Emergência Médica;38.7314304, -9.142532;35
2024-09;Região de Saúde LVT;Unidade Local de Saúde da Lezíria, E. P. E;39.2410946, -8.6937515;40
2024-12;Região de Saúde do Alentejo;UNIDADE LOCAL DO BAIXO ALENTEJO, EPE;38.014123, -7.8721227;79
2024-12;Serviços Centrais;Instituto Português Do Sangue e Da Transplantação, IP;38.7567758, -9.1505021;54
2024-12;Região de Saúde Norte;Unidade Local de Saúde de Braga, E. P. E.;39.4054629, -9.1258493;50
2014-03;Região de Saúde do Alentejo;Hospital Espírito Santo de Évora, EPE;38.5684861, -7.9032848;104
2014-06;Região de Saúde do Centro;Instituto Português de Oncologia de Coimbra, EPE;40.2162514, -8.4103814;42
2014-09;Região de Saúde do Centro;Hospital Distrital Figueira da Foz, EPE;40.117897, -8.8586755;260
2014-12;Região de Saúde Norte;Instituto Português de Oncologia do Porto, EPE;41.1785642, -8.6062881;54
2014-12;Região de Saúde Norte;Centro Hospitalar do Tâmega e Sousa, EPE;41.2494561, -8.264901;62
2015-03;Região de Saúde LVT;Centro Hospitalar Médio Tejo, EPE;39.478072, -8.5404429;504
2015-03;Região de Saúde Norte;Centro Hospitalar do Tâmega e Sousa, EPE;41.2494561, -8.264901;64
2015-06;Região de Saúde LVT;Instituto Português de Oncologia de Lisboa, EPE;38.7396768, -9.1634516;144
2015-09;Região de Saúde Norte;Hospital da Senhora da Oliveira Guimarães, EPE;41.4387173, -8.3086907;119
2015-12;Região de Saúde do Centro;Unidade Local de Saúde de Castelo Branco, EPE;39.8212263, -7.4981271;53
2016-09;Região de Saúde do Centro;Hospital José Luciano de Castro - Anadia;40.442326, -8.441689;0
2017-06;Região de Saúde Norte;Centro Hospitalar Universitário do Porto, EPE;41.1472498, -8.6172617;274
2017-06;Região de Saúde do Alentejo;Unidade Local de Saúde do Baixo Alentejo, EPE;38.014123, -7.8721227;232
2017-06;Região de Saúde LVT;Instituto de Oftalmologia Dr. Gama Pinto;38.7218793, -9.144249;29
2017-06;Região de Saúde do Centro;Hospital Arcebispo João Crisóstomo - Cantanhede;40.3470015, -8.5933462;16
2017-06;Região de Saúde do Centro;Hospital Dr. Francisco Zagalo - Ovar;40.8571967, -8.6318023;33
2017-06;Região de Saúde LVT;Centro Hospitalar do Oeste, SPA;39.4054629, -9.1258493;47
2017-09;Região de Saúde do Centro;Administração Regional de Saúde do Centro;40.2038123, -8.4216163;61
2017-12;Região de Saúde do Algarve;Centro Hospitalar Universitário do Algarve, E.P.E;37.0238973, -7.9281554;144
2017-12;Região de Saúde LVT;Hospital Distrital Santarém, EPE;39.2410946, -8.6937515;390
2017-12;Região de Saúde do Centro;Hospital Rovisco Pais;40.297919, -8.7707806;32
2018-03;Região de Saúde LVT;Centro Hospitalar Universitário de Lisboa Central, EPE;38.7166948, -9.1371248;315
2018-03;Região de Saúde do Alentejo;Unidade Local de Saúde do Litoral Alentejano, EPE;38.0162314, -8.6956768;54
2018-06;Região de Saúde Norte;Centro Hospitalar Médio Ave, EPE;41.3423984, -8.4802503;305
2018-06;Região de Saúde Norte;Unidade Local de Saúde Alto Minho, EPE;41.7056054, -8.8252713;192
2018-06;Serviços Centrais;Administração Central do Sistema de Saúde, I.P;38.759209, -9.148981;11
2018-06;Região de Saúde Norte;Centro Hospitalar Vila Nova Gaia/Espinho, EPE;41.1094138, -8.5972617;321
2018-09;Região de Saúde do Centro;Administração Regional de Saúde do Centro;40.2038123, -8.4216163;61
2018-12;Região de Saúde Norte;Centro Hospitalar Trás-os-Montes e Alto Douro, EPE;41.3031784, -7.7515252;266
2018-12;Região de Saúde Norte;Centro Hospitalar do Alto Ave, EPE;41.4387173, -8.3086907;0
2019-03;Região de Saúde do Centro;Instituto Português de Oncologia de Coimbra, EPE;40.2162514, -8.4103814;67
2019-06;Região de Saúde Norte;Centro Hospitalar Universitário do Porto, EPE;41.1472498, -8.6172617;287
2019-06;Região de Saúde Norte;Instituto Português de Oncologia do Porto, EPE;41.1785642, -8.6062881;112
2020-03;Região de Saúde LVT;Instituto de Oftalmologia Dr. Gama Pinto;38.7218793, -9.144249;27
2020-03;Região de Saúde do Alentejo;Unidade Local de Saúde do Norte Alentejano, EPE;39.3003425, -7.4263845;106
2020-09;Região de Saúde do Alentejo;Hospital Espírito Santo de Évora, EPE;38.5684861, -7.9032848;145
2020-09;Região de Saúde do Centro;Hospital Arcebispo João Crisóstomo - Cantanhede;40.3470015, -8.5933462;53
2020-12;Região de Saúde do Centro;Hospital Dr. Francisco Zagalo - Ovar;40.8571967, -8.6318023;72
2021-09;Região de Saúde Norte;Hospital da Senhora da Oliveira Guimarães, EPE;41.4387173, -8.3086907;230
2021-09;Região de Saúde do Algarve;Administração Regional de Saúde do Algarve;37.0272677, -7.9490091;26
2021-12;Região de Saúde LVT;Administração Regional de Saúde de Lisboa e Vale do Tejo;38.7490049, -9.1417844;24
2022-03;Região de Saúde Norte;Centro Hospitalar Vila Nova Gaia/Espinho, EPE;41.1094138, -8.5972617;188
2022-12;Região de Saúde LVT;Centro Hospitalar do Barreiro - Montijo, EPE;38.6554005, -9.0592392;196
2022-12;Região de Saúde LVT;Centro Hospitalar Universitário de Lisboa Central, EPE;38.7166948, -9.1371248;267
2023-03;Região de Saúde do Alentejo;Administração Regional de Saúde do Alentejo;38.5658579, -7.9136262;33
2023-03;Região de Saúde do Centro;Unidade Local de Saúde de Castelo Branco, EPE;39.8212263, -7.4981271;194
2023-09;Região de Saúde Norte;Administração Regional de Saúde do Norte;41.1576321, -8.6066408;49
2023-12;Região de Saúde do Centro;Hospital Distrital Figueira da Foz, EPE;40.117897, -8.8586755;152
2023-12;Região de Saúde Norte;Centro Hospitalar Póvoa Varzim / Vila do Conde, EPE;41.3828711, -8.7589945;145
2024-03;Região de Saúde do Centro;UNIDADE LOCAL DE SAUDE DE CASTELO BRANCO, EPE;39.8212263, -7.4981271;108
2024-03;Região de Saúde LVT;Unidade Local de Saúde de Loures-Odivelas, E. P. E.;38.8214678, -9.176741;193
2024-06;Região de Saúde LVT;Unidade Local de Saúde de Lisboa Ocidental, E. P. E.;38.708454, -9.216985;164
2024-09;Região de Saúde Norte;Unidade Local de Saúde do Alto Ave, E. P. E.;41.4387173, -8.3086907;141
2024-12;Região de Saúde Norte;Unidade Local de Saúde Póvoa de Varzim/Vila do Conde, E. P. E.;41.3828711, -8.7589945;37
2024-12;Região de Saúde LVT;Unidade Local de Saúde do Arco Ribeirinho, E. P. E.;38.6554005, -9.0592392;85
2024-12;Região de Saúde do Alentejo;UNIDADE LOCAL DE SAUDE DO LITORAL ALENTEJANO, EPE;38.0162314, -8.6956768;109
2014-03;Região de Saúde Norte;Hospital de Magalhães Lemos, EPE;41.1764649, -8.6649823;21
2014-12;Região de Saúde Norte;Centro Hospitalar Vila Nova Gaia/Espinho, EPE;41.1094138, -8.5972617;124
2015-03;Região de Saúde Norte;Administração Regional de Saúde do Norte;41.1576321, -8.6066408;0
2015-03;Região de Saúde LVT;Hospital Garcia de Orta, EPE - Almada;38.6658713, -9.1822554;248
2015-09;Região de Saúde Norte;Centro Hospitalar Universitário de São João, EPE;41.1831056, -8.6010558;73
2016-03;Região de Saúde LVT;Centro Hospitalar Universitário Lisboa Norte, EPE;38.7500861, -9.1616116;405
2016-12;Região de Saúde LVT;Centro Hospitalar Universitário de Lisboa Central, EPE;38.7166948, -9.1371248;321
2016-12;Região de Saúde do Alentejo;Hospital Espírito Santo de Évora, EPE;38.5684861, -7.9032848;144
2017-03;Região de Saúde do Centro;Instituto Português de Oncologia de Coimbra, EPE;40.2162514, -8.4103814;30
2017-06;Região de Saúde do Alentejo;Unidade Local de Saúde do Litoral Alentejano, EPE;38.0162314, -8.6956768;50
2017-06;Região de Saúde do Centro;Centro Hospitalar Tondela-Viseu, EPE;40.516364, -8.0827433;143
2018-03;Região de Saúde Norte;Hospital Distrital S.Maria Maior, EPE - Barcelos;41.5324234, -8.6171561;208
2018-03;Região de Saúde Norte;Centro Hospitalar Universitário de São João, EPE;41.1831056, -8.6010558;98
2018-06;Região de Saúde Norte;Centro Hospitalar Póvoa Varzim / Vila do Conde, EPE;41.3828711, -8.7589945;292
2019-03;Região de Saúde do Alentejo;Administração Regional de Saúde do Alentejo;38.5658579, -7.9136262;25
2019-09;Região de Saúde do Centro;Centro Hospitalar e Universitário de Coimbra, EPE;40.2191523, -8.4098211;220
2019-12;Região de Saúde do Alentejo;Unidade Local de Saúde do Litoral Alentejano, EPE;38.0162314, -8.6956768;78
2019-12;Região de Saúde do Centro;Administração Regional de Saúde do Centro;40.2038123, -8.4216163;47
2019-12;Região de Saúde Norte;Centro Hospitalar Médio Ave, EPE;41.3423984, -8.4802503;206
2019-12;Região de Saúde Norte;Hospital de Magalhães Lemos, EPE;41.1764649, -8.6649823;21
2019-12;Serviços Centrais;Instituto Português Do Sangue e Da Transplantação, IP;38.7567758, -9.1505021;119
2020-03;Região de Saúde Norte;Unidade Local de Saúde do Nordeste, EPE;41.8056532, -6.7888197;147
2020-06;Região de Saúde Norte;Centro Hospitalar Vila Nova Gaia/Espinho, EPE;41.1094138, -8.5972617;218
2020-06;Serviços Centrais;Instituto Nacional Saúde Dr. Ricardo Jorge - Lisboa;38.7643827, -9.1663422;22
2020-06;Região de Saúde Norte;Centro Hospitalar Universitário do Porto, EPE;41.1472498, -8.6172617;210
2020-06;Região de Saúde do Centro;Hospital Dr. Francisco Zagalo - Ovar;40.8571967, -8.6318023;58
2014-06;Região de Saúde LVT;Hospital Fernando Fonseca, EPE;38.7422257, -9.2264834;108
2014-12;Região de Saúde Norte;Administração Regional de Saúde do Norte;41.1576321, -8.6066408;0
2015-03;Região de Saúde do Alentejo;Unidade Local de Saúde do Norte Alentejano, EPE;39.3003425, -7.4263845;76
2015-09;Região de Saúde do Centro;Hospital José Luciano de Castro - Anadia;40.442326, -8.441689;0
2015-12;Região de Saúde do Centro;Unidade Local de Saúde da Guarda, EPE;40.5309916, -7.2734793;236
2016-03;Região de Saúde do Alentejo;Hospital Espírito Santo de Évora, EPE;38.5684861, -7.9032848;120
2016-03;Região de Saúde do Centro;Hospital Rovisco Pais;40.297919, -8.7707806;26
2016-06;Região de Saúde do Centro;Centro Hospitalar Tondela-Viseu, EPE;40.516364, -8.0827433;82
2017-06;Serviços Centrais;Administração Central do Sistema de Saúde, I.P;38.759209, -9.148981;10
2017-06;Região de Saúde LVT;Centro Hospitalar de Lisboa - Zona Ocidental, EPE;38.708454, -9.216985;352
2017-09;Região de Saúde Norte;Centro Hospitalar do Tâmega e Sousa, EPE;41.2494561, -8.264901;173
2018-03;Região de Saúde do Centro;Unidade Local de Saúde da Guarda, EPE;40.5309916, -7.2734793;264
2018-06;Região de Saúde Norte;Hospital Distrital S.Maria Maior, EPE - Barcelos;41.5324234, -8.6171561;182
2019-03;Região de Saúde LVT;Centro Hospitalar do Oeste, EPE;39.4054629, -9.1258493;107
2019-12;Região de Saúde Norte;Unidade Local de Saúde do Alto Minho, EPE;41.7056054, -8.8252713;157
2019-12;Região de Saúde Norte;Centro Hospitalar Universitário de São João, EPE;41.1831056, -8.6010558;120
2020-06;Região de Saúde do Alentejo;Administração Regional de Saúde do Alentejo;38.5658579, -7.9136262;27
2020-06;Serviços Centrais;Administração Central do Sistema de Saúde, I.P;38.759209, -9.148981;4
2020-12;Região de Saúde Norte;Unidade Local de Saúde de Matosinhos, EPE;41.1794456, -8.6745115;145
2020-12;Região de Saúde LVT;Instituto de Oftalmologia Dr. Gama Pinto;38.7218793, -9.144249;64
2021-06;Região de Saúde LVT;Centro Hospitalar do Barreiro - Montijo, EPE;38.6554005, -9.0592392;191
2021-06;Região de Saúde Norte;Hospital da Senhora da Oliveira Guimarães, EPE;41.4387173, -8.3086907;213
2021-09;Região de Saúde LVT;Instituto de Oftalmologia Dr. Gama Pinto;38.7218793, -9.144249;90
2021-12;Região de Saúde do Centro;Unidade Local de Saúde de Castelo Branco, EPE;39.8212263, -7.4981271;211
2022-03;Região de Saúde Norte;Unidade Local de Saúde do Alto Minho, EPE;41.7056054, -8.8252713;227
2022-09;Região de Saúde Norte;Hospital de Braga, EPE;39.4054629, -9.1258493;114
2022-12;Região de Saúde LVT;Hospital de Vila Franca de Xira, EPE;38.9777435, -8.9847644;35
2022-12;Serviços Centrais;Instituto Nacional de Emergência Médica;38.7314304, -9.142532;
2022-12;Serviços Centrais;Direção Executiva do Serviço Nacional de Saúde, I.P.;41.1831056, -8.6010558;
2023-03;Região de Saúde Norte;Centro Hospitalar Médio Ave, EPE;41.3423984, -8.4802503;205
2023-06;Serviços Centrais;Instituto Português Do Sangue e Da Transplantação, IP;38.7567758, -9.1505021;23
2023-09;Região de Saúde LVT;Hospital de Loures, EPE;38.8214678, -9.176741;54
2023-12;Região de Saúde LVT;Hospital Fernando Fonseca, EPE;38.7422257, -9.2264834;138
2023-12;Serviços Centrais;Instituto Nacional Saúde Dr. Ricardo Jorge - Lisboa;38.7643827, -9.1663422;43
2020-03;Região de Saúde do Centro;Unidade Local de Saúde da Guarda, EPE;40.5309916, -7.2734793;165
2020-03;Região de Saúde do Centro;Centro Hospitalar Tondela-Viseu, EPE;40.516364, -8.0827433;180
2020-03;Região de Saúde do Centro;Hospital Dr. Francisco Zagalo - Ovar;40.8571967, -8.6318023;44
2020-03;Região de Saúde LVT;Administração Regional de Saúde de Lisboa e Vale do Tejo;38.7490049, -9.1417844;28
2021-03;Região de Saúde Norte;Centro Hospitalar Universitário do Porto, EPE;41.1472498, -8.6172617;173
2021-03;Região de Saúde LVT;Centro Hospitalar de Setúbal, EPE;38.5283754, -8.8818638;222
2021-03;Região de Saúde do Alentejo;Hospital Espírito Santo de Évora, EPE;38.5684861, -7.9032848;137
2021-06;Serviços Centrais;Administração Central do Sistema de Saúde, I.P;38.759209, -9.148981;7
2021-09;Região de Saúde do Centro;Hospital Dr. Francisco Zagalo - Ovar;40.8571967, -8.6318023;85
2021-12;Região de Saúde LVT;Centro Hospitalar Médio Tejo, EPE;39.478072, -8.5404429;107
2021-12;Região de Saúde do Centro;Hospital Distrital Figueira da Foz, EPE;40.117897, -8.8586755;157
2022-06;Região de Saúde Norte;Administração Regional de Saúde do Norte;41.1576321, -8.6066408;46
2022-09;Região de Saúde do Centro;Hospital Distrital Figueira da Foz, EPE;40.117897, -8.8586755;179
2022-09;Região de Saúde do Centro;Centro Hospitalar do Baixo Vouga, EPE;40.6362453, -8.6543716;176
2023-03;Região de Saúde Norte;Centro Hospitalar Póvoa Varzim / Vila do Conde, EPE;41.3828711, -8.7589945;207
2023-03;Região de Saúde do Centro;Centro Hospitalar Universitário Cova da Beira, EPE;40.2804158, -7.4922407;163
2023-09;Serviços Centrais;Direção Executiva do Serviço Nacional de Saúde, I.P.;41.1831056, -8.6010558;
2023-09;Região de Saúde Norte;Centro Hospitalar Vila Nova Gaia/Espinho, EPE;41.1094138, -8.5972617;203
2023-09;Região de Saúde LVT;Centro Hospitalar Universitário de Lisboa Central, EPE;38.7166948, -9.1371248;262
2023-12;Região de Saúde LVT;Centro Hospitalar Médio Tejo, EPE;39.478072, -8.5404429;135
2023-12;Região de Saúde Norte;Centro Hospitalar Universitário do Porto, EPE;41.1472498, -8.6172617;
2023-12;Região de Saúde LVT;Centro Hospitalar do Barreiro - Montijo, EPE;38.6554005, -9.0592392;183
2024-09;Região de Saúde LVT;Unidade Local de Saúde de Lisboa Ocidental, E. P. E.;38.708454, -9.216985;140
2024-09;Região de Saúde Norte;Administração Regional de Saúde do Norte;41.1576321, -8.6066408;47
2014-03;Região de Saúde do Centro;Hospital Distrital Figueira da Foz, EPE;40.117897, -8.8586755;353
2014-06;Região de Saúde do Centro;Hospital Distrital Figueira da Foz, EPE;40.117897, -8.8586755;300
2014-06;Região de Saúde do Alentejo;Unidade Local de Saúde do Baixo Alentejo, EPE;38.014123, -7.8721227;463
2014-06;Região de Saúde Norte;Unidade Local de Saúde do Nordeste, EPE;41.8056532, -6.7888197;366
2014-09;Região de Saúde do Alentejo;Unidade Local de Saúde do Norte Alentejano, EPE;39.3003425, -7.4263845;89
2014-09;Região de Saúde LVT;Instituto de Oftalmologia Dr. Gama Pinto;38.7218793, -9.144249;67
2014-12;Região de Saúde LVT;Centro Hospitalar Universitário Lisboa Norte, EPE;38.7500861, -9.1616116;504
2014-12;Região de Saúde do Centro;Centro Hospitalar do Baixo Vouga, EPE;40.6362453, -8.6543716;652
2015-03;Região de Saúde do Alentejo;Hospital Espírito Santo de Évora, EPE;38.5684861, -7.9032848;100
2015-03;Região de Saúde LVT;Centro Hospitalar do Oeste, SPA;39.4054629, -9.1258493;69
2015-06;Região de Saúde Norte;Centro Hospitalar Trás-os-Montes e Alto Douro, EPE;41.3031784, -7.7515252;193
2015-06;Região de Saúde LVT;Centro Hospitalar de Setúbal, EPE;38.5283754, -8.8818638;587
2015-06;Região de Saúde do Centro;Hospital Rovisco Pais;40.297919, -8.7707806;19
2015-06;Serviços Centrais;Administração Central do Sistema de Saúde, I.P;38.759209, -9.148981;0
2015-06;Região de Saúde do Alentejo;Unidade Local de Saúde do Litoral Alentejano, EPE;38.0162314, -8.6956768;41
2015-06;Região de Saúde Norte;Centro Hospitalar de Entre o Douro e Vouga, EPE;40.9293884, -8.5458794;34
2015-06;Região de Saúde do Algarve;Centro Hospitalar Universitário do Algarve, E.P.E;37.0238973, -7.9281554;167
2015-06;Região de Saúde do Centro;Administração Regional de Saúde do Centro;40.2038123, -8.4216163;0
2015-09;Região de Saúde do Alentejo;Unidade Local de Saúde do Litoral Alentejano, EPE;38.0162314, -8.6956768;33
2015-09;Região de Saúde do Alentejo;Unidade Local de Saúde do Norte Alentejano, EPE;39.3003425, -7.4263845;72
2015-09;Região de Saúde Norte;Unidade Local de Saúde do Nordeste, EPE;41.8056532, -6.7888197;284
2015-09;Região de Saúde do Centro;Centro Hospitalar e Universitário de Coimbra, EPE;40.2191523, -8.4098211;200
2015-09;Região de Saúde do Centro;Hospital Rovisco Pais;40.297919, -8.7707806;18
2015-12;Região de Saúde LVT;Centro Hospitalar Psiquiátrico de Lisboa, SPA;38.7569771, -9.1460705;71
2015-12;Região de Saúde LVT;Hospital Distrital Santarém, EPE;39.2410946, -8.6937515;523
2015-12;Região de Saúde LVT;Centro Hospitalar de Setúbal, EPE;38.5283754, -8.8818638;424
2016-03;Região de Saúde do Centro;Hospital José Luciano de Castro - Anadia;40.442326, -8.441689;0
2016-06;Região de Saúde Norte;Hospital de Magalhães Lemos, EPE;41.1764649, -8.6649823;12
2016-09;Região de Saúde Norte;Centro Hospitalar Póvoa Varzim / Vila do Conde, EPE;41.3828711, -8.7589945;177
2016-09;Serviços Centrais;Instituto Português do Sangue e da Transplantação, IP;38.7567758, -9.1505021;0
2016-09;Região de Saúde Norte;Hospital Distrital S.Maria Maior, EPE - Barcelos;41.5324234, -8.6171561;131
2016-09;Região de Saúde LVT;Hospital Fernando Fonseca, EPE;38.7422257, -9.2264834;125
2016-09;Região de Saúde LVT;Centro Hospitalar de Lisboa - Zona Ocidental, EPE;38.708454, -9.216985;320
2016-09;Região de Saúde Norte;Unidade Local de Saúde do Nordeste, EPE;41.8056532, -6.7888197;232
2016-09;Região de Saúde do Algarve;Administração Regional de Saúde do Algarve;37.0272677, -7.9490091;0
2017-03;Região de Saúde Norte;Centro Hospitalar Universitário de São João, EPE;41.1831056, -8.6010558;101
2017-03;Região de Saúde do Centro;Hospital Distrital Figueira da Foz, EPE;40.117897, -8.8586755;164
2017-03;Região de Saúde Norte;Unidade Local de Saúde de Matosinhos, EPE;41.1794456, -8.6745115;342
2017-03;Região de Saúde LVT;Hospital Distrital Santarém, EPE;39.2410946, -8.6937515;471
2017-06;Região de Saúde do Centro;Centro Hospitalar de Leiria, EPE;39.7414812, -8.7982706;59
2017-09;Região de Saúde do Centro;Hospital Dr. Francisco Zagalo - Ovar;40.8571967, -8.6318023;48
2017-09;Região de Saúde LVT;Hospital Distrital Santarém, EPE;39.2410946, -8.6937515;397
2017-12;Região de Saúde LVT;Centro Hospitalar de Lisboa - Zona Ocidental, EPE;38.708454, -9.216985;356
2017-12;Região de Saúde LVT;Instituto de Oftalmologia Dr. Gama Pinto;38.7218793, -9.144249;32
2018-03;Região de Saúde do Alentejo;Administração Regional de Saúde do Alentejo;38.5658579, -7.9136262;31
2018-03;Região de Saúde Norte;Centro Hospitalar do Tâmega e Sousa, EPE;41.2494561, -8.264901;222
2018-03;Região de Saúde LVT;Centro Hospitalar do Barreiro - Montijo, EPE;38.6554005, -9.0592392;278
2018-06;Região de Saúde LVT;Centro Hospitalar de Setúbal, EPE;38.5283754, -8.8818638;437
2018-06;Região de Saúde LVT;Hospital Distrital Santarém, EPE;39.2410946, -8.6937515;318
2018-06;Região de Saúde LVT;Instituto de Oftalmologia Dr. Gama Pinto;38.7218793, -9.144249;35
2018-09;Região de Saúde LVT;Centro Hospitalar Médio Tejo, EPE;39.478072, -8.5404429;277
2018-09;Região de Saúde LVT;Instituto de Oftalmologia Dr. Gama Pinto;38.7218793, -9.144249;39
2018-12;Região de Saúde do Centro;Unidade Local de Saúde de Castelo Branco, EPE;39.8212263, -7.4981271;66
2019-03;Região de Saúde LVT;Centro Hospitalar do Barreiro - Montijo, EPE;38.6554005, -9.0592392;289
2019-03;Região de Saúde Norte;Centro Hospitalar Médio Ave, EPE;41.3423984, -8.4802503;303
2019-03;Região de Saúde do Centro;Hospital Distrital Figueira da Foz, EPE;40.117897, -8.8586755;136
2019-03;Região de Saúde Norte;Unidade Local de Saúde do Nordeste, EPE;41.8056532, -6.7888197;152
2019-06;Região de Saúde do Centro;Administração Regional de Saúde do Centro;40.2038123, -8.4216163;57
2019-06;Região de Saúde do Alentejo;Unidade Local de Saúde do Norte Alentejano, EPE;39.3003425, -7.4263845;89
2019-12;Região de Saúde LVT;Centro Hospitalar de Lisboa - Zona Ocidental, EPE;38.708454, -9.216985;274
2019-12;Região de Saúde Norte;Unidade Local de Saúde de Matosinhos, EPE;41.1794456, -8.6745115;139
2019-12;Região de Saúde LVT;Instituto Português de Oncologia de Lisboa, EPE;38.7396768, -9.1634516;199
2020-03;Região de Saúde Norte;Centro Hospitalar Universitário do Porto, EPE;41.1472498, -8.6172617;218
2020-03;Região de Saúde Norte;Centro Hospitalar Médio Ave, EPE;41.3423984, -8.4802503;185
2020-06;Região de Saúde LVT;Hospital Garcia de Orta, EPE - Almada;38.6658713, -9.1822554;144
2020-09;Região de Saúde do Centro;Instituto Português de Oncologia de Coimbra, EPE;40.2162514, -8.4103814;78
2020-09;Serviços Centrais;Instituto Nacional Saúde Dr. Ricardo Jorge - Lisboa;38.7643827, -9.1663422;18
2020-12;Região de Saúde do Centro;Hospital Distrital Figueira da Foz, EPE;40.117897, -8.8586755;156
2020-12;Região de Saúde Norte;Hospital Distrital S.Maria Maior, EPE - Barcelos;41.5324234, -8.6171561;125
2020-12;Região de Saúde do Centro;Unidade Local de Saúde de Castelo Branco, EPE;39.8212263, -7.4981271;149
2020-12;Região de Saúde LVT;Centro Hospitalar Psiquiátrico de Lisboa, SPA;38.7569771, -9.1460705;38
2021-03;Região de Saúde do Centro;Centro Hospitalar Tondela-Viseu, EPE;40.516364, -8.0827433;171
2021-06;Região de Saúde do Centro;Administração Regional de Saúde do Centro;40.2038123, -8.4216163;42
2021-06;Região de Saúde LVT;Hospital Distrital Santarém, EPE;39.2410946, -8.6937515;133
2021-09;Região de Saúde LVT;Hospital de Vila Franca de Xira, EPE;38.9777435, -8.9847644;
2021-09;Região de Saúde do Centro;Hospital Arcebispo João Crisóstomo - Cantanhede;40.3470015, -8.5933462;58
2022-03;Região de Saúde Norte;Centro Hospitalar Médio Ave, EPE;41.3423984, -8.4802503;176
2022-03;Região de Saúde do Alentejo;Administração Regional de Saúde do Alentejo;38.5658579, -7.9136262;35
2022-03;Região de Saúde LVT;Hospital de Loures, EPE;38.8214678, -9.176741;
2022-06;Região de Saúde LVT;Hospital Garcia de Orta, EPE - Almada;38.6658713, -9.1822554;186
2022-06;Serviços Centrais;Instituto Nacional Saúde Dr. Ricardo Jorge - Lisboa;38.7643827, -9.1663422;105
2022-06;Região de Saúde Norte;Unidade Local de Saúde de Matosinhos, EPE;41.1794456, -8.6745115;185
2022-06;Região de Saúde do Centro;Centro Hospitalar do Baixo Vouga, EPE;40.6362453, -8.6543716;148
2022-09;Região de Saúde Norte;Unidade Local de Saúde do Nordeste, EPE;41.8056532, -6.7888197;160
2022-12;Região de Saúde do Centro;Hospital Arcebispo João Crisóstomo - Cantanhede;40.3470015, -8.5933462;41
2023-03;Região de Saúde do Centro;Hospital Arcebispo João Crisóstomo - Cantanhede;40.3470015, -8.5933462;43
2023-09;Região de Saúde LVT;Hospital Garcia de Orta, EPE - Almada;38.6658713, -9.1822554;185
2023-09;Região de Saúde Norte;Centro Hospitalar do Tâmega e Sousa, EPE;41.2494561, -8.264901;185
2023-09;Região de Saúde do Alentejo;Unidade Local de Saúde do Baixo Alentejo, EPE;38.014123, -7.8721227;126
2023-09;Região de Saúde do Centro;Centro Hospitalar Universitário Cova da Beira, EPE;40.2804158, -7.4922407;152
2023-12;Região de Saúde Norte;Centro Hospitalar de Entre o Douro e Vouga, EPE;40.9293884, -8.5458794;146
2023-12;Região de Saúde do Centro;Administração Regional de Saúde do Centro;40.2038123, -8.4216163;40
2024-03;Região de Saúde Norte;Unidade Local de Saúde de Barcelos/Esposende, E. P. E.;41.5324234, -8.6171561;99
2024-03;Região de Saúde LVT;Unidade Local de Saúde do Arco Ribeirinho, E. P. E.;38.6554005, -9.0592392;172
2024-03;Região de Saúde LVT;Unidade Local de Saúde do Oeste, E. P. E.;39.4054629, -9.1258493;151
2024-06;Região de Saúde do Centro;Unidade Local de Saúde do Baixo Mondego, E. P. E.;40.117897, -8.8586755;67
2024-06;Região de Saúde Norte;UNIDADE LOCAL DE SAÚDE ALTO MINHO, EPE;41.7056054, -8.8252713;111
2024-06;Região de Saúde do Algarve;Unidade Local de Saúde do Algarve, E. P. E.;37.0238973, -7.9281554;102
2024-06;Região de Saúde LVT;Unidade Local de Saúde do Oeste, E. P. E.;39.4054629, -9.1258493;132
2014-03;Região de Saúde Norte;Hospital da Senhora da Oliveira Guimarães, EPE;41.4387173, -8.3086907;0
2018-09;Região de Saúde Norte;Instituto Português de Oncologia do Porto, EPE;41.1785642, -8.6062881;104
2019-12;Região de Saúde do Alentejo;Unidade Local de Saúde do Baixo Alentejo, EPE;38.014123, -7.8721227;182
2020-06;Região de Saúde LVT;Hospital Fernando Fonseca, EPE;38.7422257, -9.2264834;149
2020-09;Região de Saúde Norte;Hospital Distrital S.Maria Maior, EPE - Barcelos;41.5324234, -8.6171561;113
2021-03;Região de Saúde do Centro;Administração Regional de Saúde do Centro;40.2038123, -8.4216163;41
2021-09;Região de Saúde LVT;Centro Hospitalar Universitário de Lisboa Central, EPE;38.7166948, -9.1371248;284
2022-03;Região de Saúde do Centro;Centro Hospitalar do Baixo Vouga, EPE;40.6362453, -8.6543716;176
2022-12;Região de Saúde do Algarve;Administração Regional de Saúde do Algarve;37.0272677, -7.9490091;27
2023-03;Região de Saúde LVT;Centro Hospitalar Universitário Lisboa Norte, EPE;38.7500861, -9.1616116;167
2023-12;Região de Saúde do Alentejo;Unidade Local de Saúde do Baixo Alentejo, EPE;38.014123, -7.8721227;122
2014-06;Serviços Centrais;Instituto Nacional Saúde Dr. Ricardo Jorge - Lisboa;38.7643827, -9.1663422;0
2014-12;Região de Saúde do Centro;Unidade Local de Saúde da Guarda, EPE;40.5309916, -7.2734793;288
2015-03;Região de Saúde do Centro;Hospital Dr. Francisco Zagalo - Ovar;40.8571967, -8.6318023;24
2015-12;Serviços Centrais;Instituto Português do Sangue e da Transplantação, IP;38.7567758, -9.1505021;0
2016-03;Serviços Centrais;Instituto Nacional Saúde Dr. Ricardo Jorge - Lisboa;38.7643827, -9.1663422;0
2016-03;Região de Saúde do Alentejo;Unidade Local de Saúde do Baixo Alentejo, EPE;38.014123, -7.8721227;294
2016-03;Região de Saúde Norte;Centro Hospitalar Médio Ave, EPE;41.3423984, -8.4802503;208
2016-06;Região de Saúde LVT;Centro Hospitalar Psiquiátrico de Lisboa, SPA;38.7569771, -9.1460705;73
2016-06;Região de Saúde do Centro;Hospital José Luciano de Castro - Anadia;40.442326, -8.441689;0
2017-03;Região de Saúde Norte;Centro Hospitalar Trás-os-Montes e Alto Douro, EPE;41.3031784, -7.7515252;286
2017-06;Região de Saúde Norte;Centro Hospitalar do Alto Ave, EPE;41.4387173, -8.3086907;0
2017-09;Região de Saúde Norte;Centro Hospitalar Trás-os-Montes e Alto Douro, EPE;41.3031784, -7.7515252;315
2018-03;Região de Saúde LVT;Hospital Distrital Santarém, EPE;39.2410946, -8.6937515;342
2018-09;Região de Saúde do Alentejo;Unidade Local de Saúde do Baixo Alentejo, EPE;38.014123, -7.8721227;226
2018-09;Região de Saúde do Centro;Hospital Arcebispo João Crisóstomo - Cantanhede;40.3470015, -8.5933462;16
2019-03;Região de Saúde do Alentejo;Unidade Local de Saúde do Litoral Alentejano, EPE;38.0162314, -8.6956768;58
2019-06;Região de Saúde do Alentejo;Hospital Espírito Santo de Évora, EPE;38.5684861, -7.9032848;126
2020-03;Região de Saúde LVT;Centro Hospitalar Psiquiátrico de Lisboa, SPA;38.7569771, -9.1460705;34
2021-06;Região de Saúde do Algarve;Centro Hospitalar Universitário do Algarve, E.P.E;37.0238973, -7.9281554;171
2021-09;Região de Saúde do Centro;Centro Hospitalar de Leiria, EPE;39.7414812, -8.7982706;191
2022-03;Região de Saúde Norte;Hospital de Magalhães Lemos, EPE;41.1764649, -8.6649823;12
2022-09;Região de Saúde LVT;Instituto Português de Oncologia de Lisboa, EPE;38.7396768, -9.1634516;193
2022-09;Região de Saúde LVT;Centro Hospitalar de Setúbal, EPE;38.5283754, -8.8818638;183
2022-09;Região de Saúde Norte;Centro Hospitalar de Entre o Douro e Vouga, EPE;40.9293884, -8.5458794;185
2022-09;Região de Saúde Norte;Administração Regional de Saúde do Norte;41.1576321, -8.6066408;48
2022-09;Região de Saúde Norte;Centro Hospitalar Póvoa Varzim / Vila do Conde, EPE;41.3828711, -8.7589945;220
2023-03;Região de Saúde LVT;Centro Hospitalar de Setúbal, EPE;38.5283754, -8.8818638;179
2023-03;Região de Saúde do Algarve;Administração Regional de Saúde do Algarve;37.0272677, -7.9490091;32
2023-06;Região de Saúde do Algarve;Centro Hospitalar Universitário do Algarve, E.P.E;37.0238973, -7.9281554;153
2023-09;Região de Saúde Norte;Unidade Local de Saúde do Nordeste, EPE;41.8056532, -6.7888197;156
2023-09;Região de Saúde do Centro;Unidade Local de Saúde de Castelo Branco, EPE;39.8212263, -7.4981271;142
2023-12;Região de Saúde do Algarve;Administração Regional de Saúde do Algarve;37.0272677, -7.9490091;19
2024-03;Região de Saúde do Centro;Administração Regional de Saúde do Centro;40.2038123, -8.4216163;38
2024-06;Região de Saúde do Centro;Unidade Local de Saúde de Viseu Dão-Lafões, E. P. E.;40.516364, -8.0827433;122
2024-09;Região de Saúde Norte;Unidade Local de Saúde de Trás-os-Montes e Alto Douro, E. P. E.;41.3031784, -7.7515252;149
2024-12;Região de Saúde Norte;UNIDADE LOCAL DE SAUDE DO NORDESTE, EPE;41.8056532, -6.7888197;90
2015-09;Região de Saúde do Centro;Centro Hospitalar do Baixo Vouga, EPE;40.6362453, -8.6543716;342
2015-12;Região de Saúde Norte;Unidade Local de Saúde Alto Minho, EPE;41.7056054, -8.8252713;98
2016-03;Região de Saúde do Centro;Unidade Local de Saúde de Castelo Branco, EPE;39.8212263, -7.4981271;52
2016-03;Região de Saúde do Alentejo;Unidade Local de Saúde do Norte Alentejano, EPE;39.3003425, -7.4263845;80
2016-03;Região de Saúde Norte;Instituto Português de Oncologia do Porto, EPE;41.1785642, -8.6062881;39
2016-09;Região de Saúde do Centro;Centro Hospitalar Tondela-Viseu, EPE;40.516364, -8.0827433;95
2017-09;Região de Saúde LVT;Centro Hospitalar Médio Tejo, EPE;39.478072, -8.5404429;312
2017-09;Região de Saúde LVT;Centro Hospitalar de Setúbal, EPE;38.5283754, -8.8818638;514
2017-12;Região de Saúde do Alentejo;Hospital Espírito Santo de Évora, EPE;38.5684861, -7.9032848;178
2017-12;Região de Saúde LVT;Centro Hospitalar Universitário Lisboa Norte, EPE;38.7500861, -9.1616116;439
2017-12;Região de Saúde Norte;Centro Hospitalar do Tâmega e Sousa, EPE;41.2494561, -8.264901;207
2018-03;Serviços Centrais;Administração Central do Sistema de Saúde, I.P;38.759209, -9.148981;15
2019-12;Região de Saúde LVT;Centro Hospitalar do Oeste, EPE;39.4054629, -9.1258493;131
2020-03;Região de Saúde Norte;Centro Hospitalar Universitário de São João, EPE;41.1831056, -8.6010558;124
2020-03;Região de Saúde Norte;Hospital da Senhora da Oliveira Guimarães, EPE;41.4387173, -8.3086907;198
2020-03;Região de Saúde LVT;Hospital Distrital Santarém, EPE;39.2410946, -8.6937515;154
2020-06;Região de Saúde LVT;Instituto de Oftalmologia Dr. Gama Pinto;38.7218793, -9.144249;21
2020-06;Região de Saúde Norte;Administração Regional de Saúde do Norte;41.1576321, -8.6066408;38
2020-09;Região de Saúde Norte;Hospital de Braga, EPE;39.4054629, -9.1258493;41
2020-09;Região de Saúde LVT;Instituto de Oftalmologia Dr. Gama Pinto;38.7218793, -9.144249;37
2020-12;Região de Saúde do Alentejo;Hospital Espírito Santo de Évora, EPE;38.5684861, -7.9032848;131
2020-12;Região de Saúde do Centro;Centro Hospitalar Universitário Cova da Beira, EPE;40.2804158, -7.4922407;174
2020-12;Região de Saúde do Alentejo;Unidade Local de Saúde do Baixo Alentejo, EPE;38.014123, -7.8721227;122
2021-03;Região de Saúde do Centro;Instituto Português de Oncologia de Coimbra, EPE;40.2162514, -8.4103814;120
2021-03;Região de Saúde do Centro;Unidade Local de Saúde da Guarda, EPE;40.5309916, -7.2734793;121
2021-03;Região de Saúde do Centro;Hospital Dr. Francisco Zagalo - Ovar;40.8571967, -8.6318023;87
2021-06;Região de Saúde Norte;Centro Hospitalar Trás-os-Montes e Alto Douro, EPE;41.3031784, -7.7515252;167
2021-06;Região de Saúde do Centro;Centro Hospitalar e Universitário de Coimbra, EPE;40.2191523, -8.4098211;116
2021-09;Região de Saúde do Centro;Hospital Distrital Figueira da Foz, EPE;40.117897, -8.8586755;177
2021-09;Região de Saúde Norte;Instituto Português de Oncologia do Porto, EPE;41.1785642, -8.6062881;108
2021-09;Região de Saúde LVT;Administração Regional de Saúde de Lisboa e Vale do Tejo;38.7490049, -9.1417844;30
2021-12;Região de Saúde Norte;Instituto Português de Oncologia do Porto, EPE;41.1785642, -8.6062881;121
2021-12;Região de Saúde LVT;Hospital Fernando Fonseca, EPE;38.7422257, -9.2264834;160
2021-12;Região de Saúde LVT;Hospital de Loures, EPE;38.8214678, -9.176741;
2022-03;Região de Saúde do Alentejo;Hospital Espírito Santo de Évora, EPE;38.5684861, -7.9032848;137
2022-03;Região de Saúde LVT;Centro Hospitalar Psiquiátrico de Lisboa, SPA;38.7569771, -9.1460705;39
2022-03;Região de Saúde do Algarve;Centro Hospitalar Universitário do Algarve, E.P.E;37.0238973, -7.9281554;164
2022-06;Região de Saúde do Centro;Centro Hospitalar Tondela-Viseu, EPE;40.516364, -8.0827433;187
2022-06;Região de Saúde LVT;Hospital Distrital Santarém, EPE;39.2410946, -8.6937515;111
2022-06;Região de Saúde do Centro;Unidade Local de Saúde de Castelo Branco, EPE;39.8212263, -7.4981271;228
2022-06;Região de Saúde do Algarve;Administração Regional de Saúde do Algarve;37.0272677, -7.9490091;20
2022-09;Região de Saúde do Alentejo;Unidade Local de Saúde do Baixo Alentejo, EPE;38.014123, -7.8721227;162
2023-03;Região de Saúde Norte;Unidade Local de Saúde de Matosinhos, EPE;41.1794456, -8.6745115;184
2023-03;Serviços Centrais;Direção Executiva do Serviço Nacional de Saúde, I.P.;41.1831056, -8.6010558;0
2023-06;Região de Saúde do Centro;Hospital Distrital Figueira da Foz, EPE;40.117897, -8.8586755;158
2023-06;Região de Saúde do Centro;Centro Hospitalar do Baixo Vouga, EPE;40.6362453, -8.6543716;125
2023-09;Região de Saúde LVT;Centro Hospitalar Médio Tejo, EPE;39.478072, -8.5404429;156
2023-09;Região de Saúde do Centro;Centro Hospitalar e Universitário de Coimbra, EPE;40.2191523, -8.4098211;187
2023-12;Região de Saúde Norte;Unidade Local de Saúde do Nordeste, EPE;41.8056532, -6.7888197;138
2024-03;Região de Saúde do Centro;Unidade Local de Saúde da Cova da Beira, E. P. E.;40.2804158, -7.4922407;147
2024-03;Região de Saúde Norte;Unidade Local de Saúde de Gaia/Espinho, E. P. E.;41.1094138, -8.5972617;187
2024-03;Região de Saúde Norte;Unidade Local de Saúde do Alto Ave, E. P. E.;41.4387173, -8.3086907;166
2024-03;Região de Saúde do Alentejo;Administração Regional de Saúde do Alentejo;38.5658579, -7.9136262;20
2024-06;Região de Saúde Norte;INSTITUTO PORTUGUES DE ONCOLOGIA DO PORTO, EPE;41.1785642, -8.6062881;105
2024-06;Região de Saúde Norte;Unidade Local de Saúde de Entre Douro e Vouga, E. P. E.;40.9293884, -8.5458794;104
2024-06;Região de Saúde LVT;Administração Regional de Saúde de Lisboa e Vale do Tejo;38.7490049, -9.1417844;7
2024-06;Serviços Centrais;Direção Executiva do Serviço Nacional de Saúde, I.P.;41.1831056, -8.6010558;49
2024-09;Região de Saúde Norte;Unidade Local de Saúde de Barcelos/Esposende, E. P. E.;41.5324234, -8.6171561;31
2024-12;Região de Saúde Norte;Unidade Local de Saúde de Entre Douro e Vouga, E. P. E.;40.9293884, -8.5458794;73
2024-12;Região de Saúde do Centro;Unidade Local de Saúde da Região de Aveiro, E. P. E.;40.6362453, -8.6543716;52
2014-03;Região de Saúde do Alentejo;Unidade Local de Saúde do Litoral Alentejano, EPE;38.0162314, -8.6956768;292
2014-03;Região de Saúde do Alentejo;Unidade Local de Saúde do Norte Alentejano, EPE;39.3003425, -7.4263845;88
2014-03;Região de Saúde Norte;Centro Hospitalar Médio Ave, EPE;41.3423984, -8.4802503;125
2014-09;Região de Saúde Norte;Hospital da Senhora da Oliveira Guimarães, EPE;41.4387173, -8.3086907;0
2014-09;Região de Saúde do Centro;Hospital José Luciano de Castro - Anadia;40.442326, -8.441689;18
2014-09;Região de Saúde Norte;Centro Hospitalar Universitário de São João, EPE;41.1831056, -8.6010558;87
2014-09;Região de Saúde Norte;Centro Hospitalar Póvoa Varzim / Vila do Conde, EPE;41.3828711, -8.7589945;580
2014-12;Região de Saúde LVT;Hospital Distrital Santarém, EPE;39.2410946, -8.6937515;588
2014-12;Região de Saúde LVT;Centro Hospitalar de Setúbal, EPE;38.5283754, -8.8818638;720
2015-03;Região de Saúde do Centro;Hospital José Luciano de Castro - Anadia;40.442326, -8.441689;0
2015-03;Região de Saúde do Centro;Centro Hospitalar do Baixo Vouga, EPE;40.6362453, -8.6543716;611
2015-06;Região de Saúde LVT;Centro Hospitalar do Barreiro - Montijo, EPE;38.6554005, -9.0592392;363
2015-09;Região de Saúde Norte;Centro Hospitalar Póvoa Varzim / Vila do Conde, EPE;41.3828711, -8.7589945;308
2015-09;Região de Saúde do Centro;Administração Regional de Saúde do Centro;40.2038123, -8.4216163;0
2016-03;Região de Saúde LVT;Centro Hospitalar de Setúbal, EPE;38.5283754, -8.8818638;370
2016-03;Região de Saúde Norte;Hospital de Magalhães Lemos, EPE;41.1764649, -8.6649823;18
2016-03;Região de Saúde Norte;Administração Regional de Saúde do Norte;41.1576321, -8.6066408;0
2016-03;Região de Saúde do Centro;Centro Hospitalar de Leiria, EPE;39.7414812, -8.7982706;44
2016-06;Região de Saúde do Alentejo;Administração Regional de Saúde do Alentejo;38.5658579, -7.9136262;0
2016-06;Região de Saúde Norte;Unidade Local de Saúde Alto Minho, EPE;41.7056054, -8.8252713;115
2016-09;Região de Saúde do Centro;Instituto Português de Oncologia de Coimbra, EPE;40.2162514, -8.4103814;26
2016-12;Região de Saúde do Centro;Hospital Rovisco Pais;40.297919, -8.7707806;20
2016-12;Região de Saúde do Centro;Centro Hospitalar Tondela-Viseu, EPE;40.516364, -8.0827433;111
2016-12;Região de Saúde Norte;Centro Hospitalar Médio Ave, EPE;41.3423984, -8.4802503;207
2016-12;Região de Saúde do Centro;Unidade Local de Saúde da Guarda, EPE;40.5309916, -7.2734793;246
2017-06;Região de Saúde Norte;Centro Hospitalar Universitário de São João, EPE;41.1831056, -8.6010558;104
2017-06;Região de Saúde do Alentejo;Administração Regional de Saúde do Alentejo;38.5658579, -7.9136262;31
2017-06;Região de Saúde do Alentejo;Hospital Espírito Santo de Évora, EPE;38.5684861, -7.9032848;152
2017-09;Região de Saúde Norte;Centro Hospitalar de Entre o Douro e Vouga, EPE;40.9293884, -8.5458794;56
2017-09;Região de Saúde do Centro;Hospital Distrital Figueira da Foz, EPE;40.117897, -8.8586755;167
2017-09;Região de Saúde do Centro;Centro Hospitalar Universitário Cova da Beira, EPE;40.2804158, -7.4922407;342
2017-09;Região de Saúde Norte;Hospital de Magalhães Lemos, EPE;41.1764649, -8.6649823;14
2017-12;Região de Saúde Norte;Instituto Português de Oncologia do Porto, EPE;41.1785642, -8.6062881;106
2017-12;Região de Saúde do Centro;Hospital José Luciano de Castro - Anadia;40.442326, -8.441689;0
2017-12;Região de Saúde LVT;Administração Regional de Saúde de Lisboa e Vale do Tejo;38.7490049, -9.1417844;34
2017-12;Região de Saúde LVT;Centro Hospitalar do Barreiro - Montijo, EPE;38.6554005, -9.0592392;269
2018-03;Região de Saúde do Centro;Administração Regional de Saúde do Centro;40.2038123, -8.4216163;58
2018-03;Região de Saúde do Centro;Centro Hospitalar de Leiria, EPE;39.7414812, -8.7982706;90
2018-06;Região de Saúde do Centro;Centro Hospitalar do Baixo Vouga, EPE;40.6362453, -8.6543716;397
2018-06;Região de Saúde Norte;Hospital da Senhora da Oliveira Guimarães, EPE;41.4387173, -8.3086907;185
2018-09;Região de Saúde do Centro;Centro Hospitalar e Universitário de Coimbra, EPE;40.2191523, -8.4098211;250
2018-09;Região de Saúde Norte;Centro Hospitalar Vila Nova Gaia/Espinho, EPE;41.1094138, -8.5972617;322
2018-09;Região de Saúde do Centro;Centro Hospitalar de Leiria, EPE;39.7414812, -8.7982706;98
2018-09;Região de Saúde Norte;Centro Hospitalar do Alto Ave, EPE;41.4387173, -8.3086907;0
2018-09;Região de Saúde LVT;Centro Hospitalar do Barreiro - Montijo, EPE;38.6554005, -9.0592392;314
2018-12;Região de Saúde do Centro;Hospital Distrital Figueira da Foz, EPE;40.117897, -8.8586755;148
2019-03;Região de Saúde do Centro;Administração Regional de Saúde do Centro;40.2038123, -8.4216163;58
2019-03;Região de Saúde Norte;Centro Hospitalar de Entre o Douro e Vouga, EPE;40.9293884, -8.5458794;118
2019-03;Região de Saúde LVT;Centro Hospitalar de Lisboa - Zona Ocidental, EPE;38.708454, -9.216985;342
2019-03;Região de Saúde do Centro;Unidade Local de Saúde de Castelo Branco, EPE;39.8212263, -7.4981271;74
2019-03;Região de Saúde do Alentejo;Unidade Local de Saúde do Baixo Alentejo, EPE;38.014123, -7.8721227;175
2019-06;Região de Saúde LVT;Centro Hospitalar Psiquiátrico de Lisboa, SPA;38.7569771, -9.1460705;34
2019-09;Região de Saúde Norte;Centro Hospitalar Universitário do Porto, EPE;41.1472498, -8.6172617;279
2019-09;Região de Saúde LVT;Hospital Fernando Fonseca, EPE;38.7422257, -9.2264834;177
2019-09;Região de Saúde do Centro;Centro Hospitalar de Leiria, EPE;39.7414812, -8.7982706;98
2019-12;Região de Saúde LVT;Centro Hospitalar Psiquiátrico de Lisboa, SPA;38.7569771, -9.1460705;38
2020-03;Região de Saúde do Algarve;Administração Regional de Saúde do Algarve;37.0272677, -7.9490091;37
2020-03;Região de Saúde Norte;Unidade Local de Saúde do Alto Minho, EPE;41.7056054, -8.8252713;161
2020-06;Região de Saúde Norte;Centro Hospitalar Médio Ave, EPE;41.3423984, -8.4802503;170
2020-12;Região de Saúde do Algarve;Administração Regional de Saúde do Algarve;37.0272677, -7.9490091;65
2021-03;Região de Saúde do Centro;Centro Hospitalar de Leiria, EPE;39.7414812, -8.7982706;156
2021-03;Região de Saúde LVT;Centro Hospitalar Psiquiátrico de Lisboa, SPA;38.7569771, -9.1460705;35
2021-03;Região de Saúde LVT;Centro Hospitalar de Lisboa - Zona Ocidental, EPE;38.708454, -9.216985;186
2021-06;Região de Saúde Norte;Unidade Local de Saúde de Matosinhos, EPE;41.1794456, -8.6745115;174
2021-09;Região de Saúde do Alentejo;Administração Regional de Saúde do Alentejo;38.5658579, -7.9136262;32
2021-12;Serviços Centrais;Instituto Nacional Saúde Dr. Ricardo Jorge - Lisboa;38.7643827, -9.1663422;160
2021-12;Região de Saúde do Centro;Administração Regional de Saúde do Centro;40.2038123, -8.4216163;41
2022-03;Região de Saúde do Centro;Unidade Local de Saúde da Guarda, EPE;40.5309916, -7.2734793;158
2022-03;Região de Saúde do Algarve;Administração Regional de Saúde do Algarve;37.0272677, -7.9490091;20
2022-06;Região de Saúde do Centro;Instituto Português de Oncologia de Coimbra, EPE;40.2162514, -8.4103814;158
2022-06;Região de Saúde Norte;Unidade Local de Saúde do Nordeste, EPE;41.8056532, -6.7888197;162
2022-06;Região de Saúde Norte;Hospital da Senhora da Oliveira Guimarães, EPE;41.4387173, -8.3086907;242
2022-09;Serviços Centrais;Administração Central do Sistema de Saúde, I.P;38.759209, -9.148981;56
2022-12;Região de Saúde Norte;Centro Hospitalar Póvoa Varzim / Vila do Conde, EPE;41.3828711, -8.7589945;226
2022-12;Região de Saúde LVT;Centro Hospitalar de Lisboa - Zona Ocidental, EPE;38.708454, -9.216985;200
2022-12;Região de Saúde do Centro;Centro Hospitalar Tondela-Viseu, EPE;40.516364, -8.0827433;205
2022-12;Região de Saúde do Alentejo;Administração Regional de Saúde do Alentejo;38.5658579, -7.9136262;34
2022-12;Região de Saúde Norte;Unidade Local de Saúde de Matosinhos, EPE;41.1794456, -8.6745115;193
2023-03;Região de Saúde LVT;Centro Hospitalar Psiquiátrico de Lisboa, SPA;38.7569771, -9.1460705;20
2023-06;Região de Saúde LVT;Centro Hospitalar Universitário Lisboa Norte, EPE;38.7500861, -9.1616116;156
2023-06;Região de Saúde do Centro;Hospital Rovisco Pais;40.297919, -8.7707806;57
2023-09;Região de Saúde LVT;Instituto Português de Oncologia de Lisboa, EPE;38.7396768, -9.1634516;176
2023-09;Região de Saúde do Centro;Administração Regional de Saúde do Centro;40.2038123, -8.4216163;42
2023-09;Região de Saúde Norte;Centro Hospitalar Universitário de São João, EPE;41.1831056, -8.6010558;90
2023-09;Região de Saúde do Alentejo;Administração Regional de Saúde do Alentejo;38.5658579, -7.9136262;37
2023-12;Região de Saúde Norte;Centro Hospitalar Trás-os-Montes e Alto Douro, EPE;41.3031784, -7.7515252;166
2023-12;Região de Saúde LVT;Administração Regional de Saúde de Lisboa e Vale do Tejo;38.7490049, -9.1417844;22
2024-03;Região de Saúde LVT;Unidade Local de Saúde do Médio Tejo, E. P. E.;39.478072, -8.5404429;118
2024-03;Região de Saúde do Centro;INSTITUTO PORTUGUES DE ONCOLOGIA DE COIMBRA, EPE;40.2162514, -8.4103814;117
2024-03;Região de Saúde do Centro;Unidade Local de Saúde da Região de Aveiro, E. P. E.;40.6362453, -8.6543716;121
2024-06;Região de Saúde do Algarve;Administração Regional de Saúde do Algarve;37.0272677, -7.9490091;17
2024-12;Região de Saúde Norte;UNIDADE LOCAL DE SAÚDE DE MATOSINHOS, EPE;41.1794456, -8.6745115;81
2016-06;Região de Saúde do Centro;Unidade Local de Saúde da Guarda, EPE;40.5309916, -7.2734793;242
2016-06;Região de Saúde LVT;Centro Hospitalar de Lisboa - Zona Ocidental, EPE;38.708454, -9.216985;321
2016-06;Região de Saúde Norte;Centro Hospitalar Universitário de São João, EPE;41.1831056, -8.6010558;89
2016-09;Região de Saúde LVT;Hospital Distrital Santarém, EPE;39.2410946, -8.6937515;552
2016-09;Região de Saúde Norte;Unidade Local de Saúde de Matosinhos, EPE;41.1794456, -8.6745115;321
2016-12;Região de Saúde do Centro;Centro Hospitalar Universitário Cova da Beira, EPE;40.2804158, -7.4922407;398
2016-12;Região de Saúde Norte;Centro Hospitalar Trás-os-Montes e Alto Douro, EPE;41.3031784, -7.7515252;261
2016-12;Região de Saúde do Alentejo;Administração Regional de Saúde do Alentejo;38.5658579, -7.9136262;0
2016-12;Região de Saúde LVT;Instituto Português de Oncologia de Lisboa, EPE;38.7396768, -9.1634516;203
2017-03;Região de Saúde do Centro;Unidade Local de Saúde da Guarda, EPE;40.5309916, -7.2734793;241
2017-03;Região de Saúde LVT;Centro Hospitalar de Setúbal, EPE;38.5283754, -8.8818638;488
2017-03;Região de Saúde LVT;Centro Hospitalar Universitário Lisboa Norte, EPE;38.7500861, -9.1616116;478
2017-06;Região de Saúde Norte;Unidade Local de Saúde de Matosinhos, EPE;41.1794456, -8.6745115;349
2017-06;Região de Saúde do Centro;Instituto Português de Oncologia de Coimbra, EPE;40.2162514, -8.4103814;33
2017-09;Região de Saúde do Algarve;Centro Hospitalar Universitário do Algarve, E.P.E;37.0238973, -7.9281554;128
2017-09;Região de Saúde Norte;Unidade Local de Saúde de Matosinhos, EPE;41.1794456, -8.6745115;358
2017-09;Região de Saúde do Alentejo;Administração Regional de Saúde do Alentejo;38.5658579, -7.9136262;30
2017-09;Região de Saúde do Centro;Unidade Local de Saúde da Guarda, EPE;40.5309916, -7.2734793;257
2017-09;Região de Saúde LVT;Hospital Fernando Fonseca, EPE;38.7422257, -9.2264834;215
2017-09;Região de Saúde LVT;Centro Hospitalar de Lisboa - Zona Ocidental, EPE;38.708454, -9.216985;360
2018-03;Região de Saúde LVT;Centro Hospitalar Médio Tejo, EPE;39.478072, -8.5404429;292
2018-03;Região de Saúde Norte;Instituto Português de Oncologia do Porto, EPE;41.1785642, -8.6062881;113
2018-03;Região de Saúde do Alentejo;Unidade Local de Saúde do Baixo Alentejo, EPE;38.014123, -7.8721227;231
2018-03;Região de Saúde Norte;Centro Hospitalar de Entre o Douro e Vouga, EPE;40.9293884, -8.5458794;102
2018-06;Região de Saúde Norte;Centro Hospitalar Universitário do Porto, EPE;41.1472498, -8.6172617;288
2018-06;Região de Saúde Norte;Administração Regional de Saúde do Norte;41.1576321, -8.6066408;34
2018-06;Região de Saúde do Centro;Hospital Distrital Figueira da Foz, EPE;40.117897, -8.8586755;184
2018-09;Região de Saúde do Centro;Unidade Local de Saúde de Castelo Branco, EPE;39.8212263, -7.4981271;63
2018-09;Região de Saúde Norte;Unidade Local de Saúde do Nordeste, EPE;41.8056532, -6.7888197;206
2018-12;Região de Saúde do Centro;Centro Hospitalar do Baixo Vouga, EPE;40.6362453, -8.6543716;366
2019-03;Região de Saúde Norte;Administração Regional de Saúde do Norte;41.1576321, -8.6066408;32
2019-03;Região de Saúde LVT;Centro Hospitalar Universitário de Lisboa Central, EPE;38.717282, -9.136904;327
2019-09;Região de Saúde do Centro;Instituto Português de Oncologia de Coimbra, EPE;40.2162514, -8.4103814;61
2019-12;Região de Saúde LVT;Hospital Garcia de Orta, EPE - Almada;38.6658713, -9.1822554;163
2020-03;Região de Saúde Norte;Centro Hospitalar Póvoa Varzim / Vila do Conde, EPE;41.3828711, -8.7589945;220
2020-06;Região de Saúde Norte;Centro Hospitalar Universitário de São João, EPE;41.1831056, -8.6010558;135
2020-09;Região de Saúde LVT;Centro Hospitalar Médio Tejo, EPE;39.478072, -8.5404429;150
2021-06;Região de Saúde LVT;Hospital Garcia de Orta, EPE - Almada;38.6658713, -9.1822554;159
2021-12;Região de Saúde LVT;Centro Hospitalar Universitário de Lisboa Central, EPE;38.7166948, -9.1371248;271
2021-12;Região de Saúde do Alentejo;Unidade Local de Saúde do Litoral Alentejano, EPE;38.0162314, -8.6956768;164
2021-12;Região de Saúde LVT;Instituto de Oftalmologia Dr. Gama Pinto;38.7218793, -9.144249;89
2021-12;Região de Saúde do Centro;Hospital Dr. Francisco Zagalo - Ovar;40.8571967, -8.6318023;67
2022-06;Região de Saúde LVT;Centro Hospitalar Universitário de Lisboa Central, EPE;38.7166948, -9.1371248;265
2022-09;Região de Saúde Norte;Centro Hospitalar Universitário do Porto, EPE;41.1472498, -8.6172617;176
2023-06;Região de Saúde do Centro;Instituto Português de Oncologia de Coimbra, EPE;40.2162514, -8.4103814;136
2023-09;Região de Saúde Norte;Centro Hospitalar Universitário de Santo António, EPE;41.1472498, -8.6172617;134
2024-03;Região de Saúde do Centro;Unidade Local de Saúde do Baixo Mondego, E. P. E.;40.117897, -8.8586755;138
2024-06;Região de Saúde LVT;Unidade Local de Saúde de São José, E. P. E.;38.7166948, -9.1371248;182
2024-06;Região de Saúde do Centro;Unidade Local de Saúde da Cova da Beira, E. P. E.;40.2804158, -7.4922407;133
2024-06;Região de Saúde Norte;Unidade Local de Saúde de Barcelos/Esposende, E. P. E.;41.5324234, -8.6171561;40
2014-03;Região de Saúde do Centro;Unidade Local de Saúde de Castelo Branco, EPE;39.8212263, -7.4981271;57
2014-03;Região de Saúde LVT;Hospital Garcia de Orta, EPE - Almada;38.6658713, -9.1822554;259
2014-03;Região de Saúde Norte;Administração Regional de Saúde do Norte;41.1576321, -8.6066408;0
2014-03;Região de Saúde Norte;Unidade Local de Saúde de Matosinhos, EPE;41.1794456, -8.6745115;250
2014-03;Região de Saúde do Centro;Hospital Dr. Francisco Zagalo - Ovar;40.8571967, -8.6318023;11
2014-06;Região de Saúde Norte;Hospital de Magalhães Lemos, EPE;41.1764649, -8.6649823;21
2014-09;Região de Saúde LVT;Instituto Português de Oncologia de Lisboa, EPE;38.7396768, -9.1634516;137
2014-09;Região de Saúde Norte;Centro Hospitalar do Alto Ave, EPE;41.4387173, -8.3086907;94
2014-12;Região de Saúde Norte;Hospital Distrital S.Maria Maior, EPE - Barcelos;41.5324234, -8.6171561;61
2015-12;Região de Saúde Norte;Centro Hospitalar de Entre o Douro e Vouga, EPE;40.9293884, -8.5458794;37
2016-03;Região de Saúde do Centro;Centro Hospitalar Tondela-Viseu, EPE;40.516364, -8.0827433;74
2016-09;Região de Saúde Norte;Centro Hospitalar Universitário do Porto, EPE;41.1472498, -8.6172617;236
2017-03;Região de Saúde LVT;Centro Hospitalar de Lisboa - Zona Ocidental, EPE;38.708454, -9.216985;349
2017-06;Região de Saúde LVT;Centro Hospitalar Médio Tejo, EPE;39.478072, -8.5404429;280
2017-09;Região de Saúde Norte;Centro Hospitalar Vila Nova Gaia/Espinho, EPE;41.1094138, -8.5972617;318
2017-12;Região de Saúde do Alentejo;Unidade Local de Saúde do Litoral Alentejano, EPE;38.0162314, -8.6956768;54
2018-09;Região de Saúde LVT;Centro Hospitalar de Setúbal, EPE;38.5283754, -8.8818638;405
2018-12;Região de Saúde LVT;Hospital Distrital Santarém, EPE;39.2410946, -8.6937515;243
2019-03;Região de Saúde do Centro;Unidade Local de Saúde da Guarda, EPE;40.5309916, -7.2734793;193
2019-06;Região de Saúde LVT;Hospital Fernando Fonseca, EPE;38.7422257, -9.2264834;195
2019-09;Região de Saúde do Centro;Hospital Rovisco Pais;40.297919, -8.7707806;35
2020-03;Região de Saúde do Alentejo;Administração Regional de Saúde do Alentejo;38.5658579, -7.9136262;28
2020-09;Região de Saúde do Alentejo;Unidade Local de Saúde do Norte Alentejano, EPE;39.3003425, -7.4263845;115
2021-03;Região de Saúde Norte;Unidade Local de Saúde de Matosinhos, EPE;41.1794456, -8.6745115;158
2021-12;Região de Saúde do Alentejo;Unidade Local de Saúde do Baixo Alentejo, EPE;38.014123, -7.8721227;148
2021-12;Região de Saúde do Centro;Unidade Local de Saúde da Guarda, EPE;40.5309916, -7.2734793;150
2022-03;Região de Saúde LVT;Centro Hospitalar do Oeste, EPE;39.4054629, -9.1258493;167
2022-03;Região de Saúde LVT;Centro Hospitalar Universitário de Lisboa Central, EPE;38.7166948, -9.1371248;268
2022-06;Região de Saúde do Algarve;Centro Hospitalar Universitário do Algarve, E.P.E;37.0238973, -7.9281554;163
2022-09;Região de Saúde do Centro;Centro Hospitalar Tondela-Viseu, EPE;40.516364, -8.0827433;196
2022-12;Região de Saúde do Alentejo;Hospital Espírito Santo de Évora, EPE;38.5684861, -7.9032848;140
2022-12;Região de Saúde do Alentejo;Unidade Local de Saúde do Norte Alentejano, EPE;39.3003425, -7.4263845;118
2023-03;Região de Saúde LVT;Hospital de Loures, EPE;38.8214678, -9.176741;11
2023-09;Região de Saúde Norte;Centro Hospitalar de Entre o Douro e Vouga, EPE;40.9293884, -8.5458794;154
2023-09;Região de Saúde do Centro;Centro Hospitalar do Baixo Vouga, EPE;40.6362453, -8.6543716;114
2024-12;Região de Saúde Norte;Unidade Local de Saúde do Alto Ave, E. P. E.;41.4387173, -8.3086907;173
2024-12;Região de Saúde LVT;Unidade Local de Saúde de Lisboa Ocidental, E. P. E.;38.708454, -9.216985;122
2014-03;Região de Saúde do Centro;Centro Hospitalar e Universitário de Coimbra, EPE;40.2191523, -8.4098211;232
2014-03;Serviços Centrais;Administração Central do Sistema de Saúde, I.P;38.759209, -9.148981;0
2014-03;Região de Saúde Norte;Centro Hospitalar Universitário do Porto, EPE;41.1472498, -8.6172617;190
2014-06;Região de Saúde do Centro;Hospital Arcebispo João Crisóstomo - Cantanhede;40.3470015, -8.5933462;22
2016-12;Região de Saúde Norte;Instituto Português de Oncologia do Porto, EPE;41.1785642, -8.6062881;48
2016-12;Região de Saúde do Centro;Centro Hospitalar de Leiria, EPE;39.7414812, -8.7982706;53
2017-03;Região de Saúde Norte;Hospital de Magalhães Lemos, EPE;41.1764649, -8.6649823;7
2017-09;Região de Saúde do Centro;Centro Hospitalar de Leiria, EPE;39.7414812, -8.7982706;63
2017-09;Região de Saúde LVT;Centro Hospitalar do Oeste, SPA;39.4054629, -9.1258493;52
2017-09;Região de Saúde do Centro;Unidade Local de Saúde de Castelo Branco, EPE;39.8212263, -7.4981271;75
2017-12;Região de Saúde do Centro;Hospital Arcebispo João Crisóstomo - Cantanhede;40.3470015, -8.5933462;12
2018-03;Região de Saúde do Alentejo;Hospital Espírito Santo de Évora, EPE;38.5684861, -7.9032848;194
2018-03;Região de Saúde do Centro;Hospital José Luciano de Castro - Anadia;40.442326, -8.441689;0
2018-09;Região de Saúde do Centro;Unidade Local de Saúde da Guarda, EPE;40.5309916, -7.2734793;233
2020-03;Região de Saúde Norte;Centro Hospitalar de Entre o Douro e Vouga, EPE;40.9293884, -8.5458794;192
2020-09;Região de Saúde do Alentejo;Administração Regional de Saúde do Alentejo;38.5658579, -7.9136262;28
2020-12;Serviços Centrais;Instituto Nacional Saúde Dr. Ricardo Jorge - Lisboa;38.7643827, -9.1663422;13
2021-03;Região de Saúde LVT;Administração Regional de Saúde de Lisboa e Vale do Tejo;38.7490049, -9.1417844;29
2022-03;Região de Saúde Norte;Centro Hospitalar do Tâmega e Sousa, EPE;41.2494561, -8.264901;206
2022-06;Região de Saúde do Alentejo;Unidade Local de Saúde do Litoral Alentejano, EPE;38.0162314, -8.6956768;183
2022-12;Região de Saúde Norte;Centro Hospitalar Universitário de Santo António, EPE;41.1472498, -8.6172617;
2023-12;Região de Saúde LVT;Centro Hospitalar de Setúbal, EPE;38.5283754, -8.8818638;164
2023-12;Região de Saúde LVT;Centro Hospitalar Universitário Lisboa Norte, EPE;38.7500861, -9.1616116;148
2024-03;Região de Saúde Norte;Unidade Local de Saúde do Médio Ave, E. P. E.;41.3423984, -8.4802503;135
2024-09;Região de Saúde Norte;Unidade Local de Saúde do Tâmega e Sousa, E. P. E.;41.2494561, -8.264901;54
2024-12;Região de Saúde LVT;Unidade Local de Saúde do Médio Tejo, E. P. E.;39.478072, -8.5404429;66
2024-12;Região de Saúde Norte;Unidade Local de Saúde de Gaia/Espinho, E. P. E.;41.1094138, -8.5972617;138
2014-09;Região de Saúde do Centro;Hospital Rovisco Pais;40.297919, -8.7707806;36
2015-03;Região de Saúde do Centro;Hospital Rovisco Pais;40.297919, -8.7707806;18
2015-06;Região de Saúde LVT;Centro Hospitalar Universitário de Lisboa Central, EPE;38.7166948, -9.1371248;296
2015-06;Região de Saúde Norte;Centro Hospitalar Universitário de São João, EPE;41.1831056, -8.6010558;72
2015-06;Região de Saúde do Centro;Centro Hospitalar Tondela-Viseu, EPE;40.516364, -8.0827433;80
2015-09;Serviços Centrais;Instituto Português do Sangue e da Transplantação, IP;38.7567758, -9.1505021;0
2015-12;Região de Saúde do Centro;Centro Hospitalar de Leiria, EPE;39.7414812, -8.7982706;42
2017-03;Região de Saúde Norte;Administração Regional de Saúde do Norte;41.1576321, -8.6066408;40
2017-03;Região de Saúde Norte;Centro Hospitalar do Alto Ave, EPE;41.4387173, -8.3086907;0
2017-06;Região de Saúde Norte;Centro Hospitalar Vila Nova Gaia/Espinho, EPE;41.1094138, -8.5972617;289
2017-06;Região de Saúde do Centro;Hospital Rovisco Pais;40.297919, -8.7707806;23
2017-09;Região de Saúde Norte;Instituto Português de Oncologia do Porto, EPE;41.1785642, -8.6062881;88
2017-09;Região de Saúde LVT;Instituto de Oftalmologia Dr. Gama Pinto;38.7218793, -9.144249;30
2018-03;Região de Saúde do Centro;Hospital Arcebispo João Crisóstomo - Cantanhede;40.3470015, -8.5933462;13
2019-06;Região de Saúde Norte;Centro Hospitalar de Entre o Douro e Vouga, EPE;40.9293884, -8.5458794;121
2019-12;Região de Saúde Norte;Unidade Local de Saúde do Nordeste, EPE;41.8056532, -6.7888197;153
2019-12;Região de Saúde Norte;Administração Regional de Saúde do Norte;41.1576321, -8.6066408;35
2020-09;Serviços Centrais;Instituto Português Do Sangue e Da Transplantação, IP;38.7567758, -9.1505021;59
2020-12;Região de Saúde do Centro;Instituto Português de Oncologia de Coimbra, EPE;40.2162514, -8.4103814;94
2020-12;Região de Saúde do Centro;Hospital Arcebispo João Crisóstomo - Cantanhede;40.3470015, -8.5933462;47
2021-09;Região de Saúde Norte;Hospital de Magalhães Lemos, EPE;41.1764649, -8.6649823;16
2021-12;Região de Saúde LVT;Instituto Português de Oncologia de Lisboa, EPE;38.7396768, -9.1634516;197
2022-03;Região de Saúde Norte;Centro Hospitalar Trás-os-Montes e Alto Douro, EPE;41.3031784, -7.7515252;174
2023-03;Região de Saúde Norte;Centro Hospitalar Universitário de Santo António, EPE;41.1472498, -8.6172617;115
2014-03;Região de Saúde LVT;Hospital Distrital Santarém, EPE;39.2410946, -8.6937515;604
2014-06;Região de Saúde Norte;Centro Hospitalar Vila Nova Gaia/Espinho, EPE;41.1094138, -8.5972617;125
2015-12;Região de Saúde Norte;Centro Hospitalar do Alto Ave, EPE;41.4387173, -8.3086907;0
2016-09;Região de Saúde do Centro;Hospital Rovisco Pais;40.297919, -8.7707806;16
2015-12;Região de Saúde Norte;Hospital de Magalhães Lemos, EPE;41.1764649, -8.6649823;24
2015-12;Região de Saúde LVT;Centro Hospitalar Universitário Lisboa Norte, EPE;38.7500861, -9.1616116;388
2016-03;Região de Saúde Norte;Centro Hospitalar Trás-os-Montes e Alto Douro, EPE;41.3031784, -7.7515252;173
2017-03;Região de Saúde do Alentejo;Unidade Local de Saúde do Baixo Alentejo, EPE;38.014123, -7.8721227;245
2017-03;Região de Saúde Norte;Centro Hospitalar Universitário do Porto, EPE;41.1472498, -8.6172617;254
2017-06;Região de Saúde Norte;Hospital da Senhora da Oliveira Guimarães, EPE;41.4387173, -8.3086907;125
2017-12;Região de Saúde LVT;Centro Hospitalar de Setúbal, EPE;38.5283754, -8.8818638;506
2017-12;Região de Saúde do Centro;Unidade Local de Saúde da Guarda, EPE;40.5309916, -7.2734793;274
2018-12;Região de Saúde do Centro;Hospital Rovisco Pais;40.297919, -8.7707806;34
2018-12;Região de Saúde Norte;Administração Regional de Saúde do Norte;41.1576321, -8.6066408;33
2019-03;Região de Saúde LVT;Hospital Garcia de Orta, EPE - Almada;38.6658713, -9.1822554;186
2019-06;Região de Saúde LVT;Centro Hospitalar Universitário de Lisboa Central, EPE;38.717282, -9.136904;326
2014-03;Região de Saúde LVT;Hospital Fernando Fonseca, EPE;38.7422257, -9.2264834;115
2014-03;Região de Saúde Norte;Centro Hospitalar Vila Nova Gaia/Espinho, EPE;41.1094138, -8.5972617;131
2014-06;Região de Saúde Norte;Administração Regional de Saúde do Norte;41.1576321, -8.6066408;0
2014-06;Região de Saúde LVT;Centro Hospitalar Médio Tejo, EPE;39.478072, -8.5404429;590
2015-03;Região de Saúde LVT;Centro Hospitalar Psiquiátrico de Lisboa, SPA;38.7569771, -9.1460705;68
2015-03;Serviços Centrais;Administração Central do Sistema de Saúde, I.P;38.759209, -9.148981;0
2015-09;Região de Saúde LVT;Centro Hospitalar Psiquiátrico de Lisboa, SPA;38.7569771, -9.1460705;51
2015-09;Região de Saúde LVT;Administração Regional de Saúde de Lisboa e Vale do Tejo;38.7490049, -9.1417844;0
2015-12;Região de Saúde Norte;Centro Hospitalar Trás-os-Montes e Alto Douro, EPE;41.3031784, -7.7515252;178
2016-03;Região de Saúde do Centro;Instituto Português de Oncologia de Coimbra, EPE;40.2162514, -8.4103814;28
2016-03;Região de Saúde do Centro;Unidade Local de Saúde da Guarda, EPE;40.5309916, -7.2734793;232
2016-06;Região de Saúde do Centro;Hospital Rovisco Pais;40.297919, -8.7707806;20
2016-06;Região de Saúde Norte;Centro Hospitalar do Tâmega e Sousa, EPE;41.2494561, -8.264901;91
2016-12;Região de Saúde Norte;Centro Hospitalar Universitário de São João, EPE;41.1831056, -8.6010558;94
2017-03;Região de Saúde LVT;Hospital Garcia de Orta, EPE - Almada;38.6658713, -9.1822554;154
2017-06;Região de Saúde Norte;Centro Hospitalar Médio Ave, EPE;41.3423984, -8.4802503;220
2017-06;Região de Saúde LVT;Centro Hospitalar Psiquiátrico de Lisboa, SPA;38.7569771, -9.1460705;41
2017-12;Região de Saúde do Algarve;Administração Regional de Saúde do Algarve;37.0272677, -7.9490091;41
2017-12;Região de Saúde Norte;Centro Hospitalar Trás-os-Montes e Alto Douro, EPE;41.3031784, -7.7515252;301
2018-03;Região de Saúde Norte;Centro Hospitalar Universitário do Porto, EPE;41.1472498, -8.6172617;297
2018-06;Região de Saúde LVT;Centro Hospitalar Universitário de Lisboa Central, EPE;38.7166948, -9.1371248;317
2018-09;Região de Saúde do Alentejo;Unidade Local de Saúde do Norte Alentejano, EPE;39.3003425, -7.4263845;85
2018-12;Região de Saúde do Centro;Hospital Arcebispo João Crisóstomo - Cantanhede;40.3470015, -8.5933462;18
2018-12;Região de Saúde Norte;Centro Hospitalar Vila Nova Gaia/Espinho, EPE;41.1094138, -8.5972617;303
2019-09;Região de Saúde LVT;Instituto de Oftalmologia Dr. Gama Pinto;38.7218793, -9.144249;27
2019-09;Região de Saúde Norte;Centro Hospitalar Vila Nova Gaia/Espinho, EPE;41.1094138, -8.5972617;243
2020-03;Região de Saúde Norte;Instituto Português de Oncologia do Porto, EPE;41.1785642, -8.6062881;124
2020-03;Região de Saúde Norte;Hospital de Magalhães Lemos, EPE;41.1764649, -8.6649823;20
2020-06;Região de Saúde Norte;Unidade Local de Saúde do Alto Minho, EPE;41.7056054, -8.8252713;172
2020-09;Região de Saúde Norte;Unidade Local de Saúde do Nordeste, EPE;41.8056532, -6.7888197;141
2020-12;Serviços Centrais;Administração Central do Sistema de Saúde, I.P;38.759209, -9.148981;3
2020-12;Região de Saúde Norte;Centro Hospitalar Universitário de São João, EPE;41.1831056, -8.6010558;132
2021-03;Região de Saúde Norte;Hospital Distrital S.Maria Maior, EPE - Barcelos;41.5324234, -8.6171561;151
2021-03;Região de Saúde Norte;Hospital da Senhora da Oliveira Guimarães, EPE;41.4387173, -8.3086907;193
2022-06;Região de Saúde Norte;Centro Hospitalar do Tâmega e Sousa, EPE;41.2494561, -8.264901;205
2023-06;Região de Saúde Norte;Centro Hospitalar Universitário do Porto, EPE;41.1472498, -8.6172617;
2023-06;Região de Saúde Norte;Centro Hospitalar Médio Ave, EPE;41.3423984, -8.4802503;225
2023-06;Região de Saúde do Alentejo;Administração Regional de Saúde do Alentejo;38.5658579, -7.9136262;36
2021-03;Região de Saúde LVT;Hospital Garcia de Orta, EPE - Almada;38.6658713, -9.1822554;150
2021-03;Região de Saúde do Algarve;Centro Hospitalar Universitário do Algarve, E.P.E;37.0238973, -7.9281554;151
2021-03;Região de Saúde do Centro;Centro Hospitalar do Baixo Vouga, EPE;40.6362453, -8.6543716;193
2021-06;Região de Saúde do Centro;Unidade Local de Saúde de Castelo Branco, EPE;39.8212263, -7.4981271;180
2021-09;Região de Saúde do Alentejo;Hospital Espírito Santo de Évora, EPE;38.5684861, -7.9032848;139
2021-09;Região de Saúde LVT;Centro Hospitalar Médio Tejo, EPE;39.478072, -8.5404429;170
2022-12;Região de Saúde do Centro;Unidade Local de Saúde de Castelo Branco, EPE;39.8212263, -7.4981271;217
2023-12;Região de Saúde do Algarve;Centro Hospitalar Universitário do Algarve, E.P.E;37.0238973, -7.9281554;159
2024-06;Região de Saúde do Centro;Administração Regional de Saúde do Centro;40.2038123, -8.4216163;30
2024-12;Região de Saúde LVT;Unidade Local de Saúde de Amadora/Sintra, E. P. E.;38.7422257, -9.2264834;62
2014-03;Região de Saúde LVT;Centro Hospitalar Médio Tejo, EPE;39.478072, -8.5404429;610
2014-03;Região de Saúde do Centro;Centro Hospitalar de Leiria, EPE;39.7414812, -8.7982706;64
2014-06;Região de Saúde do Centro;Hospital Rovisco Pais;40.297919, -8.7707806;32
2014-06;Região de Saúde Norte;Centro Hospitalar Médio Ave, EPE;41.3423984, -8.4802503;156
2014-09;Região de Saúde Norte;Unidade Local de Saúde Alto Minho, EPE;41.7056054, -8.8252713;79
2014-12;Região de Saúde do Algarve;Centro Hospitalar Universitário do Algarve, E.P.E;37.0238973, -7.9281554;258
2014-12;Serviços Centrais;Administração Central do Sistema de Saúde, I.P;38.759209, -9.148981;0
2015-03;Região de Saúde Norte;Centro Hospitalar Médio Ave, EPE;41.3423984, -8.4802503;205
2015-06;Região de Saúde Norte;Hospital da Senhora da Oliveira Guimarães, EPE;41.4387173, -8.3086907;120
2015-06;Região de Saúde Norte;Administração Regional de Saúde do Norte;41.1576321, -8.6066408;0
2015-06;Região de Saúde do Alentejo;Unidade Local de Saúde do Norte Alentejano, EPE;39.3003425, -7.4263845;68
2015-06;Região de Saúde LVT;Centro Hospitalar Universitário Lisboa Norte, EPE;38.7500861, -9.1616116;443
2015-09;Região de Saúde LVT;Instituto Português de Oncologia de Lisboa, EPE;38.7396768, -9.1634516;164
2015-12;Região de Saúde Norte;Hospital Distrital S.Maria Maior, EPE - Barcelos;41.5324234, -8.6171561;97
2016-03;Região de Saúde Norte;Centro Hospitalar Universitário do Porto, EPE;41.1472498, -8.6172617;215
2016-03;Serviços Centrais;Administração Central do Sistema de Saúde, I.P;38.759209, -9.148981;0
2016-06;Serviços Centrais;Instituto Nacional Saúde Dr. Ricardo Jorge - Lisboa;38.7643827, -9.1663422;0
2016-06;Região de Saúde LVT;Administração Regional de Saúde de Lisboa e Vale do Tejo;38.7490049, -9.1417844;0
2018-03;Região de Saúde Norte;Centro Hospitalar Trás-os-Montes e Alto Douro, EPE;41.3031784, -7.7515252;342
2018-06;Região de Saúde do Centro;Instituto Português de Oncologia de Coimbra, EPE;40.2162514, -8.4103814;60
2018-06;Região de Saúde Norte;Centro Hospitalar Universitário de São João, EPE;41.1831056, -8.6010558;89
2019-03;Serviços Centrais;Instituto Nacional Saúde Dr. Ricardo Jorge - Lisboa;38.7643827, -9.1663422;21
2019-03;Serviços Centrais;Instituto Português do Sangue e da Transplantação, IP;38.7567758, -9.1505021;93
2019-06;Região de Saúde LVT;Hospital Garcia de Orta, EPE - Almada;38.6658713, -9.1822554;175
2019-09;Região de Saúde LVT;Centro Hospitalar Psiquiátrico de Lisboa, SPA;38.7569771, -9.1460705;32
2019-09;Região de Saúde LVT;Hospital Distrital Santarém, EPE;39.2410946, -8.6937515;137
2019-09;Região de Saúde do Alentejo;Unidade Local de Saúde do Baixo Alentejo, EPE;38.014123, -7.8721227;153
2019-09;Região de Saúde do Centro;Centro Hospitalar Tondela-Viseu, EPE;40.516364, -8.0827433;173
2019-12;Região de Saúde do Algarve;Administração Regional de Saúde do Algarve;37.0272677, -7.9490091;22
2019-12;Serviços Centrais;Administração Central do Sistema de Saúde, I.P;38.759209, -9.148981;10
2019-12;Região de Saúde LVT;Hospital Fernando Fonseca, EPE;38.7422257, -9.2264834;162
2019-12;Região de Saúde do Centro;Hospital Arcebispo João Crisóstomo - Cantanhede;40.3470015, -8.5933462;33
2020-09;Região de Saúde Norte;Hospital da Senhora da Oliveira Guimarães, EPE;41.4387173, -8.3086907;176
2020-09;Região de Saúde LVT;Administração Regional de Saúde de Lisboa e Vale do Tejo;38.7490049, -9.1417844;29
2020-09;Região de Saúde Norte;Centro Hospitalar Universitário de São João, EPE;41.1831056, -8.6010558;141
2021-06;Região de Saúde do Alentejo;Hospital Espírito Santo de Évora, EPE;38.5684861, -7.9032848;143
2021-06;Região de Saúde Norte;Centro Hospitalar Universitário de São João, EPE;41.1831056, -8.6010558;132
2021-06;Região de Saúde Norte;Instituto Português de Oncologia do Porto, EPE;41.1785642, -8.6062881;98
2021-06;Região de Saúde LVT;Centro Hospitalar de Lisboa - Zona Ocidental, EPE;38.708454, -9.216985;202
2021-09;Região de Saúde LVT;Instituto Português de Oncologia de Lisboa, EPE;38.7396768, -9.1634516;193
2021-09;Região de Saúde do Centro;Administração Regional de Saúde do Centro;40.2038123, -8.4216163;44
2022-03;Região de Saúde do Alentejo;Unidade Local de Saúde do Litoral Alentejano, EPE;38.0162314, -8.6956768;168
2022-03;Serviços Centrais;Instituto Português Do Sangue e Da Transplantação, IP;38.7567758, -9.1505021;58
2022-06;Região de Saúde Norte;Hospital Distrital S.Maria Maior, EPE - Barcelos;41.5324234, -8.6171561;172
2022-06;Região de Saúde Norte;Centro Hospitalar Universitário do Porto, EPE;41.1472498, -8.6172617;169
2022-06;Região de Saúde do Centro;Centro Hospitalar e Universitário de Coimbra, EPE;40.2191523, -8.4098211;150
2022-06;Região de Saúde LVT;Instituto de Oftalmologia Dr. Gama Pinto;38.7218793, -9.144249;122
2022-09;Região de Saúde do Centro;Instituto Português de Oncologia de Coimbra, EPE;40.2162514, -8.4103814;161
2022-09;Região de Saúde LVT;Hospital Distrital Santarém, EPE;39.2410946, -8.6937515;113
2023-03;Região de Saúde LVT;Instituto Português de Oncologia de Lisboa, EPE;38.7396768, -9.1634516;176
2023-06;Região de Saúde Norte;Unidade Local de Saúde do Alto Minho, EPE;41.7056054, -8.8252713;186
2023-06;Região de Saúde do Alentejo;Unidade Local de Saúde do Baixo Alentejo, EPE;38.014123, -7.8721227;133
2023-06;Região de Saúde Norte;Unidade Local de Saúde do Nordeste, EPE;41.8056532, -6.7888197;159
2023-06;Região de Saúde LVT;Instituto de Oftalmologia Dr. Gama Pinto;38.7218793, -9.144249;32
2023-09;Região de Saúde LVT;Centro Hospitalar do Oeste, EPE;39.4054629, -9.1258493;126
2023-09;Região de Saúde LVT;Hospital de Vila Franca de Xira, EPE;38.9777435, -8.9847644;47
2023-12;Região de Saúde LVT;Centro Hospitalar de Lisboa - Zona Ocidental, EPE;38.708454, -9.216985;193
2023-12;Região de Saúde LVT;Hospital de Vila Franca de Xira, EPE;38.9777435, -8.9847644;63
2024-03;Região de Saúde Norte;INSTITUTO PORTUGUES DE ONCOLOGIA DO PORTO, EPE;41.1785642, -8.6062881;116
2024-03;Região de Saúde do Centro;UNIDADE LOCAL DE SAÚDE DA GUARDA, EPE;40.5309916, -7.2734793;97
2024-06;Região de Saúde do Centro;INSTITUTO PORTUGUES DE ONCOLOGIA DE COIMBRA, EPE;40.2162514, -8.4103814;110
2024-06;Região de Saúde Norte;Unidade Local de Saúde de Santo António, E. P. E.;41.1472498, -8.6172617;81
2024-09;Região de Saúde LVT;Administração Regional de Saúde de Lisboa e Vale do Tejo;38.7490049, -9.1417844;2
2024-12;Serviços Centrais;Instituto Nacional de Emergência Médica;38.7314304, -9.142532;24
2014-03;Região de Saúde Norte;Hospital Distrital S.Maria Maior, EPE - Barcelos;41.5324234, -8.6171561;57
2014-03;Região de Saúde do Alentejo;Unidade Local de Saúde do Baixo Alentejo, EPE;38.014123, -7.8721227;382
2014-06;Região de Saúde LVT;Administração Regional de Saúde de Lisboa e Vale do Tejo;38.7490049, -9.1417844;0
2014-09;Serviços Centrais;Administração Central do Sistema de Saúde, I.P;38.759209, -9.148981;0
2014-09;Região de Saúde do Centro;Administração Regional de Saúde do Centro;40.2038123, -8.4216163;0
2014-12;Região de Saúde LVT;Centro Hospitalar de Lisboa - Zona Ocidental, EPE;38.708454, -9.216985;226
2014-12;Região de Saúde do Alentejo;Administração Regional de Saúde do Alentejo;38.5658579, -7.9136262;0
2014-12;Região de Saúde Norte;Hospital de Magalhães Lemos, EPE;41.1764649, -8.6649823;20
2014-12;Região de Saúde Norte;Centro Hospitalar do Alto Ave, EPE;41.4387173, -8.3086907;93
2015-03;Região de Saúde LVT;Centro Hospitalar de Lisboa - Zona Ocidental, EPE;38.708454, -9.216985;222
2015-03;Região de Saúde LVT;Instituto Português de Oncologia de Lisboa, EPE;38.7396768, -9.1634516;150
2015-06;Região de Saúde Norte;Centro Hospitalar Médio Ave, EPE;41.3423984, -8.4802503;241
2015-06;Região de Saúde Norte;Centro Hospitalar do Alto Ave, EPE;41.4387173, -8.3086907;0
2015-06;Região de Saúde do Centro;Hospital Dr. Francisco Zagalo - Ovar;40.8571967, -8.6318023;29
2015-09;Região de Saúde Norte;Centro Hospitalar Médio Ave, EPE;41.3423984, -8.4802503;210
2015-12;Região de Saúde Norte;Centro Hospitalar do Tâmega e Sousa, EPE;41.2494561, -8.264901;88
2015-12;Região de Saúde Norte;Centro Hospitalar Médio Ave, EPE;41.3423984, -8.4802503;202
2015-12;Serviços Centrais;Instituto Nacional Saúde Dr. Ricardo Jorge - Lisboa;38.7643827, -9.1663422;0
2015-12;Região de Saúde do Algarve;Administração Regional de Saúde do Algarve;37.0272677, -7.9490091;0
2016-03;Região de Saúde Norte;Centro Hospitalar Universitário de São João, EPE;41.1831056, -8.6010558;83
2016-03;Região de Saúde Norte;Unidade Local de Saúde do Nordeste, EPE;41.8056532, -6.7888197;235
2016-06;Região de Saúde do Centro;Centro Hospitalar e Universitário de Coimbra, EPE;40.2191523, -8.4098211;211
2016-09;Região de Saúde Norte;Centro Hospitalar Médio Ave, EPE;41.3423984, -8.4802503;200
2016-09;Região de Saúde Norte;Unidade Local de Saúde Alto Minho, EPE;41.7056054, -8.8252713;125
2016-09;Região de Saúde LVT;Centro Hospitalar de Setúbal, EPE;38.5283754, -8.8818638;460
2016-09;Região de Saúde LVT;Centro Hospitalar Médio Tejo, EPE;39.478072, -8.5404429;297
2016-12;Região de Saúde LVT;Centro Hospitalar de Lisboa - Zona Ocidental, EPE;38.708454, -9.216985;334
2016-12;Região de Saúde Norte;Hospital Distrital S.Maria Maior, EPE - Barcelos;41.5324234, -8.6171561;107
2016-12;Região de Saúde Norte;Unidade Local de Saúde Alto Minho, EPE;41.7056054, -8.8252713;139
2016-12;Região de Saúde do Centro;Administração Regional de Saúde do Centro;40.2038123, -8.4216163;0
2017-03;Região de Saúde do Centro;Centro Hospitalar e Universitário de Coimbra, EPE;40.2191523, -8.4098211;232
2017-06;Região de Saúde Norte;Centro Hospitalar Trás-os-Montes e Alto Douro, EPE;41.3031784, -7.7515252;292
2017-06;Região de Saúde LVT;Administração Regional de Saúde de Lisboa e Vale do Tejo;38.7490049, -9.1417844;26
2017-06;Região de Saúde Norte;Unidade Local de Saúde do Nordeste, EPE;41.8056532, -6.7888197;243
2017-09;Região de Saúde LVT;Centro Hospitalar Psiquiátrico de Lisboa, SPA;38.7569771, -9.1460705;52
2017-09;Região de Saúde do Algarve;Administração Regional de Saúde do Algarve;37.0272677, -7.9490091;35
2017-09;Região de Saúde Norte;Centro Hospitalar Universitário de São João, EPE;41.1831056, -8.6010558;107
2017-09;Região de Saúde LVT;Administração Regional de Saúde de Lisboa e Vale do Tejo;38.7490049, -9.1417844;29
2017-12;Região de Saúde LVT;Instituto Português de Oncologia de Lisboa, EPE;38.7396768, -9.1634516;257
2018-06;Região de Saúde do Algarve;Centro Hospitalar Universitário do Algarve, E.P.E;37.0238973, -7.9281554;154
2018-09;Região de Saúde do Centro;Hospital Rovisco Pais;40.297919, -8.7707806;41
2019-03;Região de Saúde Norte;Centro Hospitalar Vila Nova Gaia/Espinho, EPE;41.1094138, -8.5972617;293
2019-03;Região de Saúde Norte;Hospital de Magalhães Lemos, EPE;41.1764649, -8.6649823;20
2019-06;Região de Saúde do Centro;Centro Hospitalar Universitário Cova da Beira, EPE;40.2804158, -7.4922407;273
2019-06;Região de Saúde LVT;Centro Hospitalar Universitário Lisboa Norte, EPE;38.7500861, -9.1616116;341
2019-06;Região de Saúde Norte;Hospital de Magalhães Lemos, EPE;41.1764649, -8.6649823;26
2019-06;Região de Saúde do Centro;Unidade Local de Saúde de Castelo Branco, EPE;39.8212263, -7.4981271;92
2020-03;Região de Saúde LVT;Instituto Português de Oncologia de Lisboa, EPE;38.7396768, -9.1634516;195
2020-03;Região de Saúde Norte;Administração Regional de Saúde do Norte;41.1576321, -8.6066408;38
2020-06;Região de Saúde do Alentejo;Unidade Local de Saúde do Baixo Alentejo, EPE;38.014123, -7.8721227;155
2020-06;Região de Saúde do Centro;Unidade Local de Saúde da Guarda, EPE;40.5309916, -7.2734793;156
2020-09;Região de Saúde Norte;Centro Hospitalar Póvoa Varzim / Vila do Conde, EPE;41.3828711, -8.7589945;190
2020-09;Região de Saúde do Centro;Unidade Local de Saúde de Castelo Branco, EPE;39.8212263, -7.4981271;160
2020-09;Região de Saúde do Centro;Centro Hospitalar de Leiria, EPE;39.7414812, -8.7982706;132
2020-09;Região de Saúde Norte;Unidade Local de Saúde de Matosinhos, EPE;41.1794456, -8.6745115;137
2020-09;Região de Saúde do Algarve;Centro Hospitalar Universitário do Algarve, E.P.E;37.0238973, -7.9281554;150
2020-12;Região de Saúde LVT;Centro Hospitalar do Oeste, EPE;39.4054629, -9.1258493;105
2020-12;Região de Saúde Norte;Centro Hospitalar Póvoa Varzim / Vila do Conde, EPE;41.3828711, -8.7589945;163
2020-12;Região de Saúde LVT;Hospital Fernando Fonseca, EPE;38.7422257, -9.2264834;137
2021-03;Região de Saúde do Alentejo;Unidade Local de Saúde do Baixo Alentejo, EPE;38.014123, -7.8721227;131
2021-06;Região de Saúde do Alentejo;Unidade Local de Saúde do Norte Alentejano, EPE;39.3003425, -7.4263845;110
2021-06;Serviços Centrais;Instituto Nacional Saúde Dr. Ricardo Jorge - Lisboa;38.7643827, -9.1663422;42
2021-09;Região de Saúde Norte;Administração Regional de Saúde do Norte;41.1576321, -8.6066408;43
2021-09;Região de Saúde do Centro;Centro Hospitalar e Universitário de Coimbra, EPE;40.2191523, -8.4098211;123
2021-09;Região de Saúde Norte;Centro Hospitalar de Entre o Douro e Vouga, EPE;40.9293884, -8.5458794;181
2021-12;Região de Saúde Norte;Unidade Local de Saúde do Alto Minho, EPE;41.7056054, -8.8252713;223
2021-12;Região de Saúde Norte;Centro Hospitalar Vila Nova Gaia/Espinho, EPE;41.1094138, -8.5972617;188
2021-12;Região de Saúde do Centro;Centro Hospitalar Tondela-Viseu, EPE;40.516364, -8.0827433;185
2022-03;Região de Saúde LVT;Instituto de Oftalmologia Dr. Gama Pinto;38.7218793, -9.144249;117
2022-03;Região de Saúde Norte;Administração Regional de Saúde do Norte;41.1576321, -8.6066408;42
2022-06;Região de Saúde do Alentejo;Unidade Local de Saúde do Baixo Alentejo, EPE;38.014123, -7.8721227;161
2022-06;Serviços Centrais;Instituto Português Do Sangue e Da Transplantação, IP;38.7567758, -9.1505021;57
2022-06;Região de Saúde LVT;Centro Hospitalar de Lisboa - Zona Ocidental, EPE;38.708454, -9.216985;212
2022-09;Região de Saúde LVT;Hospital de Vila Franca de Xira, EPE;38.9777435, -8.9847644;24
2022-12;Serviços Centrais;Administração Central do Sistema de Saúde, I.P;38.759209, -9.148981;28
2022-12;Região de Saúde Norte;Centro Hospitalar de Entre o Douro e Vouga, EPE;40.9293884, -8.5458794;179
2023-03;Região de Saúde do Algarve;Centro Hospitalar Universitário do Algarve, E.P.E;37.0238973, -7.9281554;168
2023-03;Região de Saúde Norte;Hospital da Senhora da Oliveira Guimarães, EPE;41.4387173, -8.3086907;209
2024-03;Região de Saúde LVT;Unidade Local de Saúde do Estuário do Tejo, E. P. E.;38.9777435, -8.9847644;65
2024-09;Serviços Centrais;Instituto Português Do Sangue e Da Transplantação, IP;38.7567758, -9.1505021;64
2024-09;Região de Saúde LVT;Unidade Local de Saúde do Médio Tejo, E. P. E.;39.478072, -8.5404429;68
2024-09;Região de Saúde Norte;UNIDADE LOCAL DE SAÚDE ALTO MINHO, EPE;41.7056054, -8.8252713;89
2024-09;Região de Saúde do Centro;Unidade Local de Saúde da Região de Aveiro, E. P. E.;40.6362453, -8.6543716;48
2024-09;Região de Saúde LVT;Unidade Local de Saúde do Estuário do Tejo, E. P. E.;38.9777435, -8.9847644;43
2024-12;Região de Saúde LVT;Unidade Local de Saúde de Loures-Odivelas, E. P. E.;38.8214678, -9.176741;29
2022-12;Região de Saúde do Centro;Centro Hospitalar do Baixo Vouga, EPE;40.6362453, -8.6543716;165
2023-03;Serviços Centrais;Instituto Nacional Saúde Dr. Ricardo Jorge - Lisboa;38.7643827, -9.1663422;74
2023-06;Região de Saúde Norte;Centro Hospitalar do Tâmega e Sousa, EPE;41.2494561, -8.264901;179
2023-09;Região de Saúde do Centro;Hospital Dr. Francisco Zagalo - Ovar;40.8571967, -8.6318023;53
2015-03;Região de Saúde Norte;Centro Hospitalar Póvoa Varzim / Vila do Conde, EPE;41.3828711, -8.7589945;556
2015-06;Região de Saúde LVT;Hospital Garcia de Orta, EPE - Almada;38.6658713, -9.1822554;249
2015-09;Região de Saúde do Alentejo;Administração Regional de Saúde do Alentejo;38.5658579, -7.9136262;0
2016-09;Região de Saúde do Centro;Hospital Arcebispo João Crisóstomo - Cantanhede;40.3470015, -8.5933462;15
2017-06;Região de Saúde Norte;Centro Hospitalar do Tâmega e Sousa, EPE;41.2494561, -8.264901;148
2018-06;Região de Saúde do Centro;Hospital Rovisco Pais;40.297919, -8.7707806;46
2018-06;Região de Saúde do Centro;Centro Hospitalar de Leiria, EPE;39.7414812, -8.7982706;96
2018-09;Região de Saúde do Centro;Centro Hospitalar Universitário Cova da Beira, EPE;40.2804158, -7.4922407;334
2018-09;Região de Saúde Norte;Administração Regional de Saúde do Norte;41.1576321, -8.6066408;34
2018-12;Região de Saúde do Centro;Hospital José Luciano de Castro - Anadia;40.442326, -8.441689;0
2019-06;Região de Saúde do Centro;Hospital Dr. Francisco Zagalo - Ovar;39.2410946, -8.6937515;26
2019-06;Região de Saúde Norte;Unidade Local de Saúde de Matosinhos, EPE;41.1794456, -8.6745115;163
2019-06;Região de Saúde Norte;Unidade Local de Saúde do Nordeste, EPE;41.8056532, -6.7888197;155
2020-03;Região de Saúde LVT;Centro Hospitalar de Lisboa - Zona Ocidental, EPE;38.708454, -9.216985;232
2020-06;Região de Saúde Norte;Centro Hospitalar do Tâmega e Sousa, EPE;41.2494561, -8.264901;199
2020-06;Região de Saúde do Centro;Administração Regional de Saúde do Centro;40.2038123, -8.4216163;46
2020-09;Região de Saúde do Centro;Hospital Distrital Figueira da Foz, EPE;40.117897, -8.8586755;162
2020-09;Região de Saúde LVT;Centro Hospitalar de Lisboa - Zona Ocidental, EPE;38.708454, -9.216985;168
2020-09;Região de Saúde LVT;Centro Hospitalar do Oeste, EPE;39.4054629, -9.1258493;111
2020-12;Região de Saúde Norte;Centro Hospitalar de Entre o Douro e Vouga, EPE;40.9293884, -8.5458794;157
2021-03;Serviços Centrais;Instituto Português Do Sangue e Da Transplantação, IP;38.7567758, -9.1505021;31
2021-03;Região de Saúde do Centro;Centro Hospitalar e Universitário de Coimbra, EPE;40.2191523, -8.4098211;104
2021-06;Região de Saúde LVT;Centro Hospitalar do Oeste, EPE;39.4054629, -9.1258493;116
2021-09;Região de Saúde LVT;Hospital Distrital Santarém, EPE;39.2410946, -8.6937515;134
2022-03;Região de Saúde LVT;Hospital Fernando Fonseca, EPE;38.7422257, -9.2264834;177
2022-09;Serviços Centrais;Instituto Português Do Sangue e Da Transplantação, IP;38.7567758, -9.1505021;54
2023-06;Serviços Centrais;Instituto Nacional Saúde Dr. Ricardo Jorge - Lisboa;38.7643827, -9.1663422;71
2023-09;Região de Saúde Norte;Unidade Local de Saúde de Matosinhos, EPE;41.1794456, -8.6745115;151
2023-12;Região de Saúde Norte;Hospital da Senhora da Oliveira Guimarães, EPE;41.4387173, -8.3086907;183
2023-12;Região de Saúde do Centro;Hospital Dr. Francisco Zagalo - Ovar;40.8571967, -8.6318023;39
2024-03;Região de Saúde LVT;Instituto para os Comportamentos Aditivos e as Dependências, I. P.;38.76551, -9.15753;0
2024-06;Região de Saúde Norte;Unidade Local de Saúde do Médio Ave, E. P. E.;41.3423984, -8.4802503;140
2024-06;Região de Saúde Norte;Unidade Local de Saúde de Gaia/Espinho, E. P. E.;41.1094138, -8.5972617;185
2024-06;Região de Saúde do Centro;UNIDADE LOCAL DE SAÚDE DA GUARDA, EPE;40.5309916, -7.2734793;86
2024-09;Região de Saúde do Centro;Unidade Local de Saúde da Cova da Beira, E. P. E.;40.2804158, -7.4922407;93
2024-09;Região de Saúde do Algarve;Unidade Local de Saúde do Algarve, E. P. E.;37.0238973, -7.9281554;82
2024-12;Região de Saúde LVT;Unidade Local de Saúde de Almada-Seixal, E. P. E.;38.6658713, -9.1822554;83
2024-12;Região de Saúde LVT;INSTITUTO PORTUGUES DE ONCOLOGIA DE LISBOA, EPE;38.7396768, -9.1634516;144
2024-12;Região de Saúde LVT;Unidade Local de Saúde da Arrábida, E. P. E.;38.5283754, -8.8818638;90
2020-03;Região de Saúde LVT;Centro Hospitalar Universitário de Lisboa Central, EPE;38.7166948, -9.1371248;286
2020-06;Região de Saúde LVT;Instituto Português de Oncologia de Lisboa, EPE;38.7396768, -9.1634516;171
2020-06;Região de Saúde LVT;Centro Hospitalar do Barreiro - Montijo, EPE;38.6554005, -9.0592392;224
2021-12;Serviços Centrais;Instituto Português Do Sangue e Da Transplantação, IP;38.7567758, -9.1505021;42
2022-06;Região de Saúde LVT;Hospital de Loures, EPE;38.8214678, -9.176741;10
2022-09;Região de Saúde LVT;Administração Regional de Saúde de Lisboa e Vale do Tejo;38.7490049, -9.1417844;25
2022-12;Região de Saúde Norte;Centro Hospitalar Universitário de São João, EPE;41.1831056, -8.6010558;134
2022-12;Região de Saúde Norte;Unidade Local de Saúde do Alto Minho, EPE;41.7056054, -8.8252713;223
2023-09;Região de Saúde do Centro;Unidade Local de Saúde da Guarda, EPE;40.5309916, -7.2734793;120
2023-09;Região de Saúde do Alentejo;Unidade Local de Saúde do Litoral Alentejano, EPE;38.0162314, -8.6956768;141
2024-06;Região de Saúde LVT;Unidade Local de Saúde da Lezíria, E. P. E;39.2410946, -8.6937515;60
2024-06;Região de Saúde LVT;Unidade Local de Saúde de Almada-Seixal, E. P. E.;38.6658713, -9.1822554;103
2024-06;Região de Saúde Norte;UNIDADE LOCAL DE SAÚDE DE MATOSINHOS, EPE;41.1794456, -8.6745115;95
2024-06;Região de Saúde LVT;INSTITUTO PORTUGUES DE ONCOLOGIA DE LISBOA, EPE;38.7396768, -9.1634516;152
2024-09;Serviços Centrais;Administração Central do Sistema de Saúde, I.P;38.759209, -9.148981;28
2024-12;Região de Saúde do Centro;UNIDADE LOCAL DE SAÚDE DA GUARDA, EPE;40.5309916, -7.2734793;79
2014-03;Região de Saúde Norte;Centro Hospitalar do Tâmega e Sousa, EPE;41.2494561, -8.264901;57
2014-06;Região de Saúde LVT;Centro Hospitalar do Barreiro - Montijo, EPE;38.6554005, -9.0592392;507
2014-06;Região de Saúde Norte;Centro Hospitalar Póvoa Varzim / Vila do Conde, EPE;41.3828711, -8.7589945;553
2014-06;Região de Saúde do Alentejo;Hospital Espírito Santo de Évora, EPE;38.5684861, -7.9032848;108
2014-12;Região de Saúde LVT;Instituto Português de Oncologia de Lisboa, EPE;38.7396768, -9.1634516;146
2014-12;Região de Saúde LVT;Hospital Fernando Fonseca, EPE;38.7422257, -9.2264834;99
2014-12;Região de Saúde LVT;Centro Hospitalar do Oeste, SPA;39.4054629, -9.1258493;57
2015-03;Região de Saúde do Centro;Centro Hospitalar de Leiria, EPE;39.7414812, -8.7982706;36
2015-06;Região de Saúde do Centro;Centro Hospitalar Universitário Cova da Beira, EPE;40.2804158, -7.4922407;303
2015-06;Região de Saúde Norte;Centro Hospitalar Universitário do Porto, EPE;41.1472498, -8.6172617;177
2015-06;Região de Saúde Norte;Centro Hospitalar Póvoa Varzim / Vila do Conde, EPE;41.3828711, -8.7589945;453
2015-06;Região de Saúde LVT;Centro Hospitalar do Oeste, SPA;39.4054629, -9.1258493;95
2015-09;Região de Saúde Norte;Hospital Distrital S.Maria Maior, EPE - Barcelos;41.5324234, -8.6171561;73
2015-09;Região de Saúde do Centro;Centro Hospitalar Universitário Cova da Beira, EPE;40.2804158, -7.4922407;266
2015-12;Serviços Centrais;Administração Central do Sistema de Saúde, I.P;38.759209, -9.148981;0
2015-12;Região de Saúde do Alentejo;Unidade Local de Saúde do Baixo Alentejo, EPE;38.014123, -7.8721227;318
2015-12;Região de Saúde do Centro;Hospital Arcebispo João Crisóstomo - Cantanhede;40.3470015, -8.5933462;22
2015-12;Região de Saúde do Centro;Centro Hospitalar e Universitário de Coimbra, EPE;40.2191523, -8.4098211;201
2015-12;Região de Saúde Norte;Unidade Local de Saúde de Matosinhos, EPE;41.1794456, -8.6745115;294
2015-12;Região de Saúde Norte;Unidade Local de Saúde do Nordeste, EPE;41.8056532, -6.7888197;249
2016-03;Região de Saúde Norte;Hospital da Senhora da Oliveira Guimarães, EPE;41.4387173, -8.3086907;98
2016-06;Região de Saúde Norte;Unidade Local de Saúde de Matosinhos, EPE;41.1794456, -8.6745115;310
2016-06;Região de Saúde do Centro;Centro Hospitalar Universitário Cova da Beira, EPE;40.2804158, -7.4922407;364
2016-06;Região de Saúde do Centro;Centro Hospitalar de Leiria, EPE;39.7414812, -8.7982706;47
2016-06;Região de Saúde LVT;Centro Hospitalar de Setúbal, EPE;38.5283754, -8.8818638;439
2016-06;Região de Saúde LVT;Centro Hospitalar Médio Tejo, EPE;39.478072, -8.5404429;328
2016-06;Região de Saúde do Algarve;Administração Regional de Saúde do Algarve;37.0272677, -7.9490091;0
2016-09;Serviços Centrais;Administração Central do Sistema de Saúde, I.P;38.759209, -9.148981;0
2016-09;Região de Saúde do Alentejo;Administração Regional de Saúde do Alentejo;38.5658579, -7.9136262;0
2016-12;Região de Saúde Norte;Hospital de Magalhães Lemos, EPE;41.1764649, -8.6649823;8
2016-12;Região de Saúde LVT;Centro Hospitalar do Barreiro - Montijo, EPE;38.6554005, -9.0592392;186
2016-12;Região de Saúde Norte;Centro Hospitalar Universitário do Porto, EPE;41.1472498, -8.6172617;252
2016-12;Região de Saúde do Alentejo;Unidade Local de Saúde do Litoral Alentejano, EPE;38.0162314, -8.6956768;43
2017-09;Região de Saúde Norte;Unidade Local de Saúde Alto Minho, EPE;41.7056054, -8.8252713;180
2017-09;Região de Saúde LVT;Centro Hospitalar do Barreiro - Montijo, EPE;38.6554005, -9.0592392;229
2017-12;Região de Saúde do Centro;Centro Hospitalar Tondela-Viseu, EPE;40.516364, -8.0827433;170
2017-12;Região de Saúde LVT;Centro Hospitalar do Oeste, SPA;39.4054629, -9.1258493;56
2018-06;Região de Saúde do Centro;Centro Hospitalar Universitário Cova da Beira, EPE;40.2804158, -7.4922407;341
2018-06;Região de Saúde LVT;Instituto Português de Oncologia de Lisboa, EPE;38.7396768, -9.1634516;246
2018-09;Região de Saúde LVT;Centro Hospitalar do Oeste, EPE;39.4054629, -9.1258493;75
2018-09;Região de Saúde do Centro;Centro Hospitalar Tondela-Viseu, EPE;40.516364, -8.0827433;192
2018-09;Região de Saúde do Algarve;Administração Regional de Saúde do Algarve;37.0272677, -7.9490091;40
2018-09;Região de Saúde Norte;Unidade Local de Saúde Alto Minho, EPE;41.7056054, -8.8252713;185
2018-12;Região de Saúde Norte;Unidade Local de Saúde de Matosinhos, EPE;41.1794456, -8.6745115;218
2018-12;Região de Saúde Norte;Centro Hospitalar Universitário de São João, EPE;41.1831056, -8.6010558;81
2019-03;Região de Saúde LVT;Centro Hospitalar de Setúbal, EPE;38.5283754, -8.8818638;423
2019-03;Região de Saúde do Centro;Hospital Dr. Francisco Zagalo - Ovar;40.8571967, -8.6318023;33
2019-03;Região de Saúde do Centro;Hospital Rovisco Pais;40.297919, -8.7707806;32
2019-06;Serviços Centrais;Administração Central do Sistema de Saúde, I.P;38.759209, -9.148981;9
2019-06;Região de Saúde do Centro;Centro Hospitalar Tondela-Viseu, EPE;40.516364, -8.0827433;151
2019-09;Região de Saúde do Centro;Centro Hospitalar Universitário Cova da Beira, EPE;40.2804158, -7.4922407;257
2019-09;Região de Saúde do Centro;Hospital Distrital Figueira da Foz, EPE;40.117897, -8.8586755;126
2019-09;Região de Saúde do Centro;Unidade Local de Saúde da Guarda, EPE;40.5309916, -7.2734793;172
2019-12;Região de Saúde LVT;Centro Hospitalar de Setúbal, EPE;38.5283754, -8.8818638;334
2019-12;Região de Saúde Norte;Centro Hospitalar Vila Nova Gaia/Espinho, EPE;41.1094138, -8.5972617;238
2020-03;Região de Saúde LVT;Centro Hospitalar Médio Tejo, EPE;39.478072, -8.5404429;166
2020-03;Região de Saúde Norte;Hospital de Braga, EPE;39.4054629, -9.1258493;40
2020-09;Região de Saúde Norte;Administração Regional de Saúde do Norte;41.1576321, -8.6066408;39
2020-12;Região de Saúde do Centro;Centro Hospitalar do Baixo Vouga, EPE;40.6362453, -8.6543716;179
2020-12;Região de Saúde do Centro;Centro Hospitalar de Leiria, EPE;39.7414812, -8.7982706;143
2020-12;Região de Saúde LVT;Instituto Português de Oncologia de Lisboa, EPE;38.7396768, -9.1634516;162
2020-12;Região de Saúde LVT;Centro Hospitalar de Setúbal, EPE;38.5283754, -8.8818638;207
2020-12;Região de Saúde LVT;Centro Hospitalar Universitário de Lisboa Central, EPE;38.7166948, -9.1371248;274
2020-12;Região de Saúde Norte;Hospital de Magalhães Lemos, EPE;41.1764649, -8.6649823;16
2021-03;Região de Saúde Norte;Unidade Local de Saúde do Nordeste, EPE;41.8056532, -6.7888197;143
2021-03;Região de Saúde do Alentejo;Administração Regional de Saúde do Alentejo;38.5658579, -7.9136262;31
2021-03;Região de Saúde do Centro;Unidade Local de Saúde de Castelo Branco, EPE;39.8212263, -7.4981271;164
2021-06;Região de Saúde LVT;Hospital de Vila Franca de Xira, EPE;38.9777435, -8.9847644;
2021-06;Região de Saúde LVT;Centro Hospitalar de Setúbal, EPE;38.5283754, -8.8818638;225
2021-06;Região de Saúde Norte;Centro Hospitalar Médio Ave, EPE;41.3423984, -8.4802503;191
2021-06;Região de Saúde Norte;Centro Hospitalar de Entre o Douro e Vouga, EPE;40.9293884, -8.5458794;177
2021-09;Região de Saúde do Centro;Instituto Português de Oncologia de Coimbra, EPE;40.2162514, -8.4103814;161
2021-09;Região de Saúde Norte;Hospital Distrital S.Maria Maior, EPE - Barcelos;41.5324234, -8.6171561;201
2021-09;Região de Saúde LVT;Centro Hospitalar do Oeste, EPE;39.4054629, -9.1258493;124
2021-09;Região de Saúde LVT;Centro Hospitalar Universitário Lisboa Norte, EPE;38.7500861, -9.1616116;168
2021-09;Serviços Centrais;Administração Central do Sistema de Saúde, I.P;38.759209, -9.148981;8
2021-12;Região de Saúde do Centro;Centro Hospitalar e Universitário de Coimbra, EPE;40.2191523, -8.4098211;140
2021-12;Região de Saúde Norte;Administração Regional de Saúde do Norte;41.1576321, -8.6066408;41
2021-12;Região de Saúde do Algarve;Administração Regional de Saúde do Algarve;37.0272677, -7.9490091;22
2021-12;Região de Saúde Norte;Hospital Distrital S.Maria Maior, EPE - Barcelos;41.5324234, -8.6171561;195
2022-03;Região de Saúde Norte;Centro Hospitalar de Entre o Douro e Vouga, EPE;40.9293884, -8.5458794;181
2022-03;Região de Saúde Norte;Hospital da Senhora da Oliveira Guimarães, EPE;41.4387173, -8.3086907;240
2022-03;Região de Saúde Norte;Hospital de Braga, EPE;39.4054629, -9.1258493;83
2022-03;Região de Saúde do Centro;Hospital Dr. Francisco Zagalo - Ovar;40.8571967, -8.6318023;61
2022-03;Região de Saúde do Centro;Centro Hospitalar Tondela-Viseu, EPE;40.516364, -8.0827433;182
2022-06;Região de Saúde do Alentejo;Administração Regional de Saúde do Alentejo;38.5658579, -7.9136262;35
2022-06;Região de Saúde LVT;Administração Regional de Saúde de Lisboa e Vale do Tejo;38.7490049, -9.1417844;30
2022-09;Região de Saúde do Alentejo;Hospital Espírito Santo de Évora, EPE;38.5684861, -7.9032848;136
2022-09;Região de Saúde Norte;Hospital da Senhora da Oliveira Guimarães, EPE;41.4387173, -8.3086907;239
2022-09;Serviços Centrais;Instituto Nacional Saúde Dr. Ricardo Jorge - Lisboa;38.7643827, -9.1663422;87
2022-12;Região de Saúde Norte;Hospital da Senhora da Oliveira Guimarães, EPE;41.4387173, -8.3086907;223
2022-12;Região de Saúde do Centro;Hospital Rovisco Pais;40.297919, -8.7707806;65
2022-12;Região de Saúde LVT;Hospital Garcia de Orta, EPE - Almada;38.6658713, -9.1822554;189
2023-03;Região de Saúde Norte;Instituto Português de Oncologia do Porto, EPE;41.1785642, -8.6062881;148
2023-06;Região de Saúde Norte;Hospital de Magalhães Lemos, EPE;41.1764649, -8.6649823;
2023-09;Região de Saúde do Centro;Centro Hospitalar de Leiria, EPE;39.7414812, -8.7982706;122
2023-12;Região de Saúde LVT;Hospital Garcia de Orta, EPE - Almada;38.6658713, -9.1822554;148
2023-12;Região de Saúde do Centro;Instituto Português de Oncologia de Coimbra, EPE;40.2162514, -8.4103814;121
2023-12;Região de Saúde LVT;Centro Hospitalar Universitário de Lisboa Central, EPE;38.7166948, -9.1371248;230
2023-12;Região de Saúde do Alentejo;Unidade Local de Saúde do Norte Alentejano, EPE;39.3003425, -7.4263845;106
2023-12;Região de Saúde do Centro;Centro Hospitalar Tondela-Viseu, EPE;40.516364, -8.0827433;169
2023-12;Região de Saúde do Centro;Centro Hospitalar de Leiria, EPE;39.7414812, -8.7982706;108
2023-12;Região de Saúde Norte;Administração Regional de Saúde do Norte;41.1576321, -8.6066408;42
2024-03;Serviços Centrais;Administração Central do Sistema de Saúde, I.P;38.759209, -9.148981;15
2024-03;Serviços Centrais;Instituto Português Do Sangue e Da Transplantação, IP;38.7567758, -9.1505021;35
2024-06;Serviços Centrais;Instituto Português Do Sangue e Da Transplantação, IP;38.7567758, -9.1505021;46
2024-06;Região de Saúde do Alentejo;Unidade Local de Saúde do Alto Alentejo, E. P. E.;39.3003425, -7.4263845;80
2024-06;Região de Saúde do Centro;UNIDADE LOCAL DE SAUDE DE CASTELO BRANCO, EPE;39.8212263, -7.4981271;78
2024-06;Região de Saúde LVT;Instituto para os Comportamentos Aditivos e as Dependências, I. P.;38.76551, -9.15753;0
2024-09;Região de Saúde do Centro;INSTITUTO PORTUGUES DE ONCOLOGIA DE COIMBRA, EPE;40.2162514, -8.4103814;101
2024-09;Região de Saúde do Alentejo;UNIDADE LOCAL DO BAIXO ALENTEJO, EPE;38.014123, -7.8721227;47
2024-09;Região de Saúde Norte;Unidade Local de Saúde de Entre Douro e Vouga, E. P. E.;40.9293884, -8.5458794;84
2024-09;Região de Saúde do Centro;Administração Regional de Saúde do Centro;40.2038123, -8.4216163;24
2014-06;Região de Saúde do Alentejo;Administração Regional de Saúde do Alentejo;38.5658579, -7.9136262;0
2014-09;Região de Saúde Norte;Unidade Local de Saúde de Matosinhos, EPE;41.1794456, -8.6745115;293
2014-09;Região de Saúde Norte;Unidade Local de Saúde do Nordeste, EPE;41.8056532, -6.7888197;361
2014-09;Região de Saúde Norte;Centro Hospitalar Médio Ave, EPE;41.3423984, -8.4802503;177
2014-12;Região de Saúde LVT;Centro Hospitalar Universitário de Lisboa Central, EPE;38.7166948, -9.1371248;350
2015-03;Região de Saúde Norte;Hospital da Senhora da Oliveira Guimarães, EPE;41.4387173, -8.3086907;107
2016-06;Região de Saúde do Centro;Centro Hospitalar do Baixo Vouga, EPE;40.6362453, -8.6543716;268
2016-06;Região de Saúde LVT;Centro Hospitalar do Oeste, SPA;39.4054629, -9.1258493;64
2016-12;Serviços Centrais;Instituto Nacional Saúde Dr. Ricardo Jorge - Lisboa;38.7643827, -9.1663422;0
2016-12;Região de Saúde do Algarve;Administração Regional de Saúde do Algarve;37.0272677, -7.9490091;0
2016-12;Região de Saúde do Centro;Hospital José Luciano de Castro - Anadia;40.442326, -8.441689;0
2016-12;Região de Saúde LVT;Centro Hospitalar Universitário Lisboa Norte, EPE;38.7500861, -9.1616116;471
2018-06;Região de Saúde do Centro;Hospital Arcebispo João Crisóstomo - Cantanhede;40.3470015, -8.5933462;13
2018-06;Região de Saúde Norte;Unidade Local de Saúde do Nordeste, EPE;41.8056532, -6.7888197;226
2018-09;Região de Saúde Norte;Hospital de Magalhães Lemos, EPE;41.1764649, -8.6649823;10
2019-06;Região de Saúde do Alentejo;Unidade Local de Saúde do Litoral Alentejano, EPE;38.0162314, -8.6956768;63
2019-09;Região de Saúde do Algarve;Administração Regional de Saúde do Algarve;37.0272677, -7.9490091;22
2019-12;Região de Saúde do Centro;Instituto Português de Oncologia de Coimbra, EPE;40.2162514, -8.4103814;57
2019-12;Região de Saúde Norte;Centro Hospitalar Póvoa Varzim / Vila do Conde, EPE;41.3828711, -8.7589945;218
2020-03;Região de Saúde LVT;Centro Hospitalar do Barreiro - Montijo, EPE;38.6554005, -9.0592392;237
2020-09;Região de Saúde Norte;Centro Hospitalar de Entre o Douro e Vouga, EPE;40.9293884, -8.5458794;180
2020-09;Região de Saúde do Alentejo;Unidade Local de Saúde do Baixo Alentejo, EPE;38.014123, -7.8721227;140
2021-06;Região de Saúde do Centro;Instituto Português de Oncologia de Coimbra, EPE;40.2162514, -8.4103814;135
2021-09;Região de Saúde do Centro;Unidade Local de Saúde de Castelo Branco, EPE;39.8212263, -7.4981271;190
2021-09;Serviços Centrais;Instituto Português Do Sangue e Da Transplantação, IP;38.7567758, -9.1505021;34
2021-09;Região de Saúde LVT;Centro Hospitalar de Lisboa - Zona Ocidental, EPE;38.708454, -9.216985;210
2021-12;Região de Saúde do Centro;Hospital Arcebispo João Crisóstomo - Cantanhede;40.3470015, -8.5933462;54
2022-03;Região de Saúde do Centro;Unidade Local de Saúde de Castelo Branco, EPE;39.8212263, -7.4981271;216
2022-09;Região de Saúde LVT;Hospital Garcia de Orta, EPE - Almada;38.6658713, -9.1822554;180
2022-09;Região de Saúde LVT;Hospital Fernando Fonseca, EPE;38.7422257, -9.2264834;155
2023-06;Região de Saúde LVT;Hospital Garcia de Orta, EPE - Almada;38.6658713, -9.1822554;176
2023-09;Região de Saúde LVT;Hospital Distrital Santarém, EPE;39.2410946, -8.6937515;124
2024-03;Região de Saúde LVT;Unidade Local de Saúde de Lisboa Ocidental, E. P. E.;38.708454, -9.216985;188
2015-06;Região de Saúde do Centro;Centro Hospitalar de Leiria, EPE;39.7414812, -8.7982706;34
2015-09;Região de Saúde Norte;Centro Hospitalar Universitário do Porto, EPE;41.1472498, -8.6172617;187
2018-03;Região de Saúde LVT;Centro Hospitalar de Lisboa - Zona Ocidental, EPE;38.708454, -9.216985;369
2018-06;Região de Saúde Norte;Centro Hospitalar Trás-os-Montes e Alto Douro, EPE;41.3031784, -7.7515252;318
2018-09;Região de Saúde LVT;Centro Hospitalar Universitário de Lisboa Central, EPE;38.7166948, -9.1371248;314
2018-09;Região de Saúde do Centro;Hospital Distrital Figueira da Foz, EPE;40.117897, -8.8586755;181
2018-12;Região de Saúde Norte;Centro Hospitalar Médio Ave, EPE;41.3423984, -8.4802503;309
2019-03;Região de Saúde do Algarve;Administração Regional de Saúde do Algarve;37.0272677, -7.9490091;36
2019-03;Região de Saúde Norte;Hospital da Senhora da Oliveira Guimarães, EPE;41.4387173, -8.3086907;180
2019-09;Região de Saúde do Centro;Centro Hospitalar do Baixo Vouga, EPE;40.6362453, -8.6543716;323
2019-12;Região de Saúde Norte;Hospital de Braga, EPE;39.4054629, -9.1258493;39
2020-09;Região de Saúde do Centro;Hospital Dr. Francisco Zagalo - Ovar;40.8571967, -8.6318023;62
2021-03;Região de Saúde Norte;Centro Hospitalar Trás-os-Montes e Alto Douro, EPE;41.3031784, -7.7515252;142
2021-06;Região de Saúde Norte;Centro Hospitalar do Tâmega e Sousa, EPE;41.2494561, -8.264901;197
2021-09;Região de Saúde LVT;Centro Hospitalar de Setúbal, EPE;38.5283754, -8.8818638;214
2022-12;Região de Saúde Norte;Centro Hospitalar Médio Ave, EPE;41.3423984, -8.4802503;197
2023-03;Região de Saúde LVT;Hospital Garcia de Orta, EPE - Almada;38.6658713, -9.1822554;174
2023-03;Serviços Centrais;Instituto Português Do Sangue e Da Transplantação, IP;38.7567758, -9.1505021;25
2023-12;Região de Saúde LVT;Hospital de Loures, EPE;38.8214678, -9.176741;59
2024-03;Região de Saúde Norte;Unidade Local de Saúde do Tâmega e Sousa, E. P. E.;41.2494561, -8.264901;153
2024-06;Serviços Centrais;Administração Central do Sistema de Saúde, I.P;38.759209, -9.148981;29
2024-09;Região de Saúde LVT;Instituto para os Comportamentos Aditivos e as Dependências, I. P.;38.76551, -9.15753;0
2024-12;Região de Saúde Norte;Unidade Local de Saúde do Médio Ave, E. P. E.;41.3423984, -8.4802503;142
2015-06;Região de Saúde Norte;Instituto Português de Oncologia do Porto, EPE;41.1785642, -8.6062881;51
2015-06;Região de Saúde Norte;Hospital de Magalhães Lemos, EPE;41.1764649, -8.6649823;26
2016-03;Região de Saúde Norte;Centro Hospitalar de Entre o Douro e Vouga, EPE;40.9293884, -8.5458794;38
2016-06;Região de Saúde do Algarve;Centro Hospitalar Universitário do Algarve, E.P.E;37.0238973, -7.9281554;93
2016-09;Região de Saúde do Alentejo;Hospital Espírito Santo de Évora, EPE;38.5684861, -7.9032848;147
2016-09;Região de Saúde Norte;Instituto Português de Oncologia do Porto, EPE;41.1785642, -8.6062881;38
2016-09;Região de Saúde do Alentejo;Unidade Local de Saúde do Litoral Alentejano, EPE;38.0162314, -8.6956768;42
2016-09;Região de Saúde LVT;Instituto de Oftalmologia Dr. Gama Pinto;38.7218793, -9.144249;15
2017-03;Região de Saúde do Centro;Centro Hospitalar Tondela-Viseu, EPE;40.516364, -8.0827433;129
2017-06;Região de Saúde do Centro;Administração Regional de Saúde do Centro;40.2038123, -8.4216163;64
2017-09;Região de Saúde do Centro;Centro Hospitalar e Universitário de Coimbra, EPE;40.2191523, -8.4098211;254
2019-06;Região de Saúde LVT;Hospital Distrital Santarém, EPE;39.2410946, -8.6937515;166
2019-09;Região de Saúde do Centro;Administração Regional de Saúde do Centro;40.2038123, -8.4216163;55
2020-09;Região de Saúde do Centro;Centro Hospitalar e Universitário de Coimbra, EPE;40.2191523, -8.4098211;136
2020-09;Região de Saúde LVT;Instituto Português de Oncologia de Lisboa, EPE;38.7396768, -9.1634516;164
2020-12;Região de Saúde Norte;Centro Hospitalar Universitário do Porto, EPE;41.1472498, -8.6172617;171
2021-03;Região de Saúde Norte;Hospital de Magalhães Lemos, EPE;41.1764649, -8.6649823;13
2022-03;Serviços Centrais;Instituto Nacional Saúde Dr. Ricardo Jorge - Lisboa;38.7643827, -9.1663422;136
2022-06;Região de Saúde Norte;Centro Hospitalar Trás-os-Montes e Alto Douro, EPE;41.3031784, -7.7515252;183
2022-06;Região de Saúde LVT;Centro Hospitalar do Barreiro - Montijo, EPE;38.6554005, -9.0592392;186
2022-09;Região de Saúde LVT;Centro Hospitalar Psiquiátrico de Lisboa, SPA;38.7569771, -9.1460705;33
2022-09;Região de Saúde Norte;Unidade Local de Saúde de Matosinhos, EPE;41.1794456, -8.6745115;194
2022-12;Região de Saúde LVT;Instituto de Oftalmologia Dr. Gama Pinto;38.7218793, -9.144249;68
2023-03;Região de Saúde Norte;Centro Hospitalar do Tâmega e Sousa, EPE;41.2494561, -8.264901;190
2023-03;Região de Saúde Norte;Centro Hospitalar Vila Nova Gaia/Espinho, EPE;41.1094138, -8.5972617;192
2023-09;Região de Saúde Norte;Centro Hospitalar Universitário do Porto, EPE;41.1472498, -8.6172617;
2024-03;Região de Saúde LVT;Unidade Local de Saúde de São José, E. P. E.;38.7166948, -9.1371248;211
2024-03;Região de Saúde Norte;Unidade Local de Saúde de Entre Douro e Vouga, E. P. E.;40.9293884, -8.5458794;135
2014-03;Serviços Centrais;Instituto Nacional Saúde Dr. Ricardo Jorge - Lisboa;38.7643827, -9.1663422;0
2014-09;Região de Saúde do Centro;Instituto Português de Oncologia de Coimbra, EPE;40.2162514, -8.4103814;44
2014-12;Região de Saúde do Alentejo;Unidade Local de Saúde do Norte Alentejano, EPE;39.3003425, -7.4263845;87
2014-12;Região de Saúde Norte;Centro Hospitalar Póvoa Varzim / Vila do Conde, EPE;41.3828711, -8.7589945;599
2015-03;Região de Saúde Norte;Centro Hospitalar Trás-os-Montes e Alto Douro, EPE;41.3031784, -7.7515252;201
2015-03;Região de Saúde LVT;Centro Hospitalar do Barreiro - Montijo, EPE;38.6554005, -9.0592392;475
2015-03;Região de Saúde do Centro;Hospital Distrital Figueira da Foz, EPE;40.117897, -8.8586755;202
2015-12;Região de Saúde do Centro;Centro Hospitalar Universitário Cova da Beira, EPE;40.2804158, -7.4922407;248
2016-06;Região de Saúde do Centro;Hospital Dr. Francisco Zagalo - Ovar;40.8571967, -8.6318023;38
2016-09;Serviços Centrais;Instituto Nacional Saúde Dr. Ricardo Jorge - Lisboa;38.7643827, -9.1663422;0
2016-12;Região de Saúde Norte;Centro Hospitalar do Tâmega e Sousa, EPE;41.2494561, -8.264901;104
2017-03;Região de Saúde Norte;Centro Hospitalar Médio Ave, EPE;41.3423984, -8.4802503;206
2018-09;Região de Saúde Norte;Centro Hospitalar do Tâmega e Sousa, EPE;41.2494561, -8.264901;235
2018-12;Região de Saúde LVT;Hospital Garcia de Orta, EPE - Almada;38.6658713, -9.1822554;192
2019-09;Região de Saúde Norte;Hospital de Magalhães Lemos, EPE;41.1764649, -8.6649823;26
2020-03;Região de Saúde do Alentejo;Unidade Local de Saúde do Baixo Alentejo, EPE;38.014123, -7.8721227;165
2020-12;Região de Saúde LVT;Hospital Distrital Santarém, EPE;39.2410946, -8.6937515;124
2020-12;Região de Saúde do Centro;Unidade Local de Saúde da Guarda, EPE;40.5309916, -7.2734793;119
2021-03;Região de Saúde Norte;Centro Hospitalar Universitário de São João, EPE;41.1831056, -8.6010558;133
2022-03;Região de Saúde LVT;Centro Hospitalar do Barreiro - Montijo, EPE;38.6554005, -9.0592392;192
2022-03;Região de Saúde LVT;Instituto Português de Oncologia de Lisboa, EPE;38.7396768, -9.1634516;201
2022-09;Região de Saúde do Alentejo;Administração Regional de Saúde do Alentejo;38.5658579, -7.9136262;35
2022-09;Região de Saúde LVT;Centro Hospitalar do Oeste, EPE;39.4054629, -9.1258493;194
2022-09;Região de Saúde LVT;Centro Hospitalar do Barreiro - Montijo, EPE;38.6554005, -9.0592392;196
2022-12;Região de Saúde Norte;Hospital de Magalhães Lemos, EPE;41.1764649, -8.6649823;11
2023-03;Região de Saúde LVT;Hospital de Vila Franca de Xira, EPE;38.9777435, -8.9847644;36
2023-06;Região de Saúde do Centro;Centro Hospitalar Tondela-Viseu, EPE;40.516364, -8.0827433;192
2023-12;Região de Saúde Norte;Hospital de Magalhães Lemos, EPE;41.1764649, -8.6649823;
2024-03;Região de Saúde LVT;Unidade Local de Saúde da Arrábida, E. P. E.;38.5283754, -8.8818638;154
2014-06;Região de Saúde LVT;Instituto Português de Oncologia de Lisboa, EPE;38.7396768, -9.1634516;167
2014-09;Região de Saúde LVT;Centro Hospitalar do Oeste, SPA;39.4054629, -9.1258493;41
2014-12;Região de Saúde do Centro;Unidade Local de Saúde de Castelo Branco, EPE;39.8212263, -7.4981271;56
2015-03;Região de Saúde do Centro;Unidade Local de Saúde da Guarda, EPE;40.5309916, -7.2734793;291
2015-06;Região de Saúde Norte;Centro Hospitalar Vila Nova Gaia/Espinho, EPE;41.1094138, -8.5972617;124
2015-09;Região de Saúde do Alentejo;Hospital Espírito Santo de Évora, EPE;38.5684861, -7.9032848;99
2016-03;Região de Saúde do Centro;Centro Hospitalar Universitário Cova da Beira, EPE;40.2804158, -7.4922407;312
2016-03;Região de Saúde do Algarve;Administração Regional de Saúde do Algarve;37.0272677, -7.9490091;0
2016-06;Região de Saúde LVT;Hospital Distrital Santarém, EPE;39.2410946, -8.6937515;539
2016-09;Região de Saúde LVT;Centro Hospitalar do Barreiro - Montijo, EPE;38.6554005, -9.0592392;183
2017-06;Região de Saúde do Centro;Hospital Distrital Figueira da Foz, EPE;40.117897, -8.8586755;157
2018-06;Região de Saúde do Centro;Centro Hospitalar e Universitário de Coimbra, EPE;40.2191523, -8.4098211;264
2018-06;Região de Saúde do Alentejo;Hospital Espírito Santo de Évora, EPE;38.5684861, -7.9032848;168
2018-09;Região de Saúde do Algarve;Centro Hospitalar Universitário do Algarve, E.P.E;37.0238973, -7.9281554;158
2018-09;Região de Saúde do Alentejo;Unidade Local de Saúde do Litoral Alentejano, EPE;38.0162314, -8.6956768;58
2019-06;Região de Saúde Norte;Centro Hospitalar Médio Ave, EPE;41.3423984, -8.4802503;277
2019-06;Região de Saúde Norte;Centro Hospitalar Vila Nova Gaia/Espinho, EPE;41.1094138, -8.5972617;270
2019-06;Região de Saúde Norte;Hospital da Senhora da Oliveira Guimarães, EPE;41.4387173, -8.3086907;190
2019-09;Região de Saúde do Alentejo;Unidade Local de Saúde do Norte Alentejano, EPE;39.3003425, -7.4263845;110
2019-09;Região de Saúde LVT;Centro Hospitalar do Barreiro - Montijo, EPE;38.6554005, -9.0592392;246
2019-12;Região de Saúde Norte;Instituto Português de Oncologia do Porto, EPE;41.1785642, -8.6062881;124
2020-03;Região de Saúde Norte;Centro Hospitalar do Tâmega e Sousa, EPE;41.2494561, -8.264901;210
2014-03;Região de Saúde do Alentejo;Administração Regional de Saúde do Alentejo;38.5658579, -7.9136262;0
2014-06;Região de Saúde Norte;Hospital Distrital S.Maria Maior, EPE - Barcelos;41.5324234, -8.6171561;58
2014-06;Região de Saúde do Centro;Hospital José Luciano de Castro - Anadia;40.442326, -8.441689;15
2014-12;Região de Saúde do Centro;Centro Hospitalar e Universitário de Coimbra, EPE;40.2191523, -8.4098211;221
2015-06;Região de Saúde Norte;Unidade Local de Saúde Alto Minho, EPE;41.7056054, -8.8252713;84
2015-09;Região de Saúde LVT;Centro Hospitalar do Barreiro - Montijo, EPE;38.6554005, -9.0592392;275
2015-12;Região de Saúde LVT;Instituto Português de Oncologia de Lisboa, EPE;38.7396768, -9.1634516;157
2016-06;Região de Saúde Norte;Centro Hospitalar Vila Nova Gaia/Espinho, EPE;41.1094138, -8.5972617;206
2016-09;Região de Saúde LVT;Centro Hospitalar do Oeste, SPA;39.4054629, -9.1258493;62
2016-09;Região de Saúde do Centro;Centro Hospitalar de Leiria, EPE;39.7414812, -8.7982706;50
2017-09;Região de Saúde do Alentejo;Unidade Local de Saúde do Norte Alentejano, EPE;39.3003425, -7.4263845;95
2017-09;Serviços Centrais;Instituto Nacional Saúde Dr. Ricardo Jorge - Lisboa;38.7643827, -9.1663422;23
2017-09;Região de Saúde do Alentejo;Unidade Local de Saúde do Baixo Alentejo, EPE;38.014123, -7.8721227;222
2017-12;Região de Saúde Norte;Centro Hospitalar Vila Nova Gaia/Espinho, EPE;41.1094138, -8.5972617;340
2017-12;Região de Saúde Norte;Hospital de Magalhães Lemos, EPE;41.1764649, -8.6649823;14
2018-06;Região de Saúde LVT;Centro Hospitalar Médio Tejo, EPE;39.478072, -8.5404429;286
2018-09;Região de Saúde Norte;Centro Hospitalar de Entre o Douro e Vouga, EPE;40.9293884, -8.5458794;133
2018-12;Região de Saúde LVT;Administração Regional de Saúde de Lisboa e Vale do Tejo;38.7490049, -9.1417844;19
2019-03;Região de Saúde Norte;Instituto Português de Oncologia do Porto, EPE;41.1785642, -8.6062881;98
2019-06;Região de Saúde LVT;Instituto de Oftalmologia Dr. Gama Pinto;38.7218793, -9.144249;26
2020-09;Região de Saúde LVT;Hospital Fernando Fonseca, EPE;38.7422257, -9.2264834;145
2020-12;Região de Saúde Norte;Unidade Local de Saúde do Alto Minho, EPE;41.7056054, -8.8252713;182
2020-12;Região de Saúde LVT;Centro Hospitalar do Barreiro - Montijo, EPE;38.6554005, -9.0592392;192
2020-12;Região de Saúde do Centro;Centro Hospitalar Tondela-Viseu, EPE;40.516364, -8.0827433;160
2021-03;Região de Saúde LVT;Instituto de Oftalmologia Dr. Gama Pinto;38.7218793, -9.144249;59
2021-03;Região de Saúde LVT;Instituto Português de Oncologia de Lisboa, EPE;38.7396768, -9.1634516;163
2021-06;Região de Saúde LVT;Centro Hospitalar Médio Tejo, EPE;39.478072, -8.5404429;166
2021-12;Região de Saúde do Algarve;Centro Hospitalar Universitário do Algarve, E.P.E;37.0238973, -7.9281554;170
2022-06;Região de Saúde do Centro;Unidade Local de Saúde da Guarda, EPE;40.5309916, -7.2734793;162
2022-06;Região de Saúde do Centro;Centro Hospitalar de Leiria, EPE;39.7414812, -8.7982706;186
2022-06;Região de Saúde do Alentejo;Hospital Espírito Santo de Évora, EPE;38.5684861, -7.9032848;141
2023-06;Região de Saúde LVT;Centro Hospitalar de Setúbal, EPE;38.5283754, -8.8818638;172
2023-09;Região de Saúde LVT;Administração Regional de Saúde de Lisboa e Vale do Tejo;38.7490049, -9.1417844;31
2024-09;Região de Saúde do Centro;Unidade Local de Saúde do Baixo Mondego, E. P. E.;40.117897, -8.8586755;48
2014-09;Região de Saúde LVT;Hospital Fernando Fonseca, EPE;38.7422257, -9.2264834;108
2016-03;Região de Saúde LVT;Instituto Português de Oncologia de Lisboa, EPE;38.7396768, -9.1634516;165
2016-12;Região de Saúde do Alentejo;Unidade Local de Saúde do Norte Alentejano, EPE;39.3003425, -7.4263845;91
2016-12;Serviços Centrais;Instituto Português do Sangue e da Transplantação, IP;38.7567758, -9.1505021;0
2017-06;Região de Saúde LVT;Centro Hospitalar de Setúbal, EPE;38.5283754, -8.8818638;507
2018-03;Região de Saúde do Centro;Hospital Rovisco Pais;40.297919, -8.7707806;38
2018-09;Região de Saúde Norte;Centro Hospitalar Médio Ave, EPE;41.3423984, -8.4802503;326
2018-09;Região de Saúde Norte;Centro Hospitalar Universitário do Porto, EPE;41.1472498, -8.6172617;280
2018-12;Região de Saúde LVT;Instituto de Oftalmologia Dr. Gama Pinto;38.7218793, -9.144249;35
2019-03;Região de Saúde do Centro;Centro Hospitalar do Baixo Vouga, EPE;40.6362453, -8.6543716;356
2019-03;Região de Saúde LVT;Centro Hospitalar Médio Tejo, EPE;39.478072, -8.5404429;251
2019-06;Região de Saúde do Algarve;Administração Regional de Saúde do Algarve;37.0272677, -7.9490091;30
2019-09;Região de Saúde do Alentejo;Hospital Espírito Santo de Évora, EPE;38.5684861, -7.9032848;129
2019-09;Região de Saúde Norte;Centro Hospitalar de Entre o Douro e Vouga, EPE;40.9293884, -8.5458794;153
2019-12;Região de Saúde Norte;Hospital Distrital S.Maria Maior, EPE - Barcelos;41.5324234, -8.6171561;140
2019-12;Região de Saúde LVT;Centro Hospitalar do Barreiro - Montijo, EPE;38.6554005, -9.0592392;251
2020-03;Região de Saúde do Centro;Instituto Português de Oncologia de Coimbra, EPE;40.2162514, -8.4103814;59
2020-06;Região de Saúde Norte;Instituto Português de Oncologia do Porto, EPE;41.1785642, -8.6062881;113
2020-09;Região de Saúde LVT;Hospital Distrital Santarém, EPE;39.2410946, -8.6937515;137
2021-06;Região de Saúde do Centro;Centro Hospitalar de Leiria, EPE;39.7414812, -8.7982706;178
2021-06;Região de Saúde LVT;Centro Hospitalar Universitário de Lisboa Central, EPE;38.7166948, -9.1371248;286
2022-09;Região de Saúde do Centro;Unidade Local de Saúde da Guarda, EPE;40.5309916, -7.2734793;180
2022-12;Região de Saúde LVT;Centro Hospitalar de Setúbal, EPE;38.5283754, -8.8818638;179
2022-12;Região de Saúde Norte;Hospital de Braga, EPE;39.4054629, -9.1258493;106
2022-12;Região de Saúde do Alentejo;Unidade Local de Saúde do Baixo Alentejo, EPE;38.014123, -7.8721227;159
2023-03;Região de Saúde Norte;Unidade Local de Saúde do Alto Minho, EPE;41.7056054, -8.8252713;207
2023-09;Região de Saúde do Alentejo;Unidade Local de Saúde do Norte Alentejano, EPE;39.3003425, -7.4263845;120
2023-12;Região de Saúde Norte;Unidade Local de Saúde do Alto Minho, EPE;41.7056054, -8.8252713;158
2024-03;Região de Saúde do Algarve;Unidade Local de Saúde do Algarve, E. P. E.;37.0238973, -7.9281554;147
2024-06;Região de Saúde Norte;Unidade Local de Saúde de São João, E. P. E.;41.1831056, -8.6010558;59
2024-09;Região de Saúde LVT;Unidade Local de Saúde de São José, E. P. E.;38.7166948, -9.1371248;138
2024-09;Região de Saúde LVT;Unidade Local de Saúde do Oeste, E. P. E.;39.4054629, -9.1258493;81
2024-12;Região de Saúde do Centro;UNIDADE LOCAL DE SAUDE DE CASTELO BRANCO, EPE;39.8212263, -7.4981271;65
2024-12;Serviços Centrais;Direção Executiva do Serviço Nacional de Saúde, I.P.;41.1831056, -8.6010558;69
2024-12;Região de Saúde LVT;Unidade Local de Saúde do Estuário do Tejo, E. P. E.;38.9777435, -8.9847644;42
2014-09;Região de Saúde Norte;Centro Hospitalar Trás-os-Montes e Alto Douro, EPE;41.3031784, -7.7515252;194
2014-09;Região de Saúde LVT;Hospital Distrital Santarém, EPE;39.2410946, -8.6937515;581
2014-12;Região de Saúde do Centro;Administração Regional de Saúde do Centro;40.2038123, -8.4216163;0
2014-12;Região de Saúde do Centro;Hospital Distrital Figueira da Foz, EPE;40.117897, -8.8586755;236
2015-03;Região de Saúde Norte;Centro Hospitalar Universitário de São João, EPE;41.1831056, -8.6010558;75
2015-12;Região de Saúde LVT;Instituto de Oftalmologia Dr. Gama Pinto;38.7218793, -9.144249;15
2016-06;Região de Saúde Norte;Centro Hospitalar do Alto Ave, EPE;41.4387173, -8.3086907;0
2017-03;Região de Saúde do Algarve;Centro Hospitalar Universitário do Algarve, E.P.E;37.0238973, -7.9281554;101
2017-06;Região de Saúde Norte;Administração Regional de Saúde do Norte;41.1576321, -8.6066408;35
2017-06;Serviços Centrais;Instituto Nacional Saúde Dr. Ricardo Jorge - Lisboa;38.7643827, -9.1663422;18
2017-06;Região de Saúde LVT;Hospital Distrital Santarém, EPE;39.2410946, -8.6937515;429
2017-06;Região de Saúde LVT;Hospital Garcia de Orta, EPE - Almada;38.6658713, -9.1822554;164
2017-09;Região de Saúde LVT;Instituto Português de Oncologia de Lisboa, EPE;38.7396768, -9.1634516;239
2017-09;Região de Saúde do Centro;Hospital Rovisco Pais;40.297919, -8.7707806;28
2017-09;Região de Saúde do Alentejo;Unidade Local de Saúde do Litoral Alentejano, EPE;38.0162314, -8.6956768;50
2017-12;Região de Saúde do Centro;Instituto Português de Oncologia de Coimbra, EPE;40.2162514, -8.4103814;53
2018-03;Região de Saúde do Centro;Centro Hospitalar Universitário Cova da Beira, EPE;40.2804158, -7.4922407;345
2018-03;Região de Saúde LVT;Hospital Fernando Fonseca, EPE;38.7422257, -9.2264834;233
2018-09;Região de Saúde Norte;Unidade Local de Saúde de Matosinhos, EPE;41.1794456, -8.6745115;264
2019-03;Região de Saúde Norte;Centro Hospitalar Universitário do Porto, EPE;41.1472498, -8.6172617;306
2019-03;Região de Saúde LVT;Centro Hospitalar Universitário Lisboa Norte, EPE;38.7500861, -9.1616116;378
2019-03;Região de Saúde Norte;Hospital Distrital S.Maria Maior, EPE - Barcelos;41.5324234, -8.6171561;118
2019-06;Região de Saúde LVT;Administração Regional de Saúde de Lisboa e Vale do Tejo;38.7490049, -9.1417844;21
2019-06;Região de Saúde do Centro;Hospital Arcebispo João Crisóstomo - Cantanhede;40.3470015, -8.5933462;24
2020-03;Região de Saúde do Centro;Centro Hospitalar de Leiria, EPE;39.7414812, -8.7982706;118
2020-12;Região de Saúde do Alentejo;Unidade Local de Saúde do Norte Alentejano, EPE;39.3003425, -7.4263845;112
2021-03;Região de Saúde LVT;Hospital Distrital Santarém, EPE;39.2410946, -8.6937515;125
2021-12;Região de Saúde LVT;Hospital de Vila Franca de Xira, EPE;38.9777435, -8.9847644;6
2021-12;Região de Saúde LVT;Centro Hospitalar do Barreiro - Montijo, EPE;38.6554005, -9.0592392;179
2022-09;Região de Saúde Norte;Centro Hospitalar Vila Nova Gaia/Espinho, EPE;41.1094138, -8.5972617;189
2022-12;Região de Saúde Norte;Instituto Português de Oncologia do Porto, EPE;41.1785642, -8.6062881;159
2023-03;Região de Saúde do Centro;Unidade Local de Saúde da Guarda, EPE;40.5309916, -7.2734793;156
2023-06;Região de Saúde do Alentejo;Unidade Local de Saúde do Litoral Alentejano, EPE;38.0162314, -8.6956768;145
2014-03;Região de Saúde do Algarve;Centro Hospitalar Universitário do Algarve, E.P.E;37.0238973, -7.9281554;508
2014-09;Região de Saúde Norte;Centro Hospitalar Universitário do Porto, EPE;41.1472498, -8.6172617;192
2014-12;Região de Saúde do Algarve;Administração Regional de Saúde do Algarve;37.0272677, -7.9490091;0
2015-03;Região de Saúde LVT;Hospital Distrital Santarém, EPE;39.2410946, -8.6937515;586
2015-09;Região de Saúde Norte;Unidade Local de Saúde de Matosinhos, EPE;41.1794456, -8.6745115;297
2015-12;Região de Saúde do Alentejo;Administração Regional de Saúde do Alentejo;38.5658579, -7.9136262;0
2015-12;Região de Saúde do Alentejo;Unidade Local de Saúde do Norte Alentejano, EPE;39.3003425, -7.4263845;68
2016-09;Região de Saúde do Centro;Hospital Dr. Francisco Zagalo - Ovar;40.8571967, -8.6318023;29
2017-03;Região de Saúde LVT;Administração Regional de Saúde de Lisboa e Vale do Tejo;38.7490049, -9.1417844;21
2017-12;Região de Saúde Norte;Centro Hospitalar de Entre o Douro e Vouga, EPE;40.9293884, -8.5458794;79
2018-12;Região de Saúde Norte;Centro Hospitalar do Tâmega e Sousa, EPE;41.2494561, -8.264901;218
2019-03;Região de Saúde Norte;Centro Hospitalar Universitário de São João, EPE;41.1831056, -8.6010558;92
2019-09;Região de Saúde do Algarve;Centro Hospitalar Universitário do Algarve, E.P.E;37.0238973, -7.9281554;142
2021-06;Região de Saúde do Centro;Centro Hospitalar do Baixo Vouga, EPE;40.6362453, -8.6543716;239
2021-09;Região de Saúde Norte;Centro Hospitalar Universitário de São João, EPE;41.1831056, -8.6010558;125
2021-12;Região de Saúde Norte;Unidade Local de Saúde do Nordeste, EPE;41.8056532, -6.7888197;164
2021-12;Região de Saúde LVT;Hospital Garcia de Orta, EPE - Almada;38.6658713, -9.1822554;176
2022-03;Região de Saúde Norte;Unidade Local de Saúde de Matosinhos, EPE;41.1794456, -8.6745115;183
2022-03;Região de Saúde do Alentejo;Unidade Local de Saúde do Norte Alentejano, EPE;39.3003425, -7.4263845;121
2022-06;Região de Saúde LVT;Hospital de Vila Franca de Xira, EPE;38.9777435, -8.9847644;21
2022-09;Região de Saúde do Algarve;Centro Hospitalar Universitário do Algarve, E.P.E;37.0238973, -7.9281554;173
2022-09;Região de Saúde do Centro;Hospital Dr. Francisco Zagalo - Ovar;40.8571967, -8.6318023;87
2022-12;Região de Saúde do Centro;Centro Hospitalar e Universitário de Coimbra, EPE;40.2191523, -8.4098211;165
2022-12;Região de Saúde LVT;Centro Hospitalar Psiquiátrico de Lisboa, SPA;38.7569771, -9.1460705;25
2023-03;Região de Saúde LVT;Centro Hospitalar Médio Tejo, EPE;39.478072, -8.5404429;183
2023-03;Região de Saúde LVT;Administração Regional de Saúde de Lisboa e Vale do Tejo;38.7490049, -9.1417844;28
2023-06;Região de Saúde do Centro;Centro Hospitalar Universitário Cova da Beira, EPE;40.2804158, -7.4922407;163
2023-12;Região de Saúde do Centro;Hospital Rovisco Pais;40.297919, -8.7707806;67
2024-03;Região de Saúde Norte;Unidade Local de Saúde de Santo António, E. P. E.;41.1472498, -8.6172617;130
2024-06;Região de Saúde Norte;Unidade Local de Saúde de Trás-os-Montes e Alto Douro, E. P. E.;41.3031784, -7.7515252;160
2024-09;Região de Saúde Norte;Unidade Local de Saúde do Médio Ave, E. P. E.;41.3423984, -8.4802503;131
2024-09;Região de Saúde do Centro;Unidade Local de Saúde de Viseu Dão-Lafões, E. P. E.;40.516364, -8.0827433;93
2014-09;Região de Saúde do Centro;Centro Hospitalar de Leiria, EPE;39.7414812, -8.7982706;63
2014-09;Região de Saúde do Alentejo;Unidade Local de Saúde do Baixo Alentejo, EPE;38.014123, -7.8721227;456
2014-12;Serviços Centrais;Instituto Nacional Saúde Dr. Ricardo Jorge - Lisboa;38.7643827, -9.1663422;0
2014-12;Região de Saúde Norte;Centro Hospitalar Universitário do Porto, EPE;41.1472498, -8.6172617;200
2014-12;Região de Saúde Norte;Unidade Local de Saúde de Matosinhos, EPE;41.1794456, -8.6745115;301
2015-03;Região de Saúde do Centro;Centro Hospitalar e Universitário de Coimbra, EPE;40.2191523, -8.4098211;227
2015-03;Região de Saúde do Alentejo;Unidade Local de Saúde do Litoral Alentejano, EPE;38.0162314, -8.6956768;47
2015-06;Região de Saúde LVT;Centro Hospitalar de Lisboa - Zona Ocidental, EPE;38.708454, -9.216985;228
2015-09;Região de Saúde Norte;Centro Hospitalar Vila Nova Gaia/Espinho, EPE;41.1094138, -8.5972617;136
2015-12;Região de Saúde Norte;Hospital da Senhora da Oliveira Guimarães, EPE;41.4387173, -8.3086907;105
2015-12;Região de Saúde Norte;Centro Hospitalar Universitário do Porto, EPE;41.1472498, -8.6172617;195
2016-03;Região de Saúde Norte;Hospital Distrital S.Maria Maior, EPE - Barcelos;41.5324234, -8.6171561;100
2016-06;Região de Saúde do Centro;Unidade Local de Saúde de Castelo Branco, EPE;39.8212263, -7.4981271;52
2016-06;Região de Saúde Norte;Centro Hospitalar Universitário do Porto, EPE;41.1472498, -8.6172617;233
2016-06;Região de Saúde LVT;Instituto de Oftalmologia Dr. Gama Pinto;38.7218793, -9.144249;13
2016-06;Região de Saúde do Centro;Hospital Distrital Figueira da Foz, EPE;40.117897, -8.8586755;158
2016-12;Região de Saúde Norte;Unidade Local de Saúde do Nordeste, EPE;41.8056532, -6.7888197;235
2016-12;Região de Saúde do Alentejo;Unidade Local de Saúde do Baixo Alentejo, EPE;38.014123, -7.8721227;277
2016-12;Região de Saúde do Centro;Hospital Distrital Figueira da Foz, EPE;40.117897, -8.8586755;163
2016-12;Região de Saúde do Centro;Hospital Arcebispo João Crisóstomo - Cantanhede;40.3470015, -8.5933462;15
2016-12;Serviços Centrais;Administração Central do Sistema de Saúde, I.P;38.759209, -9.148981;0
2017-03;Região de Saúde do Centro;Centro Hospitalar Universitário Cova da Beira, EPE;40.2804158, -7.4922407;396
2017-03;Região de Saúde do Centro;Administração Regional de Saúde do Centro;40.2038123, -8.4216163;67
2017-03;Região de Saúde do Centro;Hospital Rovisco Pais;40.297919, -8.7707806;19
2017-03;Região de Saúde LVT;Centro Hospitalar do Barreiro - Montijo, EPE;38.6554005, -9.0592392;200
2017-06;Região de Saúde do Centro;Unidade Local de Saúde da Guarda, EPE;40.5309916, -7.2734793;240
2017-12;Região de Saúde do Alentejo;Unidade Local de Saúde do Norte Alentejano, EPE;39.3003425, -7.4263845;103
2017-12;Região de Saúde do Centro;Administração Regional de Saúde do Centro;40.2038123, -8.4216163;64
2018-03;Região de Saúde LVT;Centro Hospitalar Psiquiátrico de Lisboa, SPA;38.7569771, -9.1460705;46
2018-06;Região de Saúde Norte;Hospital de Magalhães Lemos, EPE;41.1764649, -8.6649823;15
2018-09;Região de Saúde Norte;Centro Hospitalar Universitário de São João, EPE;41.1831056, -8.6010558;89
2018-09;Região de Saúde LVT;Hospital Garcia de Orta, EPE - Almada;38.6658713, -9.1822554;211
2018-12;Região de Saúde Norte;Centro Hospitalar de Entre o Douro e Vouga, EPE;40.9293884, -8.5458794;127
2018-12;Região de Saúde Norte;Unidade Local de Saúde do Nordeste, EPE;41.8056532, -6.7888197;175
2019-06;Região de Saúde do Centro;Centro Hospitalar de Leiria, EPE;39.7414812, -8.7982706;94
2019-06;Região de Saúde do Centro;Hospital Distrital Figueira da Foz, EPE;40.117897, -8.8586755;124
2019-09;Região de Saúde Norte;Centro Hospitalar Trás-os-Montes e Alto Douro, EPE;41.3031784, -7.7515252;263
2019-12;Região de Saúde do Centro;Centro Hospitalar Universitário Cova da Beira, EPE;40.2804158, -7.4922407;232
2020-12;Região de Saúde LVT;Centro Hospitalar Universitário Lisboa Norte, EPE;38.7500861, -9.1616116;176
2021-06;Região de Saúde do Centro;Hospital Rovisco Pais;40.297919, -8.7707806;52
2021-06;Região de Saúde do Alentejo;Administração Regional de Saúde do Alentejo;38.5658579, -7.9136262;31
2021-09;Região de Saúde do Algarve;Centro Hospitalar Universitário do Algarve, E.P.E;37.0238973, -7.9281554;169
2021-09;Região de Saúde Norte;Unidade Local de Saúde do Alto Minho, EPE;41.7056054, -8.8252713;213
2021-09;Região de Saúde LVT;Centro Hospitalar Psiquiátrico de Lisboa, SPA;38.7569771, -9.1460705;30
2022-03;Região de Saúde LVT;Centro Hospitalar Médio Tejo, EPE;39.478072, -8.5404429;108
2022-06;Região de Saúde LVT;Centro Hospitalar do Oeste, EPE;39.4054629, -9.1258493;169
2022-06;Serviços Centrais;Administração Central do Sistema de Saúde, I.P;38.759209, -9.148981;48
2022-06;Região de Saúde do Centro;Administração Regional de Saúde do Centro;40.2038123, -8.4216163;47
2022-12;Região de Saúde LVT;Centro Hospitalar do Oeste, EPE;39.4054629, -9.1258493;171
2022-12;Região de Saúde LVT;Centro Hospitalar Universitário Lisboa Norte, EPE;38.7500861, -9.1616116;172
2023-12;Região de Saúde do Centro;Centro Hospitalar e Universitário de Coimbra, EPE;40.2191523, -8.4098211;179
2015-12;Região de Saúde do Centro;Hospital Distrital Figueira da Foz, EPE;40.117897, -8.8586755;133
2016-03;Região de Saúde do Centro;Centro Hospitalar e Universitário de Coimbra, EPE;40.2191523, -8.4098211;192
2016-09;Região de Saúde do Centro;Centro Hospitalar e Universitário de Coimbra, EPE;40.2191523, -8.4098211;217
2016-12;Região de Saúde do Centro;Hospital Dr. Francisco Zagalo - Ovar;40.8571967, -8.6318023;29
2018-09;Região de Saúde LVT;Centro Hospitalar de Lisboa - Zona Ocidental, EPE;38.708454, -9.216985;352
2018-12;Região de Saúde do Alentejo;Administração Regional de Saúde do Alentejo;38.5658579, -7.9136262;25
2019-06;Região de Saúde Norte;Administração Regional de Saúde do Norte;41.1576321, -8.6066408;32
2019-06;Região de Saúde Norte;Centro Hospitalar Póvoa Varzim / Vila do Conde, EPE;41.3828711, -8.7589945;212
2019-06;Região de Saúde Norte;Centro Hospitalar Trás-os-Montes e Alto Douro, EPE;41.3031784, -7.7515252;234
2019-09;Serviços Centrais;Administração Central do Sistema de Saúde, I.P;38.759209, -9.148981;7
2019-09;Região de Saúde LVT;Instituto Português de Oncologia de Lisboa, EPE;38.7396768, -9.1634516;216
2019-12;Região de Saúde LVT;Centro Hospitalar Universitário de Lisboa Central, EPE;38.7166948, -9.1371248;295
2020-06;Região de Saúde do Centro;Centro Hospitalar Universitário Cova da Beira, EPE;40.2804158, -7.4922407;210
2021-12;Região de Saúde LVT;Centro Hospitalar de Lisboa - Zona Ocidental, EPE;38.708454, -9.216985;218
2022-03;Região de Saúde Norte;Centro Hospitalar Universitário do Porto, EPE;41.1472498, -8.6172617;169
2022-03;Região de Saúde LVT;Centro Hospitalar Universitário Lisboa Norte, EPE;38.7500861, -9.1616116;172
2022-06;Região de Saúde LVT;Centro Hospitalar Médio Tejo, EPE;39.478072, -8.5404429;110
2023-03;Região de Saúde LVT;Centro Hospitalar de Lisboa - Zona Ocidental, EPE;38.708454, -9.216985;199
2023-03;Região de Saúde do Centro;Centro Hospitalar de Leiria, EPE;39.7414812, -8.7982706;159
2023-03;Região de Saúde do Alentejo;Hospital Espírito Santo de Évora, EPE;38.5684861, -7.9032848;136
2023-03;Região de Saúde LVT;Centro Hospitalar do Oeste, EPE;39.4054629, -9.1258493;134
2023-06;Região de Saúde LVT;Instituto Português de Oncologia de Lisboa, EPE;38.7396768, -9.1634516;160
2023-12;Região de Saúde LVT;Instituto de Oftalmologia Dr. Gama Pinto;38.7218793, -9.144249;20
2023-12;Região de Saúde LVT;Centro Hospitalar Psiquiátrico de Lisboa, SPA;38.7569771, -9.1460705;13
2024-06;Região de Saúde do Alentejo;UNIDADE LOCAL DO BAIXO ALENTEJO, EPE;38.014123, -7.8721227;99
2024-06;Região de Saúde do Alentejo;Administração Regional de Saúde do Alentejo;38.5658579, -7.9136262;19
2024-09;Região de Saúde do Algarve;Administração Regional de Saúde do Algarve;37.0272677, -7.9490091;15
2024-12;Região de Saúde do Alentejo;Administração Regional de Saúde do Alentejo;38.5658579, -7.9136262;32
2014-09;Região de Saúde LVT;Administração Regional de Saúde de Lisboa e Vale do Tejo;38.7490049, -9.1417844;0
2015-03;Região de Saúde do Centro;Instituto Português de Oncologia de Coimbra, EPE;40.2162514, -8.4103814;38
2015-06;Região de Saúde LVT;Centro Hospitalar Psiquiátrico de Lisboa, SPA;38.7569771, -9.1460705;61
2015-09;Região de Saúde Norte;Administração Regional de Saúde do Norte;41.1576321, -8.6066408;0
2016-03;Região de Saúde Norte;Unidade Local de Saúde Alto Minho, EPE;41.7056054, -8.8252713;102
2016-03;Região de Saúde do Alentejo;Administração Regional de Saúde do Alentejo;38.5658579, -7.9136262;0
2016-06;Região de Saúde Norte;Hospital da Senhora da Oliveira Guimarães, EPE;41.4387173, -8.3086907;91
2016-06;Região de Saúde do Alentejo;Unidade Local de Saúde do Litoral Alentejano, EPE;38.0162314, -8.6956768;40
2016-06;Região de Saúde LVT;Centro Hospitalar Universitário Lisboa Norte, EPE;38.7500861, -9.1616116;426
2016-09;Região de Saúde LVT;Centro Hospitalar Universitário de Lisboa Central, EPE;38.7166948, -9.1371248;327
2016-09;Região de Saúde do Algarve;Centro Hospitalar Universitário do Algarve, E.P.E;37.0238973, -7.9281554;88
2016-12;Região de Saúde Norte;Administração Regional de Saúde do Norte;41.1576321, -8.6066408;0
2017-03;Região de Saúde do Alentejo;Administração Regional de Saúde do Alentejo;38.5658579, -7.9136262;33
2018-03;Região de Saúde Norte;Centro Hospitalar Médio Ave, EPE;41.3423984, -8.4802503;300
2018-12;Região de Saúde LVT;Centro Hospitalar Psiquiátrico de Lisboa, SPA;38.7569771, -9.1460705;29
2018-12;Região de Saúde do Alentejo;Unidade Local de Saúde do Norte Alentejano, EPE;39.3003425, -7.4263845;88
2018-12;Região de Saúde do Centro;Centro Hospitalar Universitário Cova da Beira, EPE;40.2804158, -7.4922407;315
2019-03;Região de Saúde do Centro;Centro Hospitalar de Leiria, EPE;39.7414812, -8.7982706;93
2019-12;Região de Saúde LVT;Administração Regional de Saúde de Lisboa e Vale do Tejo;38.7490049, -9.1417844;28
2020-06;Serviços Centrais;Instituto Português Do Sangue e Da Transplantação, IP;38.7567758, -9.1505021;62
2020-06;Região de Saúde do Centro;Centro Hospitalar do Baixo Vouga, EPE;40.6362453, -8.6543716;221
2020-09;Região de Saúde LVT;Centro Hospitalar de Setúbal, EPE;38.5283754, -8.8818638;221
2021-09;Região de Saúde LVT;Centro Hospitalar do Barreiro - Montijo, EPE;38.6554005, -9.0592392;196
2021-09;Região de Saúde do Centro;Centro Hospitalar Tondela-Viseu, EPE;40.516364, -8.0827433;192
2022-03;Região de Saúde LVT;Centro Hospitalar de Lisboa - Zona Ocidental, EPE;38.708454, -9.216985;215
2022-03;Região de Saúde LVT;Hospital de Vila Franca de Xira, EPE;38.9777435, -8.9847644;14
2022-09;Região de Saúde Norte;Hospital Distrital S.Maria Maior, EPE - Barcelos;41.5324234, -8.6171561;155
2022-12;Região de Saúde LVT;Administração Regional de Saúde de Lisboa e Vale do Tejo;38.7490049, -9.1417844;32
2023-06;Serviços Centrais;Direção Executiva do Serviço Nacional de Saúde, I.P.;41.1831056, -8.6010558;
2023-06;Região de Saúde do Algarve;Administração Regional de Saúde do Algarve;37.0272677, -7.9490091;28
2023-09;Região de Saúde Norte;Unidade Local de Saúde do Alto Minho, EPE;41.7056054, -8.8252713;176
2023-09;Região de Saúde LVT;Instituto de Oftalmologia Dr. Gama Pinto;38.7218793, -9.144249;19
2023-12;Região de Saúde Norte;Hospital de Braga, EPE;39.4054629, -9.1258493;70
2022-09;Região de Saúde LVT;Centro Hospitalar Universitário de Lisboa Central, EPE;38.7166948, -9.1371248;260
2022-12;Região de Saúde do Centro;Centro Hospitalar Universitário Cova da Beira, EPE;40.2804158, -7.4922407;159
2022-12;Região de Saúde do Centro;Hospital Distrital Figueira da Foz, EPE;40.117897, -8.8586755;178
2022-12;Região de Saúde Norte;Administração Regional de Saúde do Norte;41.1576321, -8.6066408;49
2022-12;Região de Saúde Norte;Centro Hospitalar do Tâmega e Sousa, EPE;41.2494561, -8.264901;196
2023-06;Região de Saúde Norte;Instituto Português de Oncologia do Porto, EPE;41.1785642, -8.6062881;150
2023-09;Região de Saúde Norte;Centro Hospitalar Póvoa Varzim / Vila do Conde, EPE;41.3828711, -8.7589945;188
2023-09;Serviços Centrais;Instituto Nacional de Emergência Médica;38.7314304, -9.142532;30
2023-12;Região de Saúde do Alentejo;Hospital Espírito Santo de Évora, EPE;38.5684861, -7.9032848;108
2014-03;Região de Saúde Norte;Centro Hospitalar Póvoa Varzim / Vila do Conde, EPE;41.3828711, -8.7589945;495
2014-06;Serviços Centrais;Administração Central do Sistema de Saúde, I.P;38.759209, -9.148981;0
2014-06;Região de Saúde do Centro;Administração Regional de Saúde do Centro;40.2038123, -8.4216163;0
2014-06;Região de Saúde Norte;Centro Hospitalar Universitário de São João, EPE;41.1831056, -8.6010558;112
2014-09;Região de Saúde Norte;Hospital Distrital S.Maria Maior, EPE - Barcelos;41.5324234, -8.6171561;61
2014-09;Região de Saúde do Alentejo;Hospital Espírito Santo de Évora, EPE;38.5684861, -7.9032848;104
2014-12;Região de Saúde Norte;Centro Hospitalar Universitário de São João, EPE;41.1831056, -8.6010558;75
2014-12;Região de Saúde Norte;Unidade Local de Saúde Alto Minho, EPE;41.7056054, -8.8252713;80
2014-12;Região de Saúde LVT;Centro Hospitalar Médio Tejo, EPE;39.478072, -8.5404429;573
2015-03;Região de Saúde Norte;Centro Hospitalar Vila Nova Gaia/Espinho, EPE;41.1094138, -8.5972617;124
2015-03;Região de Saúde Norte;Centro Hospitalar do Alto Ave, EPE;41.4387173, -8.3086907;0
2015-03;Região de Saúde do Algarve;Administração Regional de Saúde do Algarve;37.0272677, -7.9490091;0
2015-06;Serviços Centrais;Instituto Nacional Saúde Dr. Ricardo Jorge - Lisboa;38.7643827, -9.1663422;0
2015-06;Região de Saúde do Centro;Unidade Local de Saúde de Castelo Branco, EPE;39.8212263, -7.4981271;58
2015-09;Região de Saúde do Centro;Centro Hospitalar Tondela-Viseu, EPE;40.516364, -8.0827433;80
2015-12;Região de Saúde do Centro;Centro Hospitalar do Baixo Vouga, EPE;40.6362453, -8.6543716;270
2015-12;Região de Saúde do Algarve;Centro Hospitalar Universitário do Algarve, E.P.E;37.0238973, -7.9281554;124
2015-12;Região de Saúde LVT;Centro Hospitalar do Barreiro - Montijo, EPE;38.6554005, -9.0592392;225
2016-03;Região de Saúde Norte;Centro Hospitalar do Alto Ave, EPE;41.4387173, -8.3086907;0
2016-06;Região de Saúde do Alentejo;Unidade Local de Saúde do Norte Alentejano, EPE;39.3003425, -7.4263845;91
2016-09;Região de Saúde do Centro;Unidade Local de Saúde de Castelo Branco, EPE;39.8212263, -7.4981271;54
2016-12;Região de Saúde LVT;Hospital Distrital Santarém, EPE;39.2410946, -8.6937515;492
2017-03;Região de Saúde do Centro;Centro Hospitalar do Baixo Vouga, EPE;40.6362453, -8.6543716;338
2017-03;Região de Saúde do Centro;Hospital Dr. Francisco Zagalo - Ovar;40.8571967, -8.6318023;34
2017-06;Região de Saúde do Centro;Hospital José Luciano de Castro - Anadia;40.442326, -8.441689;0
2017-06;Serviços Centrais;Instituto Português do Sangue e da Transplantação, IP;38.7567758, -9.1505021;46
2018-06;Região de Saúde Norte;Centro Hospitalar do Alto Ave, EPE;41.4387173, -8.3086907;0
2018-09;Serviços Centrais;Instituto Nacional Saúde Dr. Ricardo Jorge - Lisboa;38.7643827, -9.1663422;28
2018-09;Região de Saúde do Alentejo;Administração Regional de Saúde do Alentejo;38.5658579, -7.9136262;30
2018-12;Região de Saúde Norte;Hospital de Magalhães Lemos, EPE;41.1764649, -8.6649823;13
2018-12;Região de Saúde LVT;Instituto Português de Oncologia de Lisboa, EPE;38.7396768, -9.1634516;229
2018-12;Região de Saúde LVT;Centro Hospitalar do Oeste, EPE;39.4054629, -9.1258493;94
2018-12;Região de Saúde LVT;Centro Hospitalar Universitário de Lisboa Central, EPE;38.7166948, -9.1371248;331
2018-12;Região de Saúde Norte;Unidade Local de Saúde Alto Minho, EPE;41.7056054, -8.8252713;171
2019-03;Região de Saúde do Alentejo;Unidade Local de Saúde do Norte Alentejano, EPE;39.3003425, -7.4263845;89
2019-06;Região de Saúde LVT;Centro Hospitalar de Lisboa - Zona Ocidental, EPE;38.708454, -9.216985;322
2019-09;Região de Saúde Norte;Instituto Português de Oncologia do Porto, EPE;41.1785642, -8.6062881;124
2019-12;Região de Saúde Norte;Centro Hospitalar Universitário do Porto, EPE;41.1472498, -8.6172617;254
2020-03;Região de Saúde Norte;Unidade Local de Saúde de Matosinhos, EPE;41.1794456, -8.6745115;133
2020-03;Região de Saúde Norte;Centro Hospitalar Vila Nova Gaia/Espinho, EPE;41.1094138, -8.5972617;219
2020-06;Região de Saúde do Alentejo;Unidade Local de Saúde do Norte Alentejano, EPE;39.3003425, -7.4263845;110
2020-06;Região de Saúde do Centro;Hospital Rovisco Pais;40.297919, -8.7707806;46
2020-09;Região de Saúde Norte;Centro Hospitalar Universitário do Porto, EPE;41.1472498, -8.6172617;191
2020-12;Região de Saúde do Alentejo;Administração Regional de Saúde do Alentejo;38.5658579, -7.9136262;29
2020-12;Região de Saúde Norte;Instituto Português de Oncologia do Porto, EPE;41.1785642, -8.6062881;100
2020-12;Região de Saúde Norte;Hospital de Braga, EPE;39.4054629, -9.1258493;43
2021-03;Região de Saúde do Centro;Hospital Arcebispo João Crisóstomo - Cantanhede;40.3470015, -8.5933462;64
2021-06;Região de Saúde Norte;Unidade Local de Saúde do Nordeste, EPE;41.8056532, -6.7888197;159
2021-06;Região de Saúde LVT;Administração Regional de Saúde de Lisboa e Vale do Tejo;38.7490049, -9.1417844;29
2021-09;Região de Saúde Norte;Unidade Local de Saúde do Nordeste, EPE;41.8056532, -6.7888197;173
2021-09;Região de Saúde do Alentejo;Unidade Local de Saúde do Litoral Alentejano, EPE;38.0162314, -8.6956768;152
2021-12;Região de Saúde LVT;Hospital Distrital Santarém, EPE;39.2410946, -8.6937515;128
2021-12;Região de Saúde do Centro;Centro Hospitalar de Leiria, EPE;39.7414812, -8.7982706;184
2022-03;Região de Saúde Norte;Instituto Português de Oncologia do Porto, EPE;41.1785642, -8.6062881;141
2022-09;Região de Saúde LVT;Centro Hospitalar Universitário Lisboa Norte, EPE;38.7500861, -9.1616116;180
2022-12;Região de Saúde do Centro;Instituto Português de Oncologia de Coimbra, EPE;40.2162514, -8.4103814;163
2022-12;Região de Saúde LVT;Centro Hospitalar Médio Tejo, EPE;39.478072, -8.5404429;193
2022-12;Região de Saúde do Centro;Centro Hospitalar de Leiria, EPE;39.7414812, -8.7982706;178
2023-03;Região de Saúde Norte;Hospital Distrital S.Maria Maior, EPE - Barcelos;41.5324234, -8.6171561;122
2023-03;Região de Saúde do Centro;Centro Hospitalar Tondela-Viseu, EPE;40.516364, -8.0827433;202
2023-06;Região de Saúde Norte;Administração Regional de Saúde do Norte;41.1576321, -8.6066408;48
2023-06;Região de Saúde do Centro;Unidade Local de Saúde de Castelo Branco, EPE;39.8212263, -7.4981271;162
2023-06;Região de Saúde LVT;Hospital de Vila Franca de Xira, EPE;38.9777435, -8.9847644;40
2023-09;Região de Saúde Norte;Centro Hospitalar Médio Ave, EPE;41.3423984, -8.4802503;247
2023-09;Região de Saúde do Alentejo;Hospital Espírito Santo de Évora, EPE;38.5684861, -7.9032848;115
2023-12;Região de Saúde do Centro;Unidade Local de Saúde de Castelo Branco, EPE;39.8212263, -7.4981271;123
2024-03;Região de Saúde Norte;Unidade Local de Saúde de Trás-os-Montes e Alto Douro, E. P. E.;41.3031784, -7.7515252;166
2024-03;Região de Saúde Norte;UNIDADE LOCAL DE SAÚDE ALTO MINHO, EPE;41.7056054, -8.8252713;131
2024-03;Região de Saúde Norte;UNIDADE LOCAL DE SAUDE DO NORDESTE, EPE;41.8056532, -6.7888197;133
2024-06;Região de Saúde LVT;Unidade Local de Saúde do Estuário do Tejo, E. P. E.;38.9777435, -8.9847644;46
2024-06;Serviços Centrais;Instituto Nacional Saúde Dr. Ricardo Jorge - Lisboa;38.7643827, -9.1663422;23
2024-09;Região de Saúde LVT;Unidade Local de Saúde de Santa Maria, E. P. E.;38.7500861, -9.1616116;107
2024-09;Região de Saúde do Centro;Unidade Local de Saúde da Região de Leiria, E. P. E.;39.7414812, -8.7982706;65
2024-09;Região de Saúde do Alentejo;UNIDADE LOCAL DE SAUDE DO LITORAL ALENTEJANO, EPE;38.0162314, -8.6956768;98
2024-12;Região de Saúde do Alentejo;Unidade Local de Saúde do Alto Alentejo, E. P. E.;39.3003425, -7.4263845;66
2024-12;Região de Saúde do Centro;Unidade Local de Saúde da Região de Leiria, E. P. E.;39.7414812, -8.7982706;52
2017-12;Região de Saúde Norte;Centro Hospitalar Universitário do Porto, EPE;41.1472498, -8.6172617;293
2018-06;Região de Saúde do Alentejo;Unidade Local de Saúde do Norte Alentejano, EPE;39.3003425, -7.4263845;101
2018-09;Região de Saúde Norte;Hospital Distrital S.Maria Maior, EPE - Barcelos;41.5324234, -8.6171561;155
2019-06;Região de Saúde do Alentejo;Unidade Local de Saúde do Baixo Alentejo, EPE;38.014123, -7.8721227;171
2019-09;Região de Saúde Norte;Unidade Local de Saúde de Matosinhos, EPE;41.1794456, -8.6745115;155
2019-09;Região de Saúde LVT;Centro Hospitalar Universitário de Lisboa Central, EPE;38.7166948, -9.1371248;329
2020-06;Região de Saúde Norte;Hospital de Magalhães Lemos, EPE;41.1764649, -8.6649823;16
2020-06;Região de Saúde LVT;Hospital Distrital Santarém, EPE;39.2410946, -8.6937515;153
2021-06;Região de Saúde LVT;Hospital Fernando Fonseca, EPE;38.7422257, -9.2264834;151
2021-12;Região de Saúde do Centro;Centro Hospitalar do Baixo Vouga, EPE;40.6362453, -8.6543716;184
2021-12;Região de Saúde LVT;Centro Hospitalar de Setúbal, EPE;38.5283754, -8.8818638;204
2021-12;Região de Saúde LVT;Centro Hospitalar Psiquiátrico de Lisboa, SPA;38.7569771, -9.1460705;32
2022-03;Região de Saúde do Centro;Hospital Arcebispo João Crisóstomo - Cantanhede;40.3470015, -8.5933462;45
2022-06;Região de Saúde Norte;Centro Hospitalar de Entre o Douro e Vouga, EPE;40.9293884, -8.5458794;179
2022-09;Região de Saúde LVT;Centro Hospitalar Médio Tejo, EPE;39.478072, -8.5404429;116
2022-09;Região de Saúde Norte;Centro Hospitalar Universitário de São João, EPE;41.1831056, -8.6010558;144
2022-12;Região de Saúde do Centro;Hospital Dr. Francisco Zagalo - Ovar;40.8571967, -8.6318023;90
2023-03;Região de Saúde Norte;Centro Hospitalar Universitário de São João, EPE;41.1831056, -8.6010558;123
2023-06;Região de Saúde Norte;Hospital de Braga, EPE;39.4054629, -9.1258493;81
2023-06;Região de Saúde LVT;Hospital Distrital Santarém, EPE;39.2410946, -8.6937515;122
2023-06;Região de Saúde Norte;Unidade Local de Saúde de Matosinhos, EPE;41.1794456, -8.6745115;161
2023-06;Região de Saúde do Centro;Unidade Local de Saúde da Guarda, EPE;40.5309916, -7.2734793;139
2023-06;Região de Saúde do Centro;Hospital Dr. Francisco Zagalo - Ovar;40.8571967, -8.6318023;69
2023-09;Região de Saúde do Centro;Hospital Distrital Figueira da Foz, EPE;40.117897, -8.8586755;150
2023-09;Região de Saúde Norte;Centro Hospitalar Trás-os-Montes e Alto Douro, EPE;41.3031784, -7.7515252;176
2023-12;Região de Saúde Norte;Instituto Português de Oncologia do Porto, EPE;41.1785642, -8.6062881;125
2023-12;Região de Saúde do Centro;Unidade Local de Saúde da Guarda, EPE;40.5309916, -7.2734793;114
2024-06;Região de Saúde do Alentejo;Unidade Local de Saúde do Alentejo Central, E. P. E.;38.5684861, -7.9032848;61
2024-06;Região de Saúde LVT;Unidade Local de Saúde de Santa Maria, E. P. E.;38.7500861, -9.1616116;121
2024-09;Região de Saúde Norte;INSTITUTO PORTUGUES DE ONCOLOGIA DO PORTO, EPE;41.1785642, -8.6062881;96
2024-09;Região de Saúde do Alentejo;Unidade Local de Saúde do Alto Alentejo, E. P. E.;39.3003425, -7.4263845;72
2024-09;Serviços Centrais;Instituto Nacional de Emergência Médica;38.7314304, -9.142532;29
2024-12;Região de Saúde Norte;Administração Regional de Saúde do Norte;41.1576321, -8.6066408;85
2024-12;Região de Saúde do Algarve;Administração Regional de Saúde do Algarve;37.0272677, -7.9490091;15
2024-12;Região de Saúde do Centro;Unidade Local de Saúde de Coimbra, E. P. E.;40.2191523, -8.4098211;127
2024-12;Serviços Centrais;Administração Central do Sistema de Saúde, I.P;38.759209, -9.148981;9
2024-12;Região de Saúde Norte;UNIDADE LOCAL DE SAÚDE ALTO MINHO, EPE;41.7056054, -8.8252713;88
2024-12;Região de Saúde do Algarve;Unidade Local de Saúde do Algarve, E. P. E.;37.0238973, -7.9281554;76
2014-03;Região de Saúde do Centro;Unidade Local de Saúde da Guarda, EPE;40.5309916, -7.2734793;273
2014-03;Região de Saúde do Centro;Centro Hospitalar Tondela-Viseu, EPE;40.516364, -8.0827433;98
2014-06;Região de Saúde do Algarve;Administração Regional de Saúde do Algarve;37.0272677, -7.9490091;0
2014-06;Região de Saúde LVT;Centro Hospitalar Universitário de Lisboa Central, EPE;38.7166948, -9.1371248;362
2014-09;Região de Saúde LVT;Centro Hospitalar de Lisboa - Zona Ocidental, EPE;38.708454, -9.216985;204
2014-09;Região de Saúde LVT;Centro Hospitalar do Barreiro - Montijo, EPE;38.6554005, -9.0592392;496
2014-12;Região de Saúde do Centro;Centro Hospitalar Universitário Cova da Beira, EPE;40.2804158, -7.4922407;444
2015-03;Região de Saúde do Alentejo;Administração Regional de Saúde do Alentejo;38.5658579, -7.9136262;0
2015-06;Região de Saúde Norte;Centro Hospitalar do Tâmega e Sousa, EPE;41.2494561, -8.264901;75
2015-09;Região de Saúde LVT;Centro Hospitalar do Oeste, SPA;39.4054629, -9.1258493;71
2015-09;Região de Saúde do Centro;Hospital Arcebispo João Crisóstomo - Cantanhede;40.3470015, -8.5933462;22
2015-09;Região de Saúde do Centro;Instituto Português de Oncologia de Coimbra, EPE;40.2162514, -8.4103814;31
2016-06;Região de Saúde Norte;Centro Hospitalar Médio Ave, EPE;41.3423984, -8.4802503;180
2016-09;Região de Saúde LVT;Administração Regional de Saúde de Lisboa e Vale do Tejo;38.7490049, -9.1417844;0
2016-09;Região de Saúde do Centro;Centro Hospitalar Universitário Cova da Beira, EPE;40.2804158, -7.4922407;398
2016-12;Região de Saúde do Centro;Unidade Local de Saúde de Castelo Branco, EPE;39.8212263, -7.4981271;62
2016-12;Região de Saúde LVT;Centro Hospitalar Médio Tejo, EPE;39.478072, -8.5404429;327
2016-12;Região de Saúde do Algarve;Centro Hospitalar Universitário do Algarve, E.P.E;37.0238973, -7.9281554;89
2017-03;Região de Saúde LVT;Centro Hospitalar do Oeste, SPA;39.4054629, -9.1258493;45
2017-06;Região de Saúde LVT;Centro Hospitalar do Barreiro - Montijo, EPE;38.6554005, -9.0592392;209
2017-06;Região de Saúde LVT;Centro Hospitalar Universitário Lisboa Norte, EPE;38.7500861, -9.1616116;470
2017-06;Região de Saúde Norte;Unidade Local de Saúde Alto Minho, EPE;41.7056054, -8.8252713;164
2017-09;Região de Saúde LVT;Centro Hospitalar Universitário de Lisboa Central, EPE;38.7166948, -9.1371248;308
2017-09;Região de Saúde Norte;Hospital Distrital S.Maria Maior, EPE - Barcelos;41.5324234, -8.6171561;155
2017-09;Região de Saúde Norte;Unidade Local de Saúde do Nordeste, EPE;41.8056532, -6.7888197;269
2017-12;Região de Saúde Norte;Centro Hospitalar Póvoa Varzim / Vila do Conde, EPE;41.3828711, -8.7589945;291
2017-12;Serviços Centrais;Administração Central do Sistema de Saúde, I.P;38.759209, -9.148981;13
2018-03;Serviços Centrais;Instituto Português do Sangue e da Transplantação, IP;38.7567758, -9.1505021;69
2018-03;Região de Saúde LVT;Centro Hospitalar do Oeste, SPA;39.4054629, -9.1258493;59
2018-03;Região de Saúde Norte;Unidade Local de Saúde do Nordeste, EPE;41.8056532, -6.7888197;271
2018-03;Região de Saúde Norte;Hospital de Magalhães Lemos, EPE;41.1764649, -8.6649823;15
2018-06;Região de Saúde Norte;Unidade Local de Saúde de Matosinhos, EPE;41.1794456, -8.6745115;338
2018-06;Região de Saúde LVT;Hospital Fernando Fonseca, EPE;38.7422257, -9.2264834;233
2018-12;Serviços Centrais;Administração Central do Sistema de Saúde, I.P;38.759209, -9.148981;8
2018-12;Região de Saúde do Centro;Instituto Português de Oncologia de Coimbra, EPE;40.2162514, -8.4103814;67
2018-12;Região de Saúde Norte;Instituto Português de Oncologia do Porto, EPE;41.1785642, -8.6062881;105
2019-03;Região de Saúde Norte;Centro Hospitalar do Tâmega e Sousa, EPE;41.2494561, -8.264901;213
2019-06;Região de Saúde Norte;Centro Hospitalar Universitário de São João, EPE;41.1831056, -8.6010558;104
2019-09;Região de Saúde Norte;Centro Hospitalar Médio Ave, EPE;41.3423984, -8.4802503;248
2019-09;Região de Saúde LVT;Centro Hospitalar do Oeste, EPE;39.4054629, -9.1258493;139
2020-03;Região de Saúde Norte;Centro Hospitalar Trás-os-Montes e Alto Douro, EPE;41.3031784, -7.7515252;230
2020-03;Região de Saúde do Centro;Hospital Arcebispo João Crisóstomo - Cantanhede;40.3470015, -8.5933462;20
2020-06;Região de Saúde Norte;Centro Hospitalar Trás-os-Montes e Alto Douro, EPE;41.3031784, -7.7515252;189
2020-09;Região de Saúde LVT;Centro Hospitalar Universitário Lisboa Norte, EPE;38.7500861, -9.1616116;209
2020-12;Região de Saúde do Centro;Hospital Rovisco Pais;40.297919, -8.7707806;53
2021-03;Região de Saúde LVT;Centro Hospitalar do Barreiro - Montijo, EPE;38.6554005, -9.0592392;182
2021-03;Região de Saúde LVT;Centro Hospitalar Universitário Lisboa Norte, EPE;38.7500861, -9.1616116;167
2021-03;Região de Saúde Norte;Hospital de Braga, EPE;39.4054629, -9.1258493;51
2021-06;Região de Saúde LVT;Centro Hospitalar Psiquiátrico de Lisboa, SPA;38.7569771, -9.1460705;27
2021-12;Região de Saúde do Alentejo;Administração Regional de Saúde do Alentejo;38.5658579, -7.9136262;33
2022-09;Região de Saúde do Centro;Centro Hospitalar Universitário Cova da Beira, EPE;40.2804158, -7.4922407;161
2023-03;Região de Saúde LVT;Centro Hospitalar Universitário de Lisboa Central, EPE;38.7166948, -9.1371248;264
2023-03;Região de Saúde do Alentejo;Unidade Local de Saúde do Baixo Alentejo, EPE;38.014123, -7.8721227;142
2023-06;Região de Saúde LVT;Administração Regional de Saúde de Lisboa e Vale do Tejo;38.7490049, -9.1417844;28
2023-06;Região de Saúde LVT;Centro Hospitalar do Oeste, EPE;39.4054629, -9.1258493;126
2023-09;Serviços Centrais;Instituto Nacional Saúde Dr. Ricardo Jorge - Lisboa;38.7643827, -9.1663422;62
2023-09;Região de Saúde LVT;Centro Hospitalar Psiquiátrico de Lisboa, SPA;38.7569771, -9.1460705;13
2023-12;Região de Saúde Norte;Centro Hospitalar Vila Nova Gaia/Espinho, EPE;41.1094138, -8.5972617;215
2024-03;Região de Saúde do Centro;Unidade Local de Saúde de Viseu Dão-Lafões, E. P. E.;40.516364, -8.0827433;138
2024-09;Região de Saúde Norte;UNIDADE LOCAL DE SAUDE DO NORDESTE, EPE;41.8056532, -6.7888197;98
2014-03;Região de Saúde Norte;Centro Hospitalar Trás-os-Montes e Alto Douro, EPE;41.3031784, -7.7515252;209
2014-06;Região de Saúde LVT;Centro Hospitalar do Oeste, SPA;39.4054629, -9.1258493;46
2014-12;Serviços Centrais;Instituto Português do Sangue e da Transplantação, IP;38.7567758, -9.1505021;0
2014-12;Região de Saúde LVT;Centro Hospitalar do Barreiro - Montijo, EPE;38.6554005, -9.0592392;506
2015-03;Região de Saúde do Centro;Unidade Local de Saúde de Castelo Branco, EPE;39.8212263, -7.4981271;56
2015-06;Região de Saúde LVT;Centro Hospitalar Médio Tejo, EPE;39.478072, -8.5404429;465
2015-09;Região de Saúde LVT;Hospital Fernando Fonseca, EPE;38.7422257, -9.2264834;93
2015-09;Região de Saúde LVT;Centro Hospitalar Universitário Lisboa Norte, EPE;38.7500861, -9.1616116;410
2016-03;Região de Saúde LVT;Hospital Garcia de Orta, EPE - Almada;38.6658713, -9.1822554;161
2016-03;Região de Saúde LVT;Instituto de Oftalmologia Dr. Gama Pinto;38.7218793, -9.144249;14
2016-03;Região de Saúde LVT;Centro Hospitalar Psiquiátrico de Lisboa, SPA;38.7569771, -9.1460705;67
2016-03;Região de Saúde do Centro;Hospital Distrital Figueira da Foz, EPE;40.117897, -8.8586755;145
2016-03;Região de Saúde LVT;Centro Hospitalar do Oeste, SPA;39.4054629, -9.1258493;62
2016-09;Região de Saúde Norte;Hospital da Senhora da Oliveira Guimarães, EPE;41.4387173, -8.3086907;77
2016-09;Região de Saúde do Centro;Administração Regional de Saúde do Centro;40.2038123, -8.4216163;0
2016-12;Região de Saúde Norte;Unidade Local de Saúde de Matosinhos, EPE;41.1794456, -8.6745115;331
2016-12;Região de Saúde LVT;Hospital Garcia de Orta, EPE - Almada;38.6658713, -9.1822554;146
2017-03;Região de Saúde LVT;Hospital Fernando Fonseca, EPE;38.7422257, -9.2264834;165
2017-03;Região de Saúde do Centro;Unidade Local de Saúde de Castelo Branco, EPE;39.8212263, -7.4981271;66
2017-03;Região de Saúde LVT;Instituto Português de Oncologia de Lisboa, EPE;38.7396768, -9.1634516;217
2017-03;Região de Saúde Norte;Centro Hospitalar de Entre o Douro e Vouga, EPE;40.9293884, -8.5458794;38
2017-06;Região de Saúde Norte;Hospital Distrital S.Maria Maior, EPE - Barcelos;41.5324234, -8.6171561;136
2017-06;Região de Saúde do Algarve;Administração Regional de Saúde do Algarve;37.0272677, -7.9490091;35
2017-09;Região de Saúde do Centro;Hospital José Luciano de Castro - Anadia;40.442326, -8.441689;0
2017-12;Região de Saúde Norte;Hospital da Senhora da Oliveira Guimarães, EPE;41.4387173, -8.3086907;169
2017-12;Região de Saúde LVT;Hospital Fernando Fonseca, EPE;38.7422257, -9.2264834;244
2017-12;Região de Saúde Norte;Administração Regional de Saúde do Norte;41.1576321, -8.6066408;35
2018-03;Região de Saúde do Centro;Centro Hospitalar do Baixo Vouga, EPE;40.6362453, -8.6543716;393
2018-06;Região de Saúde LVT;Administração Regional de Saúde de Lisboa e Vale do Tejo;38.7490049, -9.1417844;32
2018-06;Região de Saúde do Algarve;Administração Regional de Saúde do Algarve;37.0272677, -7.9490091;40
2018-06;Região de Saúde Norte;Centro Hospitalar de Entre o Douro e Vouga, EPE;40.9293884, -8.5458794;125
2018-06;Região de Saúde do Alentejo;Administração Regional de Saúde do Alentejo;38.5658579, -7.9136262;30
2018-06;Região de Saúde do Centro;Centro Hospitalar Tondela-Viseu, EPE;40.516364, -8.0827433;186
2018-06;Região de Saúde LVT;Centro Hospitalar Psiquiátrico de Lisboa, SPA;38.7569771, -9.1460705;38
2018-09;Região de Saúde LVT;Administração Regional de Saúde de Lisboa e Vale do Tejo;38.7490049, -9.1417844;28
2019-03;Região de Saúde Norte;Centro Hospitalar Póvoa Varzim / Vila do Conde, EPE;41.3828711, -8.7589945;246
2019-03;Região de Saúde Norte;Centro Hospitalar Trás-os-Montes e Alto Douro, EPE;41.3031784, -7.7515252;245
2019-03;Região de Saúde do Algarve;Centro Hospitalar Universitário do Algarve, E.P.E;37.0238973, -7.9281554;148
2019-06;Região de Saúde do Centro;Centro Hospitalar e Universitário de Coimbra, EPE;40.2191523, -8.4098211;217
2019-09;Região de Saúde LVT;Centro Hospitalar de Setúbal, EPE;38.5283754, -8.8818638;360
2019-12;Região de Saúde do Centro;Unidade Local de Saúde de Castelo Branco, EPE;39.8212263, -7.4981271;139
2019-12;Região de Saúde do Centro;Hospital Distrital Figueira da Foz, EPE;40.117897, -8.8586755;144
2019-12;Região de Saúde do Centro;Hospital Rovisco Pais;40.297919, -8.7707806;42
2020-03;Região de Saúde do Centro;Centro Hospitalar e Universitário de Coimbra, EPE;40.2191523, -8.4098211;193
2020-03;Serviços Centrais;Instituto Português Do Sangue e Da Transplantação, IP;38.7567758, -9.1505021;91
2020-06;Região de Saúde do Algarve;Centro Hospitalar Universitário do Algarve, E.P.E;37.0238973, -7.9281554;153
2020-09;Região de Saúde do Centro;Administração Regional de Saúde do Centro;40.2038123, -8.4216163;45
2020-09;Região de Saúde Norte;Centro Hospitalar Vila Nova Gaia/Espinho, EPE;41.1094138, -8.5972617;202
2020-09;Região de Saúde do Centro;Unidade Local de Saúde da Guarda, EPE;40.5309916, -7.2734793;134
2020-12;Região de Saúde Norte;Administração Regional de Saúde do Norte;41.1576321, -8.6066408;39
2021-03;Região de Saúde Norte;Unidade Local de Saúde do Alto Minho, EPE;41.7056054, -8.8252713;195
2021-03;Região de Saúde do Alentejo;Unidade Local de Saúde do Litoral Alentejano, EPE;38.0162314, -8.6956768;114
2021-06;Região de Saúde do Centro;Centro Hospitalar Tondela-Viseu, EPE;40.516364, -8.0827433;184
2021-06;Região de Saúde LVT;Instituto Português de Oncologia de Lisboa, EPE;38.7396768, -9.1634516;189
2021-12;Região de Saúde Norte;Unidade Local de Saúde de Matosinhos, EPE;41.1794456, -8.6745115;191
2021-12;Região de Saúde Norte;Centro Hospitalar Universitário de São João, EPE;41.1831056, -8.6010558;126
2022-09;Região de Saúde do Centro;Unidade Local de Saúde de Castelo Branco, EPE;39.8212263, -7.4981271;242
2022-09;Região de Saúde LVT;Hospital de Loures, EPE;38.8214678, -9.176741;13
2022-09;Região de Saúde LVT;Instituto de Oftalmologia Dr. Gama Pinto;38.7218793, -9.144249;103
2022-12;Região de Saúde LVT;Hospital Distrital Santarém, EPE;39.2410946, -8.6937515;117
2023-06;Região de Saúde LVT;Hospital Fernando Fonseca, EPE;38.7422257, -9.2264834;140
2023-06;Região de Saúde do Centro;Centro Hospitalar de Leiria, EPE;39.7414812, -8.7982706;145
2023-06;Região de Saúde do Alentejo;Unidade Local de Saúde do Norte Alentejano, EPE;39.3003425, -7.4263845;125
2023-06;Região de Saúde LVT;Centro Hospitalar Médio Tejo, EPE;39.478072, -8.5404429;169
2023-09;Região de Saúde LVT;Centro Hospitalar de Lisboa - Zona Ocidental, EPE;38.708454, -9.216985;207
2023-09;Região de Saúde Norte;Hospital de Magalhães Lemos, EPE;41.1764649, -8.6649823;
2023-12;Região de Saúde LVT;Hospital Distrital Santarém, EPE;39.2410946, -8.6937515;111
2023-12;Região de Saúde Norte;Unidade Local de Saúde de Matosinhos, EPE;41.1794456, -8.6745115;129
2023-12;Região de Saúde LVT;Instituto Português de Oncologia de Lisboa, EPE;38.7396768, -9.1634516;156
2023-12;Região de Saúde Norte;Centro Hospitalar Universitário de São João, EPE;41.1831056, -8.6010558;85
2023-12;Serviços Centrais;Instituto Nacional de Emergência Médica;38.7314304, -9.142532;35
2023-12;Serviços Centrais;Direção Executiva do Serviço Nacional de Saúde, I.P.;41.1831056, -8.6010558;52
2024-03;Serviços Centrais;Instituto Nacional de Emergência Médica;38.7314304, -9.142532;40
2024-06;Região de Saúde Norte;Administração Regional de Saúde do Norte;41.1576321, -8.6066408;45
2024-09;Região de Saúde LVT;Unidade Local de Saúde do Arco Ribeirinho, E. P. E.;38.6554005, -9.0592392;93
2024-12;Região de Saúde LVT;Administração Regional de Saúde de Lisboa e Vale do Tejo;38.7490049, -9.1417844;3
2024-12;Região de Saúde do Centro;Unidade Local de Saúde de Viseu Dão-Lafões, E. P. E.;40.516364, -8.0827433;93
2014-03;Região de Saúde do Centro;Instituto Português de Oncologia de Coimbra, EPE;40.2162514, -8.4103814;43
2014-09;Região de Saúde do Centro;Centro Hospitalar Universitário Cova da Beira, EPE;40.2804158, -7.4922407;384
2014-09;Região de Saúde do Centro;Hospital Dr. Francisco Zagalo - Ovar;40.8571967, -8.6318023;23
2014-09;Região de Saúde LVT;Centro Hospitalar Médio Tejo, EPE;39.478072, -8.5404429;595
2014-12;Região de Saúde Norte;Centro Hospitalar de Entre o Douro e Vouga, EPE;40.9293884, -8.5458794;35
2015-03;Região de Saúde do Algarve;Centro Hospitalar Universitário do Algarve, E.P.E;37.0238973, -7.9281554;224
2015-03;Região de Saúde LVT;Centro Hospitalar Universitário Lisboa Norte, EPE;38.7500861, -9.1616116;476
2015-03;Serviços Centrais;Instituto Português do Sangue e da Transplantação, IP;38.7567758, -9.1505021;0
2015-06;Região de Saúde LVT;Hospital Distrital Santarém, EPE;39.2410946, -8.6937515;558
2015-09;Região de Saúde LVT;Centro Hospitalar Universitário de Lisboa Central, EPE;38.7166948, -9.1371248;283
2015-12;Região de Saúde Norte;Centro Hospitalar Vila Nova Gaia/Espinho, EPE;41.1094138, -8.5972617;147
2017-03;Região de Saúde LVT;Centro Hospitalar Médio Tejo, EPE;39.478072, -8.5404429;311
2017-06;Região de Saúde do Alentejo;Unidade Local de Saúde do Norte Alentejano, EPE;39.3003425, -7.4263845;92
2017-09;Região de Saúde Norte;Hospital da Senhora da Oliveira Guimarães, EPE;41.4387173, -8.3086907;162
2017-09;Região de Saúde Norte;Centro Hospitalar Médio Ave, EPE;41.3423984, -8.4802503;229
2017-12;Região de Saúde Norte;Unidade Local de Saúde do Nordeste, EPE;41.8056532, -6.7888197;264
2018-03;Região de Saúde LVT;Administração Regional de Saúde de Lisboa e Vale do Tejo;38.7490049, -9.1417844;34
2018-06;Região de Saúde Norte;Instituto Português de Oncologia do Porto, EPE;41.1785642, -8.6062881;110
2018-09;Região de Saúde LVT;Hospital Fernando Fonseca, EPE;38.7422257, -9.2264834;224
2018-12;Região de Saúde LVT;Centro Hospitalar de Setúbal, EPE;38.5283754, -8.8818638;407
2018-12;Região de Saúde do Centro;Administração Regional de Saúde do Centro;40.2038123, -8.4216163;64
2019-03;Região de Saúde do Centro;Centro Hospitalar Tondela-Viseu, EPE;40.516364, -8.0827433;165
2019-06;Região de Saúde do Centro;Centro Hospitalar do Baixo Vouga, EPE;40.6362453, -8.6543716;325
2019-09;Região de Saúde do Centro;Hospital Arcebispo João Crisóstomo - Cantanhede;40.3470015, -8.5933462;23
2019-09;Região de Saúde Norte;Unidade Local de Saúde do Nordeste, EPE;41.8056532, -6.7888197;147
2019-12;Serviços Centrais;Instituto Nacional Saúde Dr. Ricardo Jorge - Lisboa;38.7643827, -9.1663422;49
2020-06;Região de Saúde Norte;Hospital Distrital S.Maria Maior, EPE - Barcelos;41.5324234, -8.6171561;124
2020-09;Região de Saúde LVT;Centro Hospitalar Psiquiátrico de Lisboa, SPA;38.7569771, -9.1460705;40
2020-12;Região de Saúde do Centro;Centro Hospitalar e Universitário de Coimbra, EPE;40.2191523, -8.4098211;113
2021-03;Região de Saúde LVT;Centro Hospitalar do Oeste, EPE;39.4054629, -9.1258493;80
2021-12;Região de Saúde do Centro;Hospital Rovisco Pais;40.297919, -8.7707806;62
2022-03;Região de Saúde Norte;Hospital Distrital S.Maria Maior, EPE - Barcelos;41.5324234, -8.6171561;181
2022-03;Região de Saúde LVT;Administração Regional de Saúde de Lisboa e Vale do Tejo;38.7490049, -9.1417844;27
2022-03;Região de Saúde LVT;Hospital Garcia de Orta, EPE - Almada;38.6658713, -9.1822554;173
2022-06;Região de Saúde do Centro;Hospital Rovisco Pais;40.297919, -8.7707806;91
2022-09;Região de Saúde do Alentejo;Unidade Local de Saúde do Norte Alentejano, EPE;39.3003425, -7.4263845;122
2023-03;Região de Saúde do Centro;Hospital Rovisco Pais;40.297919, -8.7707806;60
2023-03;Região de Saúde LVT;Hospital Distrital Santarém, EPE;39.2410946, -8.6937515;119
2023-03;Região de Saúde Norte;Hospital de Magalhães Lemos, EPE;41.1764649, -8.6649823;8
2023-06;Serviços Centrais;Instituto Nacional de Emergência Médica;38.7314304, -9.142532;32
2023-06;Região de Saúde LVT;Centro Hospitalar de Lisboa - Zona Ocidental, EPE;38.708454, -9.216985;202
2023-06;Região de Saúde Norte;Centro Hospitalar Vila Nova Gaia/Espinho, EPE;41.1094138, -8.5972617;197
2024-03;Região de Saúde LVT;Unidade Local de Saúde da Lezíria, E. P. E;39.2410946, -8.6937515;111
2024-03;Região de Saúde do Alentejo;Unidade Local de Saúde do Alto Alentejo, E. P. E.;39.3003425, -7.4263845;102
2024-03;Região de Saúde Norte;Unidade Local de Saúde Póvoa de Varzim/Vila do Conde, E. P. E.;41.3828711, -8.7589945;74
2024-03;Região de Saúde Norte;Unidade Local de Saúde de São João, E. P. E.;41.1831056, -8.6010558;67
2024-03;Região de Saúde do Alentejo;UNIDADE LOCAL DE SAUDE DO LITORAL ALENTEJANO, EPE;38.0162314, -8.6956768;112
2024-09;Região de Saúde do Alentejo;Administração Regional de Saúde do Alentejo;38.5658579, -7.9136262;16
2024-12;Região de Saúde do Alentejo;Unidade Local de Saúde do Alentejo Central, E. P. E.;38.5684861, -7.9032848;47
2014-03;Região de Saúde Norte;Unidade Local de Saúde do Nordeste, EPE;41.8056532, -6.7888197;341
2014-03;Região de Saúde LVT;Centro Hospitalar de Setúbal, EPE;38.5283754, -8.8818638;799
2014-06;Região de Saúde do Centro;Centro Hospitalar Tondela-Viseu, EPE;40.516364, -8.0827433;101
2014-06;Região de Saúde do Alentejo;Unidade Local de Saúde do Norte Alentejano, EPE;39.3003425, -7.4263845;87
2015-03;Região de Saúde LVT;Instituto de Oftalmologia Dr. Gama Pinto;38.7218793, -9.144249;56
2015-03;Região de Saúde do Alentejo;Unidade Local de Saúde do Baixo Alentejo, EPE;38.014123, -7.8721227;450
2015-09;Região de Saúde Norte;Centro Hospitalar de Entre o Douro e Vouga, EPE;40.9293884, -8.5458794;36
2015-12;Região de Saúde LVT;Administração Regional de Saúde de Lisboa e Vale do Tejo;38.7490049, -9.1417844;0
2017-06;Região de Saúde do Centro;Unidade Local de Saúde de Castelo Branco, EPE;39.8212263, -7.4981271;72
2017-06;Região de Saúde Norte;Hospital de Magalhães Lemos, EPE;41.1764649, -8.6649823;8
2017-09;Região de Saúde Norte;Centro Hospitalar Póvoa Varzim / Vila do Conde, EPE;41.3828711, -8.7589945;265
2017-12;Região de Saúde do Centro;Centro Hospitalar Universitário Cova da Beira, EPE;40.2804158, -7.4922407;357
2018-12;Região de Saúde LVT;Centro Hospitalar do Barreiro - Montijo, EPE;38.6554005, -9.0592392;288
2019-03;Região de Saúde Norte;Unidade Local de Saúde Alto Minho, EPE;41.7056054, -8.8252713;160
2020-03;Região de Saúde LVT;Centro Hospitalar Universitário Lisboa Norte, EPE;38.7500861, -9.1616116;268
2020-06;Região de Saúde Norte;Centro Hospitalar Póvoa Varzim / Vila do Conde, EPE;41.3828711, -8.7589945;198
2020-09;Região de Saúde Norte;Centro Hospitalar do Tâmega e Sousa, EPE;41.2494561, -8.264901;169
2021-12;Região de Saúde do Centro;Instituto Português de Oncologia de Coimbra, EPE;40.2162514, -8.4103814;156
2021-12;Região de Saúde do Alentejo;Hospital Espírito Santo de Évora, EPE;38.5684861, -7.9032848;139
2022-06;Região de Saúde Norte;Centro Hospitalar Póvoa Varzim / Vila do Conde, EPE;41.3828711, -8.7589945;206
2022-09;Região de Saúde do Centro;Hospital Arcebispo João Crisóstomo - Cantanhede;40.3470015, -8.5933462;58
2022-12;Região de Saúde Norte;Centro Hospitalar Universitário do Porto, EPE;41.1472498, -8.6172617;171
2014-03;Região de Saúde Norte;Centro Hospitalar Universitário de São João, EPE;41.1831056, -8.6010558;136
2014-03;Serviços Centrais;Instituto Português do Sangue e da Transplantação, IP;38.7567758, -9.1505021;0
2014-03;Região de Saúde LVT;Centro Hospitalar Psiquiátrico de Lisboa, SPA;38.7569771, -9.1460705;39
2014-03;Região de Saúde LVT;Instituto de Oftalmologia Dr. Gama Pinto;38.7218793, -9.144249;28
2014-06;Região de Saúde do Centro;Centro Hospitalar do Baixo Vouga, EPE;40.6362453, -8.6543716;672
2014-09;Região de Saúde do Centro;Unidade Local de Saúde da Guarda, EPE;40.5309916, -7.2734793;275
2015-03;Região de Saúde Norte;Centro Hospitalar Universitário do Porto, EPE;41.1472498, -8.6172617;184
2015-03;Região de Saúde Norte;Unidade Local de Saúde do Nordeste, EPE;41.8056532, -6.7888197;368
2015-06;Região de Saúde LVT;Instituto de Oftalmologia Dr. Gama Pinto;38.7218793, -9.144249;37
2015-06;Região de Saúde LVT;Hospital Fernando Fonseca, EPE;38.7422257, -9.2264834;95
2016-06;Região de Saúde Norte;Centro Hospitalar Trás-os-Montes e Alto Douro, EPE;41.3031784, -7.7515252;192
2016-06;Região de Saúde LVT;Centro Hospitalar do Barreiro - Montijo, EPE;38.6554005, -9.0592392;178
2016-12;Região de Saúde do Centro;Centro Hospitalar e Universitário de Coimbra, EPE;40.2191523, -8.4098211;216
2017-06;Região de Saúde do Centro;Centro Hospitalar do Baixo Vouga, EPE;40.6362453, -8.6543716;356
2017-09;Serviços Centrais;Instituto Português do Sangue e da Transplantação, IP;38.7567758, -9.1505021;46
2017-09;Região de Saúde Norte;Administração Regional de Saúde do Norte;41.1576321, -8.6066408;34
2017-12;Região de Saúde do Alentejo;Unidade Local de Saúde do Baixo Alentejo, EPE;38.014123, -7.8721227;234
2018-03;Região de Saúde LVT;Hospital Garcia de Orta, EPE - Almada;38.6658713, -9.1822554;192
2018-03;Região de Saúde LVT;Instituto de Oftalmologia Dr. Gama Pinto;38.7218793, -9.144249;27
2018-09;Região de Saúde Norte;Centro Hospitalar Póvoa Varzim / Vila do Conde, EPE;41.3828711, -8.7589945;281
2018-12;Região de Saúde Norte;Hospital da Senhora da Oliveira Guimarães, EPE;41.4387173, -8.3086907;175
2018-12;Região de Saúde do Centro;Centro Hospitalar Tondela-Viseu, EPE;40.516364, -8.0827433;174
2019-03;Região de Saúde do Centro;Centro Hospitalar e Universitário de Coimbra, EPE;40.2191523, -8.4098211;230
2019-03;Região de Saúde do Centro;Hospital Arcebispo João Crisóstomo - Cantanhede;40.3470015, -8.5933462;21
2020-03;Região de Saúde do Centro;Hospital Distrital Figueira da Foz, EPE;40.117897, -8.8586755;153
2020-03;Região de Saúde do Centro;Hospital Rovisco Pais;40.297919, -8.7707806;41
2020-09;Região de Saúde do Centro;Centro Hospitalar Universitário Cova da Beira, EPE;40.2804158, -7.4922407;194
2021-09;Região de Saúde Norte;Centro Hospitalar Universitário do Porto, EPE;41.1472498, -8.6172617;171
2022-03;Região de Saúde do Centro;Centro Hospitalar de Leiria, EPE;39.7414812, -8.7982706;186
2022-12;Serviços Centrais;Instituto Português Do Sangue e Da Transplantação, IP;38.7567758, -9.1505021;43
2023-03;Região de Saúde Norte;Centro Hospitalar de Entre o Douro e Vouga, EPE;40.9293884, -8.5458794;178
2023-06;Região de Saúde Norte;Centro Hospitalar de Entre o Douro e Vouga, EPE;40.9293884, -8.5458794;167
2023-09;Região de Saúde Norte;Hospital da Senhora da Oliveira Guimarães, EPE;41.4387173, -8.3086907;179
2024-03;Região de Saúde do Alentejo;UNIDADE LOCAL DO BAIXO ALENTEJO, EPE;38.014123, -7.8721227;113
2014-03;Região de Saúde do Centro;Hospital Arcebispo João Crisóstomo - Cantanhede;40.3470015, -8.5933462;16
2014-06;Região de Saúde do Alentejo;Unidade Local de Saúde do Litoral Alentejano, EPE;38.0162314, -8.6956768;161
2015-06;Região de Saúde do Centro;Hospital José Luciano de Castro - Anadia;40.442326, -8.441689;0
2015-09;Região de Saúde Norte;Unidade Local de Saúde Alto Minho, EPE;41.7056054, -8.8252713;91
2015-09;Região de Saúde do Centro;Unidade Local de Saúde de Castelo Branco, EPE;39.8212263, -7.4981271;59
2015-12;Região de Saúde LVT;Hospital Fernando Fonseca, EPE;38.7422257, -9.2264834;100
2016-09;Região de Saúde Norte;Centro Hospitalar do Tâmega e Sousa, EPE;41.2494561, -8.264901;90
2014-06;Região de Saúde do Centro;Centro Hospitalar de Leiria, EPE;39.7414812, -8.7982706;62
2014-06;Região de Saúde LVT;Hospital Distrital Santarém, EPE;39.2410946, -8.6937515;599
2014-09;Região de Saúde do Alentejo;Unidade Local de Saúde do Litoral Alentejano, EPE;38.0162314, -8.6956768;70
2014-09;Região de Saúde LVT;Centro Hospitalar Universitário Lisboa Norte, EPE;38.7500861, -9.1616116;512
2014-09;Região de Saúde Norte;Centro Hospitalar do Tâmega e Sousa, EPE;41.2494561, -8.264901;61
2014-12;Região de Saúde Norte;Centro Hospitalar Trás-os-Montes e Alto Douro, EPE;41.3031784, -7.7515252;193
2015-03;Região de Saúde LVT;Centro Hospitalar Universitário de Lisboa Central, EPE;38.7166948, -9.1371248;336
2015-03;Região de Saúde do Centro;Administração Regional de Saúde do Centro;40.2038123, -8.4216163;0
2015-06;Região de Saúde do Centro;Hospital Arcebispo João Crisóstomo - Cantanhede;40.3470015, -8.5933462;25
2015-09;Região de Saúde LVT;Centro Hospitalar de Lisboa - Zona Ocidental, EPE;38.708454, -9.216985;266
2015-12;Região de Saúde do Alentejo;Unidade Local de Saúde do Litoral Alentejano, EPE;38.0162314, -8.6956768;39
2015-12;Região de Saúde do Centro;Instituto Português de Oncologia de Coimbra, EPE;40.2162514, -8.4103814;32
2016-09;Região de Saúde Norte;Centro Hospitalar Vila Nova Gaia/Espinho, EPE;41.1094138, -8.5972617;226
2016-09;Região de Saúde Norte;Administração Regional de Saúde do Norte;41.1576321, -8.6066408;0
2016-12;Região de Saúde LVT;Hospital Fernando Fonseca, EPE;38.7422257, -9.2264834;141
2017-03;Região de Saúde LVT;Centro Hospitalar Psiquiátrico de Lisboa, SPA;38.7569771, -9.1460705;43
2017-03;Região de Saúde do Centro;Hospital José Luciano de Castro - Anadia;40.442326, -8.441689;0
2017-03;Região de Saúde Norte;Centro Hospitalar Póvoa Varzim / Vila do Conde, EPE;41.3828711, -8.7589945;230
2017-06;Região de Saúde do Centro;Centro Hospitalar e Universitário de Coimbra, EPE;40.2191523, -8.4098211;243
2017-12;Região de Saúde Norte;Unidade Local de Saúde Alto Minho, EPE;41.7056054, -8.8252713;192
2017-12;Região de Saúde Norte;Centro Hospitalar do Alto Ave, EPE;41.4387173, -8.3086907;0
2017-12;Região de Saúde do Centro;Hospital Distrital Figueira da Foz, EPE;40.117897, -8.8586755;187
2018-03;Região de Saúde do Centro;Unidade Local de Saúde de Castelo Branco, EPE;39.8212263, -7.4981271;78
2018-03;Região de Saúde Norte;Hospital da Senhora da Oliveira Guimarães, EPE;41.4387173, -8.3086907;176
2018-03;Região de Saúde Norte;Centro Hospitalar Vila Nova Gaia/Espinho, EPE;41.1094138, -8.5972617;342
2018-03;Região de Saúde do Alentejo;Unidade Local de Saúde do Norte Alentejano, EPE;39.3003425, -7.4263845;100
2018-03;Região de Saúde LVT;Centro Hospitalar Universitário Lisboa Norte, EPE;38.7500861, -9.1616116;405
2018-03;Região de Saúde do Algarve;Administração Regional de Saúde do Algarve;37.0272677, -7.9490091;41
2018-06;Região de Saúde LVT;Centro Hospitalar de Lisboa - Zona Ocidental, EPE;38.708454, -9.216985;375
2018-06;Serviços Centrais;Instituto Nacional Saúde Dr. Ricardo Jorge - Lisboa;38.7643827, -9.1663422;30
2018-06;Região de Saúde LVT;Centro Hospitalar do Barreiro - Montijo, EPE;38.6554005, -9.0592392;301
2018-09;Região de Saúde LVT;Centro Hospitalar Psiquiátrico de Lisboa, SPA;38.7569771, -9.1460705;32
2018-12;Região de Saúde Norte;Centro Hospitalar Póvoa Varzim / Vila do Conde, EPE;41.3828711, -8.7589945;238
2018-12;Região de Saúde LVT;Centro Hospitalar de Lisboa - Zona Ocidental, EPE;38.708454, -9.216985;342
2018-12;Região de Saúde do Centro;Centro Hospitalar e Universitário de Coimbra, EPE;40.2191523, -8.4098211;251
2018-12;Região de Saúde do Alentejo;Unidade Local de Saúde do Litoral Alentejano, EPE;38.0162314, -8.6956768;59
2019-03;Região de Saúde LVT;Hospital Distrital Santarém, EPE;39.2410946, -8.6937515;210
2019-03;Região de Saúde Norte;Unidade Local de Saúde de Matosinhos, EPE;41.1794456, -8.6745115;201
2019-06;Região de Saúde Norte;Hospital Distrital S.Maria Maior, EPE - Barcelos;41.5324234, -8.6171561;125
2019-06;Serviços Centrais;Instituto Português do Sangue e da Transplantação, IP;38.7567758, -9.1505021;114
2019-09;Região de Saúde Norte;Hospital Distrital S.Maria Maior, EPE - Barcelos;41.5324234, -8.6171561;136
2019-09;Região de Saúde LVT;Centro Hospitalar de Lisboa - Zona Ocidental, EPE;38.708454, -9.216985;325
2019-09;Região de Saúde LVT;Centro Hospitalar Universitário Lisboa Norte, EPE;38.7500861, -9.1616116;319
2019-09;Região de Saúde Norte;Unidade Local de Saúde Alto Minho, EPE;41.7056054, -8.8252713;158
2019-09;Região de Saúde do Alentejo;Unidade Local de Saúde do Litoral Alentejano, EPE;38.0162314, -8.6956768;71
2019-12;Região de Saúde do Alentejo;Administração Regional de Saúde do Alentejo;38.5658579, -7.9136262;28
2020-03;Região de Saúde do Alentejo;Hospital Espírito Santo de Évora, EPE;38.5684861, -7.9032848;129
2020-03;Região de Saúde LVT;Hospital Fernando Fonseca, EPE;38.7422257, -9.2264834;156
2020-03;Região de Saúde do Centro;Unidade Local de Saúde de Castelo Branco, EPE;39.8212263, -7.4981271;150
2020-03;Região de Saúde do Alentejo;Unidade Local de Saúde do Litoral Alentejano, EPE;38.0162314, -8.6956768;86
2020-06;Região de Saúde do Centro;Centro Hospitalar de Leiria, EPE;39.7414812, -8.7982706;124
2020-09;Região de Saúde LVT;Centro Hospitalar do Barreiro - Montijo, EPE;38.6554005, -9.0592392;203
2020-12;Região de Saúde Norte;Unidade Local de Saúde do Nordeste, EPE;41.8056532, -6.7888197;130
2021-03;Região de Saúde LVT;Centro Hospitalar Médio Tejo, EPE;39.478072, -8.5404429;154
2021-06;Região de Saúde LVT;Centro Hospitalar Universitário Lisboa Norte, EPE;38.7500861, -9.1616116;170
2021-06;Região de Saúde do Alentejo;Unidade Local de Saúde do Litoral Alentejano, EPE;38.0162314, -8.6956768;140
2021-06;Região de Saúde LVT;Instituto de Oftalmologia Dr. Gama Pinto;38.7218793, -9.144249;84
2021-09;Região de Saúde do Centro;Centro Hospitalar Universitário Cova da Beira, EPE;40.2804158, -7.4922407;161
2021-09;Região de Saúde Norte;Centro Hospitalar Trás-os-Montes e Alto Douro, EPE;41.3031784, -7.7515252;167
2021-09;Região de Saúde Norte;Unidade Local de Saúde de Matosinhos, EPE;41.1794456, -8.6745115;183
2021-12;Região de Saúde Norte;Centro Hospitalar de Entre o Douro e Vouga, EPE;40.9293884, -8.5458794;184
2021-12;Região de Saúde do Centro;Centro Hospitalar Universitário Cova da Beira, EPE;40.2804158, -7.4922407;155
2021-12;Região de Saúde Norte;Centro Hospitalar Trás-os-Montes e Alto Douro, EPE;41.3031784, -7.7515252;193
2021-12;Região de Saúde LVT;Centro Hospitalar do Oeste, EPE;39.4054629, -9.1258493;128
2022-03;Região de Saúde do Centro;Hospital Rovisco Pais;40.297919, -8.7707806;70
2022-03;Região de Saúde do Centro;Centro Hospitalar Universitário Cova da Beira, EPE;40.2804158, -7.4922407;149
2022-03;Região de Saúde Norte;Unidade Local de Saúde do Nordeste, EPE;41.8056532, -6.7888197;169
2022-06;Região de Saúde do Centro;Hospital Distrital Figueira da Foz, EPE;40.117897, -8.8586755;159
2022-06;Região de Saúde Norte;Centro Hospitalar Vila Nova Gaia/Espinho, EPE;41.1094138, -8.5972617;182
2022-06;Região de Saúde Norte;Unidade Local de Saúde do Alto Minho, EPE;41.7056054, -8.8252713;239
2022-09;Região de Saúde do Centro;Centro Hospitalar e Universitário de Coimbra, EPE;40.2191523, -8.4098211;159
2022-09;Região de Saúde do Centro;Administração Regional de Saúde do Centro;40.2038123, -8.4216163;47
2022-09;Região de Saúde do Centro;Centro Hospitalar de Leiria, EPE;39.7414812, -8.7982706;198
2022-09;Região de Saúde Norte;Hospital de Magalhães Lemos, EPE;41.1764649, -8.6649823;9
2022-09;Região de Saúde Norte;Centro Hospitalar do Tâmega e Sousa, EPE;41.2494561, -8.264901;212
2022-09;Região de Saúde Norte;Unidade Local de Saúde do Alto Minho, EPE;41.7056054, -8.8252713;238
2022-12;Região de Saúde do Algarve;Centro Hospitalar Universitário do Algarve, E.P.E;37.0238973, -7.9281554;161
2022-12;Região de Saúde Norte;Centro Hospitalar Vila Nova Gaia/Espinho, EPE;41.1094138, -8.5972617;185
2022-12;Região de Saúde Norte;Unidade Local de Saúde do Nordeste, EPE;41.8056532, -6.7888197;168
2023-03;Região de Saúde do Centro;Centro Hospitalar do Baixo Vouga, EPE;40.6362453, -8.6543716;147
2023-03;Região de Saúde do Alentejo;Unidade Local de Saúde do Litoral Alentejano, EPE;38.0162314, -8.6956768;174
2023-03;Região de Saúde Norte;Administração Regional de Saúde do Norte;41.1576321, -8.6066408;49
2023-03;Região de Saúde do Alentejo;Unidade Local de Saúde do Norte Alentejano, EPE;39.3003425, -7.4263845;121
2023-03;Serviços Centrais;Instituto Nacional de Emergência Médica;38.7314304, -9.142532;
2023-06;Região de Saúde LVT;Centro Hospitalar do Barreiro - Montijo, EPE;38.6554005, -9.0592392;190
2023-06;Região de Saúde LVT;Hospital de Loures, EPE;38.8214678, -9.176741;43
2023-12;Região de Saúde LVT;Centro Hospitalar do Oeste, EPE;39.4054629, -9.1258493;139
2024-03;Região de Saúde do Centro;Unidade Local de Saúde de Coimbra, E. P. E.;40.2191523, -8.4098211;160
2024-03;Região de Saúde do Centro;Unidade Local de Saúde da Região de Leiria, E. P. E.;39.7414812, -8.7982706;110
2024-03;Região de Saúde Norte;Administração Regional de Saúde do Norte;41.1576321, -8.6066408;43
2024-03;Região de Saúde LVT;Administração Regional de Saúde de Lisboa e Vale do Tejo;38.7490049, -9.1417844;16
2024-03;Região de Saúde do Algarve;Administração Regional de Saúde do Algarve;37.0272677, -7.9490091;17
2024-06;Região de Saúde do Centro;Unidade Local de Saúde da Região de Leiria, E. P. E.;39.7414812, -8.7982706;84
2024-06;Região de Saúde do Alentejo;UNIDADE LOCAL DE SAUDE DO LITORAL ALENTEJANO, EPE;38.0162314, -8.6956768;103
2024-06;Região de Saúde Norte;Unidade Local de Saúde de Braga, E. P. E.;39.4054629, -9.1258493;53
2024-09;Região de Saúde LVT;Unidade Local de Saúde de Almada-Seixal, E. P. E.;38.6658713, -9.1822554;73
2024-09;Região de Saúde Norte;UNIDADE LOCAL DE SAÚDE DE MATOSINHOS, EPE;41.1794456, -8.6745115;88
2024-09;Região de Saúde LVT;Unidade Local de Saúde da Arrábida, E. P. E.;38.5283754, -8.8818638;98
2024-09;Região de Saúde do Alentejo;Unidade Local de Saúde do Alentejo Central, E. P. E.;38.5684861, -7.9032848;52
2024-09;Região de Saúde Norte;Unidade Local de Saúde de Gaia/Espinho, E. P. E.;41.1094138, -8.5972617;145
2024-09;Região de Saúde Norte;Unidade Local de Saúde de Santo António, E. P. E.;41.1472498, -8.6172617;59
2024-12;Região de Saúde Norte;Unidade Local de Saúde de São João, E. P. E.;41.1831056, -8.6010558;44
2014-03;Região de Saúde LVT;Centro Hospitalar do Barreiro - Montijo, EPE;38.6554005, -9.0592392;510
2014-03;Região de Saúde LVT;Centro Hospitalar Universitário Lisboa Norte, EPE;38.7500861, -9.1616116;501
2014-06;Região de Saúde Norte;Unidade Local de Saúde Alto Minho, EPE;41.7056054, -8.8252713;82
2014-06;Região de Saúde Norte;Hospital da Senhora da Oliveira Guimarães, EPE;41.4387173, -8.3086907;0
2014-09;Região de Saúde do Alentejo;Administração Regional de Saúde do Alentejo;38.5658579, -7.9136262;0
2014-12;Região de Saúde do Alentejo;Hospital Espírito Santo de Évora, EPE;38.5684861, -7.9032848;101
2015-03;Região de Saúde Norte;Centro Hospitalar de Entre o Douro e Vouga, EPE;40.9293884, -8.5458794;34
2015-06;Serviços Centrais;Instituto Português do Sangue e da Transplantação, IP;38.7567758, -9.1505021;0
2015-12;Região de Saúde do Alentejo;Hospital Espírito Santo de Évora, EPE;38.5684861, -7.9032848;109
2016-03;Região de Saúde LVT;Hospital Distrital Santarém, EPE;39.2410946, -8.6937515;514
2016-09;Região de Saúde do Alentejo;Unidade Local de Saúde do Norte Alentejano, EPE;39.3003425, -7.4263845;87
2016-09;Região de Saúde LVT;Hospital Garcia de Orta, EPE - Almada;38.6658713, -9.1822554;117
2017-03;Região de Saúde LVT;Centro Hospitalar Universitário de Lisboa Central, EPE;38.7166948, -9.1371248;315
2017-03;Região de Saúde Norte;Instituto Português de Oncologia do Porto, EPE;41.1785642, -8.6062881;55
2017-03;Serviços Centrais;Instituto Nacional Saúde Dr. Ricardo Jorge - Lisboa;38.7643827, -9.1663422;17
2017-06;Região de Saúde Norte;Instituto Português de Oncologia do Porto, EPE;41.1785642, -8.6062881;70
2017-06;Região de Saúde do Centro;Centro Hospitalar Universitário Cova da Beira, EPE;40.2804158, -7.4922407;360
2017-06;Região de Saúde LVT;Centro Hospitalar Universitário de Lisboa Central, EPE;38.7166948, -9.1371248;306
2017-09;Região de Saúde do Centro;Hospital Arcebispo João Crisóstomo - Cantanhede;40.3470015, -8.5933462;13
2017-09;Região de Saúde Norte;Centro Hospitalar Universitário do Porto, EPE;41.1472498, -8.6172617;289
2017-09;Região de Saúde do Alentejo;Hospital Espírito Santo de Évora, EPE;38.5684861, -7.9032848;165
2017-12;Região de Saúde LVT;Hospital Garcia de Orta, EPE - Almada;38.6658713, -9.1822554;192
2017-12;Região de Saúde do Centro;Unidade Local de Saúde de Castelo Branco, EPE;39.8212263, -7.4981271;78
2017-12;Região de Saúde do Centro;Centro Hospitalar do Baixo Vouga, EPE;40.6362453, -8.6543716;395
2018-12;Região de Saúde do Algarve;Administração Regional de Saúde do Algarve;37.0272677, -7.9490091;38
2019-09;Região de Saúde Norte;Administração Regional de Saúde do Norte;41.1576321, -8.6066408;34
2019-12;Região de Saúde do Centro;Unidade Local de Saúde da Guarda, EPE;40.5309916, -7.2734793;172
2020-06;Região de Saúde do Algarve;Administração Regional de Saúde do Algarve;37.0272677, -7.9490091;58
2021-03;Região de Saúde Norte;Administração Regional de Saúde do Norte;41.1576321, -8.6066408;40
2021-03;Região de Saúde LVT;Centro Hospitalar Universitário de Lisboa Central, EPE;38.7166948, -9.1371248;283
2021-03;Região de Saúde Norte;Centro Hospitalar Póvoa Varzim / Vila do Conde, EPE;41.3828711, -8.7589945;161
2021-03;Região de Saúde LVT;Hospital Fernando Fonseca, EPE;38.7422257, -9.2264834;147
2021-06;Região de Saúde Norte;Centro Hospitalar Universitário do Porto, EPE;41.1472498, -8.6172617;176
2022-03;Região de Saúde Norte;Centro Hospitalar Póvoa Varzim / Vila do Conde, EPE;41.3828711, -8.7589945;202
2022-06;Região de Saúde do Alentejo;Unidade Local de Saúde do Norte Alentejano, EPE;39.3003425, -7.4263845;123
2022-06;Região de Saúde do Centro;Hospital Arcebispo João Crisóstomo - Cantanhede;40.3470015, -8.5933462;55
2022-06;Região de Saúde do Centro;Hospital Dr. Francisco Zagalo - Ovar;40.8571967, -8.6318023;71
2024-09;Região de Saúde LVT;Unidade Local de Saúde de Amadora/Sintra, E. P. E.;38.7422257, -9.2264834;72
2024-12;Região de Saúde do Centro;Unidade Local de Saúde da Cova da Beira, E. P. E.;40.2804158, -7.4922407;80
