freq;freq_label;unit;unit_label;icha11_hf;icha11_hf_label;geo;geo_label;time;time_label;value
A;Annual;MIO_EUR;Million euro;TOT_HF;All financing schemes;PT;Portugal;1992;1992;743.93
A;Annual;EUR_HAB;Euro per inhabitant;TOT_HF;All financing schemes;PT;Portugal;1992;1992;648.02
A;Annual;MIO_NAC;Million units of national currency;TOT_HF;All financing schemes;PT;Portugal;1992;1992;606.83
A;Annual;NAC_HAB;National currency per inhabitant;TOT_HF;All financing schemes;PT;Portugal;1992;1992;614.77
A;Annual;MIO_PPS;Million purchasing power standards (PPS);TOT_HF;All financing schemes;PT;Portugal;1992;1992;642.03
A;Annual;PPS_HAB;Purchasing power standard (PPS) per inhabitant;TOT_HF;All financing schemes;PT;Portugal;1992;1992;655.41
A;Annual;PC_GDP;Percentage of gross domestic product (GDP);TOT_HF;All financing schemes;PT;Portugal;1992;1992;723.15
A;Annual;PC_CHE;Percentual share of total current health expenditure (CHE);TOT_HF;All financing schemes;PT;Portugal;1992;1992;883.87
A;Annual;MIO_EUR;Million euro;HF1;Government schemes and compulsory contributory health care financing schemes;PT;Portugal;1992;1992;690.49
A;Annual;EUR_HAB;Euro per inhabitant;HF1;Government schemes and compulsory contributory health care financing schemes;PT;Portugal;1992;1992;700.26
A;Annual;MIO_NAC;Million units of national currency;HF1;Government schemes and compulsory contributory health care financing schemes;PT;Portugal;1992;1992;767.47
A;Annual;NAC_HAB;National currency per inhabitant;HF1;Government schemes and compulsory contributory health care financing schemes;PT;Portugal;1992;1992;797.34
A;Annual;MIO_PPS;Million purchasing power standards (PPS);HF1;Government schemes and compulsory contributory health care financing schemes;PT;Portugal;1992;1992;1165.77
A;Annual;PPS_HAB;Purchasing power standard (PPS) per inhabitant;HF1;Government schemes and compulsory contributory health care financing schemes;PT;Portugal;1992;1992;1651.28
A;Annual;PC_GDP;Percentage of gross domestic product (GDP);HF1;Government schemes and compulsory contributory health care financing schemes;PT;Portugal;1992;1992;1271.95
A;Annual;PC_CHE;Percentual share of total current health expenditure (CHE);HF1;Government schemes and compulsory contributory health care financing schemes;PT;Portugal;1992;1992;1457.72
A;Annual;MIO_EUR;Million euro;HF11;Government schemes;PT;Portugal;1992;1992;1348.46
A;Annual;EUR_HAB;Euro per inhabitant;HF11;Government schemes;PT;Portugal;1992;1992;
A;Annual;MIO_NAC;Million units of national currency;HF11;Government schemes;PT;Portugal;1992;1992;
A;Annual;NAC_HAB;National currency per inhabitant;HF11;Government schemes;PT;Portugal;1992;1992;
A;Annual;MIO_PPS;Million purchasing power standards (PPS);HF11;Government schemes;PT;Portugal;1992;1992;
A;Annual;PPS_HAB;Purchasing power standard (PPS) per inhabitant;HF11;Government schemes;PT;Portugal;1992;1992;
A;Annual;PC_GDP;Percentage of gross domestic product (GDP);HF11;Government schemes;PT;Portugal;1992;1992;
A;Annual;PC_CHE;Percentual share of total current health expenditure (CHE);HF11;Government schemes;PT;Portugal;1992;1992;
A;Annual;MIO_EUR;Million euro;HF12_13;Compulsory contributory health insurance schemes and compulsory medical saving accounts (CMSA);PT;Portugal;1992;1992;
A;Annual;EUR_HAB;Euro per inhabitant;HF12_13;Compulsory contributory health insurance schemes and compulsory medical saving accounts (CMSA);PT;Portugal;1992;1992;
A;Annual;MIO_NAC;Million units of national currency;HF12_13;Compulsory contributory health insurance schemes and compulsory medical saving accounts (CMSA);PT;Portugal;1992;1992;
A;Annual;NAC_HAB;National currency per inhabitant;HF12_13;Compulsory contributory health insurance schemes and compulsory medical saving accounts (CMSA);PT;Portugal;1992;1992;
A;Annual;MIO_PPS;Million purchasing power standards (PPS);HF12_13;Compulsory contributory health insurance schemes and compulsory medical saving accounts (CMSA);PT;Portugal;1992;1992;
A;Annual;PPS_HAB;Purchasing power standard (PPS) per inhabitant;HF12_13;Compulsory contributory health insurance schemes and compulsory medical saving accounts (CMSA);PT;Portugal;1992;1992;
A;Annual;PC_GDP;Percentage of gross domestic product (GDP);HF12_13;Compulsory contributory health insurance schemes and compulsory medical saving accounts (CMSA);PT;Portugal;1992;1992;
A;Annual;PC_CHE;Percentual share of total current health expenditure (CHE);HF12_13;Compulsory contributory health insurance schemes and compulsory medical saving accounts (CMSA);PT;Portugal;1992;1992;
A;Annual;MIO_EUR;Million euro;HF121;Social health insurance schemes;PT;Portugal;1992;1992;
A;Annual;EUR_HAB;Euro per inhabitant;HF121;Social health insurance schemes;PT;Portugal;1992;1992;
A;Annual;MIO_NAC;Million units of national currency;HF121;Social health insurance schemes;PT;Portugal;1992;1992;
A;Annual;NAC_HAB;National currency per inhabitant;HF121;Social health insurance schemes;PT;Portugal;1992;1992;
A;Annual;MIO_PPS;Million purchasing power standards (PPS);HF121;Social health insurance schemes;PT;Portugal;1992;1992;
A;Annual;PPS_HAB;Purchasing power standard (PPS) per inhabitant;HF121;Social health insurance schemes;PT;Portugal;1992;1992;
A;Annual;PC_GDP;Percentage of gross domestic product (GDP);HF121;Social health insurance schemes;PT;Portugal;1992;1992;
A;Annual;PC_CHE;Percentual share of total current health expenditure (CHE);HF121;Social health insurance schemes;PT;Portugal;1992;1992;487.53
A;Annual;MIO_EUR;Million euro;HF122;Compulsory private insurance scheme;PT;Portugal;1992;1992;538.74
A;Annual;EUR_HAB;Euro per inhabitant;HF122;Compulsory private insurance scheme;PT;Portugal;1992;1992;595.69
A;Annual;MIO_NAC;Million units of national currency;HF122;Compulsory private insurance scheme;PT;Portugal;1992;1992;655.5
A;Annual;NAC_HAB;National currency per inhabitant;HF122;Compulsory private insurance scheme;PT;Portugal;1992;1992;704.42
A;Annual;MIO_PPS;Million purchasing power standards (PPS);HF122;Compulsory private insurance scheme;PT;Portugal;1992;1992;811.28
A;Annual;PPS_HAB;Purchasing power standard (PPS) per inhabitant;HF122;Compulsory private insurance scheme;PT;Portugal;1992;1992;943.21
A;Annual;PC_GDP;Percentage of gross domestic product (GDP);HF122;Compulsory private insurance scheme;PT;Portugal;1992;1992;1069.36
A;Annual;PC_CHE;Percentual share of total current health expenditure (CHE);HF122;Compulsory private insurance scheme;PT;Portugal;1992;1992;1111.96
A;Annual;MIO_EUR;Million euro;HF13;Compulsory medical savings accounts (CMSA);PT;Portugal;1992;1992;1198.26
A;Annual;EUR_HAB;Euro per inhabitant;HF13;Compulsory medical savings accounts (CMSA);PT;Portugal;1992;1992;
A;Annual;MIO_NAC;Million units of national currency;HF13;Compulsory medical savings accounts (CMSA);PT;Portugal;1992;1992;
A;Annual;NAC_HAB;National currency per inhabitant;HF13;Compulsory medical savings accounts (CMSA);PT;Portugal;1992;1992;
A;Annual;MIO_PPS;Million purchasing power standards (PPS);HF13;Compulsory medical savings accounts (CMSA);PT;Portugal;1992;1992;
A;Annual;PPS_HAB;Purchasing power standard (PPS) per inhabitant;HF13;Compulsory medical savings accounts (CMSA);PT;Portugal;1992;1992;
A;Annual;PC_GDP;Percentage of gross domestic product (GDP);HF13;Compulsory medical savings accounts (CMSA);PT;Portugal;1992;1992;
A;Annual;PC_CHE;Percentual share of total current health expenditure (CHE);HF13;Compulsory medical savings accounts (CMSA);PT;Portugal;1992;1992;
A;Annual;MIO_EUR;Million euro;HF2;Voluntary health care payment schemes;PT;Portugal;1992;1992;1439.58
A;Annual;EUR_HAB;Euro per inhabitant;HF2;Voluntary health care payment schemes;PT;Portugal;1992;1992;1565.0
A;Annual;MIO_NAC;Million units of national currency;HF2;Voluntary health care payment schemes;PT;Portugal;1992;1992;1656.0
A;Annual;NAC_HAB;National currency per inhabitant;HF2;Voluntary health care payment schemes;PT;Portugal;1992;1992;1852.0
A;Annual;MIO_PPS;Million purchasing power standards (PPS);HF2;Voluntary health care payment schemes;PT;Portugal;1992;1992;2133.0
A;Annual;PPS_HAB;Purchasing power standard (PPS) per inhabitant;HF2;Voluntary health care payment schemes;PT;Portugal;1992;1992;2215.0
A;Annual;PC_GDP;Percentage of gross domestic product (GDP);HF2;Voluntary health care payment schemes;PT;Portugal;1992;1992;2212.0
A;Annual;PC_CHE;Percentual share of total current health expenditure (CHE);HF2;Voluntary health care payment schemes;PT;Portugal;1992;1992;2507.0
A;Annual;MIO_EUR;Million euro;HF21;Voluntary health insurance schemes;PT;Portugal;1992;1992;2747.0
A;Annual;EUR_HAB;Euro per inhabitant;HF21;Voluntary health insurance schemes;PT;Portugal;1992;1992;3055.0
A;Annual;MIO_NAC;Million units of national currency;HF21;Voluntary health insurance schemes;PT;Portugal;1992;1992;3170.0
A;Annual;NAC_HAB;National currency per inhabitant;HF21;Voluntary health insurance schemes;PT;Portugal;1992;1992;3347.0
A;Annual;MIO_PPS;Million purchasing power standards (PPS);HF21;Voluntary health insurance schemes;PT;Portugal;1992;1992;3337.0
A;Annual;PPS_HAB;Purchasing power standard (PPS) per inhabitant;HF21;Voluntary health insurance schemes;PT;Portugal;1992;1992;3377.0
A;Annual;PC_GDP;Percentage of gross domestic product (GDP);HF21;Voluntary health insurance schemes;PT;Portugal;1992;1992;3482.0
A;Annual;PC_CHE;Percentual share of total current health expenditure (CHE);HF21;Voluntary health insurance schemes;PT;Portugal;1992;1992;3479.0
A;Annual;MIO_EUR;Million euro;HF22;NPISH financing schemes;PT;Portugal;1992;1992;3565.0
A;Annual;EUR_HAB;Euro per inhabitant;HF22;NPISH financing schemes;PT;Portugal;1992;1992;4437.0
A;Annual;MIO_NAC;Million units of national currency;HF22;NPISH financing schemes;PT;Portugal;1992;1992;4599.0
A;Annual;NAC_HAB;National currency per inhabitant;HF22;NPISH financing schemes;PT;Portugal;1992;1992;4600.0
A;Annual;MIO_PPS;Million purchasing power standards (PPS);HF22;NPISH financing schemes;PT;Portugal;1992;1992;4943.0
A;Annual;PPS_HAB;Purchasing power standard (PPS) per inhabitant;HF22;NPISH financing schemes;PT;Portugal;1992;1992;5393.0
A;Annual;PC_GDP;Percentage of gross domestic product (GDP);HF22;NPISH financing schemes;PT;Portugal;1992;1992;9847.0
A;Annual;PC_CHE;Percentual share of total current health expenditure (CHE);HF22;NPISH financing schemes;PT;Portugal;1992;1992;13342.0
A;Annual;MIO_EUR;Million euro;HF23;Enterprise financing schemes;PT;Portugal;1992;1992;9982.0
A;Annual;EUR_HAB;Euro per inhabitant;HF23;Enterprise financing schemes;PT;Portugal;1992;1992;8492.0
A;Annual;MIO_NAC;Million units of national currency;HF23;Enterprise financing schemes;PT;Portugal;1992;1992;9113.0
A;Annual;NAC_HAB;National currency per inhabitant;HF23;Enterprise financing schemes;PT;Portugal;1992;1992;
A;Annual;MIO_PPS;Million purchasing power standards (PPS);HF23;Enterprise financing schemes;PT;Portugal;1992;1992;
A;Annual;PPS_HAB;Purchasing power standard (PPS) per inhabitant;HF23;Enterprise financing schemes;PT;Portugal;1992;1992;
A;Annual;PC_GDP;Percentage of gross domestic product (GDP);HF23;Enterprise financing schemes;PT;Portugal;1992;1992;5134.98
A;Annual;PC_CHE;Percentual share of total current health expenditure (CHE);HF23;Enterprise financing schemes;PT;Portugal;1992;1992;5178.86
A;Annual;MIO_EUR;Million euro;HF3;Household out-of-pocket payment;PT;Portugal;1992;1992;5119.86
A;Annual;EUR_HAB;Euro per inhabitant;HF3;Household out-of-pocket payment;PT;Portugal;1992;1992;5443.69
A;Annual;MIO_NAC;Million units of national currency;HF3;Household out-of-pocket payment;PT;Portugal;1992;1992;5660.21
A;Annual;NAC_HAB;National currency per inhabitant;HF3;Household out-of-pocket payment;PT;Portugal;1992;1992;5799.82
A;Annual;MIO_PPS;Million purchasing power standards (PPS);HF3;Household out-of-pocket payment;PT;Portugal;1992;1992;6016.2
A;Annual;PPS_HAB;Purchasing power standard (PPS) per inhabitant;HF3;Household out-of-pocket payment;PT;Portugal;1992;1992;6180.11
A;Annual;PC_GDP;Percentage of gross domestic product (GDP);HF3;Household out-of-pocket payment;PT;Portugal;1992;1992;6382.39
A;Annual;PC_CHE;Percentual share of total current health expenditure (CHE);HF3;Household out-of-pocket payment;PT;Portugal;1992;1992;6644.09
A;Annual;MIO_EUR;Million euro;HF31;Out-of-pocket excluding cost-sharing;PT;Portugal;1992;1992;7013.79
A;Annual;EUR_HAB;Euro per inhabitant;HF31;Out-of-pocket excluding cost-sharing;PT;Portugal;1992;1992;7497.49
A;Annual;MIO_NAC;Million units of national currency;HF31;Out-of-pocket excluding cost-sharing;PT;Portugal;1992;1992;7865.11
A;Annual;NAC_HAB;National currency per inhabitant;HF31;Out-of-pocket excluding cost-sharing;PT;Portugal;1992;1992;8622.98
A;Annual;MIO_PPS;Million purchasing power standards (PPS);HF31;Out-of-pocket excluding cost-sharing;PT;Portugal;1992;1992;9050.17
A;Annual;PPS_HAB;Purchasing power standard (PPS) per inhabitant;HF31;Out-of-pocket excluding cost-sharing;PT;Portugal;1992;1992;9388.65
A;Annual;PC_GDP;Percentage of gross domestic product (GDP);HF31;Out-of-pocket excluding cost-sharing;PT;Portugal;1992;1992;9605.45
A;Annual;PC_CHE;Percentual share of total current health expenditure (CHE);HF31;Out-of-pocket excluding cost-sharing;PT;Portugal;1992;1992;10117.88
A;Annual;MIO_EUR;Million euro;HF32;Cost sharing with third-party payers;PT;Portugal;1992;1992;10137.17
A;Annual;EUR_HAB;Euro per inhabitant;HF32;Cost sharing with third-party payers;PT;Portugal;1992;1992;10436.75
A;Annual;MIO_NAC;Million units of national currency;HF32;Cost sharing with third-party payers;PT;Portugal;1992;1992;10720.71
A;Annual;NAC_HAB;National currency per inhabitant;HF32;Cost sharing with third-party payers;PT;Portugal;1992;1992;11093.59
A;Annual;MIO_PPS;Million purchasing power standards (PPS);HF32;Cost sharing with third-party payers;PT;Portugal;1992;1992;11426.4
A;Annual;PPS_HAB;Purchasing power standard (PPS) per inhabitant;HF32;Cost sharing with third-party payers;PT;Portugal;1992;1992;12051.42
A;Annual;PC_GDP;Percentage of gross domestic product (GDP);HF32;Cost sharing with third-party payers;PT;Portugal;1992;1992;12647.1
A;Annual;PC_CHE;Percentual share of total current health expenditure (CHE);HF32;Cost sharing with third-party payers;PT;Portugal;1992;1992;14357.58
A;Annual;MIO_EUR;Million euro;HF4;Rest of the world financing schemes (non-resident);PT;Portugal;1992;1992;18545.79
A;Annual;EUR_HAB;Euro per inhabitant;HF4;Rest of the world financing schemes (non-resident);PT;Portugal;1992;1992;17458.49
A;Annual;MIO_NAC;Million units of national currency;HF4;Rest of the world financing schemes (non-resident);PT;Portugal;1992;1992;17478.24
A;Annual;NAC_HAB;National currency per inhabitant;HF4;Rest of the world financing schemes (non-resident);PT;Portugal;1992;1992;
A;Annual;MIO_PPS;Million purchasing power standards (PPS);HF4;Rest of the world financing schemes (non-resident);PT;Portugal;1992;1992;
A;Annual;PPS_HAB;Purchasing power standard (PPS) per inhabitant;HF4;Rest of the world financing schemes (non-resident);PT;Portugal;1992;1992;
A;Annual;PC_GDP;Percentage of gross domestic product (GDP);HF4;Rest of the world financing schemes (non-resident);PT;Portugal;1992;1992;
A;Annual;PC_CHE;Percentual share of total current health expenditure (CHE);HF4;Rest of the world financing schemes (non-resident);PT;Portugal;1992;1992;
A;Annual;MIO_EUR;Million euro;HF_UNK;Financing schemes unknown;PT;Portugal;1992;1992;
A;Annual;EUR_HAB;Euro per inhabitant;HF_UNK;Financing schemes unknown;PT;Portugal;1992;1992;
A;Annual;MIO_NAC;Million units of national currency;HF_UNK;Financing schemes unknown;PT;Portugal;1992;1992;
A;Annual;NAC_HAB;National currency per inhabitant;HF_UNK;Financing schemes unknown;PT;Portugal;1992;1992;
A;Annual;MIO_PPS;Million purchasing power standards (PPS);HF_UNK;Financing schemes unknown;PT;Portugal;1992;1992;
A;Annual;PPS_HAB;Purchasing power standard (PPS) per inhabitant;HF_UNK;Financing schemes unknown;PT;Portugal;1992;1992;
A;Annual;PC_GDP;Percentage of gross domestic product (GDP);HF_UNK;Financing schemes unknown;PT;Portugal;1992;1992;
A;Annual;PC_CHE;Percentual share of total current health expenditure (CHE);HF_UNK;Financing schemes unknown;PT;Portugal;1992;1992;
A;Annual;MIO_EUR;Million euro;TOT_HF;All financing schemes;PT;Portugal;1993;1993;
A;Annual;EUR_HAB;Euro per inhabitant;TOT_HF;All financing schemes;PT;Portugal;1993;1993;
A;Annual;MIO_NAC;Million units of national currency;TOT_HF;All financing schemes;PT;Portugal;1993;1993;
A;Annual;NAC_HAB;National currency per inhabitant;TOT_HF;All financing schemes;PT;Portugal;1993;1993;
A;Annual;MIO_PPS;Million purchasing power standards (PPS);TOT_HF;All financing schemes;PT;Portugal;1993;1993;
A;Annual;PPS_HAB;Purchasing power standard (PPS) per inhabitant;TOT_HF;All financing schemes;PT;Portugal;1993;1993;
A;Annual;PC_GDP;Percentage of gross domestic product (GDP);TOT_HF;All financing schemes;PT;Portugal;1993;1993;
A;Annual;PC_CHE;Percentual share of total current health expenditure (CHE);TOT_HF;All financing schemes;PT;Portugal;1993;1993;
A;Annual;MIO_EUR;Million euro;HF1;Government schemes and compulsory contributory health care financing schemes;PT;Portugal;1993;1993;
A;Annual;EUR_HAB;Euro per inhabitant;HF1;Government schemes and compulsory contributory health care financing schemes;PT;Portugal;1993;1993;
A;Annual;MIO_NAC;Million units of national currency;HF1;Government schemes and compulsory contributory health care financing schemes;PT;Portugal;1993;1993;
A;Annual;NAC_HAB;National currency per inhabitant;HF1;Government schemes and compulsory contributory health care financing schemes;PT;Portugal;1993;1993;
A;Annual;MIO_PPS;Million purchasing power standards (PPS);HF1;Government schemes and compulsory contributory health care financing schemes;PT;Portugal;1993;1993;
A;Annual;PPS_HAB;Purchasing power standard (PPS) per inhabitant;HF1;Government schemes and compulsory contributory health care financing schemes;PT;Portugal;1993;1993;
A;Annual;PC_GDP;Percentage of gross domestic product (GDP);HF1;Government schemes and compulsory contributory health care financing schemes;PT;Portugal;1993;1993;
A;Annual;PC_CHE;Percentual share of total current health expenditure (CHE);HF1;Government schemes and compulsory contributory health care financing schemes;PT;Portugal;1993;1993;0.0
A;Annual;MIO_EUR;Million euro;HF11;Government schemes;PT;Portugal;1993;1993;0.0
A;Annual;EUR_HAB;Euro per inhabitant;HF11;Government schemes;PT;Portugal;1993;1993;0.0
A;Annual;MIO_NAC;Million units of national currency;HF11;Government schemes;PT;Portugal;1993;1993;0.0
A;Annual;NAC_HAB;National currency per inhabitant;HF11;Government schemes;PT;Portugal;1993;1993;0.0
A;Annual;MIO_PPS;Million purchasing power standards (PPS);HF11;Government schemes;PT;Portugal;1993;1993;0.0
A;Annual;PPS_HAB;Purchasing power standard (PPS) per inhabitant;HF11;Government schemes;PT;Portugal;1993;1993;0.0
A;Annual;PC_GDP;Percentage of gross domestic product (GDP);HF11;Government schemes;PT;Portugal;1993;1993;0.0
A;Annual;PC_CHE;Percentual share of total current health expenditure (CHE);HF11;Government schemes;PT;Portugal;1993;1993;0.0
A;Annual;MIO_EUR;Million euro;HF12_13;Compulsory contributory health insurance schemes and compulsory medical saving accounts (CMSA);PT;Portugal;1993;1993;0.0
A;Annual;EUR_HAB;Euro per inhabitant;HF12_13;Compulsory contributory health insurance schemes and compulsory medical saving accounts (CMSA);PT;Portugal;1993;1993;0.0
A;Annual;MIO_NAC;Million units of national currency;HF12_13;Compulsory contributory health insurance schemes and compulsory medical saving accounts (CMSA);PT;Portugal;1993;1993;0.0
A;Annual;NAC_HAB;National currency per inhabitant;HF12_13;Compulsory contributory health insurance schemes and compulsory medical saving accounts (CMSA);PT;Portugal;1993;1993;0.0
A;Annual;MIO_PPS;Million purchasing power standards (PPS);HF12_13;Compulsory contributory health insurance schemes and compulsory medical saving accounts (CMSA);PT;Portugal;1993;1993;
A;Annual;PPS_HAB;Purchasing power standard (PPS) per inhabitant;HF12_13;Compulsory contributory health insurance schemes and compulsory medical saving accounts (CMSA);PT;Portugal;1993;1993;
A;Annual;PC_GDP;Percentage of gross domestic product (GDP);HF12_13;Compulsory contributory health insurance schemes and compulsory medical saving accounts (CMSA);PT;Portugal;1993;1993;
A;Annual;PC_CHE;Percentual share of total current health expenditure (CHE);HF12_13;Compulsory contributory health insurance schemes and compulsory medical saving accounts (CMSA);PT;Portugal;1993;1993;
A;Annual;MIO_EUR;Million euro;HF121;Social health insurance schemes;PT;Portugal;1993;1993;
A;Annual;EUR_HAB;Euro per inhabitant;HF121;Social health insurance schemes;PT;Portugal;1993;1993;
A;Annual;MIO_NAC;Million units of national currency;HF121;Social health insurance schemes;PT;Portugal;1993;1993;
A;Annual;NAC_HAB;National currency per inhabitant;HF121;Social health insurance schemes;PT;Portugal;1993;1993;
A;Annual;MIO_PPS;Million purchasing power standards (PPS);HF121;Social health insurance schemes;PT;Portugal;1993;1993;
A;Annual;PPS_HAB;Purchasing power standard (PPS) per inhabitant;HF121;Social health insurance schemes;PT;Portugal;1993;1993;
A;Annual;PC_GDP;Percentage of gross domestic product (GDP);HF121;Social health insurance schemes;PT;Portugal;1993;1993;
A;Annual;PC_CHE;Percentual share of total current health expenditure (CHE);HF121;Social health insurance schemes;PT;Portugal;1993;1993;
A;Annual;MIO_EUR;Million euro;HF122;Compulsory private insurance scheme;PT;Portugal;1993;1993;
A;Annual;EUR_HAB;Euro per inhabitant;HF122;Compulsory private insurance scheme;PT;Portugal;1993;1993;
A;Annual;MIO_NAC;Million units of national currency;HF122;Compulsory private insurance scheme;PT;Portugal;1993;1993;
A;Annual;NAC_HAB;National currency per inhabitant;HF122;Compulsory private insurance scheme;PT;Portugal;1993;1993;
A;Annual;MIO_PPS;Million purchasing power standards (PPS);HF122;Compulsory private insurance scheme;PT;Portugal;1993;1993;
A;Annual;PPS_HAB;Purchasing power standard (PPS) per inhabitant;HF122;Compulsory private insurance scheme;PT;Portugal;1993;1993;
A;Annual;PC_GDP;Percentage of gross domestic product (GDP);HF122;Compulsory private insurance scheme;PT;Portugal;1993;1993;0.0
A;Annual;PC_CHE;Percentual share of total current health expenditure (CHE);HF122;Compulsory private insurance scheme;PT;Portugal;1993;1993;0.0
A;Annual;MIO_EUR;Million euro;HF13;Compulsory medical savings accounts (CMSA);PT;Portugal;1993;1993;0.0
A;Annual;EUR_HAB;Euro per inhabitant;HF13;Compulsory medical savings accounts (CMSA);PT;Portugal;1993;1993;0.0
A;Annual;MIO_NAC;Million units of national currency;HF13;Compulsory medical savings accounts (CMSA);PT;Portugal;1993;1993;0.0
A;Annual;NAC_HAB;National currency per inhabitant;HF13;Compulsory medical savings accounts (CMSA);PT;Portugal;1993;1993;0.0
A;Annual;MIO_PPS;Million purchasing power standards (PPS);HF13;Compulsory medical savings accounts (CMSA);PT;Portugal;1993;1993;0.0
A;Annual;PPS_HAB;Purchasing power standard (PPS) per inhabitant;HF13;Compulsory medical savings accounts (CMSA);PT;Portugal;1993;1993;0.0
A;Annual;PC_GDP;Percentage of gross domestic product (GDP);HF13;Compulsory medical savings accounts (CMSA);PT;Portugal;1993;1993;0.0
A;Annual;PC_CHE;Percentual share of total current health expenditure (CHE);HF13;Compulsory medical savings accounts (CMSA);PT;Portugal;1993;1993;0.0
A;Annual;MIO_EUR;Million euro;HF2;Voluntary health care payment schemes;PT;Portugal;1993;1993;0.0
A;Annual;EUR_HAB;Euro per inhabitant;HF2;Voluntary health care payment schemes;PT;Portugal;1993;1993;0.0
A;Annual;MIO_NAC;Million units of national currency;HF2;Voluntary health care payment schemes;PT;Portugal;1993;1993;0.0
A;Annual;NAC_HAB;National currency per inhabitant;HF2;Voluntary health care payment schemes;PT;Portugal;1993;1993;0.0
A;Annual;MIO_PPS;Million purchasing power standards (PPS);HF2;Voluntary health care payment schemes;PT;Portugal;1993;1993;
A;Annual;PPS_HAB;Purchasing power standard (PPS) per inhabitant;HF2;Voluntary health care payment schemes;PT;Portugal;1993;1993;
A;Annual;PC_GDP;Percentage of gross domestic product (GDP);HF2;Voluntary health care payment schemes;PT;Portugal;1993;1993;
A;Annual;PC_CHE;Percentual share of total current health expenditure (CHE);HF2;Voluntary health care payment schemes;PT;Portugal;1993;1993;
A;Annual;MIO_EUR;Million euro;HF21;Voluntary health insurance schemes;PT;Portugal;1993;1993;
A;Annual;EUR_HAB;Euro per inhabitant;HF21;Voluntary health insurance schemes;PT;Portugal;1993;1993;
A;Annual;MIO_NAC;Million units of national currency;HF21;Voluntary health insurance schemes;PT;Portugal;1993;1993;
A;Annual;NAC_HAB;National currency per inhabitant;HF21;Voluntary health insurance schemes;PT;Portugal;1993;1993;
A;Annual;MIO_PPS;Million purchasing power standards (PPS);HF21;Voluntary health insurance schemes;PT;Portugal;1993;1993;
A;Annual;PPS_HAB;Purchasing power standard (PPS) per inhabitant;HF21;Voluntary health insurance schemes;PT;Portugal;1993;1993;
A;Annual;PC_GDP;Percentage of gross domestic product (GDP);HF21;Voluntary health insurance schemes;PT;Portugal;1993;1993;
A;Annual;PC_CHE;Percentual share of total current health expenditure (CHE);HF21;Voluntary health insurance schemes;PT;Portugal;1993;1993;
A;Annual;MIO_EUR;Million euro;HF22;NPISH financing schemes;PT;Portugal;1993;1993;
A;Annual;EUR_HAB;Euro per inhabitant;HF22;NPISH financing schemes;PT;Portugal;1993;1993;
A;Annual;MIO_NAC;Million units of national currency;HF22;NPISH financing schemes;PT;Portugal;1993;1993;
A;Annual;NAC_HAB;National currency per inhabitant;HF22;NPISH financing schemes;PT;Portugal;1993;1993;
A;Annual;MIO_PPS;Million purchasing power standards (PPS);HF22;NPISH financing schemes;PT;Portugal;1993;1993;
A;Annual;PPS_HAB;Purchasing power standard (PPS) per inhabitant;HF22;NPISH financing schemes;PT;Portugal;1993;1993;
A;Annual;PC_GDP;Percentage of gross domestic product (GDP);HF22;NPISH financing schemes;PT;Portugal;1993;1993;
A;Annual;PC_CHE;Percentual share of total current health expenditure (CHE);HF22;NPISH financing schemes;PT;Portugal;1993;1993;
A;Annual;MIO_EUR;Million euro;HF23;Enterprise financing schemes;PT;Portugal;1993;1993;
A;Annual;EUR_HAB;Euro per inhabitant;HF23;Enterprise financing schemes;PT;Portugal;1993;1993;
A;Annual;MIO_NAC;Million units of national currency;HF23;Enterprise financing schemes;PT;Portugal;1993;1993;
A;Annual;NAC_HAB;National currency per inhabitant;HF23;Enterprise financing schemes;PT;Portugal;1993;1993;
A;Annual;MIO_PPS;Million purchasing power standards (PPS);HF23;Enterprise financing schemes;PT;Portugal;1993;1993;0.0
A;Annual;PPS_HAB;Purchasing power standard (PPS) per inhabitant;HF23;Enterprise financing schemes;PT;Portugal;1993;1993;0.0
A;Annual;PC_GDP;Percentage of gross domestic product (GDP);HF23;Enterprise financing schemes;PT;Portugal;1993;1993;0.0
A;Annual;PC_CHE;Percentual share of total current health expenditure (CHE);HF23;Enterprise financing schemes;PT;Portugal;1993;1993;0.0
A;Annual;MIO_EUR;Million euro;HF3;Household out-of-pocket payment;PT;Portugal;1993;1993;0.0
A;Annual;EUR_HAB;Euro per inhabitant;HF3;Household out-of-pocket payment;PT;Portugal;1993;1993;
A;Annual;MIO_NAC;Million units of national currency;HF3;Household out-of-pocket payment;PT;Portugal;1993;1993;0.0
A;Annual;NAC_HAB;National currency per inhabitant;HF3;Household out-of-pocket payment;PT;Portugal;1993;1993;0.0
A;Annual;MIO_PPS;Million purchasing power standards (PPS);HF3;Household out-of-pocket payment;PT;Portugal;1993;1993;0.0
A;Annual;PPS_HAB;Purchasing power standard (PPS) per inhabitant;HF3;Household out-of-pocket payment;PT;Portugal;1993;1993;
A;Annual;PC_GDP;Percentage of gross domestic product (GDP);HF3;Household out-of-pocket payment;PT;Portugal;1993;1993;
A;Annual;PC_CHE;Percentual share of total current health expenditure (CHE);HF3;Household out-of-pocket payment;PT;Portugal;1993;1993;
A;Annual;MIO_EUR;Million euro;HF31;Out-of-pocket excluding cost-sharing;PT;Portugal;1993;1993;
A;Annual;EUR_HAB;Euro per inhabitant;HF31;Out-of-pocket excluding cost-sharing;PT;Portugal;1993;1993;
A;Annual;MIO_NAC;Million units of national currency;HF31;Out-of-pocket excluding cost-sharing;PT;Portugal;1993;1993;
A;Annual;NAC_HAB;National currency per inhabitant;HF31;Out-of-pocket excluding cost-sharing;PT;Portugal;1993;1993;
A;Annual;MIO_PPS;Million purchasing power standards (PPS);HF31;Out-of-pocket excluding cost-sharing;PT;Portugal;1993;1993;
A;Annual;PPS_HAB;Purchasing power standard (PPS) per inhabitant;HF31;Out-of-pocket excluding cost-sharing;PT;Portugal;1993;1993;
A;Annual;PC_GDP;Percentage of gross domestic product (GDP);HF31;Out-of-pocket excluding cost-sharing;PT;Portugal;1993;1993;
A;Annual;PC_CHE;Percentual share of total current health expenditure (CHE);HF31;Out-of-pocket excluding cost-sharing;PT;Portugal;1993;1993;
A;Annual;MIO_EUR;Million euro;HF32;Cost sharing with third-party payers;PT;Portugal;1993;1993;
A;Annual;EUR_HAB;Euro per inhabitant;HF32;Cost sharing with third-party payers;PT;Portugal;1993;1993;
A;Annual;MIO_NAC;Million units of national currency;HF32;Cost sharing with third-party payers;PT;Portugal;1993;1993;
A;Annual;NAC_HAB;National currency per inhabitant;HF32;Cost sharing with third-party payers;PT;Portugal;1993;1993;
A;Annual;MIO_PPS;Million purchasing power standards (PPS);HF32;Cost sharing with third-party payers;PT;Portugal;1993;1993;0.0
A;Annual;PPS_HAB;Purchasing power standard (PPS) per inhabitant;HF32;Cost sharing with third-party payers;PT;Portugal;1993;1993;
A;Annual;PC_GDP;Percentage of gross domestic product (GDP);HF32;Cost sharing with third-party payers;PT;Portugal;1993;1993;
A;Annual;PC_CHE;Percentual share of total current health expenditure (CHE);HF32;Cost sharing with third-party payers;PT;Portugal;1993;1993;0.0
A;Annual;MIO_EUR;Million euro;HF4;Rest of the world financing schemes (non-resident);PT;Portugal;1993;1993;0.0
A;Annual;EUR_HAB;Euro per inhabitant;HF4;Rest of the world financing schemes (non-resident);PT;Portugal;1993;1993;
A;Annual;MIO_NAC;Million units of national currency;HF4;Rest of the world financing schemes (non-resident);PT;Portugal;1993;1993;
A;Annual;NAC_HAB;National currency per inhabitant;HF4;Rest of the world financing schemes (non-resident);PT;Portugal;1993;1993;
A;Annual;MIO_PPS;Million purchasing power standards (PPS);HF4;Rest of the world financing schemes (non-resident);PT;Portugal;1993;1993;0.0
A;Annual;PPS_HAB;Purchasing power standard (PPS) per inhabitant;HF4;Rest of the world financing schemes (non-resident);PT;Portugal;1993;1993;0.0
A;Annual;PC_GDP;Percentage of gross domestic product (GDP);HF4;Rest of the world financing schemes (non-resident);PT;Portugal;1993;1993;0.0
A;Annual;PC_CHE;Percentual share of total current health expenditure (CHE);HF4;Rest of the world financing schemes (non-resident);PT;Portugal;1993;1993;0.0
A;Annual;MIO_EUR;Million euro;HF_UNK;Financing schemes unknown;PT;Portugal;1993;1993;0.0
A;Annual;EUR_HAB;Euro per inhabitant;HF_UNK;Financing schemes unknown;PT;Portugal;1993;1993;0.0
A;Annual;MIO_NAC;Million units of national currency;HF_UNK;Financing schemes unknown;PT;Portugal;1993;1993;0.0
A;Annual;NAC_HAB;National currency per inhabitant;HF_UNK;Financing schemes unknown;PT;Portugal;1993;1993;0.0
A;Annual;MIO_PPS;Million purchasing power standards (PPS);HF_UNK;Financing schemes unknown;PT;Portugal;1993;1993;0.0
A;Annual;PPS_HAB;Purchasing power standard (PPS) per inhabitant;HF_UNK;Financing schemes unknown;PT;Portugal;1993;1993;0.0
A;Annual;PC_GDP;Percentage of gross domestic product (GDP);HF_UNK;Financing schemes unknown;PT;Portugal;1993;1993;
A;Annual;PC_CHE;Percentual share of total current health expenditure (CHE);HF_UNK;Financing schemes unknown;PT;Portugal;1993;1993;
A;Annual;MIO_EUR;Million euro;TOT_HF;All financing schemes;PT;Portugal;1994;1994;21.66
A;Annual;EUR_HAB;Euro per inhabitant;TOT_HF;All financing schemes;PT;Portugal;1994;1994;22.3
A;Annual;MIO_NAC;Million units of national currency;TOT_HF;All financing schemes;PT;Portugal;1994;1994;27.07
A;Annual;NAC_HAB;National currency per inhabitant;TOT_HF;All financing schemes;PT;Portugal;1994;1994;26.95
A;Annual;MIO_PPS;Million purchasing power standards (PPS);TOT_HF;All financing schemes;PT;Portugal;1994;1994;29.28
A;Annual;PPS_HAB;Purchasing power standard (PPS) per inhabitant;TOT_HF;All financing schemes;PT;Portugal;1994;1994;30.74
A;Annual;PC_GDP;Percentage of gross domestic product (GDP);TOT_HF;All financing schemes;PT;Portugal;1994;1994;
A;Annual;PC_CHE;Percentual share of total current health expenditure (CHE);TOT_HF;All financing schemes;PT;Portugal;1994;1994;
A;Annual;MIO_EUR;Million euro;HF1;Government schemes and compulsory contributory health care financing schemes;PT;Portugal;1994;1994;
A;Annual;EUR_HAB;Euro per inhabitant;HF1;Government schemes and compulsory contributory health care financing schemes;PT;Portugal;1994;1994;
A;Annual;MIO_NAC;Million units of national currency;HF1;Government schemes and compulsory contributory health care financing schemes;PT;Portugal;1994;1994;
A;Annual;NAC_HAB;National currency per inhabitant;HF1;Government schemes and compulsory contributory health care financing schemes;PT;Portugal;1994;1994;
A;Annual;MIO_PPS;Million purchasing power standards (PPS);HF1;Government schemes and compulsory contributory health care financing schemes;PT;Portugal;1994;1994;
A;Annual;PPS_HAB;Purchasing power standard (PPS) per inhabitant;HF1;Government schemes and compulsory contributory health care financing schemes;PT;Portugal;1994;1994;
A;Annual;PC_GDP;Percentage of gross domestic product (GDP);HF1;Government schemes and compulsory contributory health care financing schemes;PT;Portugal;1994;1994;
A;Annual;PC_CHE;Percentual share of total current health expenditure (CHE);HF1;Government schemes and compulsory contributory health care financing schemes;PT;Portugal;1994;1994;
A;Annual;MIO_EUR;Million euro;HF11;Government schemes;PT;Portugal;1994;1994;
A;Annual;EUR_HAB;Euro per inhabitant;HF11;Government schemes;PT;Portugal;1994;1994;
A;Annual;MIO_NAC;Million units of national currency;HF11;Government schemes;PT;Portugal;1994;1994;
A;Annual;NAC_HAB;National currency per inhabitant;HF11;Government schemes;PT;Portugal;1994;1994;
A;Annual;MIO_PPS;Million purchasing power standards (PPS);HF11;Government schemes;PT;Portugal;1994;1994;
A;Annual;PPS_HAB;Purchasing power standard (PPS) per inhabitant;HF11;Government schemes;PT;Portugal;1994;1994;
A;Annual;PC_GDP;Percentage of gross domestic product (GDP);HF11;Government schemes;PT;Portugal;1994;1994;
A;Annual;PC_CHE;Percentual share of total current health expenditure (CHE);HF11;Government schemes;PT;Portugal;1994;1994;
A;Annual;MIO_EUR;Million euro;HF12_13;Compulsory contributory health insurance schemes and compulsory medical saving accounts (CMSA);PT;Portugal;1994;1994;
A;Annual;EUR_HAB;Euro per inhabitant;HF12_13;Compulsory contributory health insurance schemes and compulsory medical saving accounts (CMSA);PT;Portugal;1994;1994;313.24
A;Annual;MIO_NAC;Million units of national currency;HF12_13;Compulsory contributory health insurance schemes and compulsory medical saving accounts (CMSA);PT;Portugal;1994;1994;313.27
A;Annual;NAC_HAB;National currency per inhabitant;HF12_13;Compulsory contributory health insurance schemes and compulsory medical saving accounts (CMSA);PT;Portugal;1994;1994;316.95
A;Annual;MIO_PPS;Million purchasing power standards (PPS);HF12_13;Compulsory contributory health insurance schemes and compulsory medical saving accounts (CMSA);PT;Portugal;1994;1994;317.34
A;Annual;PPS_HAB;Purchasing power standard (PPS) per inhabitant;HF12_13;Compulsory contributory health insurance schemes and compulsory medical saving accounts (CMSA);PT;Portugal;1994;1994;320.88
A;Annual;PC_GDP;Percentage of gross domestic product (GDP);HF12_13;Compulsory contributory health insurance schemes and compulsory medical saving accounts (CMSA);PT;Portugal;1994;1994;338.13
A;Annual;PC_CHE;Percentual share of total current health expenditure (CHE);HF12_13;Compulsory contributory health insurance schemes and compulsory medical saving accounts (CMSA);PT;Portugal;1994;1994;353.21
A;Annual;MIO_EUR;Million euro;HF121;Social health insurance schemes;PT;Portugal;1994;1994;367.55
A;Annual;EUR_HAB;Euro per inhabitant;HF121;Social health insurance schemes;PT;Portugal;1994;1994;356.73
A;Annual;MIO_NAC;Million units of national currency;HF121;Social health insurance schemes;PT;Portugal;1994;1994;323.67
A;Annual;NAC_HAB;National currency per inhabitant;HF121;Social health insurance schemes;PT;Portugal;1994;1994;353.61
A;Annual;MIO_PPS;Million purchasing power standards (PPS);HF121;Social health insurance schemes;PT;Portugal;1994;1994;413.33
A;Annual;PPS_HAB;Purchasing power standard (PPS) per inhabitant;HF121;Social health insurance schemes;PT;Portugal;1994;1994;437.69
A;Annual;PC_GDP;Percentage of gross domestic product (GDP);HF121;Social health insurance schemes;PT;Portugal;1994;1994;
A;Annual;PC_CHE;Percentual share of total current health expenditure (CHE);HF121;Social health insurance schemes;PT;Portugal;1994;1994;
A;Annual;MIO_EUR;Million euro;HF122;Compulsory private insurance scheme;PT;Portugal;1994;1994;
A;Annual;EUR_HAB;Euro per inhabitant;HF122;Compulsory private insurance scheme;PT;Portugal;1994;1994;
A;Annual;MIO_NAC;Million units of national currency;HF122;Compulsory private insurance scheme;PT;Portugal;1994;1994;
A;Annual;NAC_HAB;National currency per inhabitant;HF122;Compulsory private insurance scheme;PT;Portugal;1994;1994;
A;Annual;MIO_PPS;Million purchasing power standards (PPS);HF122;Compulsory private insurance scheme;PT;Portugal;1994;1994;
A;Annual;PPS_HAB;Purchasing power standard (PPS) per inhabitant;HF122;Compulsory private insurance scheme;PT;Portugal;1994;1994;
A;Annual;PC_GDP;Percentage of gross domestic product (GDP);HF122;Compulsory private insurance scheme;PT;Portugal;1994;1994;
A;Annual;PC_CHE;Percentual share of total current health expenditure (CHE);HF122;Compulsory private insurance scheme;PT;Portugal;1994;1994;
A;Annual;MIO_EUR;Million euro;HF13;Compulsory medical savings accounts (CMSA);PT;Portugal;1994;1994;
A;Annual;EUR_HAB;Euro per inhabitant;HF13;Compulsory medical savings accounts (CMSA);PT;Portugal;1994;1994;
A;Annual;MIO_NAC;Million units of national currency;HF13;Compulsory medical savings accounts (CMSA);PT;Portugal;1994;1994;
A;Annual;NAC_HAB;National currency per inhabitant;HF13;Compulsory medical savings accounts (CMSA);PT;Portugal;1994;1994;
A;Annual;MIO_PPS;Million purchasing power standards (PPS);HF13;Compulsory medical savings accounts (CMSA);PT;Portugal;1994;1994;
A;Annual;PPS_HAB;Purchasing power standard (PPS) per inhabitant;HF13;Compulsory medical savings accounts (CMSA);PT;Portugal;1994;1994;
A;Annual;PC_GDP;Percentage of gross domestic product (GDP);HF13;Compulsory medical savings accounts (CMSA);PT;Portugal;1994;1994;
A;Annual;PC_CHE;Percentual share of total current health expenditure (CHE);HF13;Compulsory medical savings accounts (CMSA);PT;Portugal;1994;1994;
A;Annual;MIO_EUR;Million euro;HF2;Voluntary health care payment schemes;PT;Portugal;1994;1994;3.7
A;Annual;EUR_HAB;Euro per inhabitant;HF2;Voluntary health care payment schemes;PT;Portugal;1994;1994;3.7
A;Annual;MIO_NAC;Million units of national currency;HF2;Voluntary health care payment schemes;PT;Portugal;1994;1994;3.7
A;Annual;NAC_HAB;National currency per inhabitant;HF2;Voluntary health care payment schemes;PT;Portugal;1994;1994;3.51
A;Annual;MIO_PPS;Million purchasing power standards (PPS);HF2;Voluntary health care payment schemes;PT;Portugal;1994;1994;3.51
A;Annual;PPS_HAB;Purchasing power standard (PPS) per inhabitant;HF2;Voluntary health care payment schemes;PT;Portugal;1994;1994;3.27
A;Annual;PC_GDP;Percentage of gross domestic product (GDP);HF2;Voluntary health care payment schemes;PT;Portugal;1994;1994;18.0
A;Annual;PC_CHE;Percentual share of total current health expenditure (CHE);HF2;Voluntary health care payment schemes;PT;Portugal;1994;1994;20.0
A;Annual;MIO_EUR;Million euro;HF21;Voluntary health insurance schemes;PT;Portugal;1994;1994;22.4
A;Annual;EUR_HAB;Euro per inhabitant;HF21;Voluntary health insurance schemes;PT;Portugal;1994;1994;22.4
A;Annual;MIO_NAC;Million units of national currency;HF21;Voluntary health insurance schemes;PT;Portugal;1994;1994;22.4
A;Annual;NAC_HAB;National currency per inhabitant;HF21;Voluntary health insurance schemes;PT;Portugal;1994;1994;22.4
A;Annual;MIO_PPS;Million purchasing power standards (PPS);HF21;Voluntary health insurance schemes;PT;Portugal;1994;1994;22.4
A;Annual;PPS_HAB;Purchasing power standard (PPS) per inhabitant;HF21;Voluntary health insurance schemes;PT;Portugal;1994;1994;21.8
A;Annual;PC_GDP;Percentage of gross domestic product (GDP);HF21;Voluntary health insurance schemes;PT;Portugal;1994;1994;23.14
A;Annual;PC_CHE;Percentual share of total current health expenditure (CHE);HF21;Voluntary health insurance schemes;PT;Portugal;1994;1994;
A;Annual;MIO_EUR;Million euro;HF22;NPISH financing schemes;PT;Portugal;1994;1994;
A;Annual;EUR_HAB;Euro per inhabitant;HF22;NPISH financing schemes;PT;Portugal;1994;1994;
A;Annual;MIO_NAC;Million units of national currency;HF22;NPISH financing schemes;PT;Portugal;1994;1994;
A;Annual;NAC_HAB;National currency per inhabitant;HF22;NPISH financing schemes;PT;Portugal;1994;1994;
A;Annual;MIO_PPS;Million purchasing power standards (PPS);HF22;NPISH financing schemes;PT;Portugal;1994;1994;
A;Annual;PPS_HAB;Purchasing power standard (PPS) per inhabitant;HF22;NPISH financing schemes;PT;Portugal;1994;1994;
A;Annual;PC_GDP;Percentage of gross domestic product (GDP);HF22;NPISH financing schemes;PT;Portugal;1994;1994;
A;Annual;PC_CHE;Percentual share of total current health expenditure (CHE);HF22;NPISH financing schemes;PT;Portugal;1994;1994;
A;Annual;MIO_EUR;Million euro;HF23;Enterprise financing schemes;PT;Portugal;1994;1994;
A;Annual;EUR_HAB;Euro per inhabitant;HF23;Enterprise financing schemes;PT;Portugal;1994;1994;
A;Annual;MIO_NAC;Million units of national currency;HF23;Enterprise financing schemes;PT;Portugal;1994;1994;
A;Annual;NAC_HAB;National currency per inhabitant;HF23;Enterprise financing schemes;PT;Portugal;1994;1994;
A;Annual;MIO_PPS;Million purchasing power standards (PPS);HF23;Enterprise financing schemes;PT;Portugal;1994;1994;
A;Annual;PPS_HAB;Purchasing power standard (PPS) per inhabitant;HF23;Enterprise financing schemes;PT;Portugal;1994;1994;
A;Annual;PC_GDP;Percentage of gross domestic product (GDP);HF23;Enterprise financing schemes;PT;Portugal;1994;1994;
A;Annual;PC_CHE;Percentual share of total current health expenditure (CHE);HF23;Enterprise financing schemes;PT;Portugal;1994;1994;
A;Annual;MIO_EUR;Million euro;HF3;Household out-of-pocket payment;PT;Portugal;1994;1994;
A;Annual;EUR_HAB;Euro per inhabitant;HF3;Household out-of-pocket payment;PT;Portugal;1994;1994;
A;Annual;MIO_NAC;Million units of national currency;HF3;Household out-of-pocket payment;PT;Portugal;1994;1994;
A;Annual;NAC_HAB;National currency per inhabitant;HF3;Household out-of-pocket payment;PT;Portugal;1994;1994;
A;Annual;MIO_PPS;Million purchasing power standards (PPS);HF3;Household out-of-pocket payment;PT;Portugal;1994;1994;
A;Annual;PPS_HAB;Purchasing power standard (PPS) per inhabitant;HF3;Household out-of-pocket payment;PT;Portugal;1994;1994;
A;Annual;PC_GDP;Percentage of gross domestic product (GDP);HF3;Household out-of-pocket payment;PT;Portugal;1994;1994;
A;Annual;PC_CHE;Percentual share of total current health expenditure (CHE);HF3;Household out-of-pocket payment;PT;Portugal;1994;1994;
A;Annual;MIO_EUR;Million euro;HF31;Out-of-pocket excluding cost-sharing;PT;Portugal;1994;1994;
A;Annual;EUR_HAB;Euro per inhabitant;HF31;Out-of-pocket excluding cost-sharing;PT;Portugal;1994;1994;
A;Annual;MIO_NAC;Million units of national currency;HF31;Out-of-pocket excluding cost-sharing;PT;Portugal;1994;1994;
A;Annual;NAC_HAB;National currency per inhabitant;HF31;Out-of-pocket excluding cost-sharing;PT;Portugal;1994;1994;
A;Annual;MIO_PPS;Million purchasing power standards (PPS);HF31;Out-of-pocket excluding cost-sharing;PT;Portugal;1994;1994;
A;Annual;PPS_HAB;Purchasing power standard (PPS) per inhabitant;HF31;Out-of-pocket excluding cost-sharing;PT;Portugal;1994;1994;
A;Annual;PC_GDP;Percentage of gross domestic product (GDP);HF31;Out-of-pocket excluding cost-sharing;PT;Portugal;1994;1994;
A;Annual;PC_CHE;Percentual share of total current health expenditure (CHE);HF31;Out-of-pocket excluding cost-sharing;PT;Portugal;1994;1994;
A;Annual;MIO_EUR;Million euro;HF32;Cost sharing with third-party payers;PT;Portugal;1994;1994;
A;Annual;EUR_HAB;Euro per inhabitant;HF32;Cost sharing with third-party payers;PT;Portugal;1994;1994;
A;Annual;MIO_NAC;Million units of national currency;HF32;Cost sharing with third-party payers;PT;Portugal;1994;1994;
A;Annual;NAC_HAB;National currency per inhabitant;HF32;Cost sharing with third-party payers;PT;Portugal;1994;1994;
A;Annual;MIO_PPS;Million purchasing power standards (PPS);HF32;Cost sharing with third-party payers;PT;Portugal;1994;1994;
A;Annual;PPS_HAB;Purchasing power standard (PPS) per inhabitant;HF32;Cost sharing with third-party payers;PT;Portugal;1994;1994;
A;Annual;PC_GDP;Percentage of gross domestic product (GDP);HF32;Cost sharing with third-party payers;PT;Portugal;1994;1994;
A;Annual;PC_CHE;Percentual share of total current health expenditure (CHE);HF32;Cost sharing with third-party payers;PT;Portugal;1994;1994;
A;Annual;MIO_EUR;Million euro;HF4;Rest of the world financing schemes (non-resident);PT;Portugal;1994;1994;
A;Annual;EUR_HAB;Euro per inhabitant;HF4;Rest of the world financing schemes (non-resident);PT;Portugal;1994;1994;
A;Annual;MIO_NAC;Million units of national currency;HF4;Rest of the world financing schemes (non-resident);PT;Portugal;1994;1994;
A;Annual;NAC_HAB;National currency per inhabitant;HF4;Rest of the world financing schemes (non-resident);PT;Portugal;1994;1994;
A;Annual;MIO_PPS;Million purchasing power standards (PPS);HF4;Rest of the world financing schemes (non-resident);PT;Portugal;1994;1994;
A;Annual;PPS_HAB;Purchasing power standard (PPS) per inhabitant;HF4;Rest of the world financing schemes (non-resident);PT;Portugal;1994;1994;
A;Annual;PC_GDP;Percentage of gross domestic product (GDP);HF4;Rest of the world financing schemes (non-resident);PT;Portugal;1994;1994;
A;Annual;PC_CHE;Percentual share of total current health expenditure (CHE);HF4;Rest of the world financing schemes (non-resident);PT;Portugal;1994;1994;1315.57
A;Annual;MIO_EUR;Million euro;HF_UNK;Financing schemes unknown;PT;Portugal;1994;1994;1356.12
A;Annual;EUR_HAB;Euro per inhabitant;HF_UNK;Financing schemes unknown;PT;Portugal;1994;1994;1417.9
A;Annual;MIO_NAC;Million units of national currency;HF_UNK;Financing schemes unknown;PT;Portugal;1994;1994;1462.46
A;Annual;NAC_HAB;National currency per inhabitant;HF_UNK;Financing schemes unknown;PT;Portugal;1994;1994;1454.96
A;Annual;MIO_PPS;Million purchasing power standards (PPS);HF_UNK;Financing schemes unknown;PT;Portugal;1994;1994;1485.17
A;Annual;PPS_HAB;Purchasing power standard (PPS) per inhabitant;HF_UNK;Financing schemes unknown;PT;Portugal;1994;1994;1473.82
A;Annual;PC_GDP;Percentage of gross domestic product (GDP);HF_UNK;Financing schemes unknown;PT;Portugal;1994;1994;1771.57
A;Annual;PC_CHE;Percentual share of total current health expenditure (CHE);HF_UNK;Financing schemes unknown;PT;Portugal;1994;1994;1789.2
A;Annual;MIO_EUR;Million euro;TOT_HF;All financing schemes;PT;Portugal;1995;1995;0.0
A;Annual;EUR_HAB;Euro per inhabitant;TOT_HF;All financing schemes;PT;Portugal;1995;1995;0.0
A;Annual;MIO_NAC;Million units of national currency;TOT_HF;All financing schemes;PT;Portugal;1995;1995;0.0
A;Annual;NAC_HAB;National currency per inhabitant;TOT_HF;All financing schemes;PT;Portugal;1995;1995;0.0
A;Annual;MIO_PPS;Million purchasing power standards (PPS);TOT_HF;All financing schemes;PT;Portugal;1995;1995;0.0
A;Annual;PPS_HAB;Purchasing power standard (PPS) per inhabitant;TOT_HF;All financing schemes;PT;Portugal;1995;1995;0.0
A;Annual;PC_GDP;Percentage of gross domestic product (GDP);TOT_HF;All financing schemes;PT;Portugal;1995;1995;0.0
A;Annual;PC_CHE;Percentual share of total current health expenditure (CHE);TOT_HF;All financing schemes;PT;Portugal;1995;1995;0.0
A;Annual;MIO_EUR;Million euro;HF1;Government schemes and compulsory contributory health care financing schemes;PT;Portugal;1995;1995;0.0
A;Annual;EUR_HAB;Euro per inhabitant;HF1;Government schemes and compulsory contributory health care financing schemes;PT;Portugal;1995;1995;0.0
A;Annual;MIO_NAC;Million units of national currency;HF1;Government schemes and compulsory contributory health care financing schemes;PT;Portugal;1995;1995;0.0
A;Annual;NAC_HAB;National currency per inhabitant;HF1;Government schemes and compulsory contributory health care financing schemes;PT;Portugal;1995;1995;0.0
A;Annual;MIO_PPS;Million purchasing power standards (PPS);HF1;Government schemes and compulsory contributory health care financing schemes;PT;Portugal;1995;1995;0.0
A;Annual;PPS_HAB;Purchasing power standard (PPS) per inhabitant;HF1;Government schemes and compulsory contributory health care financing schemes;PT;Portugal;1995;1995;0.0
A;Annual;PC_GDP;Percentage of gross domestic product (GDP);HF1;Government schemes and compulsory contributory health care financing schemes;PT;Portugal;1995;1995;0.0
A;Annual;PC_CHE;Percentual share of total current health expenditure (CHE);HF1;Government schemes and compulsory contributory health care financing schemes;PT;Portugal;1995;1995;0.0
A;Annual;MIO_EUR;Million euro;HF11;Government schemes;PT;Portugal;1995;1995;
A;Annual;EUR_HAB;Euro per inhabitant;HF11;Government schemes;PT;Portugal;1995;1995;
A;Annual;MIO_NAC;Million units of national currency;HF11;Government schemes;PT;Portugal;1995;1995;
A;Annual;NAC_HAB;National currency per inhabitant;HF11;Government schemes;PT;Portugal;1995;1995;
A;Annual;MIO_PPS;Million purchasing power standards (PPS);HF11;Government schemes;PT;Portugal;1995;1995;
A;Annual;PPS_HAB;Purchasing power standard (PPS) per inhabitant;HF11;Government schemes;PT;Portugal;1995;1995;
A;Annual;PC_GDP;Percentage of gross domestic product (GDP);HF11;Government schemes;PT;Portugal;1995;1995;
A;Annual;PC_CHE;Percentual share of total current health expenditure (CHE);HF11;Government schemes;PT;Portugal;1995;1995;
A;Annual;MIO_EUR;Million euro;HF12_13;Compulsory contributory health insurance schemes and compulsory medical saving accounts (CMSA);PT;Portugal;1995;1995;
A;Annual;EUR_HAB;Euro per inhabitant;HF12_13;Compulsory contributory health insurance schemes and compulsory medical saving accounts (CMSA);PT;Portugal;1995;1995;
A;Annual;MIO_NAC;Million units of national currency;HF12_13;Compulsory contributory health insurance schemes and compulsory medical saving accounts (CMSA);PT;Portugal;1995;1995;
A;Annual;NAC_HAB;National currency per inhabitant;HF12_13;Compulsory contributory health insurance schemes and compulsory medical saving accounts (CMSA);PT;Portugal;1995;1995;
A;Annual;MIO_PPS;Million purchasing power standards (PPS);HF12_13;Compulsory contributory health insurance schemes and compulsory medical saving accounts (CMSA);PT;Portugal;1995;1995;
A;Annual;PPS_HAB;Purchasing power standard (PPS) per inhabitant;HF12_13;Compulsory contributory health insurance schemes and compulsory medical saving accounts (CMSA);PT;Portugal;1995;1995;
A;Annual;PC_GDP;Percentage of gross domestic product (GDP);HF12_13;Compulsory contributory health insurance schemes and compulsory medical saving accounts (CMSA);PT;Portugal;1995;1995;
A;Annual;PC_CHE;Percentual share of total current health expenditure (CHE);HF12_13;Compulsory contributory health insurance schemes and compulsory medical saving accounts (CMSA);PT;Portugal;1995;1995;
A;Annual;MIO_EUR;Million euro;HF121;Social health insurance schemes;PT;Portugal;1995;1995;
A;Annual;EUR_HAB;Euro per inhabitant;HF121;Social health insurance schemes;PT;Portugal;1995;1995;
A;Annual;MIO_NAC;Million units of national currency;HF121;Social health insurance schemes;PT;Portugal;1995;1995;
A;Annual;NAC_HAB;National currency per inhabitant;HF121;Social health insurance schemes;PT;Portugal;1995;1995;
A;Annual;MIO_PPS;Million purchasing power standards (PPS);HF121;Social health insurance schemes;PT;Portugal;1995;1995;
A;Annual;PPS_HAB;Purchasing power standard (PPS) per inhabitant;HF121;Social health insurance schemes;PT;Portugal;1995;1995;
A;Annual;PC_GDP;Percentage of gross domestic product (GDP);HF121;Social health insurance schemes;PT;Portugal;1995;1995;0.0
A;Annual;PC_CHE;Percentual share of total current health expenditure (CHE);HF121;Social health insurance schemes;PT;Portugal;1995;1995;0.0
A;Annual;MIO_EUR;Million euro;HF122;Compulsory private insurance scheme;PT;Portugal;1995;1995;0.0
A;Annual;EUR_HAB;Euro per inhabitant;HF122;Compulsory private insurance scheme;PT;Portugal;1995;1995;0.0
A;Annual;MIO_NAC;Million units of national currency;HF122;Compulsory private insurance scheme;PT;Portugal;1995;1995;0.0
A;Annual;NAC_HAB;National currency per inhabitant;HF122;Compulsory private insurance scheme;PT;Portugal;1995;1995;0.0
A;Annual;MIO_PPS;Million purchasing power standards (PPS);HF122;Compulsory private insurance scheme;PT;Portugal;1995;1995;0.0
A;Annual;PPS_HAB;Purchasing power standard (PPS) per inhabitant;HF122;Compulsory private insurance scheme;PT;Portugal;1995;1995;0.0
A;Annual;PC_GDP;Percentage of gross domestic product (GDP);HF122;Compulsory private insurance scheme;PT;Portugal;1995;1995;0.0
A;Annual;PC_CHE;Percentual share of total current health expenditure (CHE);HF122;Compulsory private insurance scheme;PT;Portugal;1995;1995;0.0
A;Annual;MIO_EUR;Million euro;HF13;Compulsory medical savings accounts (CMSA);PT;Portugal;1995;1995;0.0
A;Annual;EUR_HAB;Euro per inhabitant;HF13;Compulsory medical savings accounts (CMSA);PT;Portugal;1995;1995;
A;Annual;MIO_NAC;Million units of national currency;HF13;Compulsory medical savings accounts (CMSA);PT;Portugal;1995;1995;
A;Annual;NAC_HAB;National currency per inhabitant;HF13;Compulsory medical savings accounts (CMSA);PT;Portugal;1995;1995;
A;Annual;MIO_PPS;Million purchasing power standards (PPS);HF13;Compulsory medical savings accounts (CMSA);PT;Portugal;1995;1995;
A;Annual;PPS_HAB;Purchasing power standard (PPS) per inhabitant;HF13;Compulsory medical savings accounts (CMSA);PT;Portugal;1995;1995;
A;Annual;PC_GDP;Percentage of gross domestic product (GDP);HF13;Compulsory medical savings accounts (CMSA);PT;Portugal;1995;1995;
A;Annual;PC_CHE;Percentual share of total current health expenditure (CHE);HF13;Compulsory medical savings accounts (CMSA);PT;Portugal;1995;1995;
A;Annual;MIO_EUR;Million euro;HF2;Voluntary health care payment schemes;PT;Portugal;1995;1995;
A;Annual;EUR_HAB;Euro per inhabitant;HF2;Voluntary health care payment schemes;PT;Portugal;1995;1995;
A;Annual;MIO_NAC;Million units of national currency;HF2;Voluntary health care payment schemes;PT;Portugal;1995;1995;
A;Annual;NAC_HAB;National currency per inhabitant;HF2;Voluntary health care payment schemes;PT;Portugal;1995;1995;
A;Annual;MIO_PPS;Million purchasing power standards (PPS);HF2;Voluntary health care payment schemes;PT;Portugal;1995;1995;
A;Annual;PPS_HAB;Purchasing power standard (PPS) per inhabitant;HF2;Voluntary health care payment schemes;PT;Portugal;1995;1995;
A;Annual;PC_GDP;Percentage of gross domestic product (GDP);HF2;Voluntary health care payment schemes;PT;Portugal;1995;1995;
A;Annual;PC_CHE;Percentual share of total current health expenditure (CHE);HF2;Voluntary health care payment schemes;PT;Portugal;1995;1995;
A;Annual;MIO_EUR;Million euro;HF21;Voluntary health insurance schemes;PT;Portugal;1995;1995;
A;Annual;EUR_HAB;Euro per inhabitant;HF21;Voluntary health insurance schemes;PT;Portugal;1995;1995;
A;Annual;MIO_NAC;Million units of national currency;HF21;Voluntary health insurance schemes;PT;Portugal;1995;1995;
A;Annual;NAC_HAB;National currency per inhabitant;HF21;Voluntary health insurance schemes;PT;Portugal;1995;1995;
A;Annual;MIO_PPS;Million purchasing power standards (PPS);HF21;Voluntary health insurance schemes;PT;Portugal;1995;1995;
A;Annual;PPS_HAB;Purchasing power standard (PPS) per inhabitant;HF21;Voluntary health insurance schemes;PT;Portugal;1995;1995;
A;Annual;PC_GDP;Percentage of gross domestic product (GDP);HF21;Voluntary health insurance schemes;PT;Portugal;1995;1995;
A;Annual;PC_CHE;Percentual share of total current health expenditure (CHE);HF21;Voluntary health insurance schemes;PT;Portugal;1995;1995;
A;Annual;MIO_EUR;Million euro;HF22;NPISH financing schemes;PT;Portugal;1995;1995;
A;Annual;EUR_HAB;Euro per inhabitant;HF22;NPISH financing schemes;PT;Portugal;1995;1995;
A;Annual;MIO_NAC;Million units of national currency;HF22;NPISH financing schemes;PT;Portugal;1995;1995;
A;Annual;NAC_HAB;National currency per inhabitant;HF22;NPISH financing schemes;PT;Portugal;1995;1995;
A;Annual;MIO_PPS;Million purchasing power standards (PPS);HF22;NPISH financing schemes;PT;Portugal;1995;1995;
A;Annual;PPS_HAB;Purchasing power standard (PPS) per inhabitant;HF22;NPISH financing schemes;PT;Portugal;1995;1995;
A;Annual;PC_GDP;Percentage of gross domestic product (GDP);HF22;NPISH financing schemes;PT;Portugal;1995;1995;
A;Annual;PC_CHE;Percentual share of total current health expenditure (CHE);HF22;NPISH financing schemes;PT;Portugal;1995;1995;
A;Annual;MIO_EUR;Million euro;HF23;Enterprise financing schemes;PT;Portugal;1995;1995;
A;Annual;EUR_HAB;Euro per inhabitant;HF23;Enterprise financing schemes;PT;Portugal;1995;1995;
A;Annual;MIO_NAC;Million units of national currency;HF23;Enterprise financing schemes;PT;Portugal;1995;1995;
A;Annual;NAC_HAB;National currency per inhabitant;HF23;Enterprise financing schemes;PT;Portugal;1995;1995;
A;Annual;MIO_PPS;Million purchasing power standards (PPS);HF23;Enterprise financing schemes;PT;Portugal;1995;1995;
A;Annual;PPS_HAB;Purchasing power standard (PPS) per inhabitant;HF23;Enterprise financing schemes;PT;Portugal;1995;1995;
A;Annual;PC_GDP;Percentage of gross domestic product (GDP);HF23;Enterprise financing schemes;PT;Portugal;1995;1995;
A;Annual;PC_CHE;Percentual share of total current health expenditure (CHE);HF23;Enterprise financing schemes;PT;Portugal;1995;1995;
A;Annual;MIO_EUR;Million euro;HF3;Household out-of-pocket payment;PT;Portugal;1995;1995;
A;Annual;EUR_HAB;Euro per inhabitant;HF3;Household out-of-pocket payment;PT;Portugal;1995;1995;
A;Annual;MIO_NAC;Million units of national currency;HF3;Household out-of-pocket payment;PT;Portugal;1995;1995;
A;Annual;NAC_HAB;National currency per inhabitant;HF3;Household out-of-pocket payment;PT;Portugal;1995;1995;
A;Annual;MIO_PPS;Million purchasing power standards (PPS);HF3;Household out-of-pocket payment;PT;Portugal;1995;1995;
A;Annual;PPS_HAB;Purchasing power standard (PPS) per inhabitant;HF3;Household out-of-pocket payment;PT;Portugal;1995;1995;
A;Annual;PC_GDP;Percentage of gross domestic product (GDP);HF3;Household out-of-pocket payment;PT;Portugal;1995;1995;
A;Annual;PC_CHE;Percentual share of total current health expenditure (CHE);HF3;Household out-of-pocket payment;PT;Portugal;1995;1995;
A;Annual;MIO_EUR;Million euro;HF31;Out-of-pocket excluding cost-sharing;PT;Portugal;1995;1995;
A;Annual;EUR_HAB;Euro per inhabitant;HF31;Out-of-pocket excluding cost-sharing;PT;Portugal;1995;1995;
A;Annual;MIO_NAC;Million units of national currency;HF31;Out-of-pocket excluding cost-sharing;PT;Portugal;1995;1995;
A;Annual;NAC_HAB;National currency per inhabitant;HF31;Out-of-pocket excluding cost-sharing;PT;Portugal;1995;1995;
A;Annual;MIO_PPS;Million purchasing power standards (PPS);HF31;Out-of-pocket excluding cost-sharing;PT;Portugal;1995;1995;
A;Annual;PPS_HAB;Purchasing power standard (PPS) per inhabitant;HF31;Out-of-pocket excluding cost-sharing;PT;Portugal;1995;1995;0.0
A;Annual;PC_GDP;Percentage of gross domestic product (GDP);HF31;Out-of-pocket excluding cost-sharing;PT;Portugal;1995;1995;0.0
A;Annual;PC_CHE;Percentual share of total current health expenditure (CHE);HF31;Out-of-pocket excluding cost-sharing;PT;Portugal;1995;1995;0.0
A;Annual;MIO_EUR;Million euro;HF32;Cost sharing with third-party payers;PT;Portugal;1995;1995;0.0
A;Annual;EUR_HAB;Euro per inhabitant;HF32;Cost sharing with third-party payers;PT;Portugal;1995;1995;0.0
A;Annual;MIO_NAC;Million units of national currency;HF32;Cost sharing with third-party payers;PT;Portugal;1995;1995;0.0
A;Annual;NAC_HAB;National currency per inhabitant;HF32;Cost sharing with third-party payers;PT;Portugal;1995;1995;0.0
A;Annual;MIO_PPS;Million purchasing power standards (PPS);HF32;Cost sharing with third-party payers;PT;Portugal;1995;1995;0.0
A;Annual;PPS_HAB;Purchasing power standard (PPS) per inhabitant;HF32;Cost sharing with third-party payers;PT;Portugal;1995;1995;0.0
A;Annual;PC_GDP;Percentage of gross domestic product (GDP);HF32;Cost sharing with third-party payers;PT;Portugal;1995;1995;0.0
A;Annual;PC_CHE;Percentual share of total current health expenditure (CHE);HF32;Cost sharing with third-party payers;PT;Portugal;1995;1995;0.0
A;Annual;MIO_EUR;Million euro;HF4;Rest of the world financing schemes (non-resident);PT;Portugal;1995;1995;0.0
A;Annual;EUR_HAB;Euro per inhabitant;HF4;Rest of the world financing schemes (non-resident);PT;Portugal;1995;1995;0.0
A;Annual;MIO_NAC;Million units of national currency;HF4;Rest of the world financing schemes (non-resident);PT;Portugal;1995;1995;0.0
A;Annual;NAC_HAB;National currency per inhabitant;HF4;Rest of the world financing schemes (non-resident);PT;Portugal;1995;1995;0.0
A;Annual;MIO_PPS;Million purchasing power standards (PPS);HF4;Rest of the world financing schemes (non-resident);PT;Portugal;1995;1995;0.0
A;Annual;PPS_HAB;Purchasing power standard (PPS) per inhabitant;HF4;Rest of the world financing schemes (non-resident);PT;Portugal;1995;1995;0.0
A;Annual;PC_GDP;Percentage of gross domestic product (GDP);HF4;Rest of the world financing schemes (non-resident);PT;Portugal;1995;1995;0.0
A;Annual;PC_CHE;Percentual share of total current health expenditure (CHE);HF4;Rest of the world financing schemes (non-resident);PT;Portugal;1995;1995;0.0
A;Annual;MIO_EUR;Million euro;HF_UNK;Financing schemes unknown;PT;Portugal;1995;1995;0.0
A;Annual;EUR_HAB;Euro per inhabitant;HF_UNK;Financing schemes unknown;PT;Portugal;1995;1995;0.0
A;Annual;MIO_NAC;Million units of national currency;HF_UNK;Financing schemes unknown;PT;Portugal;1995;1995;0.0
A;Annual;NAC_HAB;National currency per inhabitant;HF_UNK;Financing schemes unknown;PT;Portugal;1995;1995;0.0
A;Annual;MIO_PPS;Million purchasing power standards (PPS);HF_UNK;Financing schemes unknown;PT;Portugal;1995;1995;0.0
A;Annual;PPS_HAB;Purchasing power standard (PPS) per inhabitant;HF_UNK;Financing schemes unknown;PT;Portugal;1995;1995;0.0
A;Annual;PC_GDP;Percentage of gross domestic product (GDP);HF_UNK;Financing schemes unknown;PT;Portugal;1995;1995;0.0
A;Annual;PC_CHE;Percentual share of total current health expenditure (CHE);HF_UNK;Financing schemes unknown;PT;Portugal;1995;1995;0.0
A;Annual;MIO_EUR;Million euro;TOT_HF;All financing schemes;PT;Portugal;1996;1996;
A;Annual;EUR_HAB;Euro per inhabitant;TOT_HF;All financing schemes;PT;Portugal;1996;1996;
A;Annual;MIO_NAC;Million units of national currency;TOT_HF;All financing schemes;PT;Portugal;1996;1996;
A;Annual;NAC_HAB;National currency per inhabitant;TOT_HF;All financing schemes;PT;Portugal;1996;1996;
A;Annual;MIO_PPS;Million purchasing power standards (PPS);TOT_HF;All financing schemes;PT;Portugal;1996;1996;
A;Annual;PPS_HAB;Purchasing power standard (PPS) per inhabitant;TOT_HF;All financing schemes;PT;Portugal;1996;1996;
A;Annual;PC_GDP;Percentage of gross domestic product (GDP);TOT_HF;All financing schemes;PT;Portugal;1996;1996;
A;Annual;PC_CHE;Percentual share of total current health expenditure (CHE);TOT_HF;All financing schemes;PT;Portugal;1996;1996;
A;Annual;MIO_EUR;Million euro;HF1;Government schemes and compulsory contributory health care financing schemes;PT;Portugal;1996;1996;
A;Annual;EUR_HAB;Euro per inhabitant;HF1;Government schemes and compulsory contributory health care financing schemes;PT;Portugal;1996;1996;
A;Annual;MIO_NAC;Million units of national currency;HF1;Government schemes and compulsory contributory health care financing schemes;PT;Portugal;1996;1996;
A;Annual;NAC_HAB;National currency per inhabitant;HF1;Government schemes and compulsory contributory health care financing schemes;PT;Portugal;1996;1996;
A;Annual;MIO_PPS;Million purchasing power standards (PPS);HF1;Government schemes and compulsory contributory health care financing schemes;PT;Portugal;1996;1996;
A;Annual;PPS_HAB;Purchasing power standard (PPS) per inhabitant;HF1;Government schemes and compulsory contributory health care financing schemes;PT;Portugal;1996;1996;
A;Annual;PC_GDP;Percentage of gross domestic product (GDP);HF1;Government schemes and compulsory contributory health care financing schemes;PT;Portugal;1996;1996;
A;Annual;PC_CHE;Percentual share of total current health expenditure (CHE);HF1;Government schemes and compulsory contributory health care financing schemes;PT;Portugal;1996;1996;
A;Annual;MIO_EUR;Million euro;HF11;Government schemes;PT;Portugal;1996;1996;
A;Annual;EUR_HAB;Euro per inhabitant;HF11;Government schemes;PT;Portugal;1996;1996;
A;Annual;MIO_NAC;Million units of national currency;HF11;Government schemes;PT;Portugal;1996;1996;
A;Annual;NAC_HAB;National currency per inhabitant;HF11;Government schemes;PT;Portugal;1996;1996;
A;Annual;MIO_PPS;Million purchasing power standards (PPS);HF11;Government schemes;PT;Portugal;1996;1996;
A;Annual;PPS_HAB;Purchasing power standard (PPS) per inhabitant;HF11;Government schemes;PT;Portugal;1996;1996;
A;Annual;PC_GDP;Percentage of gross domestic product (GDP);HF11;Government schemes;PT;Portugal;1996;1996;
A;Annual;PC_CHE;Percentual share of total current health expenditure (CHE);HF11;Government schemes;PT;Portugal;1996;1996;
A;Annual;MIO_EUR;Million euro;HF12_13;Compulsory contributory health insurance schemes and compulsory medical saving accounts (CMSA);PT;Portugal;1996;1996;
A;Annual;EUR_HAB;Euro per inhabitant;HF12_13;Compulsory contributory health insurance schemes and compulsory medical saving accounts (CMSA);PT;Portugal;1996;1996;
A;Annual;MIO_NAC;Million units of national currency;HF12_13;Compulsory contributory health insurance schemes and compulsory medical saving accounts (CMSA);PT;Portugal;1996;1996;
A;Annual;NAC_HAB;National currency per inhabitant;HF12_13;Compulsory contributory health insurance schemes and compulsory medical saving accounts (CMSA);PT;Portugal;1996;1996;
A;Annual;MIO_PPS;Million purchasing power standards (PPS);HF12_13;Compulsory contributory health insurance schemes and compulsory medical saving accounts (CMSA);PT;Portugal;1996;1996;
A;Annual;PPS_HAB;Purchasing power standard (PPS) per inhabitant;HF12_13;Compulsory contributory health insurance schemes and compulsory medical saving accounts (CMSA);PT;Portugal;1996;1996;
A;Annual;PC_GDP;Percentage of gross domestic product (GDP);HF12_13;Compulsory contributory health insurance schemes and compulsory medical saving accounts (CMSA);PT;Portugal;1996;1996;
A;Annual;PC_CHE;Percentual share of total current health expenditure (CHE);HF12_13;Compulsory contributory health insurance schemes and compulsory medical saving accounts (CMSA);PT;Portugal;1996;1996;
A;Annual;MIO_EUR;Million euro;HF121;Social health insurance schemes;PT;Portugal;1996;1996;
A;Annual;EUR_HAB;Euro per inhabitant;HF121;Social health insurance schemes;PT;Portugal;1996;1996;
A;Annual;MIO_NAC;Million units of national currency;HF121;Social health insurance schemes;PT;Portugal;1996;1996;
A;Annual;NAC_HAB;National currency per inhabitant;HF121;Social health insurance schemes;PT;Portugal;1996;1996;
A;Annual;MIO_PPS;Million purchasing power standards (PPS);HF121;Social health insurance schemes;PT;Portugal;1996;1996;
A;Annual;PPS_HAB;Purchasing power standard (PPS) per inhabitant;HF121;Social health insurance schemes;PT;Portugal;1996;1996;
A;Annual;PC_GDP;Percentage of gross domestic product (GDP);HF121;Social health insurance schemes;PT;Portugal;1996;1996;
A;Annual;PC_CHE;Percentual share of total current health expenditure (CHE);HF121;Social health insurance schemes;PT;Portugal;1996;1996;
A;Annual;MIO_EUR;Million euro;HF122;Compulsory private insurance scheme;PT;Portugal;1996;1996;
A;Annual;EUR_HAB;Euro per inhabitant;HF122;Compulsory private insurance scheme;PT;Portugal;1996;1996;
A;Annual;MIO_NAC;Million units of national currency;HF122;Compulsory private insurance scheme;PT;Portugal;1996;1996;
A;Annual;NAC_HAB;National currency per inhabitant;HF122;Compulsory private insurance scheme;PT;Portugal;1996;1996;
A;Annual;MIO_PPS;Million purchasing power standards (PPS);HF122;Compulsory private insurance scheme;PT;Portugal;1996;1996;
A;Annual;PPS_HAB;Purchasing power standard (PPS) per inhabitant;HF122;Compulsory private insurance scheme;PT;Portugal;1996;1996;
A;Annual;PC_GDP;Percentage of gross domestic product (GDP);HF122;Compulsory private insurance scheme;PT;Portugal;1996;1996;
A;Annual;PC_CHE;Percentual share of total current health expenditure (CHE);HF122;Compulsory private insurance scheme;PT;Portugal;1996;1996;
A;Annual;MIO_EUR;Million euro;HF13;Compulsory medical savings accounts (CMSA);PT;Portugal;1996;1996;
A;Annual;EUR_HAB;Euro per inhabitant;HF13;Compulsory medical savings accounts (CMSA);PT;Portugal;1996;1996;
A;Annual;MIO_NAC;Million units of national currency;HF13;Compulsory medical savings accounts (CMSA);PT;Portugal;1996;1996;780.01
A;Annual;NAC_HAB;National currency per inhabitant;HF13;Compulsory medical savings accounts (CMSA);PT;Portugal;1996;1996;812.1
A;Annual;MIO_PPS;Million purchasing power standards (PPS);HF13;Compulsory medical savings accounts (CMSA);PT;Portugal;1996;1996;834.23
A;Annual;PPS_HAB;Purchasing power standard (PPS) per inhabitant;HF13;Compulsory medical savings accounts (CMSA);PT;Portugal;1996;1996;847.84
A;Annual;PC_GDP;Percentage of gross domestic product (GDP);HF13;Compulsory medical savings accounts (CMSA);PT;Portugal;1996;1996;871.9
A;Annual;PC_CHE;Percentual share of total current health expenditure (CHE);HF13;Compulsory medical savings accounts (CMSA);PT;Portugal;1996;1996;900.06
A;Annual;MIO_EUR;Million euro;HF2;Voluntary health care payment schemes;PT;Portugal;1996;1996;1028.71
A;Annual;EUR_HAB;Euro per inhabitant;HF2;Voluntary health care payment schemes;PT;Portugal;1996;1996;1128.59
A;Annual;MIO_NAC;Million units of national currency;HF2;Voluntary health care payment schemes;PT;Portugal;1996;1996;1161.96
A;Annual;NAC_HAB;National currency per inhabitant;HF2;Voluntary health care payment schemes;PT;Portugal;1996;1996;1115.31
A;Annual;MIO_PPS;Million purchasing power standards (PPS);HF2;Voluntary health care payment schemes;PT;Portugal;1996;1996;
A;Annual;PPS_HAB;Purchasing power standard (PPS) per inhabitant;HF2;Voluntary health care payment schemes;PT;Portugal;1996;1996;
A;Annual;PC_GDP;Percentage of gross domestic product (GDP);HF2;Voluntary health care payment schemes;PT;Portugal;1996;1996;
A;Annual;PC_CHE;Percentual share of total current health expenditure (CHE);HF2;Voluntary health care payment schemes;PT;Portugal;1996;1996;
A;Annual;MIO_EUR;Million euro;HF21;Voluntary health insurance schemes;PT;Portugal;1996;1996;
A;Annual;EUR_HAB;Euro per inhabitant;HF21;Voluntary health insurance schemes;PT;Portugal;1996;1996;
A;Annual;MIO_NAC;Million units of national currency;HF21;Voluntary health insurance schemes;PT;Portugal;1996;1996;
A;Annual;NAC_HAB;National currency per inhabitant;HF21;Voluntary health insurance schemes;PT;Portugal;1996;1996;
A;Annual;MIO_PPS;Million purchasing power standards (PPS);HF21;Voluntary health insurance schemes;PT;Portugal;1996;1996;
A;Annual;PPS_HAB;Purchasing power standard (PPS) per inhabitant;HF21;Voluntary health insurance schemes;PT;Portugal;1996;1996;
A;Annual;PC_GDP;Percentage of gross domestic product (GDP);HF21;Voluntary health insurance schemes;PT;Portugal;1996;1996;
A;Annual;PC_CHE;Percentual share of total current health expenditure (CHE);HF21;Voluntary health insurance schemes;PT;Portugal;1996;1996;
A;Annual;MIO_EUR;Million euro;HF22;NPISH financing schemes;PT;Portugal;1996;1996;
A;Annual;EUR_HAB;Euro per inhabitant;HF22;NPISH financing schemes;PT;Portugal;1996;1996;
A;Annual;MIO_NAC;Million units of national currency;HF22;NPISH financing schemes;PT;Portugal;1996;1996;
A;Annual;NAC_HAB;National currency per inhabitant;HF22;NPISH financing schemes;PT;Portugal;1996;1996;
A;Annual;MIO_PPS;Million purchasing power standards (PPS);HF22;NPISH financing schemes;PT;Portugal;1996;1996;
A;Annual;PPS_HAB;Purchasing power standard (PPS) per inhabitant;HF22;NPISH financing schemes;PT;Portugal;1996;1996;
A;Annual;PC_GDP;Percentage of gross domestic product (GDP);HF22;NPISH financing schemes;PT;Portugal;1996;1996;
A;Annual;PC_CHE;Percentual share of total current health expenditure (CHE);HF22;NPISH financing schemes;PT;Portugal;1996;1996;
A;Annual;MIO_EUR;Million euro;HF23;Enterprise financing schemes;PT;Portugal;1996;1996;
A;Annual;EUR_HAB;Euro per inhabitant;HF23;Enterprise financing schemes;PT;Portugal;1996;1996;
A;Annual;MIO_NAC;Million units of national currency;HF23;Enterprise financing schemes;PT;Portugal;1996;1996;
A;Annual;NAC_HAB;National currency per inhabitant;HF23;Enterprise financing schemes;PT;Portugal;1996;1996;789.46
A;Annual;MIO_PPS;Million purchasing power standards (PPS);HF23;Enterprise financing schemes;PT;Portugal;1996;1996;821.73
A;Annual;PPS_HAB;Purchasing power standard (PPS) per inhabitant;HF23;Enterprise financing schemes;PT;Portugal;1996;1996;843.79
A;Annual;PC_GDP;Percentage of gross domestic product (GDP);HF23;Enterprise financing schemes;PT;Portugal;1996;1996;857.25
A;Annual;PC_CHE;Percentual share of total current health expenditure (CHE);HF23;Enterprise financing schemes;PT;Portugal;1996;1996;881.37
A;Annual;MIO_EUR;Million euro;HF3;Household out-of-pocket payment;PT;Portugal;1996;1996;909.87
A;Annual;EUR_HAB;Euro per inhabitant;HF3;Household out-of-pocket payment;PT;Portugal;1996;1996;1039.7
A;Annual;MIO_NAC;Million units of national currency;HF3;Household out-of-pocket payment;PT;Portugal;1996;1996;1140.06
A;Annual;NAC_HAB;National currency per inhabitant;HF3;Household out-of-pocket payment;PT;Portugal;1996;1996;1173.43
A;Annual;MIO_PPS;Million purchasing power standards (PPS);HF3;Household out-of-pocket payment;PT;Portugal;1996;1996;1126.54
A;Annual;PPS_HAB;Purchasing power standard (PPS) per inhabitant;HF3;Household out-of-pocket payment;PT;Portugal;1996;1996;
A;Annual;PC_GDP;Percentage of gross domestic product (GDP);HF3;Household out-of-pocket payment;PT;Portugal;1996;1996;
A;Annual;PC_CHE;Percentual share of total current health expenditure (CHE);HF3;Household out-of-pocket payment;PT;Portugal;1996;1996;
A;Annual;MIO_EUR;Million euro;HF31;Out-of-pocket excluding cost-sharing;PT;Portugal;1996;1996;
A;Annual;EUR_HAB;Euro per inhabitant;HF31;Out-of-pocket excluding cost-sharing;PT;Portugal;1996;1996;
A;Annual;MIO_NAC;Million units of national currency;HF31;Out-of-pocket excluding cost-sharing;PT;Portugal;1996;1996;
A;Annual;NAC_HAB;National currency per inhabitant;HF31;Out-of-pocket excluding cost-sharing;PT;Portugal;1996;1996;
A;Annual;MIO_PPS;Million purchasing power standards (PPS);HF31;Out-of-pocket excluding cost-sharing;PT;Portugal;1996;1996;
A;Annual;PPS_HAB;Purchasing power standard (PPS) per inhabitant;HF31;Out-of-pocket excluding cost-sharing;PT;Portugal;1996;1996;
A;Annual;PC_GDP;Percentage of gross domestic product (GDP);HF31;Out-of-pocket excluding cost-sharing;PT;Portugal;1996;1996;
A;Annual;PC_CHE;Percentual share of total current health expenditure (CHE);HF31;Out-of-pocket excluding cost-sharing;PT;Portugal;1996;1996;
A;Annual;MIO_EUR;Million euro;HF32;Cost sharing with third-party payers;PT;Portugal;1996;1996;
A;Annual;EUR_HAB;Euro per inhabitant;HF32;Cost sharing with third-party payers;PT;Portugal;1996;1996;
A;Annual;MIO_NAC;Million units of national currency;HF32;Cost sharing with third-party payers;PT;Portugal;1996;1996;
A;Annual;NAC_HAB;National currency per inhabitant;HF32;Cost sharing with third-party payers;PT;Portugal;1996;1996;
A;Annual;MIO_PPS;Million purchasing power standards (PPS);HF32;Cost sharing with third-party payers;PT;Portugal;1996;1996;
A;Annual;PPS_HAB;Purchasing power standard (PPS) per inhabitant;HF32;Cost sharing with third-party payers;PT;Portugal;1996;1996;
A;Annual;PC_GDP;Percentage of gross domestic product (GDP);HF32;Cost sharing with third-party payers;PT;Portugal;1996;1996;
A;Annual;PC_CHE;Percentual share of total current health expenditure (CHE);HF32;Cost sharing with third-party payers;PT;Portugal;1996;1996;
A;Annual;MIO_EUR;Million euro;HF4;Rest of the world financing schemes (non-resident);PT;Portugal;1996;1996;
A;Annual;EUR_HAB;Euro per inhabitant;HF4;Rest of the world financing schemes (non-resident);PT;Portugal;1996;1996;
A;Annual;MIO_NAC;Million units of national currency;HF4;Rest of the world financing schemes (non-resident);PT;Portugal;1996;1996;
A;Annual;NAC_HAB;National currency per inhabitant;HF4;Rest of the world financing schemes (non-resident);PT;Portugal;1996;1996;
A;Annual;MIO_PPS;Million purchasing power standards (PPS);HF4;Rest of the world financing schemes (non-resident);PT;Portugal;1996;1996;793.69
A;Annual;PPS_HAB;Purchasing power standard (PPS) per inhabitant;HF4;Rest of the world financing schemes (non-resident);PT;Portugal;1996;1996;827.99
A;Annual;PC_GDP;Percentage of gross domestic product (GDP);HF4;Rest of the world financing schemes (non-resident);PT;Portugal;1996;1996;847.98
A;Annual;PC_CHE;Percentual share of total current health expenditure (CHE);HF4;Rest of the world financing schemes (non-resident);PT;Portugal;1996;1996;860.99
A;Annual;MIO_EUR;Million euro;HF_UNK;Financing schemes unknown;PT;Portugal;1996;1996;887.87
A;Annual;EUR_HAB;Euro per inhabitant;HF_UNK;Financing schemes unknown;PT;Portugal;1996;1996;917.77
A;Annual;MIO_NAC;Million units of national currency;HF_UNK;Financing schemes unknown;PT;Portugal;1996;1996;1039.15
A;Annual;NAC_HAB;National currency per inhabitant;HF_UNK;Financing schemes unknown;PT;Portugal;1996;1996;
A;Annual;MIO_PPS;Million purchasing power standards (PPS);HF_UNK;Financing schemes unknown;PT;Portugal;1996;1996;
A;Annual;PPS_HAB;Purchasing power standard (PPS) per inhabitant;HF_UNK;Financing schemes unknown;PT;Portugal;1996;1996;
A;Annual;PC_GDP;Percentage of gross domestic product (GDP);HF_UNK;Financing schemes unknown;PT;Portugal;1996;1996;
A;Annual;PC_CHE;Percentual share of total current health expenditure (CHE);HF_UNK;Financing schemes unknown;PT;Portugal;1996;1996;
A;Annual;MIO_EUR;Million euro;TOT_HF;All financing schemes;PT;Portugal;1997;1997;
A;Annual;EUR_HAB;Euro per inhabitant;TOT_HF;All financing schemes;PT;Portugal;1997;1997;
A;Annual;MIO_NAC;Million units of national currency;TOT_HF;All financing schemes;PT;Portugal;1997;1997;
A;Annual;NAC_HAB;National currency per inhabitant;TOT_HF;All financing schemes;PT;Portugal;1997;1997;0.0
A;Annual;MIO_PPS;Million purchasing power standards (PPS);TOT_HF;All financing schemes;PT;Portugal;1997;1997;0.0
A;Annual;PPS_HAB;Purchasing power standard (PPS) per inhabitant;TOT_HF;All financing schemes;PT;Portugal;1997;1997;
A;Annual;PC_GDP;Percentage of gross domestic product (GDP);TOT_HF;All financing schemes;PT;Portugal;1997;1997;
A;Annual;PC_CHE;Percentual share of total current health expenditure (CHE);TOT_HF;All financing schemes;PT;Portugal;1997;1997;
A;Annual;MIO_EUR;Million euro;HF1;Government schemes and compulsory contributory health care financing schemes;PT;Portugal;1997;1997;
A;Annual;EUR_HAB;Euro per inhabitant;HF1;Government schemes and compulsory contributory health care financing schemes;PT;Portugal;1997;1997;
A;Annual;MIO_NAC;Million units of national currency;HF1;Government schemes and compulsory contributory health care financing schemes;PT;Portugal;1997;1997;
A;Annual;NAC_HAB;National currency per inhabitant;HF1;Government schemes and compulsory contributory health care financing schemes;PT;Portugal;1997;1997;
A;Annual;MIO_PPS;Million purchasing power standards (PPS);HF1;Government schemes and compulsory contributory health care financing schemes;PT;Portugal;1997;1997;
A;Annual;PPS_HAB;Purchasing power standard (PPS) per inhabitant;HF1;Government schemes and compulsory contributory health care financing schemes;PT;Portugal;1997;1997;
A;Annual;PC_GDP;Percentage of gross domestic product (GDP);HF1;Government schemes and compulsory contributory health care financing schemes;PT;Portugal;1997;1997;
A;Annual;PC_CHE;Percentual share of total current health expenditure (CHE);HF1;Government schemes and compulsory contributory health care financing schemes;PT;Portugal;1997;1997;
A;Annual;MIO_EUR;Million euro;HF11;Government schemes;PT;Portugal;1997;1997;
A;Annual;EUR_HAB;Euro per inhabitant;HF11;Government schemes;PT;Portugal;1997;1997;
A;Annual;MIO_NAC;Million units of national currency;HF11;Government schemes;PT;Portugal;1997;1997;
A;Annual;NAC_HAB;National currency per inhabitant;HF11;Government schemes;PT;Portugal;1997;1997;
A;Annual;MIO_PPS;Million purchasing power standards (PPS);HF11;Government schemes;PT;Portugal;1997;1997;
A;Annual;PPS_HAB;Purchasing power standard (PPS) per inhabitant;HF11;Government schemes;PT;Portugal;1997;1997;
A;Annual;PC_GDP;Percentage of gross domestic product (GDP);HF11;Government schemes;PT;Portugal;1997;1997;
A;Annual;PC_CHE;Percentual share of total current health expenditure (CHE);HF11;Government schemes;PT;Portugal;1997;1997;
A;Annual;MIO_EUR;Million euro;HF12_13;Compulsory contributory health insurance schemes and compulsory medical saving accounts (CMSA);PT;Portugal;1997;1997;
A;Annual;EUR_HAB;Euro per inhabitant;HF12_13;Compulsory contributory health insurance schemes and compulsory medical saving accounts (CMSA);PT;Portugal;1997;1997;
A;Annual;MIO_NAC;Million units of national currency;HF12_13;Compulsory contributory health insurance schemes and compulsory medical saving accounts (CMSA);PT;Portugal;1997;1997;
A;Annual;NAC_HAB;National currency per inhabitant;HF12_13;Compulsory contributory health insurance schemes and compulsory medical saving accounts (CMSA);PT;Portugal;1997;1997;
A;Annual;MIO_PPS;Million purchasing power standards (PPS);HF12_13;Compulsory contributory health insurance schemes and compulsory medical saving accounts (CMSA);PT;Portugal;1997;1997;
A;Annual;PPS_HAB;Purchasing power standard (PPS) per inhabitant;HF12_13;Compulsory contributory health insurance schemes and compulsory medical saving accounts (CMSA);PT;Portugal;1997;1997;
A;Annual;PC_GDP;Percentage of gross domestic product (GDP);HF12_13;Compulsory contributory health insurance schemes and compulsory medical saving accounts (CMSA);PT;Portugal;1997;1997;
A;Annual;PC_CHE;Percentual share of total current health expenditure (CHE);HF12_13;Compulsory contributory health insurance schemes and compulsory medical saving accounts (CMSA);PT;Portugal;1997;1997;
A;Annual;MIO_EUR;Million euro;HF121;Social health insurance schemes;PT;Portugal;1997;1997;
A;Annual;EUR_HAB;Euro per inhabitant;HF121;Social health insurance schemes;PT;Portugal;1997;1997;
A;Annual;MIO_NAC;Million units of national currency;HF121;Social health insurance schemes;PT;Portugal;1997;1997;
A;Annual;NAC_HAB;National currency per inhabitant;HF121;Social health insurance schemes;PT;Portugal;1997;1997;
A;Annual;MIO_PPS;Million purchasing power standards (PPS);HF121;Social health insurance schemes;PT;Portugal;1997;1997;0.0
A;Annual;PPS_HAB;Purchasing power standard (PPS) per inhabitant;HF121;Social health insurance schemes;PT;Portugal;1997;1997;0.0
A;Annual;PC_GDP;Percentage of gross domestic product (GDP);HF121;Social health insurance schemes;PT;Portugal;1997;1997;
A;Annual;PC_CHE;Percentual share of total current health expenditure (CHE);HF121;Social health insurance schemes;PT;Portugal;1997;1997;
A;Annual;MIO_EUR;Million euro;HF122;Compulsory private insurance scheme;PT;Portugal;1997;1997;
A;Annual;EUR_HAB;Euro per inhabitant;HF122;Compulsory private insurance scheme;PT;Portugal;1997;1997;
A;Annual;MIO_NAC;Million units of national currency;HF122;Compulsory private insurance scheme;PT;Portugal;1997;1997;
A;Annual;NAC_HAB;National currency per inhabitant;HF122;Compulsory private insurance scheme;PT;Portugal;1997;1997;
A;Annual;MIO_PPS;Million purchasing power standards (PPS);HF122;Compulsory private insurance scheme;PT;Portugal;1997;1997;
A;Annual;PPS_HAB;Purchasing power standard (PPS) per inhabitant;HF122;Compulsory private insurance scheme;PT;Portugal;1997;1997;
A;Annual;PC_GDP;Percentage of gross domestic product (GDP);HF122;Compulsory private insurance scheme;PT;Portugal;1997;1997;
A;Annual;PC_CHE;Percentual share of total current health expenditure (CHE);HF122;Compulsory private insurance scheme;PT;Portugal;1997;1997;
A;Annual;MIO_EUR;Million euro;HF13;Compulsory medical savings accounts (CMSA);PT;Portugal;1997;1997;
A;Annual;EUR_HAB;Euro per inhabitant;HF13;Compulsory medical savings accounts (CMSA);PT;Portugal;1997;1997;
A;Annual;MIO_NAC;Million units of national currency;HF13;Compulsory medical savings accounts (CMSA);PT;Portugal;1997;1997;
A;Annual;NAC_HAB;National currency per inhabitant;HF13;Compulsory medical savings accounts (CMSA);PT;Portugal;1997;1997;
A;Annual;MIO_PPS;Million purchasing power standards (PPS);HF13;Compulsory medical savings accounts (CMSA);PT;Portugal;1997;1997;
A;Annual;PPS_HAB;Purchasing power standard (PPS) per inhabitant;HF13;Compulsory medical savings accounts (CMSA);PT;Portugal;1997;1997;
A;Annual;PC_GDP;Percentage of gross domestic product (GDP);HF13;Compulsory medical savings accounts (CMSA);PT;Portugal;1997;1997;
A;Annual;PC_CHE;Percentual share of total current health expenditure (CHE);HF13;Compulsory medical savings accounts (CMSA);PT;Portugal;1997;1997;
A;Annual;MIO_EUR;Million euro;HF2;Voluntary health care payment schemes;PT;Portugal;1997;1997;
A;Annual;EUR_HAB;Euro per inhabitant;HF2;Voluntary health care payment schemes;PT;Portugal;1997;1997;
A;Annual;MIO_NAC;Million units of national currency;HF2;Voluntary health care payment schemes;PT;Portugal;1997;1997;
A;Annual;NAC_HAB;National currency per inhabitant;HF2;Voluntary health care payment schemes;PT;Portugal;1997;1997;
A;Annual;MIO_PPS;Million purchasing power standards (PPS);HF2;Voluntary health care payment schemes;PT;Portugal;1997;1997;
A;Annual;PPS_HAB;Purchasing power standard (PPS) per inhabitant;HF2;Voluntary health care payment schemes;PT;Portugal;1997;1997;
A;Annual;PC_GDP;Percentage of gross domestic product (GDP);HF2;Voluntary health care payment schemes;PT;Portugal;1997;1997;
A;Annual;PC_CHE;Percentual share of total current health expenditure (CHE);HF2;Voluntary health care payment schemes;PT;Portugal;1997;1997;
A;Annual;MIO_EUR;Million euro;HF21;Voluntary health insurance schemes;PT;Portugal;1997;1997;
A;Annual;EUR_HAB;Euro per inhabitant;HF21;Voluntary health insurance schemes;PT;Portugal;1997;1997;
A;Annual;MIO_NAC;Million units of national currency;HF21;Voluntary health insurance schemes;PT;Portugal;1997;1997;
A;Annual;NAC_HAB;National currency per inhabitant;HF21;Voluntary health insurance schemes;PT;Portugal;1997;1997;
A;Annual;MIO_PPS;Million purchasing power standards (PPS);HF21;Voluntary health insurance schemes;PT;Portugal;1997;1997;0.0
A;Annual;PPS_HAB;Purchasing power standard (PPS) per inhabitant;HF21;Voluntary health insurance schemes;PT;Portugal;1997;1997;0.0
A;Annual;PC_GDP;Percentage of gross domestic product (GDP);HF21;Voluntary health insurance schemes;PT;Portugal;1997;1997;0.0
A;Annual;PC_CHE;Percentual share of total current health expenditure (CHE);HF21;Voluntary health insurance schemes;PT;Portugal;1997;1997;
A;Annual;MIO_EUR;Million euro;HF22;NPISH financing schemes;PT;Portugal;1997;1997;
A;Annual;EUR_HAB;Euro per inhabitant;HF22;NPISH financing schemes;PT;Portugal;1997;1997;
A;Annual;MIO_NAC;Million units of national currency;HF22;NPISH financing schemes;PT;Portugal;1997;1997;
A;Annual;NAC_HAB;National currency per inhabitant;HF22;NPISH financing schemes;PT;Portugal;1997;1997;
A;Annual;MIO_PPS;Million purchasing power standards (PPS);HF22;NPISH financing schemes;PT;Portugal;1997;1997;
A;Annual;PPS_HAB;Purchasing power standard (PPS) per inhabitant;HF22;NPISH financing schemes;PT;Portugal;1997;1997;
A;Annual;PC_GDP;Percentage of gross domestic product (GDP);HF22;NPISH financing schemes;PT;Portugal;1997;1997;
A;Annual;PC_CHE;Percentual share of total current health expenditure (CHE);HF22;NPISH financing schemes;PT;Portugal;1997;1997;
A;Annual;MIO_EUR;Million euro;HF23;Enterprise financing schemes;PT;Portugal;1997;1997;
A;Annual;EUR_HAB;Euro per inhabitant;HF23;Enterprise financing schemes;PT;Portugal;1997;1997;
A;Annual;MIO_NAC;Million units of national currency;HF23;Enterprise financing schemes;PT;Portugal;1997;1997;
A;Annual;NAC_HAB;National currency per inhabitant;HF23;Enterprise financing schemes;PT;Portugal;1997;1997;
A;Annual;MIO_PPS;Million purchasing power standards (PPS);HF23;Enterprise financing schemes;PT;Portugal;1997;1997;
A;Annual;PPS_HAB;Purchasing power standard (PPS) per inhabitant;HF23;Enterprise financing schemes;PT;Portugal;1997;1997;
A;Annual;PC_GDP;Percentage of gross domestic product (GDP);HF23;Enterprise financing schemes;PT;Portugal;1997;1997;
A;Annual;PC_CHE;Percentual share of total current health expenditure (CHE);HF23;Enterprise financing schemes;PT;Portugal;1997;1997;
A;Annual;MIO_EUR;Million euro;HF3;Household out-of-pocket payment;PT;Portugal;1997;1997;
A;Annual;EUR_HAB;Euro per inhabitant;HF3;Household out-of-pocket payment;PT;Portugal;1997;1997;
A;Annual;MIO_NAC;Million units of national currency;HF3;Household out-of-pocket payment;PT;Portugal;1997;1997;
A;Annual;NAC_HAB;National currency per inhabitant;HF3;Household out-of-pocket payment;PT;Portugal;1997;1997;
A;Annual;MIO_PPS;Million purchasing power standards (PPS);HF3;Household out-of-pocket payment;PT;Portugal;1997;1997;
A;Annual;PPS_HAB;Purchasing power standard (PPS) per inhabitant;HF3;Household out-of-pocket payment;PT;Portugal;1997;1997;
A;Annual;PC_GDP;Percentage of gross domestic product (GDP);HF3;Household out-of-pocket payment;PT;Portugal;1997;1997;
A;Annual;PC_CHE;Percentual share of total current health expenditure (CHE);HF3;Household out-of-pocket payment;PT;Portugal;1997;1997;
A;Annual;MIO_EUR;Million euro;HF31;Out-of-pocket excluding cost-sharing;PT;Portugal;1997;1997;
A;Annual;EUR_HAB;Euro per inhabitant;HF31;Out-of-pocket excluding cost-sharing;PT;Portugal;1997;1997;
A;Annual;MIO_NAC;Million units of national currency;HF31;Out-of-pocket excluding cost-sharing;PT;Portugal;1997;1997;
A;Annual;NAC_HAB;National currency per inhabitant;HF31;Out-of-pocket excluding cost-sharing;PT;Portugal;1997;1997;
A;Annual;MIO_PPS;Million purchasing power standards (PPS);HF31;Out-of-pocket excluding cost-sharing;PT;Portugal;1997;1997;
A;Annual;PPS_HAB;Purchasing power standard (PPS) per inhabitant;HF31;Out-of-pocket excluding cost-sharing;PT;Portugal;1997;1997;
A;Annual;PC_GDP;Percentage of gross domestic product (GDP);HF31;Out-of-pocket excluding cost-sharing;PT;Portugal;1997;1997;
A;Annual;PC_CHE;Percentual share of total current health expenditure (CHE);HF31;Out-of-pocket excluding cost-sharing;PT;Portugal;1997;1997;
A;Annual;MIO_EUR;Million euro;HF32;Cost sharing with third-party payers;PT;Portugal;1997;1997;
A;Annual;EUR_HAB;Euro per inhabitant;HF32;Cost sharing with third-party payers;PT;Portugal;1997;1997;
A;Annual;MIO_NAC;Million units of national currency;HF32;Cost sharing with third-party payers;PT;Portugal;1997;1997;
A;Annual;NAC_HAB;National currency per inhabitant;HF32;Cost sharing with third-party payers;PT;Portugal;1997;1997;
A;Annual;MIO_PPS;Million purchasing power standards (PPS);HF32;Cost sharing with third-party payers;PT;Portugal;1997;1997;
A;Annual;PPS_HAB;Purchasing power standard (PPS) per inhabitant;HF32;Cost sharing with third-party payers;PT;Portugal;1997;1997;
A;Annual;PC_GDP;Percentage of gross domestic product (GDP);HF32;Cost sharing with third-party payers;PT;Portugal;1997;1997;
A;Annual;PC_CHE;Percentual share of total current health expenditure (CHE);HF32;Cost sharing with third-party payers;PT;Portugal;1997;1997;
A;Annual;MIO_EUR;Million euro;HF4;Rest of the world financing schemes (non-resident);PT;Portugal;1997;1997;
A;Annual;EUR_HAB;Euro per inhabitant;HF4;Rest of the world financing schemes (non-resident);PT;Portugal;1997;1997;
A;Annual;MIO_NAC;Million units of national currency;HF4;Rest of the world financing schemes (non-resident);PT;Portugal;1997;1997;
A;Annual;NAC_HAB;National currency per inhabitant;HF4;Rest of the world financing schemes (non-resident);PT;Portugal;1997;1997;
A;Annual;MIO_PPS;Million purchasing power standards (PPS);HF4;Rest of the world financing schemes (non-resident);PT;Portugal;1997;1997;
A;Annual;PPS_HAB;Purchasing power standard (PPS) per inhabitant;HF4;Rest of the world financing schemes (non-resident);PT;Portugal;1997;1997;
A;Annual;PC_GDP;Percentage of gross domestic product (GDP);HF4;Rest of the world financing schemes (non-resident);PT;Portugal;1997;1997;
A;Annual;PC_CHE;Percentual share of total current health expenditure (CHE);HF4;Rest of the world financing schemes (non-resident);PT;Portugal;1997;1997;
A;Annual;MIO_EUR;Million euro;HF_UNK;Financing schemes unknown;PT;Portugal;1997;1997;
A;Annual;EUR_HAB;Euro per inhabitant;HF_UNK;Financing schemes unknown;PT;Portugal;1997;1997;
A;Annual;MIO_NAC;Million units of national currency;HF_UNK;Financing schemes unknown;PT;Portugal;1997;1997;
A;Annual;NAC_HAB;National currency per inhabitant;HF_UNK;Financing schemes unknown;PT;Portugal;1997;1997;
A;Annual;MIO_PPS;Million purchasing power standards (PPS);HF_UNK;Financing schemes unknown;PT;Portugal;1997;1997;
A;Annual;PPS_HAB;Purchasing power standard (PPS) per inhabitant;HF_UNK;Financing schemes unknown;PT;Portugal;1997;1997;
A;Annual;PC_GDP;Percentage of gross domestic product (GDP);HF_UNK;Financing schemes unknown;PT;Portugal;1997;1997;
A;Annual;PC_CHE;Percentual share of total current health expenditure (CHE);HF_UNK;Financing schemes unknown;PT;Portugal;1997;1997;
A;Annual;MIO_EUR;Million euro;TOT_HF;All financing schemes;PT;Portugal;1998;1998;
A;Annual;EUR_HAB;Euro per inhabitant;TOT_HF;All financing schemes;PT;Portugal;1998;1998;
A;Annual;MIO_NAC;Million units of national currency;TOT_HF;All financing schemes;PT;Portugal;1998;1998;
A;Annual;NAC_HAB;National currency per inhabitant;TOT_HF;All financing schemes;PT;Portugal;1998;1998;
A;Annual;MIO_PPS;Million purchasing power standards (PPS);TOT_HF;All financing schemes;PT;Portugal;1998;1998;
A;Annual;PPS_HAB;Purchasing power standard (PPS) per inhabitant;TOT_HF;All financing schemes;PT;Portugal;1998;1998;21.04
A;Annual;PC_GDP;Percentage of gross domestic product (GDP);TOT_HF;All financing schemes;PT;Portugal;1998;1998;17.69
A;Annual;PC_CHE;Percentual share of total current health expenditure (CHE);TOT_HF;All financing schemes;PT;Portugal;1998;1998;19.24
A;Annual;MIO_EUR;Million euro;HF1;Government schemes and compulsory contributory health care financing schemes;PT;Portugal;1998;1998;21.21
A;Annual;EUR_HAB;Euro per inhabitant;HF1;Government schemes and compulsory contributory health care financing schemes;PT;Portugal;1998;1998;22.72
A;Annual;MIO_NAC;Million units of national currency;HF1;Government schemes and compulsory contributory health care financing schemes;PT;Portugal;1998;1998;24.57
A;Annual;NAC_HAB;National currency per inhabitant;HF1;Government schemes and compulsory contributory health care financing schemes;PT;Portugal;1998;1998;23.94
A;Annual;MIO_PPS;Million purchasing power standards (PPS);HF1;Government schemes and compulsory contributory health care financing schemes;PT;Portugal;1998;1998;19.65
A;Annual;PPS_HAB;Purchasing power standard (PPS) per inhabitant;HF1;Government schemes and compulsory contributory health care financing schemes;PT;Portugal;1998;1998;18.31
A;Annual;PC_GDP;Percentage of gross domestic product (GDP);HF1;Government schemes and compulsory contributory health care financing schemes;PT;Portugal;1998;1998;22.66
A;Annual;PC_CHE;Percentual share of total current health expenditure (CHE);HF1;Government schemes and compulsory contributory health care financing schemes;PT;Portugal;1998;1998;18.78
A;Annual;MIO_EUR;Million euro;HF11;Government schemes;PT;Portugal;1998;1998;
A;Annual;EUR_HAB;Euro per inhabitant;HF11;Government schemes;PT;Portugal;1998;1998;
A;Annual;MIO_NAC;Million units of national currency;HF11;Government schemes;PT;Portugal;1998;1998;
A;Annual;NAC_HAB;National currency per inhabitant;HF11;Government schemes;PT;Portugal;1998;1998;
A;Annual;MIO_PPS;Million purchasing power standards (PPS);HF11;Government schemes;PT;Portugal;1998;1998;
A;Annual;PPS_HAB;Purchasing power standard (PPS) per inhabitant;HF11;Government schemes;PT;Portugal;1998;1998;
A;Annual;PC_GDP;Percentage of gross domestic product (GDP);HF11;Government schemes;PT;Portugal;1998;1998;
A;Annual;PC_CHE;Percentual share of total current health expenditure (CHE);HF11;Government schemes;PT;Portugal;1998;1998;
A;Annual;MIO_EUR;Million euro;HF12_13;Compulsory contributory health insurance schemes and compulsory medical saving accounts (CMSA);PT;Portugal;1998;1998;
A;Annual;EUR_HAB;Euro per inhabitant;HF12_13;Compulsory contributory health insurance schemes and compulsory medical saving accounts (CMSA);PT;Portugal;1998;1998;
A;Annual;MIO_NAC;Million units of national currency;HF12_13;Compulsory contributory health insurance schemes and compulsory medical saving accounts (CMSA);PT;Portugal;1998;1998;
A;Annual;NAC_HAB;National currency per inhabitant;HF12_13;Compulsory contributory health insurance schemes and compulsory medical saving accounts (CMSA);PT;Portugal;1998;1998;
A;Annual;MIO_PPS;Million purchasing power standards (PPS);HF12_13;Compulsory contributory health insurance schemes and compulsory medical saving accounts (CMSA);PT;Portugal;1998;1998;
A;Annual;PPS_HAB;Purchasing power standard (PPS) per inhabitant;HF12_13;Compulsory contributory health insurance schemes and compulsory medical saving accounts (CMSA);PT;Portugal;1998;1998;
A;Annual;PC_GDP;Percentage of gross domestic product (GDP);HF12_13;Compulsory contributory health insurance schemes and compulsory medical saving accounts (CMSA);PT;Portugal;1998;1998;
A;Annual;PC_CHE;Percentual share of total current health expenditure (CHE);HF12_13;Compulsory contributory health insurance schemes and compulsory medical saving accounts (CMSA);PT;Portugal;1998;1998;
A;Annual;MIO_EUR;Million euro;HF121;Social health insurance schemes;PT;Portugal;1998;1998;
A;Annual;EUR_HAB;Euro per inhabitant;HF121;Social health insurance schemes;PT;Portugal;1998;1998;
A;Annual;MIO_NAC;Million units of national currency;HF121;Social health insurance schemes;PT;Portugal;1998;1998;
A;Annual;NAC_HAB;National currency per inhabitant;HF121;Social health insurance schemes;PT;Portugal;1998;1998;
A;Annual;MIO_PPS;Million purchasing power standards (PPS);HF121;Social health insurance schemes;PT;Portugal;1998;1998;
A;Annual;PPS_HAB;Purchasing power standard (PPS) per inhabitant;HF121;Social health insurance schemes;PT;Portugal;1998;1998;
A;Annual;PC_GDP;Percentage of gross domestic product (GDP);HF121;Social health insurance schemes;PT;Portugal;1998;1998;
A;Annual;PC_CHE;Percentual share of total current health expenditure (CHE);HF121;Social health insurance schemes;PT;Portugal;1998;1998;
A;Annual;MIO_EUR;Million euro;HF122;Compulsory private insurance scheme;PT;Portugal;1998;1998;
A;Annual;EUR_HAB;Euro per inhabitant;HF122;Compulsory private insurance scheme;PT;Portugal;1998;1998;0.0
A;Annual;MIO_NAC;Million units of national currency;HF122;Compulsory private insurance scheme;PT;Portugal;1998;1998;0.0
A;Annual;NAC_HAB;National currency per inhabitant;HF122;Compulsory private insurance scheme;PT;Portugal;1998;1998;0.0
A;Annual;MIO_PPS;Million purchasing power standards (PPS);HF122;Compulsory private insurance scheme;PT;Portugal;1998;1998;0.0
A;Annual;PPS_HAB;Purchasing power standard (PPS) per inhabitant;HF122;Compulsory private insurance scheme;PT;Portugal;1998;1998;0.0
A;Annual;PC_GDP;Percentage of gross domestic product (GDP);HF122;Compulsory private insurance scheme;PT;Portugal;1998;1998;0.0
A;Annual;PC_CHE;Percentual share of total current health expenditure (CHE);HF122;Compulsory private insurance scheme;PT;Portugal;1998;1998;0.0
A;Annual;MIO_EUR;Million euro;HF13;Compulsory medical savings accounts (CMSA);PT;Portugal;1998;1998;
A;Annual;EUR_HAB;Euro per inhabitant;HF13;Compulsory medical savings accounts (CMSA);PT;Portugal;1998;1998;
A;Annual;MIO_NAC;Million units of national currency;HF13;Compulsory medical savings accounts (CMSA);PT;Portugal;1998;1998;
A;Annual;NAC_HAB;National currency per inhabitant;HF13;Compulsory medical savings accounts (CMSA);PT;Portugal;1998;1998;
A;Annual;MIO_PPS;Million purchasing power standards (PPS);HF13;Compulsory medical savings accounts (CMSA);PT;Portugal;1998;1998;
A;Annual;PPS_HAB;Purchasing power standard (PPS) per inhabitant;HF13;Compulsory medical savings accounts (CMSA);PT;Portugal;1998;1998;
A;Annual;PC_GDP;Percentage of gross domestic product (GDP);HF13;Compulsory medical savings accounts (CMSA);PT;Portugal;1998;1998;
A;Annual;PC_CHE;Percentual share of total current health expenditure (CHE);HF13;Compulsory medical savings accounts (CMSA);PT;Portugal;1998;1998;
A;Annual;MIO_EUR;Million euro;HF2;Voluntary health care payment schemes;PT;Portugal;1998;1998;
A;Annual;EUR_HAB;Euro per inhabitant;HF2;Voluntary health care payment schemes;PT;Portugal;1998;1998;
A;Annual;MIO_NAC;Million units of national currency;HF2;Voluntary health care payment schemes;PT;Portugal;1998;1998;
A;Annual;NAC_HAB;National currency per inhabitant;HF2;Voluntary health care payment schemes;PT;Portugal;1998;1998;
A;Annual;MIO_PPS;Million purchasing power standards (PPS);HF2;Voluntary health care payment schemes;PT;Portugal;1998;1998;
A;Annual;PPS_HAB;Purchasing power standard (PPS) per inhabitant;HF2;Voluntary health care payment schemes;PT;Portugal;1998;1998;
A;Annual;PC_GDP;Percentage of gross domestic product (GDP);HF2;Voluntary health care payment schemes;PT;Portugal;1998;1998;
A;Annual;PC_CHE;Percentual share of total current health expenditure (CHE);HF2;Voluntary health care payment schemes;PT;Portugal;1998;1998;
A;Annual;MIO_EUR;Million euro;HF21;Voluntary health insurance schemes;PT;Portugal;1998;1998;
A;Annual;EUR_HAB;Euro per inhabitant;HF21;Voluntary health insurance schemes;PT;Portugal;1998;1998;
A;Annual;MIO_NAC;Million units of national currency;HF21;Voluntary health insurance schemes;PT;Portugal;1998;1998;
A;Annual;NAC_HAB;National currency per inhabitant;HF21;Voluntary health insurance schemes;PT;Portugal;1998;1998;
A;Annual;MIO_PPS;Million purchasing power standards (PPS);HF21;Voluntary health insurance schemes;PT;Portugal;1998;1998;52.87
A;Annual;PPS_HAB;Purchasing power standard (PPS) per inhabitant;HF21;Voluntary health insurance schemes;PT;Portugal;1998;1998;60.56
A;Annual;PC_GDP;Percentage of gross domestic product (GDP);HF21;Voluntary health insurance schemes;PT;Portugal;1998;1998;58.18
A;Annual;PC_CHE;Percentual share of total current health expenditure (CHE);HF21;Voluntary health insurance schemes;PT;Portugal;1998;1998;71.62
A;Annual;MIO_EUR;Million euro;HF22;NPISH financing schemes;PT;Portugal;1998;1998;63.81
A;Annual;EUR_HAB;Euro per inhabitant;HF22;NPISH financing schemes;PT;Portugal;1998;1998;77.79
A;Annual;MIO_NAC;Million units of national currency;HF22;NPISH financing schemes;PT;Portugal;1998;1998;72.65
A;Annual;NAC_HAB;National currency per inhabitant;HF22;NPISH financing schemes;PT;Portugal;1998;1998;73.57
A;Annual;MIO_PPS;Million purchasing power standards (PPS);HF22;NPISH financing schemes;PT;Portugal;1998;1998;73.35
A;Annual;PPS_HAB;Purchasing power standard (PPS) per inhabitant;HF22;NPISH financing schemes;PT;Portugal;1998;1998;66.87
A;Annual;PC_GDP;Percentage of gross domestic product (GDP);HF22;NPISH financing schemes;PT;Portugal;1998;1998;74.55
A;Annual;PC_CHE;Percentual share of total current health expenditure (CHE);HF22;NPISH financing schemes;PT;Portugal;1998;1998;76.29
A;Annual;MIO_EUR;Million euro;HF23;Enterprise financing schemes;PT;Portugal;1998;1998;85.33
A;Annual;EUR_HAB;Euro per inhabitant;HF23;Enterprise financing schemes;PT;Portugal;1998;1998;92.83
A;Annual;MIO_NAC;Million units of national currency;HF23;Enterprise financing schemes;PT;Portugal;1998;1998;
A;Annual;NAC_HAB;National currency per inhabitant;HF23;Enterprise financing schemes;PT;Portugal;1998;1998;
A;Annual;MIO_PPS;Million purchasing power standards (PPS);HF23;Enterprise financing schemes;PT;Portugal;1998;1998;
A;Annual;PPS_HAB;Purchasing power standard (PPS) per inhabitant;HF23;Enterprise financing schemes;PT;Portugal;1998;1998;
A;Annual;PC_GDP;Percentage of gross domestic product (GDP);HF23;Enterprise financing schemes;PT;Portugal;1998;1998;
A;Annual;PC_CHE;Percentual share of total current health expenditure (CHE);HF23;Enterprise financing schemes;PT;Portugal;1998;1998;
A;Annual;MIO_EUR;Million euro;HF3;Household out-of-pocket payment;PT;Portugal;1998;1998;
A;Annual;EUR_HAB;Euro per inhabitant;HF3;Household out-of-pocket payment;PT;Portugal;1998;1998;
A;Annual;MIO_NAC;Million units of national currency;HF3;Household out-of-pocket payment;PT;Portugal;1998;1998;
A;Annual;NAC_HAB;National currency per inhabitant;HF3;Household out-of-pocket payment;PT;Portugal;1998;1998;
A;Annual;MIO_PPS;Million purchasing power standards (PPS);HF3;Household out-of-pocket payment;PT;Portugal;1998;1998;
A;Annual;PPS_HAB;Purchasing power standard (PPS) per inhabitant;HF3;Household out-of-pocket payment;PT;Portugal;1998;1998;
A;Annual;PC_GDP;Percentage of gross domestic product (GDP);HF3;Household out-of-pocket payment;PT;Portugal;1998;1998;
A;Annual;PC_CHE;Percentual share of total current health expenditure (CHE);HF3;Household out-of-pocket payment;PT;Portugal;1998;1998;
A;Annual;MIO_EUR;Million euro;HF31;Out-of-pocket excluding cost-sharing;PT;Portugal;1998;1998;
A;Annual;EUR_HAB;Euro per inhabitant;HF31;Out-of-pocket excluding cost-sharing;PT;Portugal;1998;1998;
A;Annual;MIO_NAC;Million units of national currency;HF31;Out-of-pocket excluding cost-sharing;PT;Portugal;1998;1998;
A;Annual;NAC_HAB;National currency per inhabitant;HF31;Out-of-pocket excluding cost-sharing;PT;Portugal;1998;1998;
A;Annual;MIO_PPS;Million purchasing power standards (PPS);HF31;Out-of-pocket excluding cost-sharing;PT;Portugal;1998;1998;
A;Annual;PPS_HAB;Purchasing power standard (PPS) per inhabitant;HF31;Out-of-pocket excluding cost-sharing;PT;Portugal;1998;1998;
A;Annual;PC_GDP;Percentage of gross domestic product (GDP);HF31;Out-of-pocket excluding cost-sharing;PT;Portugal;1998;1998;
A;Annual;PC_CHE;Percentual share of total current health expenditure (CHE);HF31;Out-of-pocket excluding cost-sharing;PT;Portugal;1998;1998;
A;Annual;MIO_EUR;Million euro;HF32;Cost sharing with third-party payers;PT;Portugal;1998;1998;51.27
A;Annual;EUR_HAB;Euro per inhabitant;HF32;Cost sharing with third-party payers;PT;Portugal;1998;1998;54.92
A;Annual;MIO_NAC;Million units of national currency;HF32;Cost sharing with third-party payers;PT;Portugal;1998;1998;68.08
A;Annual;NAC_HAB;National currency per inhabitant;HF32;Cost sharing with third-party payers;PT;Portugal;1998;1998;66.84
A;Annual;MIO_PPS;Million purchasing power standards (PPS);HF32;Cost sharing with third-party payers;PT;Portugal;1998;1998;71.06
A;Annual;PPS_HAB;Purchasing power standard (PPS) per inhabitant;HF32;Cost sharing with third-party payers;PT;Portugal;1998;1998;80.75
A;Annual;PC_GDP;Percentage of gross domestic product (GDP);HF32;Cost sharing with third-party payers;PT;Portugal;1998;1998;92.14
A;Annual;PC_CHE;Percentual share of total current health expenditure (CHE);HF32;Cost sharing with third-party payers;PT;Portugal;1998;1998;
A;Annual;MIO_EUR;Million euro;HF4;Rest of the world financing schemes (non-resident);PT;Portugal;1998;1998;
A;Annual;EUR_HAB;Euro per inhabitant;HF4;Rest of the world financing schemes (non-resident);PT;Portugal;1998;1998;
A;Annual;MIO_NAC;Million units of national currency;HF4;Rest of the world financing schemes (non-resident);PT;Portugal;1998;1998;
A;Annual;NAC_HAB;National currency per inhabitant;HF4;Rest of the world financing schemes (non-resident);PT;Portugal;1998;1998;
A;Annual;MIO_PPS;Million purchasing power standards (PPS);HF4;Rest of the world financing schemes (non-resident);PT;Portugal;1998;1998;
A;Annual;PPS_HAB;Purchasing power standard (PPS) per inhabitant;HF4;Rest of the world financing schemes (non-resident);PT;Portugal;1998;1998;
A;Annual;PC_GDP;Percentage of gross domestic product (GDP);HF4;Rest of the world financing schemes (non-resident);PT;Portugal;1998;1998;
A;Annual;PC_CHE;Percentual share of total current health expenditure (CHE);HF4;Rest of the world financing schemes (non-resident);PT;Portugal;1998;1998;
A;Annual;MIO_EUR;Million euro;HF_UNK;Financing schemes unknown;PT;Portugal;1998;1998;
A;Annual;EUR_HAB;Euro per inhabitant;HF_UNK;Financing schemes unknown;PT;Portugal;1998;1998;
A;Annual;MIO_NAC;Million units of national currency;HF_UNK;Financing schemes unknown;PT;Portugal;1998;1998;
A;Annual;NAC_HAB;National currency per inhabitant;HF_UNK;Financing schemes unknown;PT;Portugal;1998;1998;
A;Annual;MIO_PPS;Million purchasing power standards (PPS);HF_UNK;Financing schemes unknown;PT;Portugal;1998;1998;
A;Annual;PPS_HAB;Purchasing power standard (PPS) per inhabitant;HF_UNK;Financing schemes unknown;PT;Portugal;1998;1998;
A;Annual;PC_GDP;Percentage of gross domestic product (GDP);HF_UNK;Financing schemes unknown;PT;Portugal;1998;1998;
A;Annual;PC_CHE;Percentual share of total current health expenditure (CHE);HF_UNK;Financing schemes unknown;PT;Portugal;1998;1998;
A;Annual;MIO_EUR;Million euro;TOT_HF;All financing schemes;PT;Portugal;1999;1999;
A;Annual;EUR_HAB;Euro per inhabitant;TOT_HF;All financing schemes;PT;Portugal;1999;1999;
A;Annual;MIO_NAC;Million units of national currency;TOT_HF;All financing schemes;PT;Portugal;1999;1999;
A;Annual;NAC_HAB;National currency per inhabitant;TOT_HF;All financing schemes;PT;Portugal;1999;1999;
A;Annual;MIO_PPS;Million purchasing power standards (PPS);TOT_HF;All financing schemes;PT;Portugal;1999;1999;
A;Annual;PPS_HAB;Purchasing power standard (PPS) per inhabitant;TOT_HF;All financing schemes;PT;Portugal;1999;1999;
A;Annual;PC_GDP;Percentage of gross domestic product (GDP);TOT_HF;All financing schemes;PT;Portugal;1999;1999;
A;Annual;PC_CHE;Percentual share of total current health expenditure (CHE);TOT_HF;All financing schemes;PT;Portugal;1999;1999;
A;Annual;MIO_EUR;Million euro;HF1;Government schemes and compulsory contributory health care financing schemes;PT;Portugal;1999;1999;
A;Annual;EUR_HAB;Euro per inhabitant;HF1;Government schemes and compulsory contributory health care financing schemes;PT;Portugal;1999;1999;
A;Annual;MIO_NAC;Million units of national currency;HF1;Government schemes and compulsory contributory health care financing schemes;PT;Portugal;1999;1999;
A;Annual;NAC_HAB;National currency per inhabitant;HF1;Government schemes and compulsory contributory health care financing schemes;PT;Portugal;1999;1999;
A;Annual;MIO_PPS;Million purchasing power standards (PPS);HF1;Government schemes and compulsory contributory health care financing schemes;PT;Portugal;1999;1999;
A;Annual;PPS_HAB;Purchasing power standard (PPS) per inhabitant;HF1;Government schemes and compulsory contributory health care financing schemes;PT;Portugal;1999;1999;
A;Annual;PC_GDP;Percentage of gross domestic product (GDP);HF1;Government schemes and compulsory contributory health care financing schemes;PT;Portugal;1999;1999;
A;Annual;PC_CHE;Percentual share of total current health expenditure (CHE);HF1;Government schemes and compulsory contributory health care financing schemes;PT;Portugal;1999;1999;
A;Annual;MIO_EUR;Million euro;HF11;Government schemes;PT;Portugal;1999;1999;
A;Annual;EUR_HAB;Euro per inhabitant;HF11;Government schemes;PT;Portugal;1999;1999;
A;Annual;MIO_NAC;Million units of national currency;HF11;Government schemes;PT;Portugal;1999;1999;
A;Annual;NAC_HAB;National currency per inhabitant;HF11;Government schemes;PT;Portugal;1999;1999;
A;Annual;MIO_PPS;Million purchasing power standards (PPS);HF11;Government schemes;PT;Portugal;1999;1999;
A;Annual;PPS_HAB;Purchasing power standard (PPS) per inhabitant;HF11;Government schemes;PT;Portugal;1999;1999;0.0
A;Annual;PC_GDP;Percentage of gross domestic product (GDP);HF11;Government schemes;PT;Portugal;1999;1999;0.0
A;Annual;PC_CHE;Percentual share of total current health expenditure (CHE);HF11;Government schemes;PT;Portugal;1999;1999;0.0
A;Annual;MIO_EUR;Million euro;HF12_13;Compulsory contributory health insurance schemes and compulsory medical saving accounts (CMSA);PT;Portugal;1999;1999;0.0
A;Annual;EUR_HAB;Euro per inhabitant;HF12_13;Compulsory contributory health insurance schemes and compulsory medical saving accounts (CMSA);PT;Portugal;1999;1999;0.0
A;Annual;MIO_NAC;Million units of national currency;HF12_13;Compulsory contributory health insurance schemes and compulsory medical saving accounts (CMSA);PT;Portugal;1999;1999;0.0
A;Annual;NAC_HAB;National currency per inhabitant;HF12_13;Compulsory contributory health insurance schemes and compulsory medical saving accounts (CMSA);PT;Portugal;1999;1999;
A;Annual;MIO_PPS;Million purchasing power standards (PPS);HF12_13;Compulsory contributory health insurance schemes and compulsory medical saving accounts (CMSA);PT;Portugal;1999;1999;
A;Annual;PPS_HAB;Purchasing power standard (PPS) per inhabitant;HF12_13;Compulsory contributory health insurance schemes and compulsory medical saving accounts (CMSA);PT;Portugal;1999;1999;
A;Annual;PC_GDP;Percentage of gross domestic product (GDP);HF12_13;Compulsory contributory health insurance schemes and compulsory medical saving accounts (CMSA);PT;Portugal;1999;1999;
A;Annual;PC_CHE;Percentual share of total current health expenditure (CHE);HF12_13;Compulsory contributory health insurance schemes and compulsory medical saving accounts (CMSA);PT;Portugal;1999;1999;
A;Annual;MIO_EUR;Million euro;HF121;Social health insurance schemes;PT;Portugal;1999;1999;
A;Annual;EUR_HAB;Euro per inhabitant;HF121;Social health insurance schemes;PT;Portugal;1999;1999;
A;Annual;MIO_NAC;Million units of national currency;HF121;Social health insurance schemes;PT;Portugal;1999;1999;
A;Annual;NAC_HAB;National currency per inhabitant;HF121;Social health insurance schemes;PT;Portugal;1999;1999;
A;Annual;MIO_PPS;Million purchasing power standards (PPS);HF121;Social health insurance schemes;PT;Portugal;1999;1999;
A;Annual;PPS_HAB;Purchasing power standard (PPS) per inhabitant;HF121;Social health insurance schemes;PT;Portugal;1999;1999;
A;Annual;PC_GDP;Percentage of gross domestic product (GDP);HF121;Social health insurance schemes;PT;Portugal;1999;1999;
A;Annual;PC_CHE;Percentual share of total current health expenditure (CHE);HF121;Social health insurance schemes;PT;Portugal;1999;1999;
A;Annual;MIO_EUR;Million euro;HF122;Compulsory private insurance scheme;PT;Portugal;1999;1999;
A;Annual;EUR_HAB;Euro per inhabitant;HF122;Compulsory private insurance scheme;PT;Portugal;1999;1999;
A;Annual;MIO_NAC;Million units of national currency;HF122;Compulsory private insurance scheme;PT;Portugal;1999;1999;
A;Annual;NAC_HAB;National currency per inhabitant;HF122;Compulsory private insurance scheme;PT;Portugal;1999;1999;
A;Annual;MIO_PPS;Million purchasing power standards (PPS);HF122;Compulsory private insurance scheme;PT;Portugal;1999;1999;
A;Annual;PPS_HAB;Purchasing power standard (PPS) per inhabitant;HF122;Compulsory private insurance scheme;PT;Portugal;1999;1999;
A;Annual;PC_GDP;Percentage of gross domestic product (GDP);HF122;Compulsory private insurance scheme;PT;Portugal;1999;1999;
A;Annual;PC_CHE;Percentual share of total current health expenditure (CHE);HF122;Compulsory private insurance scheme;PT;Portugal;1999;1999;
A;Annual;MIO_EUR;Million euro;HF13;Compulsory medical savings accounts (CMSA);PT;Portugal;1999;1999;
A;Annual;EUR_HAB;Euro per inhabitant;HF13;Compulsory medical savings accounts (CMSA);PT;Portugal;1999;1999;
A;Annual;MIO_NAC;Million units of national currency;HF13;Compulsory medical savings accounts (CMSA);PT;Portugal;1999;1999;
A;Annual;NAC_HAB;National currency per inhabitant;HF13;Compulsory medical savings accounts (CMSA);PT;Portugal;1999;1999;
A;Annual;MIO_PPS;Million purchasing power standards (PPS);HF13;Compulsory medical savings accounts (CMSA);PT;Portugal;1999;1999;
A;Annual;PPS_HAB;Purchasing power standard (PPS) per inhabitant;HF13;Compulsory medical savings accounts (CMSA);PT;Portugal;1999;1999;
A;Annual;PC_GDP;Percentage of gross domestic product (GDP);HF13;Compulsory medical savings accounts (CMSA);PT;Portugal;1999;1999;
A;Annual;PC_CHE;Percentual share of total current health expenditure (CHE);HF13;Compulsory medical savings accounts (CMSA);PT;Portugal;1999;1999;
A;Annual;MIO_EUR;Million euro;HF2;Voluntary health care payment schemes;PT;Portugal;1999;1999;
A;Annual;EUR_HAB;Euro per inhabitant;HF2;Voluntary health care payment schemes;PT;Portugal;1999;1999;
A;Annual;MIO_NAC;Million units of national currency;HF2;Voluntary health care payment schemes;PT;Portugal;1999;1999;
A;Annual;NAC_HAB;National currency per inhabitant;HF2;Voluntary health care payment schemes;PT;Portugal;1999;1999;
A;Annual;MIO_PPS;Million purchasing power standards (PPS);HF2;Voluntary health care payment schemes;PT;Portugal;1999;1999;
A;Annual;PPS_HAB;Purchasing power standard (PPS) per inhabitant;HF2;Voluntary health care payment schemes;PT;Portugal;1999;1999;
A;Annual;PC_GDP;Percentage of gross domestic product (GDP);HF2;Voluntary health care payment schemes;PT;Portugal;1999;1999;
A;Annual;PC_CHE;Percentual share of total current health expenditure (CHE);HF2;Voluntary health care payment schemes;PT;Portugal;1999;1999;
A;Annual;MIO_EUR;Million euro;HF21;Voluntary health insurance schemes;PT;Portugal;1999;1999;
A;Annual;EUR_HAB;Euro per inhabitant;HF21;Voluntary health insurance schemes;PT;Portugal;1999;1999;
A;Annual;MIO_NAC;Million units of national currency;HF21;Voluntary health insurance schemes;PT;Portugal;1999;1999;
A;Annual;NAC_HAB;National currency per inhabitant;HF21;Voluntary health insurance schemes;PT;Portugal;1999;1999;
A;Annual;MIO_PPS;Million purchasing power standards (PPS);HF21;Voluntary health insurance schemes;PT;Portugal;1999;1999;
A;Annual;PPS_HAB;Purchasing power standard (PPS) per inhabitant;HF21;Voluntary health insurance schemes;PT;Portugal;1999;1999;
A;Annual;PC_GDP;Percentage of gross domestic product (GDP);HF21;Voluntary health insurance schemes;PT;Portugal;1999;1999;
A;Annual;PC_CHE;Percentual share of total current health expenditure (CHE);HF21;Voluntary health insurance schemes;PT;Portugal;1999;1999;
A;Annual;MIO_EUR;Million euro;HF22;NPISH financing schemes;PT;Portugal;1999;1999;
A;Annual;EUR_HAB;Euro per inhabitant;HF22;NPISH financing schemes;PT;Portugal;1999;1999;
A;Annual;MIO_NAC;Million units of national currency;HF22;NPISH financing schemes;PT;Portugal;1999;1999;
A;Annual;NAC_HAB;National currency per inhabitant;HF22;NPISH financing schemes;PT;Portugal;1999;1999;
A;Annual;MIO_PPS;Million purchasing power standards (PPS);HF22;NPISH financing schemes;PT;Portugal;1999;1999;
A;Annual;PPS_HAB;Purchasing power standard (PPS) per inhabitant;HF22;NPISH financing schemes;PT;Portugal;1999;1999;
A;Annual;PC_GDP;Percentage of gross domestic product (GDP);HF22;NPISH financing schemes;PT;Portugal;1999;1999;
A;Annual;PC_CHE;Percentual share of total current health expenditure (CHE);HF22;NPISH financing schemes;PT;Portugal;1999;1999;
A;Annual;MIO_EUR;Million euro;HF23;Enterprise financing schemes;PT;Portugal;1999;1999;
A;Annual;EUR_HAB;Euro per inhabitant;HF23;Enterprise financing schemes;PT;Portugal;1999;1999;
A;Annual;MIO_NAC;Million units of national currency;HF23;Enterprise financing schemes;PT;Portugal;1999;1999;
A;Annual;NAC_HAB;National currency per inhabitant;HF23;Enterprise financing schemes;PT;Portugal;1999;1999;
A;Annual;MIO_PPS;Million purchasing power standards (PPS);HF23;Enterprise financing schemes;PT;Portugal;1999;1999;
A;Annual;PPS_HAB;Purchasing power standard (PPS) per inhabitant;HF23;Enterprise financing schemes;PT;Portugal;1999;1999;
A;Annual;PC_GDP;Percentage of gross domestic product (GDP);HF23;Enterprise financing schemes;PT;Portugal;1999;1999;
A;Annual;PC_CHE;Percentual share of total current health expenditure (CHE);HF23;Enterprise financing schemes;PT;Portugal;1999;1999;
A;Annual;MIO_EUR;Million euro;HF3;Household out-of-pocket payment;PT;Portugal;1999;1999;
A;Annual;EUR_HAB;Euro per inhabitant;HF3;Household out-of-pocket payment;PT;Portugal;1999;1999;
A;Annual;MIO_NAC;Million units of national currency;HF3;Household out-of-pocket payment;PT;Portugal;1999;1999;
A;Annual;NAC_HAB;National currency per inhabitant;HF3;Household out-of-pocket payment;PT;Portugal;1999;1999;
A;Annual;MIO_PPS;Million purchasing power standards (PPS);HF3;Household out-of-pocket payment;PT;Portugal;1999;1999;
A;Annual;PPS_HAB;Purchasing power standard (PPS) per inhabitant;HF3;Household out-of-pocket payment;PT;Portugal;1999;1999;
A;Annual;PC_GDP;Percentage of gross domestic product (GDP);HF3;Household out-of-pocket payment;PT;Portugal;1999;1999;
A;Annual;PC_CHE;Percentual share of total current health expenditure (CHE);HF3;Household out-of-pocket payment;PT;Portugal;1999;1999;
A;Annual;MIO_EUR;Million euro;HF31;Out-of-pocket excluding cost-sharing;PT;Portugal;1999;1999;
A;Annual;EUR_HAB;Euro per inhabitant;HF31;Out-of-pocket excluding cost-sharing;PT;Portugal;1999;1999;
A;Annual;MIO_NAC;Million units of national currency;HF31;Out-of-pocket excluding cost-sharing;PT;Portugal;1999;1999;
A;Annual;NAC_HAB;National currency per inhabitant;HF31;Out-of-pocket excluding cost-sharing;PT;Portugal;1999;1999;
A;Annual;MIO_PPS;Million purchasing power standards (PPS);HF31;Out-of-pocket excluding cost-sharing;PT;Portugal;1999;1999;
A;Annual;PPS_HAB;Purchasing power standard (PPS) per inhabitant;HF31;Out-of-pocket excluding cost-sharing;PT;Portugal;1999;1999;
A;Annual;PC_GDP;Percentage of gross domestic product (GDP);HF31;Out-of-pocket excluding cost-sharing;PT;Portugal;1999;1999;
A;Annual;PC_CHE;Percentual share of total current health expenditure (CHE);HF31;Out-of-pocket excluding cost-sharing;PT;Portugal;1999;1999;
A;Annual;MIO_EUR;Million euro;HF32;Cost sharing with third-party payers;PT;Portugal;1999;1999;
A;Annual;EUR_HAB;Euro per inhabitant;HF32;Cost sharing with third-party payers;PT;Portugal;1999;1999;
A;Annual;MIO_NAC;Million units of national currency;HF32;Cost sharing with third-party payers;PT;Portugal;1999;1999;
A;Annual;NAC_HAB;National currency per inhabitant;HF32;Cost sharing with third-party payers;PT;Portugal;1999;1999;
A;Annual;MIO_PPS;Million purchasing power standards (PPS);HF32;Cost sharing with third-party payers;PT;Portugal;1999;1999;
A;Annual;PPS_HAB;Purchasing power standard (PPS) per inhabitant;HF32;Cost sharing with third-party payers;PT;Portugal;1999;1999;
A;Annual;PC_GDP;Percentage of gross domestic product (GDP);HF32;Cost sharing with third-party payers;PT;Portugal;1999;1999;
A;Annual;PC_CHE;Percentual share of total current health expenditure (CHE);HF32;Cost sharing with third-party payers;PT;Portugal;1999;1999;
A;Annual;MIO_EUR;Million euro;HF4;Rest of the world financing schemes (non-resident);PT;Portugal;1999;1999;
A;Annual;EUR_HAB;Euro per inhabitant;HF4;Rest of the world financing schemes (non-resident);PT;Portugal;1999;1999;
A;Annual;MIO_NAC;Million units of national currency;HF4;Rest of the world financing schemes (non-resident);PT;Portugal;1999;1999;
A;Annual;NAC_HAB;National currency per inhabitant;HF4;Rest of the world financing schemes (non-resident);PT;Portugal;1999;1999;
A;Annual;MIO_PPS;Million purchasing power standards (PPS);HF4;Rest of the world financing schemes (non-resident);PT;Portugal;1999;1999;
A;Annual;PPS_HAB;Purchasing power standard (PPS) per inhabitant;HF4;Rest of the world financing schemes (non-resident);PT;Portugal;1999;1999;
A;Annual;PC_GDP;Percentage of gross domestic product (GDP);HF4;Rest of the world financing schemes (non-resident);PT;Portugal;1999;1999;
A;Annual;PC_CHE;Percentual share of total current health expenditure (CHE);HF4;Rest of the world financing schemes (non-resident);PT;Portugal;1999;1999;
A;Annual;MIO_EUR;Million euro;HF_UNK;Financing schemes unknown;PT;Portugal;1999;1999;
A;Annual;EUR_HAB;Euro per inhabitant;HF_UNK;Financing schemes unknown;PT;Portugal;1999;1999;
A;Annual;MIO_NAC;Million units of national currency;HF_UNK;Financing schemes unknown;PT;Portugal;1999;1999;
A;Annual;NAC_HAB;National currency per inhabitant;HF_UNK;Financing schemes unknown;PT;Portugal;1999;1999;
A;Annual;MIO_PPS;Million purchasing power standards (PPS);HF_UNK;Financing schemes unknown;PT;Portugal;1999;1999;
A;Annual;PPS_HAB;Purchasing power standard (PPS) per inhabitant;HF_UNK;Financing schemes unknown;PT;Portugal;1999;1999;
A;Annual;PC_GDP;Percentage of gross domestic product (GDP);HF_UNK;Financing schemes unknown;PT;Portugal;1999;1999;
A;Annual;PC_CHE;Percentual share of total current health expenditure (CHE);HF_UNK;Financing schemes unknown;PT;Portugal;1999;1999;
A;Annual;MIO_EUR;Million euro;TOT_HF;All financing schemes;PT;Portugal;2000;2000;811.28
A;Annual;EUR_HAB;Euro per inhabitant;TOT_HF;All financing schemes;PT;Portugal;2000;2000;944.18
A;Annual;MIO_NAC;Million units of national currency;TOT_HF;All financing schemes;PT;Portugal;2000;2000;1070.42
A;Annual;NAC_HAB;National currency per inhabitant;TOT_HF;All financing schemes;PT;Portugal;2000;2000;1112.99
A;Annual;MIO_PPS;Million purchasing power standards (PPS);TOT_HF;All financing schemes;PT;Portugal;2000;2000;1199.21
A;Annual;PPS_HAB;Purchasing power standard (PPS) per inhabitant;TOT_HF;All financing schemes;PT;Portugal;2000;2000;
A;Annual;PC_GDP;Percentage of gross domestic product (GDP);TOT_HF;All financing schemes;PT;Portugal;2000;2000;
A;Annual;PC_CHE;Percentual share of total current health expenditure (CHE);TOT_HF;All financing schemes;PT;Portugal;2000;2000;
A;Annual;MIO_EUR;Million euro;HF1;Government schemes and compulsory contributory health care financing schemes;PT;Portugal;2000;2000;
A;Annual;EUR_HAB;Euro per inhabitant;HF1;Government schemes and compulsory contributory health care financing schemes;PT;Portugal;2000;2000;
A;Annual;MIO_NAC;Million units of national currency;HF1;Government schemes and compulsory contributory health care financing schemes;PT;Portugal;2000;2000;
A;Annual;NAC_HAB;National currency per inhabitant;HF1;Government schemes and compulsory contributory health care financing schemes;PT;Portugal;2000;2000;
A;Annual;MIO_PPS;Million purchasing power standards (PPS);HF1;Government schemes and compulsory contributory health care financing schemes;PT;Portugal;2000;2000;21286.0
A;Annual;PPS_HAB;Purchasing power standard (PPS) per inhabitant;HF1;Government schemes and compulsory contributory health care financing schemes;PT;Portugal;2000;2000;22501.0
A;Annual;PC_GDP;Percentage of gross domestic product (GDP);HF1;Government schemes and compulsory contributory health care financing schemes;PT;Portugal;2000;2000;24050.0
A;Annual;PC_CHE;Percentual share of total current health expenditure (CHE);HF1;Government schemes and compulsory contributory health care financing schemes;PT;Portugal;2000;2000;27043.0
A;Annual;MIO_EUR;Million euro;HF11;Government schemes;PT;Portugal;2000;2000;30332.0
A;Annual;EUR_HAB;Euro per inhabitant;HF11;Government schemes;PT;Portugal;2000;2000;32586.0
A;Annual;MIO_NAC;Million units of national currency;HF11;Government schemes;PT;Portugal;2000;2000;33079.0
A;Annual;NAC_HAB;National currency per inhabitant;HF11;Government schemes;PT;Portugal;2000;2000;34288.0
A;Annual;MIO_PPS;Million purchasing power standards (PPS);HF11;Government schemes;PT;Portugal;2000;2000;44454.0
A;Annual;PPS_HAB;Purchasing power standard (PPS) per inhabitant;HF11;Government schemes;PT;Portugal;2000;2000;47126.0
A;Annual;PC_GDP;Percentage of gross domestic product (GDP);HF11;Government schemes;PT;Portugal;2000;2000;49637.0
A;Annual;PC_CHE;Percentual share of total current health expenditure (CHE);HF11;Government schemes;PT;Portugal;2000;2000;51937.0
A;Annual;MIO_EUR;Million euro;HF12_13;Compulsory contributory health insurance schemes and compulsory medical saving accounts (CMSA);PT;Portugal;2000;2000;54120.0
A;Annual;EUR_HAB;Euro per inhabitant;HF12_13;Compulsory contributory health insurance schemes and compulsory medical saving accounts (CMSA);PT;Portugal;2000;2000;55016.0
A;Annual;MIO_NAC;Million units of national currency;HF12_13;Compulsory contributory health insurance schemes and compulsory medical saving accounts (CMSA);PT;Portugal;2000;2000;56506.0
A;Annual;NAC_HAB;National currency per inhabitant;HF12_13;Compulsory contributory health insurance schemes and compulsory medical saving accounts (CMSA);PT;Portugal;2000;2000;56722.0
A;Annual;MIO_PPS;Million purchasing power standards (PPS);HF12_13;Compulsory contributory health insurance schemes and compulsory medical saving accounts (CMSA);PT;Portugal;2000;2000;57538.0
A;Annual;PPS_HAB;Purchasing power standard (PPS) per inhabitant;HF12_13;Compulsory contributory health insurance schemes and compulsory medical saving accounts (CMSA);PT;Portugal;2000;2000;57972.0
A;Annual;PC_GDP;Percentage of gross domestic product (GDP);HF12_13;Compulsory contributory health insurance schemes and compulsory medical saving accounts (CMSA);PT;Portugal;2000;2000;59201.0
A;Annual;PC_CHE;Percentual share of total current health expenditure (CHE);HF12_13;Compulsory contributory health insurance schemes and compulsory medical saving accounts (CMSA);PT;Portugal;2000;2000;60951.0
A;Annual;MIO_EUR;Million euro;HF121;Social health insurance schemes;PT;Portugal;2000;2000;63675.0
A;Annual;EUR_HAB;Euro per inhabitant;HF121;Social health insurance schemes;PT;Portugal;2000;2000;68267.0
A;Annual;MIO_NAC;Million units of national currency;HF121;Social health insurance schemes;PT;Portugal;2000;2000;75960.0
A;Annual;NAC_HAB;National currency per inhabitant;HF121;Social health insurance schemes;PT;Portugal;2000;2000;83199.0
A;Annual;MIO_PPS;Million purchasing power standards (PPS);HF121;Social health insurance schemes;PT;Portugal;2000;2000;82560.0
A;Annual;PPS_HAB;Purchasing power standard (PPS) per inhabitant;HF121;Social health insurance schemes;PT;Portugal;2000;2000;86794.0
A;Annual;PC_GDP;Percentage of gross domestic product (GDP);HF121;Social health insurance schemes;PT;Portugal;2000;2000;94379.0
A;Annual;PC_CHE;Percentual share of total current health expenditure (CHE);HF121;Social health insurance schemes;PT;Portugal;2000;2000;
A;Annual;MIO_EUR;Million euro;HF122;Compulsory private insurance scheme;PT;Portugal;2000;2000;
A;Annual;EUR_HAB;Euro per inhabitant;HF122;Compulsory private insurance scheme;PT;Portugal;2000;2000;
A;Annual;MIO_NAC;Million units of national currency;HF122;Compulsory private insurance scheme;PT;Portugal;2000;2000;12032.52
A;Annual;NAC_HAB;National currency per inhabitant;HF122;Compulsory private insurance scheme;PT;Portugal;2000;2000;12367.26
A;Annual;MIO_PPS;Million purchasing power standards (PPS);HF122;Compulsory private insurance scheme;PT;Portugal;2000;2000;12819.5
A;Annual;PPS_HAB;Purchasing power standard (PPS) per inhabitant;HF122;Compulsory private insurance scheme;PT;Portugal;2000;2000;13567.75
A;Annual;PC_GDP;Percentage of gross domestic product (GDP);HF122;Compulsory private insurance scheme;PT;Portugal;2000;2000;14369.53
A;Annual;PC_CHE;Percentual share of total current health expenditure (CHE);HF122;Compulsory private insurance scheme;PT;Portugal;2000;2000;14854.9
A;Annual;MIO_EUR;Million euro;HF13;Compulsory medical savings accounts (CMSA);PT;Portugal;2000;2000;15325.74
A;Annual;EUR_HAB;Euro per inhabitant;HF13;Compulsory medical savings accounts (CMSA);PT;Portugal;2000;2000;15949.55
A;Annual;MIO_NAC;Million units of national currency;HF13;Compulsory medical savings accounts (CMSA);PT;Portugal;2000;2000;16482.54
A;Annual;NAC_HAB;National currency per inhabitant;HF13;Compulsory medical savings accounts (CMSA);PT;Portugal;2000;2000;17292.52
A;Annual;MIO_PPS;Million purchasing power standards (PPS);HF13;Compulsory medical savings accounts (CMSA);PT;Portugal;2000;2000;18118.39
A;Annual;PPS_HAB;Purchasing power standard (PPS) per inhabitant;HF13;Compulsory medical savings accounts (CMSA);PT;Portugal;2000;2000;19043.63
A;Annual;PC_GDP;Percentage of gross domestic product (GDP);HF13;Compulsory medical savings accounts (CMSA);PT;Portugal;2000;2000;20145.49
A;Annual;PC_CHE;Percentual share of total current health expenditure (CHE);HF13;Compulsory medical savings accounts (CMSA);PT;Portugal;2000;2000;21460.79
A;Annual;MIO_EUR;Million euro;HF2;Voluntary health care payment schemes;PT;Portugal;2000;2000;22158.33
A;Annual;EUR_HAB;Euro per inhabitant;HF2;Voluntary health care payment schemes;PT;Portugal;2000;2000;22588.72
A;Annual;MIO_NAC;Million units of national currency;HF2;Voluntary health care payment schemes;PT;Portugal;2000;2000;23231.95
A;Annual;NAC_HAB;National currency per inhabitant;HF2;Voluntary health care payment schemes;PT;Portugal;2000;2000;24301.2
A;Annual;MIO_PPS;Million purchasing power standards (PPS);HF2;Voluntary health care payment schemes;PT;Portugal;2000;2000;24681.79
A;Annual;PPS_HAB;Purchasing power standard (PPS) per inhabitant;HF2;Voluntary health care payment schemes;PT;Portugal;2000;2000;25601.16
A;Annual;PC_GDP;Percentage of gross domestic product (GDP);HF2;Voluntary health care payment schemes;PT;Portugal;2000;2000;26481.55
A;Annual;PC_CHE;Percentual share of total current health expenditure (CHE);HF2;Voluntary health care payment schemes;PT;Portugal;2000;2000;27438.99
A;Annual;MIO_EUR;Million euro;HF21;Voluntary health insurance schemes;PT;Portugal;2000;2000;28420.43
A;Annual;EUR_HAB;Euro per inhabitant;HF21;Voluntary health insurance schemes;PT;Portugal;2000;2000;29801.27
A;Annual;MIO_NAC;Million units of national currency;HF21;Voluntary health insurance schemes;PT;Portugal;2000;2000;31284.33
A;Annual;NAC_HAB;National currency per inhabitant;HF21;Voluntary health insurance schemes;PT;Portugal;2000;2000;33164.31
A;Annual;MIO_PPS;Million purchasing power standards (PPS);HF21;Voluntary health insurance schemes;PT;Portugal;2000;2000;38484.28
A;Annual;PPS_HAB;Purchasing power standard (PPS) per inhabitant;HF21;Voluntary health insurance schemes;PT;Portugal;2000;2000;38824.22
A;Annual;PC_GDP;Percentage of gross domestic product (GDP);HF21;Voluntary health insurance schemes;PT;Portugal;2000;2000;40460.62
A;Annual;PC_CHE;Percentual share of total current health expenditure (CHE);HF21;Voluntary health insurance schemes;PT;Portugal;2000;2000;43496.35
A;Annual;MIO_EUR;Million euro;HF22;NPISH financing schemes;PT;Portugal;2000;2000;
A;Annual;EUR_HAB;Euro per inhabitant;HF22;NPISH financing schemes;PT;Portugal;2000;2000;
A;Annual;MIO_NAC;Million units of national currency;HF22;NPISH financing schemes;PT;Portugal;2000;2000;
A;Annual;NAC_HAB;National currency per inhabitant;HF22;NPISH financing schemes;PT;Portugal;2000;2000;
A;Annual;MIO_PPS;Million purchasing power standards (PPS);HF22;NPISH financing schemes;PT;Portugal;2000;2000;
A;Annual;PPS_HAB;Purchasing power standard (PPS) per inhabitant;HF22;NPISH financing schemes;PT;Portugal;2000;2000;
A;Annual;PC_GDP;Percentage of gross domestic product (GDP);HF22;NPISH financing schemes;PT;Portugal;2000;2000;
A;Annual;PC_CHE;Percentual share of total current health expenditure (CHE);HF22;NPISH financing schemes;PT;Portugal;2000;2000;
A;Annual;MIO_EUR;Million euro;HF23;Enterprise financing schemes;PT;Portugal;2000;2000;
A;Annual;EUR_HAB;Euro per inhabitant;HF23;Enterprise financing schemes;PT;Portugal;2000;2000;
A;Annual;MIO_NAC;Million units of national currency;HF23;Enterprise financing schemes;PT;Portugal;2000;2000;
A;Annual;NAC_HAB;National currency per inhabitant;HF23;Enterprise financing schemes;PT;Portugal;2000;2000;
A;Annual;MIO_PPS;Million purchasing power standards (PPS);HF23;Enterprise financing schemes;PT;Portugal;2000;2000;
A;Annual;PPS_HAB;Purchasing power standard (PPS) per inhabitant;HF23;Enterprise financing schemes;PT;Portugal;2000;2000;
A;Annual;PC_GDP;Percentage of gross domestic product (GDP);HF23;Enterprise financing schemes;PT;Portugal;2000;2000;
A;Annual;PC_CHE;Percentual share of total current health expenditure (CHE);HF23;Enterprise financing schemes;PT;Portugal;2000;2000;
A;Annual;MIO_EUR;Million euro;HF3;Household out-of-pocket payment;PT;Portugal;2000;2000;
A;Annual;EUR_HAB;Euro per inhabitant;HF3;Household out-of-pocket payment;PT;Portugal;2000;2000;
A;Annual;MIO_NAC;Million units of national currency;HF3;Household out-of-pocket payment;PT;Portugal;2000;2000;
A;Annual;NAC_HAB;National currency per inhabitant;HF3;Household out-of-pocket payment;PT;Portugal;2000;2000;
A;Annual;MIO_PPS;Million purchasing power standards (PPS);HF3;Household out-of-pocket payment;PT;Portugal;2000;2000;
A;Annual;PPS_HAB;Purchasing power standard (PPS) per inhabitant;HF3;Household out-of-pocket payment;PT;Portugal;2000;2000;74639.14
A;Annual;PC_GDP;Percentage of gross domestic product (GDP);HF3;Household out-of-pocket payment;PT;Portugal;2000;2000;75928.65
A;Annual;PC_CHE;Percentual share of total current health expenditure (CHE);HF3;Household out-of-pocket payment;PT;Portugal;2000;2000;79886.59
A;Annual;MIO_EUR;Million euro;HF31;Out-of-pocket excluding cost-sharing;PT;Portugal;2000;2000;84591.51
A;Annual;EUR_HAB;Euro per inhabitant;HF31;Out-of-pocket excluding cost-sharing;PT;Portugal;2000;2000;90445.5
A;Annual;MIO_NAC;Million units of national currency;HF31;Out-of-pocket excluding cost-sharing;PT;Portugal;2000;2000;95977.06
A;Annual;NAC_HAB;National currency per inhabitant;HF31;Out-of-pocket excluding cost-sharing;PT;Portugal;2000;2000;106113.93
A;Annual;MIO_PPS;Million purchasing power standards (PPS);HF31;Out-of-pocket excluding cost-sharing;PT;Portugal;2000;2000;109752.71
A;Annual;PPS_HAB;Purchasing power standard (PPS) per inhabitant;HF31;Out-of-pocket excluding cost-sharing;PT;Portugal;2000;2000;122767.16
A;Annual;PC_GDP;Percentage of gross domestic product (GDP);HF31;Out-of-pocket excluding cost-sharing;PT;Portugal;2000;2000;148941.4
A;Annual;PC_CHE;Percentual share of total current health expenditure (CHE);HF31;Out-of-pocket excluding cost-sharing;PT;Portugal;2000;2000;189109.78
A;Annual;MIO_EUR;Million euro;HF32;Cost sharing with third-party payers;PT;Portugal;2000;2000;229079.54
A;Annual;EUR_HAB;Euro per inhabitant;HF32;Cost sharing with third-party payers;PT;Portugal;2000;2000;
A;Annual;MIO_NAC;Million units of national currency;HF32;Cost sharing with third-party payers;PT;Portugal;2000;2000;
A;Annual;NAC_HAB;National currency per inhabitant;HF32;Cost sharing with third-party payers;PT;Portugal;2000;2000;
A;Annual;MIO_PPS;Million purchasing power standards (PPS);HF32;Cost sharing with third-party payers;PT;Portugal;2000;2000;
A;Annual;PPS_HAB;Purchasing power standard (PPS) per inhabitant;HF32;Cost sharing with third-party payers;PT;Portugal;2000;2000;
A;Annual;PC_GDP;Percentage of gross domestic product (GDP);HF32;Cost sharing with third-party payers;PT;Portugal;2000;2000;
A;Annual;PC_CHE;Percentual share of total current health expenditure (CHE);HF32;Cost sharing with third-party payers;PT;Portugal;2000;2000;
A;Annual;MIO_EUR;Million euro;HF4;Rest of the world financing schemes (non-resident);PT;Portugal;2000;2000;
A;Annual;EUR_HAB;Euro per inhabitant;HF4;Rest of the world financing schemes (non-resident);PT;Portugal;2000;2000;7706.93
A;Annual;MIO_NAC;Million units of national currency;HF4;Rest of the world financing schemes (non-resident);PT;Portugal;2000;2000;8224.77
A;Annual;NAC_HAB;National currency per inhabitant;HF4;Rest of the world financing schemes (non-resident);PT;Portugal;2000;2000;9022.83
A;Annual;MIO_PPS;Million purchasing power standards (PPS);HF4;Rest of the world financing schemes (non-resident);PT;Portugal;2000;2000;9415.56
A;Annual;PPS_HAB;Purchasing power standard (PPS) per inhabitant;HF4;Rest of the world financing schemes (non-resident);PT;Portugal;2000;2000;10247.08
A;Annual;PC_GDP;Percentage of gross domestic product (GDP);HF4;Rest of the world financing schemes (non-resident);PT;Portugal;2000;2000;10857.96
A;Annual;PC_CHE;Percentual share of total current health expenditure (CHE);HF4;Rest of the world financing schemes (non-resident);PT;Portugal;2000;2000;9873.16
A;Annual;MIO_EUR;Million euro;HF_UNK;Financing schemes unknown;PT;Portugal;2000;2000;10188.54
A;Annual;EUR_HAB;Euro per inhabitant;HF_UNK;Financing schemes unknown;PT;Portugal;2000;2000;10735.45
A;Annual;MIO_NAC;Million units of national currency;HF_UNK;Financing schemes unknown;PT;Portugal;2000;2000;11347.65
A;Annual;NAC_HAB;National currency per inhabitant;HF_UNK;Financing schemes unknown;PT;Portugal;2000;2000;11994.41
A;Annual;MIO_PPS;Million purchasing power standards (PPS);HF_UNK;Financing schemes unknown;PT;Portugal;2000;2000;11062.22
A;Annual;PPS_HAB;Purchasing power standard (PPS) per inhabitant;HF_UNK;Financing schemes unknown;PT;Portugal;2000;2000;9965.19
A;Annual;PC_GDP;Percentage of gross domestic product (GDP);HF_UNK;Financing schemes unknown;PT;Portugal;2000;2000;9996.81
A;Annual;PC_CHE;Percentual share of total current health expenditure (CHE);HF_UNK;Financing schemes unknown;PT;Portugal;2000;2000;9991.98
A;Annual;MIO_EUR;Million euro;TOT_HF;All financing schemes;PT;Portugal;2001;2001;
A;Annual;EUR_HAB;Euro per inhabitant;TOT_HF;All financing schemes;PT;Portugal;2001;2001;
A;Annual;MIO_NAC;Million units of national currency;TOT_HF;All financing schemes;PT;Portugal;2001;2001;0.0
A;Annual;NAC_HAB;National currency per inhabitant;TOT_HF;All financing schemes;PT;Portugal;2001;2001;0.0
A;Annual;MIO_PPS;Million purchasing power standards (PPS);TOT_HF;All financing schemes;PT;Portugal;2001;2001;0.0
A;Annual;PPS_HAB;Purchasing power standard (PPS) per inhabitant;TOT_HF;All financing schemes;PT;Portugal;2001;2001;0.0
A;Annual;PC_GDP;Percentage of gross domestic product (GDP);TOT_HF;All financing schemes;PT;Portugal;2001;2001;0.0
A;Annual;PC_CHE;Percentual share of total current health expenditure (CHE);TOT_HF;All financing schemes;PT;Portugal;2001;2001;0.0
A;Annual;MIO_EUR;Million euro;HF1;Government schemes and compulsory contributory health care financing schemes;PT;Portugal;2001;2001;0.0
A;Annual;EUR_HAB;Euro per inhabitant;HF1;Government schemes and compulsory contributory health care financing schemes;PT;Portugal;2001;2001;0.0
A;Annual;MIO_NAC;Million units of national currency;HF1;Government schemes and compulsory contributory health care financing schemes;PT;Portugal;2001;2001;0.0
A;Annual;NAC_HAB;National currency per inhabitant;HF1;Government schemes and compulsory contributory health care financing schemes;PT;Portugal;2001;2001;0.0
A;Annual;MIO_PPS;Million purchasing power standards (PPS);HF1;Government schemes and compulsory contributory health care financing schemes;PT;Portugal;2001;2001;0.0
A;Annual;PPS_HAB;Purchasing power standard (PPS) per inhabitant;HF1;Government schemes and compulsory contributory health care financing schemes;PT;Portugal;2001;2001;0.0
A;Annual;PC_GDP;Percentage of gross domestic product (GDP);HF1;Government schemes and compulsory contributory health care financing schemes;PT;Portugal;2001;2001;0.0
A;Annual;PC_CHE;Percentual share of total current health expenditure (CHE);HF1;Government schemes and compulsory contributory health care financing schemes;PT;Portugal;2001;2001;0.0
A;Annual;MIO_EUR;Million euro;HF11;Government schemes;PT;Portugal;2001;2001;
A;Annual;EUR_HAB;Euro per inhabitant;HF11;Government schemes;PT;Portugal;2001;2001;
A;Annual;MIO_NAC;Million units of national currency;HF11;Government schemes;PT;Portugal;2001;2001;
A;Annual;NAC_HAB;National currency per inhabitant;HF11;Government schemes;PT;Portugal;2001;2001;
A;Annual;MIO_PPS;Million purchasing power standards (PPS);HF11;Government schemes;PT;Portugal;2001;2001;
A;Annual;PPS_HAB;Purchasing power standard (PPS) per inhabitant;HF11;Government schemes;PT;Portugal;2001;2001;
A;Annual;PC_GDP;Percentage of gross domestic product (GDP);HF11;Government schemes;PT;Portugal;2001;2001;
A;Annual;PC_CHE;Percentual share of total current health expenditure (CHE);HF11;Government schemes;PT;Portugal;2001;2001;
A;Annual;MIO_EUR;Million euro;HF12_13;Compulsory contributory health insurance schemes and compulsory medical saving accounts (CMSA);PT;Portugal;2001;2001;
A;Annual;EUR_HAB;Euro per inhabitant;HF12_13;Compulsory contributory health insurance schemes and compulsory medical saving accounts (CMSA);PT;Portugal;2001;2001;
A;Annual;MIO_NAC;Million units of national currency;HF12_13;Compulsory contributory health insurance schemes and compulsory medical saving accounts (CMSA);PT;Portugal;2001;2001;
A;Annual;NAC_HAB;National currency per inhabitant;HF12_13;Compulsory contributory health insurance schemes and compulsory medical saving accounts (CMSA);PT;Portugal;2001;2001;
A;Annual;MIO_PPS;Million purchasing power standards (PPS);HF12_13;Compulsory contributory health insurance schemes and compulsory medical saving accounts (CMSA);PT;Portugal;2001;2001;
A;Annual;PPS_HAB;Purchasing power standard (PPS) per inhabitant;HF12_13;Compulsory contributory health insurance schemes and compulsory medical saving accounts (CMSA);PT;Portugal;2001;2001;
A;Annual;PC_GDP;Percentage of gross domestic product (GDP);HF12_13;Compulsory contributory health insurance schemes and compulsory medical saving accounts (CMSA);PT;Portugal;2001;2001;
A;Annual;PC_CHE;Percentual share of total current health expenditure (CHE);HF12_13;Compulsory contributory health insurance schemes and compulsory medical saving accounts (CMSA);PT;Portugal;2001;2001;
A;Annual;MIO_EUR;Million euro;HF121;Social health insurance schemes;PT;Portugal;2001;2001;
A;Annual;EUR_HAB;Euro per inhabitant;HF121;Social health insurance schemes;PT;Portugal;2001;2001;
A;Annual;MIO_NAC;Million units of national currency;HF121;Social health insurance schemes;PT;Portugal;2001;2001;
A;Annual;NAC_HAB;National currency per inhabitant;HF121;Social health insurance schemes;PT;Portugal;2001;2001;
A;Annual;MIO_PPS;Million purchasing power standards (PPS);HF121;Social health insurance schemes;PT;Portugal;2001;2001;
A;Annual;PPS_HAB;Purchasing power standard (PPS) per inhabitant;HF121;Social health insurance schemes;PT;Portugal;2001;2001;
A;Annual;PC_GDP;Percentage of gross domestic product (GDP);HF121;Social health insurance schemes;PT;Portugal;2001;2001;
A;Annual;PC_CHE;Percentual share of total current health expenditure (CHE);HF121;Social health insurance schemes;PT;Portugal;2001;2001;
A;Annual;MIO_EUR;Million euro;HF122;Compulsory private insurance scheme;PT;Portugal;2001;2001;0.0
A;Annual;EUR_HAB;Euro per inhabitant;HF122;Compulsory private insurance scheme;PT;Portugal;2001;2001;0.0
A;Annual;MIO_NAC;Million units of national currency;HF122;Compulsory private insurance scheme;PT;Portugal;2001;2001;0.0
A;Annual;NAC_HAB;National currency per inhabitant;HF122;Compulsory private insurance scheme;PT;Portugal;2001;2001;0.0
A;Annual;MIO_PPS;Million purchasing power standards (PPS);HF122;Compulsory private insurance scheme;PT;Portugal;2001;2001;0.0
A;Annual;PPS_HAB;Purchasing power standard (PPS) per inhabitant;HF122;Compulsory private insurance scheme;PT;Portugal;2001;2001;
A;Annual;PC_GDP;Percentage of gross domestic product (GDP);HF122;Compulsory private insurance scheme;PT;Portugal;2001;2001;0.0
A;Annual;PC_CHE;Percentual share of total current health expenditure (CHE);HF122;Compulsory private insurance scheme;PT;Portugal;2001;2001;0.0
A;Annual;MIO_EUR;Million euro;HF13;Compulsory medical savings accounts (CMSA);PT;Portugal;2001;2001;0.0
A;Annual;EUR_HAB;Euro per inhabitant;HF13;Compulsory medical savings accounts (CMSA);PT;Portugal;2001;2001;
A;Annual;MIO_NAC;Million units of national currency;HF13;Compulsory medical savings accounts (CMSA);PT;Portugal;2001;2001;
A;Annual;NAC_HAB;National currency per inhabitant;HF13;Compulsory medical savings accounts (CMSA);PT;Portugal;2001;2001;
A;Annual;MIO_PPS;Million purchasing power standards (PPS);HF13;Compulsory medical savings accounts (CMSA);PT;Portugal;2001;2001;
A;Annual;PPS_HAB;Purchasing power standard (PPS) per inhabitant;HF13;Compulsory medical savings accounts (CMSA);PT;Portugal;2001;2001;
A;Annual;PC_GDP;Percentage of gross domestic product (GDP);HF13;Compulsory medical savings accounts (CMSA);PT;Portugal;2001;2001;
A;Annual;PC_CHE;Percentual share of total current health expenditure (CHE);HF13;Compulsory medical savings accounts (CMSA);PT;Portugal;2001;2001;
A;Annual;MIO_EUR;Million euro;HF2;Voluntary health care payment schemes;PT;Portugal;2001;2001;
A;Annual;EUR_HAB;Euro per inhabitant;HF2;Voluntary health care payment schemes;PT;Portugal;2001;2001;
A;Annual;MIO_NAC;Million units of national currency;HF2;Voluntary health care payment schemes;PT;Portugal;2001;2001;
A;Annual;NAC_HAB;National currency per inhabitant;HF2;Voluntary health care payment schemes;PT;Portugal;2001;2001;
A;Annual;MIO_PPS;Million purchasing power standards (PPS);HF2;Voluntary health care payment schemes;PT;Portugal;2001;2001;
A;Annual;PPS_HAB;Purchasing power standard (PPS) per inhabitant;HF2;Voluntary health care payment schemes;PT;Portugal;2001;2001;
A;Annual;PC_GDP;Percentage of gross domestic product (GDP);HF2;Voluntary health care payment schemes;PT;Portugal;2001;2001;
A;Annual;PC_CHE;Percentual share of total current health expenditure (CHE);HF2;Voluntary health care payment schemes;PT;Portugal;2001;2001;
A;Annual;MIO_EUR;Million euro;HF21;Voluntary health insurance schemes;PT;Portugal;2001;2001;0.0
A;Annual;EUR_HAB;Euro per inhabitant;HF21;Voluntary health insurance schemes;PT;Portugal;2001;2001;
A;Annual;MIO_NAC;Million units of national currency;HF21;Voluntary health insurance schemes;PT;Portugal;2001;2001;
A;Annual;NAC_HAB;National currency per inhabitant;HF21;Voluntary health insurance schemes;PT;Portugal;2001;2001;0.0
A;Annual;MIO_PPS;Million purchasing power standards (PPS);HF21;Voluntary health insurance schemes;PT;Portugal;2001;2001;0.0
A;Annual;PPS_HAB;Purchasing power standard (PPS) per inhabitant;HF21;Voluntary health insurance schemes;PT;Portugal;2001;2001;
A;Annual;PC_GDP;Percentage of gross domestic product (GDP);HF21;Voluntary health insurance schemes;PT;Portugal;2001;2001;
A;Annual;PC_CHE;Percentual share of total current health expenditure (CHE);HF21;Voluntary health insurance schemes;PT;Portugal;2001;2001;
A;Annual;MIO_EUR;Million euro;HF22;NPISH financing schemes;PT;Portugal;2001;2001;0.0
A;Annual;EUR_HAB;Euro per inhabitant;HF22;NPISH financing schemes;PT;Portugal;2001;2001;0.0
A;Annual;MIO_NAC;Million units of national currency;HF22;NPISH financing schemes;PT;Portugal;2001;2001;0.0
A;Annual;NAC_HAB;National currency per inhabitant;HF22;NPISH financing schemes;PT;Portugal;2001;2001;0.0
A;Annual;MIO_PPS;Million purchasing power standards (PPS);HF22;NPISH financing schemes;PT;Portugal;2001;2001;0.0
A;Annual;PPS_HAB;Purchasing power standard (PPS) per inhabitant;HF22;NPISH financing schemes;PT;Portugal;2001;2001;0.0
A;Annual;PC_GDP;Percentage of gross domestic product (GDP);HF22;NPISH financing schemes;PT;Portugal;2001;2001;0.0
A;Annual;PC_CHE;Percentual share of total current health expenditure (CHE);HF22;NPISH financing schemes;PT;Portugal;2001;2001;0.0
A;Annual;MIO_EUR;Million euro;HF23;Enterprise financing schemes;PT;Portugal;2001;2001;0.0
A;Annual;EUR_HAB;Euro per inhabitant;HF23;Enterprise financing schemes;PT;Portugal;2001;2001;0.0
A;Annual;MIO_NAC;Million units of national currency;HF23;Enterprise financing schemes;PT;Portugal;2001;2001;
A;Annual;NAC_HAB;National currency per inhabitant;HF23;Enterprise financing schemes;PT;Portugal;2001;2001;
A;Annual;MIO_PPS;Million purchasing power standards (PPS);HF23;Enterprise financing schemes;PT;Portugal;2001;2001;
A;Annual;PPS_HAB;Purchasing power standard (PPS) per inhabitant;HF23;Enterprise financing schemes;PT;Portugal;2001;2001;
A;Annual;PC_GDP;Percentage of gross domestic product (GDP);HF23;Enterprise financing schemes;PT;Portugal;2001;2001;
A;Annual;PC_CHE;Percentual share of total current health expenditure (CHE);HF23;Enterprise financing schemes;PT;Portugal;2001;2001;
A;Annual;MIO_EUR;Million euro;HF3;Household out-of-pocket payment;PT;Portugal;2001;2001;
A;Annual;EUR_HAB;Euro per inhabitant;HF3;Household out-of-pocket payment;PT;Portugal;2001;2001;
A;Annual;MIO_NAC;Million units of national currency;HF3;Household out-of-pocket payment;PT;Portugal;2001;2001;
A;Annual;NAC_HAB;National currency per inhabitant;HF3;Household out-of-pocket payment;PT;Portugal;2001;2001;
A;Annual;MIO_PPS;Million purchasing power standards (PPS);HF3;Household out-of-pocket payment;PT;Portugal;2001;2001;
A;Annual;PPS_HAB;Purchasing power standard (PPS) per inhabitant;HF3;Household out-of-pocket payment;PT;Portugal;2001;2001;
A;Annual;PC_GDP;Percentage of gross domestic product (GDP);HF3;Household out-of-pocket payment;PT;Portugal;2001;2001;
A;Annual;PC_CHE;Percentual share of total current health expenditure (CHE);HF3;Household out-of-pocket payment;PT;Portugal;2001;2001;
A;Annual;MIO_EUR;Million euro;HF31;Out-of-pocket excluding cost-sharing;PT;Portugal;2001;2001;
A;Annual;EUR_HAB;Euro per inhabitant;HF31;Out-of-pocket excluding cost-sharing;PT;Portugal;2001;2001;
A;Annual;MIO_NAC;Million units of national currency;HF31;Out-of-pocket excluding cost-sharing;PT;Portugal;2001;2001;
A;Annual;NAC_HAB;National currency per inhabitant;HF31;Out-of-pocket excluding cost-sharing;PT;Portugal;2001;2001;
A;Annual;MIO_PPS;Million purchasing power standards (PPS);HF31;Out-of-pocket excluding cost-sharing;PT;Portugal;2001;2001;
A;Annual;PPS_HAB;Purchasing power standard (PPS) per inhabitant;HF31;Out-of-pocket excluding cost-sharing;PT;Portugal;2001;2001;
A;Annual;PC_GDP;Percentage of gross domestic product (GDP);HF31;Out-of-pocket excluding cost-sharing;PT;Portugal;2001;2001;
A;Annual;PC_CHE;Percentual share of total current health expenditure (CHE);HF31;Out-of-pocket excluding cost-sharing;PT;Portugal;2001;2001;0.0
A;Annual;MIO_EUR;Million euro;HF32;Cost sharing with third-party payers;PT;Portugal;2001;2001;0.0
A;Annual;EUR_HAB;Euro per inhabitant;HF32;Cost sharing with third-party payers;PT;Portugal;2001;2001;0.0
A;Annual;MIO_NAC;Million units of national currency;HF32;Cost sharing with third-party payers;PT;Portugal;2001;2001;0.0
A;Annual;NAC_HAB;National currency per inhabitant;HF32;Cost sharing with third-party payers;PT;Portugal;2001;2001;0.0
A;Annual;MIO_PPS;Million purchasing power standards (PPS);HF32;Cost sharing with third-party payers;PT;Portugal;2001;2001;0.0
A;Annual;PPS_HAB;Purchasing power standard (PPS) per inhabitant;HF32;Cost sharing with third-party payers;PT;Portugal;2001;2001;0.0
A;Annual;PC_GDP;Percentage of gross domestic product (GDP);HF32;Cost sharing with third-party payers;PT;Portugal;2001;2001;0.0
A;Annual;PC_CHE;Percentual share of total current health expenditure (CHE);HF32;Cost sharing with third-party payers;PT;Portugal;2001;2001;0.0
A;Annual;MIO_EUR;Million euro;HF4;Rest of the world financing schemes (non-resident);PT;Portugal;2001;2001;0.0
A;Annual;EUR_HAB;Euro per inhabitant;HF4;Rest of the world financing schemes (non-resident);PT;Portugal;2001;2001;0.0
A;Annual;MIO_NAC;Million units of national currency;HF4;Rest of the world financing schemes (non-resident);PT;Portugal;2001;2001;0.0
A;Annual;NAC_HAB;National currency per inhabitant;HF4;Rest of the world financing schemes (non-resident);PT;Portugal;2001;2001;0.0
A;Annual;MIO_PPS;Million purchasing power standards (PPS);HF4;Rest of the world financing schemes (non-resident);PT;Portugal;2001;2001;
A;Annual;PPS_HAB;Purchasing power standard (PPS) per inhabitant;HF4;Rest of the world financing schemes (non-resident);PT;Portugal;2001;2001;
A;Annual;PC_GDP;Percentage of gross domestic product (GDP);HF4;Rest of the world financing schemes (non-resident);PT;Portugal;2001;2001;
A;Annual;PC_CHE;Percentual share of total current health expenditure (CHE);HF4;Rest of the world financing schemes (non-resident);PT;Portugal;2001;2001;
A;Annual;MIO_EUR;Million euro;HF_UNK;Financing schemes unknown;PT;Portugal;2001;2001;
A;Annual;EUR_HAB;Euro per inhabitant;HF_UNK;Financing schemes unknown;PT;Portugal;2001;2001;
A;Annual;MIO_NAC;Million units of national currency;HF_UNK;Financing schemes unknown;PT;Portugal;2001;2001;
A;Annual;NAC_HAB;National currency per inhabitant;HF_UNK;Financing schemes unknown;PT;Portugal;2001;2001;
A;Annual;MIO_PPS;Million purchasing power standards (PPS);HF_UNK;Financing schemes unknown;PT;Portugal;2001;2001;
A;Annual;PPS_HAB;Purchasing power standard (PPS) per inhabitant;HF_UNK;Financing schemes unknown;PT;Portugal;2001;2001;
A;Annual;PC_GDP;Percentage of gross domestic product (GDP);HF_UNK;Financing schemes unknown;PT;Portugal;2001;2001;
A;Annual;PC_CHE;Percentual share of total current health expenditure (CHE);HF_UNK;Financing schemes unknown;PT;Portugal;2001;2001;
A;Annual;MIO_EUR;Million euro;TOT_HF;All financing schemes;PT;Portugal;2002;2002;
A;Annual;EUR_HAB;Euro per inhabitant;TOT_HF;All financing schemes;PT;Portugal;2002;2002;
A;Annual;MIO_NAC;Million units of national currency;TOT_HF;All financing schemes;PT;Portugal;2002;2002;
A;Annual;NAC_HAB;National currency per inhabitant;TOT_HF;All financing schemes;PT;Portugal;2002;2002;
A;Annual;MIO_PPS;Million purchasing power standards (PPS);TOT_HF;All financing schemes;PT;Portugal;2002;2002;
A;Annual;PPS_HAB;Purchasing power standard (PPS) per inhabitant;TOT_HF;All financing schemes;PT;Portugal;2002;2002;
A;Annual;PC_GDP;Percentage of gross domestic product (GDP);TOT_HF;All financing schemes;PT;Portugal;2002;2002;
A;Annual;PC_CHE;Percentual share of total current health expenditure (CHE);TOT_HF;All financing schemes;PT;Portugal;2002;2002;
A;Annual;MIO_EUR;Million euro;HF1;Government schemes and compulsory contributory health care financing schemes;PT;Portugal;2002;2002;
A;Annual;EUR_HAB;Euro per inhabitant;HF1;Government schemes and compulsory contributory health care financing schemes;PT;Portugal;2002;2002;
A;Annual;MIO_NAC;Million units of national currency;HF1;Government schemes and compulsory contributory health care financing schemes;PT;Portugal;2002;2002;
A;Annual;NAC_HAB;National currency per inhabitant;HF1;Government schemes and compulsory contributory health care financing schemes;PT;Portugal;2002;2002;
A;Annual;MIO_PPS;Million purchasing power standards (PPS);HF1;Government schemes and compulsory contributory health care financing schemes;PT;Portugal;2002;2002;46.79
A;Annual;PPS_HAB;Purchasing power standard (PPS) per inhabitant;HF1;Government schemes and compulsory contributory health care financing schemes;PT;Portugal;2002;2002;65.3
A;Annual;PC_GDP;Percentage of gross domestic product (GDP);HF1;Government schemes and compulsory contributory health care financing schemes;PT;Portugal;2002;2002;13.93
A;Annual;PC_CHE;Percentual share of total current health expenditure (CHE);HF1;Government schemes and compulsory contributory health care financing schemes;PT;Portugal;2002;2002;25.53
A;Annual;MIO_EUR;Million euro;HF11;Government schemes;PT;Portugal;2002;2002;11.15
A;Annual;EUR_HAB;Euro per inhabitant;HF11;Government schemes;PT;Portugal;2002;2002;12.46
A;Annual;MIO_NAC;Million units of national currency;HF11;Government schemes;PT;Portugal;2002;2002;10.37
A;Annual;NAC_HAB;National currency per inhabitant;HF11;Government schemes;PT;Portugal;2002;2002;9.49
A;Annual;MIO_PPS;Million purchasing power standards (PPS);HF11;Government schemes;PT;Portugal;2002;2002;13.63
A;Annual;PPS_HAB;Purchasing power standard (PPS) per inhabitant;HF11;Government schemes;PT;Portugal;2002;2002;13.85
A;Annual;PC_GDP;Percentage of gross domestic product (GDP);HF11;Government schemes;PT;Portugal;2002;2002;13.69
A;Annual;PC_CHE;Percentual share of total current health expenditure (CHE);HF11;Government schemes;PT;Portugal;2002;2002;19.04
A;Annual;MIO_EUR;Million euro;HF12_13;Compulsory contributory health insurance schemes and compulsory medical saving accounts (CMSA);PT;Portugal;2002;2002;19.66
A;Annual;EUR_HAB;Euro per inhabitant;HF12_13;Compulsory contributory health insurance schemes and compulsory medical saving accounts (CMSA);PT;Portugal;2002;2002;19.54
A;Annual;MIO_NAC;Million units of national currency;HF12_13;Compulsory contributory health insurance schemes and compulsory medical saving accounts (CMSA);PT;Portugal;2002;2002;19.24
A;Annual;NAC_HAB;National currency per inhabitant;HF12_13;Compulsory contributory health insurance schemes and compulsory medical saving accounts (CMSA);PT;Portugal;2002;2002;
A;Annual;MIO_PPS;Million purchasing power standards (PPS);HF12_13;Compulsory contributory health insurance schemes and compulsory medical saving accounts (CMSA);PT;Portugal;2002;2002;
A;Annual;PPS_HAB;Purchasing power standard (PPS) per inhabitant;HF12_13;Compulsory contributory health insurance schemes and compulsory medical saving accounts (CMSA);PT;Portugal;2002;2002;
A;Annual;PC_GDP;Percentage of gross domestic product (GDP);HF12_13;Compulsory contributory health insurance schemes and compulsory medical saving accounts (CMSA);PT;Portugal;2002;2002;
A;Annual;PC_CHE;Percentual share of total current health expenditure (CHE);HF12_13;Compulsory contributory health insurance schemes and compulsory medical saving accounts (CMSA);PT;Portugal;2002;2002;
A;Annual;MIO_EUR;Million euro;HF121;Social health insurance schemes;PT;Portugal;2002;2002;
A;Annual;EUR_HAB;Euro per inhabitant;HF121;Social health insurance schemes;PT;Portugal;2002;2002;
A;Annual;MIO_NAC;Million units of national currency;HF121;Social health insurance schemes;PT;Portugal;2002;2002;
A;Annual;NAC_HAB;National currency per inhabitant;HF121;Social health insurance schemes;PT;Portugal;2002;2002;
A;Annual;MIO_PPS;Million purchasing power standards (PPS);HF121;Social health insurance schemes;PT;Portugal;2002;2002;
A;Annual;PPS_HAB;Purchasing power standard (PPS) per inhabitant;HF121;Social health insurance schemes;PT;Portugal;2002;2002;
A;Annual;PC_GDP;Percentage of gross domestic product (GDP);HF121;Social health insurance schemes;PT;Portugal;2002;2002;
A;Annual;PC_CHE;Percentual share of total current health expenditure (CHE);HF121;Social health insurance schemes;PT;Portugal;2002;2002;446.0
A;Annual;MIO_EUR;Million euro;HF122;Compulsory private insurance scheme;PT;Portugal;2002;2002;477.0
A;Annual;EUR_HAB;Euro per inhabitant;HF122;Compulsory private insurance scheme;PT;Portugal;2002;2002;544.0
A;Annual;MIO_NAC;Million units of national currency;HF122;Compulsory private insurance scheme;PT;Portugal;2002;2002;549.0
A;Annual;NAC_HAB;National currency per inhabitant;HF122;Compulsory private insurance scheme;PT;Portugal;2002;2002;578.0
A;Annual;MIO_PPS;Million purchasing power standards (PPS);HF122;Compulsory private insurance scheme;PT;Portugal;2002;2002;321.0
A;Annual;PPS_HAB;Purchasing power standard (PPS) per inhabitant;HF122;Compulsory private insurance scheme;PT;Portugal;2002;2002;324.0
A;Annual;PC_GDP;Percentage of gross domestic product (GDP);HF122;Compulsory private insurance scheme;PT;Portugal;2002;2002;339.0
A;Annual;PC_CHE;Percentual share of total current health expenditure (CHE);HF122;Compulsory private insurance scheme;PT;Portugal;2002;2002;334.0
A;Annual;MIO_EUR;Million euro;HF13;Compulsory medical savings accounts (CMSA);PT;Portugal;2002;2002;336.0
A;Annual;EUR_HAB;Euro per inhabitant;HF13;Compulsory medical savings accounts (CMSA);PT;Portugal;2002;2002;334.0
A;Annual;MIO_NAC;Million units of national currency;HF13;Compulsory medical savings accounts (CMSA);PT;Portugal;2002;2002;341.0
A;Annual;NAC_HAB;National currency per inhabitant;HF13;Compulsory medical savings accounts (CMSA);PT;Portugal;2002;2002;345.0
A;Annual;MIO_PPS;Million purchasing power standards (PPS);HF13;Compulsory medical savings accounts (CMSA);PT;Portugal;2002;2002;355.0
A;Annual;PPS_HAB;Purchasing power standard (PPS) per inhabitant;HF13;Compulsory medical savings accounts (CMSA);PT;Portugal;2002;2002;387.0
A;Annual;PC_GDP;Percentage of gross domestic product (GDP);HF13;Compulsory medical savings accounts (CMSA);PT;Portugal;2002;2002;393.0
A;Annual;PC_CHE;Percentual share of total current health expenditure (CHE);HF13;Compulsory medical savings accounts (CMSA);PT;Portugal;2002;2002;422.0
A;Annual;MIO_EUR;Million euro;HF2;Voluntary health care payment schemes;PT;Portugal;2002;2002;503.0
A;Annual;EUR_HAB;Euro per inhabitant;HF2;Voluntary health care payment schemes;PT;Portugal;2002;2002;499.0
A;Annual;MIO_NAC;Million units of national currency;HF2;Voluntary health care payment schemes;PT;Portugal;2002;2002;586.0
A;Annual;NAC_HAB;National currency per inhabitant;HF2;Voluntary health care payment schemes;PT;Portugal;2002;2002;593.0
A;Annual;MIO_PPS;Million purchasing power standards (PPS);HF2;Voluntary health care payment schemes;PT;Portugal;2002;2002;
A;Annual;PPS_HAB;Purchasing power standard (PPS) per inhabitant;HF2;Voluntary health care payment schemes;PT;Portugal;2002;2002;
A;Annual;PC_GDP;Percentage of gross domestic product (GDP);HF2;Voluntary health care payment schemes;PT;Portugal;2002;2002;
A;Annual;PC_CHE;Percentual share of total current health expenditure (CHE);HF2;Voluntary health care payment schemes;PT;Portugal;2002;2002;
A;Annual;MIO_EUR;Million euro;HF21;Voluntary health insurance schemes;PT;Portugal;2002;2002;
A;Annual;EUR_HAB;Euro per inhabitant;HF21;Voluntary health insurance schemes;PT;Portugal;2002;2002;
A;Annual;MIO_NAC;Million units of national currency;HF21;Voluntary health insurance schemes;PT;Portugal;2002;2002;
A;Annual;NAC_HAB;National currency per inhabitant;HF21;Voluntary health insurance schemes;PT;Portugal;2002;2002;
A;Annual;MIO_PPS;Million purchasing power standards (PPS);HF21;Voluntary health insurance schemes;PT;Portugal;2002;2002;
A;Annual;PPS_HAB;Purchasing power standard (PPS) per inhabitant;HF21;Voluntary health insurance schemes;PT;Portugal;2002;2002;
A;Annual;PC_GDP;Percentage of gross domestic product (GDP);HF21;Voluntary health insurance schemes;PT;Portugal;2002;2002;
A;Annual;PC_CHE;Percentual share of total current health expenditure (CHE);HF21;Voluntary health insurance schemes;PT;Portugal;2002;2002;
A;Annual;MIO_EUR;Million euro;HF22;NPISH financing schemes;PT;Portugal;2002;2002;
A;Annual;EUR_HAB;Euro per inhabitant;HF22;NPISH financing schemes;PT;Portugal;2002;2002;
A;Annual;MIO_NAC;Million units of national currency;HF22;NPISH financing schemes;PT;Portugal;2002;2002;
A;Annual;NAC_HAB;National currency per inhabitant;HF22;NPISH financing schemes;PT;Portugal;2002;2002;6.4
A;Annual;MIO_PPS;Million purchasing power standards (PPS);HF22;NPISH financing schemes;PT;Portugal;2002;2002;6.75
A;Annual;PPS_HAB;Purchasing power standard (PPS) per inhabitant;HF22;NPISH financing schemes;PT;Portugal;2002;2002;7.33
A;Annual;PC_GDP;Percentage of gross domestic product (GDP);HF22;NPISH financing schemes;PT;Portugal;2002;2002;7.44
A;Annual;PC_CHE;Percentual share of total current health expenditure (CHE);HF22;NPISH financing schemes;PT;Portugal;2002;2002;
A;Annual;MIO_EUR;Million euro;HF23;Enterprise financing schemes;PT;Portugal;2002;2002;
A;Annual;EUR_HAB;Euro per inhabitant;HF23;Enterprise financing schemes;PT;Portugal;2002;2002;
A;Annual;MIO_NAC;Million units of national currency;HF23;Enterprise financing schemes;PT;Portugal;2002;2002;
A;Annual;NAC_HAB;National currency per inhabitant;HF23;Enterprise financing schemes;PT;Portugal;2002;2002;
A;Annual;MIO_PPS;Million purchasing power standards (PPS);HF23;Enterprise financing schemes;PT;Portugal;2002;2002;
A;Annual;PPS_HAB;Purchasing power standard (PPS) per inhabitant;HF23;Enterprise financing schemes;PT;Portugal;2002;2002;
A;Annual;PC_GDP;Percentage of gross domestic product (GDP);HF23;Enterprise financing schemes;PT;Portugal;2002;2002;
A;Annual;PC_CHE;Percentual share of total current health expenditure (CHE);HF23;Enterprise financing schemes;PT;Portugal;2002;2002;
A;Annual;MIO_EUR;Million euro;HF3;Household out-of-pocket payment;PT;Portugal;2002;2002;
A;Annual;EUR_HAB;Euro per inhabitant;HF3;Household out-of-pocket payment;PT;Portugal;2002;2002;
A;Annual;MIO_NAC;Million units of national currency;HF3;Household out-of-pocket payment;PT;Portugal;2002;2002;
A;Annual;NAC_HAB;National currency per inhabitant;HF3;Household out-of-pocket payment;PT;Portugal;2002;2002;
A;Annual;MIO_PPS;Million purchasing power standards (PPS);HF3;Household out-of-pocket payment;PT;Portugal;2002;2002;
A;Annual;PPS_HAB;Purchasing power standard (PPS) per inhabitant;HF3;Household out-of-pocket payment;PT;Portugal;2002;2002;
A;Annual;PC_GDP;Percentage of gross domestic product (GDP);HF3;Household out-of-pocket payment;PT;Portugal;2002;2002;
A;Annual;PC_CHE;Percentual share of total current health expenditure (CHE);HF3;Household out-of-pocket payment;PT;Portugal;2002;2002;
A;Annual;MIO_EUR;Million euro;HF31;Out-of-pocket excluding cost-sharing;PT;Portugal;2002;2002;
A;Annual;EUR_HAB;Euro per inhabitant;HF31;Out-of-pocket excluding cost-sharing;PT;Portugal;2002;2002;
A;Annual;MIO_NAC;Million units of national currency;HF31;Out-of-pocket excluding cost-sharing;PT;Portugal;2002;2002;
A;Annual;NAC_HAB;National currency per inhabitant;HF31;Out-of-pocket excluding cost-sharing;PT;Portugal;2002;2002;
A;Annual;MIO_PPS;Million purchasing power standards (PPS);HF31;Out-of-pocket excluding cost-sharing;PT;Portugal;2002;2002;
A;Annual;PPS_HAB;Purchasing power standard (PPS) per inhabitant;HF31;Out-of-pocket excluding cost-sharing;PT;Portugal;2002;2002;
A;Annual;PC_GDP;Percentage of gross domestic product (GDP);HF31;Out-of-pocket excluding cost-sharing;PT;Portugal;2002;2002;
A;Annual;PC_CHE;Percentual share of total current health expenditure (CHE);HF31;Out-of-pocket excluding cost-sharing;PT;Portugal;2002;2002;
A;Annual;MIO_EUR;Million euro;HF32;Cost sharing with third-party payers;PT;Portugal;2002;2002;
A;Annual;EUR_HAB;Euro per inhabitant;HF32;Cost sharing with third-party payers;PT;Portugal;2002;2002;
A;Annual;MIO_NAC;Million units of national currency;HF32;Cost sharing with third-party payers;PT;Portugal;2002;2002;
A;Annual;NAC_HAB;National currency per inhabitant;HF32;Cost sharing with third-party payers;PT;Portugal;2002;2002;
A;Annual;MIO_PPS;Million purchasing power standards (PPS);HF32;Cost sharing with third-party payers;PT;Portugal;2002;2002;
A;Annual;PPS_HAB;Purchasing power standard (PPS) per inhabitant;HF32;Cost sharing with third-party payers;PT;Portugal;2002;2002;
A;Annual;PC_GDP;Percentage of gross domestic product (GDP);HF32;Cost sharing with third-party payers;PT;Portugal;2002;2002;
A;Annual;PC_CHE;Percentual share of total current health expenditure (CHE);HF32;Cost sharing with third-party payers;PT;Portugal;2002;2002;
A;Annual;MIO_EUR;Million euro;HF4;Rest of the world financing schemes (non-resident);PT;Portugal;2002;2002;
A;Annual;EUR_HAB;Euro per inhabitant;HF4;Rest of the world financing schemes (non-resident);PT;Portugal;2002;2002;
A;Annual;MIO_NAC;Million units of national currency;HF4;Rest of the world financing schemes (non-resident);PT;Portugal;2002;2002;
A;Annual;NAC_HAB;National currency per inhabitant;HF4;Rest of the world financing schemes (non-resident);PT;Portugal;2002;2002;0.0
A;Annual;MIO_PPS;Million purchasing power standards (PPS);HF4;Rest of the world financing schemes (non-resident);PT;Portugal;2002;2002;0.17
A;Annual;PPS_HAB;Purchasing power standard (PPS) per inhabitant;HF4;Rest of the world financing schemes (non-resident);PT;Portugal;2002;2002;0.35
A;Annual;PC_GDP;Percentage of gross domestic product (GDP);HF4;Rest of the world financing schemes (non-resident);PT;Portugal;2002;2002;0.36
A;Annual;PC_CHE;Percentual share of total current health expenditure (CHE);HF4;Rest of the world financing schemes (non-resident);PT;Portugal;2002;2002;0.26
A;Annual;MIO_EUR;Million euro;HF_UNK;Financing schemes unknown;PT;Portugal;2002;2002;0.46
A;Annual;EUR_HAB;Euro per inhabitant;HF_UNK;Financing schemes unknown;PT;Portugal;2002;2002;0.95
A;Annual;MIO_NAC;Million units of national currency;HF_UNK;Financing schemes unknown;PT;Portugal;2002;2002;0.29
A;Annual;NAC_HAB;National currency per inhabitant;HF_UNK;Financing schemes unknown;PT;Portugal;2002;2002;1.84
A;Annual;MIO_PPS;Million purchasing power standards (PPS);HF_UNK;Financing schemes unknown;PT;Portugal;2002;2002;0.67
A;Annual;PPS_HAB;Purchasing power standard (PPS) per inhabitant;HF_UNK;Financing schemes unknown;PT;Portugal;2002;2002;0.33
A;Annual;PC_GDP;Percentage of gross domestic product (GDP);HF_UNK;Financing schemes unknown;PT;Portugal;2002;2002;
A;Annual;PC_CHE;Percentual share of total current health expenditure (CHE);HF_UNK;Financing schemes unknown;PT;Portugal;2002;2002;
A;Annual;MIO_EUR;Million euro;TOT_HF;All financing schemes;PT;Portugal;2003;2003;
A;Annual;EUR_HAB;Euro per inhabitant;TOT_HF;All financing schemes;PT;Portugal;2003;2003;
A;Annual;MIO_NAC;Million units of national currency;TOT_HF;All financing schemes;PT;Portugal;2003;2003;
A;Annual;NAC_HAB;National currency per inhabitant;TOT_HF;All financing schemes;PT;Portugal;2003;2003;
A;Annual;MIO_PPS;Million purchasing power standards (PPS);TOT_HF;All financing schemes;PT;Portugal;2003;2003;
A;Annual;PPS_HAB;Purchasing power standard (PPS) per inhabitant;TOT_HF;All financing schemes;PT;Portugal;2003;2003;
A;Annual;PC_GDP;Percentage of gross domestic product (GDP);TOT_HF;All financing schemes;PT;Portugal;2003;2003;
A;Annual;PC_CHE;Percentual share of total current health expenditure (CHE);TOT_HF;All financing schemes;PT;Portugal;2003;2003;
A;Annual;MIO_EUR;Million euro;HF1;Government schemes and compulsory contributory health care financing schemes;PT;Portugal;2003;2003;
A;Annual;EUR_HAB;Euro per inhabitant;HF1;Government schemes and compulsory contributory health care financing schemes;PT;Portugal;2003;2003;
A;Annual;MIO_NAC;Million units of national currency;HF1;Government schemes and compulsory contributory health care financing schemes;PT;Portugal;2003;2003;
A;Annual;NAC_HAB;National currency per inhabitant;HF1;Government schemes and compulsory contributory health care financing schemes;PT;Portugal;2003;2003;
A;Annual;MIO_PPS;Million purchasing power standards (PPS);HF1;Government schemes and compulsory contributory health care financing schemes;PT;Portugal;2003;2003;
A;Annual;PPS_HAB;Purchasing power standard (PPS) per inhabitant;HF1;Government schemes and compulsory contributory health care financing schemes;PT;Portugal;2003;2003;
A;Annual;PC_GDP;Percentage of gross domestic product (GDP);HF1;Government schemes and compulsory contributory health care financing schemes;PT;Portugal;2003;2003;
A;Annual;PC_CHE;Percentual share of total current health expenditure (CHE);HF1;Government schemes and compulsory contributory health care financing schemes;PT;Portugal;2003;2003;
A;Annual;MIO_EUR;Million euro;HF11;Government schemes;PT;Portugal;2003;2003;
A;Annual;EUR_HAB;Euro per inhabitant;HF11;Government schemes;PT;Portugal;2003;2003;
A;Annual;MIO_NAC;Million units of national currency;HF11;Government schemes;PT;Portugal;2003;2003;
A;Annual;NAC_HAB;National currency per inhabitant;HF11;Government schemes;PT;Portugal;2003;2003;
A;Annual;MIO_PPS;Million purchasing power standards (PPS);HF11;Government schemes;PT;Portugal;2003;2003;
A;Annual;PPS_HAB;Purchasing power standard (PPS) per inhabitant;HF11;Government schemes;PT;Portugal;2003;2003;
A;Annual;PC_GDP;Percentage of gross domestic product (GDP);HF11;Government schemes;PT;Portugal;2003;2003;
A;Annual;PC_CHE;Percentual share of total current health expenditure (CHE);HF11;Government schemes;PT;Portugal;2003;2003;
A;Annual;MIO_EUR;Million euro;HF12_13;Compulsory contributory health insurance schemes and compulsory medical saving accounts (CMSA);PT;Portugal;2003;2003;
A;Annual;EUR_HAB;Euro per inhabitant;HF12_13;Compulsory contributory health insurance schemes and compulsory medical saving accounts (CMSA);PT;Portugal;2003;2003;
A;Annual;MIO_NAC;Million units of national currency;HF12_13;Compulsory contributory health insurance schemes and compulsory medical saving accounts (CMSA);PT;Portugal;2003;2003;
A;Annual;NAC_HAB;National currency per inhabitant;HF12_13;Compulsory contributory health insurance schemes and compulsory medical saving accounts (CMSA);PT;Portugal;2003;2003;
A;Annual;MIO_PPS;Million purchasing power standards (PPS);HF12_13;Compulsory contributory health insurance schemes and compulsory medical saving accounts (CMSA);PT;Portugal;2003;2003;
A;Annual;PPS_HAB;Purchasing power standard (PPS) per inhabitant;HF12_13;Compulsory contributory health insurance schemes and compulsory medical saving accounts (CMSA);PT;Portugal;2003;2003;
A;Annual;PC_GDP;Percentage of gross domestic product (GDP);HF12_13;Compulsory contributory health insurance schemes and compulsory medical saving accounts (CMSA);PT;Portugal;2003;2003;
A;Annual;PC_CHE;Percentual share of total current health expenditure (CHE);HF12_13;Compulsory contributory health insurance schemes and compulsory medical saving accounts (CMSA);PT;Portugal;2003;2003;
A;Annual;MIO_EUR;Million euro;HF121;Social health insurance schemes;PT;Portugal;2003;2003;
A;Annual;EUR_HAB;Euro per inhabitant;HF121;Social health insurance schemes;PT;Portugal;2003;2003;
A;Annual;MIO_NAC;Million units of national currency;HF121;Social health insurance schemes;PT;Portugal;2003;2003;
A;Annual;NAC_HAB;National currency per inhabitant;HF121;Social health insurance schemes;PT;Portugal;2003;2003;
A;Annual;MIO_PPS;Million purchasing power standards (PPS);HF121;Social health insurance schemes;PT;Portugal;2003;2003;
A;Annual;PPS_HAB;Purchasing power standard (PPS) per inhabitant;HF121;Social health insurance schemes;PT;Portugal;2003;2003;
A;Annual;PC_GDP;Percentage of gross domestic product (GDP);HF121;Social health insurance schemes;PT;Portugal;2003;2003;
A;Annual;PC_CHE;Percentual share of total current health expenditure (CHE);HF121;Social health insurance schemes;PT;Portugal;2003;2003;
A;Annual;MIO_EUR;Million euro;HF122;Compulsory private insurance scheme;PT;Portugal;2003;2003;
A;Annual;EUR_HAB;Euro per inhabitant;HF122;Compulsory private insurance scheme;PT;Portugal;2003;2003;
A;Annual;MIO_NAC;Million units of national currency;HF122;Compulsory private insurance scheme;PT;Portugal;2003;2003;
A;Annual;NAC_HAB;National currency per inhabitant;HF122;Compulsory private insurance scheme;PT;Portugal;2003;2003;
A;Annual;MIO_PPS;Million purchasing power standards (PPS);HF122;Compulsory private insurance scheme;PT;Portugal;2003;2003;
A;Annual;PPS_HAB;Purchasing power standard (PPS) per inhabitant;HF122;Compulsory private insurance scheme;PT;Portugal;2003;2003;
A;Annual;PC_GDP;Percentage of gross domestic product (GDP);HF122;Compulsory private insurance scheme;PT;Portugal;2003;2003;
A;Annual;PC_CHE;Percentual share of total current health expenditure (CHE);HF122;Compulsory private insurance scheme;PT;Portugal;2003;2003;
A;Annual;MIO_EUR;Million euro;HF13;Compulsory medical savings accounts (CMSA);PT;Portugal;2003;2003;
A;Annual;EUR_HAB;Euro per inhabitant;HF13;Compulsory medical savings accounts (CMSA);PT;Portugal;2003;2003;
A;Annual;MIO_NAC;Million units of national currency;HF13;Compulsory medical savings accounts (CMSA);PT;Portugal;2003;2003;
A;Annual;NAC_HAB;National currency per inhabitant;HF13;Compulsory medical savings accounts (CMSA);PT;Portugal;2003;2003;
A;Annual;MIO_PPS;Million purchasing power standards (PPS);HF13;Compulsory medical savings accounts (CMSA);PT;Portugal;2003;2003;
A;Annual;PPS_HAB;Purchasing power standard (PPS) per inhabitant;HF13;Compulsory medical savings accounts (CMSA);PT;Portugal;2003;2003;
A;Annual;PC_GDP;Percentage of gross domestic product (GDP);HF13;Compulsory medical savings accounts (CMSA);PT;Portugal;2003;2003;
A;Annual;PC_CHE;Percentual share of total current health expenditure (CHE);HF13;Compulsory medical savings accounts (CMSA);PT;Portugal;2003;2003;
A;Annual;MIO_EUR;Million euro;HF2;Voluntary health care payment schemes;PT;Portugal;2003;2003;
A;Annual;EUR_HAB;Euro per inhabitant;HF2;Voluntary health care payment schemes;PT;Portugal;2003;2003;
A;Annual;MIO_NAC;Million units of national currency;HF2;Voluntary health care payment schemes;PT;Portugal;2003;2003;
A;Annual;NAC_HAB;National currency per inhabitant;HF2;Voluntary health care payment schemes;PT;Portugal;2003;2003;
A;Annual;MIO_PPS;Million purchasing power standards (PPS);HF2;Voluntary health care payment schemes;PT;Portugal;2003;2003;
A;Annual;PPS_HAB;Purchasing power standard (PPS) per inhabitant;HF2;Voluntary health care payment schemes;PT;Portugal;2003;2003;
A;Annual;PC_GDP;Percentage of gross domestic product (GDP);HF2;Voluntary health care payment schemes;PT;Portugal;2003;2003;
A;Annual;PC_CHE;Percentual share of total current health expenditure (CHE);HF2;Voluntary health care payment schemes;PT;Portugal;2003;2003;
A;Annual;MIO_EUR;Million euro;HF21;Voluntary health insurance schemes;PT;Portugal;2003;2003;
A;Annual;EUR_HAB;Euro per inhabitant;HF21;Voluntary health insurance schemes;PT;Portugal;2003;2003;
A;Annual;MIO_NAC;Million units of national currency;HF21;Voluntary health insurance schemes;PT;Portugal;2003;2003;
A;Annual;NAC_HAB;National currency per inhabitant;HF21;Voluntary health insurance schemes;PT;Portugal;2003;2003;
A;Annual;MIO_PPS;Million purchasing power standards (PPS);HF21;Voluntary health insurance schemes;PT;Portugal;2003;2003;
A;Annual;PPS_HAB;Purchasing power standard (PPS) per inhabitant;HF21;Voluntary health insurance schemes;PT;Portugal;2003;2003;
A;Annual;PC_GDP;Percentage of gross domestic product (GDP);HF21;Voluntary health insurance schemes;PT;Portugal;2003;2003;
A;Annual;PC_CHE;Percentual share of total current health expenditure (CHE);HF21;Voluntary health insurance schemes;PT;Portugal;2003;2003;
A;Annual;MIO_EUR;Million euro;HF22;NPISH financing schemes;PT;Portugal;2003;2003;
A;Annual;EUR_HAB;Euro per inhabitant;HF22;NPISH financing schemes;PT;Portugal;2003;2003;
A;Annual;MIO_NAC;Million units of national currency;HF22;NPISH financing schemes;PT;Portugal;2003;2003;
A;Annual;NAC_HAB;National currency per inhabitant;HF22;NPISH financing schemes;PT;Portugal;2003;2003;
A;Annual;MIO_PPS;Million purchasing power standards (PPS);HF22;NPISH financing schemes;PT;Portugal;2003;2003;
A;Annual;PPS_HAB;Purchasing power standard (PPS) per inhabitant;HF22;NPISH financing schemes;PT;Portugal;2003;2003;
A;Annual;PC_GDP;Percentage of gross domestic product (GDP);HF22;NPISH financing schemes;PT;Portugal;2003;2003;
A;Annual;PC_CHE;Percentual share of total current health expenditure (CHE);HF22;NPISH financing schemes;PT;Portugal;2003;2003;
A;Annual;MIO_EUR;Million euro;HF23;Enterprise financing schemes;PT;Portugal;2003;2003;
A;Annual;EUR_HAB;Euro per inhabitant;HF23;Enterprise financing schemes;PT;Portugal;2003;2003;
A;Annual;MIO_NAC;Million units of national currency;HF23;Enterprise financing schemes;PT;Portugal;2003;2003;
A;Annual;NAC_HAB;National currency per inhabitant;HF23;Enterprise financing schemes;PT;Portugal;2003;2003;
A;Annual;MIO_PPS;Million purchasing power standards (PPS);HF23;Enterprise financing schemes;PT;Portugal;2003;2003;
A;Annual;PPS_HAB;Purchasing power standard (PPS) per inhabitant;HF23;Enterprise financing schemes;PT;Portugal;2003;2003;
A;Annual;PC_GDP;Percentage of gross domestic product (GDP);HF23;Enterprise financing schemes;PT;Portugal;2003;2003;
A;Annual;PC_CHE;Percentual share of total current health expenditure (CHE);HF23;Enterprise financing schemes;PT;Portugal;2003;2003;
A;Annual;MIO_EUR;Million euro;HF3;Household out-of-pocket payment;PT;Portugal;2003;2003;
A;Annual;EUR_HAB;Euro per inhabitant;HF3;Household out-of-pocket payment;PT;Portugal;2003;2003;
A;Annual;MIO_NAC;Million units of national currency;HF3;Household out-of-pocket payment;PT;Portugal;2003;2003;
A;Annual;NAC_HAB;National currency per inhabitant;HF3;Household out-of-pocket payment;PT;Portugal;2003;2003;
A;Annual;MIO_PPS;Million purchasing power standards (PPS);HF3;Household out-of-pocket payment;PT;Portugal;2003;2003;
A;Annual;PPS_HAB;Purchasing power standard (PPS) per inhabitant;HF3;Household out-of-pocket payment;PT;Portugal;2003;2003;
A;Annual;PC_GDP;Percentage of gross domestic product (GDP);HF3;Household out-of-pocket payment;PT;Portugal;2003;2003;
A;Annual;PC_CHE;Percentual share of total current health expenditure (CHE);HF3;Household out-of-pocket payment;PT;Portugal;2003;2003;
A;Annual;MIO_EUR;Million euro;HF31;Out-of-pocket excluding cost-sharing;PT;Portugal;2003;2003;
A;Annual;EUR_HAB;Euro per inhabitant;HF31;Out-of-pocket excluding cost-sharing;PT;Portugal;2003;2003;
A;Annual;MIO_NAC;Million units of national currency;HF31;Out-of-pocket excluding cost-sharing;PT;Portugal;2003;2003;
A;Annual;NAC_HAB;National currency per inhabitant;HF31;Out-of-pocket excluding cost-sharing;PT;Portugal;2003;2003;
A;Annual;MIO_PPS;Million purchasing power standards (PPS);HF31;Out-of-pocket excluding cost-sharing;PT;Portugal;2003;2003;
A;Annual;PPS_HAB;Purchasing power standard (PPS) per inhabitant;HF31;Out-of-pocket excluding cost-sharing;PT;Portugal;2003;2003;
A;Annual;PC_GDP;Percentage of gross domestic product (GDP);HF31;Out-of-pocket excluding cost-sharing;PT;Portugal;2003;2003;
A;Annual;PC_CHE;Percentual share of total current health expenditure (CHE);HF31;Out-of-pocket excluding cost-sharing;PT;Portugal;2003;2003;
A;Annual;MIO_EUR;Million euro;HF32;Cost sharing with third-party payers;PT;Portugal;2003;2003;
A;Annual;EUR_HAB;Euro per inhabitant;HF32;Cost sharing with third-party payers;PT;Portugal;2003;2003;
A;Annual;MIO_NAC;Million units of national currency;HF32;Cost sharing with third-party payers;PT;Portugal;2003;2003;
A;Annual;NAC_HAB;National currency per inhabitant;HF32;Cost sharing with third-party payers;PT;Portugal;2003;2003;
A;Annual;MIO_PPS;Million purchasing power standards (PPS);HF32;Cost sharing with third-party payers;PT;Portugal;2003;2003;
A;Annual;PPS_HAB;Purchasing power standard (PPS) per inhabitant;HF32;Cost sharing with third-party payers;PT;Portugal;2003;2003;
A;Annual;PC_GDP;Percentage of gross domestic product (GDP);HF32;Cost sharing with third-party payers;PT;Portugal;2003;2003;
A;Annual;PC_CHE;Percentual share of total current health expenditure (CHE);HF32;Cost sharing with third-party payers;PT;Portugal;2003;2003;
A;Annual;MIO_EUR;Million euro;HF4;Rest of the world financing schemes (non-resident);PT;Portugal;2003;2003;
A;Annual;EUR_HAB;Euro per inhabitant;HF4;Rest of the world financing schemes (non-resident);PT;Portugal;2003;2003;
A;Annual;MIO_NAC;Million units of national currency;HF4;Rest of the world financing schemes (non-resident);PT;Portugal;2003;2003;
A;Annual;NAC_HAB;National currency per inhabitant;HF4;Rest of the world financing schemes (non-resident);PT;Portugal;2003;2003;
A;Annual;MIO_PPS;Million purchasing power standards (PPS);HF4;Rest of the world financing schemes (non-resident);PT;Portugal;2003;2003;
A;Annual;PPS_HAB;Purchasing power standard (PPS) per inhabitant;HF4;Rest of the world financing schemes (non-resident);PT;Portugal;2003;2003;
A;Annual;PC_GDP;Percentage of gross domestic product (GDP);HF4;Rest of the world financing schemes (non-resident);PT;Portugal;2003;2003;
A;Annual;PC_CHE;Percentual share of total current health expenditure (CHE);HF4;Rest of the world financing schemes (non-resident);PT;Portugal;2003;2003;
A;Annual;MIO_EUR;Million euro;HF_UNK;Financing schemes unknown;PT;Portugal;2003;2003;
A;Annual;EUR_HAB;Euro per inhabitant;HF_UNK;Financing schemes unknown;PT;Portugal;2003;2003;
A;Annual;MIO_NAC;Million units of national currency;HF_UNK;Financing schemes unknown;PT;Portugal;2003;2003;
A;Annual;NAC_HAB;National currency per inhabitant;HF_UNK;Financing schemes unknown;PT;Portugal;2003;2003;
A;Annual;MIO_PPS;Million purchasing power standards (PPS);HF_UNK;Financing schemes unknown;PT;Portugal;2003;2003;
A;Annual;PPS_HAB;Purchasing power standard (PPS) per inhabitant;HF_UNK;Financing schemes unknown;PT;Portugal;2003;2003;
A;Annual;PC_GDP;Percentage of gross domestic product (GDP);HF_UNK;Financing schemes unknown;PT;Portugal;2003;2003;
A;Annual;PC_CHE;Percentual share of total current health expenditure (CHE);HF_UNK;Financing schemes unknown;PT;Portugal;2003;2003;
A;Annual;MIO_EUR;Million euro;TOT_HF;All financing schemes;PT;Portugal;2004;2004;
A;Annual;EUR_HAB;Euro per inhabitant;TOT_HF;All financing schemes;PT;Portugal;2004;2004;
A;Annual;MIO_NAC;Million units of national currency;TOT_HF;All financing schemes;PT;Portugal;2004;2004;
A;Annual;NAC_HAB;National currency per inhabitant;TOT_HF;All financing schemes;PT;Portugal;2004;2004;
A;Annual;MIO_PPS;Million purchasing power standards (PPS);TOT_HF;All financing schemes;PT;Portugal;2004;2004;
A;Annual;PPS_HAB;Purchasing power standard (PPS) per inhabitant;TOT_HF;All financing schemes;PT;Portugal;2004;2004;
A;Annual;PC_GDP;Percentage of gross domestic product (GDP);TOT_HF;All financing schemes;PT;Portugal;2004;2004;
A;Annual;PC_CHE;Percentual share of total current health expenditure (CHE);TOT_HF;All financing schemes;PT;Portugal;2004;2004;
A;Annual;MIO_EUR;Million euro;HF1;Government schemes and compulsory contributory health care financing schemes;PT;Portugal;2004;2004;
A;Annual;EUR_HAB;Euro per inhabitant;HF1;Government schemes and compulsory contributory health care financing schemes;PT;Portugal;2004;2004;
A;Annual;MIO_NAC;Million units of national currency;HF1;Government schemes and compulsory contributory health care financing schemes;PT;Portugal;2004;2004;
A;Annual;NAC_HAB;National currency per inhabitant;HF1;Government schemes and compulsory contributory health care financing schemes;PT;Portugal;2004;2004;
A;Annual;MIO_PPS;Million purchasing power standards (PPS);HF1;Government schemes and compulsory contributory health care financing schemes;PT;Portugal;2004;2004;
A;Annual;PPS_HAB;Purchasing power standard (PPS) per inhabitant;HF1;Government schemes and compulsory contributory health care financing schemes;PT;Portugal;2004;2004;
A;Annual;PC_GDP;Percentage of gross domestic product (GDP);HF1;Government schemes and compulsory contributory health care financing schemes;PT;Portugal;2004;2004;
A;Annual;PC_CHE;Percentual share of total current health expenditure (CHE);HF1;Government schemes and compulsory contributory health care financing schemes;PT;Portugal;2004;2004;
A;Annual;MIO_EUR;Million euro;HF11;Government schemes;PT;Portugal;2004;2004;
A;Annual;EUR_HAB;Euro per inhabitant;HF11;Government schemes;PT;Portugal;2004;2004;
A;Annual;MIO_NAC;Million units of national currency;HF11;Government schemes;PT;Portugal;2004;2004;
A;Annual;NAC_HAB;National currency per inhabitant;HF11;Government schemes;PT;Portugal;2004;2004;
A;Annual;MIO_PPS;Million purchasing power standards (PPS);HF11;Government schemes;PT;Portugal;2004;2004;
A;Annual;PPS_HAB;Purchasing power standard (PPS) per inhabitant;HF11;Government schemes;PT;Portugal;2004;2004;
A;Annual;PC_GDP;Percentage of gross domestic product (GDP);HF11;Government schemes;PT;Portugal;2004;2004;
A;Annual;PC_CHE;Percentual share of total current health expenditure (CHE);HF11;Government schemes;PT;Portugal;2004;2004;
A;Annual;MIO_EUR;Million euro;HF12_13;Compulsory contributory health insurance schemes and compulsory medical saving accounts (CMSA);PT;Portugal;2004;2004;
A;Annual;EUR_HAB;Euro per inhabitant;HF12_13;Compulsory contributory health insurance schemes and compulsory medical saving accounts (CMSA);PT;Portugal;2004;2004;
A;Annual;MIO_NAC;Million units of national currency;HF12_13;Compulsory contributory health insurance schemes and compulsory medical saving accounts (CMSA);PT;Portugal;2004;2004;
A;Annual;NAC_HAB;National currency per inhabitant;HF12_13;Compulsory contributory health insurance schemes and compulsory medical saving accounts (CMSA);PT;Portugal;2004;2004;
A;Annual;MIO_PPS;Million purchasing power standards (PPS);HF12_13;Compulsory contributory health insurance schemes and compulsory medical saving accounts (CMSA);PT;Portugal;2004;2004;
A;Annual;PPS_HAB;Purchasing power standard (PPS) per inhabitant;HF12_13;Compulsory contributory health insurance schemes and compulsory medical saving accounts (CMSA);PT;Portugal;2004;2004;
A;Annual;PC_GDP;Percentage of gross domestic product (GDP);HF12_13;Compulsory contributory health insurance schemes and compulsory medical saving accounts (CMSA);PT;Portugal;2004;2004;
A;Annual;PC_CHE;Percentual share of total current health expenditure (CHE);HF12_13;Compulsory contributory health insurance schemes and compulsory medical saving accounts (CMSA);PT;Portugal;2004;2004;
A;Annual;MIO_EUR;Million euro;HF121;Social health insurance schemes;PT;Portugal;2004;2004;
A;Annual;EUR_HAB;Euro per inhabitant;HF121;Social health insurance schemes;PT;Portugal;2004;2004;
A;Annual;MIO_NAC;Million units of national currency;HF121;Social health insurance schemes;PT;Portugal;2004;2004;
A;Annual;NAC_HAB;National currency per inhabitant;HF121;Social health insurance schemes;PT;Portugal;2004;2004;
A;Annual;MIO_PPS;Million purchasing power standards (PPS);HF121;Social health insurance schemes;PT;Portugal;2004;2004;
A;Annual;PPS_HAB;Purchasing power standard (PPS) per inhabitant;HF121;Social health insurance schemes;PT;Portugal;2004;2004;
A;Annual;PC_GDP;Percentage of gross domestic product (GDP);HF121;Social health insurance schemes;PT;Portugal;2004;2004;
A;Annual;PC_CHE;Percentual share of total current health expenditure (CHE);HF121;Social health insurance schemes;PT;Portugal;2004;2004;
A;Annual;MIO_EUR;Million euro;HF122;Compulsory private insurance scheme;PT;Portugal;2004;2004;
A;Annual;EUR_HAB;Euro per inhabitant;HF122;Compulsory private insurance scheme;PT;Portugal;2004;2004;
A;Annual;MIO_NAC;Million units of national currency;HF122;Compulsory private insurance scheme;PT;Portugal;2004;2004;
A;Annual;NAC_HAB;National currency per inhabitant;HF122;Compulsory private insurance scheme;PT;Portugal;2004;2004;
A;Annual;MIO_PPS;Million purchasing power standards (PPS);HF122;Compulsory private insurance scheme;PT;Portugal;2004;2004;
A;Annual;PPS_HAB;Purchasing power standard (PPS) per inhabitant;HF122;Compulsory private insurance scheme;PT;Portugal;2004;2004;
A;Annual;PC_GDP;Percentage of gross domestic product (GDP);HF122;Compulsory private insurance scheme;PT;Portugal;2004;2004;
A;Annual;PC_CHE;Percentual share of total current health expenditure (CHE);HF122;Compulsory private insurance scheme;PT;Portugal;2004;2004;
A;Annual;MIO_EUR;Million euro;HF13;Compulsory medical savings accounts (CMSA);PT;Portugal;2004;2004;
A;Annual;EUR_HAB;Euro per inhabitant;HF13;Compulsory medical savings accounts (CMSA);PT;Portugal;2004;2004;
A;Annual;MIO_NAC;Million units of national currency;HF13;Compulsory medical savings accounts (CMSA);PT;Portugal;2004;2004;
A;Annual;NAC_HAB;National currency per inhabitant;HF13;Compulsory medical savings accounts (CMSA);PT;Portugal;2004;2004;
A;Annual;MIO_PPS;Million purchasing power standards (PPS);HF13;Compulsory medical savings accounts (CMSA);PT;Portugal;2004;2004;
A;Annual;PPS_HAB;Purchasing power standard (PPS) per inhabitant;HF13;Compulsory medical savings accounts (CMSA);PT;Portugal;2004;2004;
A;Annual;PC_GDP;Percentage of gross domestic product (GDP);HF13;Compulsory medical savings accounts (CMSA);PT;Portugal;2004;2004;
A;Annual;PC_CHE;Percentual share of total current health expenditure (CHE);HF13;Compulsory medical savings accounts (CMSA);PT;Portugal;2004;2004;
A;Annual;MIO_EUR;Million euro;HF2;Voluntary health care payment schemes;PT;Portugal;2004;2004;
A;Annual;EUR_HAB;Euro per inhabitant;HF2;Voluntary health care payment schemes;PT;Portugal;2004;2004;
A;Annual;MIO_NAC;Million units of national currency;HF2;Voluntary health care payment schemes;PT;Portugal;2004;2004;
A;Annual;NAC_HAB;National currency per inhabitant;HF2;Voluntary health care payment schemes;PT;Portugal;2004;2004;
A;Annual;MIO_PPS;Million purchasing power standards (PPS);HF2;Voluntary health care payment schemes;PT;Portugal;2004;2004;
A;Annual;PPS_HAB;Purchasing power standard (PPS) per inhabitant;HF2;Voluntary health care payment schemes;PT;Portugal;2004;2004;
A;Annual;PC_GDP;Percentage of gross domestic product (GDP);HF2;Voluntary health care payment schemes;PT;Portugal;2004;2004;
A;Annual;PC_CHE;Percentual share of total current health expenditure (CHE);HF2;Voluntary health care payment schemes;PT;Portugal;2004;2004;
A;Annual;MIO_EUR;Million euro;HF21;Voluntary health insurance schemes;PT;Portugal;2004;2004;
A;Annual;EUR_HAB;Euro per inhabitant;HF21;Voluntary health insurance schemes;PT;Portugal;2004;2004;
A;Annual;MIO_NAC;Million units of national currency;HF21;Voluntary health insurance schemes;PT;Portugal;2004;2004;
A;Annual;NAC_HAB;National currency per inhabitant;HF21;Voluntary health insurance schemes;PT;Portugal;2004;2004;
A;Annual;MIO_PPS;Million purchasing power standards (PPS);HF21;Voluntary health insurance schemes;PT;Portugal;2004;2004;
A;Annual;PPS_HAB;Purchasing power standard (PPS) per inhabitant;HF21;Voluntary health insurance schemes;PT;Portugal;2004;2004;
A;Annual;PC_GDP;Percentage of gross domestic product (GDP);HF21;Voluntary health insurance schemes;PT;Portugal;2004;2004;
A;Annual;PC_CHE;Percentual share of total current health expenditure (CHE);HF21;Voluntary health insurance schemes;PT;Portugal;2004;2004;
A;Annual;MIO_EUR;Million euro;HF22;NPISH financing schemes;PT;Portugal;2004;2004;
A;Annual;EUR_HAB;Euro per inhabitant;HF22;NPISH financing schemes;PT;Portugal;2004;2004;
A;Annual;MIO_NAC;Million units of national currency;HF22;NPISH financing schemes;PT;Portugal;2004;2004;
A;Annual;NAC_HAB;National currency per inhabitant;HF22;NPISH financing schemes;PT;Portugal;2004;2004;
A;Annual;MIO_PPS;Million purchasing power standards (PPS);HF22;NPISH financing schemes;PT;Portugal;2004;2004;
A;Annual;PPS_HAB;Purchasing power standard (PPS) per inhabitant;HF22;NPISH financing schemes;PT;Portugal;2004;2004;
A;Annual;PC_GDP;Percentage of gross domestic product (GDP);HF22;NPISH financing schemes;PT;Portugal;2004;2004;
A;Annual;PC_CHE;Percentual share of total current health expenditure (CHE);HF22;NPISH financing schemes;PT;Portugal;2004;2004;
A;Annual;MIO_EUR;Million euro;HF23;Enterprise financing schemes;PT;Portugal;2004;2004;
A;Annual;EUR_HAB;Euro per inhabitant;HF23;Enterprise financing schemes;PT;Portugal;2004;2004;
A;Annual;MIO_NAC;Million units of national currency;HF23;Enterprise financing schemes;PT;Portugal;2004;2004;
A;Annual;NAC_HAB;National currency per inhabitant;HF23;Enterprise financing schemes;PT;Portugal;2004;2004;
A;Annual;MIO_PPS;Million purchasing power standards (PPS);HF23;Enterprise financing schemes;PT;Portugal;2004;2004;
A;Annual;PPS_HAB;Purchasing power standard (PPS) per inhabitant;HF23;Enterprise financing schemes;PT;Portugal;2004;2004;
A;Annual;PC_GDP;Percentage of gross domestic product (GDP);HF23;Enterprise financing schemes;PT;Portugal;2004;2004;
A;Annual;PC_CHE;Percentual share of total current health expenditure (CHE);HF23;Enterprise financing schemes;PT;Portugal;2004;2004;
A;Annual;MIO_EUR;Million euro;HF3;Household out-of-pocket payment;PT;Portugal;2004;2004;
A;Annual;EUR_HAB;Euro per inhabitant;HF3;Household out-of-pocket payment;PT;Portugal;2004;2004;
A;Annual;MIO_NAC;Million units of national currency;HF3;Household out-of-pocket payment;PT;Portugal;2004;2004;
A;Annual;NAC_HAB;National currency per inhabitant;HF3;Household out-of-pocket payment;PT;Portugal;2004;2004;
A;Annual;MIO_PPS;Million purchasing power standards (PPS);HF3;Household out-of-pocket payment;PT;Portugal;2004;2004;
A;Annual;PPS_HAB;Purchasing power standard (PPS) per inhabitant;HF3;Household out-of-pocket payment;PT;Portugal;2004;2004;
A;Annual;PC_GDP;Percentage of gross domestic product (GDP);HF3;Household out-of-pocket payment;PT;Portugal;2004;2004;
A;Annual;PC_CHE;Percentual share of total current health expenditure (CHE);HF3;Household out-of-pocket payment;PT;Portugal;2004;2004;
A;Annual;MIO_EUR;Million euro;HF31;Out-of-pocket excluding cost-sharing;PT;Portugal;2004;2004;
A;Annual;EUR_HAB;Euro per inhabitant;HF31;Out-of-pocket excluding cost-sharing;PT;Portugal;2004;2004;
A;Annual;MIO_NAC;Million units of national currency;HF31;Out-of-pocket excluding cost-sharing;PT;Portugal;2004;2004;
A;Annual;NAC_HAB;National currency per inhabitant;HF31;Out-of-pocket excluding cost-sharing;PT;Portugal;2004;2004;
A;Annual;MIO_PPS;Million purchasing power standards (PPS);HF31;Out-of-pocket excluding cost-sharing;PT;Portugal;2004;2004;
A;Annual;PPS_HAB;Purchasing power standard (PPS) per inhabitant;HF31;Out-of-pocket excluding cost-sharing;PT;Portugal;2004;2004;
A;Annual;PC_GDP;Percentage of gross domestic product (GDP);HF31;Out-of-pocket excluding cost-sharing;PT;Portugal;2004;2004;
A;Annual;PC_CHE;Percentual share of total current health expenditure (CHE);HF31;Out-of-pocket excluding cost-sharing;PT;Portugal;2004;2004;
A;Annual;MIO_EUR;Million euro;HF32;Cost sharing with third-party payers;PT;Portugal;2004;2004;
A;Annual;EUR_HAB;Euro per inhabitant;HF32;Cost sharing with third-party payers;PT;Portugal;2004;2004;
A;Annual;MIO_NAC;Million units of national currency;HF32;Cost sharing with third-party payers;PT;Portugal;2004;2004;
A;Annual;NAC_HAB;National currency per inhabitant;HF32;Cost sharing with third-party payers;PT;Portugal;2004;2004;
A;Annual;MIO_PPS;Million purchasing power standards (PPS);HF32;Cost sharing with third-party payers;PT;Portugal;2004;2004;
A;Annual;PPS_HAB;Purchasing power standard (PPS) per inhabitant;HF32;Cost sharing with third-party payers;PT;Portugal;2004;2004;
A;Annual;PC_GDP;Percentage of gross domestic product (GDP);HF32;Cost sharing with third-party payers;PT;Portugal;2004;2004;
A;Annual;PC_CHE;Percentual share of total current health expenditure (CHE);HF32;Cost sharing with third-party payers;PT;Portugal;2004;2004;
A;Annual;MIO_EUR;Million euro;HF4;Rest of the world financing schemes (non-resident);PT;Portugal;2004;2004;
A;Annual;EUR_HAB;Euro per inhabitant;HF4;Rest of the world financing schemes (non-resident);PT;Portugal;2004;2004;
A;Annual;MIO_NAC;Million units of national currency;HF4;Rest of the world financing schemes (non-resident);PT;Portugal;2004;2004;
A;Annual;NAC_HAB;National currency per inhabitant;HF4;Rest of the world financing schemes (non-resident);PT;Portugal;2004;2004;
A;Annual;MIO_PPS;Million purchasing power standards (PPS);HF4;Rest of the world financing schemes (non-resident);PT;Portugal;2004;2004;
A;Annual;PPS_HAB;Purchasing power standard (PPS) per inhabitant;HF4;Rest of the world financing schemes (non-resident);PT;Portugal;2004;2004;
A;Annual;PC_GDP;Percentage of gross domestic product (GDP);HF4;Rest of the world financing schemes (non-resident);PT;Portugal;2004;2004;
A;Annual;PC_CHE;Percentual share of total current health expenditure (CHE);HF4;Rest of the world financing schemes (non-resident);PT;Portugal;2004;2004;
A;Annual;MIO_EUR;Million euro;HF_UNK;Financing schemes unknown;PT;Portugal;2004;2004;
A;Annual;EUR_HAB;Euro per inhabitant;HF_UNK;Financing schemes unknown;PT;Portugal;2004;2004;
A;Annual;MIO_NAC;Million units of national currency;HF_UNK;Financing schemes unknown;PT;Portugal;2004;2004;
A;Annual;NAC_HAB;National currency per inhabitant;HF_UNK;Financing schemes unknown;PT;Portugal;2004;2004;
A;Annual;MIO_PPS;Million purchasing power standards (PPS);HF_UNK;Financing schemes unknown;PT;Portugal;2004;2004;
A;Annual;PPS_HAB;Purchasing power standard (PPS) per inhabitant;HF_UNK;Financing schemes unknown;PT;Portugal;2004;2004;
A;Annual;PC_GDP;Percentage of gross domestic product (GDP);HF_UNK;Financing schemes unknown;PT;Portugal;2004;2004;
A;Annual;PC_CHE;Percentual share of total current health expenditure (CHE);HF_UNK;Financing schemes unknown;PT;Portugal;2004;2004;1838.26
A;Annual;MIO_EUR;Million euro;TOT_HF;All financing schemes;PT;Portugal;2005;2005;
A;Annual;EUR_HAB;Euro per inhabitant;TOT_HF;All financing schemes;PT;Portugal;2005;2005;
A;Annual;MIO_NAC;Million units of national currency;TOT_HF;All financing schemes;PT;Portugal;2005;2005;
A;Annual;NAC_HAB;National currency per inhabitant;TOT_HF;All financing schemes;PT;Portugal;2005;2005;
A;Annual;MIO_PPS;Million purchasing power standards (PPS);TOT_HF;All financing schemes;PT;Portugal;2005;2005;
A;Annual;PPS_HAB;Purchasing power standard (PPS) per inhabitant;TOT_HF;All financing schemes;PT;Portugal;2005;2005;
A;Annual;PC_GDP;Percentage of gross domestic product (GDP);TOT_HF;All financing schemes;PT;Portugal;2005;2005;
A;Annual;PC_CHE;Percentual share of total current health expenditure (CHE);TOT_HF;All financing schemes;PT;Portugal;2005;2005;
A;Annual;MIO_EUR;Million euro;HF1;Government schemes and compulsory contributory health care financing schemes;PT;Portugal;2005;2005;
A;Annual;EUR_HAB;Euro per inhabitant;HF1;Government schemes and compulsory contributory health care financing schemes;PT;Portugal;2005;2005;
A;Annual;MIO_NAC;Million units of national currency;HF1;Government schemes and compulsory contributory health care financing schemes;PT;Portugal;2005;2005;
A;Annual;NAC_HAB;National currency per inhabitant;HF1;Government schemes and compulsory contributory health care financing schemes;PT;Portugal;2005;2005;
A;Annual;MIO_PPS;Million purchasing power standards (PPS);HF1;Government schemes and compulsory contributory health care financing schemes;PT;Portugal;2005;2005;
A;Annual;PPS_HAB;Purchasing power standard (PPS) per inhabitant;HF1;Government schemes and compulsory contributory health care financing schemes;PT;Portugal;2005;2005;
A;Annual;PC_GDP;Percentage of gross domestic product (GDP);HF1;Government schemes and compulsory contributory health care financing schemes;PT;Portugal;2005;2005;
A;Annual;PC_CHE;Percentual share of total current health expenditure (CHE);HF1;Government schemes and compulsory contributory health care financing schemes;PT;Portugal;2005;2005;
A;Annual;MIO_EUR;Million euro;HF11;Government schemes;PT;Portugal;2005;2005;
A;Annual;EUR_HAB;Euro per inhabitant;HF11;Government schemes;PT;Portugal;2005;2005;
A;Annual;MIO_NAC;Million units of national currency;HF11;Government schemes;PT;Portugal;2005;2005;
A;Annual;NAC_HAB;National currency per inhabitant;HF11;Government schemes;PT;Portugal;2005;2005;
A;Annual;MIO_PPS;Million purchasing power standards (PPS);HF11;Government schemes;PT;Portugal;2005;2005;
A;Annual;PPS_HAB;Purchasing power standard (PPS) per inhabitant;HF11;Government schemes;PT;Portugal;2005;2005;
A;Annual;PC_GDP;Percentage of gross domestic product (GDP);HF11;Government schemes;PT;Portugal;2005;2005;
A;Annual;PC_CHE;Percentual share of total current health expenditure (CHE);HF11;Government schemes;PT;Portugal;2005;2005;
A;Annual;MIO_EUR;Million euro;HF12_13;Compulsory contributory health insurance schemes and compulsory medical saving accounts (CMSA);PT;Portugal;2005;2005;54903.7
A;Annual;EUR_HAB;Euro per inhabitant;HF12_13;Compulsory contributory health insurance schemes and compulsory medical saving accounts (CMSA);PT;Portugal;2005;2005;61115.07
A;Annual;MIO_NAC;Million units of national currency;HF12_13;Compulsory contributory health insurance schemes and compulsory medical saving accounts (CMSA);PT;Portugal;2005;2005;67406.48
A;Annual;NAC_HAB;National currency per inhabitant;HF12_13;Compulsory contributory health insurance schemes and compulsory medical saving accounts (CMSA);PT;Portugal;2005;2005;
A;Annual;MIO_PPS;Million purchasing power standards (PPS);HF12_13;Compulsory contributory health insurance schemes and compulsory medical saving accounts (CMSA);PT;Portugal;2005;2005;
A;Annual;PPS_HAB;Purchasing power standard (PPS) per inhabitant;HF12_13;Compulsory contributory health insurance schemes and compulsory medical saving accounts (CMSA);PT;Portugal;2005;2005;
A;Annual;PC_GDP;Percentage of gross domestic product (GDP);HF12_13;Compulsory contributory health insurance schemes and compulsory medical saving accounts (CMSA);PT;Portugal;2005;2005;
A;Annual;PC_CHE;Percentual share of total current health expenditure (CHE);HF12_13;Compulsory contributory health insurance schemes and compulsory medical saving accounts (CMSA);PT;Portugal;2005;2005;
A;Annual;MIO_EUR;Million euro;HF121;Social health insurance schemes;PT;Portugal;2005;2005;
A;Annual;EUR_HAB;Euro per inhabitant;HF121;Social health insurance schemes;PT;Portugal;2005;2005;
A;Annual;MIO_NAC;Million units of national currency;HF121;Social health insurance schemes;PT;Portugal;2005;2005;
A;Annual;NAC_HAB;National currency per inhabitant;HF121;Social health insurance schemes;PT;Portugal;2005;2005;
A;Annual;MIO_PPS;Million purchasing power standards (PPS);HF121;Social health insurance schemes;PT;Portugal;2005;2005;
A;Annual;PPS_HAB;Purchasing power standard (PPS) per inhabitant;HF121;Social health insurance schemes;PT;Portugal;2005;2005;
A;Annual;PC_GDP;Percentage of gross domestic product (GDP);HF121;Social health insurance schemes;PT;Portugal;2005;2005;
A;Annual;PC_CHE;Percentual share of total current health expenditure (CHE);HF121;Social health insurance schemes;PT;Portugal;2005;2005;
A;Annual;MIO_EUR;Million euro;HF122;Compulsory private insurance scheme;PT;Portugal;2005;2005;
A;Annual;EUR_HAB;Euro per inhabitant;HF122;Compulsory private insurance scheme;PT;Portugal;2005;2005;
A;Annual;MIO_NAC;Million units of national currency;HF122;Compulsory private insurance scheme;PT;Portugal;2005;2005;
A;Annual;NAC_HAB;National currency per inhabitant;HF122;Compulsory private insurance scheme;PT;Portugal;2005;2005;
A;Annual;MIO_PPS;Million purchasing power standards (PPS);HF122;Compulsory private insurance scheme;PT;Portugal;2005;2005;
A;Annual;PPS_HAB;Purchasing power standard (PPS) per inhabitant;HF122;Compulsory private insurance scheme;PT;Portugal;2005;2005;
A;Annual;PC_GDP;Percentage of gross domestic product (GDP);HF122;Compulsory private insurance scheme;PT;Portugal;2005;2005;
A;Annual;PC_CHE;Percentual share of total current health expenditure (CHE);HF122;Compulsory private insurance scheme;PT;Portugal;2005;2005;
A;Annual;MIO_EUR;Million euro;HF13;Compulsory medical savings accounts (CMSA);PT;Portugal;2005;2005;
A;Annual;EUR_HAB;Euro per inhabitant;HF13;Compulsory medical savings accounts (CMSA);PT;Portugal;2005;2005;
A;Annual;MIO_NAC;Million units of national currency;HF13;Compulsory medical savings accounts (CMSA);PT;Portugal;2005;2005;
A;Annual;NAC_HAB;National currency per inhabitant;HF13;Compulsory medical savings accounts (CMSA);PT;Portugal;2005;2005;
A;Annual;MIO_PPS;Million purchasing power standards (PPS);HF13;Compulsory medical savings accounts (CMSA);PT;Portugal;2005;2005;
A;Annual;PPS_HAB;Purchasing power standard (PPS) per inhabitant;HF13;Compulsory medical savings accounts (CMSA);PT;Portugal;2005;2005;
A;Annual;PC_GDP;Percentage of gross domestic product (GDP);HF13;Compulsory medical savings accounts (CMSA);PT;Portugal;2005;2005;
A;Annual;PC_CHE;Percentual share of total current health expenditure (CHE);HF13;Compulsory medical savings accounts (CMSA);PT;Portugal;2005;2005;
A;Annual;MIO_EUR;Million euro;HF2;Voluntary health care payment schemes;PT;Portugal;2005;2005;
A;Annual;EUR_HAB;Euro per inhabitant;HF2;Voluntary health care payment schemes;PT;Portugal;2005;2005;
A;Annual;MIO_NAC;Million units of national currency;HF2;Voluntary health care payment schemes;PT;Portugal;2005;2005;
A;Annual;NAC_HAB;National currency per inhabitant;HF2;Voluntary health care payment schemes;PT;Portugal;2005;2005;
A;Annual;MIO_PPS;Million purchasing power standards (PPS);HF2;Voluntary health care payment schemes;PT;Portugal;2005;2005;
A;Annual;PPS_HAB;Purchasing power standard (PPS) per inhabitant;HF2;Voluntary health care payment schemes;PT;Portugal;2005;2005;
A;Annual;PC_GDP;Percentage of gross domestic product (GDP);HF2;Voluntary health care payment schemes;PT;Portugal;2005;2005;
A;Annual;PC_CHE;Percentual share of total current health expenditure (CHE);HF2;Voluntary health care payment schemes;PT;Portugal;2005;2005;
A;Annual;MIO_EUR;Million euro;HF21;Voluntary health insurance schemes;PT;Portugal;2005;2005;
A;Annual;EUR_HAB;Euro per inhabitant;HF21;Voluntary health insurance schemes;PT;Portugal;2005;2005;
A;Annual;MIO_NAC;Million units of national currency;HF21;Voluntary health insurance schemes;PT;Portugal;2005;2005;
A;Annual;NAC_HAB;National currency per inhabitant;HF21;Voluntary health insurance schemes;PT;Portugal;2005;2005;
A;Annual;MIO_PPS;Million purchasing power standards (PPS);HF21;Voluntary health insurance schemes;PT;Portugal;2005;2005;
A;Annual;PPS_HAB;Purchasing power standard (PPS) per inhabitant;HF21;Voluntary health insurance schemes;PT;Portugal;2005;2005;
A;Annual;PC_GDP;Percentage of gross domestic product (GDP);HF21;Voluntary health insurance schemes;PT;Portugal;2005;2005;
A;Annual;PC_CHE;Percentual share of total current health expenditure (CHE);HF21;Voluntary health insurance schemes;PT;Portugal;2005;2005;
A;Annual;MIO_EUR;Million euro;HF22;NPISH financing schemes;PT;Portugal;2005;2005;
A;Annual;EUR_HAB;Euro per inhabitant;HF22;NPISH financing schemes;PT;Portugal;2005;2005;
A;Annual;MIO_NAC;Million units of national currency;HF22;NPISH financing schemes;PT;Portugal;2005;2005;
A;Annual;NAC_HAB;National currency per inhabitant;HF22;NPISH financing schemes;PT;Portugal;2005;2005;
A;Annual;MIO_PPS;Million purchasing power standards (PPS);HF22;NPISH financing schemes;PT;Portugal;2005;2005;
A;Annual;PPS_HAB;Purchasing power standard (PPS) per inhabitant;HF22;NPISH financing schemes;PT;Portugal;2005;2005;
A;Annual;PC_GDP;Percentage of gross domestic product (GDP);HF22;NPISH financing schemes;PT;Portugal;2005;2005;
A;Annual;PC_CHE;Percentual share of total current health expenditure (CHE);HF22;NPISH financing schemes;PT;Portugal;2005;2005;
A;Annual;MIO_EUR;Million euro;HF23;Enterprise financing schemes;PT;Portugal;2005;2005;
A;Annual;EUR_HAB;Euro per inhabitant;HF23;Enterprise financing schemes;PT;Portugal;2005;2005;
A;Annual;MIO_NAC;Million units of national currency;HF23;Enterprise financing schemes;PT;Portugal;2005;2005;
A;Annual;NAC_HAB;National currency per inhabitant;HF23;Enterprise financing schemes;PT;Portugal;2005;2005;
A;Annual;MIO_PPS;Million purchasing power standards (PPS);HF23;Enterprise financing schemes;PT;Portugal;2005;2005;
A;Annual;PPS_HAB;Purchasing power standard (PPS) per inhabitant;HF23;Enterprise financing schemes;PT;Portugal;2005;2005;
A;Annual;PC_GDP;Percentage of gross domestic product (GDP);HF23;Enterprise financing schemes;PT;Portugal;2005;2005;
A;Annual;PC_CHE;Percentual share of total current health expenditure (CHE);HF23;Enterprise financing schemes;PT;Portugal;2005;2005;
A;Annual;MIO_EUR;Million euro;HF3;Household out-of-pocket payment;PT;Portugal;2005;2005;
A;Annual;EUR_HAB;Euro per inhabitant;HF3;Household out-of-pocket payment;PT;Portugal;2005;2005;
A;Annual;MIO_NAC;Million units of national currency;HF3;Household out-of-pocket payment;PT;Portugal;2005;2005;
A;Annual;NAC_HAB;National currency per inhabitant;HF3;Household out-of-pocket payment;PT;Portugal;2005;2005;
A;Annual;MIO_PPS;Million purchasing power standards (PPS);HF3;Household out-of-pocket payment;PT;Portugal;2005;2005;
A;Annual;PPS_HAB;Purchasing power standard (PPS) per inhabitant;HF3;Household out-of-pocket payment;PT;Portugal;2005;2005;
A;Annual;PC_GDP;Percentage of gross domestic product (GDP);HF3;Household out-of-pocket payment;PT;Portugal;2005;2005;
A;Annual;PC_CHE;Percentual share of total current health expenditure (CHE);HF3;Household out-of-pocket payment;PT;Portugal;2005;2005;
A;Annual;MIO_EUR;Million euro;HF31;Out-of-pocket excluding cost-sharing;PT;Portugal;2005;2005;
A;Annual;EUR_HAB;Euro per inhabitant;HF31;Out-of-pocket excluding cost-sharing;PT;Portugal;2005;2005;
A;Annual;MIO_NAC;Million units of national currency;HF31;Out-of-pocket excluding cost-sharing;PT;Portugal;2005;2005;
A;Annual;NAC_HAB;National currency per inhabitant;HF31;Out-of-pocket excluding cost-sharing;PT;Portugal;2005;2005;
A;Annual;MIO_PPS;Million purchasing power standards (PPS);HF31;Out-of-pocket excluding cost-sharing;PT;Portugal;2005;2005;
A;Annual;PPS_HAB;Purchasing power standard (PPS) per inhabitant;HF31;Out-of-pocket excluding cost-sharing;PT;Portugal;2005;2005;
A;Annual;PC_GDP;Percentage of gross domestic product (GDP);HF31;Out-of-pocket excluding cost-sharing;PT;Portugal;2005;2005;
A;Annual;PC_CHE;Percentual share of total current health expenditure (CHE);HF31;Out-of-pocket excluding cost-sharing;PT;Portugal;2005;2005;
A;Annual;MIO_EUR;Million euro;HF32;Cost sharing with third-party payers;PT;Portugal;2005;2005;
A;Annual;EUR_HAB;Euro per inhabitant;HF32;Cost sharing with third-party payers;PT;Portugal;2005;2005;
A;Annual;MIO_NAC;Million units of national currency;HF32;Cost sharing with third-party payers;PT;Portugal;2005;2005;
A;Annual;NAC_HAB;National currency per inhabitant;HF32;Cost sharing with third-party payers;PT;Portugal;2005;2005;
A;Annual;MIO_PPS;Million purchasing power standards (PPS);HF32;Cost sharing with third-party payers;PT;Portugal;2005;2005;
A;Annual;PPS_HAB;Purchasing power standard (PPS) per inhabitant;HF32;Cost sharing with third-party payers;PT;Portugal;2005;2005;
A;Annual;PC_GDP;Percentage of gross domestic product (GDP);HF32;Cost sharing with third-party payers;PT;Portugal;2005;2005;
A;Annual;PC_CHE;Percentual share of total current health expenditure (CHE);HF32;Cost sharing with third-party payers;PT;Portugal;2005;2005;
A;Annual;MIO_EUR;Million euro;HF4;Rest of the world financing schemes (non-resident);PT;Portugal;2005;2005;
A;Annual;EUR_HAB;Euro per inhabitant;HF4;Rest of the world financing schemes (non-resident);PT;Portugal;2005;2005;
A;Annual;MIO_NAC;Million units of national currency;HF4;Rest of the world financing schemes (non-resident);PT;Portugal;2005;2005;
A;Annual;NAC_HAB;National currency per inhabitant;HF4;Rest of the world financing schemes (non-resident);PT;Portugal;2005;2005;
A;Annual;MIO_PPS;Million purchasing power standards (PPS);HF4;Rest of the world financing schemes (non-resident);PT;Portugal;2005;2005;
A;Annual;PPS_HAB;Purchasing power standard (PPS) per inhabitant;HF4;Rest of the world financing schemes (non-resident);PT;Portugal;2005;2005;
A;Annual;PC_GDP;Percentage of gross domestic product (GDP);HF4;Rest of the world financing schemes (non-resident);PT;Portugal;2005;2005;
A;Annual;PC_CHE;Percentual share of total current health expenditure (CHE);HF4;Rest of the world financing schemes (non-resident);PT;Portugal;2005;2005;
A;Annual;MIO_EUR;Million euro;HF_UNK;Financing schemes unknown;PT;Portugal;2005;2005;
A;Annual;EUR_HAB;Euro per inhabitant;HF_UNK;Financing schemes unknown;PT;Portugal;2005;2005;
A;Annual;MIO_NAC;Million units of national currency;HF_UNK;Financing schemes unknown;PT;Portugal;2005;2005;
A;Annual;NAC_HAB;National currency per inhabitant;HF_UNK;Financing schemes unknown;PT;Portugal;2005;2005;
A;Annual;MIO_PPS;Million purchasing power standards (PPS);HF_UNK;Financing schemes unknown;PT;Portugal;2005;2005;
A;Annual;PPS_HAB;Purchasing power standard (PPS) per inhabitant;HF_UNK;Financing schemes unknown;PT;Portugal;2005;2005;
A;Annual;PC_GDP;Percentage of gross domestic product (GDP);HF_UNK;Financing schemes unknown;PT;Portugal;2005;2005;
A;Annual;PC_CHE;Percentual share of total current health expenditure (CHE);HF_UNK;Financing schemes unknown;PT;Portugal;2005;2005;
A;Annual;MIO_EUR;Million euro;TOT_HF;All financing schemes;PT;Portugal;2006;2006;0.0
A;Annual;EUR_HAB;Euro per inhabitant;TOT_HF;All financing schemes;PT;Portugal;2006;2006;0.0
A;Annual;MIO_NAC;Million units of national currency;TOT_HF;All financing schemes;PT;Portugal;2006;2006;0.0
A;Annual;NAC_HAB;National currency per inhabitant;TOT_HF;All financing schemes;PT;Portugal;2006;2006;0.0
A;Annual;MIO_PPS;Million purchasing power standards (PPS);TOT_HF;All financing schemes;PT;Portugal;2006;2006;
A;Annual;PPS_HAB;Purchasing power standard (PPS) per inhabitant;TOT_HF;All financing schemes;PT;Portugal;2006;2006;
A;Annual;PC_GDP;Percentage of gross domestic product (GDP);TOT_HF;All financing schemes;PT;Portugal;2006;2006;
A;Annual;PC_CHE;Percentual share of total current health expenditure (CHE);TOT_HF;All financing schemes;PT;Portugal;2006;2006;
A;Annual;MIO_EUR;Million euro;HF1;Government schemes and compulsory contributory health care financing schemes;PT;Portugal;2006;2006;
A;Annual;EUR_HAB;Euro per inhabitant;HF1;Government schemes and compulsory contributory health care financing schemes;PT;Portugal;2006;2006;
A;Annual;MIO_NAC;Million units of national currency;HF1;Government schemes and compulsory contributory health care financing schemes;PT;Portugal;2006;2006;
A;Annual;NAC_HAB;National currency per inhabitant;HF1;Government schemes and compulsory contributory health care financing schemes;PT;Portugal;2006;2006;
A;Annual;MIO_PPS;Million purchasing power standards (PPS);HF1;Government schemes and compulsory contributory health care financing schemes;PT;Portugal;2006;2006;
A;Annual;PPS_HAB;Purchasing power standard (PPS) per inhabitant;HF1;Government schemes and compulsory contributory health care financing schemes;PT;Portugal;2006;2006;
A;Annual;PC_GDP;Percentage of gross domestic product (GDP);HF1;Government schemes and compulsory contributory health care financing schemes;PT;Portugal;2006;2006;
A;Annual;PC_CHE;Percentual share of total current health expenditure (CHE);HF1;Government schemes and compulsory contributory health care financing schemes;PT;Portugal;2006;2006;
A;Annual;MIO_EUR;Million euro;HF11;Government schemes;PT;Portugal;2006;2006;
A;Annual;EUR_HAB;Euro per inhabitant;HF11;Government schemes;PT;Portugal;2006;2006;
A;Annual;MIO_NAC;Million units of national currency;HF11;Government schemes;PT;Portugal;2006;2006;
A;Annual;NAC_HAB;National currency per inhabitant;HF11;Government schemes;PT;Portugal;2006;2006;
A;Annual;MIO_PPS;Million purchasing power standards (PPS);HF11;Government schemes;PT;Portugal;2006;2006;
A;Annual;PPS_HAB;Purchasing power standard (PPS) per inhabitant;HF11;Government schemes;PT;Portugal;2006;2006;
A;Annual;PC_GDP;Percentage of gross domestic product (GDP);HF11;Government schemes;PT;Portugal;2006;2006;
A;Annual;PC_CHE;Percentual share of total current health expenditure (CHE);HF11;Government schemes;PT;Portugal;2006;2006;
A;Annual;MIO_EUR;Million euro;HF12_13;Compulsory contributory health insurance schemes and compulsory medical saving accounts (CMSA);PT;Portugal;2006;2006;684.45
A;Annual;EUR_HAB;Euro per inhabitant;HF12_13;Compulsory contributory health insurance schemes and compulsory medical saving accounts (CMSA);PT;Portugal;2006;2006;695.73
A;Annual;MIO_NAC;Million units of national currency;HF12_13;Compulsory contributory health insurance schemes and compulsory medical saving accounts (CMSA);PT;Portugal;2006;2006;589.77
A;Annual;NAC_HAB;National currency per inhabitant;HF12_13;Compulsory contributory health insurance schemes and compulsory medical saving accounts (CMSA);PT;Portugal;2006;2006;595.83
A;Annual;MIO_PPS;Million purchasing power standards (PPS);HF12_13;Compulsory contributory health insurance schemes and compulsory medical saving accounts (CMSA);PT;Portugal;2006;2006;603.84
A;Annual;PPS_HAB;Purchasing power standard (PPS) per inhabitant;HF12_13;Compulsory contributory health insurance schemes and compulsory medical saving accounts (CMSA);PT;Portugal;2006;2006;619.75
A;Annual;PC_GDP;Percentage of gross domestic product (GDP);HF12_13;Compulsory contributory health insurance schemes and compulsory medical saving accounts (CMSA);PT;Portugal;2006;2006;645.89
A;Annual;PC_CHE;Percentual share of total current health expenditure (CHE);HF12_13;Compulsory contributory health insurance schemes and compulsory medical saving accounts (CMSA);PT;Portugal;2006;2006;640.1
A;Annual;MIO_EUR;Million euro;HF121;Social health insurance schemes;PT;Portugal;2006;2006;634.63
A;Annual;EUR_HAB;Euro per inhabitant;HF121;Social health insurance schemes;PT;Portugal;2006;2006;669.28
A;Annual;MIO_NAC;Million units of national currency;HF121;Social health insurance schemes;PT;Portugal;2006;2006;632.83
A;Annual;NAC_HAB;National currency per inhabitant;HF121;Social health insurance schemes;PT;Portugal;2006;2006;639.12
A;Annual;MIO_PPS;Million purchasing power standards (PPS);HF121;Social health insurance schemes;PT;Portugal;2006;2006;653.15
A;Annual;PPS_HAB;Purchasing power standard (PPS) per inhabitant;HF121;Social health insurance schemes;PT;Portugal;2006;2006;706.63
A;Annual;PC_GDP;Percentage of gross domestic product (GDP);HF121;Social health insurance schemes;PT;Portugal;2006;2006;
A;Annual;PC_CHE;Percentual share of total current health expenditure (CHE);HF121;Social health insurance schemes;PT;Portugal;2006;2006;
A;Annual;MIO_EUR;Million euro;HF122;Compulsory private insurance scheme;PT;Portugal;2006;2006;
A;Annual;EUR_HAB;Euro per inhabitant;HF122;Compulsory private insurance scheme;PT;Portugal;2006;2006;
A;Annual;MIO_NAC;Million units of national currency;HF122;Compulsory private insurance scheme;PT;Portugal;2006;2006;
A;Annual;NAC_HAB;National currency per inhabitant;HF122;Compulsory private insurance scheme;PT;Portugal;2006;2006;
A;Annual;MIO_PPS;Million purchasing power standards (PPS);HF122;Compulsory private insurance scheme;PT;Portugal;2006;2006;
A;Annual;PPS_HAB;Purchasing power standard (PPS) per inhabitant;HF122;Compulsory private insurance scheme;PT;Portugal;2006;2006;
A;Annual;PC_GDP;Percentage of gross domestic product (GDP);HF122;Compulsory private insurance scheme;PT;Portugal;2006;2006;
A;Annual;PC_CHE;Percentual share of total current health expenditure (CHE);HF122;Compulsory private insurance scheme;PT;Portugal;2006;2006;
A;Annual;MIO_EUR;Million euro;HF13;Compulsory medical savings accounts (CMSA);PT;Portugal;2006;2006;
A;Annual;EUR_HAB;Euro per inhabitant;HF13;Compulsory medical savings accounts (CMSA);PT;Portugal;2006;2006;
A;Annual;MIO_NAC;Million units of national currency;HF13;Compulsory medical savings accounts (CMSA);PT;Portugal;2006;2006;
A;Annual;NAC_HAB;National currency per inhabitant;HF13;Compulsory medical savings accounts (CMSA);PT;Portugal;2006;2006;
A;Annual;MIO_PPS;Million purchasing power standards (PPS);HF13;Compulsory medical savings accounts (CMSA);PT;Portugal;2006;2006;
A;Annual;PPS_HAB;Purchasing power standard (PPS) per inhabitant;HF13;Compulsory medical savings accounts (CMSA);PT;Portugal;2006;2006;
A;Annual;PC_GDP;Percentage of gross domestic product (GDP);HF13;Compulsory medical savings accounts (CMSA);PT;Portugal;2006;2006;
A;Annual;PC_CHE;Percentual share of total current health expenditure (CHE);HF13;Compulsory medical savings accounts (CMSA);PT;Portugal;2006;2006;
A;Annual;MIO_EUR;Million euro;HF2;Voluntary health care payment schemes;PT;Portugal;2006;2006;
A;Annual;EUR_HAB;Euro per inhabitant;HF2;Voluntary health care payment schemes;PT;Portugal;2006;2006;
A;Annual;MIO_NAC;Million units of national currency;HF2;Voluntary health care payment schemes;PT;Portugal;2006;2006;
A;Annual;NAC_HAB;National currency per inhabitant;HF2;Voluntary health care payment schemes;PT;Portugal;2006;2006;
A;Annual;MIO_PPS;Million purchasing power standards (PPS);HF2;Voluntary health care payment schemes;PT;Portugal;2006;2006;94.96
A;Annual;PPS_HAB;Purchasing power standard (PPS) per inhabitant;HF2;Voluntary health care payment schemes;PT;Portugal;2006;2006;97.35
A;Annual;PC_GDP;Percentage of gross domestic product (GDP);HF2;Voluntary health care payment schemes;PT;Portugal;2006;2006;94.94
A;Annual;PC_CHE;Percentual share of total current health expenditure (CHE);HF2;Voluntary health care payment schemes;PT;Portugal;2006;2006;83.52
A;Annual;MIO_EUR;Million euro;HF21;Voluntary health insurance schemes;PT;Portugal;2006;2006;90.65
A;Annual;EUR_HAB;Euro per inhabitant;HF21;Voluntary health insurance schemes;PT;Portugal;2006;2006;94.99
A;Annual;MIO_NAC;Million units of national currency;HF21;Voluntary health insurance schemes;PT;Portugal;2006;2006;94.99
A;Annual;NAC_HAB;National currency per inhabitant;HF21;Voluntary health insurance schemes;PT;Portugal;2006;2006;
A;Annual;MIO_PPS;Million purchasing power standards (PPS);HF21;Voluntary health insurance schemes;PT;Portugal;2006;2006;
A;Annual;PPS_HAB;Purchasing power standard (PPS) per inhabitant;HF21;Voluntary health insurance schemes;PT;Portugal;2006;2006;
A;Annual;PC_GDP;Percentage of gross domestic product (GDP);HF21;Voluntary health insurance schemes;PT;Portugal;2006;2006;
A;Annual;PC_CHE;Percentual share of total current health expenditure (CHE);HF21;Voluntary health insurance schemes;PT;Portugal;2006;2006;
A;Annual;MIO_EUR;Million euro;HF22;NPISH financing schemes;PT;Portugal;2006;2006;
A;Annual;EUR_HAB;Euro per inhabitant;HF22;NPISH financing schemes;PT;Portugal;2006;2006;
A;Annual;MIO_NAC;Million units of national currency;HF22;NPISH financing schemes;PT;Portugal;2006;2006;
A;Annual;NAC_HAB;National currency per inhabitant;HF22;NPISH financing schemes;PT;Portugal;2006;2006;
A;Annual;MIO_PPS;Million purchasing power standards (PPS);HF22;NPISH financing schemes;PT;Portugal;2006;2006;
A;Annual;PPS_HAB;Purchasing power standard (PPS) per inhabitant;HF22;NPISH financing schemes;PT;Portugal;2006;2006;
A;Annual;PC_GDP;Percentage of gross domestic product (GDP);HF22;NPISH financing schemes;PT;Portugal;2006;2006;
A;Annual;PC_CHE;Percentual share of total current health expenditure (CHE);HF22;NPISH financing schemes;PT;Portugal;2006;2006;
A;Annual;MIO_EUR;Million euro;HF23;Enterprise financing schemes;PT;Portugal;2006;2006;
A;Annual;EUR_HAB;Euro per inhabitant;HF23;Enterprise financing schemes;PT;Portugal;2006;2006;
A;Annual;MIO_NAC;Million units of national currency;HF23;Enterprise financing schemes;PT;Portugal;2006;2006;
A;Annual;NAC_HAB;National currency per inhabitant;HF23;Enterprise financing schemes;PT;Portugal;2006;2006;
A;Annual;MIO_PPS;Million purchasing power standards (PPS);HF23;Enterprise financing schemes;PT;Portugal;2006;2006;
A;Annual;PPS_HAB;Purchasing power standard (PPS) per inhabitant;HF23;Enterprise financing schemes;PT;Portugal;2006;2006;
A;Annual;PC_GDP;Percentage of gross domestic product (GDP);HF23;Enterprise financing schemes;PT;Portugal;2006;2006;
A;Annual;PC_CHE;Percentual share of total current health expenditure (CHE);HF23;Enterprise financing schemes;PT;Portugal;2006;2006;
A;Annual;MIO_EUR;Million euro;HF3;Household out-of-pocket payment;PT;Portugal;2006;2006;
A;Annual;EUR_HAB;Euro per inhabitant;HF3;Household out-of-pocket payment;PT;Portugal;2006;2006;
A;Annual;MIO_NAC;Million units of national currency;HF3;Household out-of-pocket payment;PT;Portugal;2006;2006;
A;Annual;NAC_HAB;National currency per inhabitant;HF3;Household out-of-pocket payment;PT;Portugal;2006;2006;
A;Annual;MIO_PPS;Million purchasing power standards (PPS);HF3;Household out-of-pocket payment;PT;Portugal;2006;2006;
A;Annual;PPS_HAB;Purchasing power standard (PPS) per inhabitant;HF3;Household out-of-pocket payment;PT;Portugal;2006;2006;1.6
A;Annual;PC_GDP;Percentage of gross domestic product (GDP);HF3;Household out-of-pocket payment;PT;Portugal;2006;2006;1.62
A;Annual;PC_CHE;Percentual share of total current health expenditure (CHE);HF3;Household out-of-pocket payment;PT;Portugal;2006;2006;1.95
A;Annual;MIO_EUR;Million euro;HF31;Out-of-pocket excluding cost-sharing;PT;Portugal;2006;2006;2.28
A;Annual;EUR_HAB;Euro per inhabitant;HF31;Out-of-pocket excluding cost-sharing;PT;Portugal;2006;2006;2.81
A;Annual;MIO_NAC;Million units of national currency;HF31;Out-of-pocket excluding cost-sharing;PT;Portugal;2006;2006;3.2
A;Annual;NAC_HAB;National currency per inhabitant;HF31;Out-of-pocket excluding cost-sharing;PT;Portugal;2006;2006;
A;Annual;MIO_PPS;Million purchasing power standards (PPS);HF31;Out-of-pocket excluding cost-sharing;PT;Portugal;2006;2006;
A;Annual;PPS_HAB;Purchasing power standard (PPS) per inhabitant;HF31;Out-of-pocket excluding cost-sharing;PT;Portugal;2006;2006;
A;Annual;PC_GDP;Percentage of gross domestic product (GDP);HF31;Out-of-pocket excluding cost-sharing;PT;Portugal;2006;2006;4.59
A;Annual;PC_CHE;Percentual share of total current health expenditure (CHE);HF31;Out-of-pocket excluding cost-sharing;PT;Portugal;2006;2006;5.87
A;Annual;MIO_EUR;Million euro;HF32;Cost sharing with third-party payers;PT;Portugal;2006;2006;
A;Annual;EUR_HAB;Euro per inhabitant;HF32;Cost sharing with third-party payers;PT;Portugal;2006;2006;
A;Annual;MIO_NAC;Million units of national currency;HF32;Cost sharing with third-party payers;PT;Portugal;2006;2006;
A;Annual;NAC_HAB;National currency per inhabitant;HF32;Cost sharing with third-party payers;PT;Portugal;2006;2006;
A;Annual;MIO_PPS;Million purchasing power standards (PPS);HF32;Cost sharing with third-party payers;PT;Portugal;2006;2006;
A;Annual;PPS_HAB;Purchasing power standard (PPS) per inhabitant;HF32;Cost sharing with third-party payers;PT;Portugal;2006;2006;
A;Annual;PC_GDP;Percentage of gross domestic product (GDP);HF32;Cost sharing with third-party payers;PT;Portugal;2006;2006;
A;Annual;PC_CHE;Percentual share of total current health expenditure (CHE);HF32;Cost sharing with third-party payers;PT;Portugal;2006;2006;
A;Annual;MIO_EUR;Million euro;HF4;Rest of the world financing schemes (non-resident);PT;Portugal;2006;2006;
A;Annual;EUR_HAB;Euro per inhabitant;HF4;Rest of the world financing schemes (non-resident);PT;Portugal;2006;2006;
A;Annual;MIO_NAC;Million units of national currency;HF4;Rest of the world financing schemes (non-resident);PT;Portugal;2006;2006;
A;Annual;NAC_HAB;National currency per inhabitant;HF4;Rest of the world financing schemes (non-resident);PT;Portugal;2006;2006;
A;Annual;MIO_PPS;Million purchasing power standards (PPS);HF4;Rest of the world financing schemes (non-resident);PT;Portugal;2006;2006;
A;Annual;PPS_HAB;Purchasing power standard (PPS) per inhabitant;HF4;Rest of the world financing schemes (non-resident);PT;Portugal;2006;2006;
A;Annual;PC_GDP;Percentage of gross domestic product (GDP);HF4;Rest of the world financing schemes (non-resident);PT;Portugal;2006;2006;
A;Annual;PC_CHE;Percentual share of total current health expenditure (CHE);HF4;Rest of the world financing schemes (non-resident);PT;Portugal;2006;2006;
A;Annual;MIO_EUR;Million euro;HF_UNK;Financing schemes unknown;PT;Portugal;2006;2006;
A;Annual;EUR_HAB;Euro per inhabitant;HF_UNK;Financing schemes unknown;PT;Portugal;2006;2006;
A;Annual;MIO_NAC;Million units of national currency;HF_UNK;Financing schemes unknown;PT;Portugal;2006;2006;
A;Annual;NAC_HAB;National currency per inhabitant;HF_UNK;Financing schemes unknown;PT;Portugal;2006;2006;
A;Annual;MIO_PPS;Million purchasing power standards (PPS);HF_UNK;Financing schemes unknown;PT;Portugal;2006;2006;
A;Annual;PPS_HAB;Purchasing power standard (PPS) per inhabitant;HF_UNK;Financing schemes unknown;PT;Portugal;2006;2006;
A;Annual;PC_GDP;Percentage of gross domestic product (GDP);HF_UNK;Financing schemes unknown;PT;Portugal;2006;2006;
A;Annual;PC_CHE;Percentual share of total current health expenditure (CHE);HF_UNK;Financing schemes unknown;PT;Portugal;2006;2006;
A;Annual;MIO_EUR;Million euro;TOT_HF;All financing schemes;PT;Portugal;2007;2007;
A;Annual;EUR_HAB;Euro per inhabitant;TOT_HF;All financing schemes;PT;Portugal;2007;2007;
A;Annual;MIO_NAC;Million units of national currency;TOT_HF;All financing schemes;PT;Portugal;2007;2007;
A;Annual;NAC_HAB;National currency per inhabitant;TOT_HF;All financing schemes;PT;Portugal;2007;2007;
A;Annual;MIO_PPS;Million purchasing power standards (PPS);TOT_HF;All financing schemes;PT;Portugal;2007;2007;
A;Annual;PPS_HAB;Purchasing power standard (PPS) per inhabitant;TOT_HF;All financing schemes;PT;Portugal;2007;2007;
A;Annual;PC_GDP;Percentage of gross domestic product (GDP);TOT_HF;All financing schemes;PT;Portugal;2007;2007;
A;Annual;PC_CHE;Percentual share of total current health expenditure (CHE);TOT_HF;All financing schemes;PT;Portugal;2007;2007;
A;Annual;MIO_EUR;Million euro;HF1;Government schemes and compulsory contributory health care financing schemes;PT;Portugal;2007;2007;
A;Annual;EUR_HAB;Euro per inhabitant;HF1;Government schemes and compulsory contributory health care financing schemes;PT;Portugal;2007;2007;
A;Annual;MIO_NAC;Million units of national currency;HF1;Government schemes and compulsory contributory health care financing schemes;PT;Portugal;2007;2007;
A;Annual;NAC_HAB;National currency per inhabitant;HF1;Government schemes and compulsory contributory health care financing schemes;PT;Portugal;2007;2007;
A;Annual;MIO_PPS;Million purchasing power standards (PPS);HF1;Government schemes and compulsory contributory health care financing schemes;PT;Portugal;2007;2007;
A;Annual;PPS_HAB;Purchasing power standard (PPS) per inhabitant;HF1;Government schemes and compulsory contributory health care financing schemes;PT;Portugal;2007;2007;
A;Annual;PC_GDP;Percentage of gross domestic product (GDP);HF1;Government schemes and compulsory contributory health care financing schemes;PT;Portugal;2007;2007;
A;Annual;PC_CHE;Percentual share of total current health expenditure (CHE);HF1;Government schemes and compulsory contributory health care financing schemes;PT;Portugal;2007;2007;
A;Annual;MIO_EUR;Million euro;HF11;Government schemes;PT;Portugal;2007;2007;
A;Annual;EUR_HAB;Euro per inhabitant;HF11;Government schemes;PT;Portugal;2007;2007;
A;Annual;MIO_NAC;Million units of national currency;HF11;Government schemes;PT;Portugal;2007;2007;
A;Annual;NAC_HAB;National currency per inhabitant;HF11;Government schemes;PT;Portugal;2007;2007;
A;Annual;MIO_PPS;Million purchasing power standards (PPS);HF11;Government schemes;PT;Portugal;2007;2007;
A;Annual;PPS_HAB;Purchasing power standard (PPS) per inhabitant;HF11;Government schemes;PT;Portugal;2007;2007;
A;Annual;PC_GDP;Percentage of gross domestic product (GDP);HF11;Government schemes;PT;Portugal;2007;2007;
A;Annual;PC_CHE;Percentual share of total current health expenditure (CHE);HF11;Government schemes;PT;Portugal;2007;2007;
A;Annual;MIO_EUR;Million euro;HF12_13;Compulsory contributory health insurance schemes and compulsory medical saving accounts (CMSA);PT;Portugal;2007;2007;
A;Annual;EUR_HAB;Euro per inhabitant;HF12_13;Compulsory contributory health insurance schemes and compulsory medical saving accounts (CMSA);PT;Portugal;2007;2007;
A;Annual;MIO_NAC;Million units of national currency;HF12_13;Compulsory contributory health insurance schemes and compulsory medical saving accounts (CMSA);PT;Portugal;2007;2007;
A;Annual;NAC_HAB;National currency per inhabitant;HF12_13;Compulsory contributory health insurance schemes and compulsory medical saving accounts (CMSA);PT;Portugal;2007;2007;
A;Annual;MIO_PPS;Million purchasing power standards (PPS);HF12_13;Compulsory contributory health insurance schemes and compulsory medical saving accounts (CMSA);PT;Portugal;2007;2007;
A;Annual;PPS_HAB;Purchasing power standard (PPS) per inhabitant;HF12_13;Compulsory contributory health insurance schemes and compulsory medical saving accounts (CMSA);PT;Portugal;2007;2007;
A;Annual;PC_GDP;Percentage of gross domestic product (GDP);HF12_13;Compulsory contributory health insurance schemes and compulsory medical saving accounts (CMSA);PT;Portugal;2007;2007;
A;Annual;PC_CHE;Percentual share of total current health expenditure (CHE);HF12_13;Compulsory contributory health insurance schemes and compulsory medical saving accounts (CMSA);PT;Portugal;2007;2007;
A;Annual;MIO_EUR;Million euro;HF121;Social health insurance schemes;PT;Portugal;2007;2007;
A;Annual;EUR_HAB;Euro per inhabitant;HF121;Social health insurance schemes;PT;Portugal;2007;2007;
A;Annual;MIO_NAC;Million units of national currency;HF121;Social health insurance schemes;PT;Portugal;2007;2007;
A;Annual;NAC_HAB;National currency per inhabitant;HF121;Social health insurance schemes;PT;Portugal;2007;2007;
A;Annual;MIO_PPS;Million purchasing power standards (PPS);HF121;Social health insurance schemes;PT;Portugal;2007;2007;
A;Annual;PPS_HAB;Purchasing power standard (PPS) per inhabitant;HF121;Social health insurance schemes;PT;Portugal;2007;2007;
A;Annual;PC_GDP;Percentage of gross domestic product (GDP);HF121;Social health insurance schemes;PT;Portugal;2007;2007;
A;Annual;PC_CHE;Percentual share of total current health expenditure (CHE);HF121;Social health insurance schemes;PT;Portugal;2007;2007;
A;Annual;MIO_EUR;Million euro;HF122;Compulsory private insurance scheme;PT;Portugal;2007;2007;
A;Annual;EUR_HAB;Euro per inhabitant;HF122;Compulsory private insurance scheme;PT;Portugal;2007;2007;
A;Annual;MIO_NAC;Million units of national currency;HF122;Compulsory private insurance scheme;PT;Portugal;2007;2007;
A;Annual;NAC_HAB;National currency per inhabitant;HF122;Compulsory private insurance scheme;PT;Portugal;2007;2007;
A;Annual;MIO_PPS;Million purchasing power standards (PPS);HF122;Compulsory private insurance scheme;PT;Portugal;2007;2007;
A;Annual;PPS_HAB;Purchasing power standard (PPS) per inhabitant;HF122;Compulsory private insurance scheme;PT;Portugal;2007;2007;
A;Annual;PC_GDP;Percentage of gross domestic product (GDP);HF122;Compulsory private insurance scheme;PT;Portugal;2007;2007;
A;Annual;PC_CHE;Percentual share of total current health expenditure (CHE);HF122;Compulsory private insurance scheme;PT;Portugal;2007;2007;
A;Annual;MIO_EUR;Million euro;HF13;Compulsory medical savings accounts (CMSA);PT;Portugal;2007;2007;
A;Annual;EUR_HAB;Euro per inhabitant;HF13;Compulsory medical savings accounts (CMSA);PT;Portugal;2007;2007;
A;Annual;MIO_NAC;Million units of national currency;HF13;Compulsory medical savings accounts (CMSA);PT;Portugal;2007;2007;
A;Annual;NAC_HAB;National currency per inhabitant;HF13;Compulsory medical savings accounts (CMSA);PT;Portugal;2007;2007;
A;Annual;MIO_PPS;Million purchasing power standards (PPS);HF13;Compulsory medical savings accounts (CMSA);PT;Portugal;2007;2007;
A;Annual;PPS_HAB;Purchasing power standard (PPS) per inhabitant;HF13;Compulsory medical savings accounts (CMSA);PT;Portugal;2007;2007;
A;Annual;PC_GDP;Percentage of gross domestic product (GDP);HF13;Compulsory medical savings accounts (CMSA);PT;Portugal;2007;2007;
A;Annual;PC_CHE;Percentual share of total current health expenditure (CHE);HF13;Compulsory medical savings accounts (CMSA);PT;Portugal;2007;2007;
A;Annual;MIO_EUR;Million euro;HF2;Voluntary health care payment schemes;PT;Portugal;2007;2007;
A;Annual;EUR_HAB;Euro per inhabitant;HF2;Voluntary health care payment schemes;PT;Portugal;2007;2007;
A;Annual;MIO_NAC;Million units of national currency;HF2;Voluntary health care payment schemes;PT;Portugal;2007;2007;
A;Annual;NAC_HAB;National currency per inhabitant;HF2;Voluntary health care payment schemes;PT;Portugal;2007;2007;
A;Annual;MIO_PPS;Million purchasing power standards (PPS);HF2;Voluntary health care payment schemes;PT;Portugal;2007;2007;
A;Annual;PPS_HAB;Purchasing power standard (PPS) per inhabitant;HF2;Voluntary health care payment schemes;PT;Portugal;2007;2007;
A;Annual;PC_GDP;Percentage of gross domestic product (GDP);HF2;Voluntary health care payment schemes;PT;Portugal;2007;2007;
A;Annual;PC_CHE;Percentual share of total current health expenditure (CHE);HF2;Voluntary health care payment schemes;PT;Portugal;2007;2007;
A;Annual;MIO_EUR;Million euro;HF21;Voluntary health insurance schemes;PT;Portugal;2007;2007;
A;Annual;EUR_HAB;Euro per inhabitant;HF21;Voluntary health insurance schemes;PT;Portugal;2007;2007;
A;Annual;MIO_NAC;Million units of national currency;HF21;Voluntary health insurance schemes;PT;Portugal;2007;2007;
A;Annual;NAC_HAB;National currency per inhabitant;HF21;Voluntary health insurance schemes;PT;Portugal;2007;2007;
A;Annual;MIO_PPS;Million purchasing power standards (PPS);HF21;Voluntary health insurance schemes;PT;Portugal;2007;2007;
A;Annual;PPS_HAB;Purchasing power standard (PPS) per inhabitant;HF21;Voluntary health insurance schemes;PT;Portugal;2007;2007;
A;Annual;PC_GDP;Percentage of gross domestic product (GDP);HF21;Voluntary health insurance schemes;PT;Portugal;2007;2007;
A;Annual;PC_CHE;Percentual share of total current health expenditure (CHE);HF21;Voluntary health insurance schemes;PT;Portugal;2007;2007;
A;Annual;MIO_EUR;Million euro;HF22;NPISH financing schemes;PT;Portugal;2007;2007;
A;Annual;EUR_HAB;Euro per inhabitant;HF22;NPISH financing schemes;PT;Portugal;2007;2007;
A;Annual;MIO_NAC;Million units of national currency;HF22;NPISH financing schemes;PT;Portugal;2007;2007;
A;Annual;NAC_HAB;National currency per inhabitant;HF22;NPISH financing schemes;PT;Portugal;2007;2007;
A;Annual;MIO_PPS;Million purchasing power standards (PPS);HF22;NPISH financing schemes;PT;Portugal;2007;2007;
A;Annual;PPS_HAB;Purchasing power standard (PPS) per inhabitant;HF22;NPISH financing schemes;PT;Portugal;2007;2007;
A;Annual;PC_GDP;Percentage of gross domestic product (GDP);HF22;NPISH financing schemes;PT;Portugal;2007;2007;
A;Annual;PC_CHE;Percentual share of total current health expenditure (CHE);HF22;NPISH financing schemes;PT;Portugal;2007;2007;
A;Annual;MIO_EUR;Million euro;HF23;Enterprise financing schemes;PT;Portugal;2007;2007;
A;Annual;EUR_HAB;Euro per inhabitant;HF23;Enterprise financing schemes;PT;Portugal;2007;2007;
A;Annual;MIO_NAC;Million units of national currency;HF23;Enterprise financing schemes;PT;Portugal;2007;2007;
A;Annual;NAC_HAB;National currency per inhabitant;HF23;Enterprise financing schemes;PT;Portugal;2007;2007;
A;Annual;MIO_PPS;Million purchasing power standards (PPS);HF23;Enterprise financing schemes;PT;Portugal;2007;2007;
A;Annual;PPS_HAB;Purchasing power standard (PPS) per inhabitant;HF23;Enterprise financing schemes;PT;Portugal;2007;2007;
A;Annual;PC_GDP;Percentage of gross domestic product (GDP);HF23;Enterprise financing schemes;PT;Portugal;2007;2007;
A;Annual;PC_CHE;Percentual share of total current health expenditure (CHE);HF23;Enterprise financing schemes;PT;Portugal;2007;2007;
A;Annual;MIO_EUR;Million euro;HF3;Household out-of-pocket payment;PT;Portugal;2007;2007;
A;Annual;EUR_HAB;Euro per inhabitant;HF3;Household out-of-pocket payment;PT;Portugal;2007;2007;
A;Annual;MIO_NAC;Million units of national currency;HF3;Household out-of-pocket payment;PT;Portugal;2007;2007;
A;Annual;NAC_HAB;National currency per inhabitant;HF3;Household out-of-pocket payment;PT;Portugal;2007;2007;
A;Annual;MIO_PPS;Million purchasing power standards (PPS);HF3;Household out-of-pocket payment;PT;Portugal;2007;2007;
A;Annual;PPS_HAB;Purchasing power standard (PPS) per inhabitant;HF3;Household out-of-pocket payment;PT;Portugal;2007;2007;
A;Annual;PC_GDP;Percentage of gross domestic product (GDP);HF3;Household out-of-pocket payment;PT;Portugal;2007;2007;
A;Annual;PC_CHE;Percentual share of total current health expenditure (CHE);HF3;Household out-of-pocket payment;PT;Portugal;2007;2007;
A;Annual;MIO_EUR;Million euro;HF31;Out-of-pocket excluding cost-sharing;PT;Portugal;2007;2007;
A;Annual;EUR_HAB;Euro per inhabitant;HF31;Out-of-pocket excluding cost-sharing;PT;Portugal;2007;2007;
A;Annual;MIO_NAC;Million units of national currency;HF31;Out-of-pocket excluding cost-sharing;PT;Portugal;2007;2007;
A;Annual;NAC_HAB;National currency per inhabitant;HF31;Out-of-pocket excluding cost-sharing;PT;Portugal;2007;2007;
A;Annual;MIO_PPS;Million purchasing power standards (PPS);HF31;Out-of-pocket excluding cost-sharing;PT;Portugal;2007;2007;
A;Annual;PPS_HAB;Purchasing power standard (PPS) per inhabitant;HF31;Out-of-pocket excluding cost-sharing;PT;Portugal;2007;2007;
A;Annual;PC_GDP;Percentage of gross domestic product (GDP);HF31;Out-of-pocket excluding cost-sharing;PT;Portugal;2007;2007;
A;Annual;PC_CHE;Percentual share of total current health expenditure (CHE);HF31;Out-of-pocket excluding cost-sharing;PT;Portugal;2007;2007;
A;Annual;MIO_EUR;Million euro;HF32;Cost sharing with third-party payers;PT;Portugal;2007;2007;
A;Annual;EUR_HAB;Euro per inhabitant;HF32;Cost sharing with third-party payers;PT;Portugal;2007;2007;
A;Annual;MIO_NAC;Million units of national currency;HF32;Cost sharing with third-party payers;PT;Portugal;2007;2007;
A;Annual;NAC_HAB;National currency per inhabitant;HF32;Cost sharing with third-party payers;PT;Portugal;2007;2007;
A;Annual;MIO_PPS;Million purchasing power standards (PPS);HF32;Cost sharing with third-party payers;PT;Portugal;2007;2007;
A;Annual;PPS_HAB;Purchasing power standard (PPS) per inhabitant;HF32;Cost sharing with third-party payers;PT;Portugal;2007;2007;
A;Annual;PC_GDP;Percentage of gross domestic product (GDP);HF32;Cost sharing with third-party payers;PT;Portugal;2007;2007;
A;Annual;PC_CHE;Percentual share of total current health expenditure (CHE);HF32;Cost sharing with third-party payers;PT;Portugal;2007;2007;
A;Annual;MIO_EUR;Million euro;HF4;Rest of the world financing schemes (non-resident);PT;Portugal;2007;2007;
A;Annual;EUR_HAB;Euro per inhabitant;HF4;Rest of the world financing schemes (non-resident);PT;Portugal;2007;2007;
A;Annual;MIO_NAC;Million units of national currency;HF4;Rest of the world financing schemes (non-resident);PT;Portugal;2007;2007;
A;Annual;NAC_HAB;National currency per inhabitant;HF4;Rest of the world financing schemes (non-resident);PT;Portugal;2007;2007;
A;Annual;MIO_PPS;Million purchasing power standards (PPS);HF4;Rest of the world financing schemes (non-resident);PT;Portugal;2007;2007;
A;Annual;PPS_HAB;Purchasing power standard (PPS) per inhabitant;HF4;Rest of the world financing schemes (non-resident);PT;Portugal;2007;2007;
A;Annual;PC_GDP;Percentage of gross domestic product (GDP);HF4;Rest of the world financing schemes (non-resident);PT;Portugal;2007;2007;
A;Annual;PC_CHE;Percentual share of total current health expenditure (CHE);HF4;Rest of the world financing schemes (non-resident);PT;Portugal;2007;2007;
A;Annual;MIO_EUR;Million euro;HF_UNK;Financing schemes unknown;PT;Portugal;2007;2007;
A;Annual;EUR_HAB;Euro per inhabitant;HF_UNK;Financing schemes unknown;PT;Portugal;2007;2007;
A;Annual;MIO_NAC;Million units of national currency;HF_UNK;Financing schemes unknown;PT;Portugal;2007;2007;
A;Annual;NAC_HAB;National currency per inhabitant;HF_UNK;Financing schemes unknown;PT;Portugal;2007;2007;
A;Annual;MIO_PPS;Million purchasing power standards (PPS);HF_UNK;Financing schemes unknown;PT;Portugal;2007;2007;
A;Annual;PPS_HAB;Purchasing power standard (PPS) per inhabitant;HF_UNK;Financing schemes unknown;PT;Portugal;2007;2007;
A;Annual;PC_GDP;Percentage of gross domestic product (GDP);HF_UNK;Financing schemes unknown;PT;Portugal;2007;2007;
A;Annual;PC_CHE;Percentual share of total current health expenditure (CHE);HF_UNK;Financing schemes unknown;PT;Portugal;2007;2007;
A;Annual;MIO_EUR;Million euro;TOT_HF;All financing schemes;PT;Portugal;2008;2008;15165.23
A;Annual;EUR_HAB;Euro per inhabitant;TOT_HF;All financing schemes;PT;Portugal;2008;2008;16225.7
A;Annual;MIO_NAC;Million units of national currency;TOT_HF;All financing schemes;PT;Portugal;2008;2008;17160.55
A;Annual;NAC_HAB;National currency per inhabitant;TOT_HF;All financing schemes;PT;Portugal;2008;2008;18010.86
A;Annual;MIO_PPS;Million purchasing power standards (PPS);TOT_HF;All financing schemes;PT;Portugal;2008;2008;18372.5
A;Annual;PPS_HAB;Purchasing power standard (PPS) per inhabitant;TOT_HF;All financing schemes;PT;Portugal;2008;2008;19351.82
A;Annual;PC_GDP;Percentage of gross domestic product (GDP);TOT_HF;All financing schemes;PT;Portugal;2008;2008;20466.44
A;Annual;PC_CHE;Percentual share of total current health expenditure (CHE);TOT_HF;All financing schemes;PT;Portugal;2008;2008;21693.35
A;Annual;MIO_EUR;Million euro;HF1;Government schemes and compulsory contributory health care financing schemes;PT;Portugal;2008;2008;22788.45
A;Annual;EUR_HAB;Euro per inhabitant;HF1;Government schemes and compulsory contributory health care financing schemes;PT;Portugal;2008;2008;23861.48
A;Annual;MIO_NAC;Million units of national currency;HF1;Government schemes and compulsory contributory health care financing schemes;PT;Portugal;2008;2008;24814.72
A;Annual;NAC_HAB;National currency per inhabitant;HF1;Government schemes and compulsory contributory health care financing schemes;PT;Portugal;2008;2008;26149.22
A;Annual;MIO_PPS;Million purchasing power standards (PPS);HF1;Government schemes and compulsory contributory health care financing schemes;PT;Portugal;2008;2008;26520.8
A;Annual;PPS_HAB;Purchasing power standard (PPS) per inhabitant;HF1;Government schemes and compulsory contributory health care financing schemes;PT;Portugal;2008;2008;27234.48
A;Annual;PC_GDP;Percentage of gross domestic product (GDP);HF1;Government schemes and compulsory contributory health care financing schemes;PT;Portugal;2008;2008;27831.53
A;Annual;PC_CHE;Percentual share of total current health expenditure (CHE);HF1;Government schemes and compulsory contributory health care financing schemes;PT;Portugal;2008;2008;29001.92
A;Annual;MIO_EUR;Million euro;HF11;Government schemes;PT;Portugal;2008;2008;29758.26
A;Annual;EUR_HAB;Euro per inhabitant;HF11;Government schemes;PT;Portugal;2008;2008;30526.59
A;Annual;MIO_NAC;Million units of national currency;HF11;Government schemes;PT;Portugal;2008;2008;31549.23
A;Annual;NAC_HAB;National currency per inhabitant;HF11;Government schemes;PT;Portugal;2008;2008;32475.42
A;Annual;MIO_PPS;Million purchasing power standards (PPS);HF11;Government schemes;PT;Portugal;2008;2008;33344.45
A;Annual;PPS_HAB;Purchasing power standard (PPS) per inhabitant;HF11;Government schemes;PT;Portugal;2008;2008;34396.38
A;Annual;PC_GDP;Percentage of gross domestic product (GDP);HF11;Government schemes;PT;Portugal;2008;2008;35559.07
A;Annual;PC_CHE;Percentual share of total current health expenditure (CHE);HF11;Government schemes;PT;Portugal;2008;2008;36512.26
A;Annual;MIO_EUR;Million euro;HF12_13;Compulsory contributory health insurance schemes and compulsory medical saving accounts (CMSA);PT;Portugal;2008;2008;42890.78
A;Annual;EUR_HAB;Euro per inhabitant;HF12_13;Compulsory contributory health insurance schemes and compulsory medical saving accounts (CMSA);PT;Portugal;2008;2008;43707.77
A;Annual;MIO_NAC;Million units of national currency;HF12_13;Compulsory contributory health insurance schemes and compulsory medical saving accounts (CMSA);PT;Portugal;2008;2008;44747.56
A;Annual;NAC_HAB;National currency per inhabitant;HF12_13;Compulsory contributory health insurance schemes and compulsory medical saving accounts (CMSA);PT;Portugal;2008;2008;
A;Annual;MIO_PPS;Million purchasing power standards (PPS);HF12_13;Compulsory contributory health insurance schemes and compulsory medical saving accounts (CMSA);PT;Portugal;2008;2008;
A;Annual;PPS_HAB;Purchasing power standard (PPS) per inhabitant;HF12_13;Compulsory contributory health insurance schemes and compulsory medical saving accounts (CMSA);PT;Portugal;2008;2008;
A;Annual;PC_GDP;Percentage of gross domestic product (GDP);HF12_13;Compulsory contributory health insurance schemes and compulsory medical saving accounts (CMSA);PT;Portugal;2008;2008;
A;Annual;PC_CHE;Percentual share of total current health expenditure (CHE);HF12_13;Compulsory contributory health insurance schemes and compulsory medical saving accounts (CMSA);PT;Portugal;2008;2008;
A;Annual;MIO_EUR;Million euro;HF121;Social health insurance schemes;PT;Portugal;2008;2008;
A;Annual;EUR_HAB;Euro per inhabitant;HF121;Social health insurance schemes;PT;Portugal;2008;2008;
A;Annual;MIO_NAC;Million units of national currency;HF121;Social health insurance schemes;PT;Portugal;2008;2008;
A;Annual;NAC_HAB;National currency per inhabitant;HF121;Social health insurance schemes;PT;Portugal;2008;2008;
A;Annual;MIO_PPS;Million purchasing power standards (PPS);HF121;Social health insurance schemes;PT;Portugal;2008;2008;
A;Annual;PPS_HAB;Purchasing power standard (PPS) per inhabitant;HF121;Social health insurance schemes;PT;Portugal;2008;2008;
A;Annual;PC_GDP;Percentage of gross domestic product (GDP);HF121;Social health insurance schemes;PT;Portugal;2008;2008;
A;Annual;PC_CHE;Percentual share of total current health expenditure (CHE);HF121;Social health insurance schemes;PT;Portugal;2008;2008;
A;Annual;MIO_EUR;Million euro;HF122;Compulsory private insurance scheme;PT;Portugal;2008;2008;
A;Annual;EUR_HAB;Euro per inhabitant;HF122;Compulsory private insurance scheme;PT;Portugal;2008;2008;
A;Annual;MIO_NAC;Million units of national currency;HF122;Compulsory private insurance scheme;PT;Portugal;2008;2008;
A;Annual;NAC_HAB;National currency per inhabitant;HF122;Compulsory private insurance scheme;PT;Portugal;2008;2008;
A;Annual;MIO_PPS;Million purchasing power standards (PPS);HF122;Compulsory private insurance scheme;PT;Portugal;2008;2008;
A;Annual;PPS_HAB;Purchasing power standard (PPS) per inhabitant;HF122;Compulsory private insurance scheme;PT;Portugal;2008;2008;
A;Annual;PC_GDP;Percentage of gross domestic product (GDP);HF122;Compulsory private insurance scheme;PT;Portugal;2008;2008;
A;Annual;PC_CHE;Percentual share of total current health expenditure (CHE);HF122;Compulsory private insurance scheme;PT;Portugal;2008;2008;
A;Annual;MIO_EUR;Million euro;HF13;Compulsory medical savings accounts (CMSA);PT;Portugal;2008;2008;
A;Annual;EUR_HAB;Euro per inhabitant;HF13;Compulsory medical savings accounts (CMSA);PT;Portugal;2008;2008;46639.46
A;Annual;MIO_NAC;Million units of national currency;HF13;Compulsory medical savings accounts (CMSA);PT;Portugal;2008;2008;46930.78
A;Annual;NAC_HAB;National currency per inhabitant;HF13;Compulsory medical savings accounts (CMSA);PT;Portugal;2008;2008;50161.69
A;Annual;MIO_PPS;Million purchasing power standards (PPS);HF13;Compulsory medical savings accounts (CMSA);PT;Portugal;2008;2008;52383.14
A;Annual;PPS_HAB;Purchasing power standard (PPS) per inhabitant;HF13;Compulsory medical savings accounts (CMSA);PT;Portugal;2008;2008;55174.78
A;Annual;PC_GDP;Percentage of gross domestic product (GDP);HF13;Compulsory medical savings accounts (CMSA);PT;Portugal;2008;2008;55803.33
A;Annual;PC_CHE;Percentual share of total current health expenditure (CHE);HF13;Compulsory medical savings accounts (CMSA);PT;Portugal;2008;2008;60435.99
A;Annual;MIO_EUR;Million euro;HF2;Voluntary health care payment schemes;PT;Portugal;2008;2008;61256.57
A;Annual;EUR_HAB;Euro per inhabitant;HF2;Voluntary health care payment schemes;PT;Portugal;2008;2008;65290.76
A;Annual;MIO_NAC;Million units of national currency;HF2;Voluntary health care payment schemes;PT;Portugal;2008;2008;72426.81
A;Annual;NAC_HAB;National currency per inhabitant;HF2;Voluntary health care payment schemes;PT;Portugal;2008;2008;82185.41
A;Annual;MIO_PPS;Million purchasing power standards (PPS);HF2;Voluntary health care payment schemes;PT;Portugal;2008;2008;
A;Annual;PPS_HAB;Purchasing power standard (PPS) per inhabitant;HF2;Voluntary health care payment schemes;PT;Portugal;2008;2008;
A;Annual;PC_GDP;Percentage of gross domestic product (GDP);HF2;Voluntary health care payment schemes;PT;Portugal;2008;2008;
A;Annual;PC_CHE;Percentual share of total current health expenditure (CHE);HF2;Voluntary health care payment schemes;PT;Portugal;2008;2008;
A;Annual;MIO_EUR;Million euro;HF21;Voluntary health insurance schemes;PT;Portugal;2008;2008;
A;Annual;EUR_HAB;Euro per inhabitant;HF21;Voluntary health insurance schemes;PT;Portugal;2008;2008;
A;Annual;MIO_NAC;Million units of national currency;HF21;Voluntary health insurance schemes;PT;Portugal;2008;2008;
A;Annual;NAC_HAB;National currency per inhabitant;HF21;Voluntary health insurance schemes;PT;Portugal;2008;2008;
A;Annual;MIO_PPS;Million purchasing power standards (PPS);HF21;Voluntary health insurance schemes;PT;Portugal;2008;2008;
A;Annual;PPS_HAB;Purchasing power standard (PPS) per inhabitant;HF21;Voluntary health insurance schemes;PT;Portugal;2008;2008;13361.62
A;Annual;PC_GDP;Percentage of gross domestic product (GDP);HF21;Voluntary health insurance schemes;PT;Portugal;2008;2008;13956.19
A;Annual;PC_CHE;Percentual share of total current health expenditure (CHE);HF21;Voluntary health insurance schemes;PT;Portugal;2008;2008;14599.29
A;Annual;MIO_EUR;Million euro;HF22;NPISH financing schemes;PT;Portugal;2008;2008;15682.5
A;Annual;EUR_HAB;Euro per inhabitant;HF22;NPISH financing schemes;PT;Portugal;2008;2008;16957.17
A;Annual;MIO_NAC;Million units of national currency;HF22;NPISH financing schemes;PT;Portugal;2008;2008;18228.96
A;Annual;NAC_HAB;National currency per inhabitant;HF22;NPISH financing schemes;PT;Portugal;2008;2008;18637.73
A;Annual;MIO_PPS;Million purchasing power standards (PPS);HF22;NPISH financing schemes;PT;Portugal;2008;2008;19088.52
A;Annual;PPS_HAB;Purchasing power standard (PPS) per inhabitant;HF22;NPISH financing schemes;PT;Portugal;2008;2008;20165.87
A;Annual;PC_GDP;Percentage of gross domestic product (GDP);HF22;NPISH financing schemes;PT;Portugal;2008;2008;20597.33
A;Annual;PC_CHE;Percentual share of total current health expenditure (CHE);HF22;NPISH financing schemes;PT;Portugal;2008;2008;20795.49
A;Annual;MIO_EUR;Million euro;HF23;Enterprise financing schemes;PT;Portugal;2008;2008;19711.56
A;Annual;EUR_HAB;Euro per inhabitant;HF23;Enterprise financing schemes;PT;Portugal;2008;2008;19018.76
A;Annual;MIO_NAC;Million units of national currency;HF23;Enterprise financing schemes;PT;Portugal;2008;2008;19216.4
A;Annual;NAC_HAB;National currency per inhabitant;HF23;Enterprise financing schemes;PT;Portugal;2008;2008;19315.66
A;Annual;MIO_PPS;Million purchasing power standards (PPS);HF23;Enterprise financing schemes;PT;Portugal;2008;2008;19999.19
A;Annual;PPS_HAB;Purchasing power standard (PPS) per inhabitant;HF23;Enterprise financing schemes;PT;Portugal;2008;2008;20582.39
A;Annual;PC_GDP;Percentage of gross domestic product (GDP);HF23;Enterprise financing schemes;PT;Portugal;2008;2008;21086.57
A;Annual;PC_CHE;Percentual share of total current health expenditure (CHE);HF23;Enterprise financing schemes;PT;Portugal;2008;2008;22482.34
A;Annual;MIO_EUR;Million euro;HF3;Household out-of-pocket payment;PT;Portugal;2008;2008;23492.38
A;Annual;EUR_HAB;Euro per inhabitant;HF3;Household out-of-pocket payment;PT;Portugal;2008;2008;24011.76
A;Annual;MIO_NAC;Million units of national currency;HF3;Household out-of-pocket payment;PT;Portugal;2008;2008;28094.81
A;Annual;NAC_HAB;National currency per inhabitant;HF3;Household out-of-pocket payment;PT;Portugal;2008;2008;30190.91
A;Annual;MIO_PPS;Million purchasing power standards (PPS);HF3;Household out-of-pocket payment;PT;Portugal;2008;2008;31739.18
A;Annual;PPS_HAB;Purchasing power standard (PPS) per inhabitant;HF3;Household out-of-pocket payment;PT;Portugal;2008;2008;
A;Annual;PC_GDP;Percentage of gross domestic product (GDP);HF3;Household out-of-pocket payment;PT;Portugal;2008;2008;
A;Annual;PC_CHE;Percentual share of total current health expenditure (CHE);HF3;Household out-of-pocket payment;PT;Portugal;2008;2008;
A;Annual;MIO_EUR;Million euro;HF31;Out-of-pocket excluding cost-sharing;PT;Portugal;2008;2008;
A;Annual;EUR_HAB;Euro per inhabitant;HF31;Out-of-pocket excluding cost-sharing;PT;Portugal;2008;2008;
A;Annual;MIO_NAC;Million units of national currency;HF31;Out-of-pocket excluding cost-sharing;PT;Portugal;2008;2008;
A;Annual;NAC_HAB;National currency per inhabitant;HF31;Out-of-pocket excluding cost-sharing;PT;Portugal;2008;2008;
A;Annual;MIO_PPS;Million purchasing power standards (PPS);HF31;Out-of-pocket excluding cost-sharing;PT;Portugal;2008;2008;
A;Annual;PPS_HAB;Purchasing power standard (PPS) per inhabitant;HF31;Out-of-pocket excluding cost-sharing;PT;Portugal;2008;2008;
A;Annual;PC_GDP;Percentage of gross domestic product (GDP);HF31;Out-of-pocket excluding cost-sharing;PT;Portugal;2008;2008;
A;Annual;PC_CHE;Percentual share of total current health expenditure (CHE);HF31;Out-of-pocket excluding cost-sharing;PT;Portugal;2008;2008;
A;Annual;MIO_EUR;Million euro;HF32;Cost sharing with third-party payers;PT;Portugal;2008;2008;
A;Annual;EUR_HAB;Euro per inhabitant;HF32;Cost sharing with third-party payers;PT;Portugal;2008;2008;
A;Annual;MIO_NAC;Million units of national currency;HF32;Cost sharing with third-party payers;PT;Portugal;2008;2008;
A;Annual;NAC_HAB;National currency per inhabitant;HF32;Cost sharing with third-party payers;PT;Portugal;2008;2008;
A;Annual;MIO_PPS;Million purchasing power standards (PPS);HF32;Cost sharing with third-party payers;PT;Portugal;2008;2008;
A;Annual;PPS_HAB;Purchasing power standard (PPS) per inhabitant;HF32;Cost sharing with third-party payers;PT;Portugal;2008;2008;
A;Annual;PC_GDP;Percentage of gross domestic product (GDP);HF32;Cost sharing with third-party payers;PT;Portugal;2008;2008;
A;Annual;PC_CHE;Percentual share of total current health expenditure (CHE);HF32;Cost sharing with third-party payers;PT;Portugal;2008;2008;
A;Annual;MIO_EUR;Million euro;HF4;Rest of the world financing schemes (non-resident);PT;Portugal;2008;2008;
A;Annual;EUR_HAB;Euro per inhabitant;HF4;Rest of the world financing schemes (non-resident);PT;Portugal;2008;2008;12754.4
A;Annual;MIO_NAC;Million units of national currency;HF4;Rest of the world financing schemes (non-resident);PT;Portugal;2008;2008;13330.53
A;Annual;NAC_HAB;National currency per inhabitant;HF4;Rest of the world financing schemes (non-resident);PT;Portugal;2008;2008;15178.4
A;Annual;MIO_PPS;Million purchasing power standards (PPS);HF4;Rest of the world financing schemes (non-resident);PT;Portugal;2008;2008;15266.36
A;Annual;PPS_HAB;Purchasing power standard (PPS) per inhabitant;HF4;Rest of the world financing schemes (non-resident);PT;Portugal;2008;2008;15784.48
A;Annual;PC_GDP;Percentage of gross domestic product (GDP);HF4;Rest of the world financing schemes (non-resident);PT;Portugal;2008;2008;17451.87
A;Annual;PC_CHE;Percentual share of total current health expenditure (CHE);HF4;Rest of the world financing schemes (non-resident);PT;Portugal;2008;2008;19507.92
A;Annual;MIO_EUR;Million euro;HF_UNK;Financing schemes unknown;PT;Portugal;2008;2008;22540.07
A;Annual;EUR_HAB;Euro per inhabitant;HF_UNK;Financing schemes unknown;PT;Portugal;2008;2008;25402.96
A;Annual;MIO_NAC;Million units of national currency;HF_UNK;Financing schemes unknown;PT;Portugal;2008;2008;27798.22
A;Annual;NAC_HAB;National currency per inhabitant;HF_UNK;Financing schemes unknown;PT;Portugal;2008;2008;31471.52
A;Annual;MIO_PPS;Million purchasing power standards (PPS);HF_UNK;Financing schemes unknown;PT;Portugal;2008;2008;30716.62
A;Annual;PPS_HAB;Purchasing power standard (PPS) per inhabitant;HF_UNK;Financing schemes unknown;PT;Portugal;2008;2008;33842.88
A;Annual;PC_GDP;Percentage of gross domestic product (GDP);HF_UNK;Financing schemes unknown;PT;Portugal;2008;2008;
A;Annual;PC_CHE;Percentual share of total current health expenditure (CHE);HF_UNK;Financing schemes unknown;PT;Portugal;2008;2008;
A;Annual;MIO_EUR;Million euro;TOT_HF;All financing schemes;PT;Portugal;2009;2009;0.0
A;Annual;EUR_HAB;Euro per inhabitant;TOT_HF;All financing schemes;PT;Portugal;2009;2009;
A;Annual;MIO_NAC;Million units of national currency;TOT_HF;All financing schemes;PT;Portugal;2009;2009;0.0
A;Annual;NAC_HAB;National currency per inhabitant;TOT_HF;All financing schemes;PT;Portugal;2009;2009;0.0
A;Annual;MIO_PPS;Million purchasing power standards (PPS);TOT_HF;All financing schemes;PT;Portugal;2009;2009;0.0
A;Annual;PPS_HAB;Purchasing power standard (PPS) per inhabitant;TOT_HF;All financing schemes;PT;Portugal;2009;2009;
A;Annual;PC_GDP;Percentage of gross domestic product (GDP);TOT_HF;All financing schemes;PT;Portugal;2009;2009;
A;Annual;PC_CHE;Percentual share of total current health expenditure (CHE);TOT_HF;All financing schemes;PT;Portugal;2009;2009;
A;Annual;MIO_EUR;Million euro;HF1;Government schemes and compulsory contributory health care financing schemes;PT;Portugal;2009;2009;
A;Annual;EUR_HAB;Euro per inhabitant;HF1;Government schemes and compulsory contributory health care financing schemes;PT;Portugal;2009;2009;
A;Annual;MIO_NAC;Million units of national currency;HF1;Government schemes and compulsory contributory health care financing schemes;PT;Portugal;2009;2009;
A;Annual;NAC_HAB;National currency per inhabitant;HF1;Government schemes and compulsory contributory health care financing schemes;PT;Portugal;2009;2009;
A;Annual;MIO_PPS;Million purchasing power standards (PPS);HF1;Government schemes and compulsory contributory health care financing schemes;PT;Portugal;2009;2009;
A;Annual;PPS_HAB;Purchasing power standard (PPS) per inhabitant;HF1;Government schemes and compulsory contributory health care financing schemes;PT;Portugal;2009;2009;
A;Annual;PC_GDP;Percentage of gross domestic product (GDP);HF1;Government schemes and compulsory contributory health care financing schemes;PT;Portugal;2009;2009;
A;Annual;PC_CHE;Percentual share of total current health expenditure (CHE);HF1;Government schemes and compulsory contributory health care financing schemes;PT;Portugal;2009;2009;
A;Annual;MIO_EUR;Million euro;HF11;Government schemes;PT;Portugal;2009;2009;
A;Annual;EUR_HAB;Euro per inhabitant;HF11;Government schemes;PT;Portugal;2009;2009;
A;Annual;MIO_NAC;Million units of national currency;HF11;Government schemes;PT;Portugal;2009;2009;
A;Annual;NAC_HAB;National currency per inhabitant;HF11;Government schemes;PT;Portugal;2009;2009;
A;Annual;MIO_PPS;Million purchasing power standards (PPS);HF11;Government schemes;PT;Portugal;2009;2009;1608.96
A;Annual;PPS_HAB;Purchasing power standard (PPS) per inhabitant;HF11;Government schemes;PT;Portugal;2009;2009;1840.84
A;Annual;PC_GDP;Percentage of gross domestic product (GDP);HF11;Government schemes;PT;Portugal;2009;2009;2045.98
A;Annual;PC_CHE;Percentual share of total current health expenditure (CHE);HF11;Government schemes;PT;Portugal;2009;2009;2001.92
A;Annual;MIO_EUR;Million euro;HF12_13;Compulsory contributory health insurance schemes and compulsory medical saving accounts (CMSA);PT;Portugal;2009;2009;1987.27
A;Annual;EUR_HAB;Euro per inhabitant;HF12_13;Compulsory contributory health insurance schemes and compulsory medical saving accounts (CMSA);PT;Portugal;2009;2009;
A;Annual;MIO_NAC;Million units of national currency;HF12_13;Compulsory contributory health insurance schemes and compulsory medical saving accounts (CMSA);PT;Portugal;2009;2009;
A;Annual;NAC_HAB;National currency per inhabitant;HF12_13;Compulsory contributory health insurance schemes and compulsory medical saving accounts (CMSA);PT;Portugal;2009;2009;
A;Annual;MIO_PPS;Million purchasing power standards (PPS);HF12_13;Compulsory contributory health insurance schemes and compulsory medical saving accounts (CMSA);PT;Portugal;2009;2009;2197.06
A;Annual;PPS_HAB;Purchasing power standard (PPS) per inhabitant;HF12_13;Compulsory contributory health insurance schemes and compulsory medical saving accounts (CMSA);PT;Portugal;2009;2009;2332.55
A;Annual;PC_GDP;Percentage of gross domestic product (GDP);HF12_13;Compulsory contributory health insurance schemes and compulsory medical saving accounts (CMSA);PT;Portugal;2009;2009;2432.53
A;Annual;PC_CHE;Percentual share of total current health expenditure (CHE);HF12_13;Compulsory contributory health insurance schemes and compulsory medical saving accounts (CMSA);PT;Portugal;2009;2009;2540.55
A;Annual;MIO_EUR;Million euro;HF121;Social health insurance schemes;PT;Portugal;2009;2009;2744.87
A;Annual;EUR_HAB;Euro per inhabitant;HF121;Social health insurance schemes;PT;Portugal;2009;2009;3104.78
A;Annual;MIO_NAC;Million units of national currency;HF121;Social health insurance schemes;PT;Portugal;2009;2009;3379.55
A;Annual;NAC_HAB;National currency per inhabitant;HF121;Social health insurance schemes;PT;Portugal;2009;2009;3673.63
A;Annual;MIO_PPS;Million purchasing power standards (PPS);HF121;Social health insurance schemes;PT;Portugal;2009;2009;3762.93
A;Annual;PPS_HAB;Purchasing power standard (PPS) per inhabitant;HF121;Social health insurance schemes;PT;Portugal;2009;2009;4175.77
A;Annual;PC_GDP;Percentage of gross domestic product (GDP);HF121;Social health insurance schemes;PT;Portugal;2009;2009;
A;Annual;PC_CHE;Percentual share of total current health expenditure (CHE);HF121;Social health insurance schemes;PT;Portugal;2009;2009;
A;Annual;MIO_EUR;Million euro;HF122;Compulsory private insurance scheme;PT;Portugal;2009;2009;
A;Annual;EUR_HAB;Euro per inhabitant;HF122;Compulsory private insurance scheme;PT;Portugal;2009;2009;
A;Annual;MIO_NAC;Million units of national currency;HF122;Compulsory private insurance scheme;PT;Portugal;2009;2009;
A;Annual;NAC_HAB;National currency per inhabitant;HF122;Compulsory private insurance scheme;PT;Portugal;2009;2009;
A;Annual;MIO_PPS;Million purchasing power standards (PPS);HF122;Compulsory private insurance scheme;PT;Portugal;2009;2009;
A;Annual;PPS_HAB;Purchasing power standard (PPS) per inhabitant;HF122;Compulsory private insurance scheme;PT;Portugal;2009;2009;
A;Annual;PC_GDP;Percentage of gross domestic product (GDP);HF122;Compulsory private insurance scheme;PT;Portugal;2009;2009;
A;Annual;PC_CHE;Percentual share of total current health expenditure (CHE);HF122;Compulsory private insurance scheme;PT;Portugal;2009;2009;
A;Annual;MIO_EUR;Million euro;HF13;Compulsory medical savings accounts (CMSA);PT;Portugal;2009;2009;
A;Annual;EUR_HAB;Euro per inhabitant;HF13;Compulsory medical savings accounts (CMSA);PT;Portugal;2009;2009;
A;Annual;MIO_NAC;Million units of national currency;HF13;Compulsory medical savings accounts (CMSA);PT;Portugal;2009;2009;
A;Annual;NAC_HAB;National currency per inhabitant;HF13;Compulsory medical savings accounts (CMSA);PT;Portugal;2009;2009;
A;Annual;MIO_PPS;Million purchasing power standards (PPS);HF13;Compulsory medical savings accounts (CMSA);PT;Portugal;2009;2009;
A;Annual;PPS_HAB;Purchasing power standard (PPS) per inhabitant;HF13;Compulsory medical savings accounts (CMSA);PT;Portugal;2009;2009;
A;Annual;PC_GDP;Percentage of gross domestic product (GDP);HF13;Compulsory medical savings accounts (CMSA);PT;Portugal;2009;2009;
A;Annual;PC_CHE;Percentual share of total current health expenditure (CHE);HF13;Compulsory medical savings accounts (CMSA);PT;Portugal;2009;2009;
A;Annual;MIO_EUR;Million euro;HF2;Voluntary health care payment schemes;PT;Portugal;2009;2009;
A;Annual;EUR_HAB;Euro per inhabitant;HF2;Voluntary health care payment schemes;PT;Portugal;2009;2009;
A;Annual;MIO_NAC;Million units of national currency;HF2;Voluntary health care payment schemes;PT;Portugal;2009;2009;
A;Annual;NAC_HAB;National currency per inhabitant;HF2;Voluntary health care payment schemes;PT;Portugal;2009;2009;1387.06
A;Annual;MIO_PPS;Million purchasing power standards (PPS);HF2;Voluntary health care payment schemes;PT;Portugal;2009;2009;1465.35
A;Annual;PPS_HAB;Purchasing power standard (PPS) per inhabitant;HF2;Voluntary health care payment schemes;PT;Portugal;2009;2009;1515.08
A;Annual;PC_GDP;Percentage of gross domestic product (GDP);HF2;Voluntary health care payment schemes;PT;Portugal;2009;2009;1549.2
A;Annual;PC_CHE;Percentual share of total current health expenditure (CHE);HF2;Voluntary health care payment schemes;PT;Portugal;2009;2009;1585.35
A;Annual;MIO_EUR;Million euro;HF21;Voluntary health insurance schemes;PT;Portugal;2009;2009;1659.89
A;Annual;EUR_HAB;Euro per inhabitant;HF21;Voluntary health insurance schemes;PT;Portugal;2009;2009;1789.02
A;Annual;MIO_NAC;Million units of national currency;HF21;Voluntary health insurance schemes;PT;Portugal;2009;2009;1862.35
A;Annual;NAC_HAB;National currency per inhabitant;HF21;Voluntary health insurance schemes;PT;Portugal;2009;2009;1897.15
A;Annual;MIO_PPS;Million purchasing power standards (PPS);HF21;Voluntary health insurance schemes;PT;Portugal;2009;2009;2037.87
A;Annual;PPS_HAB;Purchasing power standard (PPS) per inhabitant;HF21;Voluntary health insurance schemes;PT;Portugal;2009;2009;2211.03
A;Annual;PC_GDP;Percentage of gross domestic product (GDP);HF21;Voluntary health insurance schemes;PT;Portugal;2009;2009;2395.0
A;Annual;PC_CHE;Percentual share of total current health expenditure (CHE);HF21;Voluntary health insurance schemes;PT;Portugal;2009;2009;
A;Annual;MIO_EUR;Million euro;HF22;NPISH financing schemes;PT;Portugal;2009;2009;
A;Annual;EUR_HAB;Euro per inhabitant;HF22;NPISH financing schemes;PT;Portugal;2009;2009;
A;Annual;MIO_NAC;Million units of national currency;HF22;NPISH financing schemes;PT;Portugal;2009;2009;
A;Annual;NAC_HAB;National currency per inhabitant;HF22;NPISH financing schemes;PT;Portugal;2009;2009;
A;Annual;MIO_PPS;Million purchasing power standards (PPS);HF22;NPISH financing schemes;PT;Portugal;2009;2009;
A;Annual;PPS_HAB;Purchasing power standard (PPS) per inhabitant;HF22;NPISH financing schemes;PT;Portugal;2009;2009;
A;Annual;PC_GDP;Percentage of gross domestic product (GDP);HF22;NPISH financing schemes;PT;Portugal;2009;2009;
A;Annual;PC_CHE;Percentual share of total current health expenditure (CHE);HF22;NPISH financing schemes;PT;Portugal;2009;2009;
A;Annual;MIO_EUR;Million euro;HF23;Enterprise financing schemes;PT;Portugal;2009;2009;
A;Annual;EUR_HAB;Euro per inhabitant;HF23;Enterprise financing schemes;PT;Portugal;2009;2009;
A;Annual;MIO_NAC;Million units of national currency;HF23;Enterprise financing schemes;PT;Portugal;2009;2009;
A;Annual;NAC_HAB;National currency per inhabitant;HF23;Enterprise financing schemes;PT;Portugal;2009;2009;
A;Annual;MIO_PPS;Million purchasing power standards (PPS);HF23;Enterprise financing schemes;PT;Portugal;2009;2009;
A;Annual;PPS_HAB;Purchasing power standard (PPS) per inhabitant;HF23;Enterprise financing schemes;PT;Portugal;2009;2009;
A;Annual;PC_GDP;Percentage of gross domestic product (GDP);HF23;Enterprise financing schemes;PT;Portugal;2009;2009;7515.36
A;Annual;PC_CHE;Percentual share of total current health expenditure (CHE);HF23;Enterprise financing schemes;PT;Portugal;2009;2009;6683.76
A;Annual;MIO_EUR;Million euro;HF3;Household out-of-pocket payment;PT;Portugal;2009;2009;6918.22
A;Annual;EUR_HAB;Euro per inhabitant;HF3;Household out-of-pocket payment;PT;Portugal;2009;2009;6823.1
A;Annual;MIO_NAC;Million units of national currency;HF3;Household out-of-pocket payment;PT;Portugal;2009;2009;7482.53
A;Annual;NAC_HAB;National currency per inhabitant;HF3;Household out-of-pocket payment;PT;Portugal;2009;2009;7774.1
A;Annual;MIO_PPS;Million purchasing power standards (PPS);HF3;Household out-of-pocket payment;PT;Portugal;2009;2009;7445.82
A;Annual;PPS_HAB;Purchasing power standard (PPS) per inhabitant;HF3;Household out-of-pocket payment;PT;Portugal;2009;2009;7638.71
A;Annual;PC_GDP;Percentage of gross domestic product (GDP);HF3;Household out-of-pocket payment;PT;Portugal;2009;2009;7726.99
A;Annual;PC_CHE;Percentual share of total current health expenditure (CHE);HF3;Household out-of-pocket payment;PT;Portugal;2009;2009;7737.11
A;Annual;MIO_EUR;Million euro;HF31;Out-of-pocket excluding cost-sharing;PT;Portugal;2009;2009;8279.08
A;Annual;EUR_HAB;Euro per inhabitant;HF31;Out-of-pocket excluding cost-sharing;PT;Portugal;2009;2009;8367.79
A;Annual;MIO_NAC;Million units of national currency;HF31;Out-of-pocket excluding cost-sharing;PT;Portugal;2009;2009;8760.54
A;Annual;NAC_HAB;National currency per inhabitant;HF31;Out-of-pocket excluding cost-sharing;PT;Portugal;2009;2009;8695.7
A;Annual;MIO_PPS;Million purchasing power standards (PPS);HF31;Out-of-pocket excluding cost-sharing;PT;Portugal;2009;2009;9737.48
A;Annual;PPS_HAB;Purchasing power standard (PPS) per inhabitant;HF31;Out-of-pocket excluding cost-sharing;PT;Portugal;2009;2009;10557.83
A;Annual;PC_GDP;Percentage of gross domestic product (GDP);HF31;Out-of-pocket excluding cost-sharing;PT;Portugal;2009;2009;11201.21
A;Annual;PC_CHE;Percentual share of total current health expenditure (CHE);HF31;Out-of-pocket excluding cost-sharing;PT;Portugal;2009;2009;11472.04
A;Annual;MIO_EUR;Million euro;HF32;Cost sharing with third-party payers;PT;Portugal;2009;2009;
A;Annual;EUR_HAB;Euro per inhabitant;HF32;Cost sharing with third-party payers;PT;Portugal;2009;2009;
A;Annual;MIO_NAC;Million units of national currency;HF32;Cost sharing with third-party payers;PT;Portugal;2009;2009;
A;Annual;NAC_HAB;National currency per inhabitant;HF32;Cost sharing with third-party payers;PT;Portugal;2009;2009;
A;Annual;MIO_PPS;Million purchasing power standards (PPS);HF32;Cost sharing with third-party payers;PT;Portugal;2009;2009;
A;Annual;PPS_HAB;Purchasing power standard (PPS) per inhabitant;HF32;Cost sharing with third-party payers;PT;Portugal;2009;2009;
A;Annual;PC_GDP;Percentage of gross domestic product (GDP);HF32;Cost sharing with third-party payers;PT;Portugal;2009;2009;
A;Annual;PC_CHE;Percentual share of total current health expenditure (CHE);HF32;Cost sharing with third-party payers;PT;Portugal;2009;2009;
A;Annual;MIO_EUR;Million euro;HF4;Rest of the world financing schemes (non-resident);PT;Portugal;2009;2009;
A;Annual;EUR_HAB;Euro per inhabitant;HF4;Rest of the world financing schemes (non-resident);PT;Portugal;2009;2009;
A;Annual;MIO_NAC;Million units of national currency;HF4;Rest of the world financing schemes (non-resident);PT;Portugal;2009;2009;
A;Annual;NAC_HAB;National currency per inhabitant;HF4;Rest of the world financing schemes (non-resident);PT;Portugal;2009;2009;
A;Annual;MIO_PPS;Million purchasing power standards (PPS);HF4;Rest of the world financing schemes (non-resident);PT;Portugal;2009;2009;
A;Annual;PPS_HAB;Purchasing power standard (PPS) per inhabitant;HF4;Rest of the world financing schemes (non-resident);PT;Portugal;2009;2009;
A;Annual;PC_GDP;Percentage of gross domestic product (GDP);HF4;Rest of the world financing schemes (non-resident);PT;Portugal;2009;2009;
A;Annual;PC_CHE;Percentual share of total current health expenditure (CHE);HF4;Rest of the world financing schemes (non-resident);PT;Portugal;2009;2009;
A;Annual;MIO_EUR;Million euro;HF_UNK;Financing schemes unknown;PT;Portugal;2009;2009;
A;Annual;EUR_HAB;Euro per inhabitant;HF_UNK;Financing schemes unknown;PT;Portugal;2009;2009;
A;Annual;MIO_NAC;Million units of national currency;HF_UNK;Financing schemes unknown;PT;Portugal;2009;2009;
A;Annual;NAC_HAB;National currency per inhabitant;HF_UNK;Financing schemes unknown;PT;Portugal;2009;2009;
A;Annual;MIO_PPS;Million purchasing power standards (PPS);HF_UNK;Financing schemes unknown;PT;Portugal;2009;2009;
A;Annual;PPS_HAB;Purchasing power standard (PPS) per inhabitant;HF_UNK;Financing schemes unknown;PT;Portugal;2009;2009;
A;Annual;PC_GDP;Percentage of gross domestic product (GDP);HF_UNK;Financing schemes unknown;PT;Portugal;2009;2009;
A;Annual;PC_CHE;Percentual share of total current health expenditure (CHE);HF_UNK;Financing schemes unknown;PT;Portugal;2009;2009;0.0
A;Annual;MIO_EUR;Million euro;TOT_HF;All financing schemes;PT;Portugal;2010;2010;5009.81
A;Annual;EUR_HAB;Euro per inhabitant;TOT_HF;All financing schemes;PT;Portugal;2010;2010;5043.38
A;Annual;MIO_NAC;Million units of national currency;TOT_HF;All financing schemes;PT;Portugal;2010;2010;4472.88
A;Annual;NAC_HAB;National currency per inhabitant;TOT_HF;All financing schemes;PT;Portugal;2010;2010;5146.77
A;Annual;MIO_PPS;Million purchasing power standards (PPS);TOT_HF;All financing schemes;PT;Portugal;2010;2010;5005.78
A;Annual;PPS_HAB;Purchasing power standard (PPS) per inhabitant;TOT_HF;All financing schemes;PT;Portugal;2010;2010;5064.4
A;Annual;PC_GDP;Percentage of gross domestic product (GDP);TOT_HF;All financing schemes;PT;Portugal;2010;2010;5555.67
A;Annual;PC_CHE;Percentual share of total current health expenditure (CHE);TOT_HF;All financing schemes;PT;Portugal;2010;2010;5679.37
A;Annual;MIO_EUR;Million euro;HF1;Government schemes and compulsory contributory health care financing schemes;PT;Portugal;2010;2010;5813.43
A;Annual;EUR_HAB;Euro per inhabitant;HF1;Government schemes and compulsory contributory health care financing schemes;PT;Portugal;2010;2010;6707.49
A;Annual;MIO_NAC;Million units of national currency;HF1;Government schemes and compulsory contributory health care financing schemes;PT;Portugal;2010;2010;7171.69
A;Annual;NAC_HAB;National currency per inhabitant;HF1;Government schemes and compulsory contributory health care financing schemes;PT;Portugal;2010;2010;7610.25
A;Annual;MIO_PPS;Million purchasing power standards (PPS);HF1;Government schemes and compulsory contributory health care financing schemes;PT;Portugal;2010;2010;7185.78
A;Annual;PPS_HAB;Purchasing power standard (PPS) per inhabitant;HF1;Government schemes and compulsory contributory health care financing schemes;PT;Portugal;2010;2010;7635.71
A;Annual;PC_GDP;Percentage of gross domestic product (GDP);HF1;Government schemes and compulsory contributory health care financing schemes;PT;Portugal;2010;2010;7963.73
A;Annual;PC_CHE;Percentual share of total current health expenditure (CHE);HF1;Government schemes and compulsory contributory health care financing schemes;PT;Portugal;2010;2010;8389.75
A;Annual;MIO_EUR;Million euro;HF11;Government schemes;PT;Portugal;2010;2010;
A;Annual;EUR_HAB;Euro per inhabitant;HF11;Government schemes;PT;Portugal;2010;2010;
A;Annual;MIO_NAC;Million units of national currency;HF11;Government schemes;PT;Portugal;2010;2010;
A;Annual;NAC_HAB;National currency per inhabitant;HF11;Government schemes;PT;Portugal;2010;2010;
A;Annual;MIO_PPS;Million purchasing power standards (PPS);HF11;Government schemes;PT;Portugal;2010;2010;
A;Annual;PPS_HAB;Purchasing power standard (PPS) per inhabitant;HF11;Government schemes;PT;Portugal;2010;2010;
A;Annual;PC_GDP;Percentage of gross domestic product (GDP);HF11;Government schemes;PT;Portugal;2010;2010;
A;Annual;PC_CHE;Percentual share of total current health expenditure (CHE);HF11;Government schemes;PT;Portugal;2010;2010;
A;Annual;MIO_EUR;Million euro;HF12_13;Compulsory contributory health insurance schemes and compulsory medical saving accounts (CMSA);PT;Portugal;2010;2010;
A;Annual;EUR_HAB;Euro per inhabitant;HF12_13;Compulsory contributory health insurance schemes and compulsory medical saving accounts (CMSA);PT;Portugal;2010;2010;
A;Annual;MIO_NAC;Million units of national currency;HF12_13;Compulsory contributory health insurance schemes and compulsory medical saving accounts (CMSA);PT;Portugal;2010;2010;
A;Annual;NAC_HAB;National currency per inhabitant;HF12_13;Compulsory contributory health insurance schemes and compulsory medical saving accounts (CMSA);PT;Portugal;2010;2010;
A;Annual;MIO_PPS;Million purchasing power standards (PPS);HF12_13;Compulsory contributory health insurance schemes and compulsory medical saving accounts (CMSA);PT;Portugal;2010;2010;
A;Annual;PPS_HAB;Purchasing power standard (PPS) per inhabitant;HF12_13;Compulsory contributory health insurance schemes and compulsory medical saving accounts (CMSA);PT;Portugal;2010;2010;
A;Annual;PC_GDP;Percentage of gross domestic product (GDP);HF12_13;Compulsory contributory health insurance schemes and compulsory medical saving accounts (CMSA);PT;Portugal;2010;2010;
A;Annual;PC_CHE;Percentual share of total current health expenditure (CHE);HF12_13;Compulsory contributory health insurance schemes and compulsory medical saving accounts (CMSA);PT;Portugal;2010;2010;21979.39
A;Annual;MIO_EUR;Million euro;HF121;Social health insurance schemes;PT;Portugal;2010;2010;23017.49
A;Annual;EUR_HAB;Euro per inhabitant;HF121;Social health insurance schemes;PT;Portugal;2010;2010;23899.52
A;Annual;MIO_NAC;Million units of national currency;HF121;Social health insurance schemes;PT;Portugal;2010;2010;24551.81
A;Annual;NAC_HAB;National currency per inhabitant;HF121;Social health insurance schemes;PT;Portugal;2010;2010;24985.94
A;Annual;MIO_PPS;Million purchasing power standards (PPS);HF121;Social health insurance schemes;PT;Portugal;2010;2010;26167.01
A;Annual;PPS_HAB;Purchasing power standard (PPS) per inhabitant;HF121;Social health insurance schemes;PT;Portugal;2010;2010;26805.25
A;Annual;PC_GDP;Percentage of gross domestic product (GDP);HF121;Social health insurance schemes;PT;Portugal;2010;2010;27978.73
A;Annual;PC_CHE;Percentual share of total current health expenditure (CHE);HF121;Social health insurance schemes;PT;Portugal;2010;2010;28239.39
A;Annual;MIO_EUR;Million euro;HF122;Compulsory private insurance scheme;PT;Portugal;2010;2010;28725.5
A;Annual;EUR_HAB;Euro per inhabitant;HF122;Compulsory private insurance scheme;PT;Portugal;2010;2010;15180.15
A;Annual;MIO_NAC;Million units of national currency;HF122;Compulsory private insurance scheme;PT;Portugal;2010;2010;15024.54
A;Annual;NAC_HAB;National currency per inhabitant;HF122;Compulsory private insurance scheme;PT;Portugal;2010;2010;15183.21
A;Annual;MIO_PPS;Million purchasing power standards (PPS);HF122;Compulsory private insurance scheme;PT;Portugal;2010;2010;15345.72
A;Annual;PPS_HAB;Purchasing power standard (PPS) per inhabitant;HF122;Compulsory private insurance scheme;PT;Portugal;2010;2010;14750.67
A;Annual;PC_GDP;Percentage of gross domestic product (GDP);HF122;Compulsory private insurance scheme;PT;Portugal;2010;2010;15894.0
A;Annual;PC_CHE;Percentual share of total current health expenditure (CHE);HF122;Compulsory private insurance scheme;PT;Portugal;2010;2010;16254.46
A;Annual;MIO_EUR;Million euro;HF13;Compulsory medical savings accounts (CMSA);PT;Portugal;2010;2010;17152.22
A;Annual;EUR_HAB;Euro per inhabitant;HF13;Compulsory medical savings accounts (CMSA);PT;Portugal;2010;2010;
A;Annual;MIO_NAC;Million units of national currency;HF13;Compulsory medical savings accounts (CMSA);PT;Portugal;2010;2010;
A;Annual;NAC_HAB;National currency per inhabitant;HF13;Compulsory medical savings accounts (CMSA);PT;Portugal;2010;2010;
A;Annual;MIO_PPS;Million purchasing power standards (PPS);HF13;Compulsory medical savings accounts (CMSA);PT;Portugal;2010;2010;
A;Annual;PPS_HAB;Purchasing power standard (PPS) per inhabitant;HF13;Compulsory medical savings accounts (CMSA);PT;Portugal;2010;2010;
A;Annual;PC_GDP;Percentage of gross domestic product (GDP);HF13;Compulsory medical savings accounts (CMSA);PT;Portugal;2010;2010;
A;Annual;PC_CHE;Percentual share of total current health expenditure (CHE);HF13;Compulsory medical savings accounts (CMSA);PT;Portugal;2010;2010;
A;Annual;MIO_EUR;Million euro;HF2;Voluntary health care payment schemes;PT;Portugal;2010;2010;
A;Annual;EUR_HAB;Euro per inhabitant;HF2;Voluntary health care payment schemes;PT;Portugal;2010;2010;
A;Annual;MIO_NAC;Million units of national currency;HF2;Voluntary health care payment schemes;PT;Portugal;2010;2010;
A;Annual;NAC_HAB;National currency per inhabitant;HF2;Voluntary health care payment schemes;PT;Portugal;2010;2010;
A;Annual;MIO_PPS;Million purchasing power standards (PPS);HF2;Voluntary health care payment schemes;PT;Portugal;2010;2010;
A;Annual;PPS_HAB;Purchasing power standard (PPS) per inhabitant;HF2;Voluntary health care payment schemes;PT;Portugal;2010;2010;
A;Annual;PC_GDP;Percentage of gross domestic product (GDP);HF2;Voluntary health care payment schemes;PT;Portugal;2010;2010;
A;Annual;PC_CHE;Percentual share of total current health expenditure (CHE);HF2;Voluntary health care payment schemes;PT;Portugal;2010;2010;
A;Annual;MIO_EUR;Million euro;HF21;Voluntary health insurance schemes;PT;Portugal;2010;2010;
A;Annual;EUR_HAB;Euro per inhabitant;HF21;Voluntary health insurance schemes;PT;Portugal;2010;2010;
A;Annual;MIO_NAC;Million units of national currency;HF21;Voluntary health insurance schemes;PT;Portugal;2010;2010;
A;Annual;NAC_HAB;National currency per inhabitant;HF21;Voluntary health insurance schemes;PT;Portugal;2010;2010;
A;Annual;MIO_PPS;Million purchasing power standards (PPS);HF21;Voluntary health insurance schemes;PT;Portugal;2010;2010;
A;Annual;PPS_HAB;Purchasing power standard (PPS) per inhabitant;HF21;Voluntary health insurance schemes;PT;Portugal;2010;2010;
A;Annual;PC_GDP;Percentage of gross domestic product (GDP);HF21;Voluntary health insurance schemes;PT;Portugal;2010;2010;
A;Annual;PC_CHE;Percentual share of total current health expenditure (CHE);HF21;Voluntary health insurance schemes;PT;Portugal;2010;2010;270.98
A;Annual;MIO_EUR;Million euro;HF22;NPISH financing schemes;PT;Portugal;2010;2010;258.49
A;Annual;EUR_HAB;Euro per inhabitant;HF22;NPISH financing schemes;PT;Portugal;2010;2010;300.21
A;Annual;MIO_NAC;Million units of national currency;HF22;NPISH financing schemes;PT;Portugal;2010;2010;320.79
A;Annual;NAC_HAB;National currency per inhabitant;HF22;NPISH financing schemes;PT;Portugal;2010;2010;331.59
A;Annual;MIO_PPS;Million purchasing power standards (PPS);HF22;NPISH financing schemes;PT;Portugal;2010;2010;353.65
A;Annual;PPS_HAB;Purchasing power standard (PPS) per inhabitant;HF22;NPISH financing schemes;PT;Portugal;2010;2010;372.19
A;Annual;PC_GDP;Percentage of gross domestic product (GDP);HF22;NPISH financing schemes;PT;Portugal;2010;2010;314.92
A;Annual;PC_CHE;Percentual share of total current health expenditure (CHE);HF22;NPISH financing schemes;PT;Portugal;2010;2010;365.6
A;Annual;MIO_EUR;Million euro;HF23;Enterprise financing schemes;PT;Portugal;2010;2010;392.8
A;Annual;EUR_HAB;Euro per inhabitant;HF23;Enterprise financing schemes;PT;Portugal;2010;2010;444.87
A;Annual;MIO_NAC;Million units of national currency;HF23;Enterprise financing schemes;PT;Portugal;2010;2010;
A;Annual;NAC_HAB;National currency per inhabitant;HF23;Enterprise financing schemes;PT;Portugal;2010;2010;
A;Annual;MIO_PPS;Million purchasing power standards (PPS);HF23;Enterprise financing schemes;PT;Portugal;2010;2010;
A;Annual;PPS_HAB;Purchasing power standard (PPS) per inhabitant;HF23;Enterprise financing schemes;PT;Portugal;2010;2010;
A;Annual;PC_GDP;Percentage of gross domestic product (GDP);HF23;Enterprise financing schemes;PT;Portugal;2010;2010;
A;Annual;PC_CHE;Percentual share of total current health expenditure (CHE);HF23;Enterprise financing schemes;PT;Portugal;2010;2010;
A;Annual;MIO_EUR;Million euro;HF3;Household out-of-pocket payment;PT;Portugal;2010;2010;
A;Annual;EUR_HAB;Euro per inhabitant;HF3;Household out-of-pocket payment;PT;Portugal;2010;2010;
A;Annual;MIO_NAC;Million units of national currency;HF3;Household out-of-pocket payment;PT;Portugal;2010;2010;
A;Annual;NAC_HAB;National currency per inhabitant;HF3;Household out-of-pocket payment;PT;Portugal;2010;2010;
A;Annual;MIO_PPS;Million purchasing power standards (PPS);HF3;Household out-of-pocket payment;PT;Portugal;2010;2010;
A;Annual;PPS_HAB;Purchasing power standard (PPS) per inhabitant;HF3;Household out-of-pocket payment;PT;Portugal;2010;2010;
A;Annual;PC_GDP;Percentage of gross domestic product (GDP);HF3;Household out-of-pocket payment;PT;Portugal;2010;2010;
A;Annual;PC_CHE;Percentual share of total current health expenditure (CHE);HF3;Household out-of-pocket payment;PT;Portugal;2010;2010;
A;Annual;MIO_EUR;Million euro;HF31;Out-of-pocket excluding cost-sharing;PT;Portugal;2010;2010;
A;Annual;EUR_HAB;Euro per inhabitant;HF31;Out-of-pocket excluding cost-sharing;PT;Portugal;2010;2010;
A;Annual;MIO_NAC;Million units of national currency;HF31;Out-of-pocket excluding cost-sharing;PT;Portugal;2010;2010;
A;Annual;NAC_HAB;National currency per inhabitant;HF31;Out-of-pocket excluding cost-sharing;PT;Portugal;2010;2010;
A;Annual;MIO_PPS;Million purchasing power standards (PPS);HF31;Out-of-pocket excluding cost-sharing;PT;Portugal;2010;2010;
A;Annual;PPS_HAB;Purchasing power standard (PPS) per inhabitant;HF31;Out-of-pocket excluding cost-sharing;PT;Portugal;2010;2010;
A;Annual;PC_GDP;Percentage of gross domestic product (GDP);HF31;Out-of-pocket excluding cost-sharing;PT;Portugal;2010;2010;
A;Annual;PC_CHE;Percentual share of total current health expenditure (CHE);HF31;Out-of-pocket excluding cost-sharing;PT;Portugal;2010;2010;2174.95
A;Annual;MIO_EUR;Million euro;HF32;Cost sharing with third-party payers;PT;Portugal;2010;2010;2070.84
A;Annual;EUR_HAB;Euro per inhabitant;HF32;Cost sharing with third-party payers;PT;Portugal;2010;2010;2019.27
A;Annual;MIO_NAC;Million units of national currency;HF32;Cost sharing with third-party payers;PT;Portugal;2010;2010;2110.93
A;Annual;NAC_HAB;National currency per inhabitant;HF32;Cost sharing with third-party payers;PT;Portugal;2010;2010;2370.01
A;Annual;MIO_PPS;Million purchasing power standards (PPS);HF32;Cost sharing with third-party payers;PT;Portugal;2010;2010;2618.41
A;Annual;PPS_HAB;Purchasing power standard (PPS) per inhabitant;HF32;Cost sharing with third-party payers;PT;Portugal;2010;2010;2809.98
A;Annual;PC_GDP;Percentage of gross domestic product (GDP);HF32;Cost sharing with third-party payers;PT;Portugal;2010;2010;3143.76
A;Annual;PC_CHE;Percentual share of total current health expenditure (CHE);HF32;Cost sharing with third-party payers;PT;Portugal;2010;2010;3104.8
A;Annual;MIO_EUR;Million euro;HF4;Rest of the world financing schemes (non-resident);PT;Portugal;2010;2010;3211.86
A;Annual;EUR_HAB;Euro per inhabitant;HF4;Rest of the world financing schemes (non-resident);PT;Portugal;2010;2010;3757.96
A;Annual;MIO_NAC;Million units of national currency;HF4;Rest of the world financing schemes (non-resident);PT;Portugal;2010;2010;4376.96
A;Annual;NAC_HAB;National currency per inhabitant;HF4;Rest of the world financing schemes (non-resident);PT;Portugal;2010;2010;
A;Annual;MIO_PPS;Million purchasing power standards (PPS);HF4;Rest of the world financing schemes (non-resident);PT;Portugal;2010;2010;
A;Annual;PPS_HAB;Purchasing power standard (PPS) per inhabitant;HF4;Rest of the world financing schemes (non-resident);PT;Portugal;2010;2010;
A;Annual;PC_GDP;Percentage of gross domestic product (GDP);HF4;Rest of the world financing schemes (non-resident);PT;Portugal;2010;2010;
A;Annual;PC_CHE;Percentual share of total current health expenditure (CHE);HF4;Rest of the world financing schemes (non-resident);PT;Portugal;2010;2010;
A;Annual;MIO_EUR;Million euro;HF_UNK;Financing schemes unknown;PT;Portugal;2010;2010;
A;Annual;EUR_HAB;Euro per inhabitant;HF_UNK;Financing schemes unknown;PT;Portugal;2010;2010;
A;Annual;MIO_NAC;Million units of national currency;HF_UNK;Financing schemes unknown;PT;Portugal;2010;2010;
A;Annual;NAC_HAB;National currency per inhabitant;HF_UNK;Financing schemes unknown;PT;Portugal;2010;2010;
A;Annual;MIO_PPS;Million purchasing power standards (PPS);HF_UNK;Financing schemes unknown;PT;Portugal;2010;2010;
A;Annual;PPS_HAB;Purchasing power standard (PPS) per inhabitant;HF_UNK;Financing schemes unknown;PT;Portugal;2010;2010;
A;Annual;PC_GDP;Percentage of gross domestic product (GDP);HF_UNK;Financing schemes unknown;PT;Portugal;2010;2010;
A;Annual;PC_CHE;Percentual share of total current health expenditure (CHE);HF_UNK;Financing schemes unknown;PT;Portugal;2010;2010;
A;Annual;MIO_EUR;Million euro;TOT_HF;All financing schemes;PT;Portugal;2011;2011;
A;Annual;EUR_HAB;Euro per inhabitant;TOT_HF;All financing schemes;PT;Portugal;2011;2011;
A;Annual;MIO_NAC;Million units of national currency;TOT_HF;All financing schemes;PT;Portugal;2011;2011;
A;Annual;NAC_HAB;National currency per inhabitant;TOT_HF;All financing schemes;PT;Portugal;2011;2011;
A;Annual;MIO_PPS;Million purchasing power standards (PPS);TOT_HF;All financing schemes;PT;Portugal;2011;2011;
A;Annual;PPS_HAB;Purchasing power standard (PPS) per inhabitant;TOT_HF;All financing schemes;PT;Portugal;2011;2011;
A;Annual;PC_GDP;Percentage of gross domestic product (GDP);TOT_HF;All financing schemes;PT;Portugal;2011;2011;
A;Annual;PC_CHE;Percentual share of total current health expenditure (CHE);TOT_HF;All financing schemes;PT;Portugal;2011;2011;
A;Annual;MIO_EUR;Million euro;HF1;Government schemes and compulsory contributory health care financing schemes;PT;Portugal;2011;2011;
A;Annual;EUR_HAB;Euro per inhabitant;HF1;Government schemes and compulsory contributory health care financing schemes;PT;Portugal;2011;2011;
A;Annual;MIO_NAC;Million units of national currency;HF1;Government schemes and compulsory contributory health care financing schemes;PT;Portugal;2011;2011;
A;Annual;NAC_HAB;National currency per inhabitant;HF1;Government schemes and compulsory contributory health care financing schemes;PT;Portugal;2011;2011;
A;Annual;MIO_PPS;Million purchasing power standards (PPS);HF1;Government schemes and compulsory contributory health care financing schemes;PT;Portugal;2011;2011;
A;Annual;PPS_HAB;Purchasing power standard (PPS) per inhabitant;HF1;Government schemes and compulsory contributory health care financing schemes;PT;Portugal;2011;2011;
A;Annual;PC_GDP;Percentage of gross domestic product (GDP);HF1;Government schemes and compulsory contributory health care financing schemes;PT;Portugal;2011;2011;
A;Annual;PC_CHE;Percentual share of total current health expenditure (CHE);HF1;Government schemes and compulsory contributory health care financing schemes;PT;Portugal;2011;2011;
A;Annual;MIO_EUR;Million euro;HF11;Government schemes;PT;Portugal;2011;2011;
A;Annual;EUR_HAB;Euro per inhabitant;HF11;Government schemes;PT;Portugal;2011;2011;
A;Annual;MIO_NAC;Million units of national currency;HF11;Government schemes;PT;Portugal;2011;2011;
A;Annual;NAC_HAB;National currency per inhabitant;HF11;Government schemes;PT;Portugal;2011;2011;
A;Annual;MIO_PPS;Million purchasing power standards (PPS);HF11;Government schemes;PT;Portugal;2011;2011;
A;Annual;PPS_HAB;Purchasing power standard (PPS) per inhabitant;HF11;Government schemes;PT;Portugal;2011;2011;
A;Annual;PC_GDP;Percentage of gross domestic product (GDP);HF11;Government schemes;PT;Portugal;2011;2011;
A;Annual;PC_CHE;Percentual share of total current health expenditure (CHE);HF11;Government schemes;PT;Portugal;2011;2011;
A;Annual;MIO_EUR;Million euro;HF12_13;Compulsory contributory health insurance schemes and compulsory medical saving accounts (CMSA);PT;Portugal;2011;2011;
A;Annual;EUR_HAB;Euro per inhabitant;HF12_13;Compulsory contributory health insurance schemes and compulsory medical saving accounts (CMSA);PT;Portugal;2011;2011;
A;Annual;MIO_NAC;Million units of national currency;HF12_13;Compulsory contributory health insurance schemes and compulsory medical saving accounts (CMSA);PT;Portugal;2011;2011;
A;Annual;NAC_HAB;National currency per inhabitant;HF12_13;Compulsory contributory health insurance schemes and compulsory medical saving accounts (CMSA);PT;Portugal;2011;2011;
A;Annual;MIO_PPS;Million purchasing power standards (PPS);HF12_13;Compulsory contributory health insurance schemes and compulsory medical saving accounts (CMSA);PT;Portugal;2011;2011;
A;Annual;PPS_HAB;Purchasing power standard (PPS) per inhabitant;HF12_13;Compulsory contributory health insurance schemes and compulsory medical saving accounts (CMSA);PT;Portugal;2011;2011;
A;Annual;PC_GDP;Percentage of gross domestic product (GDP);HF12_13;Compulsory contributory health insurance schemes and compulsory medical saving accounts (CMSA);PT;Portugal;2011;2011;
A;Annual;PC_CHE;Percentual share of total current health expenditure (CHE);HF12_13;Compulsory contributory health insurance schemes and compulsory medical saving accounts (CMSA);PT;Portugal;2011;2011;
A;Annual;MIO_EUR;Million euro;HF121;Social health insurance schemes;PT;Portugal;2011;2011;
A;Annual;EUR_HAB;Euro per inhabitant;HF121;Social health insurance schemes;PT;Portugal;2011;2011;
A;Annual;MIO_NAC;Million units of national currency;HF121;Social health insurance schemes;PT;Portugal;2011;2011;
A;Annual;NAC_HAB;National currency per inhabitant;HF121;Social health insurance schemes;PT;Portugal;2011;2011;
A;Annual;MIO_PPS;Million purchasing power standards (PPS);HF121;Social health insurance schemes;PT;Portugal;2011;2011;
A;Annual;PPS_HAB;Purchasing power standard (PPS) per inhabitant;HF121;Social health insurance schemes;PT;Portugal;2011;2011;
A;Annual;PC_GDP;Percentage of gross domestic product (GDP);HF121;Social health insurance schemes;PT;Portugal;2011;2011;
A;Annual;PC_CHE;Percentual share of total current health expenditure (CHE);HF121;Social health insurance schemes;PT;Portugal;2011;2011;
A;Annual;MIO_EUR;Million euro;HF122;Compulsory private insurance scheme;PT;Portugal;2011;2011;
A;Annual;EUR_HAB;Euro per inhabitant;HF122;Compulsory private insurance scheme;PT;Portugal;2011;2011;
A;Annual;MIO_NAC;Million units of national currency;HF122;Compulsory private insurance scheme;PT;Portugal;2011;2011;
A;Annual;NAC_HAB;National currency per inhabitant;HF122;Compulsory private insurance scheme;PT;Portugal;2011;2011;
A;Annual;MIO_PPS;Million purchasing power standards (PPS);HF122;Compulsory private insurance scheme;PT;Portugal;2011;2011;
A;Annual;PPS_HAB;Purchasing power standard (PPS) per inhabitant;HF122;Compulsory private insurance scheme;PT;Portugal;2011;2011;
A;Annual;PC_GDP;Percentage of gross domestic product (GDP);HF122;Compulsory private insurance scheme;PT;Portugal;2011;2011;
A;Annual;PC_CHE;Percentual share of total current health expenditure (CHE);HF122;Compulsory private insurance scheme;PT;Portugal;2011;2011;
A;Annual;MIO_EUR;Million euro;HF13;Compulsory medical savings accounts (CMSA);PT;Portugal;2011;2011;
A;Annual;EUR_HAB;Euro per inhabitant;HF13;Compulsory medical savings accounts (CMSA);PT;Portugal;2011;2011;
A;Annual;MIO_NAC;Million units of national currency;HF13;Compulsory medical savings accounts (CMSA);PT;Portugal;2011;2011;
A;Annual;NAC_HAB;National currency per inhabitant;HF13;Compulsory medical savings accounts (CMSA);PT;Portugal;2011;2011;
A;Annual;MIO_PPS;Million purchasing power standards (PPS);HF13;Compulsory medical savings accounts (CMSA);PT;Portugal;2011;2011;
A;Annual;PPS_HAB;Purchasing power standard (PPS) per inhabitant;HF13;Compulsory medical savings accounts (CMSA);PT;Portugal;2011;2011;
A;Annual;PC_GDP;Percentage of gross domestic product (GDP);HF13;Compulsory medical savings accounts (CMSA);PT;Portugal;2011;2011;
A;Annual;PC_CHE;Percentual share of total current health expenditure (CHE);HF13;Compulsory medical savings accounts (CMSA);PT;Portugal;2011;2011;
A;Annual;MIO_EUR;Million euro;HF2;Voluntary health care payment schemes;PT;Portugal;2011;2011;
A;Annual;EUR_HAB;Euro per inhabitant;HF2;Voluntary health care payment schemes;PT;Portugal;2011;2011;
A;Annual;MIO_NAC;Million units of national currency;HF2;Voluntary health care payment schemes;PT;Portugal;2011;2011;
A;Annual;NAC_HAB;National currency per inhabitant;HF2;Voluntary health care payment schemes;PT;Portugal;2011;2011;
A;Annual;MIO_PPS;Million purchasing power standards (PPS);HF2;Voluntary health care payment schemes;PT;Portugal;2011;2011;
A;Annual;PPS_HAB;Purchasing power standard (PPS) per inhabitant;HF2;Voluntary health care payment schemes;PT;Portugal;2011;2011;
A;Annual;PC_GDP;Percentage of gross domestic product (GDP);HF2;Voluntary health care payment schemes;PT;Portugal;2011;2011;
A;Annual;PC_CHE;Percentual share of total current health expenditure (CHE);HF2;Voluntary health care payment schemes;PT;Portugal;2011;2011;
A;Annual;MIO_EUR;Million euro;HF21;Voluntary health insurance schemes;PT;Portugal;2011;2011;
A;Annual;EUR_HAB;Euro per inhabitant;HF21;Voluntary health insurance schemes;PT;Portugal;2011;2011;
A;Annual;MIO_NAC;Million units of national currency;HF21;Voluntary health insurance schemes;PT;Portugal;2011;2011;
A;Annual;NAC_HAB;National currency per inhabitant;HF21;Voluntary health insurance schemes;PT;Portugal;2011;2011;
A;Annual;MIO_PPS;Million purchasing power standards (PPS);HF21;Voluntary health insurance schemes;PT;Portugal;2011;2011;
A;Annual;PPS_HAB;Purchasing power standard (PPS) per inhabitant;HF21;Voluntary health insurance schemes;PT;Portugal;2011;2011;
A;Annual;PC_GDP;Percentage of gross domestic product (GDP);HF21;Voluntary health insurance schemes;PT;Portugal;2011;2011;
A;Annual;PC_CHE;Percentual share of total current health expenditure (CHE);HF21;Voluntary health insurance schemes;PT;Portugal;2011;2011;
A;Annual;MIO_EUR;Million euro;HF22;NPISH financing schemes;PT;Portugal;2011;2011;
A;Annual;EUR_HAB;Euro per inhabitant;HF22;NPISH financing schemes;PT;Portugal;2011;2011;
A;Annual;MIO_NAC;Million units of national currency;HF22;NPISH financing schemes;PT;Portugal;2011;2011;
A;Annual;NAC_HAB;National currency per inhabitant;HF22;NPISH financing schemes;PT;Portugal;2011;2011;
A;Annual;MIO_PPS;Million purchasing power standards (PPS);HF22;NPISH financing schemes;PT;Portugal;2011;2011;
A;Annual;PPS_HAB;Purchasing power standard (PPS) per inhabitant;HF22;NPISH financing schemes;PT;Portugal;2011;2011;
A;Annual;PC_GDP;Percentage of gross domestic product (GDP);HF22;NPISH financing schemes;PT;Portugal;2011;2011;
A;Annual;PC_CHE;Percentual share of total current health expenditure (CHE);HF22;NPISH financing schemes;PT;Portugal;2011;2011;
A;Annual;MIO_EUR;Million euro;HF23;Enterprise financing schemes;PT;Portugal;2011;2011;
A;Annual;EUR_HAB;Euro per inhabitant;HF23;Enterprise financing schemes;PT;Portugal;2011;2011;
A;Annual;MIO_NAC;Million units of national currency;HF23;Enterprise financing schemes;PT;Portugal;2011;2011;
A;Annual;NAC_HAB;National currency per inhabitant;HF23;Enterprise financing schemes;PT;Portugal;2011;2011;
A;Annual;MIO_PPS;Million purchasing power standards (PPS);HF23;Enterprise financing schemes;PT;Portugal;2011;2011;
A;Annual;PPS_HAB;Purchasing power standard (PPS) per inhabitant;HF23;Enterprise financing schemes;PT;Portugal;2011;2011;
A;Annual;PC_GDP;Percentage of gross domestic product (GDP);HF23;Enterprise financing schemes;PT;Portugal;2011;2011;
A;Annual;PC_CHE;Percentual share of total current health expenditure (CHE);HF23;Enterprise financing schemes;PT;Portugal;2011;2011;
A;Annual;MIO_EUR;Million euro;HF3;Household out-of-pocket payment;PT;Portugal;2011;2011;
A;Annual;EUR_HAB;Euro per inhabitant;HF3;Household out-of-pocket payment;PT;Portugal;2011;2011;
A;Annual;MIO_NAC;Million units of national currency;HF3;Household out-of-pocket payment;PT;Portugal;2011;2011;
A;Annual;NAC_HAB;National currency per inhabitant;HF3;Household out-of-pocket payment;PT;Portugal;2011;2011;
A;Annual;MIO_PPS;Million purchasing power standards (PPS);HF3;Household out-of-pocket payment;PT;Portugal;2011;2011;
A;Annual;PPS_HAB;Purchasing power standard (PPS) per inhabitant;HF3;Household out-of-pocket payment;PT;Portugal;2011;2011;
A;Annual;PC_GDP;Percentage of gross domestic product (GDP);HF3;Household out-of-pocket payment;PT;Portugal;2011;2011;
A;Annual;PC_CHE;Percentual share of total current health expenditure (CHE);HF3;Household out-of-pocket payment;PT;Portugal;2011;2011;
A;Annual;MIO_EUR;Million euro;HF31;Out-of-pocket excluding cost-sharing;PT;Portugal;2011;2011;
A;Annual;EUR_HAB;Euro per inhabitant;HF31;Out-of-pocket excluding cost-sharing;PT;Portugal;2011;2011;
A;Annual;MIO_NAC;Million units of national currency;HF31;Out-of-pocket excluding cost-sharing;PT;Portugal;2011;2011;
A;Annual;NAC_HAB;National currency per inhabitant;HF31;Out-of-pocket excluding cost-sharing;PT;Portugal;2011;2011;
A;Annual;MIO_PPS;Million purchasing power standards (PPS);HF31;Out-of-pocket excluding cost-sharing;PT;Portugal;2011;2011;
A;Annual;PPS_HAB;Purchasing power standard (PPS) per inhabitant;HF31;Out-of-pocket excluding cost-sharing;PT;Portugal;2011;2011;
A;Annual;PC_GDP;Percentage of gross domestic product (GDP);HF31;Out-of-pocket excluding cost-sharing;PT;Portugal;2011;2011;
A;Annual;PC_CHE;Percentual share of total current health expenditure (CHE);HF31;Out-of-pocket excluding cost-sharing;PT;Portugal;2011;2011;
A;Annual;MIO_EUR;Million euro;HF32;Cost sharing with third-party payers;PT;Portugal;2011;2011;
A;Annual;EUR_HAB;Euro per inhabitant;HF32;Cost sharing with third-party payers;PT;Portugal;2011;2011;
A;Annual;MIO_NAC;Million units of national currency;HF32;Cost sharing with third-party payers;PT;Portugal;2011;2011;
A;Annual;NAC_HAB;National currency per inhabitant;HF32;Cost sharing with third-party payers;PT;Portugal;2011;2011;
A;Annual;MIO_PPS;Million purchasing power standards (PPS);HF32;Cost sharing with third-party payers;PT;Portugal;2011;2011;
A;Annual;PPS_HAB;Purchasing power standard (PPS) per inhabitant;HF32;Cost sharing with third-party payers;PT;Portugal;2011;2011;
A;Annual;PC_GDP;Percentage of gross domestic product (GDP);HF32;Cost sharing with third-party payers;PT;Portugal;2011;2011;
A;Annual;PC_CHE;Percentual share of total current health expenditure (CHE);HF32;Cost sharing with third-party payers;PT;Portugal;2011;2011;
A;Annual;MIO_EUR;Million euro;HF4;Rest of the world financing schemes (non-resident);PT;Portugal;2011;2011;
A;Annual;EUR_HAB;Euro per inhabitant;HF4;Rest of the world financing schemes (non-resident);PT;Portugal;2011;2011;
A;Annual;MIO_NAC;Million units of national currency;HF4;Rest of the world financing schemes (non-resident);PT;Portugal;2011;2011;
A;Annual;NAC_HAB;National currency per inhabitant;HF4;Rest of the world financing schemes (non-resident);PT;Portugal;2011;2011;
A;Annual;MIO_PPS;Million purchasing power standards (PPS);HF4;Rest of the world financing schemes (non-resident);PT;Portugal;2011;2011;
A;Annual;PPS_HAB;Purchasing power standard (PPS) per inhabitant;HF4;Rest of the world financing schemes (non-resident);PT;Portugal;2011;2011;
A;Annual;PC_GDP;Percentage of gross domestic product (GDP);HF4;Rest of the world financing schemes (non-resident);PT;Portugal;2011;2011;
A;Annual;PC_CHE;Percentual share of total current health expenditure (CHE);HF4;Rest of the world financing schemes (non-resident);PT;Portugal;2011;2011;
A;Annual;MIO_EUR;Million euro;HF_UNK;Financing schemes unknown;PT;Portugal;2011;2011;
A;Annual;EUR_HAB;Euro per inhabitant;HF_UNK;Financing schemes unknown;PT;Portugal;2011;2011;
A;Annual;MIO_NAC;Million units of national currency;HF_UNK;Financing schemes unknown;PT;Portugal;2011;2011;
A;Annual;NAC_HAB;National currency per inhabitant;HF_UNK;Financing schemes unknown;PT;Portugal;2011;2011;
A;Annual;MIO_PPS;Million purchasing power standards (PPS);HF_UNK;Financing schemes unknown;PT;Portugal;2011;2011;
A;Annual;PPS_HAB;Purchasing power standard (PPS) per inhabitant;HF_UNK;Financing schemes unknown;PT;Portugal;2011;2011;
A;Annual;PC_GDP;Percentage of gross domestic product (GDP);HF_UNK;Financing schemes unknown;PT;Portugal;2011;2011;
A;Annual;PC_CHE;Percentual share of total current health expenditure (CHE);HF_UNK;Financing schemes unknown;PT;Portugal;2011;2011;
A;Annual;MIO_EUR;Million euro;TOT_HF;All financing schemes;PT;Portugal;2012;2012;3382.02
A;Annual;EUR_HAB;Euro per inhabitant;TOT_HF;All financing schemes;PT;Portugal;2012;2012;3535.9
A;Annual;MIO_NAC;Million units of national currency;TOT_HF;All financing schemes;PT;Portugal;2012;2012;3855.06
A;Annual;NAC_HAB;National currency per inhabitant;TOT_HF;All financing schemes;PT;Portugal;2012;2012;4008.25
A;Annual;MIO_PPS;Million purchasing power standards (PPS);TOT_HF;All financing schemes;PT;Portugal;2012;2012;4120.59
A;Annual;PPS_HAB;Purchasing power standard (PPS) per inhabitant;TOT_HF;All financing schemes;PT;Portugal;2012;2012;
A;Annual;PC_GDP;Percentage of gross domestic product (GDP);TOT_HF;All financing schemes;PT;Portugal;2012;2012;
A;Annual;PC_CHE;Percentual share of total current health expenditure (CHE);TOT_HF;All financing schemes;PT;Portugal;2012;2012;
A;Annual;MIO_EUR;Million euro;HF1;Government schemes and compulsory contributory health care financing schemes;PT;Portugal;2012;2012;
A;Annual;EUR_HAB;Euro per inhabitant;HF1;Government schemes and compulsory contributory health care financing schemes;PT;Portugal;2012;2012;
A;Annual;MIO_NAC;Million units of national currency;HF1;Government schemes and compulsory contributory health care financing schemes;PT;Portugal;2012;2012;
A;Annual;NAC_HAB;National currency per inhabitant;HF1;Government schemes and compulsory contributory health care financing schemes;PT;Portugal;2012;2012;
A;Annual;MIO_PPS;Million purchasing power standards (PPS);HF1;Government schemes and compulsory contributory health care financing schemes;PT;Portugal;2012;2012;
A;Annual;PPS_HAB;Purchasing power standard (PPS) per inhabitant;HF1;Government schemes and compulsory contributory health care financing schemes;PT;Portugal;2012;2012;
A;Annual;PC_GDP;Percentage of gross domestic product (GDP);HF1;Government schemes and compulsory contributory health care financing schemes;PT;Portugal;2012;2012;
A;Annual;PC_CHE;Percentual share of total current health expenditure (CHE);HF1;Government schemes and compulsory contributory health care financing schemes;PT;Portugal;2012;2012;
A;Annual;MIO_EUR;Million euro;HF11;Government schemes;PT;Portugal;2012;2012;
A;Annual;EUR_HAB;Euro per inhabitant;HF11;Government schemes;PT;Portugal;2012;2012;
A;Annual;MIO_NAC;Million units of national currency;HF11;Government schemes;PT;Portugal;2012;2012;
A;Annual;NAC_HAB;National currency per inhabitant;HF11;Government schemes;PT;Portugal;2012;2012;
A;Annual;MIO_PPS;Million purchasing power standards (PPS);HF11;Government schemes;PT;Portugal;2012;2012;
A;Annual;PPS_HAB;Purchasing power standard (PPS) per inhabitant;HF11;Government schemes;PT;Portugal;2012;2012;
A;Annual;PC_GDP;Percentage of gross domestic product (GDP);HF11;Government schemes;PT;Portugal;2012;2012;
A;Annual;PC_CHE;Percentual share of total current health expenditure (CHE);HF11;Government schemes;PT;Portugal;2012;2012;
A;Annual;MIO_EUR;Million euro;HF12_13;Compulsory contributory health insurance schemes and compulsory medical saving accounts (CMSA);PT;Portugal;2012;2012;
A;Annual;EUR_HAB;Euro per inhabitant;HF12_13;Compulsory contributory health insurance schemes and compulsory medical saving accounts (CMSA);PT;Portugal;2012;2012;
A;Annual;MIO_NAC;Million units of national currency;HF12_13;Compulsory contributory health insurance schemes and compulsory medical saving accounts (CMSA);PT;Portugal;2012;2012;
A;Annual;NAC_HAB;National currency per inhabitant;HF12_13;Compulsory contributory health insurance schemes and compulsory medical saving accounts (CMSA);PT;Portugal;2012;2012;
A;Annual;MIO_PPS;Million purchasing power standards (PPS);HF12_13;Compulsory contributory health insurance schemes and compulsory medical saving accounts (CMSA);PT;Portugal;2012;2012;2933.34
A;Annual;PPS_HAB;Purchasing power standard (PPS) per inhabitant;HF12_13;Compulsory contributory health insurance schemes and compulsory medical saving accounts (CMSA);PT;Portugal;2012;2012;3011.21
A;Annual;PC_GDP;Percentage of gross domestic product (GDP);HF12_13;Compulsory contributory health insurance schemes and compulsory medical saving accounts (CMSA);PT;Portugal;2012;2012;3079.21
A;Annual;PC_CHE;Percentual share of total current health expenditure (CHE);HF12_13;Compulsory contributory health insurance schemes and compulsory medical saving accounts (CMSA);PT;Portugal;2012;2012;3175.96
A;Annual;MIO_EUR;Million euro;HF121;Social health insurance schemes;PT;Portugal;2012;2012;3267.36
A;Annual;EUR_HAB;Euro per inhabitant;HF121;Social health insurance schemes;PT;Portugal;2012;2012;3389.28
A;Annual;MIO_NAC;Million units of national currency;HF121;Social health insurance schemes;PT;Portugal;2012;2012;3541.53
A;Annual;NAC_HAB;National currency per inhabitant;HF121;Social health insurance schemes;PT;Portugal;2012;2012;
A;Annual;MIO_PPS;Million purchasing power standards (PPS);HF121;Social health insurance schemes;PT;Portugal;2012;2012;
A;Annual;PPS_HAB;Purchasing power standard (PPS) per inhabitant;HF121;Social health insurance schemes;PT;Portugal;2012;2012;
A;Annual;PC_GDP;Percentage of gross domestic product (GDP);HF121;Social health insurance schemes;PT;Portugal;2012;2012;
A;Annual;PC_CHE;Percentual share of total current health expenditure (CHE);HF121;Social health insurance schemes;PT;Portugal;2012;2012;
A;Annual;MIO_EUR;Million euro;HF122;Compulsory private insurance scheme;PT;Portugal;2012;2012;
A;Annual;EUR_HAB;Euro per inhabitant;HF122;Compulsory private insurance scheme;PT;Portugal;2012;2012;
A;Annual;MIO_NAC;Million units of national currency;HF122;Compulsory private insurance scheme;PT;Portugal;2012;2012;
A;Annual;NAC_HAB;National currency per inhabitant;HF122;Compulsory private insurance scheme;PT;Portugal;2012;2012;
A;Annual;MIO_PPS;Million purchasing power standards (PPS);HF122;Compulsory private insurance scheme;PT;Portugal;2012;2012;
A;Annual;PPS_HAB;Purchasing power standard (PPS) per inhabitant;HF122;Compulsory private insurance scheme;PT;Portugal;2012;2012;
A;Annual;PC_GDP;Percentage of gross domestic product (GDP);HF122;Compulsory private insurance scheme;PT;Portugal;2012;2012;
A;Annual;PC_CHE;Percentual share of total current health expenditure (CHE);HF122;Compulsory private insurance scheme;PT;Portugal;2012;2012;
A;Annual;MIO_EUR;Million euro;HF13;Compulsory medical savings accounts (CMSA);PT;Portugal;2012;2012;
A;Annual;EUR_HAB;Euro per inhabitant;HF13;Compulsory medical savings accounts (CMSA);PT;Portugal;2012;2012;
A;Annual;MIO_NAC;Million units of national currency;HF13;Compulsory medical savings accounts (CMSA);PT;Portugal;2012;2012;
A;Annual;NAC_HAB;National currency per inhabitant;HF13;Compulsory medical savings accounts (CMSA);PT;Portugal;2012;2012;
A;Annual;MIO_PPS;Million purchasing power standards (PPS);HF13;Compulsory medical savings accounts (CMSA);PT;Portugal;2012;2012;
A;Annual;PPS_HAB;Purchasing power standard (PPS) per inhabitant;HF13;Compulsory medical savings accounts (CMSA);PT;Portugal;2012;2012;
A;Annual;PC_GDP;Percentage of gross domestic product (GDP);HF13;Compulsory medical savings accounts (CMSA);PT;Portugal;2012;2012;
A;Annual;PC_CHE;Percentual share of total current health expenditure (CHE);HF13;Compulsory medical savings accounts (CMSA);PT;Portugal;2012;2012;
A;Annual;MIO_EUR;Million euro;HF2;Voluntary health care payment schemes;PT;Portugal;2012;2012;
A;Annual;EUR_HAB;Euro per inhabitant;HF2;Voluntary health care payment schemes;PT;Portugal;2012;2012;
A;Annual;MIO_NAC;Million units of national currency;HF2;Voluntary health care payment schemes;PT;Portugal;2012;2012;
A;Annual;NAC_HAB;National currency per inhabitant;HF2;Voluntary health care payment schemes;PT;Portugal;2012;2012;
A;Annual;MIO_PPS;Million purchasing power standards (PPS);HF2;Voluntary health care payment schemes;PT;Portugal;2012;2012;
A;Annual;PPS_HAB;Purchasing power standard (PPS) per inhabitant;HF2;Voluntary health care payment schemes;PT;Portugal;2012;2012;
A;Annual;PC_GDP;Percentage of gross domestic product (GDP);HF2;Voluntary health care payment schemes;PT;Portugal;2012;2012;
A;Annual;PC_CHE;Percentual share of total current health expenditure (CHE);HF2;Voluntary health care payment schemes;PT;Portugal;2012;2012;
A;Annual;MIO_EUR;Million euro;HF21;Voluntary health insurance schemes;PT;Portugal;2012;2012;
A;Annual;EUR_HAB;Euro per inhabitant;HF21;Voluntary health insurance schemes;PT;Portugal;2012;2012;
A;Annual;MIO_NAC;Million units of national currency;HF21;Voluntary health insurance schemes;PT;Portugal;2012;2012;
A;Annual;NAC_HAB;National currency per inhabitant;HF21;Voluntary health insurance schemes;PT;Portugal;2012;2012;
A;Annual;MIO_PPS;Million purchasing power standards (PPS);HF21;Voluntary health insurance schemes;PT;Portugal;2012;2012;
A;Annual;PPS_HAB;Purchasing power standard (PPS) per inhabitant;HF21;Voluntary health insurance schemes;PT;Portugal;2012;2012;
A;Annual;PC_GDP;Percentage of gross domestic product (GDP);HF21;Voluntary health insurance schemes;PT;Portugal;2012;2012;
A;Annual;PC_CHE;Percentual share of total current health expenditure (CHE);HF21;Voluntary health insurance schemes;PT;Portugal;2012;2012;
A;Annual;MIO_EUR;Million euro;HF22;NPISH financing schemes;PT;Portugal;2012;2012;
A;Annual;EUR_HAB;Euro per inhabitant;HF22;NPISH financing schemes;PT;Portugal;2012;2012;
A;Annual;MIO_NAC;Million units of national currency;HF22;NPISH financing schemes;PT;Portugal;2012;2012;
A;Annual;NAC_HAB;National currency per inhabitant;HF22;NPISH financing schemes;PT;Portugal;2012;2012;
A;Annual;MIO_PPS;Million purchasing power standards (PPS);HF22;NPISH financing schemes;PT;Portugal;2012;2012;
A;Annual;PPS_HAB;Purchasing power standard (PPS) per inhabitant;HF22;NPISH financing schemes;PT;Portugal;2012;2012;
A;Annual;PC_GDP;Percentage of gross domestic product (GDP);HF22;NPISH financing schemes;PT;Portugal;2012;2012;
A;Annual;PC_CHE;Percentual share of total current health expenditure (CHE);HF22;NPISH financing schemes;PT;Portugal;2012;2012;
A;Annual;MIO_EUR;Million euro;HF23;Enterprise financing schemes;PT;Portugal;2012;2012;
A;Annual;EUR_HAB;Euro per inhabitant;HF23;Enterprise financing schemes;PT;Portugal;2012;2012;
A;Annual;MIO_NAC;Million units of national currency;HF23;Enterprise financing schemes;PT;Portugal;2012;2012;
A;Annual;NAC_HAB;National currency per inhabitant;HF23;Enterprise financing schemes;PT;Portugal;2012;2012;2270.77
A;Annual;MIO_PPS;Million purchasing power standards (PPS);HF23;Enterprise financing schemes;PT;Portugal;2012;2012;2400.67
A;Annual;PPS_HAB;Purchasing power standard (PPS) per inhabitant;HF23;Enterprise financing schemes;PT;Portugal;2012;2012;2474.16
A;Annual;PC_GDP;Percentage of gross domestic product (GDP);HF23;Enterprise financing schemes;PT;Portugal;2012;2012;2526.59
A;Annual;PC_CHE;Percentual share of total current health expenditure (CHE);HF23;Enterprise financing schemes;PT;Portugal;2012;2012;2604.04
A;Annual;MIO_EUR;Million euro;HF3;Household out-of-pocket payment;PT;Portugal;2012;2012;2767.42
A;Annual;EUR_HAB;Euro per inhabitant;HF3;Household out-of-pocket payment;PT;Portugal;2012;2012;2950.74
A;Annual;MIO_NAC;Million units of national currency;HF3;Household out-of-pocket payment;PT;Portugal;2012;2012;3041.87
A;Annual;NAC_HAB;National currency per inhabitant;HF3;Household out-of-pocket payment;PT;Portugal;2012;2012;3117.51
A;Annual;MIO_PPS;Million purchasing power standards (PPS);HF3;Household out-of-pocket payment;PT;Portugal;2012;2012;3209.57
A;Annual;PPS_HAB;Purchasing power standard (PPS) per inhabitant;HF3;Household out-of-pocket payment;PT;Portugal;2012;2012;3293.27
A;Annual;PC_GDP;Percentage of gross domestic product (GDP);HF3;Household out-of-pocket payment;PT;Portugal;2012;2012;3382.42
A;Annual;PC_CHE;Percentual share of total current health expenditure (CHE);HF3;Household out-of-pocket payment;PT;Portugal;2012;2012;3547.88
A;Annual;MIO_EUR;Million euro;HF31;Out-of-pocket excluding cost-sharing;PT;Portugal;2012;2012;3570.83
A;Annual;EUR_HAB;Euro per inhabitant;HF31;Out-of-pocket excluding cost-sharing;PT;Portugal;2012;2012;3657.0
A;Annual;MIO_NAC;Million units of national currency;HF31;Out-of-pocket excluding cost-sharing;PT;Portugal;2012;2012;3773.41
A;Annual;NAC_HAB;National currency per inhabitant;HF31;Out-of-pocket excluding cost-sharing;PT;Portugal;2012;2012;3868.81
A;Annual;MIO_PPS;Million purchasing power standards (PPS);HF31;Out-of-pocket excluding cost-sharing;PT;Portugal;2012;2012;3965.51
A;Annual;PPS_HAB;Purchasing power standard (PPS) per inhabitant;HF31;Out-of-pocket excluding cost-sharing;PT;Portugal;2012;2012;4204.8
A;Annual;PC_GDP;Percentage of gross domestic product (GDP);HF31;Out-of-pocket excluding cost-sharing;PT;Portugal;2012;2012;4335.43
A;Annual;PC_CHE;Percentual share of total current health expenditure (CHE);HF31;Out-of-pocket excluding cost-sharing;PT;Portugal;2012;2012;4569.49
A;Annual;MIO_EUR;Million euro;HF32;Cost sharing with third-party payers;PT;Portugal;2012;2012;
A;Annual;EUR_HAB;Euro per inhabitant;HF32;Cost sharing with third-party payers;PT;Portugal;2012;2012;
A;Annual;MIO_NAC;Million units of national currency;HF32;Cost sharing with third-party payers;PT;Portugal;2012;2012;
A;Annual;NAC_HAB;National currency per inhabitant;HF32;Cost sharing with third-party payers;PT;Portugal;2012;2012;
A;Annual;MIO_PPS;Million purchasing power standards (PPS);HF32;Cost sharing with third-party payers;PT;Portugal;2012;2012;
A;Annual;PPS_HAB;Purchasing power standard (PPS) per inhabitant;HF32;Cost sharing with third-party payers;PT;Portugal;2012;2012;
A;Annual;PC_GDP;Percentage of gross domestic product (GDP);HF32;Cost sharing with third-party payers;PT;Portugal;2012;2012;
A;Annual;PC_CHE;Percentual share of total current health expenditure (CHE);HF32;Cost sharing with third-party payers;PT;Portugal;2012;2012;
A;Annual;MIO_EUR;Million euro;HF4;Rest of the world financing schemes (non-resident);PT;Portugal;2012;2012;
A;Annual;EUR_HAB;Euro per inhabitant;HF4;Rest of the world financing schemes (non-resident);PT;Portugal;2012;2012;
A;Annual;MIO_NAC;Million units of national currency;HF4;Rest of the world financing schemes (non-resident);PT;Portugal;2012;2012;
A;Annual;NAC_HAB;National currency per inhabitant;HF4;Rest of the world financing schemes (non-resident);PT;Portugal;2012;2012;
A;Annual;MIO_PPS;Million purchasing power standards (PPS);HF4;Rest of the world financing schemes (non-resident);PT;Portugal;2012;2012;
A;Annual;PPS_HAB;Purchasing power standard (PPS) per inhabitant;HF4;Rest of the world financing schemes (non-resident);PT;Portugal;2012;2012;
A;Annual;PC_GDP;Percentage of gross domestic product (GDP);HF4;Rest of the world financing schemes (non-resident);PT;Portugal;2012;2012;
A;Annual;PC_CHE;Percentual share of total current health expenditure (CHE);HF4;Rest of the world financing schemes (non-resident);PT;Portugal;2012;2012;
A;Annual;MIO_EUR;Million euro;HF_UNK;Financing schemes unknown;PT;Portugal;2012;2012;
A;Annual;EUR_HAB;Euro per inhabitant;HF_UNK;Financing schemes unknown;PT;Portugal;2012;2012;
A;Annual;MIO_NAC;Million units of national currency;HF_UNK;Financing schemes unknown;PT;Portugal;2012;2012;
A;Annual;NAC_HAB;National currency per inhabitant;HF_UNK;Financing schemes unknown;PT;Portugal;2012;2012;
A;Annual;MIO_PPS;Million purchasing power standards (PPS);HF_UNK;Financing schemes unknown;PT;Portugal;2012;2012;864.26
A;Annual;PPS_HAB;Purchasing power standard (PPS) per inhabitant;HF_UNK;Financing schemes unknown;PT;Portugal;2012;2012;938.63
A;Annual;PC_GDP;Percentage of gross domestic product (GDP);HF_UNK;Financing schemes unknown;PT;Portugal;2012;2012;922.9
A;Annual;PC_CHE;Percentual share of total current health expenditure (CHE);HF_UNK;Financing schemes unknown;PT;Portugal;2012;2012;1052.45
A;Annual;MIO_EUR;Million euro;TOT_HF;All financing schemes;PT;Portugal;2013;2013;
A;Annual;EUR_HAB;Euro per inhabitant;TOT_HF;All financing schemes;PT;Portugal;2013;2013;
A;Annual;MIO_NAC;Million units of national currency;TOT_HF;All financing schemes;PT;Portugal;2013;2013;
A;Annual;NAC_HAB;National currency per inhabitant;TOT_HF;All financing schemes;PT;Portugal;2013;2013;
A;Annual;MIO_PPS;Million purchasing power standards (PPS);TOT_HF;All financing schemes;PT;Portugal;2013;2013;
A;Annual;PPS_HAB;Purchasing power standard (PPS) per inhabitant;TOT_HF;All financing schemes;PT;Portugal;2013;2013;
A;Annual;PC_GDP;Percentage of gross domestic product (GDP);TOT_HF;All financing schemes;PT;Portugal;2013;2013;
A;Annual;PC_CHE;Percentual share of total current health expenditure (CHE);TOT_HF;All financing schemes;PT;Portugal;2013;2013;
A;Annual;MIO_EUR;Million euro;HF1;Government schemes and compulsory contributory health care financing schemes;PT;Portugal;2013;2013;
A;Annual;EUR_HAB;Euro per inhabitant;HF1;Government schemes and compulsory contributory health care financing schemes;PT;Portugal;2013;2013;
A;Annual;MIO_NAC;Million units of national currency;HF1;Government schemes and compulsory contributory health care financing schemes;PT;Portugal;2013;2013;1331.91
A;Annual;NAC_HAB;National currency per inhabitant;HF1;Government schemes and compulsory contributory health care financing schemes;PT;Portugal;2013;2013;1393.72
A;Annual;MIO_PPS;Million purchasing power standards (PPS);HF1;Government schemes and compulsory contributory health care financing schemes;PT;Portugal;2013;2013;
A;Annual;PPS_HAB;Purchasing power standard (PPS) per inhabitant;HF1;Government schemes and compulsory contributory health care financing schemes;PT;Portugal;2013;2013;1587.33
A;Annual;PC_GDP;Percentage of gross domestic product (GDP);HF1;Government schemes and compulsory contributory health care financing schemes;PT;Portugal;2013;2013;1665.09
A;Annual;PC_CHE;Percentual share of total current health expenditure (CHE);HF1;Government schemes and compulsory contributory health care financing schemes;PT;Portugal;2013;2013;1764.44
A;Annual;MIO_EUR;Million euro;HF11;Government schemes;PT;Portugal;2013;2013;
A;Annual;EUR_HAB;Euro per inhabitant;HF11;Government schemes;PT;Portugal;2013;2013;
A;Annual;MIO_NAC;Million units of national currency;HF11;Government schemes;PT;Portugal;2013;2013;
A;Annual;NAC_HAB;National currency per inhabitant;HF11;Government schemes;PT;Portugal;2013;2013;
A;Annual;MIO_PPS;Million purchasing power standards (PPS);HF11;Government schemes;PT;Portugal;2013;2013;
A;Annual;PPS_HAB;Purchasing power standard (PPS) per inhabitant;HF11;Government schemes;PT;Portugal;2013;2013;
A;Annual;PC_GDP;Percentage of gross domestic product (GDP);HF11;Government schemes;PT;Portugal;2013;2013;
A;Annual;PC_CHE;Percentual share of total current health expenditure (CHE);HF11;Government schemes;PT;Portugal;2013;2013;
A;Annual;MIO_EUR;Million euro;HF12_13;Compulsory contributory health insurance schemes and compulsory medical saving accounts (CMSA);PT;Portugal;2013;2013;
A;Annual;EUR_HAB;Euro per inhabitant;HF12_13;Compulsory contributory health insurance schemes and compulsory medical saving accounts (CMSA);PT;Portugal;2013;2013;
A;Annual;MIO_NAC;Million units of national currency;HF12_13;Compulsory contributory health insurance schemes and compulsory medical saving accounts (CMSA);PT;Portugal;2013;2013;
A;Annual;NAC_HAB;National currency per inhabitant;HF12_13;Compulsory contributory health insurance schemes and compulsory medical saving accounts (CMSA);PT;Portugal;2013;2013;
A;Annual;MIO_PPS;Million purchasing power standards (PPS);HF12_13;Compulsory contributory health insurance schemes and compulsory medical saving accounts (CMSA);PT;Portugal;2013;2013;
A;Annual;PPS_HAB;Purchasing power standard (PPS) per inhabitant;HF12_13;Compulsory contributory health insurance schemes and compulsory medical saving accounts (CMSA);PT;Portugal;2013;2013;
A;Annual;PC_GDP;Percentage of gross domestic product (GDP);HF12_13;Compulsory contributory health insurance schemes and compulsory medical saving accounts (CMSA);PT;Portugal;2013;2013;
A;Annual;PC_CHE;Percentual share of total current health expenditure (CHE);HF12_13;Compulsory contributory health insurance schemes and compulsory medical saving accounts (CMSA);PT;Portugal;2013;2013;
A;Annual;MIO_EUR;Million euro;HF121;Social health insurance schemes;PT;Portugal;2013;2013;
A;Annual;EUR_HAB;Euro per inhabitant;HF121;Social health insurance schemes;PT;Portugal;2013;2013;
A;Annual;MIO_NAC;Million units of national currency;HF121;Social health insurance schemes;PT;Portugal;2013;2013;
A;Annual;NAC_HAB;National currency per inhabitant;HF121;Social health insurance schemes;PT;Portugal;2013;2013;
A;Annual;MIO_PPS;Million purchasing power standards (PPS);HF121;Social health insurance schemes;PT;Portugal;2013;2013;
A;Annual;PPS_HAB;Purchasing power standard (PPS) per inhabitant;HF121;Social health insurance schemes;PT;Portugal;2013;2013;
A;Annual;PC_GDP;Percentage of gross domestic product (GDP);HF121;Social health insurance schemes;PT;Portugal;2013;2013;
A;Annual;PC_CHE;Percentual share of total current health expenditure (CHE);HF121;Social health insurance schemes;PT;Portugal;2013;2013;
A;Annual;MIO_EUR;Million euro;HF122;Compulsory private insurance scheme;PT;Portugal;2013;2013;
A;Annual;EUR_HAB;Euro per inhabitant;HF122;Compulsory private insurance scheme;PT;Portugal;2013;2013;
A;Annual;MIO_NAC;Million units of national currency;HF122;Compulsory private insurance scheme;PT;Portugal;2013;2013;
A;Annual;NAC_HAB;National currency per inhabitant;HF122;Compulsory private insurance scheme;PT;Portugal;2013;2013;1123.17
A;Annual;MIO_PPS;Million purchasing power standards (PPS);HF122;Compulsory private insurance scheme;PT;Portugal;2013;2013;1170.14
A;Annual;PPS_HAB;Purchasing power standard (PPS) per inhabitant;HF122;Compulsory private insurance scheme;PT;Portugal;2013;2013;
A;Annual;PC_GDP;Percentage of gross domestic product (GDP);HF122;Compulsory private insurance scheme;PT;Portugal;2013;2013;
A;Annual;PC_CHE;Percentual share of total current health expenditure (CHE);HF122;Compulsory private insurance scheme;PT;Portugal;2013;2013;
A;Annual;MIO_EUR;Million euro;HF13;Compulsory medical savings accounts (CMSA);PT;Portugal;2013;2013;
A;Annual;EUR_HAB;Euro per inhabitant;HF13;Compulsory medical savings accounts (CMSA);PT;Portugal;2013;2013;
A;Annual;MIO_NAC;Million units of national currency;HF13;Compulsory medical savings accounts (CMSA);PT;Portugal;2013;2013;
A;Annual;NAC_HAB;National currency per inhabitant;HF13;Compulsory medical savings accounts (CMSA);PT;Portugal;2013;2013;
A;Annual;MIO_PPS;Million purchasing power standards (PPS);HF13;Compulsory medical savings accounts (CMSA);PT;Portugal;2013;2013;
A;Annual;PPS_HAB;Purchasing power standard (PPS) per inhabitant;HF13;Compulsory medical savings accounts (CMSA);PT;Portugal;2013;2013;
A;Annual;PC_GDP;Percentage of gross domestic product (GDP);HF13;Compulsory medical savings accounts (CMSA);PT;Portugal;2013;2013;
A;Annual;PC_CHE;Percentual share of total current health expenditure (CHE);HF13;Compulsory medical savings accounts (CMSA);PT;Portugal;2013;2013;
A;Annual;MIO_EUR;Million euro;HF2;Voluntary health care payment schemes;PT;Portugal;2013;2013;
A;Annual;EUR_HAB;Euro per inhabitant;HF2;Voluntary health care payment schemes;PT;Portugal;2013;2013;
A;Annual;MIO_NAC;Million units of national currency;HF2;Voluntary health care payment schemes;PT;Portugal;2013;2013;
A;Annual;NAC_HAB;National currency per inhabitant;HF2;Voluntary health care payment schemes;PT;Portugal;2013;2013;
A;Annual;MIO_PPS;Million purchasing power standards (PPS);HF2;Voluntary health care payment schemes;PT;Portugal;2013;2013;
A;Annual;PPS_HAB;Purchasing power standard (PPS) per inhabitant;HF2;Voluntary health care payment schemes;PT;Portugal;2013;2013;
A;Annual;PC_GDP;Percentage of gross domestic product (GDP);HF2;Voluntary health care payment schemes;PT;Portugal;2013;2013;
A;Annual;PC_CHE;Percentual share of total current health expenditure (CHE);HF2;Voluntary health care payment schemes;PT;Portugal;2013;2013;
A;Annual;MIO_EUR;Million euro;HF21;Voluntary health insurance schemes;PT;Portugal;2013;2013;
A;Annual;EUR_HAB;Euro per inhabitant;HF21;Voluntary health insurance schemes;PT;Portugal;2013;2013;
A;Annual;MIO_NAC;Million units of national currency;HF21;Voluntary health insurance schemes;PT;Portugal;2013;2013;
A;Annual;NAC_HAB;National currency per inhabitant;HF21;Voluntary health insurance schemes;PT;Portugal;2013;2013;
A;Annual;MIO_PPS;Million purchasing power standards (PPS);HF21;Voluntary health insurance schemes;PT;Portugal;2013;2013;
A;Annual;PPS_HAB;Purchasing power standard (PPS) per inhabitant;HF21;Voluntary health insurance schemes;PT;Portugal;2013;2013;
A;Annual;PC_GDP;Percentage of gross domestic product (GDP);HF21;Voluntary health insurance schemes;PT;Portugal;2013;2013;
A;Annual;PC_CHE;Percentual share of total current health expenditure (CHE);HF21;Voluntary health insurance schemes;PT;Portugal;2013;2013;
A;Annual;MIO_EUR;Million euro;HF22;NPISH financing schemes;PT;Portugal;2013;2013;
A;Annual;EUR_HAB;Euro per inhabitant;HF22;NPISH financing schemes;PT;Portugal;2013;2013;
A;Annual;MIO_NAC;Million units of national currency;HF22;NPISH financing schemes;PT;Portugal;2013;2013;
A;Annual;NAC_HAB;National currency per inhabitant;HF22;NPISH financing schemes;PT;Portugal;2013;2013;
A;Annual;MIO_PPS;Million purchasing power standards (PPS);HF22;NPISH financing schemes;PT;Portugal;2013;2013;1159.29
A;Annual;PPS_HAB;Purchasing power standard (PPS) per inhabitant;HF22;NPISH financing schemes;PT;Portugal;2013;2013;
A;Annual;PC_GDP;Percentage of gross domestic product (GDP);HF22;NPISH financing schemes;PT;Portugal;2013;2013;
A;Annual;PC_CHE;Percentual share of total current health expenditure (CHE);HF22;NPISH financing schemes;PT;Portugal;2013;2013;
A;Annual;MIO_EUR;Million euro;HF23;Enterprise financing schemes;PT;Portugal;2013;2013;
A;Annual;EUR_HAB;Euro per inhabitant;HF23;Enterprise financing schemes;PT;Portugal;2013;2013;
A;Annual;MIO_NAC;Million units of national currency;HF23;Enterprise financing schemes;PT;Portugal;2013;2013;
A;Annual;NAC_HAB;National currency per inhabitant;HF23;Enterprise financing schemes;PT;Portugal;2013;2013;
A;Annual;MIO_PPS;Million purchasing power standards (PPS);HF23;Enterprise financing schemes;PT;Portugal;2013;2013;
A;Annual;PPS_HAB;Purchasing power standard (PPS) per inhabitant;HF23;Enterprise financing schemes;PT;Portugal;2013;2013;
A;Annual;PC_GDP;Percentage of gross domestic product (GDP);HF23;Enterprise financing schemes;PT;Portugal;2013;2013;
A;Annual;PC_CHE;Percentual share of total current health expenditure (CHE);HF23;Enterprise financing schemes;PT;Portugal;2013;2013;
A;Annual;MIO_EUR;Million euro;HF3;Household out-of-pocket payment;PT;Portugal;2013;2013;
A;Annual;EUR_HAB;Euro per inhabitant;HF3;Household out-of-pocket payment;PT;Portugal;2013;2013;
A;Annual;MIO_NAC;Million units of national currency;HF3;Household out-of-pocket payment;PT;Portugal;2013;2013;
A;Annual;NAC_HAB;National currency per inhabitant;HF3;Household out-of-pocket payment;PT;Portugal;2013;2013;
A;Annual;MIO_PPS;Million purchasing power standards (PPS);HF3;Household out-of-pocket payment;PT;Portugal;2013;2013;
A;Annual;PPS_HAB;Purchasing power standard (PPS) per inhabitant;HF3;Household out-of-pocket payment;PT;Portugal;2013;2013;
A;Annual;PC_GDP;Percentage of gross domestic product (GDP);HF3;Household out-of-pocket payment;PT;Portugal;2013;2013;
A;Annual;PC_CHE;Percentual share of total current health expenditure (CHE);HF3;Household out-of-pocket payment;PT;Portugal;2013;2013;
A;Annual;MIO_EUR;Million euro;HF31;Out-of-pocket excluding cost-sharing;PT;Portugal;2013;2013;
A;Annual;EUR_HAB;Euro per inhabitant;HF31;Out-of-pocket excluding cost-sharing;PT;Portugal;2013;2013;
A;Annual;MIO_NAC;Million units of national currency;HF31;Out-of-pocket excluding cost-sharing;PT;Portugal;2013;2013;
A;Annual;NAC_HAB;National currency per inhabitant;HF31;Out-of-pocket excluding cost-sharing;PT;Portugal;2013;2013;
A;Annual;MIO_PPS;Million purchasing power standards (PPS);HF31;Out-of-pocket excluding cost-sharing;PT;Portugal;2013;2013;
A;Annual;PPS_HAB;Purchasing power standard (PPS) per inhabitant;HF31;Out-of-pocket excluding cost-sharing;PT;Portugal;2013;2013;
A;Annual;PC_GDP;Percentage of gross domestic product (GDP);HF31;Out-of-pocket excluding cost-sharing;PT;Portugal;2013;2013;
A;Annual;PC_CHE;Percentual share of total current health expenditure (CHE);HF31;Out-of-pocket excluding cost-sharing;PT;Portugal;2013;2013;
A;Annual;MIO_EUR;Million euro;HF32;Cost sharing with third-party payers;PT;Portugal;2013;2013;
A;Annual;EUR_HAB;Euro per inhabitant;HF32;Cost sharing with third-party payers;PT;Portugal;2013;2013;
A;Annual;MIO_NAC;Million units of national currency;HF32;Cost sharing with third-party payers;PT;Portugal;2013;2013;
A;Annual;NAC_HAB;National currency per inhabitant;HF32;Cost sharing with third-party payers;PT;Portugal;2013;2013;
A;Annual;MIO_PPS;Million purchasing power standards (PPS);HF32;Cost sharing with third-party payers;PT;Portugal;2013;2013;
A;Annual;PPS_HAB;Purchasing power standard (PPS) per inhabitant;HF32;Cost sharing with third-party payers;PT;Portugal;2013;2013;
A;Annual;PC_GDP;Percentage of gross domestic product (GDP);HF32;Cost sharing with third-party payers;PT;Portugal;2013;2013;
A;Annual;PC_CHE;Percentual share of total current health expenditure (CHE);HF32;Cost sharing with third-party payers;PT;Portugal;2013;2013;
A;Annual;MIO_EUR;Million euro;HF4;Rest of the world financing schemes (non-resident);PT;Portugal;2013;2013;
A;Annual;EUR_HAB;Euro per inhabitant;HF4;Rest of the world financing schemes (non-resident);PT;Portugal;2013;2013;
A;Annual;MIO_NAC;Million units of national currency;HF4;Rest of the world financing schemes (non-resident);PT;Portugal;2013;2013;
A;Annual;NAC_HAB;National currency per inhabitant;HF4;Rest of the world financing schemes (non-resident);PT;Portugal;2013;2013;
A;Annual;MIO_PPS;Million purchasing power standards (PPS);HF4;Rest of the world financing schemes (non-resident);PT;Portugal;2013;2013;
A;Annual;PPS_HAB;Purchasing power standard (PPS) per inhabitant;HF4;Rest of the world financing schemes (non-resident);PT;Portugal;2013;2013;
A;Annual;PC_GDP;Percentage of gross domestic product (GDP);HF4;Rest of the world financing schemes (non-resident);PT;Portugal;2013;2013;
A;Annual;PC_CHE;Percentual share of total current health expenditure (CHE);HF4;Rest of the world financing schemes (non-resident);PT;Portugal;2013;2013;
A;Annual;MIO_EUR;Million euro;HF_UNK;Financing schemes unknown;PT;Portugal;2013;2013;
A;Annual;EUR_HAB;Euro per inhabitant;HF_UNK;Financing schemes unknown;PT;Portugal;2013;2013;
A;Annual;MIO_NAC;Million units of national currency;HF_UNK;Financing schemes unknown;PT;Portugal;2013;2013;
A;Annual;NAC_HAB;National currency per inhabitant;HF_UNK;Financing schemes unknown;PT;Portugal;2013;2013;
A;Annual;MIO_PPS;Million purchasing power standards (PPS);HF_UNK;Financing schemes unknown;PT;Portugal;2013;2013;
A;Annual;PPS_HAB;Purchasing power standard (PPS) per inhabitant;HF_UNK;Financing schemes unknown;PT;Portugal;2013;2013;
A;Annual;PC_GDP;Percentage of gross domestic product (GDP);HF_UNK;Financing schemes unknown;PT;Portugal;2013;2013;
A;Annual;PC_CHE;Percentual share of total current health expenditure (CHE);HF_UNK;Financing schemes unknown;PT;Portugal;2013;2013;
A;Annual;MIO_EUR;Million euro;TOT_HF;All financing schemes;PT;Portugal;2014;2014;
A;Annual;EUR_HAB;Euro per inhabitant;TOT_HF;All financing schemes;PT;Portugal;2014;2014;
A;Annual;MIO_NAC;Million units of national currency;TOT_HF;All financing schemes;PT;Portugal;2014;2014;
A;Annual;NAC_HAB;National currency per inhabitant;TOT_HF;All financing schemes;PT;Portugal;2014;2014;
A;Annual;MIO_PPS;Million purchasing power standards (PPS);TOT_HF;All financing schemes;PT;Portugal;2014;2014;
A;Annual;PPS_HAB;Purchasing power standard (PPS) per inhabitant;TOT_HF;All financing schemes;PT;Portugal;2014;2014;
A;Annual;PC_GDP;Percentage of gross domestic product (GDP);TOT_HF;All financing schemes;PT;Portugal;2014;2014;
A;Annual;PC_CHE;Percentual share of total current health expenditure (CHE);TOT_HF;All financing schemes;PT;Portugal;2014;2014;
A;Annual;MIO_EUR;Million euro;HF1;Government schemes and compulsory contributory health care financing schemes;PT;Portugal;2014;2014;
A;Annual;EUR_HAB;Euro per inhabitant;HF1;Government schemes and compulsory contributory health care financing schemes;PT;Portugal;2014;2014;
A;Annual;MIO_NAC;Million units of national currency;HF1;Government schemes and compulsory contributory health care financing schemes;PT;Portugal;2014;2014;
A;Annual;NAC_HAB;National currency per inhabitant;HF1;Government schemes and compulsory contributory health care financing schemes;PT;Portugal;2014;2014;
A;Annual;MIO_PPS;Million purchasing power standards (PPS);HF1;Government schemes and compulsory contributory health care financing schemes;PT;Portugal;2014;2014;
A;Annual;PPS_HAB;Purchasing power standard (PPS) per inhabitant;HF1;Government schemes and compulsory contributory health care financing schemes;PT;Portugal;2014;2014;
A;Annual;PC_GDP;Percentage of gross domestic product (GDP);HF1;Government schemes and compulsory contributory health care financing schemes;PT;Portugal;2014;2014;
A;Annual;PC_CHE;Percentual share of total current health expenditure (CHE);HF1;Government schemes and compulsory contributory health care financing schemes;PT;Portugal;2014;2014;
A;Annual;MIO_EUR;Million euro;HF11;Government schemes;PT;Portugal;2014;2014;148.52
A;Annual;EUR_HAB;Euro per inhabitant;HF11;Government schemes;PT;Portugal;2014;2014;149.23
A;Annual;MIO_NAC;Million units of national currency;HF11;Government schemes;PT;Portugal;2014;2014;151.45
A;Annual;NAC_HAB;National currency per inhabitant;HF11;Government schemes;PT;Portugal;2014;2014;142.35
A;Annual;MIO_PPS;Million purchasing power standards (PPS);HF11;Government schemes;PT;Portugal;2014;2014;155.94
A;Annual;PPS_HAB;Purchasing power standard (PPS) per inhabitant;HF11;Government schemes;PT;Portugal;2014;2014;165.81
A;Annual;PC_GDP;Percentage of gross domestic product (GDP);HF11;Government schemes;PT;Portugal;2014;2014;171.96
A;Annual;PC_CHE;Percentual share of total current health expenditure (CHE);HF11;Government schemes;PT;Portugal;2014;2014;
A;Annual;MIO_EUR;Million euro;HF12_13;Compulsory contributory health insurance schemes and compulsory medical saving accounts (CMSA);PT;Portugal;2014;2014;
A;Annual;EUR_HAB;Euro per inhabitant;HF12_13;Compulsory contributory health insurance schemes and compulsory medical saving accounts (CMSA);PT;Portugal;2014;2014;
A;Annual;MIO_NAC;Million units of national currency;HF12_13;Compulsory contributory health insurance schemes and compulsory medical saving accounts (CMSA);PT;Portugal;2014;2014;
A;Annual;NAC_HAB;National currency per inhabitant;HF12_13;Compulsory contributory health insurance schemes and compulsory medical saving accounts (CMSA);PT;Portugal;2014;2014;
A;Annual;MIO_PPS;Million purchasing power standards (PPS);HF12_13;Compulsory contributory health insurance schemes and compulsory medical saving accounts (CMSA);PT;Portugal;2014;2014;
A;Annual;PPS_HAB;Purchasing power standard (PPS) per inhabitant;HF12_13;Compulsory contributory health insurance schemes and compulsory medical saving accounts (CMSA);PT;Portugal;2014;2014;
A;Annual;PC_GDP;Percentage of gross domestic product (GDP);HF12_13;Compulsory contributory health insurance schemes and compulsory medical saving accounts (CMSA);PT;Portugal;2014;2014;
A;Annual;PC_CHE;Percentual share of total current health expenditure (CHE);HF12_13;Compulsory contributory health insurance schemes and compulsory medical saving accounts (CMSA);PT;Portugal;2014;2014;
A;Annual;MIO_EUR;Million euro;HF121;Social health insurance schemes;PT;Portugal;2014;2014;
A;Annual;EUR_HAB;Euro per inhabitant;HF121;Social health insurance schemes;PT;Portugal;2014;2014;
A;Annual;MIO_NAC;Million units of national currency;HF121;Social health insurance schemes;PT;Portugal;2014;2014;
A;Annual;NAC_HAB;National currency per inhabitant;HF121;Social health insurance schemes;PT;Portugal;2014;2014;
A;Annual;MIO_PPS;Million purchasing power standards (PPS);HF121;Social health insurance schemes;PT;Portugal;2014;2014;
A;Annual;PPS_HAB;Purchasing power standard (PPS) per inhabitant;HF121;Social health insurance schemes;PT;Portugal;2014;2014;
A;Annual;PC_GDP;Percentage of gross domestic product (GDP);HF121;Social health insurance schemes;PT;Portugal;2014;2014;
A;Annual;PC_CHE;Percentual share of total current health expenditure (CHE);HF121;Social health insurance schemes;PT;Portugal;2014;2014;
A;Annual;MIO_EUR;Million euro;HF122;Compulsory private insurance scheme;PT;Portugal;2014;2014;
A;Annual;EUR_HAB;Euro per inhabitant;HF122;Compulsory private insurance scheme;PT;Portugal;2014;2014;
A;Annual;MIO_NAC;Million units of national currency;HF122;Compulsory private insurance scheme;PT;Portugal;2014;2014;
A;Annual;NAC_HAB;National currency per inhabitant;HF122;Compulsory private insurance scheme;PT;Portugal;2014;2014;
A;Annual;MIO_PPS;Million purchasing power standards (PPS);HF122;Compulsory private insurance scheme;PT;Portugal;2014;2014;
A;Annual;PPS_HAB;Purchasing power standard (PPS) per inhabitant;HF122;Compulsory private insurance scheme;PT;Portugal;2014;2014;
A;Annual;PC_GDP;Percentage of gross domestic product (GDP);HF122;Compulsory private insurance scheme;PT;Portugal;2014;2014;
A;Annual;PC_CHE;Percentual share of total current health expenditure (CHE);HF122;Compulsory private insurance scheme;PT;Portugal;2014;2014;
A;Annual;MIO_EUR;Million euro;HF13;Compulsory medical savings accounts (CMSA);PT;Portugal;2014;2014;
A;Annual;EUR_HAB;Euro per inhabitant;HF13;Compulsory medical savings accounts (CMSA);PT;Portugal;2014;2014;1.74
A;Annual;MIO_NAC;Million units of national currency;HF13;Compulsory medical savings accounts (CMSA);PT;Portugal;2014;2014;1.78
A;Annual;NAC_HAB;National currency per inhabitant;HF13;Compulsory medical savings accounts (CMSA);PT;Portugal;2014;2014;2.15
A;Annual;MIO_PPS;Million purchasing power standards (PPS);HF13;Compulsory medical savings accounts (CMSA);PT;Portugal;2014;2014;2.43
A;Annual;PPS_HAB;Purchasing power standard (PPS) per inhabitant;HF13;Compulsory medical savings accounts (CMSA);PT;Portugal;2014;2014;2.98
A;Annual;PC_GDP;Percentage of gross domestic product (GDP);HF13;Compulsory medical savings accounts (CMSA);PT;Portugal;2014;2014;3.37
A;Annual;PC_CHE;Percentual share of total current health expenditure (CHE);HF13;Compulsory medical savings accounts (CMSA);PT;Portugal;2014;2014;
A;Annual;MIO_EUR;Million euro;HF2;Voluntary health care payment schemes;PT;Portugal;2014;2014;
A;Annual;EUR_HAB;Euro per inhabitant;HF2;Voluntary health care payment schemes;PT;Portugal;2014;2014;
A;Annual;MIO_NAC;Million units of national currency;HF2;Voluntary health care payment schemes;PT;Portugal;2014;2014;4.53
A;Annual;NAC_HAB;National currency per inhabitant;HF2;Voluntary health care payment schemes;PT;Portugal;2014;2014;5.64
A;Annual;MIO_PPS;Million purchasing power standards (PPS);HF2;Voluntary health care payment schemes;PT;Portugal;2014;2014;
A;Annual;PPS_HAB;Purchasing power standard (PPS) per inhabitant;HF2;Voluntary health care payment schemes;PT;Portugal;2014;2014;
A;Annual;PC_GDP;Percentage of gross domestic product (GDP);HF2;Voluntary health care payment schemes;PT;Portugal;2014;2014;
A;Annual;PC_CHE;Percentual share of total current health expenditure (CHE);HF2;Voluntary health care payment schemes;PT;Portugal;2014;2014;
A;Annual;MIO_EUR;Million euro;HF21;Voluntary health insurance schemes;PT;Portugal;2014;2014;
A;Annual;EUR_HAB;Euro per inhabitant;HF21;Voluntary health insurance schemes;PT;Portugal;2014;2014;
A;Annual;MIO_NAC;Million units of national currency;HF21;Voluntary health insurance schemes;PT;Portugal;2014;2014;
A;Annual;NAC_HAB;National currency per inhabitant;HF21;Voluntary health insurance schemes;PT;Portugal;2014;2014;
A;Annual;MIO_PPS;Million purchasing power standards (PPS);HF21;Voluntary health insurance schemes;PT;Portugal;2014;2014;
A;Annual;PPS_HAB;Purchasing power standard (PPS) per inhabitant;HF21;Voluntary health insurance schemes;PT;Portugal;2014;2014;
A;Annual;PC_GDP;Percentage of gross domestic product (GDP);HF21;Voluntary health insurance schemes;PT;Portugal;2014;2014;
A;Annual;PC_CHE;Percentual share of total current health expenditure (CHE);HF21;Voluntary health insurance schemes;PT;Portugal;2014;2014;
A;Annual;MIO_EUR;Million euro;HF22;NPISH financing schemes;PT;Portugal;2014;2014;
A;Annual;EUR_HAB;Euro per inhabitant;HF22;NPISH financing schemes;PT;Portugal;2014;2014;
A;Annual;MIO_NAC;Million units of national currency;HF22;NPISH financing schemes;PT;Portugal;2014;2014;
A;Annual;NAC_HAB;National currency per inhabitant;HF22;NPISH financing schemes;PT;Portugal;2014;2014;
A;Annual;MIO_PPS;Million purchasing power standards (PPS);HF22;NPISH financing schemes;PT;Portugal;2014;2014;
A;Annual;PPS_HAB;Purchasing power standard (PPS) per inhabitant;HF22;NPISH financing schemes;PT;Portugal;2014;2014;
A;Annual;PC_GDP;Percentage of gross domestic product (GDP);HF22;NPISH financing schemes;PT;Portugal;2014;2014;
A;Annual;PC_CHE;Percentual share of total current health expenditure (CHE);HF22;NPISH financing schemes;PT;Portugal;2014;2014;
A;Annual;MIO_EUR;Million euro;HF23;Enterprise financing schemes;PT;Portugal;2014;2014;
A;Annual;EUR_HAB;Euro per inhabitant;HF23;Enterprise financing schemes;PT;Portugal;2014;2014;
A;Annual;MIO_NAC;Million units of national currency;HF23;Enterprise financing schemes;PT;Portugal;2014;2014;
A;Annual;NAC_HAB;National currency per inhabitant;HF23;Enterprise financing schemes;PT;Portugal;2014;2014;
A;Annual;MIO_PPS;Million purchasing power standards (PPS);HF23;Enterprise financing schemes;PT;Portugal;2014;2014;
A;Annual;PPS_HAB;Purchasing power standard (PPS) per inhabitant;HF23;Enterprise financing schemes;PT;Portugal;2014;2014;
A;Annual;PC_GDP;Percentage of gross domestic product (GDP);HF23;Enterprise financing schemes;PT;Portugal;2014;2014;
A;Annual;PC_CHE;Percentual share of total current health expenditure (CHE);HF23;Enterprise financing schemes;PT;Portugal;2014;2014;
A;Annual;MIO_EUR;Million euro;HF3;Household out-of-pocket payment;PT;Portugal;2014;2014;
A;Annual;EUR_HAB;Euro per inhabitant;HF3;Household out-of-pocket payment;PT;Portugal;2014;2014;
A;Annual;MIO_NAC;Million units of national currency;HF3;Household out-of-pocket payment;PT;Portugal;2014;2014;
A;Annual;NAC_HAB;National currency per inhabitant;HF3;Household out-of-pocket payment;PT;Portugal;2014;2014;57.77
A;Annual;MIO_PPS;Million purchasing power standards (PPS);HF3;Household out-of-pocket payment;PT;Portugal;2014;2014;82.24
A;Annual;PPS_HAB;Purchasing power standard (PPS) per inhabitant;HF3;Household out-of-pocket payment;PT;Portugal;2014;2014;
A;Annual;PC_GDP;Percentage of gross domestic product (GDP);HF3;Household out-of-pocket payment;PT;Portugal;2014;2014;
A;Annual;PC_CHE;Percentual share of total current health expenditure (CHE);HF3;Household out-of-pocket payment;PT;Portugal;2014;2014;
A;Annual;MIO_EUR;Million euro;HF31;Out-of-pocket excluding cost-sharing;PT;Portugal;2014;2014;
A;Annual;EUR_HAB;Euro per inhabitant;HF31;Out-of-pocket excluding cost-sharing;PT;Portugal;2014;2014;
A;Annual;MIO_NAC;Million units of national currency;HF31;Out-of-pocket excluding cost-sharing;PT;Portugal;2014;2014;
A;Annual;NAC_HAB;National currency per inhabitant;HF31;Out-of-pocket excluding cost-sharing;PT;Portugal;2014;2014;
A;Annual;MIO_PPS;Million purchasing power standards (PPS);HF31;Out-of-pocket excluding cost-sharing;PT;Portugal;2014;2014;
A;Annual;PPS_HAB;Purchasing power standard (PPS) per inhabitant;HF31;Out-of-pocket excluding cost-sharing;PT;Portugal;2014;2014;
A;Annual;PC_GDP;Percentage of gross domestic product (GDP);HF31;Out-of-pocket excluding cost-sharing;PT;Portugal;2014;2014;
A;Annual;PC_CHE;Percentual share of total current health expenditure (CHE);HF31;Out-of-pocket excluding cost-sharing;PT;Portugal;2014;2014;
A;Annual;MIO_EUR;Million euro;HF32;Cost sharing with third-party payers;PT;Portugal;2014;2014;
A;Annual;EUR_HAB;Euro per inhabitant;HF32;Cost sharing with third-party payers;PT;Portugal;2014;2014;
A;Annual;MIO_NAC;Million units of national currency;HF32;Cost sharing with third-party payers;PT;Portugal;2014;2014;
A;Annual;NAC_HAB;National currency per inhabitant;HF32;Cost sharing with third-party payers;PT;Portugal;2014;2014;
A;Annual;MIO_PPS;Million purchasing power standards (PPS);HF32;Cost sharing with third-party payers;PT;Portugal;2014;2014;
A;Annual;PPS_HAB;Purchasing power standard (PPS) per inhabitant;HF32;Cost sharing with third-party payers;PT;Portugal;2014;2014;
A;Annual;PC_GDP;Percentage of gross domestic product (GDP);HF32;Cost sharing with third-party payers;PT;Portugal;2014;2014;
A;Annual;PC_CHE;Percentual share of total current health expenditure (CHE);HF32;Cost sharing with third-party payers;PT;Portugal;2014;2014;
A;Annual;MIO_EUR;Million euro;HF4;Rest of the world financing schemes (non-resident);PT;Portugal;2014;2014;
A;Annual;EUR_HAB;Euro per inhabitant;HF4;Rest of the world financing schemes (non-resident);PT;Portugal;2014;2014;
A;Annual;MIO_NAC;Million units of national currency;HF4;Rest of the world financing schemes (non-resident);PT;Portugal;2014;2014;
A;Annual;NAC_HAB;National currency per inhabitant;HF4;Rest of the world financing schemes (non-resident);PT;Portugal;2014;2014;
A;Annual;MIO_PPS;Million purchasing power standards (PPS);HF4;Rest of the world financing schemes (non-resident);PT;Portugal;2014;2014;
A;Annual;PPS_HAB;Purchasing power standard (PPS) per inhabitant;HF4;Rest of the world financing schemes (non-resident);PT;Portugal;2014;2014;
A;Annual;PC_GDP;Percentage of gross domestic product (GDP);HF4;Rest of the world financing schemes (non-resident);PT;Portugal;2014;2014;
A;Annual;PC_CHE;Percentual share of total current health expenditure (CHE);HF4;Rest of the world financing schemes (non-resident);PT;Portugal;2014;2014;
A;Annual;MIO_EUR;Million euro;HF_UNK;Financing schemes unknown;PT;Portugal;2014;2014;
A;Annual;EUR_HAB;Euro per inhabitant;HF_UNK;Financing schemes unknown;PT;Portugal;2014;2014;
A;Annual;MIO_NAC;Million units of national currency;HF_UNK;Financing schemes unknown;PT;Portugal;2014;2014;
A;Annual;NAC_HAB;National currency per inhabitant;HF_UNK;Financing schemes unknown;PT;Portugal;2014;2014;
A;Annual;MIO_PPS;Million purchasing power standards (PPS);HF_UNK;Financing schemes unknown;PT;Portugal;2014;2014;
A;Annual;PPS_HAB;Purchasing power standard (PPS) per inhabitant;HF_UNK;Financing schemes unknown;PT;Portugal;2014;2014;
A;Annual;PC_GDP;Percentage of gross domestic product (GDP);HF_UNK;Financing schemes unknown;PT;Portugal;2014;2014;
A;Annual;PC_CHE;Percentual share of total current health expenditure (CHE);HF_UNK;Financing schemes unknown;PT;Portugal;2014;2014;
A;Annual;MIO_EUR;Million euro;TOT_HF;All financing schemes;PT;Portugal;2015;2015;540.43
A;Annual;EUR_HAB;Euro per inhabitant;TOT_HF;All financing schemes;PT;Portugal;2015;2015;531.97
A;Annual;MIO_NAC;Million units of national currency;TOT_HF;All financing schemes;PT;Portugal;2015;2015;576.72
A;Annual;NAC_HAB;National currency per inhabitant;TOT_HF;All financing schemes;PT;Portugal;2015;2015;582.6
A;Annual;MIO_PPS;Million purchasing power standards (PPS);TOT_HF;All financing schemes;PT;Portugal;2015;2015;563.12
A;Annual;PPS_HAB;Purchasing power standard (PPS) per inhabitant;TOT_HF;All financing schemes;PT;Portugal;2015;2015;
A;Annual;PC_GDP;Percentage of gross domestic product (GDP);TOT_HF;All financing schemes;PT;Portugal;2015;2015;
A;Annual;PC_CHE;Percentual share of total current health expenditure (CHE);TOT_HF;All financing schemes;PT;Portugal;2015;2015;
A;Annual;MIO_EUR;Million euro;HF1;Government schemes and compulsory contributory health care financing schemes;PT;Portugal;2015;2015;
A;Annual;EUR_HAB;Euro per inhabitant;HF1;Government schemes and compulsory contributory health care financing schemes;PT;Portugal;2015;2015;
A;Annual;MIO_NAC;Million units of national currency;HF1;Government schemes and compulsory contributory health care financing schemes;PT;Portugal;2015;2015;
A;Annual;NAC_HAB;National currency per inhabitant;HF1;Government schemes and compulsory contributory health care financing schemes;PT;Portugal;2015;2015;
A;Annual;MIO_PPS;Million purchasing power standards (PPS);HF1;Government schemes and compulsory contributory health care financing schemes;PT;Portugal;2015;2015;
A;Annual;PPS_HAB;Purchasing power standard (PPS) per inhabitant;HF1;Government schemes and compulsory contributory health care financing schemes;PT;Portugal;2015;2015;
A;Annual;PC_GDP;Percentage of gross domestic product (GDP);HF1;Government schemes and compulsory contributory health care financing schemes;PT;Portugal;2015;2015;
A;Annual;PC_CHE;Percentual share of total current health expenditure (CHE);HF1;Government schemes and compulsory contributory health care financing schemes;PT;Portugal;2015;2015;324.86
A;Annual;MIO_EUR;Million euro;HF11;Government schemes;PT;Portugal;2015;2015;336.89
A;Annual;EUR_HAB;Euro per inhabitant;HF11;Government schemes;PT;Portugal;2015;2015;335.87
A;Annual;MIO_NAC;Million units of national currency;HF11;Government schemes;PT;Portugal;2015;2015;355.57
A;Annual;NAC_HAB;National currency per inhabitant;HF11;Government schemes;PT;Portugal;2015;2015;376.52
A;Annual;MIO_PPS;Million purchasing power standards (PPS);HF11;Government schemes;PT;Portugal;2015;2015;397.62
A;Annual;PPS_HAB;Purchasing power standard (PPS) per inhabitant;HF11;Government schemes;PT;Portugal;2015;2015;420.61
A;Annual;PC_GDP;Percentage of gross domestic product (GDP);HF11;Government schemes;PT;Portugal;2015;2015;437.28
A;Annual;PC_CHE;Percentual share of total current health expenditure (CHE);HF11;Government schemes;PT;Portugal;2015;2015;441.39
A;Annual;MIO_EUR;Million euro;HF12_13;Compulsory contributory health insurance schemes and compulsory medical saving accounts (CMSA);PT;Portugal;2015;2015;429.34
A;Annual;EUR_HAB;Euro per inhabitant;HF12_13;Compulsory contributory health insurance schemes and compulsory medical saving accounts (CMSA);PT;Portugal;2015;2015;493.04
A;Annual;MIO_NAC;Million units of national currency;HF12_13;Compulsory contributory health insurance schemes and compulsory medical saving accounts (CMSA);PT;Portugal;2015;2015;519.58
A;Annual;NAC_HAB;National currency per inhabitant;HF12_13;Compulsory contributory health insurance schemes and compulsory medical saving accounts (CMSA);PT;Portugal;2015;2015;519.87
A;Annual;MIO_PPS;Million purchasing power standards (PPS);HF12_13;Compulsory contributory health insurance schemes and compulsory medical saving accounts (CMSA);PT;Portugal;2015;2015;534.19
A;Annual;PPS_HAB;Purchasing power standard (PPS) per inhabitant;HF12_13;Compulsory contributory health insurance schemes and compulsory medical saving accounts (CMSA);PT;Portugal;2015;2015;553.75
A;Annual;PC_GDP;Percentage of gross domestic product (GDP);HF12_13;Compulsory contributory health insurance schemes and compulsory medical saving accounts (CMSA);PT;Portugal;2015;2015;534.92
A;Annual;PC_CHE;Percentual share of total current health expenditure (CHE);HF12_13;Compulsory contributory health insurance schemes and compulsory medical saving accounts (CMSA);PT;Portugal;2015;2015;526.41
A;Annual;MIO_EUR;Million euro;HF121;Social health insurance schemes;PT;Portugal;2015;2015;540.84
A;Annual;EUR_HAB;Euro per inhabitant;HF121;Social health insurance schemes;PT;Portugal;2015;2015;536.81
A;Annual;MIO_NAC;Million units of national currency;HF121;Social health insurance schemes;PT;Portugal;2015;2015;510.02
A;Annual;NAC_HAB;National currency per inhabitant;HF121;Social health insurance schemes;PT;Portugal;2015;2015;555.83
A;Annual;MIO_PPS;Million purchasing power standards (PPS);HF121;Social health insurance schemes;PT;Portugal;2015;2015;575.04
A;Annual;PPS_HAB;Purchasing power standard (PPS) per inhabitant;HF121;Social health insurance schemes;PT;Portugal;2015;2015;607.46
A;Annual;PC_GDP;Percentage of gross domestic product (GDP);HF121;Social health insurance schemes;PT;Portugal;2015;2015;
A;Annual;PC_CHE;Percentual share of total current health expenditure (CHE);HF121;Social health insurance schemes;PT;Portugal;2015;2015;
A;Annual;MIO_EUR;Million euro;HF122;Compulsory private insurance scheme;PT;Portugal;2015;2015;
A;Annual;EUR_HAB;Euro per inhabitant;HF122;Compulsory private insurance scheme;PT;Portugal;2015;2015;
A;Annual;MIO_NAC;Million units of national currency;HF122;Compulsory private insurance scheme;PT;Portugal;2015;2015;
A;Annual;NAC_HAB;National currency per inhabitant;HF122;Compulsory private insurance scheme;PT;Portugal;2015;2015;
A;Annual;MIO_PPS;Million purchasing power standards (PPS);HF122;Compulsory private insurance scheme;PT;Portugal;2015;2015;
A;Annual;PPS_HAB;Purchasing power standard (PPS) per inhabitant;HF122;Compulsory private insurance scheme;PT;Portugal;2015;2015;
A;Annual;PC_GDP;Percentage of gross domestic product (GDP);HF122;Compulsory private insurance scheme;PT;Portugal;2015;2015;
A;Annual;PC_CHE;Percentual share of total current health expenditure (CHE);HF122;Compulsory private insurance scheme;PT;Portugal;2015;2015;
A;Annual;MIO_EUR;Million euro;HF13;Compulsory medical savings accounts (CMSA);PT;Portugal;2015;2015;
A;Annual;EUR_HAB;Euro per inhabitant;HF13;Compulsory medical savings accounts (CMSA);PT;Portugal;2015;2015;
A;Annual;MIO_NAC;Million units of national currency;HF13;Compulsory medical savings accounts (CMSA);PT;Portugal;2015;2015;
A;Annual;NAC_HAB;National currency per inhabitant;HF13;Compulsory medical savings accounts (CMSA);PT;Portugal;2015;2015;
A;Annual;MIO_PPS;Million purchasing power standards (PPS);HF13;Compulsory medical savings accounts (CMSA);PT;Portugal;2015;2015;
A;Annual;PPS_HAB;Purchasing power standard (PPS) per inhabitant;HF13;Compulsory medical savings accounts (CMSA);PT;Portugal;2015;2015;
A;Annual;PC_GDP;Percentage of gross domestic product (GDP);HF13;Compulsory medical savings accounts (CMSA);PT;Portugal;2015;2015;
A;Annual;PC_CHE;Percentual share of total current health expenditure (CHE);HF13;Compulsory medical savings accounts (CMSA);PT;Portugal;2015;2015;
A;Annual;MIO_EUR;Million euro;HF2;Voluntary health care payment schemes;PT;Portugal;2015;2015;
A;Annual;EUR_HAB;Euro per inhabitant;HF2;Voluntary health care payment schemes;PT;Portugal;2015;2015;
A;Annual;MIO_NAC;Million units of national currency;HF2;Voluntary health care payment schemes;PT;Portugal;2015;2015;465.65
A;Annual;NAC_HAB;National currency per inhabitant;HF2;Voluntary health care payment schemes;PT;Portugal;2015;2015;471.54
A;Annual;MIO_PPS;Million purchasing power standards (PPS);HF2;Voluntary health care payment schemes;PT;Portugal;2015;2015;468.63
A;Annual;PPS_HAB;Purchasing power standard (PPS) per inhabitant;HF2;Voluntary health care payment schemes;PT;Portugal;2015;2015;473.66
A;Annual;PC_GDP;Percentage of gross domestic product (GDP);HF2;Voluntary health care payment schemes;PT;Portugal;2015;2015;482.48
A;Annual;PC_CHE;Percentual share of total current health expenditure (CHE);HF2;Voluntary health care payment schemes;PT;Portugal;2015;2015;469.64
A;Annual;MIO_EUR;Million euro;HF21;Voluntary health insurance schemes;PT;Portugal;2015;2015;476.35
A;Annual;EUR_HAB;Euro per inhabitant;HF21;Voluntary health insurance schemes;PT;Portugal;2015;2015;470.87
A;Annual;MIO_NAC;Million units of national currency;HF21;Voluntary health insurance schemes;PT;Portugal;2015;2015;475.82
A;Annual;NAC_HAB;National currency per inhabitant;HF21;Voluntary health insurance schemes;PT;Portugal;2015;2015;484.6
A;Annual;MIO_PPS;Million purchasing power standards (PPS);HF21;Voluntary health insurance schemes;PT;Portugal;2015;2015;518.36
A;Annual;PPS_HAB;Purchasing power standard (PPS) per inhabitant;HF21;Voluntary health insurance schemes;PT;Portugal;2015;2015;511.27
A;Annual;PC_GDP;Percentage of gross domestic product (GDP);HF21;Voluntary health insurance schemes;PT;Portugal;2015;2015;573.47
A;Annual;PC_CHE;Percentual share of total current health expenditure (CHE);HF21;Voluntary health insurance schemes;PT;Portugal;2015;2015;
A;Annual;MIO_EUR;Million euro;HF22;NPISH financing schemes;PT;Portugal;2015;2015;
A;Annual;EUR_HAB;Euro per inhabitant;HF22;NPISH financing schemes;PT;Portugal;2015;2015;
A;Annual;MIO_NAC;Million units of national currency;HF22;NPISH financing schemes;PT;Portugal;2015;2015;
A;Annual;NAC_HAB;National currency per inhabitant;HF22;NPISH financing schemes;PT;Portugal;2015;2015;
A;Annual;MIO_PPS;Million purchasing power standards (PPS);HF22;NPISH financing schemes;PT;Portugal;2015;2015;
A;Annual;PPS_HAB;Purchasing power standard (PPS) per inhabitant;HF22;NPISH financing schemes;PT;Portugal;2015;2015;
A;Annual;PC_GDP;Percentage of gross domestic product (GDP);HF22;NPISH financing schemes;PT;Portugal;2015;2015;
A;Annual;PC_CHE;Percentual share of total current health expenditure (CHE);HF22;NPISH financing schemes;PT;Portugal;2015;2015;
A;Annual;MIO_EUR;Million euro;HF23;Enterprise financing schemes;PT;Portugal;2015;2015;
A;Annual;EUR_HAB;Euro per inhabitant;HF23;Enterprise financing schemes;PT;Portugal;2015;2015;
A;Annual;MIO_NAC;Million units of national currency;HF23;Enterprise financing schemes;PT;Portugal;2015;2015;
A;Annual;NAC_HAB;National currency per inhabitant;HF23;Enterprise financing schemes;PT;Portugal;2015;2015;
A;Annual;MIO_PPS;Million purchasing power standards (PPS);HF23;Enterprise financing schemes;PT;Portugal;2015;2015;
A;Annual;PPS_HAB;Purchasing power standard (PPS) per inhabitant;HF23;Enterprise financing schemes;PT;Portugal;2015;2015;
A;Annual;PC_GDP;Percentage of gross domestic product (GDP);HF23;Enterprise financing schemes;PT;Portugal;2015;2015;
A;Annual;PC_CHE;Percentual share of total current health expenditure (CHE);HF23;Enterprise financing schemes;PT;Portugal;2015;2015;
A;Annual;MIO_EUR;Million euro;HF3;Household out-of-pocket payment;PT;Portugal;2015;2015;
A;Annual;EUR_HAB;Euro per inhabitant;HF3;Household out-of-pocket payment;PT;Portugal;2015;2015;
A;Annual;MIO_NAC;Million units of national currency;HF3;Household out-of-pocket payment;PT;Portugal;2015;2015;
A;Annual;NAC_HAB;National currency per inhabitant;HF3;Household out-of-pocket payment;PT;Portugal;2015;2015;
A;Annual;MIO_PPS;Million purchasing power standards (PPS);HF3;Household out-of-pocket payment;PT;Portugal;2015;2015;
A;Annual;PPS_HAB;Purchasing power standard (PPS) per inhabitant;HF3;Household out-of-pocket payment;PT;Portugal;2015;2015;
A;Annual;PC_GDP;Percentage of gross domestic product (GDP);HF3;Household out-of-pocket payment;PT;Portugal;2015;2015;
A;Annual;PC_CHE;Percentual share of total current health expenditure (CHE);HF3;Household out-of-pocket payment;PT;Portugal;2015;2015;
A;Annual;MIO_EUR;Million euro;HF31;Out-of-pocket excluding cost-sharing;PT;Portugal;2015;2015;
A;Annual;EUR_HAB;Euro per inhabitant;HF31;Out-of-pocket excluding cost-sharing;PT;Portugal;2015;2015;
A;Annual;MIO_NAC;Million units of national currency;HF31;Out-of-pocket excluding cost-sharing;PT;Portugal;2015;2015;
A;Annual;NAC_HAB;National currency per inhabitant;HF31;Out-of-pocket excluding cost-sharing;PT;Portugal;2015;2015;
A;Annual;MIO_PPS;Million purchasing power standards (PPS);HF31;Out-of-pocket excluding cost-sharing;PT;Portugal;2015;2015;
A;Annual;PPS_HAB;Purchasing power standard (PPS) per inhabitant;HF31;Out-of-pocket excluding cost-sharing;PT;Portugal;2015;2015;
A;Annual;PC_GDP;Percentage of gross domestic product (GDP);HF31;Out-of-pocket excluding cost-sharing;PT;Portugal;2015;2015;
A;Annual;PC_CHE;Percentual share of total current health expenditure (CHE);HF31;Out-of-pocket excluding cost-sharing;PT;Portugal;2015;2015;
A;Annual;MIO_EUR;Million euro;HF32;Cost sharing with third-party payers;PT;Portugal;2015;2015;
A;Annual;EUR_HAB;Euro per inhabitant;HF32;Cost sharing with third-party payers;PT;Portugal;2015;2015;
A;Annual;MIO_NAC;Million units of national currency;HF32;Cost sharing with third-party payers;PT;Portugal;2015;2015;
A;Annual;NAC_HAB;National currency per inhabitant;HF32;Cost sharing with third-party payers;PT;Portugal;2015;2015;
A;Annual;MIO_PPS;Million purchasing power standards (PPS);HF32;Cost sharing with third-party payers;PT;Portugal;2015;2015;
A;Annual;PPS_HAB;Purchasing power standard (PPS) per inhabitant;HF32;Cost sharing with third-party payers;PT;Portugal;2015;2015;
A;Annual;PC_GDP;Percentage of gross domestic product (GDP);HF32;Cost sharing with third-party payers;PT;Portugal;2015;2015;
A;Annual;PC_CHE;Percentual share of total current health expenditure (CHE);HF32;Cost sharing with third-party payers;PT;Portugal;2015;2015;
A;Annual;MIO_EUR;Million euro;HF4;Rest of the world financing schemes (non-resident);PT;Portugal;2015;2015;
A;Annual;EUR_HAB;Euro per inhabitant;HF4;Rest of the world financing schemes (non-resident);PT;Portugal;2015;2015;
A;Annual;MIO_NAC;Million units of national currency;HF4;Rest of the world financing schemes (non-resident);PT;Portugal;2015;2015;
A;Annual;NAC_HAB;National currency per inhabitant;HF4;Rest of the world financing schemes (non-resident);PT;Portugal;2015;2015;
A;Annual;MIO_PPS;Million purchasing power standards (PPS);HF4;Rest of the world financing schemes (non-resident);PT;Portugal;2015;2015;446.5
A;Annual;PPS_HAB;Purchasing power standard (PPS) per inhabitant;HF4;Rest of the world financing schemes (non-resident);PT;Portugal;2015;2015;475.28
A;Annual;PC_GDP;Percentage of gross domestic product (GDP);HF4;Rest of the world financing schemes (non-resident);PT;Portugal;2015;2015;496.93
A;Annual;PC_CHE;Percentual share of total current health expenditure (CHE);HF4;Rest of the world financing schemes (non-resident);PT;Portugal;2015;2015;515.83
A;Annual;MIO_EUR;Million euro;HF_UNK;Financing schemes unknown;PT;Portugal;2015;2015;545.41
A;Annual;EUR_HAB;Euro per inhabitant;HF_UNK;Financing schemes unknown;PT;Portugal;2015;2015;562.47
A;Annual;MIO_NAC;Million units of national currency;HF_UNK;Financing schemes unknown;PT;Portugal;2015;2015;553.09
A;Annual;NAC_HAB;National currency per inhabitant;HF_UNK;Financing schemes unknown;PT;Portugal;2015;2015;547.93
A;Annual;MIO_PPS;Million purchasing power standards (PPS);HF_UNK;Financing schemes unknown;PT;Portugal;2015;2015;573.75
A;Annual;PPS_HAB;Purchasing power standard (PPS) per inhabitant;HF_UNK;Financing schemes unknown;PT;Portugal;2015;2015;576.07
A;Annual;PC_GDP;Percentage of gross domestic product (GDP);HF_UNK;Financing schemes unknown;PT;Portugal;2015;2015;587.51
A;Annual;PC_CHE;Percentual share of total current health expenditure (CHE);HF_UNK;Financing schemes unknown;PT;Portugal;2015;2015;600.54
A;Annual;MIO_EUR;Million euro;TOT_HF;All financing schemes;PT;Portugal;2016;2016;
A;Annual;EUR_HAB;Euro per inhabitant;TOT_HF;All financing schemes;PT;Portugal;2016;2016;
A;Annual;MIO_NAC;Million units of national currency;TOT_HF;All financing schemes;PT;Portugal;2016;2016;
A;Annual;NAC_HAB;National currency per inhabitant;TOT_HF;All financing schemes;PT;Portugal;2016;2016;
A;Annual;MIO_PPS;Million purchasing power standards (PPS);TOT_HF;All financing schemes;PT;Portugal;2016;2016;
A;Annual;PPS_HAB;Purchasing power standard (PPS) per inhabitant;TOT_HF;All financing schemes;PT;Portugal;2016;2016;
A;Annual;PC_GDP;Percentage of gross domestic product (GDP);TOT_HF;All financing schemes;PT;Portugal;2016;2016;
A;Annual;PC_CHE;Percentual share of total current health expenditure (CHE);TOT_HF;All financing schemes;PT;Portugal;2016;2016;
A;Annual;MIO_EUR;Million euro;HF1;Government schemes and compulsory contributory health care financing schemes;PT;Portugal;2016;2016;
A;Annual;EUR_HAB;Euro per inhabitant;HF1;Government schemes and compulsory contributory health care financing schemes;PT;Portugal;2016;2016;
A;Annual;MIO_NAC;Million units of national currency;HF1;Government schemes and compulsory contributory health care financing schemes;PT;Portugal;2016;2016;
A;Annual;NAC_HAB;National currency per inhabitant;HF1;Government schemes and compulsory contributory health care financing schemes;PT;Portugal;2016;2016;
A;Annual;MIO_PPS;Million purchasing power standards (PPS);HF1;Government schemes and compulsory contributory health care financing schemes;PT;Portugal;2016;2016;
A;Annual;PPS_HAB;Purchasing power standard (PPS) per inhabitant;HF1;Government schemes and compulsory contributory health care financing schemes;PT;Portugal;2016;2016;
A;Annual;PC_GDP;Percentage of gross domestic product (GDP);HF1;Government schemes and compulsory contributory health care financing schemes;PT;Portugal;2016;2016;
A;Annual;PC_CHE;Percentual share of total current health expenditure (CHE);HF1;Government schemes and compulsory contributory health care financing schemes;PT;Portugal;2016;2016;
A;Annual;MIO_EUR;Million euro;HF11;Government schemes;PT;Portugal;2016;2016;
A;Annual;EUR_HAB;Euro per inhabitant;HF11;Government schemes;PT;Portugal;2016;2016;
A;Annual;MIO_NAC;Million units of national currency;HF11;Government schemes;PT;Portugal;2016;2016;
A;Annual;NAC_HAB;National currency per inhabitant;HF11;Government schemes;PT;Portugal;2016;2016;
A;Annual;MIO_PPS;Million purchasing power standards (PPS);HF11;Government schemes;PT;Portugal;2016;2016;
A;Annual;PPS_HAB;Purchasing power standard (PPS) per inhabitant;HF11;Government schemes;PT;Portugal;2016;2016;
A;Annual;PC_GDP;Percentage of gross domestic product (GDP);HF11;Government schemes;PT;Portugal;2016;2016;
A;Annual;PC_CHE;Percentual share of total current health expenditure (CHE);HF11;Government schemes;PT;Portugal;2016;2016;
A;Annual;MIO_EUR;Million euro;HF12_13;Compulsory contributory health insurance schemes and compulsory medical saving accounts (CMSA);PT;Portugal;2016;2016;
A;Annual;EUR_HAB;Euro per inhabitant;HF12_13;Compulsory contributory health insurance schemes and compulsory medical saving accounts (CMSA);PT;Portugal;2016;2016;
A;Annual;MIO_NAC;Million units of national currency;HF12_13;Compulsory contributory health insurance schemes and compulsory medical saving accounts (CMSA);PT;Portugal;2016;2016;
A;Annual;NAC_HAB;National currency per inhabitant;HF12_13;Compulsory contributory health insurance schemes and compulsory medical saving accounts (CMSA);PT;Portugal;2016;2016;
A;Annual;MIO_PPS;Million purchasing power standards (PPS);HF12_13;Compulsory contributory health insurance schemes and compulsory medical saving accounts (CMSA);PT;Portugal;2016;2016;
A;Annual;PPS_HAB;Purchasing power standard (PPS) per inhabitant;HF12_13;Compulsory contributory health insurance schemes and compulsory medical saving accounts (CMSA);PT;Portugal;2016;2016;
A;Annual;PC_GDP;Percentage of gross domestic product (GDP);HF12_13;Compulsory contributory health insurance schemes and compulsory medical saving accounts (CMSA);PT;Portugal;2016;2016;
A;Annual;PC_CHE;Percentual share of total current health expenditure (CHE);HF12_13;Compulsory contributory health insurance schemes and compulsory medical saving accounts (CMSA);PT;Portugal;2016;2016;
A;Annual;MIO_EUR;Million euro;HF121;Social health insurance schemes;PT;Portugal;2016;2016;
A;Annual;EUR_HAB;Euro per inhabitant;HF121;Social health insurance schemes;PT;Portugal;2016;2016;
A;Annual;MIO_NAC;Million units of national currency;HF121;Social health insurance schemes;PT;Portugal;2016;2016;
A;Annual;NAC_HAB;National currency per inhabitant;HF121;Social health insurance schemes;PT;Portugal;2016;2016;
A;Annual;MIO_PPS;Million purchasing power standards (PPS);HF121;Social health insurance schemes;PT;Portugal;2016;2016;
A;Annual;PPS_HAB;Purchasing power standard (PPS) per inhabitant;HF121;Social health insurance schemes;PT;Portugal;2016;2016;
A;Annual;PC_GDP;Percentage of gross domestic product (GDP);HF121;Social health insurance schemes;PT;Portugal;2016;2016;
A;Annual;PC_CHE;Percentual share of total current health expenditure (CHE);HF121;Social health insurance schemes;PT;Portugal;2016;2016;
A;Annual;MIO_EUR;Million euro;HF122;Compulsory private insurance scheme;PT;Portugal;2016;2016;
A;Annual;EUR_HAB;Euro per inhabitant;HF122;Compulsory private insurance scheme;PT;Portugal;2016;2016;
A;Annual;MIO_NAC;Million units of national currency;HF122;Compulsory private insurance scheme;PT;Portugal;2016;2016;
A;Annual;NAC_HAB;National currency per inhabitant;HF122;Compulsory private insurance scheme;PT;Portugal;2016;2016;
A;Annual;MIO_PPS;Million purchasing power standards (PPS);HF122;Compulsory private insurance scheme;PT;Portugal;2016;2016;
A;Annual;PPS_HAB;Purchasing power standard (PPS) per inhabitant;HF122;Compulsory private insurance scheme;PT;Portugal;2016;2016;
A;Annual;PC_GDP;Percentage of gross domestic product (GDP);HF122;Compulsory private insurance scheme;PT;Portugal;2016;2016;
A;Annual;PC_CHE;Percentual share of total current health expenditure (CHE);HF122;Compulsory private insurance scheme;PT;Portugal;2016;2016;
A;Annual;MIO_EUR;Million euro;HF13;Compulsory medical savings accounts (CMSA);PT;Portugal;2016;2016;
A;Annual;EUR_HAB;Euro per inhabitant;HF13;Compulsory medical savings accounts (CMSA);PT;Portugal;2016;2016;
A;Annual;MIO_NAC;Million units of national currency;HF13;Compulsory medical savings accounts (CMSA);PT;Portugal;2016;2016;
A;Annual;NAC_HAB;National currency per inhabitant;HF13;Compulsory medical savings accounts (CMSA);PT;Portugal;2016;2016;
A;Annual;MIO_PPS;Million purchasing power standards (PPS);HF13;Compulsory medical savings accounts (CMSA);PT;Portugal;2016;2016;
A;Annual;PPS_HAB;Purchasing power standard (PPS) per inhabitant;HF13;Compulsory medical savings accounts (CMSA);PT;Portugal;2016;2016;
A;Annual;PC_GDP;Percentage of gross domestic product (GDP);HF13;Compulsory medical savings accounts (CMSA);PT;Portugal;2016;2016;
A;Annual;PC_CHE;Percentual share of total current health expenditure (CHE);HF13;Compulsory medical savings accounts (CMSA);PT;Portugal;2016;2016;
A;Annual;MIO_EUR;Million euro;HF2;Voluntary health care payment schemes;PT;Portugal;2016;2016;
A;Annual;EUR_HAB;Euro per inhabitant;HF2;Voluntary health care payment schemes;PT;Portugal;2016;2016;
A;Annual;MIO_NAC;Million units of national currency;HF2;Voluntary health care payment schemes;PT;Portugal;2016;2016;
A;Annual;NAC_HAB;National currency per inhabitant;HF2;Voluntary health care payment schemes;PT;Portugal;2016;2016;
A;Annual;MIO_PPS;Million purchasing power standards (PPS);HF2;Voluntary health care payment schemes;PT;Portugal;2016;2016;
A;Annual;PPS_HAB;Purchasing power standard (PPS) per inhabitant;HF2;Voluntary health care payment schemes;PT;Portugal;2016;2016;
A;Annual;PC_GDP;Percentage of gross domestic product (GDP);HF2;Voluntary health care payment schemes;PT;Portugal;2016;2016;
A;Annual;PC_CHE;Percentual share of total current health expenditure (CHE);HF2;Voluntary health care payment schemes;PT;Portugal;2016;2016;
A;Annual;MIO_EUR;Million euro;HF21;Voluntary health insurance schemes;PT;Portugal;2016;2016;
A;Annual;EUR_HAB;Euro per inhabitant;HF21;Voluntary health insurance schemes;PT;Portugal;2016;2016;
A;Annual;MIO_NAC;Million units of national currency;HF21;Voluntary health insurance schemes;PT;Portugal;2016;2016;
A;Annual;NAC_HAB;National currency per inhabitant;HF21;Voluntary health insurance schemes;PT;Portugal;2016;2016;
A;Annual;MIO_PPS;Million purchasing power standards (PPS);HF21;Voluntary health insurance schemes;PT;Portugal;2016;2016;
A;Annual;PPS_HAB;Purchasing power standard (PPS) per inhabitant;HF21;Voluntary health insurance schemes;PT;Portugal;2016;2016;
A;Annual;PC_GDP;Percentage of gross domestic product (GDP);HF21;Voluntary health insurance schemes;PT;Portugal;2016;2016;
A;Annual;PC_CHE;Percentual share of total current health expenditure (CHE);HF21;Voluntary health insurance schemes;PT;Portugal;2016;2016;
A;Annual;MIO_EUR;Million euro;HF22;NPISH financing schemes;PT;Portugal;2016;2016;
A;Annual;EUR_HAB;Euro per inhabitant;HF22;NPISH financing schemes;PT;Portugal;2016;2016;
A;Annual;MIO_NAC;Million units of national currency;HF22;NPISH financing schemes;PT;Portugal;2016;2016;
A;Annual;NAC_HAB;National currency per inhabitant;HF22;NPISH financing schemes;PT;Portugal;2016;2016;0.0
A;Annual;MIO_PPS;Million purchasing power standards (PPS);HF22;NPISH financing schemes;PT;Portugal;2016;2016;
A;Annual;PPS_HAB;Purchasing power standard (PPS) per inhabitant;HF22;NPISH financing schemes;PT;Portugal;2016;2016;
A;Annual;PC_GDP;Percentage of gross domestic product (GDP);HF22;NPISH financing schemes;PT;Portugal;2016;2016;
A;Annual;PC_CHE;Percentual share of total current health expenditure (CHE);HF22;NPISH financing schemes;PT;Portugal;2016;2016;0.0
A;Annual;MIO_EUR;Million euro;HF23;Enterprise financing schemes;PT;Portugal;2016;2016;0.0
A;Annual;EUR_HAB;Euro per inhabitant;HF23;Enterprise financing schemes;PT;Portugal;2016;2016;
A;Annual;MIO_NAC;Million units of national currency;HF23;Enterprise financing schemes;PT;Portugal;2016;2016;
A;Annual;NAC_HAB;National currency per inhabitant;HF23;Enterprise financing schemes;PT;Portugal;2016;2016;
A;Annual;MIO_PPS;Million purchasing power standards (PPS);HF23;Enterprise financing schemes;PT;Portugal;2016;2016;
A;Annual;PPS_HAB;Purchasing power standard (PPS) per inhabitant;HF23;Enterprise financing schemes;PT;Portugal;2016;2016;
A;Annual;PC_GDP;Percentage of gross domestic product (GDP);HF23;Enterprise financing schemes;PT;Portugal;2016;2016;
A;Annual;PC_CHE;Percentual share of total current health expenditure (CHE);HF23;Enterprise financing schemes;PT;Portugal;2016;2016;
A;Annual;MIO_EUR;Million euro;HF3;Household out-of-pocket payment;PT;Portugal;2016;2016;
A;Annual;EUR_HAB;Euro per inhabitant;HF3;Household out-of-pocket payment;PT;Portugal;2016;2016;
A;Annual;MIO_NAC;Million units of national currency;HF3;Household out-of-pocket payment;PT;Portugal;2016;2016;
A;Annual;NAC_HAB;National currency per inhabitant;HF3;Household out-of-pocket payment;PT;Portugal;2016;2016;
A;Annual;MIO_PPS;Million purchasing power standards (PPS);HF3;Household out-of-pocket payment;PT;Portugal;2016;2016;
A;Annual;PPS_HAB;Purchasing power standard (PPS) per inhabitant;HF3;Household out-of-pocket payment;PT;Portugal;2016;2016;
A;Annual;PC_GDP;Percentage of gross domestic product (GDP);HF3;Household out-of-pocket payment;PT;Portugal;2016;2016;
A;Annual;PC_CHE;Percentual share of total current health expenditure (CHE);HF3;Household out-of-pocket payment;PT;Portugal;2016;2016;
A;Annual;MIO_EUR;Million euro;HF31;Out-of-pocket excluding cost-sharing;PT;Portugal;2016;2016;
A;Annual;EUR_HAB;Euro per inhabitant;HF31;Out-of-pocket excluding cost-sharing;PT;Portugal;2016;2016;
A;Annual;MIO_NAC;Million units of national currency;HF31;Out-of-pocket excluding cost-sharing;PT;Portugal;2016;2016;
A;Annual;NAC_HAB;National currency per inhabitant;HF31;Out-of-pocket excluding cost-sharing;PT;Portugal;2016;2016;
A;Annual;MIO_PPS;Million purchasing power standards (PPS);HF31;Out-of-pocket excluding cost-sharing;PT;Portugal;2016;2016;
A;Annual;PPS_HAB;Purchasing power standard (PPS) per inhabitant;HF31;Out-of-pocket excluding cost-sharing;PT;Portugal;2016;2016;
A;Annual;PC_GDP;Percentage of gross domestic product (GDP);HF31;Out-of-pocket excluding cost-sharing;PT;Portugal;2016;2016;
A;Annual;PC_CHE;Percentual share of total current health expenditure (CHE);HF31;Out-of-pocket excluding cost-sharing;PT;Portugal;2016;2016;
A;Annual;MIO_EUR;Million euro;HF32;Cost sharing with third-party payers;PT;Portugal;2016;2016;
A;Annual;EUR_HAB;Euro per inhabitant;HF32;Cost sharing with third-party payers;PT;Portugal;2016;2016;
A;Annual;MIO_NAC;Million units of national currency;HF32;Cost sharing with third-party payers;PT;Portugal;2016;2016;
A;Annual;NAC_HAB;National currency per inhabitant;HF32;Cost sharing with third-party payers;PT;Portugal;2016;2016;
A;Annual;MIO_PPS;Million purchasing power standards (PPS);HF32;Cost sharing with third-party payers;PT;Portugal;2016;2016;
A;Annual;PPS_HAB;Purchasing power standard (PPS) per inhabitant;HF32;Cost sharing with third-party payers;PT;Portugal;2016;2016;
A;Annual;PC_GDP;Percentage of gross domestic product (GDP);HF32;Cost sharing with third-party payers;PT;Portugal;2016;2016;0.0
A;Annual;PC_CHE;Percentual share of total current health expenditure (CHE);HF32;Cost sharing with third-party payers;PT;Portugal;2016;2016;
A;Annual;MIO_EUR;Million euro;HF4;Rest of the world financing schemes (non-resident);PT;Portugal;2016;2016;
A;Annual;EUR_HAB;Euro per inhabitant;HF4;Rest of the world financing schemes (non-resident);PT;Portugal;2016;2016;
A;Annual;MIO_NAC;Million units of national currency;HF4;Rest of the world financing schemes (non-resident);PT;Portugal;2016;2016;
A;Annual;NAC_HAB;National currency per inhabitant;HF4;Rest of the world financing schemes (non-resident);PT;Portugal;2016;2016;
A;Annual;MIO_PPS;Million purchasing power standards (PPS);HF4;Rest of the world financing schemes (non-resident);PT;Portugal;2016;2016;
A;Annual;PPS_HAB;Purchasing power standard (PPS) per inhabitant;HF4;Rest of the world financing schemes (non-resident);PT;Portugal;2016;2016;
A;Annual;PC_GDP;Percentage of gross domestic product (GDP);HF4;Rest of the world financing schemes (non-resident);PT;Portugal;2016;2016;
A;Annual;PC_CHE;Percentual share of total current health expenditure (CHE);HF4;Rest of the world financing schemes (non-resident);PT;Portugal;2016;2016;
A;Annual;MIO_EUR;Million euro;HF_UNK;Financing schemes unknown;PT;Portugal;2016;2016;
A;Annual;EUR_HAB;Euro per inhabitant;HF_UNK;Financing schemes unknown;PT;Portugal;2016;2016;
A;Annual;MIO_NAC;Million units of national currency;HF_UNK;Financing schemes unknown;PT;Portugal;2016;2016;
A;Annual;NAC_HAB;National currency per inhabitant;HF_UNK;Financing schemes unknown;PT;Portugal;2016;2016;
A;Annual;MIO_PPS;Million purchasing power standards (PPS);HF_UNK;Financing schemes unknown;PT;Portugal;2016;2016;
A;Annual;PPS_HAB;Purchasing power standard (PPS) per inhabitant;HF_UNK;Financing schemes unknown;PT;Portugal;2016;2016;
A;Annual;PC_GDP;Percentage of gross domestic product (GDP);HF_UNK;Financing schemes unknown;PT;Portugal;2016;2016;
A;Annual;PC_CHE;Percentual share of total current health expenditure (CHE);HF_UNK;Financing schemes unknown;PT;Portugal;2016;2016;
A;Annual;MIO_EUR;Million euro;TOT_HF;All financing schemes;PT;Portugal;2017;2017;
A;Annual;EUR_HAB;Euro per inhabitant;TOT_HF;All financing schemes;PT;Portugal;2017;2017;
A;Annual;MIO_NAC;Million units of national currency;TOT_HF;All financing schemes;PT;Portugal;2017;2017;
A;Annual;NAC_HAB;National currency per inhabitant;TOT_HF;All financing schemes;PT;Portugal;2017;2017;
A;Annual;MIO_PPS;Million purchasing power standards (PPS);TOT_HF;All financing schemes;PT;Portugal;2017;2017;
A;Annual;PPS_HAB;Purchasing power standard (PPS) per inhabitant;TOT_HF;All financing schemes;PT;Portugal;2017;2017;
A;Annual;PC_GDP;Percentage of gross domestic product (GDP);TOT_HF;All financing schemes;PT;Portugal;2017;2017;
A;Annual;PC_CHE;Percentual share of total current health expenditure (CHE);TOT_HF;All financing schemes;PT;Portugal;2017;2017;
A;Annual;MIO_EUR;Million euro;HF1;Government schemes and compulsory contributory health care financing schemes;PT;Portugal;2017;2017;
A;Annual;EUR_HAB;Euro per inhabitant;HF1;Government schemes and compulsory contributory health care financing schemes;PT;Portugal;2017;2017;
A;Annual;MIO_NAC;Million units of national currency;HF1;Government schemes and compulsory contributory health care financing schemes;PT;Portugal;2017;2017;
A;Annual;NAC_HAB;National currency per inhabitant;HF1;Government schemes and compulsory contributory health care financing schemes;PT;Portugal;2017;2017;
A;Annual;MIO_PPS;Million purchasing power standards (PPS);HF1;Government schemes and compulsory contributory health care financing schemes;PT;Portugal;2017;2017;
A;Annual;PPS_HAB;Purchasing power standard (PPS) per inhabitant;HF1;Government schemes and compulsory contributory health care financing schemes;PT;Portugal;2017;2017;
A;Annual;PC_GDP;Percentage of gross domestic product (GDP);HF1;Government schemes and compulsory contributory health care financing schemes;PT;Portugal;2017;2017;4.55
A;Annual;PC_CHE;Percentual share of total current health expenditure (CHE);HF1;Government schemes and compulsory contributory health care financing schemes;PT;Portugal;2017;2017;4.18
A;Annual;MIO_EUR;Million euro;HF11;Government schemes;PT;Portugal;2017;2017;4.15
A;Annual;EUR_HAB;Euro per inhabitant;HF11;Government schemes;PT;Portugal;2017;2017;4.14
A;Annual;MIO_NAC;Million units of national currency;HF11;Government schemes;PT;Portugal;2017;2017;4.02
A;Annual;NAC_HAB;National currency per inhabitant;HF11;Government schemes;PT;Portugal;2017;2017;4.0
A;Annual;MIO_PPS;Million purchasing power standards (PPS);HF11;Government schemes;PT;Portugal;2017;2017;4.07
A;Annual;PPS_HAB;Purchasing power standard (PPS) per inhabitant;HF11;Government schemes;PT;Portugal;2017;2017;4.2
A;Annual;PC_GDP;Percentage of gross domestic product (GDP);HF11;Government schemes;PT;Portugal;2017;2017;4.39
A;Annual;PC_CHE;Percentual share of total current health expenditure (CHE);HF11;Government schemes;PT;Portugal;2017;2017;4.55
A;Annual;MIO_EUR;Million euro;HF12_13;Compulsory contributory health insurance schemes and compulsory medical saving accounts (CMSA);PT;Portugal;2017;2017;4.33
A;Annual;EUR_HAB;Euro per inhabitant;HF12_13;Compulsory contributory health insurance schemes and compulsory medical saving accounts (CMSA);PT;Portugal;2017;2017;4.41
A;Annual;MIO_NAC;Million units of national currency;HF12_13;Compulsory contributory health insurance schemes and compulsory medical saving accounts (CMSA);PT;Portugal;2017;2017;4.46
A;Annual;NAC_HAB;National currency per inhabitant;HF12_13;Compulsory contributory health insurance schemes and compulsory medical saving accounts (CMSA);PT;Portugal;2017;2017;4.68
A;Annual;MIO_PPS;Million purchasing power standards (PPS);HF12_13;Compulsory contributory health insurance schemes and compulsory medical saving accounts (CMSA);PT;Portugal;2017;2017;
A;Annual;PPS_HAB;Purchasing power standard (PPS) per inhabitant;HF12_13;Compulsory contributory health insurance schemes and compulsory medical saving accounts (CMSA);PT;Portugal;2017;2017;
A;Annual;PC_GDP;Percentage of gross domestic product (GDP);HF12_13;Compulsory contributory health insurance schemes and compulsory medical saving accounts (CMSA);PT;Portugal;2017;2017;
A;Annual;PC_CHE;Percentual share of total current health expenditure (CHE);HF12_13;Compulsory contributory health insurance schemes and compulsory medical saving accounts (CMSA);PT;Portugal;2017;2017;
A;Annual;MIO_EUR;Million euro;HF121;Social health insurance schemes;PT;Portugal;2017;2017;
A;Annual;EUR_HAB;Euro per inhabitant;HF121;Social health insurance schemes;PT;Portugal;2017;2017;
A;Annual;MIO_NAC;Million units of national currency;HF121;Social health insurance schemes;PT;Portugal;2017;2017;
A;Annual;NAC_HAB;National currency per inhabitant;HF121;Social health insurance schemes;PT;Portugal;2017;2017;
A;Annual;MIO_PPS;Million purchasing power standards (PPS);HF121;Social health insurance schemes;PT;Portugal;2017;2017;
A;Annual;PPS_HAB;Purchasing power standard (PPS) per inhabitant;HF121;Social health insurance schemes;PT;Portugal;2017;2017;
A;Annual;PC_GDP;Percentage of gross domestic product (GDP);HF121;Social health insurance schemes;PT;Portugal;2017;2017;
A;Annual;PC_CHE;Percentual share of total current health expenditure (CHE);HF121;Social health insurance schemes;PT;Portugal;2017;2017;
A;Annual;MIO_EUR;Million euro;HF122;Compulsory private insurance scheme;PT;Portugal;2017;2017;
A;Annual;EUR_HAB;Euro per inhabitant;HF122;Compulsory private insurance scheme;PT;Portugal;2017;2017;
A;Annual;MIO_NAC;Million units of national currency;HF122;Compulsory private insurance scheme;PT;Portugal;2017;2017;4.86
A;Annual;NAC_HAB;National currency per inhabitant;HF122;Compulsory private insurance scheme;PT;Portugal;2017;2017;4.26
A;Annual;MIO_PPS;Million purchasing power standards (PPS);HF122;Compulsory private insurance scheme;PT;Portugal;2017;2017;4.2
A;Annual;PPS_HAB;Purchasing power standard (PPS) per inhabitant;HF122;Compulsory private insurance scheme;PT;Portugal;2017;2017;4.26
A;Annual;PC_GDP;Percentage of gross domestic product (GDP);HF122;Compulsory private insurance scheme;PT;Portugal;2017;2017;4.4
A;Annual;PC_CHE;Percentual share of total current health expenditure (CHE);HF122;Compulsory private insurance scheme;PT;Portugal;2017;2017;4.38
A;Annual;MIO_EUR;Million euro;HF13;Compulsory medical savings accounts (CMSA);PT;Portugal;2017;2017;4.23
A;Annual;EUR_HAB;Euro per inhabitant;HF13;Compulsory medical savings accounts (CMSA);PT;Portugal;2017;2017;4.18
A;Annual;MIO_NAC;Million units of national currency;HF13;Compulsory medical savings accounts (CMSA);PT;Portugal;2017;2017;4.04
A;Annual;NAC_HAB;National currency per inhabitant;HF13;Compulsory medical savings accounts (CMSA);PT;Portugal;2017;2017;3.89
A;Annual;MIO_PPS;Million purchasing power standards (PPS);HF13;Compulsory medical savings accounts (CMSA);PT;Portugal;2017;2017;4.15
A;Annual;PPS_HAB;Purchasing power standard (PPS) per inhabitant;HF13;Compulsory medical savings accounts (CMSA);PT;Portugal;2017;2017;4.09
A;Annual;PC_GDP;Percentage of gross domestic product (GDP);HF13;Compulsory medical savings accounts (CMSA);PT;Portugal;2017;2017;4.0
A;Annual;PC_CHE;Percentual share of total current health expenditure (CHE);HF13;Compulsory medical savings accounts (CMSA);PT;Portugal;2017;2017;3.75
A;Annual;MIO_EUR;Million euro;HF2;Voluntary health care payment schemes;PT;Portugal;2017;2017;4.28
A;Annual;EUR_HAB;Euro per inhabitant;HF2;Voluntary health care payment schemes;PT;Portugal;2017;2017;4.25
A;Annual;MIO_NAC;Million units of national currency;HF2;Voluntary health care payment schemes;PT;Portugal;2017;2017;4.1
A;Annual;NAC_HAB;National currency per inhabitant;HF2;Voluntary health care payment schemes;PT;Portugal;2017;2017;3.96
A;Annual;MIO_PPS;Million purchasing power standards (PPS);HF2;Voluntary health care payment schemes;PT;Portugal;2017;2017;4.1
A;Annual;PPS_HAB;Purchasing power standard (PPS) per inhabitant;HF2;Voluntary health care payment schemes;PT;Portugal;2017;2017;
A;Annual;PC_GDP;Percentage of gross domestic product (GDP);HF2;Voluntary health care payment schemes;PT;Portugal;2017;2017;
A;Annual;PC_CHE;Percentual share of total current health expenditure (CHE);HF2;Voluntary health care payment schemes;PT;Portugal;2017;2017;
A;Annual;MIO_EUR;Million euro;HF21;Voluntary health insurance schemes;PT;Portugal;2017;2017;
A;Annual;EUR_HAB;Euro per inhabitant;HF21;Voluntary health insurance schemes;PT;Portugal;2017;2017;
A;Annual;MIO_NAC;Million units of national currency;HF21;Voluntary health insurance schemes;PT;Portugal;2017;2017;
A;Annual;NAC_HAB;National currency per inhabitant;HF21;Voluntary health insurance schemes;PT;Portugal;2017;2017;
A;Annual;MIO_PPS;Million purchasing power standards (PPS);HF21;Voluntary health insurance schemes;PT;Portugal;2017;2017;
A;Annual;PPS_HAB;Purchasing power standard (PPS) per inhabitant;HF21;Voluntary health insurance schemes;PT;Portugal;2017;2017;
A;Annual;PC_GDP;Percentage of gross domestic product (GDP);HF21;Voluntary health insurance schemes;PT;Portugal;2017;2017;
A;Annual;PC_CHE;Percentual share of total current health expenditure (CHE);HF21;Voluntary health insurance schemes;PT;Portugal;2017;2017;
A;Annual;MIO_EUR;Million euro;HF22;NPISH financing schemes;PT;Portugal;2017;2017;
A;Annual;EUR_HAB;Euro per inhabitant;HF22;NPISH financing schemes;PT;Portugal;2017;2017;
A;Annual;MIO_NAC;Million units of national currency;HF22;NPISH financing schemes;PT;Portugal;2017;2017;
A;Annual;NAC_HAB;National currency per inhabitant;HF22;NPISH financing schemes;PT;Portugal;2017;2017;
A;Annual;MIO_PPS;Million purchasing power standards (PPS);HF22;NPISH financing schemes;PT;Portugal;2017;2017;
A;Annual;PPS_HAB;Purchasing power standard (PPS) per inhabitant;HF22;NPISH financing schemes;PT;Portugal;2017;2017;
A;Annual;PC_GDP;Percentage of gross domestic product (GDP);HF22;NPISH financing schemes;PT;Portugal;2017;2017;
A;Annual;PC_CHE;Percentual share of total current health expenditure (CHE);HF22;NPISH financing schemes;PT;Portugal;2017;2017;
A;Annual;MIO_EUR;Million euro;HF23;Enterprise financing schemes;PT;Portugal;2017;2017;
A;Annual;EUR_HAB;Euro per inhabitant;HF23;Enterprise financing schemes;PT;Portugal;2017;2017;
A;Annual;MIO_NAC;Million units of national currency;HF23;Enterprise financing schemes;PT;Portugal;2017;2017;
A;Annual;NAC_HAB;National currency per inhabitant;HF23;Enterprise financing schemes;PT;Portugal;2017;2017;0.0
A;Annual;MIO_PPS;Million purchasing power standards (PPS);HF23;Enterprise financing schemes;PT;Portugal;2017;2017;0.0
A;Annual;PPS_HAB;Purchasing power standard (PPS) per inhabitant;HF23;Enterprise financing schemes;PT;Portugal;2017;2017;0.0
A;Annual;PC_GDP;Percentage of gross domestic product (GDP);HF23;Enterprise financing schemes;PT;Portugal;2017;2017;
A;Annual;PC_CHE;Percentual share of total current health expenditure (CHE);HF23;Enterprise financing schemes;PT;Portugal;2017;2017;0.0
A;Annual;MIO_EUR;Million euro;HF3;Household out-of-pocket payment;PT;Portugal;2017;2017;0.0
A;Annual;EUR_HAB;Euro per inhabitant;HF3;Household out-of-pocket payment;PT;Portugal;2017;2017;0.01
A;Annual;MIO_NAC;Million units of national currency;HF3;Household out-of-pocket payment;PT;Portugal;2017;2017;0.01
A;Annual;NAC_HAB;National currency per inhabitant;HF3;Household out-of-pocket payment;PT;Portugal;2017;2017;0.01
A;Annual;MIO_PPS;Million purchasing power standards (PPS);HF3;Household out-of-pocket payment;PT;Portugal;2017;2017;0.0
A;Annual;PPS_HAB;Purchasing power standard (PPS) per inhabitant;HF3;Household out-of-pocket payment;PT;Portugal;2017;2017;
A;Annual;PC_GDP;Percentage of gross domestic product (GDP);HF3;Household out-of-pocket payment;PT;Portugal;2017;2017;
A;Annual;PC_CHE;Percentual share of total current health expenditure (CHE);HF3;Household out-of-pocket payment;PT;Portugal;2017;2017;
A;Annual;MIO_EUR;Million euro;HF31;Out-of-pocket excluding cost-sharing;PT;Portugal;2017;2017;
A;Annual;EUR_HAB;Euro per inhabitant;HF31;Out-of-pocket excluding cost-sharing;PT;Portugal;2017;2017;
A;Annual;MIO_NAC;Million units of national currency;HF31;Out-of-pocket excluding cost-sharing;PT;Portugal;2017;2017;
A;Annual;NAC_HAB;National currency per inhabitant;HF31;Out-of-pocket excluding cost-sharing;PT;Portugal;2017;2017;
A;Annual;MIO_PPS;Million purchasing power standards (PPS);HF31;Out-of-pocket excluding cost-sharing;PT;Portugal;2017;2017;5.02
A;Annual;PPS_HAB;Purchasing power standard (PPS) per inhabitant;HF31;Out-of-pocket excluding cost-sharing;PT;Portugal;2017;2017;4.98
A;Annual;PC_GDP;Percentage of gross domestic product (GDP);HF31;Out-of-pocket excluding cost-sharing;PT;Portugal;2017;2017;4.95
A;Annual;PC_CHE;Percentual share of total current health expenditure (CHE);HF31;Out-of-pocket excluding cost-sharing;PT;Portugal;2017;2017;5.22
A;Annual;MIO_EUR;Million euro;HF32;Cost sharing with third-party payers;PT;Portugal;2017;2017;5.61
A;Annual;EUR_HAB;Euro per inhabitant;HF32;Cost sharing with third-party payers;PT;Portugal;2017;2017;5.9
A;Annual;MIO_NAC;Million units of national currency;HF32;Cost sharing with third-party payers;PT;Portugal;2017;2017;5.81
A;Annual;NAC_HAB;National currency per inhabitant;HF32;Cost sharing with third-party payers;PT;Portugal;2017;2017;5.75
A;Annual;MIO_PPS;Million purchasing power standards (PPS);HF32;Cost sharing with third-party payers;PT;Portugal;2017;2017;7.1
A;Annual;PPS_HAB;Purchasing power standard (PPS) per inhabitant;HF32;Cost sharing with third-party payers;PT;Portugal;2017;2017;7.08
A;Annual;PC_GDP;Percentage of gross domestic product (GDP);HF32;Cost sharing with third-party payers;PT;Portugal;2017;2017;7.13
A;Annual;PC_CHE;Percentual share of total current health expenditure (CHE);HF32;Cost sharing with third-party payers;PT;Portugal;2017;2017;7.71
A;Annual;MIO_EUR;Million euro;HF4;Rest of the world financing schemes (non-resident);PT;Portugal;2017;2017;7.9
A;Annual;EUR_HAB;Euro per inhabitant;HF4;Rest of the world financing schemes (non-resident);PT;Portugal;2017;2017;7.87
A;Annual;MIO_NAC;Million units of national currency;HF4;Rest of the world financing schemes (non-resident);PT;Portugal;2017;2017;8.06
A;Annual;NAC_HAB;National currency per inhabitant;HF4;Rest of the world financing schemes (non-resident);PT;Portugal;2017;2017;8.0
A;Annual;MIO_PPS;Million purchasing power standards (PPS);HF4;Rest of the world financing schemes (non-resident);PT;Portugal;2017;2017;7.95
A;Annual;PPS_HAB;Purchasing power standard (PPS) per inhabitant;HF4;Rest of the world financing schemes (non-resident);PT;Portugal;2017;2017;7.66
A;Annual;PC_GDP;Percentage of gross domestic product (GDP);HF4;Rest of the world financing schemes (non-resident);PT;Portugal;2017;2017;7.58
A;Annual;PC_CHE;Percentual share of total current health expenditure (CHE);HF4;Rest of the world financing schemes (non-resident);PT;Portugal;2017;2017;7.5
A;Annual;MIO_EUR;Million euro;HF_UNK;Financing schemes unknown;PT;Portugal;2017;2017;7.46
A;Annual;EUR_HAB;Euro per inhabitant;HF_UNK;Financing schemes unknown;PT;Portugal;2017;2017;7.58
A;Annual;MIO_NAC;Million units of national currency;HF_UNK;Financing schemes unknown;PT;Portugal;2017;2017;8.1
A;Annual;NAC_HAB;National currency per inhabitant;HF_UNK;Financing schemes unknown;PT;Portugal;2017;2017;7.84
A;Annual;MIO_PPS;Million purchasing power standards (PPS);HF_UNK;Financing schemes unknown;PT;Portugal;2017;2017;7.3
A;Annual;PPS_HAB;Purchasing power standard (PPS) per inhabitant;HF_UNK;Financing schemes unknown;PT;Portugal;2017;2017;7.33
A;Annual;PC_GDP;Percentage of gross domestic product (GDP);HF_UNK;Financing schemes unknown;PT;Portugal;2017;2017;7.52
A;Annual;PC_CHE;Percentual share of total current health expenditure (CHE);HF_UNK;Financing schemes unknown;PT;Portugal;2017;2017;
A;Annual;MIO_EUR;Million euro;TOT_HF;All financing schemes;PT;Portugal;2018;2018;0.76
A;Annual;EUR_HAB;Euro per inhabitant;TOT_HF;All financing schemes;PT;Portugal;2018;2018;0.77
A;Annual;MIO_NAC;Million units of national currency;TOT_HF;All financing schemes;PT;Portugal;2018;2018;0.77
A;Annual;NAC_HAB;National currency per inhabitant;TOT_HF;All financing schemes;PT;Portugal;2018;2018;0.74
A;Annual;MIO_PPS;Million purchasing power standards (PPS);TOT_HF;All financing schemes;PT;Portugal;2018;2018;0.73
A;Annual;PPS_HAB;Purchasing power standard (PPS) per inhabitant;TOT_HF;All financing schemes;PT;Portugal;2018;2018;0.73
A;Annual;PC_GDP;Percentage of gross domestic product (GDP);TOT_HF;All financing schemes;PT;Portugal;2018;2018;
A;Annual;PC_CHE;Percentual share of total current health expenditure (CHE);TOT_HF;All financing schemes;PT;Portugal;2018;2018;
A;Annual;MIO_EUR;Million euro;HF1;Government schemes and compulsory contributory health care financing schemes;PT;Portugal;2018;2018;
A;Annual;EUR_HAB;Euro per inhabitant;HF1;Government schemes and compulsory contributory health care financing schemes;PT;Portugal;2018;2018;
A;Annual;MIO_NAC;Million units of national currency;HF1;Government schemes and compulsory contributory health care financing schemes;PT;Portugal;2018;2018;
A;Annual;NAC_HAB;National currency per inhabitant;HF1;Government schemes and compulsory contributory health care financing schemes;PT;Portugal;2018;2018;
A;Annual;MIO_PPS;Million purchasing power standards (PPS);HF1;Government schemes and compulsory contributory health care financing schemes;PT;Portugal;2018;2018;
A;Annual;PPS_HAB;Purchasing power standard (PPS) per inhabitant;HF1;Government schemes and compulsory contributory health care financing schemes;PT;Portugal;2018;2018;
A;Annual;PC_GDP;Percentage of gross domestic product (GDP);HF1;Government schemes and compulsory contributory health care financing schemes;PT;Portugal;2018;2018;
A;Annual;PC_CHE;Percentual share of total current health expenditure (CHE);HF1;Government schemes and compulsory contributory health care financing schemes;PT;Portugal;2018;2018;
A;Annual;MIO_EUR;Million euro;HF11;Government schemes;PT;Portugal;2018;2018;
A;Annual;EUR_HAB;Euro per inhabitant;HF11;Government schemes;PT;Portugal;2018;2018;
A;Annual;MIO_NAC;Million units of national currency;HF11;Government schemes;PT;Portugal;2018;2018;
A;Annual;NAC_HAB;National currency per inhabitant;HF11;Government schemes;PT;Portugal;2018;2018;
A;Annual;MIO_PPS;Million purchasing power standards (PPS);HF11;Government schemes;PT;Portugal;2018;2018;
A;Annual;PPS_HAB;Purchasing power standard (PPS) per inhabitant;HF11;Government schemes;PT;Portugal;2018;2018;
A;Annual;PC_GDP;Percentage of gross domestic product (GDP);HF11;Government schemes;PT;Portugal;2018;2018;
A;Annual;PC_CHE;Percentual share of total current health expenditure (CHE);HF11;Government schemes;PT;Portugal;2018;2018;
A;Annual;MIO_EUR;Million euro;HF12_13;Compulsory contributory health insurance schemes and compulsory medical saving accounts (CMSA);PT;Portugal;2018;2018;
A;Annual;EUR_HAB;Euro per inhabitant;HF12_13;Compulsory contributory health insurance schemes and compulsory medical saving accounts (CMSA);PT;Portugal;2018;2018;
A;Annual;MIO_NAC;Million units of national currency;HF12_13;Compulsory contributory health insurance schemes and compulsory medical saving accounts (CMSA);PT;Portugal;2018;2018;
A;Annual;NAC_HAB;National currency per inhabitant;HF12_13;Compulsory contributory health insurance schemes and compulsory medical saving accounts (CMSA);PT;Portugal;2018;2018;0.4
A;Annual;MIO_PPS;Million purchasing power standards (PPS);HF12_13;Compulsory contributory health insurance schemes and compulsory medical saving accounts (CMSA);PT;Portugal;2018;2018;0.38
A;Annual;PPS_HAB;Purchasing power standard (PPS) per inhabitant;HF12_13;Compulsory contributory health insurance schemes and compulsory medical saving accounts (CMSA);PT;Portugal;2018;2018;0.43
A;Annual;PC_GDP;Percentage of gross domestic product (GDP);HF12_13;Compulsory contributory health insurance schemes and compulsory medical saving accounts (CMSA);PT;Portugal;2018;2018;0.44
A;Annual;PC_CHE;Percentual share of total current health expenditure (CHE);HF12_13;Compulsory contributory health insurance schemes and compulsory medical saving accounts (CMSA);PT;Portugal;2018;2018;0.43
A;Annual;MIO_EUR;Million euro;HF121;Social health insurance schemes;PT;Portugal;2018;2018;0.44
A;Annual;EUR_HAB;Euro per inhabitant;HF121;Social health insurance schemes;PT;Portugal;2018;2018;0.45
A;Annual;MIO_NAC;Million units of national currency;HF121;Social health insurance schemes;PT;Portugal;2018;2018;0.41
A;Annual;NAC_HAB;National currency per inhabitant;HF121;Social health insurance schemes;PT;Portugal;2018;2018;0.41
A;Annual;MIO_PPS;Million purchasing power standards (PPS);HF121;Social health insurance schemes;PT;Portugal;2018;2018;0.4
A;Annual;PPS_HAB;Purchasing power standard (PPS) per inhabitant;HF121;Social health insurance schemes;PT;Portugal;2018;2018;0.41
A;Annual;PC_GDP;Percentage of gross domestic product (GDP);HF121;Social health insurance schemes;PT;Portugal;2018;2018;
A;Annual;PC_CHE;Percentual share of total current health expenditure (CHE);HF121;Social health insurance schemes;PT;Portugal;2018;2018;
A;Annual;MIO_EUR;Million euro;HF122;Compulsory private insurance scheme;PT;Portugal;2018;2018;
A;Annual;EUR_HAB;Euro per inhabitant;HF122;Compulsory private insurance scheme;PT;Portugal;2018;2018;
A;Annual;MIO_NAC;Million units of national currency;HF122;Compulsory private insurance scheme;PT;Portugal;2018;2018;
A;Annual;NAC_HAB;National currency per inhabitant;HF122;Compulsory private insurance scheme;PT;Portugal;2018;2018;
A;Annual;MIO_PPS;Million purchasing power standards (PPS);HF122;Compulsory private insurance scheme;PT;Portugal;2018;2018;
A;Annual;PPS_HAB;Purchasing power standard (PPS) per inhabitant;HF122;Compulsory private insurance scheme;PT;Portugal;2018;2018;
A;Annual;PC_GDP;Percentage of gross domestic product (GDP);HF122;Compulsory private insurance scheme;PT;Portugal;2018;2018;
A;Annual;PC_CHE;Percentual share of total current health expenditure (CHE);HF122;Compulsory private insurance scheme;PT;Portugal;2018;2018;
A;Annual;MIO_EUR;Million euro;HF13;Compulsory medical savings accounts (CMSA);PT;Portugal;2018;2018;
A;Annual;EUR_HAB;Euro per inhabitant;HF13;Compulsory medical savings accounts (CMSA);PT;Portugal;2018;2018;
A;Annual;MIO_NAC;Million units of national currency;HF13;Compulsory medical savings accounts (CMSA);PT;Portugal;2018;2018;
A;Annual;NAC_HAB;National currency per inhabitant;HF13;Compulsory medical savings accounts (CMSA);PT;Portugal;2018;2018;
A;Annual;MIO_PPS;Million purchasing power standards (PPS);HF13;Compulsory medical savings accounts (CMSA);PT;Portugal;2018;2018;
A;Annual;PPS_HAB;Purchasing power standard (PPS) per inhabitant;HF13;Compulsory medical savings accounts (CMSA);PT;Portugal;2018;2018;
A;Annual;PC_GDP;Percentage of gross domestic product (GDP);HF13;Compulsory medical savings accounts (CMSA);PT;Portugal;2018;2018;
A;Annual;PC_CHE;Percentual share of total current health expenditure (CHE);HF13;Compulsory medical savings accounts (CMSA);PT;Portugal;2018;2018;
A;Annual;MIO_EUR;Million euro;HF2;Voluntary health care payment schemes;PT;Portugal;2018;2018;
A;Annual;EUR_HAB;Euro per inhabitant;HF2;Voluntary health care payment schemes;PT;Portugal;2018;2018;
A;Annual;MIO_NAC;Million units of national currency;HF2;Voluntary health care payment schemes;PT;Portugal;2018;2018;
A;Annual;NAC_HAB;National currency per inhabitant;HF2;Voluntary health care payment schemes;PT;Portugal;2018;2018;0.18
A;Annual;MIO_PPS;Million purchasing power standards (PPS);HF2;Voluntary health care payment schemes;PT;Portugal;2018;2018;0.18
A;Annual;PPS_HAB;Purchasing power standard (PPS) per inhabitant;HF2;Voluntary health care payment schemes;PT;Portugal;2018;2018;0.19
A;Annual;PC_GDP;Percentage of gross domestic product (GDP);HF2;Voluntary health care payment schemes;PT;Portugal;2018;2018;0.19
A;Annual;PC_CHE;Percentual share of total current health expenditure (CHE);HF2;Voluntary health care payment schemes;PT;Portugal;2018;2018;0.21
A;Annual;MIO_EUR;Million euro;HF21;Voluntary health insurance schemes;PT;Portugal;2018;2018;0.22
A;Annual;EUR_HAB;Euro per inhabitant;HF21;Voluntary health insurance schemes;PT;Portugal;2018;2018;0.23
A;Annual;MIO_NAC;Million units of national currency;HF21;Voluntary health insurance schemes;PT;Portugal;2018;2018;0.25
A;Annual;NAC_HAB;National currency per inhabitant;HF21;Voluntary health insurance schemes;PT;Portugal;2018;2018;0.26
A;Annual;MIO_PPS;Million purchasing power standards (PPS);HF21;Voluntary health insurance schemes;PT;Portugal;2018;2018;0.25
A;Annual;PPS_HAB;Purchasing power standard (PPS) per inhabitant;HF21;Voluntary health insurance schemes;PT;Portugal;2018;2018;0.26
A;Annual;PC_GDP;Percentage of gross domestic product (GDP);HF21;Voluntary health insurance schemes;PT;Portugal;2018;2018;0.28
A;Annual;PC_CHE;Percentual share of total current health expenditure (CHE);HF21;Voluntary health insurance schemes;PT;Portugal;2018;2018;0.29
A;Annual;MIO_EUR;Million euro;HF22;NPISH financing schemes;PT;Portugal;2018;2018;
A;Annual;EUR_HAB;Euro per inhabitant;HF22;NPISH financing schemes;PT;Portugal;2018;2018;
A;Annual;MIO_NAC;Million units of national currency;HF22;NPISH financing schemes;PT;Portugal;2018;2018;
A;Annual;NAC_HAB;National currency per inhabitant;HF22;NPISH financing schemes;PT;Portugal;2018;2018;
A;Annual;MIO_PPS;Million purchasing power standards (PPS);HF22;NPISH financing schemes;PT;Portugal;2018;2018;
A;Annual;PPS_HAB;Purchasing power standard (PPS) per inhabitant;HF22;NPISH financing schemes;PT;Portugal;2018;2018;
A;Annual;PC_GDP;Percentage of gross domestic product (GDP);HF22;NPISH financing schemes;PT;Portugal;2018;2018;
A;Annual;PC_CHE;Percentual share of total current health expenditure (CHE);HF22;NPISH financing schemes;PT;Portugal;2018;2018;
A;Annual;MIO_EUR;Million euro;HF23;Enterprise financing schemes;PT;Portugal;2018;2018;
A;Annual;EUR_HAB;Euro per inhabitant;HF23;Enterprise financing schemes;PT;Portugal;2018;2018;
A;Annual;MIO_NAC;Million units of national currency;HF23;Enterprise financing schemes;PT;Portugal;2018;2018;
A;Annual;NAC_HAB;National currency per inhabitant;HF23;Enterprise financing schemes;PT;Portugal;2018;2018;
A;Annual;MIO_PPS;Million purchasing power standards (PPS);HF23;Enterprise financing schemes;PT;Portugal;2018;2018;
A;Annual;PPS_HAB;Purchasing power standard (PPS) per inhabitant;HF23;Enterprise financing schemes;PT;Portugal;2018;2018;
A;Annual;PC_GDP;Percentage of gross domestic product (GDP);HF23;Enterprise financing schemes;PT;Portugal;2018;2018;
A;Annual;PC_CHE;Percentual share of total current health expenditure (CHE);HF23;Enterprise financing schemes;PT;Portugal;2018;2018;
A;Annual;MIO_EUR;Million euro;HF3;Household out-of-pocket payment;PT;Portugal;2018;2018;
A;Annual;EUR_HAB;Euro per inhabitant;HF3;Household out-of-pocket payment;PT;Portugal;2018;2018;
A;Annual;MIO_NAC;Million units of national currency;HF3;Household out-of-pocket payment;PT;Portugal;2018;2018;0.68
A;Annual;NAC_HAB;National currency per inhabitant;HF3;Household out-of-pocket payment;PT;Portugal;2018;2018;0.67
A;Annual;MIO_PPS;Million purchasing power standards (PPS);HF3;Household out-of-pocket payment;PT;Portugal;2018;2018;0.71
A;Annual;PPS_HAB;Purchasing power standard (PPS) per inhabitant;HF3;Household out-of-pocket payment;PT;Portugal;2018;2018;0.75
A;Annual;PC_GDP;Percentage of gross domestic product (GDP);HF3;Household out-of-pocket payment;PT;Portugal;2018;2018;0.79
A;Annual;PC_CHE;Percentual share of total current health expenditure (CHE);HF3;Household out-of-pocket payment;PT;Portugal;2018;2018;0.92
A;Annual;MIO_EUR;Million euro;HF31;Out-of-pocket excluding cost-sharing;PT;Portugal;2018;2018;0.9
A;Annual;EUR_HAB;Euro per inhabitant;HF31;Out-of-pocket excluding cost-sharing;PT;Portugal;2018;2018;0.91
A;Annual;MIO_NAC;Million units of national currency;HF31;Out-of-pocket excluding cost-sharing;PT;Portugal;2018;2018;0.92
A;Annual;NAC_HAB;National currency per inhabitant;HF31;Out-of-pocket excluding cost-sharing;PT;Portugal;2018;2018;0.85
A;Annual;MIO_PPS;Million purchasing power standards (PPS);HF31;Out-of-pocket excluding cost-sharing;PT;Portugal;2018;2018;0.61
A;Annual;PPS_HAB;Purchasing power standard (PPS) per inhabitant;HF31;Out-of-pocket excluding cost-sharing;PT;Portugal;2018;2018;0.43
A;Annual;PC_GDP;Percentage of gross domestic product (GDP);HF31;Out-of-pocket excluding cost-sharing;PT;Portugal;2018;2018;0.41
A;Annual;PC_CHE;Percentual share of total current health expenditure (CHE);HF31;Out-of-pocket excluding cost-sharing;PT;Portugal;2018;2018;0.42
A;Annual;MIO_EUR;Million euro;HF32;Cost sharing with third-party payers;PT;Portugal;2018;2018;
A;Annual;EUR_HAB;Euro per inhabitant;HF32;Cost sharing with third-party payers;PT;Portugal;2018;2018;
A;Annual;MIO_NAC;Million units of national currency;HF32;Cost sharing with third-party payers;PT;Portugal;2018;2018;
A;Annual;NAC_HAB;National currency per inhabitant;HF32;Cost sharing with third-party payers;PT;Portugal;2018;2018;
A;Annual;MIO_PPS;Million purchasing power standards (PPS);HF32;Cost sharing with third-party payers;PT;Portugal;2018;2018;
A;Annual;PPS_HAB;Purchasing power standard (PPS) per inhabitant;HF32;Cost sharing with third-party payers;PT;Portugal;2018;2018;
A;Annual;PC_GDP;Percentage of gross domestic product (GDP);HF32;Cost sharing with third-party payers;PT;Portugal;2018;2018;
A;Annual;PC_CHE;Percentual share of total current health expenditure (CHE);HF32;Cost sharing with third-party payers;PT;Portugal;2018;2018;
A;Annual;MIO_EUR;Million euro;HF4;Rest of the world financing schemes (non-resident);PT;Portugal;2018;2018;
A;Annual;EUR_HAB;Euro per inhabitant;HF4;Rest of the world financing schemes (non-resident);PT;Portugal;2018;2018;
A;Annual;MIO_NAC;Million units of national currency;HF4;Rest of the world financing schemes (non-resident);PT;Portugal;2018;2018;
A;Annual;NAC_HAB;National currency per inhabitant;HF4;Rest of the world financing schemes (non-resident);PT;Portugal;2018;2018;
A;Annual;MIO_PPS;Million purchasing power standards (PPS);HF4;Rest of the world financing schemes (non-resident);PT;Portugal;2018;2018;
A;Annual;PPS_HAB;Purchasing power standard (PPS) per inhabitant;HF4;Rest of the world financing schemes (non-resident);PT;Portugal;2018;2018;
A;Annual;PC_GDP;Percentage of gross domestic product (GDP);HF4;Rest of the world financing schemes (non-resident);PT;Portugal;2018;2018;
A;Annual;PC_CHE;Percentual share of total current health expenditure (CHE);HF4;Rest of the world financing schemes (non-resident);PT;Portugal;2018;2018;
A;Annual;MIO_EUR;Million euro;HF_UNK;Financing schemes unknown;PT;Portugal;2018;2018;
A;Annual;EUR_HAB;Euro per inhabitant;HF_UNK;Financing schemes unknown;PT;Portugal;2018;2018;
A;Annual;MIO_NAC;Million units of national currency;HF_UNK;Financing schemes unknown;PT;Portugal;2018;2018;
A;Annual;NAC_HAB;National currency per inhabitant;HF_UNK;Financing schemes unknown;PT;Portugal;2018;2018;
A;Annual;MIO_PPS;Million purchasing power standards (PPS);HF_UNK;Financing schemes unknown;PT;Portugal;2018;2018;
A;Annual;PPS_HAB;Purchasing power standard (PPS) per inhabitant;HF_UNK;Financing schemes unknown;PT;Portugal;2018;2018;
A;Annual;PC_GDP;Percentage of gross domestic product (GDP);HF_UNK;Financing schemes unknown;PT;Portugal;2018;2018;0.08
A;Annual;PC_CHE;Percentual share of total current health expenditure (CHE);HF_UNK;Financing schemes unknown;PT;Portugal;2018;2018;0.07
A;Annual;MIO_EUR;Million euro;TOT_HF;All financing schemes;PT;Portugal;2019;2019;1.35
A;Annual;EUR_HAB;Euro per inhabitant;TOT_HF;All financing schemes;PT;Portugal;2019;2019;1.45
A;Annual;MIO_NAC;Million units of national currency;TOT_HF;All financing schemes;PT;Portugal;2019;2019;1.44
A;Annual;NAC_HAB;National currency per inhabitant;TOT_HF;All financing schemes;PT;Portugal;2019;2019;1.4
A;Annual;MIO_PPS;Million purchasing power standards (PPS);TOT_HF;All financing schemes;PT;Portugal;2019;2019;1.43
A;Annual;PPS_HAB;Purchasing power standard (PPS) per inhabitant;TOT_HF;All financing schemes;PT;Portugal;2019;2019;1.36
A;Annual;PC_GDP;Percentage of gross domestic product (GDP);TOT_HF;All financing schemes;PT;Portugal;2019;2019;1.33
A;Annual;PC_CHE;Percentual share of total current health expenditure (CHE);TOT_HF;All financing schemes;PT;Portugal;2019;2019;1.35
A;Annual;MIO_EUR;Million euro;HF1;Government schemes and compulsory contributory health care financing schemes;PT;Portugal;2019;2019;1.34
A;Annual;EUR_HAB;Euro per inhabitant;HF1;Government schemes and compulsory contributory health care financing schemes;PT;Portugal;2019;2019;1.33
A;Annual;MIO_NAC;Million units of national currency;HF1;Government schemes and compulsory contributory health care financing schemes;PT;Portugal;2019;2019;1.36
A;Annual;NAC_HAB;National currency per inhabitant;HF1;Government schemes and compulsory contributory health care financing schemes;PT;Portugal;2019;2019;1.41
A;Annual;MIO_PPS;Million purchasing power standards (PPS);HF1;Government schemes and compulsory contributory health care financing schemes;PT;Portugal;2019;2019;1.41
A;Annual;PPS_HAB;Purchasing power standard (PPS) per inhabitant;HF1;Government schemes and compulsory contributory health care financing schemes;PT;Portugal;2019;2019;1.45
A;Annual;PC_GDP;Percentage of gross domestic product (GDP);HF1;Government schemes and compulsory contributory health care financing schemes;PT;Portugal;2019;2019;1.3
A;Annual;PC_CHE;Percentual share of total current health expenditure (CHE);HF1;Government schemes and compulsory contributory health care financing schemes;PT;Portugal;2019;2019;1.3
A;Annual;MIO_EUR;Million euro;HF11;Government schemes;PT;Portugal;2019;2019;1.31
A;Annual;EUR_HAB;Euro per inhabitant;HF11;Government schemes;PT;Portugal;2019;2019;
A;Annual;MIO_NAC;Million units of national currency;HF11;Government schemes;PT;Portugal;2019;2019;
A;Annual;NAC_HAB;National currency per inhabitant;HF11;Government schemes;PT;Portugal;2019;2019;
A;Annual;MIO_PPS;Million purchasing power standards (PPS);HF11;Government schemes;PT;Portugal;2019;2019;
A;Annual;PPS_HAB;Purchasing power standard (PPS) per inhabitant;HF11;Government schemes;PT;Portugal;2019;2019;
A;Annual;PC_GDP;Percentage of gross domestic product (GDP);HF11;Government schemes;PT;Portugal;2019;2019;
A;Annual;PC_CHE;Percentual share of total current health expenditure (CHE);HF11;Government schemes;PT;Portugal;2019;2019;
A;Annual;MIO_EUR;Million euro;HF12_13;Compulsory contributory health insurance schemes and compulsory medical saving accounts (CMSA);PT;Portugal;2019;2019;
A;Annual;EUR_HAB;Euro per inhabitant;HF12_13;Compulsory contributory health insurance schemes and compulsory medical saving accounts (CMSA);PT;Portugal;2019;2019;
A;Annual;MIO_NAC;Million units of national currency;HF12_13;Compulsory contributory health insurance schemes and compulsory medical saving accounts (CMSA);PT;Portugal;2019;2019;
A;Annual;NAC_HAB;National currency per inhabitant;HF12_13;Compulsory contributory health insurance schemes and compulsory medical saving accounts (CMSA);PT;Portugal;2019;2019;
A;Annual;MIO_PPS;Million purchasing power standards (PPS);HF12_13;Compulsory contributory health insurance schemes and compulsory medical saving accounts (CMSA);PT;Portugal;2019;2019;1.08
A;Annual;PPS_HAB;Purchasing power standard (PPS) per inhabitant;HF12_13;Compulsory contributory health insurance schemes and compulsory medical saving accounts (CMSA);PT;Portugal;2019;2019;1.22
A;Annual;PC_GDP;Percentage of gross domestic product (GDP);HF12_13;Compulsory contributory health insurance schemes and compulsory medical saving accounts (CMSA);PT;Portugal;2019;2019;1.22
A;Annual;PC_CHE;Percentual share of total current health expenditure (CHE);HF12_13;Compulsory contributory health insurance schemes and compulsory medical saving accounts (CMSA);PT;Portugal;2019;2019;1.17
A;Annual;MIO_EUR;Million euro;HF121;Social health insurance schemes;PT;Portugal;2019;2019;1.19
A;Annual;EUR_HAB;Euro per inhabitant;HF121;Social health insurance schemes;PT;Portugal;2019;2019;1.27
A;Annual;MIO_NAC;Million units of national currency;HF121;Social health insurance schemes;PT;Portugal;2019;2019;1.45
A;Annual;NAC_HAB;National currency per inhabitant;HF121;Social health insurance schemes;PT;Portugal;2019;2019;1.5
A;Annual;MIO_PPS;Million purchasing power standards (PPS);HF121;Social health insurance schemes;PT;Portugal;2019;2019;1.36
A;Annual;PPS_HAB;Purchasing power standard (PPS) per inhabitant;HF121;Social health insurance schemes;PT;Portugal;2019;2019;1.36
A;Annual;PC_GDP;Percentage of gross domestic product (GDP);HF121;Social health insurance schemes;PT;Portugal;2019;2019;1.46
A;Annual;PC_CHE;Percentual share of total current health expenditure (CHE);HF121;Social health insurance schemes;PT;Portugal;2019;2019;1.47
A;Annual;MIO_EUR;Million euro;HF122;Compulsory private insurance scheme;PT;Portugal;2019;2019;1.55
A;Annual;EUR_HAB;Euro per inhabitant;HF122;Compulsory private insurance scheme;PT;Portugal;2019;2019;1.56
A;Annual;MIO_NAC;Million units of national currency;HF122;Compulsory private insurance scheme;PT;Portugal;2019;2019;1.6
A;Annual;NAC_HAB;National currency per inhabitant;HF122;Compulsory private insurance scheme;PT;Portugal;2019;2019;1.61
A;Annual;MIO_PPS;Million purchasing power standards (PPS);HF122;Compulsory private insurance scheme;PT;Portugal;2019;2019;1.59
A;Annual;PPS_HAB;Purchasing power standard (PPS) per inhabitant;HF122;Compulsory private insurance scheme;PT;Portugal;2019;2019;1.6
A;Annual;PC_GDP;Percentage of gross domestic product (GDP);HF122;Compulsory private insurance scheme;PT;Portugal;2019;2019;1.66
A;Annual;PC_CHE;Percentual share of total current health expenditure (CHE);HF122;Compulsory private insurance scheme;PT;Portugal;2019;2019;1.61
A;Annual;MIO_EUR;Million euro;HF13;Compulsory medical savings accounts (CMSA);PT;Portugal;2019;2019;1.65
A;Annual;EUR_HAB;Euro per inhabitant;HF13;Compulsory medical savings accounts (CMSA);PT;Portugal;2019;2019;1.68
A;Annual;MIO_NAC;Million units of national currency;HF13;Compulsory medical savings accounts (CMSA);PT;Portugal;2019;2019;
A;Annual;NAC_HAB;National currency per inhabitant;HF13;Compulsory medical savings accounts (CMSA);PT;Portugal;2019;2019;
A;Annual;MIO_PPS;Million purchasing power standards (PPS);HF13;Compulsory medical savings accounts (CMSA);PT;Portugal;2019;2019;
A;Annual;PPS_HAB;Purchasing power standard (PPS) per inhabitant;HF13;Compulsory medical savings accounts (CMSA);PT;Portugal;2019;2019;
A;Annual;PC_GDP;Percentage of gross domestic product (GDP);HF13;Compulsory medical savings accounts (CMSA);PT;Portugal;2019;2019;
A;Annual;PC_CHE;Percentual share of total current health expenditure (CHE);HF13;Compulsory medical savings accounts (CMSA);PT;Portugal;2019;2019;
A;Annual;MIO_EUR;Million euro;HF2;Voluntary health care payment schemes;PT;Portugal;2019;2019;
A;Annual;EUR_HAB;Euro per inhabitant;HF2;Voluntary health care payment schemes;PT;Portugal;2019;2019;
A;Annual;MIO_NAC;Million units of national currency;HF2;Voluntary health care payment schemes;PT;Portugal;2019;2019;
A;Annual;NAC_HAB;National currency per inhabitant;HF2;Voluntary health care payment schemes;PT;Portugal;2019;2019;
A;Annual;MIO_PPS;Million purchasing power standards (PPS);HF2;Voluntary health care payment schemes;PT;Portugal;2019;2019;
A;Annual;PPS_HAB;Purchasing power standard (PPS) per inhabitant;HF2;Voluntary health care payment schemes;PT;Portugal;2019;2019;
A;Annual;PC_GDP;Percentage of gross domestic product (GDP);HF2;Voluntary health care payment schemes;PT;Portugal;2019;2019;
A;Annual;PC_CHE;Percentual share of total current health expenditure (CHE);HF2;Voluntary health care payment schemes;PT;Portugal;2019;2019;
A;Annual;MIO_EUR;Million euro;HF21;Voluntary health insurance schemes;PT;Portugal;2019;2019;
A;Annual;EUR_HAB;Euro per inhabitant;HF21;Voluntary health insurance schemes;PT;Portugal;2019;2019;
A;Annual;MIO_NAC;Million units of national currency;HF21;Voluntary health insurance schemes;PT;Portugal;2019;2019;
A;Annual;NAC_HAB;National currency per inhabitant;HF21;Voluntary health insurance schemes;PT;Portugal;2019;2019;
A;Annual;MIO_PPS;Million purchasing power standards (PPS);HF21;Voluntary health insurance schemes;PT;Portugal;2019;2019;
A;Annual;PPS_HAB;Purchasing power standard (PPS) per inhabitant;HF21;Voluntary health insurance schemes;PT;Portugal;2019;2019;1.42
A;Annual;PC_GDP;Percentage of gross domestic product (GDP);HF21;Voluntary health insurance schemes;PT;Portugal;2019;2019;1.4
A;Annual;PC_CHE;Percentual share of total current health expenditure (CHE);HF21;Voluntary health insurance schemes;PT;Portugal;2019;2019;1.38
A;Annual;MIO_EUR;Million euro;HF22;NPISH financing schemes;PT;Portugal;2019;2019;1.29
A;Annual;EUR_HAB;Euro per inhabitant;HF22;NPISH financing schemes;PT;Portugal;2019;2019;0.96
A;Annual;MIO_NAC;Million units of national currency;HF22;NPISH financing schemes;PT;Portugal;2019;2019;0.99
A;Annual;NAC_HAB;National currency per inhabitant;HF22;NPISH financing schemes;PT;Portugal;2019;2019;0.91
A;Annual;MIO_PPS;Million purchasing power standards (PPS);HF22;NPISH financing schemes;PT;Portugal;2019;2019;0.85
A;Annual;PPS_HAB;Purchasing power standard (PPS) per inhabitant;HF22;NPISH financing schemes;PT;Portugal;2019;2019;0.84
A;Annual;PC_GDP;Percentage of gross domestic product (GDP);HF22;NPISH financing schemes;PT;Portugal;2019;2019;0.8
A;Annual;PC_CHE;Percentual share of total current health expenditure (CHE);HF22;NPISH financing schemes;PT;Portugal;2019;2019;0.74
A;Annual;MIO_EUR;Million euro;HF23;Enterprise financing schemes;PT;Portugal;2019;2019;0.7
A;Annual;EUR_HAB;Euro per inhabitant;HF23;Enterprise financing schemes;PT;Portugal;2019;2019;0.74
A;Annual;MIO_NAC;Million units of national currency;HF23;Enterprise financing schemes;PT;Portugal;2019;2019;0.73
A;Annual;NAC_HAB;National currency per inhabitant;HF23;Enterprise financing schemes;PT;Portugal;2019;2019;
A;Annual;MIO_PPS;Million purchasing power standards (PPS);HF23;Enterprise financing schemes;PT;Portugal;2019;2019;
A;Annual;PPS_HAB;Purchasing power standard (PPS) per inhabitant;HF23;Enterprise financing schemes;PT;Portugal;2019;2019;
A;Annual;PC_GDP;Percentage of gross domestic product (GDP);HF23;Enterprise financing schemes;PT;Portugal;2019;2019;
A;Annual;PC_CHE;Percentual share of total current health expenditure (CHE);HF23;Enterprise financing schemes;PT;Portugal;2019;2019;
A;Annual;MIO_EUR;Million euro;HF3;Household out-of-pocket payment;PT;Portugal;2019;2019;
A;Annual;EUR_HAB;Euro per inhabitant;HF3;Household out-of-pocket payment;PT;Portugal;2019;2019;
A;Annual;MIO_NAC;Million units of national currency;HF3;Household out-of-pocket payment;PT;Portugal;2019;2019;
A;Annual;NAC_HAB;National currency per inhabitant;HF3;Household out-of-pocket payment;PT;Portugal;2019;2019;
A;Annual;MIO_PPS;Million purchasing power standards (PPS);HF3;Household out-of-pocket payment;PT;Portugal;2019;2019;
A;Annual;PPS_HAB;Purchasing power standard (PPS) per inhabitant;HF3;Household out-of-pocket payment;PT;Portugal;2019;2019;
A;Annual;PC_GDP;Percentage of gross domestic product (GDP);HF3;Household out-of-pocket payment;PT;Portugal;2019;2019;
A;Annual;PC_CHE;Percentual share of total current health expenditure (CHE);HF3;Household out-of-pocket payment;PT;Portugal;2019;2019;
A;Annual;MIO_EUR;Million euro;HF31;Out-of-pocket excluding cost-sharing;PT;Portugal;2019;2019;
A;Annual;EUR_HAB;Euro per inhabitant;HF31;Out-of-pocket excluding cost-sharing;PT;Portugal;2019;2019;
A;Annual;MIO_NAC;Million units of national currency;HF31;Out-of-pocket excluding cost-sharing;PT;Portugal;2019;2019;
A;Annual;NAC_HAB;National currency per inhabitant;HF31;Out-of-pocket excluding cost-sharing;PT;Portugal;2019;2019;
A;Annual;MIO_PPS;Million purchasing power standards (PPS);HF31;Out-of-pocket excluding cost-sharing;PT;Portugal;2019;2019;2.81
A;Annual;PPS_HAB;Purchasing power standard (PPS) per inhabitant;HF31;Out-of-pocket excluding cost-sharing;PT;Portugal;2019;2019;2.72
A;Annual;PC_GDP;Percentage of gross domestic product (GDP);HF31;Out-of-pocket excluding cost-sharing;PT;Portugal;2019;2019;2.86
A;Annual;PC_CHE;Percentual share of total current health expenditure (CHE);HF31;Out-of-pocket excluding cost-sharing;PT;Portugal;2019;2019;2.75
A;Annual;MIO_EUR;Million euro;HF32;Cost sharing with third-party payers;PT;Portugal;2019;2019;2.88
A;Annual;EUR_HAB;Euro per inhabitant;HF32;Cost sharing with third-party payers;PT;Portugal;2019;2019;2.95
A;Annual;MIO_NAC;Million units of national currency;HF32;Cost sharing with third-party payers;PT;Portugal;2019;2019;2.98
A;Annual;NAC_HAB;National currency per inhabitant;HF32;Cost sharing with third-party payers;PT;Portugal;2019;2019;2.9
A;Annual;MIO_PPS;Million purchasing power standards (PPS);HF32;Cost sharing with third-party payers;PT;Portugal;2019;2019;2.84
A;Annual;PPS_HAB;Purchasing power standard (PPS) per inhabitant;HF32;Cost sharing with third-party payers;PT;Portugal;2019;2019;2.91
A;Annual;PC_GDP;Percentage of gross domestic product (GDP);HF32;Cost sharing with third-party payers;PT;Portugal;2019;2019;2.73
A;Annual;PC_CHE;Percentual share of total current health expenditure (CHE);HF32;Cost sharing with third-party payers;PT;Portugal;2019;2019;3.14
A;Annual;MIO_EUR;Million euro;HF4;Rest of the world financing schemes (non-resident);PT;Portugal;2019;2019;3.01
A;Annual;EUR_HAB;Euro per inhabitant;HF4;Rest of the world financing schemes (non-resident);PT;Portugal;2019;2019;2.83
A;Annual;MIO_NAC;Million units of national currency;HF4;Rest of the world financing schemes (non-resident);PT;Portugal;2019;2019;2.88
A;Annual;NAC_HAB;National currency per inhabitant;HF4;Rest of the world financing schemes (non-resident);PT;Portugal;2019;2019;
A;Annual;MIO_PPS;Million purchasing power standards (PPS);HF4;Rest of the world financing schemes (non-resident);PT;Portugal;2019;2019;
A;Annual;PPS_HAB;Purchasing power standard (PPS) per inhabitant;HF4;Rest of the world financing schemes (non-resident);PT;Portugal;2019;2019;
A;Annual;PC_GDP;Percentage of gross domestic product (GDP);HF4;Rest of the world financing schemes (non-resident);PT;Portugal;2019;2019;
A;Annual;PC_CHE;Percentual share of total current health expenditure (CHE);HF4;Rest of the world financing schemes (non-resident);PT;Portugal;2019;2019;
A;Annual;MIO_EUR;Million euro;HF_UNK;Financing schemes unknown;PT;Portugal;2019;2019;
A;Annual;EUR_HAB;Euro per inhabitant;HF_UNK;Financing schemes unknown;PT;Portugal;2019;2019;
A;Annual;MIO_NAC;Million units of national currency;HF_UNK;Financing schemes unknown;PT;Portugal;2019;2019;
A;Annual;NAC_HAB;National currency per inhabitant;HF_UNK;Financing schemes unknown;PT;Portugal;2019;2019;
A;Annual;MIO_PPS;Million purchasing power standards (PPS);HF_UNK;Financing schemes unknown;PT;Portugal;2019;2019;
A;Annual;PPS_HAB;Purchasing power standard (PPS) per inhabitant;HF_UNK;Financing schemes unknown;PT;Portugal;2019;2019;
A;Annual;PC_GDP;Percentage of gross domestic product (GDP);HF_UNK;Financing schemes unknown;PT;Portugal;2019;2019;
A;Annual;PC_CHE;Percentual share of total current health expenditure (CHE);HF_UNK;Financing schemes unknown;PT;Portugal;2019;2019;1.76
A;Annual;MIO_EUR;Million euro;TOT_HF;All financing schemes;PT;Portugal;2020;2020;
A;Annual;EUR_HAB;Euro per inhabitant;TOT_HF;All financing schemes;PT;Portugal;2020;2020;
A;Annual;MIO_NAC;Million units of national currency;TOT_HF;All financing schemes;PT;Portugal;2020;2020;
A;Annual;NAC_HAB;National currency per inhabitant;TOT_HF;All financing schemes;PT;Portugal;2020;2020;
A;Annual;MIO_PPS;Million purchasing power standards (PPS);TOT_HF;All financing schemes;PT;Portugal;2020;2020;
A;Annual;PPS_HAB;Purchasing power standard (PPS) per inhabitant;TOT_HF;All financing schemes;PT;Portugal;2020;2020;
A;Annual;PC_GDP;Percentage of gross domestic product (GDP);TOT_HF;All financing schemes;PT;Portugal;2020;2020;
A;Annual;PC_CHE;Percentual share of total current health expenditure (CHE);TOT_HF;All financing schemes;PT;Portugal;2020;2020;
A;Annual;MIO_EUR;Million euro;HF1;Government schemes and compulsory contributory health care financing schemes;PT;Portugal;2020;2020;
A;Annual;EUR_HAB;Euro per inhabitant;HF1;Government schemes and compulsory contributory health care financing schemes;PT;Portugal;2020;2020;
A;Annual;MIO_NAC;Million units of national currency;HF1;Government schemes and compulsory contributory health care financing schemes;PT;Portugal;2020;2020;
A;Annual;NAC_HAB;National currency per inhabitant;HF1;Government schemes and compulsory contributory health care financing schemes;PT;Portugal;2020;2020;
A;Annual;MIO_PPS;Million purchasing power standards (PPS);HF1;Government schemes and compulsory contributory health care financing schemes;PT;Portugal;2020;2020;
A;Annual;PPS_HAB;Purchasing power standard (PPS) per inhabitant;HF1;Government schemes and compulsory contributory health care financing schemes;PT;Portugal;2020;2020;
A;Annual;PC_GDP;Percentage of gross domestic product (GDP);HF1;Government schemes and compulsory contributory health care financing schemes;PT;Portugal;2020;2020;
A;Annual;PC_CHE;Percentual share of total current health expenditure (CHE);HF1;Government schemes and compulsory contributory health care financing schemes;PT;Portugal;2020;2020;
A;Annual;MIO_EUR;Million euro;HF11;Government schemes;PT;Portugal;2020;2020;
A;Annual;EUR_HAB;Euro per inhabitant;HF11;Government schemes;PT;Portugal;2020;2020;
A;Annual;MIO_NAC;Million units of national currency;HF11;Government schemes;PT;Portugal;2020;2020;
A;Annual;NAC_HAB;National currency per inhabitant;HF11;Government schemes;PT;Portugal;2020;2020;
A;Annual;MIO_PPS;Million purchasing power standards (PPS);HF11;Government schemes;PT;Portugal;2020;2020;
A;Annual;PPS_HAB;Purchasing power standard (PPS) per inhabitant;HF11;Government schemes;PT;Portugal;2020;2020;
A;Annual;PC_GDP;Percentage of gross domestic product (GDP);HF11;Government schemes;PT;Portugal;2020;2020;
A;Annual;PC_CHE;Percentual share of total current health expenditure (CHE);HF11;Government schemes;PT;Portugal;2020;2020;
A;Annual;MIO_EUR;Million euro;HF12_13;Compulsory contributory health insurance schemes and compulsory medical saving accounts (CMSA);PT;Portugal;2020;2020;
A;Annual;EUR_HAB;Euro per inhabitant;HF12_13;Compulsory contributory health insurance schemes and compulsory medical saving accounts (CMSA);PT;Portugal;2020;2020;
A;Annual;MIO_NAC;Million units of national currency;HF12_13;Compulsory contributory health insurance schemes and compulsory medical saving accounts (CMSA);PT;Portugal;2020;2020;
A;Annual;NAC_HAB;National currency per inhabitant;HF12_13;Compulsory contributory health insurance schemes and compulsory medical saving accounts (CMSA);PT;Portugal;2020;2020;
A;Annual;MIO_PPS;Million purchasing power standards (PPS);HF12_13;Compulsory contributory health insurance schemes and compulsory medical saving accounts (CMSA);PT;Portugal;2020;2020;
A;Annual;PPS_HAB;Purchasing power standard (PPS) per inhabitant;HF12_13;Compulsory contributory health insurance schemes and compulsory medical saving accounts (CMSA);PT;Portugal;2020;2020;
A;Annual;PC_GDP;Percentage of gross domestic product (GDP);HF12_13;Compulsory contributory health insurance schemes and compulsory medical saving accounts (CMSA);PT;Portugal;2020;2020;
A;Annual;PC_CHE;Percentual share of total current health expenditure (CHE);HF12_13;Compulsory contributory health insurance schemes and compulsory medical saving accounts (CMSA);PT;Portugal;2020;2020;
A;Annual;MIO_EUR;Million euro;HF121;Social health insurance schemes;PT;Portugal;2020;2020;
A;Annual;EUR_HAB;Euro per inhabitant;HF121;Social health insurance schemes;PT;Portugal;2020;2020;
A;Annual;MIO_NAC;Million units of national currency;HF121;Social health insurance schemes;PT;Portugal;2020;2020;
A;Annual;NAC_HAB;National currency per inhabitant;HF121;Social health insurance schemes;PT;Portugal;2020;2020;
A;Annual;MIO_PPS;Million purchasing power standards (PPS);HF121;Social health insurance schemes;PT;Portugal;2020;2020;
A;Annual;PPS_HAB;Purchasing power standard (PPS) per inhabitant;HF121;Social health insurance schemes;PT;Portugal;2020;2020;
A;Annual;PC_GDP;Percentage of gross domestic product (GDP);HF121;Social health insurance schemes;PT;Portugal;2020;2020;
A;Annual;PC_CHE;Percentual share of total current health expenditure (CHE);HF121;Social health insurance schemes;PT;Portugal;2020;2020;0.0
A;Annual;MIO_EUR;Million euro;HF122;Compulsory private insurance scheme;PT;Portugal;2020;2020;0.0
A;Annual;EUR_HAB;Euro per inhabitant;HF122;Compulsory private insurance scheme;PT;Portugal;2020;2020;0.0
A;Annual;MIO_NAC;Million units of national currency;HF122;Compulsory private insurance scheme;PT;Portugal;2020;2020;0.0
A;Annual;NAC_HAB;National currency per inhabitant;HF122;Compulsory private insurance scheme;PT;Portugal;2020;2020;0.0
A;Annual;MIO_PPS;Million purchasing power standards (PPS);HF122;Compulsory private insurance scheme;PT;Portugal;2020;2020;0.0
A;Annual;PPS_HAB;Purchasing power standard (PPS) per inhabitant;HF122;Compulsory private insurance scheme;PT;Portugal;2020;2020;0.0
A;Annual;PC_GDP;Percentage of gross domestic product (GDP);HF122;Compulsory private insurance scheme;PT;Portugal;2020;2020;0.0
A;Annual;PC_CHE;Percentual share of total current health expenditure (CHE);HF122;Compulsory private insurance scheme;PT;Portugal;2020;2020;0.0
A;Annual;MIO_EUR;Million euro;HF13;Compulsory medical savings accounts (CMSA);PT;Portugal;2020;2020;0.0
A;Annual;EUR_HAB;Euro per inhabitant;HF13;Compulsory medical savings accounts (CMSA);PT;Portugal;2020;2020;0.0
A;Annual;MIO_NAC;Million units of national currency;HF13;Compulsory medical savings accounts (CMSA);PT;Portugal;2020;2020;0.0
A;Annual;NAC_HAB;National currency per inhabitant;HF13;Compulsory medical savings accounts (CMSA);PT;Portugal;2020;2020;0.0
A;Annual;MIO_PPS;Million purchasing power standards (PPS);HF13;Compulsory medical savings accounts (CMSA);PT;Portugal;2020;2020;0.0
A;Annual;PPS_HAB;Purchasing power standard (PPS) per inhabitant;HF13;Compulsory medical savings accounts (CMSA);PT;Portugal;2020;2020;0.0
A;Annual;PC_GDP;Percentage of gross domestic product (GDP);HF13;Compulsory medical savings accounts (CMSA);PT;Portugal;2020;2020;0.0
A;Annual;PC_CHE;Percentual share of total current health expenditure (CHE);HF13;Compulsory medical savings accounts (CMSA);PT;Portugal;2020;2020;0.0
A;Annual;MIO_EUR;Million euro;HF2;Voluntary health care payment schemes;PT;Portugal;2020;2020;0.0
A;Annual;EUR_HAB;Euro per inhabitant;HF2;Voluntary health care payment schemes;PT;Portugal;2020;2020;0.0
A;Annual;MIO_NAC;Million units of national currency;HF2;Voluntary health care payment schemes;PT;Portugal;2020;2020;0.0
A;Annual;NAC_HAB;National currency per inhabitant;HF2;Voluntary health care payment schemes;PT;Portugal;2020;2020;0.0
A;Annual;MIO_PPS;Million purchasing power standards (PPS);HF2;Voluntary health care payment schemes;PT;Portugal;2020;2020;
A;Annual;PPS_HAB;Purchasing power standard (PPS) per inhabitant;HF2;Voluntary health care payment schemes;PT;Portugal;2020;2020;
A;Annual;PC_GDP;Percentage of gross domestic product (GDP);HF2;Voluntary health care payment schemes;PT;Portugal;2020;2020;
A;Annual;PC_CHE;Percentual share of total current health expenditure (CHE);HF2;Voluntary health care payment schemes;PT;Portugal;2020;2020;
A;Annual;MIO_EUR;Million euro;HF21;Voluntary health insurance schemes;PT;Portugal;2020;2020;
A;Annual;EUR_HAB;Euro per inhabitant;HF21;Voluntary health insurance schemes;PT;Portugal;2020;2020;
A;Annual;MIO_NAC;Million units of national currency;HF21;Voluntary health insurance schemes;PT;Portugal;2020;2020;
A;Annual;NAC_HAB;National currency per inhabitant;HF21;Voluntary health insurance schemes;PT;Portugal;2020;2020;
A;Annual;MIO_PPS;Million purchasing power standards (PPS);HF21;Voluntary health insurance schemes;PT;Portugal;2020;2020;
A;Annual;PPS_HAB;Purchasing power standard (PPS) per inhabitant;HF21;Voluntary health insurance schemes;PT;Portugal;2020;2020;
A;Annual;PC_GDP;Percentage of gross domestic product (GDP);HF21;Voluntary health insurance schemes;PT;Portugal;2020;2020;
A;Annual;PC_CHE;Percentual share of total current health expenditure (CHE);HF21;Voluntary health insurance schemes;PT;Portugal;2020;2020;
A;Annual;MIO_EUR;Million euro;HF22;NPISH financing schemes;PT;Portugal;2020;2020;
A;Annual;EUR_HAB;Euro per inhabitant;HF22;NPISH financing schemes;PT;Portugal;2020;2020;
A;Annual;MIO_NAC;Million units of national currency;HF22;NPISH financing schemes;PT;Portugal;2020;2020;
A;Annual;NAC_HAB;National currency per inhabitant;HF22;NPISH financing schemes;PT;Portugal;2020;2020;
A;Annual;MIO_PPS;Million purchasing power standards (PPS);HF22;NPISH financing schemes;PT;Portugal;2020;2020;
A;Annual;PPS_HAB;Purchasing power standard (PPS) per inhabitant;HF22;NPISH financing schemes;PT;Portugal;2020;2020;
A;Annual;PC_GDP;Percentage of gross domestic product (GDP);HF22;NPISH financing schemes;PT;Portugal;2020;2020;
A;Annual;PC_CHE;Percentual share of total current health expenditure (CHE);HF22;NPISH financing schemes;PT;Portugal;2020;2020;
A;Annual;MIO_EUR;Million euro;HF23;Enterprise financing schemes;PT;Portugal;2020;2020;
A;Annual;EUR_HAB;Euro per inhabitant;HF23;Enterprise financing schemes;PT;Portugal;2020;2020;0.0
A;Annual;MIO_NAC;Million units of national currency;HF23;Enterprise financing schemes;PT;Portugal;2020;2020;0.0
A;Annual;NAC_HAB;National currency per inhabitant;HF23;Enterprise financing schemes;PT;Portugal;2020;2020;0.0
A;Annual;MIO_PPS;Million purchasing power standards (PPS);HF23;Enterprise financing schemes;PT;Portugal;2020;2020;0.0
A;Annual;PPS_HAB;Purchasing power standard (PPS) per inhabitant;HF23;Enterprise financing schemes;PT;Portugal;2020;2020;0.0
A;Annual;PC_GDP;Percentage of gross domestic product (GDP);HF23;Enterprise financing schemes;PT;Portugal;2020;2020;0.0
A;Annual;PC_CHE;Percentual share of total current health expenditure (CHE);HF23;Enterprise financing schemes;PT;Portugal;2020;2020;0.0
A;Annual;MIO_EUR;Million euro;HF3;Household out-of-pocket payment;PT;Portugal;2020;2020;0.0
A;Annual;EUR_HAB;Euro per inhabitant;HF3;Household out-of-pocket payment;PT;Portugal;2020;2020;0.0
A;Annual;MIO_NAC;Million units of national currency;HF3;Household out-of-pocket payment;PT;Portugal;2020;2020;0.0
A;Annual;NAC_HAB;National currency per inhabitant;HF3;Household out-of-pocket payment;PT;Portugal;2020;2020;0.0
A;Annual;MIO_PPS;Million purchasing power standards (PPS);HF3;Household out-of-pocket payment;PT;Portugal;2020;2020;0.0
A;Annual;PPS_HAB;Purchasing power standard (PPS) per inhabitant;HF3;Household out-of-pocket payment;PT;Portugal;2020;2020;
A;Annual;PC_GDP;Percentage of gross domestic product (GDP);HF3;Household out-of-pocket payment;PT;Portugal;2020;2020;
A;Annual;PC_CHE;Percentual share of total current health expenditure (CHE);HF3;Household out-of-pocket payment;PT;Portugal;2020;2020;
A;Annual;MIO_EUR;Million euro;HF31;Out-of-pocket excluding cost-sharing;PT;Portugal;2020;2020;
A;Annual;EUR_HAB;Euro per inhabitant;HF31;Out-of-pocket excluding cost-sharing;PT;Portugal;2020;2020;
A;Annual;MIO_NAC;Million units of national currency;HF31;Out-of-pocket excluding cost-sharing;PT;Portugal;2020;2020;
A;Annual;NAC_HAB;National currency per inhabitant;HF31;Out-of-pocket excluding cost-sharing;PT;Portugal;2020;2020;
A;Annual;MIO_PPS;Million purchasing power standards (PPS);HF31;Out-of-pocket excluding cost-sharing;PT;Portugal;2020;2020;
A;Annual;PPS_HAB;Purchasing power standard (PPS) per inhabitant;HF31;Out-of-pocket excluding cost-sharing;PT;Portugal;2020;2020;
A;Annual;PC_GDP;Percentage of gross domestic product (GDP);HF31;Out-of-pocket excluding cost-sharing;PT;Portugal;2020;2020;
A;Annual;PC_CHE;Percentual share of total current health expenditure (CHE);HF31;Out-of-pocket excluding cost-sharing;PT;Portugal;2020;2020;
A;Annual;MIO_EUR;Million euro;HF32;Cost sharing with third-party payers;PT;Portugal;2020;2020;
A;Annual;EUR_HAB;Euro per inhabitant;HF32;Cost sharing with third-party payers;PT;Portugal;2020;2020;
A;Annual;MIO_NAC;Million units of national currency;HF32;Cost sharing with third-party payers;PT;Portugal;2020;2020;
A;Annual;NAC_HAB;National currency per inhabitant;HF32;Cost sharing with third-party payers;PT;Portugal;2020;2020;
A;Annual;MIO_PPS;Million purchasing power standards (PPS);HF32;Cost sharing with third-party payers;PT;Portugal;2020;2020;
A;Annual;PPS_HAB;Purchasing power standard (PPS) per inhabitant;HF32;Cost sharing with third-party payers;PT;Portugal;2020;2020;
A;Annual;PC_GDP;Percentage of gross domestic product (GDP);HF32;Cost sharing with third-party payers;PT;Portugal;2020;2020;
A;Annual;PC_CHE;Percentual share of total current health expenditure (CHE);HF32;Cost sharing with third-party payers;PT;Portugal;2020;2020;
A;Annual;MIO_EUR;Million euro;HF4;Rest of the world financing schemes (non-resident);PT;Portugal;2020;2020;
A;Annual;EUR_HAB;Euro per inhabitant;HF4;Rest of the world financing schemes (non-resident);PT;Portugal;2020;2020;
A;Annual;MIO_NAC;Million units of national currency;HF4;Rest of the world financing schemes (non-resident);PT;Portugal;2020;2020;
A;Annual;NAC_HAB;National currency per inhabitant;HF4;Rest of the world financing schemes (non-resident);PT;Portugal;2020;2020;
A;Annual;MIO_PPS;Million purchasing power standards (PPS);HF4;Rest of the world financing schemes (non-resident);PT;Portugal;2020;2020;
A;Annual;PPS_HAB;Purchasing power standard (PPS) per inhabitant;HF4;Rest of the world financing schemes (non-resident);PT;Portugal;2020;2020;
A;Annual;PC_GDP;Percentage of gross domestic product (GDP);HF4;Rest of the world financing schemes (non-resident);PT;Portugal;2020;2020;
A;Annual;PC_CHE;Percentual share of total current health expenditure (CHE);HF4;Rest of the world financing schemes (non-resident);PT;Portugal;2020;2020;
A;Annual;MIO_EUR;Million euro;HF_UNK;Financing schemes unknown;PT;Portugal;2020;2020;
A;Annual;EUR_HAB;Euro per inhabitant;HF_UNK;Financing schemes unknown;PT;Portugal;2020;2020;
A;Annual;MIO_NAC;Million units of national currency;HF_UNK;Financing schemes unknown;PT;Portugal;2020;2020;
A;Annual;NAC_HAB;National currency per inhabitant;HF_UNK;Financing schemes unknown;PT;Portugal;2020;2020;
A;Annual;MIO_PPS;Million purchasing power standards (PPS);HF_UNK;Financing schemes unknown;PT;Portugal;2020;2020;
A;Annual;PPS_HAB;Purchasing power standard (PPS) per inhabitant;HF_UNK;Financing schemes unknown;PT;Portugal;2020;2020;
A;Annual;PC_GDP;Percentage of gross domestic product (GDP);HF_UNK;Financing schemes unknown;PT;Portugal;2020;2020;
A;Annual;PC_CHE;Percentual share of total current health expenditure (CHE);HF_UNK;Financing schemes unknown;PT;Portugal;2020;2020;
A;Annual;MIO_EUR;Million euro;TOT_HF;All financing schemes;PT;Portugal;2021;2021;43.31
A;Annual;EUR_HAB;Euro per inhabitant;TOT_HF;All financing schemes;PT;Portugal;2021;2021;
A;Annual;MIO_NAC;Million units of national currency;TOT_HF;All financing schemes;PT;Portugal;2021;2021;
A;Annual;NAC_HAB;National currency per inhabitant;TOT_HF;All financing schemes;PT;Portugal;2021;2021;
A;Annual;MIO_PPS;Million purchasing power standards (PPS);TOT_HF;All financing schemes;PT;Portugal;2021;2021;
A;Annual;PPS_HAB;Purchasing power standard (PPS) per inhabitant;TOT_HF;All financing schemes;PT;Portugal;2021;2021;
A;Annual;PC_GDP;Percentage of gross domestic product (GDP);TOT_HF;All financing schemes;PT;Portugal;2021;2021;
A;Annual;PC_CHE;Percentual share of total current health expenditure (CHE);TOT_HF;All financing schemes;PT;Portugal;2021;2021;
A;Annual;MIO_EUR;Million euro;HF1;Government schemes and compulsory contributory health care financing schemes;PT;Portugal;2021;2021;
A;Annual;EUR_HAB;Euro per inhabitant;HF1;Government schemes and compulsory contributory health care financing schemes;PT;Portugal;2021;2021;
A;Annual;MIO_NAC;Million units of national currency;HF1;Government schemes and compulsory contributory health care financing schemes;PT;Portugal;2021;2021;
A;Annual;NAC_HAB;National currency per inhabitant;HF1;Government schemes and compulsory contributory health care financing schemes;PT;Portugal;2021;2021;
A;Annual;MIO_PPS;Million purchasing power standards (PPS);HF1;Government schemes and compulsory contributory health care financing schemes;PT;Portugal;2021;2021;
A;Annual;PPS_HAB;Purchasing power standard (PPS) per inhabitant;HF1;Government schemes and compulsory contributory health care financing schemes;PT;Portugal;2021;2021;
A;Annual;PC_GDP;Percentage of gross domestic product (GDP);HF1;Government schemes and compulsory contributory health care financing schemes;PT;Portugal;2021;2021;
A;Annual;PC_CHE;Percentual share of total current health expenditure (CHE);HF1;Government schemes and compulsory contributory health care financing schemes;PT;Portugal;2021;2021;
A;Annual;MIO_EUR;Million euro;HF11;Government schemes;PT;Portugal;2021;2021;
A;Annual;EUR_HAB;Euro per inhabitant;HF11;Government schemes;PT;Portugal;2021;2021;
A;Annual;MIO_NAC;Million units of national currency;HF11;Government schemes;PT;Portugal;2021;2021;
A;Annual;NAC_HAB;National currency per inhabitant;HF11;Government schemes;PT;Portugal;2021;2021;
A;Annual;MIO_PPS;Million purchasing power standards (PPS);HF11;Government schemes;PT;Portugal;2021;2021;
A;Annual;PPS_HAB;Purchasing power standard (PPS) per inhabitant;HF11;Government schemes;PT;Portugal;2021;2021;
A;Annual;PC_GDP;Percentage of gross domestic product (GDP);HF11;Government schemes;PT;Portugal;2021;2021;
A;Annual;PC_CHE;Percentual share of total current health expenditure (CHE);HF11;Government schemes;PT;Portugal;2021;2021;
A;Annual;MIO_EUR;Million euro;HF12_13;Compulsory contributory health insurance schemes and compulsory medical saving accounts (CMSA);PT;Portugal;2021;2021;
A;Annual;EUR_HAB;Euro per inhabitant;HF12_13;Compulsory contributory health insurance schemes and compulsory medical saving accounts (CMSA);PT;Portugal;2021;2021;
A;Annual;MIO_NAC;Million units of national currency;HF12_13;Compulsory contributory health insurance schemes and compulsory medical saving accounts (CMSA);PT;Portugal;2021;2021;
A;Annual;NAC_HAB;National currency per inhabitant;HF12_13;Compulsory contributory health insurance schemes and compulsory medical saving accounts (CMSA);PT;Portugal;2021;2021;
A;Annual;MIO_PPS;Million purchasing power standards (PPS);HF12_13;Compulsory contributory health insurance schemes and compulsory medical saving accounts (CMSA);PT;Portugal;2021;2021;
A;Annual;PPS_HAB;Purchasing power standard (PPS) per inhabitant;HF12_13;Compulsory contributory health insurance schemes and compulsory medical saving accounts (CMSA);PT;Portugal;2021;2021;40.27
A;Annual;PC_GDP;Percentage of gross domestic product (GDP);HF12_13;Compulsory contributory health insurance schemes and compulsory medical saving accounts (CMSA);PT;Portugal;2021;2021;42.2
A;Annual;PC_CHE;Percentual share of total current health expenditure (CHE);HF12_13;Compulsory contributory health insurance schemes and compulsory medical saving accounts (CMSA);PT;Portugal;2021;2021;42.98
A;Annual;MIO_EUR;Million euro;HF121;Social health insurance schemes;PT;Portugal;2021;2021;43.12
A;Annual;EUR_HAB;Euro per inhabitant;HF121;Social health insurance schemes;PT;Portugal;2021;2021;43.23
A;Annual;MIO_NAC;Million units of national currency;HF121;Social health insurance schemes;PT;Portugal;2021;2021;
A;Annual;NAC_HAB;National currency per inhabitant;HF121;Social health insurance schemes;PT;Portugal;2021;2021;
A;Annual;MIO_PPS;Million purchasing power standards (PPS);HF121;Social health insurance schemes;PT;Portugal;2021;2021;
A;Annual;PPS_HAB;Purchasing power standard (PPS) per inhabitant;HF121;Social health insurance schemes;PT;Portugal;2021;2021;
A;Annual;PC_GDP;Percentage of gross domestic product (GDP);HF121;Social health insurance schemes;PT;Portugal;2021;2021;
A;Annual;PC_CHE;Percentual share of total current health expenditure (CHE);HF121;Social health insurance schemes;PT;Portugal;2021;2021;
A;Annual;MIO_EUR;Million euro;HF122;Compulsory private insurance scheme;PT;Portugal;2021;2021;
A;Annual;EUR_HAB;Euro per inhabitant;HF122;Compulsory private insurance scheme;PT;Portugal;2021;2021;
A;Annual;MIO_NAC;Million units of national currency;HF122;Compulsory private insurance scheme;PT;Portugal;2021;2021;
A;Annual;NAC_HAB;National currency per inhabitant;HF122;Compulsory private insurance scheme;PT;Portugal;2021;2021;
A;Annual;MIO_PPS;Million purchasing power standards (PPS);HF122;Compulsory private insurance scheme;PT;Portugal;2021;2021;
A;Annual;PPS_HAB;Purchasing power standard (PPS) per inhabitant;HF122;Compulsory private insurance scheme;PT;Portugal;2021;2021;
A;Annual;PC_GDP;Percentage of gross domestic product (GDP);HF122;Compulsory private insurance scheme;PT;Portugal;2021;2021;
A;Annual;PC_CHE;Percentual share of total current health expenditure (CHE);HF122;Compulsory private insurance scheme;PT;Portugal;2021;2021;
A;Annual;MIO_EUR;Million euro;HF13;Compulsory medical savings accounts (CMSA);PT;Portugal;2021;2021;
A;Annual;EUR_HAB;Euro per inhabitant;HF13;Compulsory medical savings accounts (CMSA);PT;Portugal;2021;2021;
A;Annual;MIO_NAC;Million units of national currency;HF13;Compulsory medical savings accounts (CMSA);PT;Portugal;2021;2021;
A;Annual;NAC_HAB;National currency per inhabitant;HF13;Compulsory medical savings accounts (CMSA);PT;Portugal;2021;2021;
A;Annual;MIO_PPS;Million purchasing power standards (PPS);HF13;Compulsory medical savings accounts (CMSA);PT;Portugal;2021;2021;
A;Annual;PPS_HAB;Purchasing power standard (PPS) per inhabitant;HF13;Compulsory medical savings accounts (CMSA);PT;Portugal;2021;2021;
A;Annual;PC_GDP;Percentage of gross domestic product (GDP);HF13;Compulsory medical savings accounts (CMSA);PT;Portugal;2021;2021;
A;Annual;PC_CHE;Percentual share of total current health expenditure (CHE);HF13;Compulsory medical savings accounts (CMSA);PT;Portugal;2021;2021;
A;Annual;MIO_EUR;Million euro;HF2;Voluntary health care payment schemes;PT;Portugal;2021;2021;
A;Annual;EUR_HAB;Euro per inhabitant;HF2;Voluntary health care payment schemes;PT;Portugal;2021;2021;
A;Annual;MIO_NAC;Million units of national currency;HF2;Voluntary health care payment schemes;PT;Portugal;2021;2021;
A;Annual;NAC_HAB;National currency per inhabitant;HF2;Voluntary health care payment schemes;PT;Portugal;2021;2021;
A;Annual;MIO_PPS;Million purchasing power standards (PPS);HF2;Voluntary health care payment schemes;PT;Portugal;2021;2021;40.19
A;Annual;PPS_HAB;Purchasing power standard (PPS) per inhabitant;HF2;Voluntary health care payment schemes;PT;Portugal;2021;2021;40.09
A;Annual;PC_GDP;Percentage of gross domestic product (GDP);HF2;Voluntary health care payment schemes;PT;Portugal;2021;2021;39.19
A;Annual;PC_CHE;Percentual share of total current health expenditure (CHE);HF2;Voluntary health care payment schemes;PT;Portugal;2021;2021;41.17
A;Annual;MIO_EUR;Million euro;HF21;Voluntary health insurance schemes;PT;Portugal;2021;2021;41.94
A;Annual;EUR_HAB;Euro per inhabitant;HF21;Voluntary health insurance schemes;PT;Portugal;2021;2021;42.01
A;Annual;MIO_NAC;Million units of national currency;HF21;Voluntary health insurance schemes;PT;Portugal;2021;2021;42.05
A;Annual;NAC_HAB;National currency per inhabitant;HF21;Voluntary health insurance schemes;PT;Portugal;2021;2021;
A;Annual;MIO_PPS;Million purchasing power standards (PPS);HF21;Voluntary health insurance schemes;PT;Portugal;2021;2021;
A;Annual;PPS_HAB;Purchasing power standard (PPS) per inhabitant;HF21;Voluntary health insurance schemes;PT;Portugal;2021;2021;
A;Annual;PC_GDP;Percentage of gross domestic product (GDP);HF21;Voluntary health insurance schemes;PT;Portugal;2021;2021;
A;Annual;PC_CHE;Percentual share of total current health expenditure (CHE);HF21;Voluntary health insurance schemes;PT;Portugal;2021;2021;
A;Annual;MIO_EUR;Million euro;HF22;NPISH financing schemes;PT;Portugal;2021;2021;
A;Annual;EUR_HAB;Euro per inhabitant;HF22;NPISH financing schemes;PT;Portugal;2021;2021;
A;Annual;MIO_NAC;Million units of national currency;HF22;NPISH financing schemes;PT;Portugal;2021;2021;
A;Annual;NAC_HAB;National currency per inhabitant;HF22;NPISH financing schemes;PT;Portugal;2021;2021;
A;Annual;MIO_PPS;Million purchasing power standards (PPS);HF22;NPISH financing schemes;PT;Portugal;2021;2021;
A;Annual;PPS_HAB;Purchasing power standard (PPS) per inhabitant;HF22;NPISH financing schemes;PT;Portugal;2021;2021;
A;Annual;PC_GDP;Percentage of gross domestic product (GDP);HF22;NPISH financing schemes;PT;Portugal;2021;2021;
A;Annual;PC_CHE;Percentual share of total current health expenditure (CHE);HF22;NPISH financing schemes;PT;Portugal;2021;2021;
A;Annual;MIO_EUR;Million euro;HF23;Enterprise financing schemes;PT;Portugal;2021;2021;
A;Annual;EUR_HAB;Euro per inhabitant;HF23;Enterprise financing schemes;PT;Portugal;2021;2021;
A;Annual;MIO_NAC;Million units of national currency;HF23;Enterprise financing schemes;PT;Portugal;2021;2021;
A;Annual;NAC_HAB;National currency per inhabitant;HF23;Enterprise financing schemes;PT;Portugal;2021;2021;
A;Annual;MIO_PPS;Million purchasing power standards (PPS);HF23;Enterprise financing schemes;PT;Portugal;2021;2021;
A;Annual;PPS_HAB;Purchasing power standard (PPS) per inhabitant;HF23;Enterprise financing schemes;PT;Portugal;2021;2021;
A;Annual;PC_GDP;Percentage of gross domestic product (GDP);HF23;Enterprise financing schemes;PT;Portugal;2021;2021;
A;Annual;PC_CHE;Percentual share of total current health expenditure (CHE);HF23;Enterprise financing schemes;PT;Portugal;2021;2021;
A;Annual;MIO_EUR;Million euro;HF3;Household out-of-pocket payment;PT;Portugal;2021;2021;
A;Annual;EUR_HAB;Euro per inhabitant;HF3;Household out-of-pocket payment;PT;Portugal;2021;2021;
A;Annual;MIO_NAC;Million units of national currency;HF3;Household out-of-pocket payment;PT;Portugal;2021;2021;
A;Annual;NAC_HAB;National currency per inhabitant;HF3;Household out-of-pocket payment;PT;Portugal;2021;2021;
A;Annual;MIO_PPS;Million purchasing power standards (PPS);HF3;Household out-of-pocket payment;PT;Portugal;2021;2021;
A;Annual;PPS_HAB;Purchasing power standard (PPS) per inhabitant;HF3;Household out-of-pocket payment;PT;Portugal;2021;2021;
A;Annual;PC_GDP;Percentage of gross domestic product (GDP);HF3;Household out-of-pocket payment;PT;Portugal;2021;2021;
A;Annual;PC_CHE;Percentual share of total current health expenditure (CHE);HF3;Household out-of-pocket payment;PT;Portugal;2021;2021;51.81
A;Annual;MIO_EUR;Million euro;HF31;Out-of-pocket excluding cost-sharing;PT;Portugal;2021;2021;53.34
A;Annual;EUR_HAB;Euro per inhabitant;HF31;Out-of-pocket excluding cost-sharing;PT;Portugal;2021;2021;
A;Annual;MIO_NAC;Million units of national currency;HF31;Out-of-pocket excluding cost-sharing;PT;Portugal;2021;2021;53.71
A;Annual;NAC_HAB;National currency per inhabitant;HF31;Out-of-pocket excluding cost-sharing;PT;Portugal;2021;2021;53.96
A;Annual;MIO_PPS;Million purchasing power standards (PPS);HF31;Out-of-pocket excluding cost-sharing;PT;Portugal;2021;2021;
A;Annual;PPS_HAB;Purchasing power standard (PPS) per inhabitant;HF31;Out-of-pocket excluding cost-sharing;PT;Portugal;2021;2021;53.16
A;Annual;PC_GDP;Percentage of gross domestic product (GDP);HF31;Out-of-pocket excluding cost-sharing;PT;Portugal;2021;2021;53.37
A;Annual;PC_CHE;Percentual share of total current health expenditure (CHE);HF31;Out-of-pocket excluding cost-sharing;PT;Portugal;2021;2021;54.61
A;Annual;MIO_EUR;Million euro;HF32;Cost sharing with third-party payers;PT;Portugal;2021;2021;
A;Annual;EUR_HAB;Euro per inhabitant;HF32;Cost sharing with third-party payers;PT;Portugal;2021;2021;
A;Annual;MIO_NAC;Million units of national currency;HF32;Cost sharing with third-party payers;PT;Portugal;2021;2021;
A;Annual;NAC_HAB;National currency per inhabitant;HF32;Cost sharing with third-party payers;PT;Portugal;2021;2021;
A;Annual;MIO_PPS;Million purchasing power standards (PPS);HF32;Cost sharing with third-party payers;PT;Portugal;2021;2021;
A;Annual;PPS_HAB;Purchasing power standard (PPS) per inhabitant;HF32;Cost sharing with third-party payers;PT;Portugal;2021;2021;
A;Annual;PC_GDP;Percentage of gross domestic product (GDP);HF32;Cost sharing with third-party payers;PT;Portugal;2021;2021;
A;Annual;PC_CHE;Percentual share of total current health expenditure (CHE);HF32;Cost sharing with third-party payers;PT;Portugal;2021;2021;
A;Annual;MIO_EUR;Million euro;HF4;Rest of the world financing schemes (non-resident);PT;Portugal;2021;2021;
A;Annual;EUR_HAB;Euro per inhabitant;HF4;Rest of the world financing schemes (non-resident);PT;Portugal;2021;2021;
A;Annual;MIO_NAC;Million units of national currency;HF4;Rest of the world financing schemes (non-resident);PT;Portugal;2021;2021;
A;Annual;NAC_HAB;National currency per inhabitant;HF4;Rest of the world financing schemes (non-resident);PT;Portugal;2021;2021;
A;Annual;MIO_PPS;Million purchasing power standards (PPS);HF4;Rest of the world financing schemes (non-resident);PT;Portugal;2021;2021;
A;Annual;PPS_HAB;Purchasing power standard (PPS) per inhabitant;HF4;Rest of the world financing schemes (non-resident);PT;Portugal;2021;2021;
A;Annual;PC_GDP;Percentage of gross domestic product (GDP);HF4;Rest of the world financing schemes (non-resident);PT;Portugal;2021;2021;
A;Annual;PC_CHE;Percentual share of total current health expenditure (CHE);HF4;Rest of the world financing schemes (non-resident);PT;Portugal;2021;2021;
A;Annual;MIO_EUR;Million euro;HF_UNK;Financing schemes unknown;PT;Portugal;2021;2021;
A;Annual;EUR_HAB;Euro per inhabitant;HF_UNK;Financing schemes unknown;PT;Portugal;2021;2021;
A;Annual;MIO_NAC;Million units of national currency;HF_UNK;Financing schemes unknown;PT;Portugal;2021;2021;
A;Annual;NAC_HAB;National currency per inhabitant;HF_UNK;Financing schemes unknown;PT;Portugal;2021;2021;
A;Annual;MIO_PPS;Million purchasing power standards (PPS);HF_UNK;Financing schemes unknown;PT;Portugal;2021;2021;
A;Annual;PPS_HAB;Purchasing power standard (PPS) per inhabitant;HF_UNK;Financing schemes unknown;PT;Portugal;2021;2021;
A;Annual;PC_GDP;Percentage of gross domestic product (GDP);HF_UNK;Financing schemes unknown;PT;Portugal;2021;2021;
A;Annual;PC_CHE;Percentual share of total current health expenditure (CHE);HF_UNK;Financing schemes unknown;PT;Portugal;2021;2021;
A;Annual;MIO_EUR;Million euro;TOT_HF;All financing schemes;PT;Portugal;2022;2022;
A;Annual;EUR_HAB;Euro per inhabitant;TOT_HF;All financing schemes;PT;Portugal;2022;2022;
A;Annual;MIO_NAC;Million units of national currency;TOT_HF;All financing schemes;PT;Portugal;2022;2022;
A;Annual;NAC_HAB;National currency per inhabitant;TOT_HF;All financing schemes;PT;Portugal;2022;2022;
A;Annual;MIO_PPS;Million purchasing power standards (PPS);TOT_HF;All financing schemes;PT;Portugal;2022;2022;
A;Annual;PPS_HAB;Purchasing power standard (PPS) per inhabitant;TOT_HF;All financing schemes;PT;Portugal;2022;2022;0.0
A;Annual;PC_GDP;Percentage of gross domestic product (GDP);TOT_HF;All financing schemes;PT;Portugal;2022;2022;0.0
A;Annual;PC_CHE;Percentual share of total current health expenditure (CHE);TOT_HF;All financing schemes;PT;Portugal;2022;2022;0.0
A;Annual;MIO_EUR;Million euro;HF1;Government schemes and compulsory contributory health care financing schemes;PT;Portugal;2022;2022;0.0
A;Annual;EUR_HAB;Euro per inhabitant;HF1;Government schemes and compulsory contributory health care financing schemes;PT;Portugal;2022;2022;0.0
A;Annual;MIO_NAC;Million units of national currency;HF1;Government schemes and compulsory contributory health care financing schemes;PT;Portugal;2022;2022;0.0
A;Annual;NAC_HAB;National currency per inhabitant;HF1;Government schemes and compulsory contributory health care financing schemes;PT;Portugal;2022;2022;0.0
A;Annual;MIO_PPS;Million purchasing power standards (PPS);HF1;Government schemes and compulsory contributory health care financing schemes;PT;Portugal;2022;2022;0.0
A;Annual;PPS_HAB;Purchasing power standard (PPS) per inhabitant;HF1;Government schemes and compulsory contributory health care financing schemes;PT;Portugal;2022;2022;0.0
A;Annual;PC_GDP;Percentage of gross domestic product (GDP);HF1;Government schemes and compulsory contributory health care financing schemes;PT;Portugal;2022;2022;0.0
A;Annual;PC_CHE;Percentual share of total current health expenditure (CHE);HF1;Government schemes and compulsory contributory health care financing schemes;PT;Portugal;2022;2022;0.0
A;Annual;MIO_EUR;Million euro;HF11;Government schemes;PT;Portugal;2022;2022;
A;Annual;EUR_HAB;Euro per inhabitant;HF11;Government schemes;PT;Portugal;2022;2022;
A;Annual;MIO_NAC;Million units of national currency;HF11;Government schemes;PT;Portugal;2022;2022;
A;Annual;NAC_HAB;National currency per inhabitant;HF11;Government schemes;PT;Portugal;2022;2022;
A;Annual;MIO_PPS;Million purchasing power standards (PPS);HF11;Government schemes;PT;Portugal;2022;2022;
A;Annual;PPS_HAB;Purchasing power standard (PPS) per inhabitant;HF11;Government schemes;PT;Portugal;2022;2022;
A;Annual;PC_GDP;Percentage of gross domestic product (GDP);HF11;Government schemes;PT;Portugal;2022;2022;
A;Annual;PC_CHE;Percentual share of total current health expenditure (CHE);HF11;Government schemes;PT;Portugal;2022;2022;
A;Annual;MIO_EUR;Million euro;HF12_13;Compulsory contributory health insurance schemes and compulsory medical saving accounts (CMSA);PT;Portugal;2022;2022;
A;Annual;EUR_HAB;Euro per inhabitant;HF12_13;Compulsory contributory health insurance schemes and compulsory medical saving accounts (CMSA);PT;Portugal;2022;2022;
A;Annual;MIO_NAC;Million units of national currency;HF12_13;Compulsory contributory health insurance schemes and compulsory medical saving accounts (CMSA);PT;Portugal;2022;2022;
A;Annual;NAC_HAB;National currency per inhabitant;HF12_13;Compulsory contributory health insurance schemes and compulsory medical saving accounts (CMSA);PT;Portugal;2022;2022;
A;Annual;MIO_PPS;Million purchasing power standards (PPS);HF12_13;Compulsory contributory health insurance schemes and compulsory medical saving accounts (CMSA);PT;Portugal;2022;2022;
A;Annual;PPS_HAB;Purchasing power standard (PPS) per inhabitant;HF12_13;Compulsory contributory health insurance schemes and compulsory medical saving accounts (CMSA);PT;Portugal;2022;2022;
A;Annual;PC_GDP;Percentage of gross domestic product (GDP);HF12_13;Compulsory contributory health insurance schemes and compulsory medical saving accounts (CMSA);PT;Portugal;2022;2022;
A;Annual;PC_CHE;Percentual share of total current health expenditure (CHE);HF12_13;Compulsory contributory health insurance schemes and compulsory medical saving accounts (CMSA);PT;Portugal;2022;2022;
A;Annual;MIO_EUR;Million euro;HF121;Social health insurance schemes;PT;Portugal;2022;2022;
A;Annual;EUR_HAB;Euro per inhabitant;HF121;Social health insurance schemes;PT;Portugal;2022;2022;
A;Annual;MIO_NAC;Million units of national currency;HF121;Social health insurance schemes;PT;Portugal;2022;2022;
A;Annual;NAC_HAB;National currency per inhabitant;HF121;Social health insurance schemes;PT;Portugal;2022;2022;
A;Annual;MIO_PPS;Million purchasing power standards (PPS);HF121;Social health insurance schemes;PT;Portugal;2022;2022;
A;Annual;PPS_HAB;Purchasing power standard (PPS) per inhabitant;HF121;Social health insurance schemes;PT;Portugal;2022;2022;
A;Annual;PC_GDP;Percentage of gross domestic product (GDP);HF121;Social health insurance schemes;PT;Portugal;2022;2022;
A;Annual;PC_CHE;Percentual share of total current health expenditure (CHE);HF121;Social health insurance schemes;PT;Portugal;2022;2022;
A;Annual;MIO_EUR;Million euro;HF122;Compulsory private insurance scheme;PT;Portugal;2022;2022;
A;Annual;EUR_HAB;Euro per inhabitant;HF122;Compulsory private insurance scheme;PT;Portugal;2022;2022;
A;Annual;MIO_NAC;Million units of national currency;HF122;Compulsory private insurance scheme;PT;Portugal;2022;2022;
A;Annual;NAC_HAB;National currency per inhabitant;HF122;Compulsory private insurance scheme;PT;Portugal;2022;2022;
A;Annual;MIO_PPS;Million purchasing power standards (PPS);HF122;Compulsory private insurance scheme;PT;Portugal;2022;2022;
A;Annual;PPS_HAB;Purchasing power standard (PPS) per inhabitant;HF122;Compulsory private insurance scheme;PT;Portugal;2022;2022;
A;Annual;PC_GDP;Percentage of gross domestic product (GDP);HF122;Compulsory private insurance scheme;PT;Portugal;2022;2022;
A;Annual;PC_CHE;Percentual share of total current health expenditure (CHE);HF122;Compulsory private insurance scheme;PT;Portugal;2022;2022;0.0
A;Annual;MIO_EUR;Million euro;HF13;Compulsory medical savings accounts (CMSA);PT;Portugal;2022;2022;0.0
A;Annual;EUR_HAB;Euro per inhabitant;HF13;Compulsory medical savings accounts (CMSA);PT;Portugal;2022;2022;
A;Annual;MIO_NAC;Million units of national currency;HF13;Compulsory medical savings accounts (CMSA);PT;Portugal;2022;2022;
A;Annual;NAC_HAB;National currency per inhabitant;HF13;Compulsory medical savings accounts (CMSA);PT;Portugal;2022;2022;
A;Annual;MIO_PPS;Million purchasing power standards (PPS);HF13;Compulsory medical savings accounts (CMSA);PT;Portugal;2022;2022;
A;Annual;PPS_HAB;Purchasing power standard (PPS) per inhabitant;HF13;Compulsory medical savings accounts (CMSA);PT;Portugal;2022;2022;
A;Annual;PC_GDP;Percentage of gross domestic product (GDP);HF13;Compulsory medical savings accounts (CMSA);PT;Portugal;2022;2022;
A;Annual;PC_CHE;Percentual share of total current health expenditure (CHE);HF13;Compulsory medical savings accounts (CMSA);PT;Portugal;2022;2022;
A;Annual;MIO_EUR;Million euro;HF2;Voluntary health care payment schemes;PT;Portugal;2022;2022;
A;Annual;EUR_HAB;Euro per inhabitant;HF2;Voluntary health care payment schemes;PT;Portugal;2022;2022;
A;Annual;MIO_NAC;Million units of national currency;HF2;Voluntary health care payment schemes;PT;Portugal;2022;2022;
A;Annual;NAC_HAB;National currency per inhabitant;HF2;Voluntary health care payment schemes;PT;Portugal;2022;2022;
A;Annual;MIO_PPS;Million purchasing power standards (PPS);HF2;Voluntary health care payment schemes;PT;Portugal;2022;2022;
A;Annual;PPS_HAB;Purchasing power standard (PPS) per inhabitant;HF2;Voluntary health care payment schemes;PT;Portugal;2022;2022;
A;Annual;PC_GDP;Percentage of gross domestic product (GDP);HF2;Voluntary health care payment schemes;PT;Portugal;2022;2022;
A;Annual;PC_CHE;Percentual share of total current health expenditure (CHE);HF2;Voluntary health care payment schemes;PT;Portugal;2022;2022;
A;Annual;MIO_EUR;Million euro;HF21;Voluntary health insurance schemes;PT;Portugal;2022;2022;
A;Annual;EUR_HAB;Euro per inhabitant;HF21;Voluntary health insurance schemes;PT;Portugal;2022;2022;
A;Annual;MIO_NAC;Million units of national currency;HF21;Voluntary health insurance schemes;PT;Portugal;2022;2022;
A;Annual;NAC_HAB;National currency per inhabitant;HF21;Voluntary health insurance schemes;PT;Portugal;2022;2022;
A;Annual;MIO_PPS;Million purchasing power standards (PPS);HF21;Voluntary health insurance schemes;PT;Portugal;2022;2022;
A;Annual;PPS_HAB;Purchasing power standard (PPS) per inhabitant;HF21;Voluntary health insurance schemes;PT;Portugal;2022;2022;
A;Annual;PC_GDP;Percentage of gross domestic product (GDP);HF21;Voluntary health insurance schemes;PT;Portugal;2022;2022;
A;Annual;PC_CHE;Percentual share of total current health expenditure (CHE);HF21;Voluntary health insurance schemes;PT;Portugal;2022;2022;
A;Annual;MIO_EUR;Million euro;HF22;NPISH financing schemes;PT;Portugal;2022;2022;
A;Annual;EUR_HAB;Euro per inhabitant;HF22;NPISH financing schemes;PT;Portugal;2022;2022;
A;Annual;MIO_NAC;Million units of national currency;HF22;NPISH financing schemes;PT;Portugal;2022;2022;
A;Annual;NAC_HAB;National currency per inhabitant;HF22;NPISH financing schemes;PT;Portugal;2022;2022;
A;Annual;MIO_PPS;Million purchasing power standards (PPS);HF22;NPISH financing schemes;PT;Portugal;2022;2022;
A;Annual;PPS_HAB;Purchasing power standard (PPS) per inhabitant;HF22;NPISH financing schemes;PT;Portugal;2022;2022;
A;Annual;PC_GDP;Percentage of gross domestic product (GDP);HF22;NPISH financing schemes;PT;Portugal;2022;2022;
A;Annual;PC_CHE;Percentual share of total current health expenditure (CHE);HF22;NPISH financing schemes;PT;Portugal;2022;2022;
A;Annual;MIO_EUR;Million euro;HF23;Enterprise financing schemes;PT;Portugal;2022;2022;0.0
A;Annual;EUR_HAB;Euro per inhabitant;HF23;Enterprise financing schemes;PT;Portugal;2022;2022;0.0
A;Annual;MIO_NAC;Million units of national currency;HF23;Enterprise financing schemes;PT;Portugal;2022;2022;
A;Annual;NAC_HAB;National currency per inhabitant;HF23;Enterprise financing schemes;PT;Portugal;2022;2022;
A;Annual;MIO_PPS;Million purchasing power standards (PPS);HF23;Enterprise financing schemes;PT;Portugal;2022;2022;
A;Annual;PPS_HAB;Purchasing power standard (PPS) per inhabitant;HF23;Enterprise financing schemes;PT;Portugal;2022;2022;
A;Annual;PC_GDP;Percentage of gross domestic product (GDP);HF23;Enterprise financing schemes;PT;Portugal;2022;2022;
A;Annual;PC_CHE;Percentual share of total current health expenditure (CHE);HF23;Enterprise financing schemes;PT;Portugal;2022;2022;
A;Annual;MIO_EUR;Million euro;HF3;Household out-of-pocket payment;PT;Portugal;2022;2022;
A;Annual;EUR_HAB;Euro per inhabitant;HF3;Household out-of-pocket payment;PT;Portugal;2022;2022;
A;Annual;MIO_NAC;Million units of national currency;HF3;Household out-of-pocket payment;PT;Portugal;2022;2022;
A;Annual;NAC_HAB;National currency per inhabitant;HF3;Household out-of-pocket payment;PT;Portugal;2022;2022;
A;Annual;MIO_PPS;Million purchasing power standards (PPS);HF3;Household out-of-pocket payment;PT;Portugal;2022;2022;
A;Annual;PPS_HAB;Purchasing power standard (PPS) per inhabitant;HF3;Household out-of-pocket payment;PT;Portugal;2022;2022;
A;Annual;PC_GDP;Percentage of gross domestic product (GDP);HF3;Household out-of-pocket payment;PT;Portugal;2022;2022;
A;Annual;PC_CHE;Percentual share of total current health expenditure (CHE);HF3;Household out-of-pocket payment;PT;Portugal;2022;2022;
A;Annual;MIO_EUR;Million euro;HF31;Out-of-pocket excluding cost-sharing;PT;Portugal;2022;2022;
A;Annual;EUR_HAB;Euro per inhabitant;HF31;Out-of-pocket excluding cost-sharing;PT;Portugal;2022;2022;
A;Annual;MIO_NAC;Million units of national currency;HF31;Out-of-pocket excluding cost-sharing;PT;Portugal;2022;2022;
A;Annual;NAC_HAB;National currency per inhabitant;HF31;Out-of-pocket excluding cost-sharing;PT;Portugal;2022;2022;
A;Annual;MIO_PPS;Million purchasing power standards (PPS);HF31;Out-of-pocket excluding cost-sharing;PT;Portugal;2022;2022;
A;Annual;PPS_HAB;Purchasing power standard (PPS) per inhabitant;HF31;Out-of-pocket excluding cost-sharing;PT;Portugal;2022;2022;
A;Annual;PC_GDP;Percentage of gross domestic product (GDP);HF31;Out-of-pocket excluding cost-sharing;PT;Portugal;2022;2022;
A;Annual;PC_CHE;Percentual share of total current health expenditure (CHE);HF31;Out-of-pocket excluding cost-sharing;PT;Portugal;2022;2022;
A;Annual;MIO_EUR;Million euro;HF32;Cost sharing with third-party payers;PT;Portugal;2022;2022;
A;Annual;EUR_HAB;Euro per inhabitant;HF32;Cost sharing with third-party payers;PT;Portugal;2022;2022;
A;Annual;MIO_NAC;Million units of national currency;HF32;Cost sharing with third-party payers;PT;Portugal;2022;2022;
A;Annual;NAC_HAB;National currency per inhabitant;HF32;Cost sharing with third-party payers;PT;Portugal;2022;2022;
A;Annual;MIO_PPS;Million purchasing power standards (PPS);HF32;Cost sharing with third-party payers;PT;Portugal;2022;2022;
A;Annual;PPS_HAB;Purchasing power standard (PPS) per inhabitant;HF32;Cost sharing with third-party payers;PT;Portugal;2022;2022;
A;Annual;PC_GDP;Percentage of gross domestic product (GDP);HF32;Cost sharing with third-party payers;PT;Portugal;2022;2022;
A;Annual;PC_CHE;Percentual share of total current health expenditure (CHE);HF32;Cost sharing with third-party payers;PT;Portugal;2022;2022;
A;Annual;MIO_EUR;Million euro;HF4;Rest of the world financing schemes (non-resident);PT;Portugal;2022;2022;0.0
A;Annual;EUR_HAB;Euro per inhabitant;HF4;Rest of the world financing schemes (non-resident);PT;Portugal;2022;2022;0.0
A;Annual;MIO_NAC;Million units of national currency;HF4;Rest of the world financing schemes (non-resident);PT;Portugal;2022;2022;0.0
A;Annual;NAC_HAB;National currency per inhabitant;HF4;Rest of the world financing schemes (non-resident);PT;Portugal;2022;2022;
A;Annual;MIO_PPS;Million purchasing power standards (PPS);HF4;Rest of the world financing schemes (non-resident);PT;Portugal;2022;2022;
A;Annual;PPS_HAB;Purchasing power standard (PPS) per inhabitant;HF4;Rest of the world financing schemes (non-resident);PT;Portugal;2022;2022;
A;Annual;PC_GDP;Percentage of gross domestic product (GDP);HF4;Rest of the world financing schemes (non-resident);PT;Portugal;2022;2022;
A;Annual;PC_CHE;Percentual share of total current health expenditure (CHE);HF4;Rest of the world financing schemes (non-resident);PT;Portugal;2022;2022;
A;Annual;MIO_EUR;Million euro;HF_UNK;Financing schemes unknown;PT;Portugal;2022;2022;
A;Annual;EUR_HAB;Euro per inhabitant;HF_UNK;Financing schemes unknown;PT;Portugal;2022;2022;
A;Annual;MIO_NAC;Million units of national currency;HF_UNK;Financing schemes unknown;PT;Portugal;2022;2022;
A;Annual;NAC_HAB;National currency per inhabitant;HF_UNK;Financing schemes unknown;PT;Portugal;2022;2022;
A;Annual;MIO_PPS;Million purchasing power standards (PPS);HF_UNK;Financing schemes unknown;PT;Portugal;2022;2022;
A;Annual;PPS_HAB;Purchasing power standard (PPS) per inhabitant;HF_UNK;Financing schemes unknown;PT;Portugal;2022;2022;
A;Annual;PC_GDP;Percentage of gross domestic product (GDP);HF_UNK;Financing schemes unknown;PT;Portugal;2022;2022;
A;Annual;PC_CHE;Percentual share of total current health expenditure (CHE);HF_UNK;Financing schemes unknown;PT;Portugal;2022;2022;
A;Annual;MIO_EUR;Million euro;TOT_HF;All financing schemes;PT;Portugal;2023;2023;
A;Annual;EUR_HAB;Euro per inhabitant;TOT_HF;All financing schemes;PT;Portugal;2023;2023;
A;Annual;MIO_NAC;Million units of national currency;TOT_HF;All financing schemes;PT;Portugal;2023;2023;
A;Annual;NAC_HAB;National currency per inhabitant;TOT_HF;All financing schemes;PT;Portugal;2023;2023;
A;Annual;MIO_PPS;Million purchasing power standards (PPS);TOT_HF;All financing schemes;PT;Portugal;2023;2023;
A;Annual;PPS_HAB;Purchasing power standard (PPS) per inhabitant;TOT_HF;All financing schemes;PT;Portugal;2023;2023;
A;Annual;PC_GDP;Percentage of gross domestic product (GDP);TOT_HF;All financing schemes;PT;Portugal;2023;2023;
A;Annual;PC_CHE;Percentual share of total current health expenditure (CHE);TOT_HF;All financing schemes;PT;Portugal;2023;2023;
A;Annual;MIO_EUR;Million euro;HF1;Government schemes and compulsory contributory health care financing schemes;PT;Portugal;2023;2023;
A;Annual;EUR_HAB;Euro per inhabitant;HF1;Government schemes and compulsory contributory health care financing schemes;PT;Portugal;2023;2023;
A;Annual;MIO_NAC;Million units of national currency;HF1;Government schemes and compulsory contributory health care financing schemes;PT;Portugal;2023;2023;
A;Annual;NAC_HAB;National currency per inhabitant;HF1;Government schemes and compulsory contributory health care financing schemes;PT;Portugal;2023;2023;
A;Annual;MIO_PPS;Million purchasing power standards (PPS);HF1;Government schemes and compulsory contributory health care financing schemes;PT;Portugal;2023;2023;
A;Annual;PPS_HAB;Purchasing power standard (PPS) per inhabitant;HF1;Government schemes and compulsory contributory health care financing schemes;PT;Portugal;2023;2023;
A;Annual;PC_GDP;Percentage of gross domestic product (GDP);HF1;Government schemes and compulsory contributory health care financing schemes;PT;Portugal;2023;2023;0.0
A;Annual;PC_CHE;Percentual share of total current health expenditure (CHE);HF1;Government schemes and compulsory contributory health care financing schemes;PT;Portugal;2023;2023;0.0
A;Annual;MIO_EUR;Million euro;HF11;Government schemes;PT;Portugal;2023;2023;0.0
A;Annual;EUR_HAB;Euro per inhabitant;HF11;Government schemes;PT;Portugal;2023;2023;0.0
A;Annual;MIO_NAC;Million units of national currency;HF11;Government schemes;PT;Portugal;2023;2023;0.0
A;Annual;NAC_HAB;National currency per inhabitant;HF11;Government schemes;PT;Portugal;2023;2023;0.0
A;Annual;MIO_PPS;Million purchasing power standards (PPS);HF11;Government schemes;PT;Portugal;2023;2023;0.0
A;Annual;PPS_HAB;Purchasing power standard (PPS) per inhabitant;HF11;Government schemes;PT;Portugal;2023;2023;0.0
A;Annual;PC_GDP;Percentage of gross domestic product (GDP);HF11;Government schemes;PT;Portugal;2023;2023;0.0
A;Annual;PC_CHE;Percentual share of total current health expenditure (CHE);HF11;Government schemes;PT;Portugal;2023;2023;0.0
A;Annual;MIO_EUR;Million euro;HF12_13;Compulsory contributory health insurance schemes and compulsory medical saving accounts (CMSA);PT;Portugal;2023;2023;0.0
A;Annual;EUR_HAB;Euro per inhabitant;HF12_13;Compulsory contributory health insurance schemes and compulsory medical saving accounts (CMSA);PT;Portugal;2023;2023;0.0
A;Annual;MIO_NAC;Million units of national currency;HF12_13;Compulsory contributory health insurance schemes and compulsory medical saving accounts (CMSA);PT;Portugal;2023;2023;0.0
A;Annual;NAC_HAB;National currency per inhabitant;HF12_13;Compulsory contributory health insurance schemes and compulsory medical saving accounts (CMSA);PT;Portugal;2023;2023;0.0
A;Annual;MIO_PPS;Million purchasing power standards (PPS);HF12_13;Compulsory contributory health insurance schemes and compulsory medical saving accounts (CMSA);PT;Portugal;2023;2023;
A;Annual;PPS_HAB;Purchasing power standard (PPS) per inhabitant;HF12_13;Compulsory contributory health insurance schemes and compulsory medical saving accounts (CMSA);PT;Portugal;2023;2023;
A;Annual;PC_GDP;Percentage of gross domestic product (GDP);HF12_13;Compulsory contributory health insurance schemes and compulsory medical saving accounts (CMSA);PT;Portugal;2023;2023;
A;Annual;PC_CHE;Percentual share of total current health expenditure (CHE);HF12_13;Compulsory contributory health insurance schemes and compulsory medical saving accounts (CMSA);PT;Portugal;2023;2023;
A;Annual;MIO_EUR;Million euro;HF121;Social health insurance schemes;PT;Portugal;2023;2023;
A;Annual;EUR_HAB;Euro per inhabitant;HF121;Social health insurance schemes;PT;Portugal;2023;2023;
A;Annual;MIO_NAC;Million units of national currency;HF121;Social health insurance schemes;PT;Portugal;2023;2023;
A;Annual;NAC_HAB;National currency per inhabitant;HF121;Social health insurance schemes;PT;Portugal;2023;2023;
A;Annual;MIO_PPS;Million purchasing power standards (PPS);HF121;Social health insurance schemes;PT;Portugal;2023;2023;
A;Annual;PPS_HAB;Purchasing power standard (PPS) per inhabitant;HF121;Social health insurance schemes;PT;Portugal;2023;2023;
A;Annual;PC_GDP;Percentage of gross domestic product (GDP);HF121;Social health insurance schemes;PT;Portugal;2023;2023;
A;Annual;PC_CHE;Percentual share of total current health expenditure (CHE);HF121;Social health insurance schemes;PT;Portugal;2023;2023;
A;Annual;MIO_EUR;Million euro;HF122;Compulsory private insurance scheme;PT;Portugal;2023;2023;
A;Annual;EUR_HAB;Euro per inhabitant;HF122;Compulsory private insurance scheme;PT;Portugal;2023;2023;
A;Annual;MIO_NAC;Million units of national currency;HF122;Compulsory private insurance scheme;PT;Portugal;2023;2023;
A;Annual;NAC_HAB;National currency per inhabitant;HF122;Compulsory private insurance scheme;PT;Portugal;2023;2023;
A;Annual;MIO_PPS;Million purchasing power standards (PPS);HF122;Compulsory private insurance scheme;PT;Portugal;2023;2023;
A;Annual;PPS_HAB;Purchasing power standard (PPS) per inhabitant;HF122;Compulsory private insurance scheme;PT;Portugal;2023;2023;
A;Annual;PC_GDP;Percentage of gross domestic product (GDP);HF122;Compulsory private insurance scheme;PT;Portugal;2023;2023;
A;Annual;PC_CHE;Percentual share of total current health expenditure (CHE);HF122;Compulsory private insurance scheme;PT;Portugal;2023;2023;
A;Annual;MIO_EUR;Million euro;HF13;Compulsory medical savings accounts (CMSA);PT;Portugal;2023;2023;
A;Annual;EUR_HAB;Euro per inhabitant;HF13;Compulsory medical savings accounts (CMSA);PT;Portugal;2023;2023;0.53
A;Annual;MIO_NAC;Million units of national currency;HF13;Compulsory medical savings accounts (CMSA);PT;Portugal;2023;2023;0.64
A;Annual;NAC_HAB;National currency per inhabitant;HF13;Compulsory medical savings accounts (CMSA);PT;Portugal;2023;2023;0.71
A;Annual;MIO_PPS;Million purchasing power standards (PPS);HF13;Compulsory medical savings accounts (CMSA);PT;Portugal;2023;2023;0.58
A;Annual;PPS_HAB;Purchasing power standard (PPS) per inhabitant;HF13;Compulsory medical savings accounts (CMSA);PT;Portugal;2023;2023;0.56
A;Annual;PC_GDP;Percentage of gross domestic product (GDP);HF13;Compulsory medical savings accounts (CMSA);PT;Portugal;2023;2023;0.57
A;Annual;PC_CHE;Percentual share of total current health expenditure (CHE);HF13;Compulsory medical savings accounts (CMSA);PT;Portugal;2023;2023;0.55
A;Annual;MIO_EUR;Million euro;HF2;Voluntary health care payment schemes;PT;Portugal;2023;2023;0.45
A;Annual;EUR_HAB;Euro per inhabitant;HF2;Voluntary health care payment schemes;PT;Portugal;2023;2023;0.47
A;Annual;MIO_NAC;Million units of national currency;HF2;Voluntary health care payment schemes;PT;Portugal;2023;2023;0.44
A;Annual;NAC_HAB;National currency per inhabitant;HF2;Voluntary health care payment schemes;PT;Portugal;2023;2023;0.55
A;Annual;MIO_PPS;Million purchasing power standards (PPS);HF2;Voluntary health care payment schemes;PT;Portugal;2023;2023;
A;Annual;PPS_HAB;Purchasing power standard (PPS) per inhabitant;HF2;Voluntary health care payment schemes;PT;Portugal;2023;2023;
A;Annual;PC_GDP;Percentage of gross domestic product (GDP);HF2;Voluntary health care payment schemes;PT;Portugal;2023;2023;
A;Annual;PC_CHE;Percentual share of total current health expenditure (CHE);HF2;Voluntary health care payment schemes;PT;Portugal;2023;2023;
A;Annual;MIO_EUR;Million euro;HF21;Voluntary health insurance schemes;PT;Portugal;2023;2023;
A;Annual;EUR_HAB;Euro per inhabitant;HF21;Voluntary health insurance schemes;PT;Portugal;2023;2023;
A;Annual;MIO_NAC;Million units of national currency;HF21;Voluntary health insurance schemes;PT;Portugal;2023;2023;
A;Annual;NAC_HAB;National currency per inhabitant;HF21;Voluntary health insurance schemes;PT;Portugal;2023;2023;
A;Annual;MIO_PPS;Million purchasing power standards (PPS);HF21;Voluntary health insurance schemes;PT;Portugal;2023;2023;
A;Annual;PPS_HAB;Purchasing power standard (PPS) per inhabitant;HF21;Voluntary health insurance schemes;PT;Portugal;2023;2023;
A;Annual;PC_GDP;Percentage of gross domestic product (GDP);HF21;Voluntary health insurance schemes;PT;Portugal;2023;2023;
A;Annual;PC_CHE;Percentual share of total current health expenditure (CHE);HF21;Voluntary health insurance schemes;PT;Portugal;2023;2023;
A;Annual;MIO_EUR;Million euro;HF22;NPISH financing schemes;PT;Portugal;2023;2023;0.23
A;Annual;EUR_HAB;Euro per inhabitant;HF22;NPISH financing schemes;PT;Portugal;2023;2023;0.22
A;Annual;MIO_NAC;Million units of national currency;HF22;NPISH financing schemes;PT;Portugal;2023;2023;0.23
A;Annual;NAC_HAB;National currency per inhabitant;HF22;NPISH financing schemes;PT;Portugal;2023;2023;0.21
A;Annual;MIO_PPS;Million purchasing power standards (PPS);HF22;NPISH financing schemes;PT;Portugal;2023;2023;0.23
A;Annual;PPS_HAB;Purchasing power standard (PPS) per inhabitant;HF22;NPISH financing schemes;PT;Portugal;2023;2023;0.15
A;Annual;PC_GDP;Percentage of gross domestic product (GDP);HF22;NPISH financing schemes;PT;Portugal;2023;2023;0.26
A;Annual;PC_CHE;Percentual share of total current health expenditure (CHE);HF22;NPISH financing schemes;PT;Portugal;2023;2023;0.22
A;Annual;MIO_EUR;Million euro;HF23;Enterprise financing schemes;PT;Portugal;2023;2023;0.37
A;Annual;EUR_HAB;Euro per inhabitant;HF23;Enterprise financing schemes;PT;Portugal;2023;2023;0.44
A;Annual;MIO_NAC;Million units of national currency;HF23;Enterprise financing schemes;PT;Portugal;2023;2023;0.38
A;Annual;NAC_HAB;National currency per inhabitant;HF23;Enterprise financing schemes;PT;Portugal;2023;2023;0.33
A;Annual;MIO_PPS;Million purchasing power standards (PPS);HF23;Enterprise financing schemes;PT;Portugal;2023;2023;0.34
A;Annual;PPS_HAB;Purchasing power standard (PPS) per inhabitant;HF23;Enterprise financing schemes;PT;Portugal;2023;2023;0.35
A;Annual;PC_GDP;Percentage of gross domestic product (GDP);HF23;Enterprise financing schemes;PT;Portugal;2023;2023;0.37
A;Annual;PC_CHE;Percentual share of total current health expenditure (CHE);HF23;Enterprise financing schemes;PT;Portugal;2023;2023;0.33
A;Annual;MIO_EUR;Million euro;HF3;Household out-of-pocket payment;PT;Portugal;2023;2023;0.36
A;Annual;EUR_HAB;Euro per inhabitant;HF3;Household out-of-pocket payment;PT;Portugal;2023;2023;0.25
A;Annual;MIO_NAC;Million units of national currency;HF3;Household out-of-pocket payment;PT;Portugal;2023;2023;0.25
A;Annual;NAC_HAB;National currency per inhabitant;HF3;Household out-of-pocket payment;PT;Portugal;2023;2023;0.25
A;Annual;MIO_PPS;Million purchasing power standards (PPS);HF3;Household out-of-pocket payment;PT;Portugal;2023;2023;
A;Annual;PPS_HAB;Purchasing power standard (PPS) per inhabitant;HF3;Household out-of-pocket payment;PT;Portugal;2023;2023;
A;Annual;PC_GDP;Percentage of gross domestic product (GDP);HF3;Household out-of-pocket payment;PT;Portugal;2023;2023;
A;Annual;PC_CHE;Percentual share of total current health expenditure (CHE);HF3;Household out-of-pocket payment;PT;Portugal;2023;2023;
A;Annual;MIO_EUR;Million euro;HF31;Out-of-pocket excluding cost-sharing;PT;Portugal;2023;2023;
A;Annual;EUR_HAB;Euro per inhabitant;HF31;Out-of-pocket excluding cost-sharing;PT;Portugal;2023;2023;
A;Annual;MIO_NAC;Million units of national currency;HF31;Out-of-pocket excluding cost-sharing;PT;Portugal;2023;2023;
A;Annual;NAC_HAB;National currency per inhabitant;HF31;Out-of-pocket excluding cost-sharing;PT;Portugal;2023;2023;
A;Annual;MIO_PPS;Million purchasing power standards (PPS);HF31;Out-of-pocket excluding cost-sharing;PT;Portugal;2023;2023;
A;Annual;PPS_HAB;Purchasing power standard (PPS) per inhabitant;HF31;Out-of-pocket excluding cost-sharing;PT;Portugal;2023;2023;
A;Annual;PC_GDP;Percentage of gross domestic product (GDP);HF31;Out-of-pocket excluding cost-sharing;PT;Portugal;2023;2023;
A;Annual;PC_CHE;Percentual share of total current health expenditure (CHE);HF31;Out-of-pocket excluding cost-sharing;PT;Portugal;2023;2023;
A;Annual;MIO_EUR;Million euro;HF32;Cost sharing with third-party payers;PT;Portugal;2023;2023;
A;Annual;EUR_HAB;Euro per inhabitant;HF32;Cost sharing with third-party payers;PT;Portugal;2023;2023;
A;Annual;MIO_NAC;Million units of national currency;HF32;Cost sharing with third-party payers;PT;Portugal;2023;2023;
A;Annual;NAC_HAB;National currency per inhabitant;HF32;Cost sharing with third-party payers;PT;Portugal;2023;2023;
A;Annual;MIO_PPS;Million purchasing power standards (PPS);HF32;Cost sharing with third-party payers;PT;Portugal;2023;2023;
A;Annual;PPS_HAB;Purchasing power standard (PPS) per inhabitant;HF32;Cost sharing with third-party payers;PT;Portugal;2023;2023;
A;Annual;PC_GDP;Percentage of gross domestic product (GDP);HF32;Cost sharing with third-party payers;PT;Portugal;2023;2023;
A;Annual;PC_CHE;Percentual share of total current health expenditure (CHE);HF32;Cost sharing with third-party payers;PT;Portugal;2023;2023;
A;Annual;MIO_EUR;Million euro;HF4;Rest of the world financing schemes (non-resident);PT;Portugal;2023;2023;0.92
A;Annual;EUR_HAB;Euro per inhabitant;HF4;Rest of the world financing schemes (non-resident);PT;Portugal;2023;2023;0.83
A;Annual;MIO_NAC;Million units of national currency;HF4;Rest of the world financing schemes (non-resident);PT;Portugal;2023;2023;0.85
A;Annual;NAC_HAB;National currency per inhabitant;HF4;Rest of the world financing schemes (non-resident);PT;Portugal;2023;2023;1.08
A;Annual;MIO_PPS;Million purchasing power standards (PPS);HF4;Rest of the world financing schemes (non-resident);PT;Portugal;2023;2023;1.03
A;Annual;PPS_HAB;Purchasing power standard (PPS) per inhabitant;HF4;Rest of the world financing schemes (non-resident);PT;Portugal;2023;2023;1.07
A;Annual;PC_GDP;Percentage of gross domestic product (GDP);HF4;Rest of the world financing schemes (non-resident);PT;Portugal;2023;2023;0.98
A;Annual;PC_CHE;Percentual share of total current health expenditure (CHE);HF4;Rest of the world financing schemes (non-resident);PT;Portugal;2023;2023;0.97
A;Annual;MIO_EUR;Million euro;HF_UNK;Financing schemes unknown;PT;Portugal;2023;2023;1.14
A;Annual;EUR_HAB;Euro per inhabitant;HF_UNK;Financing schemes unknown;PT;Portugal;2023;2023;1.1
A;Annual;MIO_NAC;Million units of national currency;HF_UNK;Financing schemes unknown;PT;Portugal;2023;2023;1.49
A;Annual;NAC_HAB;National currency per inhabitant;HF_UNK;Financing schemes unknown;PT;Portugal;2023;2023;1.22
A;Annual;MIO_PPS;Million purchasing power standards (PPS);HF_UNK;Financing schemes unknown;PT;Portugal;2023;2023;1.37
A;Annual;PPS_HAB;Purchasing power standard (PPS) per inhabitant;HF_UNK;Financing schemes unknown;PT;Portugal;2023;2023;1.4
A;Annual;PC_GDP;Percentage of gross domestic product (GDP);HF_UNK;Financing schemes unknown;PT;Portugal;2023;2023;1.45
A;Annual;PC_CHE;Percentual share of total current health expenditure (CHE);HF_UNK;Financing schemes unknown;PT;Portugal;2023;2023;
A;Annual;MIO_EUR;Million euro;TOT_HF;All financing schemes;PT;Portugal;2024;2024;
A;Annual;EUR_HAB;Euro per inhabitant;TOT_HF;All financing schemes;PT;Portugal;2024;2024;
A;Annual;MIO_NAC;Million units of national currency;TOT_HF;All financing schemes;PT;Portugal;2024;2024;
A;Annual;NAC_HAB;National currency per inhabitant;TOT_HF;All financing schemes;PT;Portugal;2024;2024;
A;Annual;MIO_PPS;Million purchasing power standards (PPS);TOT_HF;All financing schemes;PT;Portugal;2024;2024;
A;Annual;PPS_HAB;Purchasing power standard (PPS) per inhabitant;TOT_HF;All financing schemes;PT;Portugal;2024;2024;
A;Annual;PC_GDP;Percentage of gross domestic product (GDP);TOT_HF;All financing schemes;PT;Portugal;2024;2024;
A;Annual;PC_CHE;Percentual share of total current health expenditure (CHE);TOT_HF;All financing schemes;PT;Portugal;2024;2024;
A;Annual;MIO_EUR;Million euro;HF1;Government schemes and compulsory contributory health care financing schemes;PT;Portugal;2024;2024;
A;Annual;EUR_HAB;Euro per inhabitant;HF1;Government schemes and compulsory contributory health care financing schemes;PT;Portugal;2024;2024;
A;Annual;MIO_NAC;Million units of national currency;HF1;Government schemes and compulsory contributory health care financing schemes;PT;Portugal;2024;2024;
A;Annual;NAC_HAB;National currency per inhabitant;HF1;Government schemes and compulsory contributory health care financing schemes;PT;Portugal;2024;2024;
A;Annual;MIO_PPS;Million purchasing power standards (PPS);HF1;Government schemes and compulsory contributory health care financing schemes;PT;Portugal;2024;2024;
A;Annual;PPS_HAB;Purchasing power standard (PPS) per inhabitant;HF1;Government schemes and compulsory contributory health care financing schemes;PT;Portugal;2024;2024;
A;Annual;PC_GDP;Percentage of gross domestic product (GDP);HF1;Government schemes and compulsory contributory health care financing schemes;PT;Portugal;2024;2024;
A;Annual;PC_CHE;Percentual share of total current health expenditure (CHE);HF1;Government schemes and compulsory contributory health care financing schemes;PT;Portugal;2024;2024;
A;Annual;MIO_EUR;Million euro;HF11;Government schemes;PT;Portugal;2024;2024;
A;Annual;EUR_HAB;Euro per inhabitant;HF11;Government schemes;PT;Portugal;2024;2024;
A;Annual;MIO_NAC;Million units of national currency;HF11;Government schemes;PT;Portugal;2024;2024;
A;Annual;NAC_HAB;National currency per inhabitant;HF11;Government schemes;PT;Portugal;2024;2024;
A;Annual;MIO_PPS;Million purchasing power standards (PPS);HF11;Government schemes;PT;Portugal;2024;2024;
A;Annual;PPS_HAB;Purchasing power standard (PPS) per inhabitant;HF11;Government schemes;PT;Portugal;2024;2024;
A;Annual;PC_GDP;Percentage of gross domestic product (GDP);HF11;Government schemes;PT;Portugal;2024;2024;
A;Annual;PC_CHE;Percentual share of total current health expenditure (CHE);HF11;Government schemes;PT;Portugal;2024;2024;
A;Annual;MIO_EUR;Million euro;HF12_13;Compulsory contributory health insurance schemes and compulsory medical saving accounts (CMSA);PT;Portugal;2024;2024;
A;Annual;EUR_HAB;Euro per inhabitant;HF12_13;Compulsory contributory health insurance schemes and compulsory medical saving accounts (CMSA);PT;Portugal;2024;2024;
A;Annual;MIO_NAC;Million units of national currency;HF12_13;Compulsory contributory health insurance schemes and compulsory medical saving accounts (CMSA);PT;Portugal;2024;2024;
A;Annual;NAC_HAB;National currency per inhabitant;HF12_13;Compulsory contributory health insurance schemes and compulsory medical saving accounts (CMSA);PT;Portugal;2024;2024;
A;Annual;MIO_PPS;Million purchasing power standards (PPS);HF12_13;Compulsory contributory health insurance schemes and compulsory medical saving accounts (CMSA);PT;Portugal;2024;2024;
A;Annual;PPS_HAB;Purchasing power standard (PPS) per inhabitant;HF12_13;Compulsory contributory health insurance schemes and compulsory medical saving accounts (CMSA);PT;Portugal;2024;2024;
A;Annual;PC_GDP;Percentage of gross domestic product (GDP);HF12_13;Compulsory contributory health insurance schemes and compulsory medical saving accounts (CMSA);PT;Portugal;2024;2024;
A;Annual;PC_CHE;Percentual share of total current health expenditure (CHE);HF12_13;Compulsory contributory health insurance schemes and compulsory medical saving accounts (CMSA);PT;Portugal;2024;2024;0.0
A;Annual;MIO_EUR;Million euro;HF121;Social health insurance schemes;PT;Portugal;2024;2024;
A;Annual;EUR_HAB;Euro per inhabitant;HF121;Social health insurance schemes;PT;Portugal;2024;2024;
A;Annual;MIO_NAC;Million units of national currency;HF121;Social health insurance schemes;PT;Portugal;2024;2024;
A;Annual;NAC_HAB;National currency per inhabitant;HF121;Social health insurance schemes;PT;Portugal;2024;2024;0.0
A;Annual;MIO_PPS;Million purchasing power standards (PPS);HF121;Social health insurance schemes;PT;Portugal;2024;2024;0.0
A;Annual;PPS_HAB;Purchasing power standard (PPS) per inhabitant;HF121;Social health insurance schemes;PT;Portugal;2024;2024;
A;Annual;PC_GDP;Percentage of gross domestic product (GDP);HF121;Social health insurance schemes;PT;Portugal;2024;2024;
A;Annual;PC_CHE;Percentual share of total current health expenditure (CHE);HF121;Social health insurance schemes;PT;Portugal;2024;2024;
A;Annual;MIO_EUR;Million euro;HF122;Compulsory private insurance scheme;PT;Portugal;2024;2024;
A;Annual;EUR_HAB;Euro per inhabitant;HF122;Compulsory private insurance scheme;PT;Portugal;2024;2024;
A;Annual;MIO_NAC;Million units of national currency;HF122;Compulsory private insurance scheme;PT;Portugal;2024;2024;
A;Annual;NAC_HAB;National currency per inhabitant;HF122;Compulsory private insurance scheme;PT;Portugal;2024;2024;
A;Annual;MIO_PPS;Million purchasing power standards (PPS);HF122;Compulsory private insurance scheme;PT;Portugal;2024;2024;
A;Annual;PPS_HAB;Purchasing power standard (PPS) per inhabitant;HF122;Compulsory private insurance scheme;PT;Portugal;2024;2024;
A;Annual;PC_GDP;Percentage of gross domestic product (GDP);HF122;Compulsory private insurance scheme;PT;Portugal;2024;2024;
A;Annual;PC_CHE;Percentual share of total current health expenditure (CHE);HF122;Compulsory private insurance scheme;PT;Portugal;2024;2024;
A;Annual;MIO_EUR;Million euro;HF13;Compulsory medical savings accounts (CMSA);PT;Portugal;2024;2024;
A;Annual;EUR_HAB;Euro per inhabitant;HF13;Compulsory medical savings accounts (CMSA);PT;Portugal;2024;2024;
A;Annual;MIO_NAC;Million units of national currency;HF13;Compulsory medical savings accounts (CMSA);PT;Portugal;2024;2024;
A;Annual;NAC_HAB;National currency per inhabitant;HF13;Compulsory medical savings accounts (CMSA);PT;Portugal;2024;2024;
A;Annual;MIO_PPS;Million purchasing power standards (PPS);HF13;Compulsory medical savings accounts (CMSA);PT;Portugal;2024;2024;
A;Annual;PPS_HAB;Purchasing power standard (PPS) per inhabitant;HF13;Compulsory medical savings accounts (CMSA);PT;Portugal;2024;2024;
A;Annual;PC_GDP;Percentage of gross domestic product (GDP);HF13;Compulsory medical savings accounts (CMSA);PT;Portugal;2024;2024;
A;Annual;PC_CHE;Percentual share of total current health expenditure (CHE);HF13;Compulsory medical savings accounts (CMSA);PT;Portugal;2024;2024;
A;Annual;MIO_EUR;Million euro;HF2;Voluntary health care payment schemes;PT;Portugal;2024;2024;
A;Annual;EUR_HAB;Euro per inhabitant;HF2;Voluntary health care payment schemes;PT;Portugal;2024;2024;
A;Annual;MIO_NAC;Million units of national currency;HF2;Voluntary health care payment schemes;PT;Portugal;2024;2024;
A;Annual;NAC_HAB;National currency per inhabitant;HF2;Voluntary health care payment schemes;PT;Portugal;2024;2024;
A;Annual;MIO_PPS;Million purchasing power standards (PPS);HF2;Voluntary health care payment schemes;PT;Portugal;2024;2024;
A;Annual;PPS_HAB;Purchasing power standard (PPS) per inhabitant;HF2;Voluntary health care payment schemes;PT;Portugal;2024;2024;
A;Annual;PC_GDP;Percentage of gross domestic product (GDP);HF2;Voluntary health care payment schemes;PT;Portugal;2024;2024;
A;Annual;PC_CHE;Percentual share of total current health expenditure (CHE);HF2;Voluntary health care payment schemes;PT;Portugal;2024;2024;
A;Annual;MIO_EUR;Million euro;HF21;Voluntary health insurance schemes;PT;Portugal;2024;2024;
A;Annual;EUR_HAB;Euro per inhabitant;HF21;Voluntary health insurance schemes;PT;Portugal;2024;2024;
A;Annual;MIO_NAC;Million units of national currency;HF21;Voluntary health insurance schemes;PT;Portugal;2024;2024;0.0
A;Annual;NAC_HAB;National currency per inhabitant;HF21;Voluntary health insurance schemes;PT;Portugal;2024;2024;
A;Annual;MIO_PPS;Million purchasing power standards (PPS);HF21;Voluntary health insurance schemes;PT;Portugal;2024;2024;
A;Annual;PPS_HAB;Purchasing power standard (PPS) per inhabitant;HF21;Voluntary health insurance schemes;PT;Portugal;2024;2024;
A;Annual;PC_GDP;Percentage of gross domestic product (GDP);HF21;Voluntary health insurance schemes;PT;Portugal;2024;2024;
A;Annual;PC_CHE;Percentual share of total current health expenditure (CHE);HF21;Voluntary health insurance schemes;PT;Portugal;2024;2024;
A;Annual;MIO_EUR;Million euro;HF22;NPISH financing schemes;PT;Portugal;2024;2024;
A;Annual;EUR_HAB;Euro per inhabitant;HF22;NPISH financing schemes;PT;Portugal;2024;2024;
A;Annual;MIO_NAC;Million units of national currency;HF22;NPISH financing schemes;PT;Portugal;2024;2024;
A;Annual;NAC_HAB;National currency per inhabitant;HF22;NPISH financing schemes;PT;Portugal;2024;2024;
A;Annual;MIO_PPS;Million purchasing power standards (PPS);HF22;NPISH financing schemes;PT;Portugal;2024;2024;
A;Annual;PPS_HAB;Purchasing power standard (PPS) per inhabitant;HF22;NPISH financing schemes;PT;Portugal;2024;2024;
A;Annual;PC_GDP;Percentage of gross domestic product (GDP);HF22;NPISH financing schemes;PT;Portugal;2024;2024;
A;Annual;PC_CHE;Percentual share of total current health expenditure (CHE);HF22;NPISH financing schemes;PT;Portugal;2024;2024;
A;Annual;MIO_EUR;Million euro;HF23;Enterprise financing schemes;PT;Portugal;2024;2024;
A;Annual;EUR_HAB;Euro per inhabitant;HF23;Enterprise financing schemes;PT;Portugal;2024;2024;
A;Annual;MIO_NAC;Million units of national currency;HF23;Enterprise financing schemes;PT;Portugal;2024;2024;
A;Annual;NAC_HAB;National currency per inhabitant;HF23;Enterprise financing schemes;PT;Portugal;2024;2024;
A;Annual;MIO_PPS;Million purchasing power standards (PPS);HF23;Enterprise financing schemes;PT;Portugal;2024;2024;
A;Annual;PPS_HAB;Purchasing power standard (PPS) per inhabitant;HF23;Enterprise financing schemes;PT;Portugal;2024;2024;
A;Annual;PC_GDP;Percentage of gross domestic product (GDP);HF23;Enterprise financing schemes;PT;Portugal;2024;2024;
A;Annual;PC_CHE;Percentual share of total current health expenditure (CHE);HF23;Enterprise financing schemes;PT;Portugal;2024;2024;
A;Annual;MIO_EUR;Million euro;HF3;Household out-of-pocket payment;PT;Portugal;2024;2024;
A;Annual;EUR_HAB;Euro per inhabitant;HF3;Household out-of-pocket payment;PT;Portugal;2024;2024;
A;Annual;MIO_NAC;Million units of national currency;HF3;Household out-of-pocket payment;PT;Portugal;2024;2024;
A;Annual;NAC_HAB;National currency per inhabitant;HF3;Household out-of-pocket payment;PT;Portugal;2024;2024;
A;Annual;MIO_PPS;Million purchasing power standards (PPS);HF3;Household out-of-pocket payment;PT;Portugal;2024;2024;
A;Annual;PPS_HAB;Purchasing power standard (PPS) per inhabitant;HF3;Household out-of-pocket payment;PT;Portugal;2024;2024;
A;Annual;PC_GDP;Percentage of gross domestic product (GDP);HF3;Household out-of-pocket payment;PT;Portugal;2024;2024;
A;Annual;PC_CHE;Percentual share of total current health expenditure (CHE);HF3;Household out-of-pocket payment;PT;Portugal;2024;2024;
A;Annual;MIO_EUR;Million euro;HF31;Out-of-pocket excluding cost-sharing;PT;Portugal;2024;2024;
A;Annual;EUR_HAB;Euro per inhabitant;HF31;Out-of-pocket excluding cost-sharing;PT;Portugal;2024;2024;
A;Annual;MIO_NAC;Million units of national currency;HF31;Out-of-pocket excluding cost-sharing;PT;Portugal;2024;2024;
A;Annual;NAC_HAB;National currency per inhabitant;HF31;Out-of-pocket excluding cost-sharing;PT;Portugal;2024;2024;
A;Annual;MIO_PPS;Million purchasing power standards (PPS);HF31;Out-of-pocket excluding cost-sharing;PT;Portugal;2024;2024;
A;Annual;PPS_HAB;Purchasing power standard (PPS) per inhabitant;HF31;Out-of-pocket excluding cost-sharing;PT;Portugal;2024;2024;
A;Annual;PC_GDP;Percentage of gross domestic product (GDP);HF31;Out-of-pocket excluding cost-sharing;PT;Portugal;2024;2024;
A;Annual;PC_CHE;Percentual share of total current health expenditure (CHE);HF31;Out-of-pocket excluding cost-sharing;PT;Portugal;2024;2024;
A;Annual;MIO_EUR;Million euro;HF32;Cost sharing with third-party payers;PT;Portugal;2024;2024;
A;Annual;EUR_HAB;Euro per inhabitant;HF32;Cost sharing with third-party payers;PT;Portugal;2024;2024;
A;Annual;MIO_NAC;Million units of national currency;HF32;Cost sharing with third-party payers;PT;Portugal;2024;2024;
A;Annual;NAC_HAB;National currency per inhabitant;HF32;Cost sharing with third-party payers;PT;Portugal;2024;2024;
A;Annual;MIO_PPS;Million purchasing power standards (PPS);HF32;Cost sharing with third-party payers;PT;Portugal;2024;2024;
A;Annual;PPS_HAB;Purchasing power standard (PPS) per inhabitant;HF32;Cost sharing with third-party payers;PT;Portugal;2024;2024;
A;Annual;PC_GDP;Percentage of gross domestic product (GDP);HF32;Cost sharing with third-party payers;PT;Portugal;2024;2024;
A;Annual;PC_CHE;Percentual share of total current health expenditure (CHE);HF32;Cost sharing with third-party payers;PT;Portugal;2024;2024;
A;Annual;MIO_EUR;Million euro;HF4;Rest of the world financing schemes (non-resident);PT;Portugal;2024;2024;
A;Annual;EUR_HAB;Euro per inhabitant;HF4;Rest of the world financing schemes (non-resident);PT;Portugal;2024;2024;
A;Annual;MIO_NAC;Million units of national currency;HF4;Rest of the world financing schemes (non-resident);PT;Portugal;2024;2024;
A;Annual;NAC_HAB;National currency per inhabitant;HF4;Rest of the world financing schemes (non-resident);PT;Portugal;2024;2024;
A;Annual;MIO_PPS;Million purchasing power standards (PPS);HF4;Rest of the world financing schemes (non-resident);PT;Portugal;2024;2024;
A;Annual;PPS_HAB;Purchasing power standard (PPS) per inhabitant;HF4;Rest of the world financing schemes (non-resident);PT;Portugal;2024;2024;
A;Annual;PC_GDP;Percentage of gross domestic product (GDP);HF4;Rest of the world financing schemes (non-resident);PT;Portugal;2024;2024;
A;Annual;PC_CHE;Percentual share of total current health expenditure (CHE);HF4;Rest of the world financing schemes (non-resident);PT;Portugal;2024;2024;
A;Annual;MIO_EUR;Million euro;HF_UNK;Financing schemes unknown;PT;Portugal;2024;2024;
A;Annual;EUR_HAB;Euro per inhabitant;HF_UNK;Financing schemes unknown;PT;Portugal;2024;2024;
A;Annual;MIO_NAC;Million units of national currency;HF_UNK;Financing schemes unknown;PT;Portugal;2024;2024;
A;Annual;NAC_HAB;National currency per inhabitant;HF_UNK;Financing schemes unknown;PT;Portugal;2024;2024;
A;Annual;MIO_PPS;Million purchasing power standards (PPS);HF_UNK;Financing schemes unknown;PT;Portugal;2024;2024;
A;Annual;PPS_HAB;Purchasing power standard (PPS) per inhabitant;HF_UNK;Financing schemes unknown;PT;Portugal;2024;2024;
A;Annual;PC_GDP;Percentage of gross domestic product (GDP);HF_UNK;Financing schemes unknown;PT;Portugal;2024;2024;
A;Annual;PC_CHE;Percentual share of total current health expenditure (CHE);HF_UNK;Financing schemes unknown;PT;Portugal;2024;2024;
