freq;freq_label;unit;unit_label;na_item;na_item_label;geo;geo_label;time;time_label;value
A;Annual;PC_EU27_2020_HAB_MEUR_CP;Percentage of EU27 (from 2020) total per capita (based on million euro, EU27 from 2020), current prices;B1GQ;Gross domestic product at market prices;PT;Portugal;1975;1975;
A;Annual;PC_EU27_2020_HAB_MPPS_CP;Percentage of EU27 (from 2020) total per capita (based on million purchasing power standards, EU27 from 2020), current prices;B1GQ;Gross domestic product at market prices;PT;Portugal;1975;1975;
A;Annual;CP_EUR_HAB;Current prices, euro per capita;B1GQ;Gross domestic product at market prices;PT;Portugal;1975;1975;
A;Annual;CP_NAC_HAB;Current prices, units of national currency per capita;B1GQ;Gross domestic product at market prices;PT;Portugal;1975;1975;
A;Annual;CP_PPS_EU27_2020_HAB;Current prices, purchasing power standard (PPS, EU27 from 2020) per capita;B1GQ;Gross domestic product at market prices;PT;Portugal;1975;1975;
A;Annual;CLV_I20_HAB;Chain linked volumes, Index 2020=100, per capita;B1GQ;Gross domestic product at market prices;PT;Portugal;1975;1975;
A;Annual;CLV_I15_HAB;Chain linked volumes, Index 2015=100, per capita;B1GQ;Gross domestic product at market prices;PT;Portugal;1975;1975;
A;Annual;CLV_I10_HAB;Chain linked volumes, Index 2010=100, per capita;B1GQ;Gross domestic product at market prices;PT;Portugal;1975;1975;
A;Annual;CLV20_EUR_HAB;Chain linked volumes (2020), euro per capita;B1GQ;Gross domestic product at market prices;PT;Portugal;1975;1975;
A;Annual;CLV15_EUR_HAB;Chain linked volumes (2015), euro per capita;B1GQ;Gross domestic product at market prices;PT;Portugal;1975;1975;
A;Annual;CLV10_EUR_HAB;Chain linked volumes (2010), euro per capita;B1GQ;Gross domestic product at market prices;PT;Portugal;1975;1975;
A;Annual;CLV_PCH_PRE_HAB;Chain linked volumes, percentage change on previous period, per capita;B1GQ;Gross domestic product at market prices;PT;Portugal;1975;1975;
A;Annual;PC_EU27_2020_HAB_MEUR_CP;Percentage of EU27 (from 2020) total per capita (based on million euro, EU27 from 2020), current prices;P3;Final consumption expenditure;PT;Portugal;1975;1975;74.7
A;Annual;PC_EU27_2020_HAB_MPPS_CP;Percentage of EU27 (from 2020) total per capita (based on million purchasing power standards, EU27 from 2020), current prices;P3;Final consumption expenditure;PT;Portugal;1975;1975;76.8
A;Annual;CP_EUR_HAB;Current prices, euro per capita;P3;Final consumption expenditure;PT;Portugal;1975;1975;80.9
A;Annual;CP_NAC_HAB;Current prices, units of national currency per capita;P3;Final consumption expenditure;PT;Portugal;1975;1975;79.3
A;Annual;CP_PPS_EU27_2020_HAB;Current prices, purchasing power standard (PPS, EU27 from 2020) per capita;P3;Final consumption expenditure;PT;Portugal;1975;1975;81.6
A;Annual;CLV_I20_HAB;Chain linked volumes, Index 2020=100, per capita;P3;Final consumption expenditure;PT;Portugal;1975;1975;77.8
A;Annual;CLV_I15_HAB;Chain linked volumes, Index 2015=100, per capita;P3;Final consumption expenditure;PT;Portugal;1975;1975;79.6
A;Annual;CLV_I10_HAB;Chain linked volumes, Index 2010=100, per capita;P3;Final consumption expenditure;PT;Portugal;1975;1975;82.6
A;Annual;CLV20_EUR_HAB;Chain linked volumes (2020), euro per capita;P3;Final consumption expenditure;PT;Portugal;1975;1975;86.0
A;Annual;CLV15_EUR_HAB;Chain linked volumes (2015), euro per capita;P3;Final consumption expenditure;PT;Portugal;1975;1975;89.2
A;Annual;CLV10_EUR_HAB;Chain linked volumes (2010), euro per capita;P3;Final consumption expenditure;PT;Portugal;1975;1975;90.8
A;Annual;CLV_PCH_PRE_HAB;Chain linked volumes, percentage change on previous period, per capita;P3;Final consumption expenditure;PT;Portugal;1975;1975;92.1
A;Annual;PC_EU27_2020_HAB_MEUR_CP;Percentage of EU27 (from 2020) total per capita (based on million euro, EU27 from 2020), current prices;P3_S13;Final consumption expenditure of general government;PT;Portugal;1975;1975;95.2
A;Annual;PC_EU27_2020_HAB_MPPS_CP;Percentage of EU27 (from 2020) total per capita (based on million purchasing power standards, EU27 from 2020), current prices;P3_S13;Final consumption expenditure of general government;PT;Portugal;1975;1975;97.7
A;Annual;CP_EUR_HAB;Current prices, euro per capita;P3_S13;Final consumption expenditure of general government;PT;Portugal;1975;1975;100.6
A;Annual;CP_NAC_HAB;Current prices, units of national currency per capita;P3_S13;Final consumption expenditure of general government;PT;Portugal;1975;1975;92.3
A;Annual;CP_PPS_EU27_2020_HAB;Current prices, purchasing power standard (PPS, EU27 from 2020) per capita;P3_S13;Final consumption expenditure of general government;PT;Portugal;1975;1975;84.5
A;Annual;CLV_I20_HAB;Chain linked volumes, Index 2020=100, per capita;P3_S13;Final consumption expenditure of general government;PT;Portugal;1975;1975;77.6
A;Annual;CLV_I15_HAB;Chain linked volumes, Index 2015=100, per capita;P3_S13;Final consumption expenditure of general government;PT;Portugal;1975;1975;72.7
A;Annual;CLV_I10_HAB;Chain linked volumes, Index 2010=100, per capita;P3_S13;Final consumption expenditure of general government;PT;Portugal;1975;1975;70.6
A;Annual;CLV20_EUR_HAB;Chain linked volumes (2020), euro per capita;P3_S13;Final consumption expenditure of general government;PT;Portugal;1975;1975;69.0
A;Annual;CLV15_EUR_HAB;Chain linked volumes (2015), euro per capita;P3_S13;Final consumption expenditure of general government;PT;Portugal;1975;1975;67.4
A;Annual;CLV10_EUR_HAB;Chain linked volumes (2010), euro per capita;P3_S13;Final consumption expenditure of general government;PT;Portugal;1975;1975;66.8
A;Annual;CLV_PCH_PRE_HAB;Chain linked volumes, percentage change on previous period, per capita;P3_S13;Final consumption expenditure of general government;PT;Portugal;1975;1975;65.7
A;Annual;PC_EU27_2020_HAB_MEUR_CP;Percentage of EU27 (from 2020) total per capita (based on million euro, EU27 from 2020), current prices;P31_S13;Individual consumption expenditure of general government;PT;Portugal;1975;1975;65.8
A;Annual;PC_EU27_2020_HAB_MPPS_CP;Percentage of EU27 (from 2020) total per capita (based on million purchasing power standards, EU27 from 2020), current prices;P31_S13;Individual consumption expenditure of general government;PT;Portugal;1975;1975;64.9
A;Annual;CP_EUR_HAB;Current prices, euro per capita;P31_S13;Individual consumption expenditure of general government;PT;Portugal;1975;1975;64.2
A;Annual;CP_NAC_HAB;Current prices, units of national currency per capita;P31_S13;Individual consumption expenditure of general government;PT;Portugal;1975;1975;66.6
A;Annual;CP_PPS_EU27_2020_HAB;Current prices, purchasing power standard (PPS, EU27 from 2020) per capita;P31_S13;Individual consumption expenditure of general government;PT;Portugal;1975;1975;66.6
A;Annual;CLV_I20_HAB;Chain linked volumes, Index 2020=100, per capita;P31_S13;Individual consumption expenditure of general government;PT;Portugal;1975;1975;66.3
A;Annual;CLV_I15_HAB;Chain linked volumes, Index 2015=100, per capita;P31_S13;Individual consumption expenditure of general government;PT;Portugal;1975;1975;
A;Annual;CLV_I10_HAB;Chain linked volumes, Index 2010=100, per capita;P31_S13;Individual consumption expenditure of general government;PT;Portugal;1975;1975;
A;Annual;CLV20_EUR_HAB;Chain linked volumes (2020), euro per capita;P31_S13;Individual consumption expenditure of general government;PT;Portugal;1975;1975;
A;Annual;CLV15_EUR_HAB;Chain linked volumes (2015), euro per capita;P31_S13;Individual consumption expenditure of general government;PT;Portugal;1975;1975;
A;Annual;CLV10_EUR_HAB;Chain linked volumes (2010), euro per capita;P31_S13;Individual consumption expenditure of general government;PT;Portugal;1975;1975;
A;Annual;CLV_PCH_PRE_HAB;Chain linked volumes, percentage change on previous period, per capita;P31_S13;Individual consumption expenditure of general government;PT;Portugal;1975;1975;
A;Annual;PC_EU27_2020_HAB_MEUR_CP;Percentage of EU27 (from 2020) total per capita (based on million euro, EU27 from 2020), current prices;P32_S13;Collective consumption expenditure of general government;PT;Portugal;1975;1975;
A;Annual;PC_EU27_2020_HAB_MPPS_CP;Percentage of EU27 (from 2020) total per capita (based on million purchasing power standards, EU27 from 2020), current prices;P32_S13;Collective consumption expenditure of general government;PT;Portugal;1975;1975;
A;Annual;CP_EUR_HAB;Current prices, euro per capita;P32_S13;Collective consumption expenditure of general government;PT;Portugal;1975;1975;
A;Annual;CP_NAC_HAB;Current prices, units of national currency per capita;P32_S13;Collective consumption expenditure of general government;PT;Portugal;1975;1975;
A;Annual;CP_PPS_EU27_2020_HAB;Current prices, purchasing power standard (PPS, EU27 from 2020) per capita;P32_S13;Collective consumption expenditure of general government;PT;Portugal;1975;1975;
A;Annual;CLV_I20_HAB;Chain linked volumes, Index 2020=100, per capita;P32_S13;Collective consumption expenditure of general government;PT;Portugal;1975;1975;
A;Annual;CLV_I15_HAB;Chain linked volumes, Index 2015=100, per capita;P32_S13;Collective consumption expenditure of general government;PT;Portugal;1975;1975;
A;Annual;CLV_I10_HAB;Chain linked volumes, Index 2010=100, per capita;P32_S13;Collective consumption expenditure of general government;PT;Portugal;1975;1975;
A;Annual;CLV20_EUR_HAB;Chain linked volumes (2020), euro per capita;P32_S13;Collective consumption expenditure of general government;PT;Portugal;1975;1975;
A;Annual;CLV15_EUR_HAB;Chain linked volumes (2015), euro per capita;P32_S13;Collective consumption expenditure of general government;PT;Portugal;1975;1975;
A;Annual;CLV10_EUR_HAB;Chain linked volumes (2010), euro per capita;P32_S13;Collective consumption expenditure of general government;PT;Portugal;1975;1975;
A;Annual;CLV_PCH_PRE_HAB;Chain linked volumes, percentage change on previous period, per capita;P32_S13;Collective consumption expenditure of general government;PT;Portugal;1975;1975;
A;Annual;PC_EU27_2020_HAB_MEUR_CP;Percentage of EU27 (from 2020) total per capita (based on million euro, EU27 from 2020), current prices;P31_S14_S15;Household and NPISH final consumption expenditure;PT;Portugal;1975;1975;
A;Annual;PC_EU27_2020_HAB_MPPS_CP;Percentage of EU27 (from 2020) total per capita (based on million purchasing power standards, EU27 from 2020), current prices;P31_S14_S15;Household and NPISH final consumption expenditure;PT;Portugal;1975;1975;
A;Annual;CP_EUR_HAB;Current prices, euro per capita;P31_S14_S15;Household and NPISH final consumption expenditure;PT;Portugal;1975;1975;82.0
A;Annual;CP_NAC_HAB;Current prices, units of national currency per capita;P31_S14_S15;Household and NPISH final consumption expenditure;PT;Portugal;1975;1975;83.0
A;Annual;CP_PPS_EU27_2020_HAB;Current prices, purchasing power standard (PPS, EU27 from 2020) per capita;P31_S14_S15;Household and NPISH final consumption expenditure;PT;Portugal;1975;1975;82.5
A;Annual;CLV_I20_HAB;Chain linked volumes, Index 2020=100, per capita;P31_S14_S15;Household and NPISH final consumption expenditure;PT;Portugal;1975;1975;83.6
A;Annual;CLV_I15_HAB;Chain linked volumes, Index 2015=100, per capita;P31_S14_S15;Household and NPISH final consumption expenditure;PT;Portugal;1975;1975;85.3
A;Annual;CLV_I10_HAB;Chain linked volumes, Index 2010=100, per capita;P31_S14_S15;Household and NPISH final consumption expenditure;PT;Portugal;1975;1975;87.4
A;Annual;CLV20_EUR_HAB;Chain linked volumes (2020), euro per capita;P31_S14_S15;Household and NPISH final consumption expenditure;PT;Portugal;1975;1975;89.5
A;Annual;CLV15_EUR_HAB;Chain linked volumes (2015), euro per capita;P31_S14_S15;Household and NPISH final consumption expenditure;PT;Portugal;1975;1975;90.2
A;Annual;CLV10_EUR_HAB;Chain linked volumes (2010), euro per capita;P31_S14_S15;Household and NPISH final consumption expenditure;PT;Portugal;1975;1975;91.3
A;Annual;CLV_PCH_PRE_HAB;Chain linked volumes, percentage change on previous period, per capita;P31_S14_S15;Household and NPISH final consumption expenditure;PT;Portugal;1975;1975;93.8
A;Annual;PC_EU27_2020_HAB_MEUR_CP;Percentage of EU27 (from 2020) total per capita (based on million euro, EU27 from 2020), current prices;P31_S14;Final consumption expenditure of households;PT;Portugal;1975;1975;95.3
A;Annual;PC_EU27_2020_HAB_MPPS_CP;Percentage of EU27 (from 2020) total per capita (based on million purchasing power standards, EU27 from 2020), current prices;P31_S14;Final consumption expenditure of households;PT;Portugal;1975;1975;96.8
A;Annual;CP_EUR_HAB;Current prices, euro per capita;P31_S14;Final consumption expenditure of households;PT;Portugal;1975;1975;97.6
A;Annual;CP_NAC_HAB;Current prices, units of national currency per capita;P31_S14;Final consumption expenditure of households;PT;Portugal;1975;1975;96.5
A;Annual;CP_PPS_EU27_2020_HAB;Current prices, purchasing power standard (PPS, EU27 from 2020) per capita;P31_S14;Final consumption expenditure of households;PT;Portugal;1975;1975;95.1
A;Annual;CLV_I20_HAB;Chain linked volumes, Index 2020=100, per capita;P31_S14;Final consumption expenditure of households;PT;Portugal;1975;1975;93.6
A;Annual;CLV_I15_HAB;Chain linked volumes, Index 2015=100, per capita;P31_S14;Final consumption expenditure of households;PT;Portugal;1975;1975;91.0
A;Annual;CLV_I10_HAB;Chain linked volumes, Index 2010=100, per capita;P31_S14;Final consumption expenditure of households;PT;Portugal;1975;1975;87.9
A;Annual;CLV20_EUR_HAB;Chain linked volumes (2020), euro per capita;P31_S14;Final consumption expenditure of households;PT;Portugal;1975;1975;86.0
A;Annual;CLV15_EUR_HAB;Chain linked volumes (2015), euro per capita;P31_S14;Final consumption expenditure of households;PT;Portugal;1975;1975;86.3
A;Annual;CLV10_EUR_HAB;Chain linked volumes (2010), euro per capita;P31_S14;Final consumption expenditure of households;PT;Portugal;1975;1975;87.1
A;Annual;CLV_PCH_PRE_HAB;Chain linked volumes, percentage change on previous period, per capita;P31_S14;Final consumption expenditure of households;PT;Portugal;1975;1975;87.2
A;Annual;PC_EU27_2020_HAB_MEUR_CP;Percentage of EU27 (from 2020) total per capita (based on million euro, EU27 from 2020), current prices;P31_S15;Final consumption expenditure of NPISH;PT;Portugal;1975;1975;87.4
A;Annual;PC_EU27_2020_HAB_MPPS_CP;Percentage of EU27 (from 2020) total per capita (based on million purchasing power standards, EU27 from 2020), current prices;P31_S15;Final consumption expenditure of NPISH;PT;Portugal;1975;1975;87.2
A;Annual;CP_EUR_HAB;Current prices, euro per capita;P31_S15;Final consumption expenditure of NPISH;PT;Portugal;1975;1975;86.4
A;Annual;CP_NAC_HAB;Current prices, units of national currency per capita;P31_S15;Final consumption expenditure of NPISH;PT;Portugal;1975;1975;82.0
A;Annual;CP_PPS_EU27_2020_HAB;Current prices, purchasing power standard (PPS, EU27 from 2020) per capita;P31_S15;Final consumption expenditure of NPISH;PT;Portugal;1975;1975;82.8
A;Annual;CLV_I20_HAB;Chain linked volumes, Index 2020=100, per capita;P31_S15;Final consumption expenditure of NPISH;PT;Portugal;1975;1975;82.4
A;Annual;CLV_I15_HAB;Chain linked volumes, Index 2015=100, per capita;P31_S15;Final consumption expenditure of NPISH;PT;Portugal;1975;1975;82.1
A;Annual;CLV_I10_HAB;Chain linked volumes, Index 2010=100, per capita;P31_S15;Final consumption expenditure of NPISH;PT;Portugal;1975;1975;82.3
A;Annual;CLV20_EUR_HAB;Chain linked volumes (2020), euro per capita;P31_S15;Final consumption expenditure of NPISH;PT;Portugal;1975;1975;
A;Annual;CLV15_EUR_HAB;Chain linked volumes (2015), euro per capita;P31_S15;Final consumption expenditure of NPISH;PT;Portugal;1975;1975;
A;Annual;CLV10_EUR_HAB;Chain linked volumes (2010), euro per capita;P31_S15;Final consumption expenditure of NPISH;PT;Portugal;1975;1975;
A;Annual;CLV_PCH_PRE_HAB;Chain linked volumes, percentage change on previous period, per capita;P31_S15;Final consumption expenditure of NPISH;PT;Portugal;1975;1975;
A;Annual;PC_EU27_2020_HAB_MEUR_CP;Percentage of EU27 (from 2020) total per capita (based on million euro, EU27 from 2020), current prices;P41;Actual individual consumption;PT;Portugal;1975;1975;
A;Annual;PC_EU27_2020_HAB_MPPS_CP;Percentage of EU27 (from 2020) total per capita (based on million purchasing power standards, EU27 from 2020), current prices;P41;Actual individual consumption;PT;Portugal;1975;1975;
A;Annual;CP_EUR_HAB;Current prices, euro per capita;P41;Actual individual consumption;PT;Portugal;1975;1975;
A;Annual;CP_NAC_HAB;Current prices, units of national currency per capita;P41;Actual individual consumption;PT;Portugal;1975;1975;
A;Annual;CP_PPS_EU27_2020_HAB;Current prices, purchasing power standard (PPS, EU27 from 2020) per capita;P41;Actual individual consumption;PT;Portugal;1975;1975;
A;Annual;CLV_I20_HAB;Chain linked volumes, Index 2020=100, per capita;P41;Actual individual consumption;PT;Portugal;1975;1975;
A;Annual;CLV_I15_HAB;Chain linked volumes, Index 2015=100, per capita;P41;Actual individual consumption;PT;Portugal;1975;1975;
A;Annual;CLV_I10_HAB;Chain linked volumes, Index 2010=100, per capita;P41;Actual individual consumption;PT;Portugal;1975;1975;
A;Annual;CLV20_EUR_HAB;Chain linked volumes (2020), euro per capita;P41;Actual individual consumption;PT;Portugal;1975;1975;
A;Annual;CLV15_EUR_HAB;Chain linked volumes (2015), euro per capita;P41;Actual individual consumption;PT;Portugal;1975;1975;
A;Annual;CLV10_EUR_HAB;Chain linked volumes (2010), euro per capita;P41;Actual individual consumption;PT;Portugal;1975;1975;
A;Annual;CLV_PCH_PRE_HAB;Chain linked volumes, percentage change on previous period, per capita;P41;Actual individual consumption;PT;Portugal;1975;1975;
A;Annual;PC_EU27_2020_HAB_MEUR_CP;Percentage of EU27 (from 2020) total per capita (based on million euro, EU27 from 2020), current prices;B1GQ;Gross domestic product at market prices;PT;Portugal;1976;1976;
A;Annual;PC_EU27_2020_HAB_MPPS_CP;Percentage of EU27 (from 2020) total per capita (based on million purchasing power standards, EU27 from 2020), current prices;B1GQ;Gross domestic product at market prices;PT;Portugal;1976;1976;
A;Annual;CP_EUR_HAB;Current prices, euro per capita;B1GQ;Gross domestic product at market prices;PT;Portugal;1976;1976;
A;Annual;CP_NAC_HAB;Current prices, units of national currency per capita;B1GQ;Gross domestic product at market prices;PT;Portugal;1976;1976;
A;Annual;CP_PPS_EU27_2020_HAB;Current prices, purchasing power standard (PPS, EU27 from 2020) per capita;B1GQ;Gross domestic product at market prices;PT;Portugal;1976;1976;
A;Annual;CLV_I20_HAB;Chain linked volumes, Index 2020=100, per capita;B1GQ;Gross domestic product at market prices;PT;Portugal;1976;1976;
A;Annual;CLV_I15_HAB;Chain linked volumes, Index 2015=100, per capita;B1GQ;Gross domestic product at market prices;PT;Portugal;1976;1976;
A;Annual;CLV_I10_HAB;Chain linked volumes, Index 2010=100, per capita;B1GQ;Gross domestic product at market prices;PT;Portugal;1976;1976;
A;Annual;CLV20_EUR_HAB;Chain linked volumes (2020), euro per capita;B1GQ;Gross domestic product at market prices;PT;Portugal;1976;1976;
A;Annual;CLV15_EUR_HAB;Chain linked volumes (2015), euro per capita;B1GQ;Gross domestic product at market prices;PT;Portugal;1976;1976;
A;Annual;CLV10_EUR_HAB;Chain linked volumes (2010), euro per capita;B1GQ;Gross domestic product at market prices;PT;Portugal;1976;1976;8.1
A;Annual;CLV_PCH_PRE_HAB;Chain linked volumes, percentage change on previous period, per capita;B1GQ;Gross domestic product at market prices;PT;Portugal;1976;1976;10.3
A;Annual;PC_EU27_2020_HAB_MEUR_CP;Percentage of EU27 (from 2020) total per capita (based on million euro, EU27 from 2020), current prices;P3;Final consumption expenditure;PT;Portugal;1976;1976;15.2
A;Annual;PC_EU27_2020_HAB_MPPS_CP;Percentage of EU27 (from 2020) total per capita (based on million purchasing power standards, EU27 from 2020), current prices;P3;Final consumption expenditure;PT;Portugal;1976;1976;18.4
A;Annual;CP_EUR_HAB;Current prices, euro per capita;P3;Final consumption expenditure;PT;Portugal;1976;1976;19.3
A;Annual;CP_NAC_HAB;Current prices, units of national currency per capita;P3;Final consumption expenditure;PT;Portugal;1976;1976;18.1
A;Annual;CP_PPS_EU27_2020_HAB;Current prices, purchasing power standard (PPS, EU27 from 2020) per capita;P3;Final consumption expenditure;PT;Portugal;1976;1976;18.6
A;Annual;CLV_I20_HAB;Chain linked volumes, Index 2020=100, per capita;P3;Final consumption expenditure;PT;Portugal;1976;1976;19.8
A;Annual;CLV_I15_HAB;Chain linked volumes, Index 2015=100, per capita;P3;Final consumption expenditure;PT;Portugal;1976;1976;20.0
A;Annual;CLV_I10_HAB;Chain linked volumes, Index 2010=100, per capita;P3;Final consumption expenditure;PT;Portugal;1976;1976;21.0
A;Annual;CLV20_EUR_HAB;Chain linked volumes (2020), euro per capita;P3;Final consumption expenditure;PT;Portugal;1976;1976;23.5
A;Annual;CLV15_EUR_HAB;Chain linked volumes (2015), euro per capita;P3;Final consumption expenditure;PT;Portugal;1976;1976;26.2
A;Annual;CLV10_EUR_HAB;Chain linked volumes (2010), euro per capita;P3;Final consumption expenditure;PT;Portugal;1976;1976;28.3
A;Annual;CLV_PCH_PRE_HAB;Chain linked volumes, percentage change on previous period, per capita;P3;Final consumption expenditure;PT;Portugal;1976;1976;33.7
A;Annual;PC_EU27_2020_HAB_MEUR_CP;Percentage of EU27 (from 2020) total per capita (based on million euro, EU27 from 2020), current prices;P3_S13;Final consumption expenditure of general government;PT;Portugal;1976;1976;33.1
A;Annual;PC_EU27_2020_HAB_MPPS_CP;Percentage of EU27 (from 2020) total per capita (based on million purchasing power standards, EU27 from 2020), current prices;P3_S13;Final consumption expenditure of general government;PT;Portugal;1976;1976;31.0
A;Annual;CP_EUR_HAB;Current prices, euro per capita;P3_S13;Final consumption expenditure of general government;PT;Portugal;1976;1976;32.7
A;Annual;CP_NAC_HAB;Current prices, units of national currency per capita;P3_S13;Final consumption expenditure of general government;PT;Portugal;1976;1976;32.6
A;Annual;CP_PPS_EU27_2020_HAB;Current prices, purchasing power standard (PPS, EU27 from 2020) per capita;P3_S13;Final consumption expenditure of general government;PT;Portugal;1976;1976;32.5
A;Annual;CLV_I20_HAB;Chain linked volumes, Index 2020=100, per capita;P3_S13;Final consumption expenditure of general government;PT;Portugal;1976;1976;32.9
A;Annual;CLV_I15_HAB;Chain linked volumes, Index 2015=100, per capita;P3_S13;Final consumption expenditure of general government;PT;Portugal;1976;1976;34.8
A;Annual;CLV_I10_HAB;Chain linked volumes, Index 2010=100, per capita;P3_S13;Final consumption expenditure of general government;PT;Portugal;1976;1976;35.6
A;Annual;CLV20_EUR_HAB;Chain linked volumes (2020), euro per capita;P3_S13;Final consumption expenditure of general government;PT;Portugal;1976;1976;36.9
A;Annual;CLV15_EUR_HAB;Chain linked volumes (2015), euro per capita;P3_S13;Final consumption expenditure of general government;PT;Portugal;1976;1976;39.5
A;Annual;CLV10_EUR_HAB;Chain linked volumes (2010), euro per capita;P3_S13;Final consumption expenditure of general government;PT;Portugal;1976;1976;42.4
A;Annual;CLV_PCH_PRE_HAB;Chain linked volumes, percentage change on previous period, per capita;P3_S13;Final consumption expenditure of general government;PT;Portugal;1976;1976;45.9
A;Annual;PC_EU27_2020_HAB_MEUR_CP;Percentage of EU27 (from 2020) total per capita (based on million euro, EU27 from 2020), current prices;P31_S13;Individual consumption expenditure of general government;PT;Portugal;1976;1976;47.1
A;Annual;PC_EU27_2020_HAB_MPPS_CP;Percentage of EU27 (from 2020) total per capita (based on million purchasing power standards, EU27 from 2020), current prices;P31_S13;Individual consumption expenditure of general government;PT;Portugal;1976;1976;50.6
A;Annual;CP_EUR_HAB;Current prices, euro per capita;P31_S13;Individual consumption expenditure of general government;PT;Portugal;1976;1976;54.7
A;Annual;CP_NAC_HAB;Current prices, units of national currency per capita;P31_S13;Individual consumption expenditure of general government;PT;Portugal;1976;1976;59.1
A;Annual;CP_PPS_EU27_2020_HAB;Current prices, purchasing power standard (PPS, EU27 from 2020) per capita;P31_S13;Individual consumption expenditure of general government;PT;Portugal;1976;1976;
A;Annual;CLV_I20_HAB;Chain linked volumes, Index 2020=100, per capita;P31_S13;Individual consumption expenditure of general government;PT;Portugal;1976;1976;
A;Annual;CLV_I15_HAB;Chain linked volumes, Index 2015=100, per capita;P31_S13;Individual consumption expenditure of general government;PT;Portugal;1976;1976;
A;Annual;CLV_I10_HAB;Chain linked volumes, Index 2010=100, per capita;P31_S13;Individual consumption expenditure of general government;PT;Portugal;1976;1976;
A;Annual;CLV20_EUR_HAB;Chain linked volumes (2020), euro per capita;P31_S13;Individual consumption expenditure of general government;PT;Portugal;1976;1976;
A;Annual;CLV15_EUR_HAB;Chain linked volumes (2015), euro per capita;P31_S13;Individual consumption expenditure of general government;PT;Portugal;1976;1976;
A;Annual;CLV10_EUR_HAB;Chain linked volumes (2010), euro per capita;P31_S13;Individual consumption expenditure of general government;PT;Portugal;1976;1976;
A;Annual;CLV_PCH_PRE_HAB;Chain linked volumes, percentage change on previous period, per capita;P31_S13;Individual consumption expenditure of general government;PT;Portugal;1976;1976;
A;Annual;PC_EU27_2020_HAB_MEUR_CP;Percentage of EU27 (from 2020) total per capita (based on million euro, EU27 from 2020), current prices;P32_S13;Collective consumption expenditure of general government;PT;Portugal;1976;1976;
A;Annual;PC_EU27_2020_HAB_MPPS_CP;Percentage of EU27 (from 2020) total per capita (based on million purchasing power standards, EU27 from 2020), current prices;P32_S13;Collective consumption expenditure of general government;PT;Portugal;1976;1976;
A;Annual;CP_EUR_HAB;Current prices, euro per capita;P32_S13;Collective consumption expenditure of general government;PT;Portugal;1976;1976;
A;Annual;CP_NAC_HAB;Current prices, units of national currency per capita;P32_S13;Collective consumption expenditure of general government;PT;Portugal;1976;1976;
A;Annual;CP_PPS_EU27_2020_HAB;Current prices, purchasing power standard (PPS, EU27 from 2020) per capita;P32_S13;Collective consumption expenditure of general government;PT;Portugal;1976;1976;
A;Annual;CLV_I20_HAB;Chain linked volumes, Index 2020=100, per capita;P32_S13;Collective consumption expenditure of general government;PT;Portugal;1976;1976;
A;Annual;CLV_I15_HAB;Chain linked volumes, Index 2015=100, per capita;P32_S13;Collective consumption expenditure of general government;PT;Portugal;1976;1976;
A;Annual;CLV_I10_HAB;Chain linked volumes, Index 2010=100, per capita;P32_S13;Collective consumption expenditure of general government;PT;Portugal;1976;1976;
A;Annual;CLV20_EUR_HAB;Chain linked volumes (2020), euro per capita;P32_S13;Collective consumption expenditure of general government;PT;Portugal;1976;1976;
A;Annual;CLV15_EUR_HAB;Chain linked volumes (2015), euro per capita;P32_S13;Collective consumption expenditure of general government;PT;Portugal;1976;1976;
A;Annual;CLV10_EUR_HAB;Chain linked volumes (2010), euro per capita;P32_S13;Collective consumption expenditure of general government;PT;Portugal;1976;1976;
A;Annual;CLV_PCH_PRE_HAB;Chain linked volumes, percentage change on previous period, per capita;P32_S13;Collective consumption expenditure of general government;PT;Portugal;1976;1976;
A;Annual;PC_EU27_2020_HAB_MEUR_CP;Percentage of EU27 (from 2020) total per capita (based on million euro, EU27 from 2020), current prices;P31_S14_S15;Household and NPISH final consumption expenditure;PT;Portugal;1976;1976;184.9
A;Annual;PC_EU27_2020_HAB_MPPS_CP;Percentage of EU27 (from 2020) total per capita (based on million purchasing power standards, EU27 from 2020), current prices;P31_S14_S15;Household and NPISH final consumption expenditure;PT;Portugal;1976;1976;181.9
A;Annual;CP_EUR_HAB;Current prices, euro per capita;P31_S14_S15;Household and NPISH final consumption expenditure;PT;Portugal;1976;1976;181.5
A;Annual;CP_NAC_HAB;Current prices, units of national currency per capita;P31_S14_S15;Household and NPISH final consumption expenditure;PT;Portugal;1976;1976;180.3
A;Annual;CP_PPS_EU27_2020_HAB;Current prices, purchasing power standard (PPS, EU27 from 2020) per capita;P31_S14_S15;Household and NPISH final consumption expenditure;PT;Portugal;1976;1976;197.7
A;Annual;CLV_I20_HAB;Chain linked volumes, Index 2020=100, per capita;P31_S14_S15;Household and NPISH final consumption expenditure;PT;Portugal;1976;1976;197.4
A;Annual;CLV_I15_HAB;Chain linked volumes, Index 2015=100, per capita;P31_S14_S15;Household and NPISH final consumption expenditure;PT;Portugal;1976;1976;205.9
A;Annual;CLV_I10_HAB;Chain linked volumes, Index 2010=100, per capita;P31_S14_S15;Household and NPISH final consumption expenditure;PT;Portugal;1976;1976;208.9
A;Annual;CLV20_EUR_HAB;Chain linked volumes (2020), euro per capita;P31_S14_S15;Household and NPISH final consumption expenditure;PT;Portugal;1976;1976;214.2
A;Annual;CLV15_EUR_HAB;Chain linked volumes (2015), euro per capita;P31_S14_S15;Household and NPISH final consumption expenditure;PT;Portugal;1976;1976;223.2
A;Annual;CLV10_EUR_HAB;Chain linked volumes (2010), euro per capita;P31_S14_S15;Household and NPISH final consumption expenditure;PT;Portugal;1976;1976;228.3
A;Annual;CLV_PCH_PRE_HAB;Chain linked volumes, percentage change on previous period, per capita;P31_S14_S15;Household and NPISH final consumption expenditure;PT;Portugal;1976;1976;223.9
A;Annual;PC_EU27_2020_HAB_MEUR_CP;Percentage of EU27 (from 2020) total per capita (based on million euro, EU27 from 2020), current prices;P31_S14;Final consumption expenditure of households;PT;Portugal;1976;1976;224.0
A;Annual;PC_EU27_2020_HAB_MPPS_CP;Percentage of EU27 (from 2020) total per capita (based on million purchasing power standards, EU27 from 2020), current prices;P31_S14;Final consumption expenditure of households;PT;Portugal;1976;1976;221.3
A;Annual;CP_EUR_HAB;Current prices, euro per capita;P31_S14;Final consumption expenditure of households;PT;Portugal;1976;1976;231.9
A;Annual;CP_NAC_HAB;Current prices, units of national currency per capita;P31_S14;Final consumption expenditure of households;PT;Portugal;1976;1976;235.9
A;Annual;CP_PPS_EU27_2020_HAB;Current prices, purchasing power standard (PPS, EU27 from 2020) per capita;P31_S14;Final consumption expenditure of households;PT;Portugal;1976;1976;241.8
A;Annual;CLV_I20_HAB;Chain linked volumes, Index 2020=100, per capita;P31_S14;Final consumption expenditure of households;PT;Portugal;1976;1976;252.1
A;Annual;CLV_I15_HAB;Chain linked volumes, Index 2015=100, per capita;P31_S14;Final consumption expenditure of households;PT;Portugal;1976;1976;262.2
A;Annual;CLV_I10_HAB;Chain linked volumes, Index 2010=100, per capita;P31_S14;Final consumption expenditure of households;PT;Portugal;1976;1976;260.9
A;Annual;CLV20_EUR_HAB;Chain linked volumes (2020), euro per capita;P31_S14;Final consumption expenditure of households;PT;Portugal;1976;1976;255.8
A;Annual;CLV15_EUR_HAB;Chain linked volumes (2015), euro per capita;P31_S14;Final consumption expenditure of households;PT;Portugal;1976;1976;246.7
A;Annual;CLV10_EUR_HAB;Chain linked volumes (2010), euro per capita;P31_S14;Final consumption expenditure of households;PT;Portugal;1976;1976;250.2
A;Annual;CLV_PCH_PRE_HAB;Chain linked volumes, percentage change on previous period, per capita;P31_S14;Final consumption expenditure of households;PT;Portugal;1976;1976;256.4
A;Annual;PC_EU27_2020_HAB_MEUR_CP;Percentage of EU27 (from 2020) total per capita (based on million euro, EU27 from 2020), current prices;P31_S15;Final consumption expenditure of NPISH;PT;Portugal;1976;1976;260.7
A;Annual;PC_EU27_2020_HAB_MPPS_CP;Percentage of EU27 (from 2020) total per capita (based on million purchasing power standards, EU27 from 2020), current prices;P31_S15;Final consumption expenditure of NPISH;PT;Portugal;1976;1976;270.5
A;Annual;CP_EUR_HAB;Current prices, euro per capita;P31_S15;Final consumption expenditure of NPISH;PT;Portugal;1976;1976;261.2
A;Annual;CP_NAC_HAB;Current prices, units of national currency per capita;P31_S15;Final consumption expenditure of NPISH;PT;Portugal;1976;1976;267.5
A;Annual;CP_PPS_EU27_2020_HAB;Current prices, purchasing power standard (PPS, EU27 from 2020) per capita;P31_S15;Final consumption expenditure of NPISH;PT;Portugal;1976;1976;269.2
A;Annual;CLV_I20_HAB;Chain linked volumes, Index 2020=100, per capita;P31_S15;Final consumption expenditure of NPISH;PT;Portugal;1976;1976;272.5
A;Annual;CLV_I15_HAB;Chain linked volumes, Index 2015=100, per capita;P31_S15;Final consumption expenditure of NPISH;PT;Portugal;1976;1976;
A;Annual;CLV_I10_HAB;Chain linked volumes, Index 2010=100, per capita;P31_S15;Final consumption expenditure of NPISH;PT;Portugal;1976;1976;
A;Annual;CLV20_EUR_HAB;Chain linked volumes (2020), euro per capita;P31_S15;Final consumption expenditure of NPISH;PT;Portugal;1976;1976;
A;Annual;CLV15_EUR_HAB;Chain linked volumes (2015), euro per capita;P31_S15;Final consumption expenditure of NPISH;PT;Portugal;1976;1976;
A;Annual;CLV10_EUR_HAB;Chain linked volumes (2010), euro per capita;P31_S15;Final consumption expenditure of NPISH;PT;Portugal;1976;1976;
A;Annual;CLV_PCH_PRE_HAB;Chain linked volumes, percentage change on previous period, per capita;P31_S15;Final consumption expenditure of NPISH;PT;Portugal;1976;1976;
A;Annual;PC_EU27_2020_HAB_MEUR_CP;Percentage of EU27 (from 2020) total per capita (based on million euro, EU27 from 2020), current prices;P41;Actual individual consumption;PT;Portugal;1976;1976;
A;Annual;PC_EU27_2020_HAB_MPPS_CP;Percentage of EU27 (from 2020) total per capita (based on million purchasing power standards, EU27 from 2020), current prices;P41;Actual individual consumption;PT;Portugal;1976;1976;
A;Annual;CP_EUR_HAB;Current prices, euro per capita;P41;Actual individual consumption;PT;Portugal;1976;1976;
A;Annual;CP_NAC_HAB;Current prices, units of national currency per capita;P41;Actual individual consumption;PT;Portugal;1976;1976;
A;Annual;CP_PPS_EU27_2020_HAB;Current prices, purchasing power standard (PPS, EU27 from 2020) per capita;P41;Actual individual consumption;PT;Portugal;1976;1976;
A;Annual;CLV_I20_HAB;Chain linked volumes, Index 2020=100, per capita;P41;Actual individual consumption;PT;Portugal;1976;1976;
A;Annual;CLV_I15_HAB;Chain linked volumes, Index 2015=100, per capita;P41;Actual individual consumption;PT;Portugal;1976;1976;
A;Annual;CLV_I10_HAB;Chain linked volumes, Index 2010=100, per capita;P41;Actual individual consumption;PT;Portugal;1976;1976;
A;Annual;CLV20_EUR_HAB;Chain linked volumes (2020), euro per capita;P41;Actual individual consumption;PT;Portugal;1976;1976;
A;Annual;CLV15_EUR_HAB;Chain linked volumes (2015), euro per capita;P41;Actual individual consumption;PT;Portugal;1976;1976;
A;Annual;CLV10_EUR_HAB;Chain linked volumes (2010), euro per capita;P41;Actual individual consumption;PT;Portugal;1976;1976;
A;Annual;CLV_PCH_PRE_HAB;Chain linked volumes, percentage change on previous period, per capita;P41;Actual individual consumption;PT;Portugal;1976;1976;
A;Annual;PC_EU27_2020_HAB_MEUR_CP;Percentage of EU27 (from 2020) total per capita (based on million euro, EU27 from 2020), current prices;B1GQ;Gross domestic product at market prices;PT;Portugal;1977;1977;
A;Annual;PC_EU27_2020_HAB_MPPS_CP;Percentage of EU27 (from 2020) total per capita (based on million purchasing power standards, EU27 from 2020), current prices;B1GQ;Gross domestic product at market prices;PT;Portugal;1977;1977;
A;Annual;CP_EUR_HAB;Current prices, euro per capita;B1GQ;Gross domestic product at market prices;PT;Portugal;1977;1977;
A;Annual;CP_NAC_HAB;Current prices, units of national currency per capita;B1GQ;Gross domestic product at market prices;PT;Portugal;1977;1977;
A;Annual;CP_PPS_EU27_2020_HAB;Current prices, purchasing power standard (PPS, EU27 from 2020) per capita;B1GQ;Gross domestic product at market prices;PT;Portugal;1977;1977;
A;Annual;CLV_I20_HAB;Chain linked volumes, Index 2020=100, per capita;B1GQ;Gross domestic product at market prices;PT;Portugal;1977;1977;
A;Annual;CLV_I15_HAB;Chain linked volumes, Index 2015=100, per capita;B1GQ;Gross domestic product at market prices;PT;Portugal;1977;1977;
A;Annual;CLV_I10_HAB;Chain linked volumes, Index 2010=100, per capita;B1GQ;Gross domestic product at market prices;PT;Portugal;1977;1977;
A;Annual;CLV20_EUR_HAB;Chain linked volumes (2020), euro per capita;B1GQ;Gross domestic product at market prices;PT;Portugal;1977;1977;70.8
A;Annual;CLV15_EUR_HAB;Chain linked volumes (2015), euro per capita;B1GQ;Gross domestic product at market prices;PT;Portugal;1977;1977;71.5
A;Annual;CLV10_EUR_HAB;Chain linked volumes (2010), euro per capita;B1GQ;Gross domestic product at market prices;PT;Portugal;1977;1977;73.1
A;Annual;CLV_PCH_PRE_HAB;Chain linked volumes, percentage change on previous period, per capita;B1GQ;Gross domestic product at market prices;PT;Portugal;1977;1977;74.1
A;Annual;PC_EU27_2020_HAB_MEUR_CP;Percentage of EU27 (from 2020) total per capita (based on million euro, EU27 from 2020), current prices;P3;Final consumption expenditure;PT;Portugal;1977;1977;76.3
A;Annual;PC_EU27_2020_HAB_MPPS_CP;Percentage of EU27 (from 2020) total per capita (based on million purchasing power standards, EU27 from 2020), current prices;P3;Final consumption expenditure;PT;Portugal;1977;1977;77.0
A;Annual;CP_EUR_HAB;Current prices, euro per capita;P3;Final consumption expenditure;PT;Portugal;1977;1977;76.7
A;Annual;CP_NAC_HAB;Current prices, units of national currency per capita;P3;Final consumption expenditure;PT;Portugal;1977;1977;77.6
A;Annual;CP_PPS_EU27_2020_HAB;Current prices, purchasing power standard (PPS, EU27 from 2020) per capita;P3;Final consumption expenditure;PT;Portugal;1977;1977;77.6
A;Annual;CLV_I20_HAB;Chain linked volumes, Index 2020=100, per capita;P3;Final consumption expenditure;PT;Portugal;1977;1977;78.3
A;Annual;CLV_I15_HAB;Chain linked volumes, Index 2015=100, per capita;P3;Final consumption expenditure;PT;Portugal;1977;1977;79.0
A;Annual;CLV_I10_HAB;Chain linked volumes, Index 2010=100, per capita;P3;Final consumption expenditure;PT;Portugal;1977;1977;79.3
A;Annual;CLV20_EUR_HAB;Chain linked volumes (2020), euro per capita;P3;Final consumption expenditure;PT;Portugal;1977;1977;80.1
A;Annual;CLV15_EUR_HAB;Chain linked volumes (2015), euro per capita;P3;Final consumption expenditure;PT;Portugal;1977;1977;80.6
A;Annual;CLV10_EUR_HAB;Chain linked volumes (2010), euro per capita;P3;Final consumption expenditure;PT;Portugal;1977;1977;79.3
A;Annual;CLV_PCH_PRE_HAB;Chain linked volumes, percentage change on previous period, per capita;P3;Final consumption expenditure;PT;Portugal;1977;1977;80.0
A;Annual;PC_EU27_2020_HAB_MEUR_CP;Percentage of EU27 (from 2020) total per capita (based on million euro, EU27 from 2020), current prices;P3_S13;Final consumption expenditure of general government;PT;Portugal;1977;1977;76.4
A;Annual;PC_EU27_2020_HAB_MPPS_CP;Percentage of EU27 (from 2020) total per capita (based on million purchasing power standards, EU27 from 2020), current prices;P3_S13;Final consumption expenditure of general government;PT;Portugal;1977;1977;73.4
A;Annual;CP_EUR_HAB;Current prices, euro per capita;P3_S13;Final consumption expenditure of general government;PT;Portugal;1977;1977;73.3
A;Annual;CP_NAC_HAB;Current prices, units of national currency per capita;P3_S13;Final consumption expenditure of general government;PT;Portugal;1977;1977;74.6
A;Annual;CP_PPS_EU27_2020_HAB;Current prices, purchasing power standard (PPS, EU27 from 2020) per capita;P3_S13;Final consumption expenditure of general government;PT;Portugal;1977;1977;75.1
A;Annual;CLV_I20_HAB;Chain linked volumes, Index 2020=100, per capita;P3_S13;Final consumption expenditure of general government;PT;Portugal;1977;1977;76.2
A;Annual;CLV_I15_HAB;Chain linked volumes, Index 2015=100, per capita;P3_S13;Final consumption expenditure of general government;PT;Portugal;1977;1977;76.1
A;Annual;CLV_I10_HAB;Chain linked volumes, Index 2010=100, per capita;P3_S13;Final consumption expenditure of general government;PT;Portugal;1977;1977;76.9
A;Annual;CLV20_EUR_HAB;Chain linked volumes (2020), euro per capita;P3_S13;Final consumption expenditure of general government;PT;Portugal;1977;1977;78.1
A;Annual;CLV15_EUR_HAB;Chain linked volumes (2015), euro per capita;P3_S13;Final consumption expenditure of general government;PT;Portugal;1977;1977;78.0
A;Annual;CLV10_EUR_HAB;Chain linked volumes (2010), euro per capita;P3_S13;Final consumption expenditure of general government;PT;Portugal;1977;1977;77.4
A;Annual;CLV_PCH_PRE_HAB;Chain linked volumes, percentage change on previous period, per capita;P3_S13;Final consumption expenditure of general government;PT;Portugal;1977;1977;77.9
A;Annual;PC_EU27_2020_HAB_MEUR_CP;Percentage of EU27 (from 2020) total per capita (based on million euro, EU27 from 2020), current prices;P31_S13;Individual consumption expenditure of general government;PT;Portugal;1977;1977;77.9
A;Annual;PC_EU27_2020_HAB_MPPS_CP;Percentage of EU27 (from 2020) total per capita (based on million purchasing power standards, EU27 from 2020), current prices;P31_S13;Individual consumption expenditure of general government;PT;Portugal;1977;1977;78.4
A;Annual;CP_EUR_HAB;Current prices, euro per capita;P31_S13;Individual consumption expenditure of general government;PT;Portugal;1977;1977;
A;Annual;CP_NAC_HAB;Current prices, units of national currency per capita;P31_S13;Individual consumption expenditure of general government;PT;Portugal;1977;1977;
A;Annual;CP_PPS_EU27_2020_HAB;Current prices, purchasing power standard (PPS, EU27 from 2020) per capita;P31_S13;Individual consumption expenditure of general government;PT;Portugal;1977;1977;
A;Annual;CLV_I20_HAB;Chain linked volumes, Index 2020=100, per capita;P31_S13;Individual consumption expenditure of general government;PT;Portugal;1977;1977;
A;Annual;CLV_I15_HAB;Chain linked volumes, Index 2015=100, per capita;P31_S13;Individual consumption expenditure of general government;PT;Portugal;1977;1977;
A;Annual;CLV_I10_HAB;Chain linked volumes, Index 2010=100, per capita;P31_S13;Individual consumption expenditure of general government;PT;Portugal;1977;1977;
A;Annual;CLV20_EUR_HAB;Chain linked volumes (2020), euro per capita;P31_S13;Individual consumption expenditure of general government;PT;Portugal;1977;1977;
A;Annual;CLV15_EUR_HAB;Chain linked volumes (2015), euro per capita;P31_S13;Individual consumption expenditure of general government;PT;Portugal;1977;1977;
A;Annual;CLV10_EUR_HAB;Chain linked volumes (2010), euro per capita;P31_S13;Individual consumption expenditure of general government;PT;Portugal;1977;1977;
A;Annual;CLV_PCH_PRE_HAB;Chain linked volumes, percentage change on previous period, per capita;P31_S13;Individual consumption expenditure of general government;PT;Portugal;1977;1977;
A;Annual;PC_EU27_2020_HAB_MEUR_CP;Percentage of EU27 (from 2020) total per capita (based on million euro, EU27 from 2020), current prices;P32_S13;Collective consumption expenditure of general government;PT;Portugal;1977;1977;
A;Annual;PC_EU27_2020_HAB_MPPS_CP;Percentage of EU27 (from 2020) total per capita (based on million purchasing power standards, EU27 from 2020), current prices;P32_S13;Collective consumption expenditure of general government;PT;Portugal;1977;1977;
A;Annual;CP_EUR_HAB;Current prices, euro per capita;P32_S13;Collective consumption expenditure of general government;PT;Portugal;1977;1977;
A;Annual;CP_NAC_HAB;Current prices, units of national currency per capita;P32_S13;Collective consumption expenditure of general government;PT;Portugal;1977;1977;
A;Annual;CP_PPS_EU27_2020_HAB;Current prices, purchasing power standard (PPS, EU27 from 2020) per capita;P32_S13;Collective consumption expenditure of general government;PT;Portugal;1977;1977;
A;Annual;CLV_I20_HAB;Chain linked volumes, Index 2020=100, per capita;P32_S13;Collective consumption expenditure of general government;PT;Portugal;1977;1977;
A;Annual;CLV_I15_HAB;Chain linked volumes, Index 2015=100, per capita;P32_S13;Collective consumption expenditure of general government;PT;Portugal;1977;1977;
A;Annual;CLV_I10_HAB;Chain linked volumes, Index 2010=100, per capita;P32_S13;Collective consumption expenditure of general government;PT;Portugal;1977;1977;
A;Annual;CLV20_EUR_HAB;Chain linked volumes (2020), euro per capita;P32_S13;Collective consumption expenditure of general government;PT;Portugal;1977;1977;
A;Annual;CLV15_EUR_HAB;Chain linked volumes (2015), euro per capita;P32_S13;Collective consumption expenditure of general government;PT;Portugal;1977;1977;
A;Annual;CLV10_EUR_HAB;Chain linked volumes (2010), euro per capita;P32_S13;Collective consumption expenditure of general government;PT;Portugal;1977;1977;10.6
A;Annual;CLV_PCH_PRE_HAB;Chain linked volumes, percentage change on previous period, per capita;P32_S13;Collective consumption expenditure of general government;PT;Portugal;1977;1977;10.8
A;Annual;PC_EU27_2020_HAB_MEUR_CP;Percentage of EU27 (from 2020) total per capita (based on million euro, EU27 from 2020), current prices;P31_S14_S15;Household and NPISH final consumption expenditure;PT;Portugal;1977;1977;11.4
A;Annual;PC_EU27_2020_HAB_MPPS_CP;Percentage of EU27 (from 2020) total per capita (based on million purchasing power standards, EU27 from 2020), current prices;P31_S14_S15;Household and NPISH final consumption expenditure;PT;Portugal;1977;1977;13.8
A;Annual;CP_EUR_HAB;Current prices, euro per capita;P31_S14_S15;Household and NPISH final consumption expenditure;PT;Portugal;1977;1977;11.2
A;Annual;CP_NAC_HAB;Current prices, units of national currency per capita;P31_S14_S15;Household and NPISH final consumption expenditure;PT;Portugal;1977;1977;12.1
A;Annual;CP_PPS_EU27_2020_HAB;Current prices, purchasing power standard (PPS, EU27 from 2020) per capita;P31_S14_S15;Household and NPISH final consumption expenditure;PT;Portugal;1977;1977;13.0
A;Annual;CLV_I20_HAB;Chain linked volumes, Index 2020=100, per capita;P31_S14_S15;Household and NPISH final consumption expenditure;PT;Portugal;1977;1977;13.9
A;Annual;CLV_I15_HAB;Chain linked volumes, Index 2015=100, per capita;P31_S14_S15;Household and NPISH final consumption expenditure;PT;Portugal;1977;1977;14.3
A;Annual;CLV_I10_HAB;Chain linked volumes, Index 2010=100, per capita;P31_S14_S15;Household and NPISH final consumption expenditure;PT;Portugal;1977;1977;16.7
A;Annual;CLV20_EUR_HAB;Chain linked volumes (2020), euro per capita;P31_S14_S15;Household and NPISH final consumption expenditure;PT;Portugal;1977;1977;21.4
A;Annual;CLV15_EUR_HAB;Chain linked volumes (2015), euro per capita;P31_S14_S15;Household and NPISH final consumption expenditure;PT;Portugal;1977;1977;24.5
A;Annual;CLV10_EUR_HAB;Chain linked volumes (2010), euro per capita;P31_S14_S15;Household and NPISH final consumption expenditure;PT;Portugal;1977;1977;30.5
A;Annual;CLV_PCH_PRE_HAB;Chain linked volumes, percentage change on previous period, per capita;P31_S14_S15;Household and NPISH final consumption expenditure;PT;Portugal;1977;1977;32.7
A;Annual;PC_EU27_2020_HAB_MEUR_CP;Percentage of EU27 (from 2020) total per capita (based on million euro, EU27 from 2020), current prices;P31_S14;Final consumption expenditure of households;PT;Portugal;1977;1977;28.6
A;Annual;PC_EU27_2020_HAB_MPPS_CP;Percentage of EU27 (from 2020) total per capita (based on million purchasing power standards, EU27 from 2020), current prices;P31_S14;Final consumption expenditure of households;PT;Portugal;1977;1977;29.2
A;Annual;CP_EUR_HAB;Current prices, euro per capita;P31_S14;Final consumption expenditure of households;PT;Portugal;1977;1977;30.8
A;Annual;CP_NAC_HAB;Current prices, units of national currency per capita;P31_S14;Final consumption expenditure of households;PT;Portugal;1977;1977;31.0
A;Annual;CP_PPS_EU27_2020_HAB;Current prices, purchasing power standard (PPS, EU27 from 2020) per capita;P31_S14;Final consumption expenditure of households;PT;Portugal;1977;1977;30.2
A;Annual;CLV_I20_HAB;Chain linked volumes, Index 2020=100, per capita;P31_S14;Final consumption expenditure of households;PT;Portugal;1977;1977;31.3
A;Annual;CLV_I15_HAB;Chain linked volumes, Index 2015=100, per capita;P31_S14;Final consumption expenditure of households;PT;Portugal;1977;1977;32.9
A;Annual;CLV_I10_HAB;Chain linked volumes, Index 2010=100, per capita;P31_S14;Final consumption expenditure of households;PT;Portugal;1977;1977;34.3
A;Annual;CLV20_EUR_HAB;Chain linked volumes (2020), euro per capita;P31_S14;Final consumption expenditure of households;PT;Portugal;1977;1977;37.4
A;Annual;CLV15_EUR_HAB;Chain linked volumes (2015), euro per capita;P31_S14;Final consumption expenditure of households;PT;Portugal;1977;1977;40.6
A;Annual;CLV10_EUR_HAB;Chain linked volumes (2010), euro per capita;P31_S14;Final consumption expenditure of households;PT;Portugal;1977;1977;42.4
A;Annual;CLV_PCH_PRE_HAB;Chain linked volumes, percentage change on previous period, per capita;P31_S14;Final consumption expenditure of households;PT;Portugal;1977;1977;44.1
A;Annual;PC_EU27_2020_HAB_MEUR_CP;Percentage of EU27 (from 2020) total per capita (based on million euro, EU27 from 2020), current prices;P31_S15;Final consumption expenditure of NPISH;PT;Portugal;1977;1977;45.5
A;Annual;PC_EU27_2020_HAB_MPPS_CP;Percentage of EU27 (from 2020) total per capita (based on million purchasing power standards, EU27 from 2020), current prices;P31_S15;Final consumption expenditure of NPISH;PT;Portugal;1977;1977;49.0
A;Annual;CP_EUR_HAB;Current prices, euro per capita;P31_S15;Final consumption expenditure of NPISH;PT;Portugal;1977;1977;51.3
A;Annual;CP_NAC_HAB;Current prices, units of national currency per capita;P31_S15;Final consumption expenditure of NPISH;PT;Portugal;1977;1977;55.2
A;Annual;CP_PPS_EU27_2020_HAB;Current prices, purchasing power standard (PPS, EU27 from 2020) per capita;P31_S15;Final consumption expenditure of NPISH;PT;Portugal;1977;1977;
A;Annual;CLV_I20_HAB;Chain linked volumes, Index 2020=100, per capita;P31_S15;Final consumption expenditure of NPISH;PT;Portugal;1977;1977;
A;Annual;CLV_I15_HAB;Chain linked volumes, Index 2015=100, per capita;P31_S15;Final consumption expenditure of NPISH;PT;Portugal;1977;1977;
A;Annual;CLV_I10_HAB;Chain linked volumes, Index 2010=100, per capita;P31_S15;Final consumption expenditure of NPISH;PT;Portugal;1977;1977;
A;Annual;CLV20_EUR_HAB;Chain linked volumes (2020), euro per capita;P31_S15;Final consumption expenditure of NPISH;PT;Portugal;1977;1977;
A;Annual;CLV15_EUR_HAB;Chain linked volumes (2015), euro per capita;P31_S15;Final consumption expenditure of NPISH;PT;Portugal;1977;1977;
A;Annual;CLV10_EUR_HAB;Chain linked volumes (2010), euro per capita;P31_S15;Final consumption expenditure of NPISH;PT;Portugal;1977;1977;
A;Annual;CLV_PCH_PRE_HAB;Chain linked volumes, percentage change on previous period, per capita;P31_S15;Final consumption expenditure of NPISH;PT;Portugal;1977;1977;
A;Annual;PC_EU27_2020_HAB_MEUR_CP;Percentage of EU27 (from 2020) total per capita (based on million euro, EU27 from 2020), current prices;P41;Actual individual consumption;PT;Portugal;1977;1977;
A;Annual;PC_EU27_2020_HAB_MPPS_CP;Percentage of EU27 (from 2020) total per capita (based on million purchasing power standards, EU27 from 2020), current prices;P41;Actual individual consumption;PT;Portugal;1977;1977;
A;Annual;CP_EUR_HAB;Current prices, euro per capita;P41;Actual individual consumption;PT;Portugal;1977;1977;
A;Annual;CP_NAC_HAB;Current prices, units of national currency per capita;P41;Actual individual consumption;PT;Portugal;1977;1977;
A;Annual;CP_PPS_EU27_2020_HAB;Current prices, purchasing power standard (PPS, EU27 from 2020) per capita;P41;Actual individual consumption;PT;Portugal;1977;1977;
A;Annual;CLV_I20_HAB;Chain linked volumes, Index 2020=100, per capita;P41;Actual individual consumption;PT;Portugal;1977;1977;
A;Annual;CLV_I15_HAB;Chain linked volumes, Index 2015=100, per capita;P41;Actual individual consumption;PT;Portugal;1977;1977;
A;Annual;CLV_I10_HAB;Chain linked volumes, Index 2010=100, per capita;P41;Actual individual consumption;PT;Portugal;1977;1977;
A;Annual;CLV20_EUR_HAB;Chain linked volumes (2020), euro per capita;P41;Actual individual consumption;PT;Portugal;1977;1977;
A;Annual;CLV15_EUR_HAB;Chain linked volumes (2015), euro per capita;P41;Actual individual consumption;PT;Portugal;1977;1977;
A;Annual;CLV10_EUR_HAB;Chain linked volumes (2010), euro per capita;P41;Actual individual consumption;PT;Portugal;1977;1977;
A;Annual;CLV_PCH_PRE_HAB;Chain linked volumes, percentage change on previous period, per capita;P41;Actual individual consumption;PT;Portugal;1977;1977;
A;Annual;PC_EU27_2020_HAB_MEUR_CP;Percentage of EU27 (from 2020) total per capita (based on million euro, EU27 from 2020), current prices;B1GQ;Gross domestic product at market prices;PT;Portugal;1978;1978;
A;Annual;PC_EU27_2020_HAB_MPPS_CP;Percentage of EU27 (from 2020) total per capita (based on million purchasing power standards, EU27 from 2020), current prices;B1GQ;Gross domestic product at market prices;PT;Portugal;1978;1978;
A;Annual;CP_EUR_HAB;Current prices, euro per capita;B1GQ;Gross domestic product at market prices;PT;Portugal;1978;1978;
A;Annual;CP_NAC_HAB;Current prices, units of national currency per capita;B1GQ;Gross domestic product at market prices;PT;Portugal;1978;1978;
A;Annual;CP_PPS_EU27_2020_HAB;Current prices, purchasing power standard (PPS, EU27 from 2020) per capita;B1GQ;Gross domestic product at market prices;PT;Portugal;1978;1978;
A;Annual;CLV_I20_HAB;Chain linked volumes, Index 2020=100, per capita;B1GQ;Gross domestic product at market prices;PT;Portugal;1978;1978;
A;Annual;CLV_I15_HAB;Chain linked volumes, Index 2015=100, per capita;B1GQ;Gross domestic product at market prices;PT;Portugal;1978;1978;
A;Annual;CLV_I10_HAB;Chain linked volumes, Index 2010=100, per capita;B1GQ;Gross domestic product at market prices;PT;Portugal;1978;1978;
A;Annual;CLV20_EUR_HAB;Chain linked volumes (2020), euro per capita;B1GQ;Gross domestic product at market prices;PT;Portugal;1978;1978;
A;Annual;CLV15_EUR_HAB;Chain linked volumes (2015), euro per capita;B1GQ;Gross domestic product at market prices;PT;Portugal;1978;1978;
A;Annual;CLV10_EUR_HAB;Chain linked volumes (2010), euro per capita;B1GQ;Gross domestic product at market prices;PT;Portugal;1978;1978;
A;Annual;CLV_PCH_PRE_HAB;Chain linked volumes, percentage change on previous period, per capita;B1GQ;Gross domestic product at market prices;PT;Portugal;1978;1978;
A;Annual;PC_EU27_2020_HAB_MEUR_CP;Percentage of EU27 (from 2020) total per capita (based on million euro, EU27 from 2020), current prices;P3;Final consumption expenditure;PT;Portugal;1978;1978;
A;Annual;PC_EU27_2020_HAB_MPPS_CP;Percentage of EU27 (from 2020) total per capita (based on million purchasing power standards, EU27 from 2020), current prices;P3;Final consumption expenditure;PT;Portugal;1978;1978;
A;Annual;CP_EUR_HAB;Current prices, euro per capita;P3;Final consumption expenditure;PT;Portugal;1978;1978;
A;Annual;CP_NAC_HAB;Current prices, units of national currency per capita;P3;Final consumption expenditure;PT;Portugal;1978;1978;
A;Annual;CP_PPS_EU27_2020_HAB;Current prices, purchasing power standard (PPS, EU27 from 2020) per capita;P3;Final consumption expenditure;PT;Portugal;1978;1978;
A;Annual;CLV_I20_HAB;Chain linked volumes, Index 2020=100, per capita;P3;Final consumption expenditure;PT;Portugal;1978;1978;
A;Annual;CLV_I15_HAB;Chain linked volumes, Index 2015=100, per capita;P3;Final consumption expenditure;PT;Portugal;1978;1978;
A;Annual;CLV_I10_HAB;Chain linked volumes, Index 2010=100, per capita;P3;Final consumption expenditure;PT;Portugal;1978;1978;
A;Annual;CLV20_EUR_HAB;Chain linked volumes (2020), euro per capita;P3;Final consumption expenditure;PT;Portugal;1978;1978;
A;Annual;CLV15_EUR_HAB;Chain linked volumes (2015), euro per capita;P3;Final consumption expenditure;PT;Portugal;1978;1978;
A;Annual;CLV10_EUR_HAB;Chain linked volumes (2010), euro per capita;P3;Final consumption expenditure;PT;Portugal;1978;1978;
A;Annual;CLV_PCH_PRE_HAB;Chain linked volumes, percentage change on previous period, per capita;P3;Final consumption expenditure;PT;Portugal;1978;1978;
A;Annual;PC_EU27_2020_HAB_MEUR_CP;Percentage of EU27 (from 2020) total per capita (based on million euro, EU27 from 2020), current prices;P3_S13;Final consumption expenditure of general government;PT;Portugal;1978;1978;
A;Annual;PC_EU27_2020_HAB_MPPS_CP;Percentage of EU27 (from 2020) total per capita (based on million purchasing power standards, EU27 from 2020), current prices;P3_S13;Final consumption expenditure of general government;PT;Portugal;1978;1978;
A;Annual;CP_EUR_HAB;Current prices, euro per capita;P3_S13;Final consumption expenditure of general government;PT;Portugal;1978;1978;
A;Annual;CP_NAC_HAB;Current prices, units of national currency per capita;P3_S13;Final consumption expenditure of general government;PT;Portugal;1978;1978;
A;Annual;CP_PPS_EU27_2020_HAB;Current prices, purchasing power standard (PPS, EU27 from 2020) per capita;P3_S13;Final consumption expenditure of general government;PT;Portugal;1978;1978;
A;Annual;CLV_I20_HAB;Chain linked volumes, Index 2020=100, per capita;P3_S13;Final consumption expenditure of general government;PT;Portugal;1978;1978;
A;Annual;CLV_I15_HAB;Chain linked volumes, Index 2015=100, per capita;P3_S13;Final consumption expenditure of general government;PT;Portugal;1978;1978;
A;Annual;CLV_I10_HAB;Chain linked volumes, Index 2010=100, per capita;P3_S13;Final consumption expenditure of general government;PT;Portugal;1978;1978;
A;Annual;CLV20_EUR_HAB;Chain linked volumes (2020), euro per capita;P3_S13;Final consumption expenditure of general government;PT;Portugal;1978;1978;
A;Annual;CLV15_EUR_HAB;Chain linked volumes (2015), euro per capita;P3_S13;Final consumption expenditure of general government;PT;Portugal;1978;1978;
A;Annual;CLV10_EUR_HAB;Chain linked volumes (2010), euro per capita;P3_S13;Final consumption expenditure of general government;PT;Portugal;1978;1978;
A;Annual;CLV_PCH_PRE_HAB;Chain linked volumes, percentage change on previous period, per capita;P3_S13;Final consumption expenditure of general government;PT;Portugal;1978;1978;
A;Annual;PC_EU27_2020_HAB_MEUR_CP;Percentage of EU27 (from 2020) total per capita (based on million euro, EU27 from 2020), current prices;P31_S13;Individual consumption expenditure of general government;PT;Portugal;1978;1978;
A;Annual;PC_EU27_2020_HAB_MPPS_CP;Percentage of EU27 (from 2020) total per capita (based on million purchasing power standards, EU27 from 2020), current prices;P31_S13;Individual consumption expenditure of general government;PT;Portugal;1978;1978;
A;Annual;CP_EUR_HAB;Current prices, euro per capita;P31_S13;Individual consumption expenditure of general government;PT;Portugal;1978;1978;
A;Annual;CP_NAC_HAB;Current prices, units of national currency per capita;P31_S13;Individual consumption expenditure of general government;PT;Portugal;1978;1978;
A;Annual;CP_PPS_EU27_2020_HAB;Current prices, purchasing power standard (PPS, EU27 from 2020) per capita;P31_S13;Individual consumption expenditure of general government;PT;Portugal;1978;1978;
A;Annual;CLV_I20_HAB;Chain linked volumes, Index 2020=100, per capita;P31_S13;Individual consumption expenditure of general government;PT;Portugal;1978;1978;
A;Annual;CLV_I15_HAB;Chain linked volumes, Index 2015=100, per capita;P31_S13;Individual consumption expenditure of general government;PT;Portugal;1978;1978;
A;Annual;CLV_I10_HAB;Chain linked volumes, Index 2010=100, per capita;P31_S13;Individual consumption expenditure of general government;PT;Portugal;1978;1978;
A;Annual;CLV20_EUR_HAB;Chain linked volumes (2020), euro per capita;P31_S13;Individual consumption expenditure of general government;PT;Portugal;1978;1978;
A;Annual;CLV15_EUR_HAB;Chain linked volumes (2015), euro per capita;P31_S13;Individual consumption expenditure of general government;PT;Portugal;1978;1978;
A;Annual;CLV10_EUR_HAB;Chain linked volumes (2010), euro per capita;P31_S13;Individual consumption expenditure of general government;PT;Portugal;1978;1978;
A;Annual;CLV_PCH_PRE_HAB;Chain linked volumes, percentage change on previous period, per capita;P31_S13;Individual consumption expenditure of general government;PT;Portugal;1978;1978;
A;Annual;PC_EU27_2020_HAB_MEUR_CP;Percentage of EU27 (from 2020) total per capita (based on million euro, EU27 from 2020), current prices;P32_S13;Collective consumption expenditure of general government;PT;Portugal;1978;1978;
A;Annual;PC_EU27_2020_HAB_MPPS_CP;Percentage of EU27 (from 2020) total per capita (based on million purchasing power standards, EU27 from 2020), current prices;P32_S13;Collective consumption expenditure of general government;PT;Portugal;1978;1978;
A;Annual;CP_EUR_HAB;Current prices, euro per capita;P32_S13;Collective consumption expenditure of general government;PT;Portugal;1978;1978;
A;Annual;CP_NAC_HAB;Current prices, units of national currency per capita;P32_S13;Collective consumption expenditure of general government;PT;Portugal;1978;1978;
A;Annual;CP_PPS_EU27_2020_HAB;Current prices, purchasing power standard (PPS, EU27 from 2020) per capita;P32_S13;Collective consumption expenditure of general government;PT;Portugal;1978;1978;
A;Annual;CLV_I20_HAB;Chain linked volumes, Index 2020=100, per capita;P32_S13;Collective consumption expenditure of general government;PT;Portugal;1978;1978;
A;Annual;CLV_I15_HAB;Chain linked volumes, Index 2015=100, per capita;P32_S13;Collective consumption expenditure of general government;PT;Portugal;1978;1978;
A;Annual;CLV_I10_HAB;Chain linked volumes, Index 2010=100, per capita;P32_S13;Collective consumption expenditure of general government;PT;Portugal;1978;1978;
A;Annual;CLV20_EUR_HAB;Chain linked volumes (2020), euro per capita;P32_S13;Collective consumption expenditure of general government;PT;Portugal;1978;1978;307.0
A;Annual;CLV15_EUR_HAB;Chain linked volumes (2015), euro per capita;P32_S13;Collective consumption expenditure of general government;PT;Portugal;1978;1978;312.2
A;Annual;CLV10_EUR_HAB;Chain linked volumes (2010), euro per capita;P32_S13;Collective consumption expenditure of general government;PT;Portugal;1978;1978;316.6
A;Annual;CLV_PCH_PRE_HAB;Chain linked volumes, percentage change on previous period, per capita;P32_S13;Collective consumption expenditure of general government;PT;Portugal;1978;1978;300.1
A;Annual;PC_EU27_2020_HAB_MEUR_CP;Percentage of EU27 (from 2020) total per capita (based on million euro, EU27 from 2020), current prices;P31_S14_S15;Household and NPISH final consumption expenditure;PT;Portugal;1978;1978;303.5
A;Annual;PC_EU27_2020_HAB_MPPS_CP;Percentage of EU27 (from 2020) total per capita (based on million purchasing power standards, EU27 from 2020), current prices;P31_S14_S15;Household and NPISH final consumption expenditure;PT;Portugal;1978;1978;303.9
A;Annual;CP_EUR_HAB;Current prices, euro per capita;P31_S14_S15;Household and NPISH final consumption expenditure;PT;Portugal;1978;1978;297.4
A;Annual;CP_NAC_HAB;Current prices, units of national currency per capita;P31_S14_S15;Household and NPISH final consumption expenditure;PT;Portugal;1978;1978;318.9
A;Annual;CP_PPS_EU27_2020_HAB;Current prices, purchasing power standard (PPS, EU27 from 2020) per capita;P31_S14_S15;Household and NPISH final consumption expenditure;PT;Portugal;1978;1978;316.1
A;Annual;CLV_I20_HAB;Chain linked volumes, Index 2020=100, per capita;P31_S14_S15;Household and NPISH final consumption expenditure;PT;Portugal;1978;1978;312.2
A;Annual;CLV_I15_HAB;Chain linked volumes, Index 2015=100, per capita;P31_S14_S15;Household and NPISH final consumption expenditure;PT;Portugal;1978;1978;349.1
A;Annual;CLV_I10_HAB;Chain linked volumes, Index 2010=100, per capita;P31_S14_S15;Household and NPISH final consumption expenditure;PT;Portugal;1978;1978;349.7
A;Annual;CLV20_EUR_HAB;Chain linked volumes (2020), euro per capita;P31_S14_S15;Household and NPISH final consumption expenditure;PT;Portugal;1978;1978;348.7
A;Annual;CLV15_EUR_HAB;Chain linked volumes (2015), euro per capita;P31_S14_S15;Household and NPISH final consumption expenditure;PT;Portugal;1978;1978;359.2
A;Annual;CLV10_EUR_HAB;Chain linked volumes (2010), euro per capita;P31_S14_S15;Household and NPISH final consumption expenditure;PT;Portugal;1978;1978;349.8
A;Annual;CLV_PCH_PRE_HAB;Chain linked volumes, percentage change on previous period, per capita;P31_S14_S15;Household and NPISH final consumption expenditure;PT;Portugal;1978;1978;369.1
A;Annual;PC_EU27_2020_HAB_MEUR_CP;Percentage of EU27 (from 2020) total per capita (based on million euro, EU27 from 2020), current prices;P31_S14;Final consumption expenditure of households;PT;Portugal;1978;1978;394.3
A;Annual;PC_EU27_2020_HAB_MPPS_CP;Percentage of EU27 (from 2020) total per capita (based on million purchasing power standards, EU27 from 2020), current prices;P31_S14;Final consumption expenditure of households;PT;Portugal;1978;1978;419.8
A;Annual;CP_EUR_HAB;Current prices, euro per capita;P31_S14;Final consumption expenditure of households;PT;Portugal;1978;1978;421.4
A;Annual;CP_NAC_HAB;Current prices, units of national currency per capita;P31_S14;Final consumption expenditure of households;PT;Portugal;1978;1978;415.4
A;Annual;CP_PPS_EU27_2020_HAB;Current prices, purchasing power standard (PPS, EU27 from 2020) per capita;P31_S14;Final consumption expenditure of households;PT;Portugal;1978;1978;418.3
A;Annual;CLV_I20_HAB;Chain linked volumes, Index 2020=100, per capita;P31_S14;Final consumption expenditure of households;PT;Portugal;1978;1978;402.8
A;Annual;CLV_I15_HAB;Chain linked volumes, Index 2015=100, per capita;P31_S14;Final consumption expenditure of households;PT;Portugal;1978;1978;405.7
A;Annual;CLV_I10_HAB;Chain linked volumes, Index 2010=100, per capita;P31_S14;Final consumption expenditure of households;PT;Portugal;1978;1978;389.0
A;Annual;CLV20_EUR_HAB;Chain linked volumes (2020), euro per capita;P31_S14;Final consumption expenditure of households;PT;Portugal;1978;1978;388.8
A;Annual;CLV15_EUR_HAB;Chain linked volumes (2015), euro per capita;P31_S14;Final consumption expenditure of households;PT;Portugal;1978;1978;356.1
A;Annual;CLV10_EUR_HAB;Chain linked volumes (2010), euro per capita;P31_S14;Final consumption expenditure of households;PT;Portugal;1978;1978;378.7
A;Annual;CLV_PCH_PRE_HAB;Chain linked volumes, percentage change on previous period, per capita;P31_S14;Final consumption expenditure of households;PT;Portugal;1978;1978;417.6
A;Annual;PC_EU27_2020_HAB_MEUR_CP;Percentage of EU27 (from 2020) total per capita (based on million euro, EU27 from 2020), current prices;P31_S15;Final consumption expenditure of NPISH;PT;Portugal;1978;1978;369.5
A;Annual;PC_EU27_2020_HAB_MPPS_CP;Percentage of EU27 (from 2020) total per capita (based on million purchasing power standards, EU27 from 2020), current prices;P31_S15;Final consumption expenditure of NPISH;PT;Portugal;1978;1978;355.9
A;Annual;CP_EUR_HAB;Current prices, euro per capita;P31_S15;Final consumption expenditure of NPISH;PT;Portugal;1978;1978;
A;Annual;CP_NAC_HAB;Current prices, units of national currency per capita;P31_S15;Final consumption expenditure of NPISH;PT;Portugal;1978;1978;
A;Annual;CP_PPS_EU27_2020_HAB;Current prices, purchasing power standard (PPS, EU27 from 2020) per capita;P31_S15;Final consumption expenditure of NPISH;PT;Portugal;1978;1978;
A;Annual;CLV_I20_HAB;Chain linked volumes, Index 2020=100, per capita;P31_S15;Final consumption expenditure of NPISH;PT;Portugal;1978;1978;
A;Annual;CLV_I15_HAB;Chain linked volumes, Index 2015=100, per capita;P31_S15;Final consumption expenditure of NPISH;PT;Portugal;1978;1978;
A;Annual;CLV_I10_HAB;Chain linked volumes, Index 2010=100, per capita;P31_S15;Final consumption expenditure of NPISH;PT;Portugal;1978;1978;
A;Annual;CLV20_EUR_HAB;Chain linked volumes (2020), euro per capita;P31_S15;Final consumption expenditure of NPISH;PT;Portugal;1978;1978;
A;Annual;CLV15_EUR_HAB;Chain linked volumes (2015), euro per capita;P31_S15;Final consumption expenditure of NPISH;PT;Portugal;1978;1978;
A;Annual;CLV10_EUR_HAB;Chain linked volumes (2010), euro per capita;P31_S15;Final consumption expenditure of NPISH;PT;Portugal;1978;1978;
A;Annual;CLV_PCH_PRE_HAB;Chain linked volumes, percentage change on previous period, per capita;P31_S15;Final consumption expenditure of NPISH;PT;Portugal;1978;1978;
A;Annual;PC_EU27_2020_HAB_MEUR_CP;Percentage of EU27 (from 2020) total per capita (based on million euro, EU27 from 2020), current prices;P41;Actual individual consumption;PT;Portugal;1978;1978;
A;Annual;PC_EU27_2020_HAB_MPPS_CP;Percentage of EU27 (from 2020) total per capita (based on million purchasing power standards, EU27 from 2020), current prices;P41;Actual individual consumption;PT;Portugal;1978;1978;
A;Annual;CP_EUR_HAB;Current prices, euro per capita;P41;Actual individual consumption;PT;Portugal;1978;1978;
A;Annual;CP_NAC_HAB;Current prices, units of national currency per capita;P41;Actual individual consumption;PT;Portugal;1978;1978;
A;Annual;CP_PPS_EU27_2020_HAB;Current prices, purchasing power standard (PPS, EU27 from 2020) per capita;P41;Actual individual consumption;PT;Portugal;1978;1978;
A;Annual;CLV_I20_HAB;Chain linked volumes, Index 2020=100, per capita;P41;Actual individual consumption;PT;Portugal;1978;1978;
A;Annual;CLV_I15_HAB;Chain linked volumes, Index 2015=100, per capita;P41;Actual individual consumption;PT;Portugal;1978;1978;
A;Annual;CLV_I10_HAB;Chain linked volumes, Index 2010=100, per capita;P41;Actual individual consumption;PT;Portugal;1978;1978;
A;Annual;CLV20_EUR_HAB;Chain linked volumes (2020), euro per capita;P41;Actual individual consumption;PT;Portugal;1978;1978;
A;Annual;CLV15_EUR_HAB;Chain linked volumes (2015), euro per capita;P41;Actual individual consumption;PT;Portugal;1978;1978;
A;Annual;CLV10_EUR_HAB;Chain linked volumes (2010), euro per capita;P41;Actual individual consumption;PT;Portugal;1978;1978;373.9
A;Annual;CLV_PCH_PRE_HAB;Chain linked volumes, percentage change on previous period, per capita;P41;Actual individual consumption;PT;Portugal;1978;1978;366.7
A;Annual;PC_EU27_2020_HAB_MEUR_CP;Percentage of EU27 (from 2020) total per capita (based on million euro, EU27 from 2020), current prices;B1GQ;Gross domestic product at market prices;PT;Portugal;1979;1979;
A;Annual;PC_EU27_2020_HAB_MPPS_CP;Percentage of EU27 (from 2020) total per capita (based on million purchasing power standards, EU27 from 2020), current prices;B1GQ;Gross domestic product at market prices;PT;Portugal;1979;1979;
A;Annual;CP_EUR_HAB;Current prices, euro per capita;B1GQ;Gross domestic product at market prices;PT;Portugal;1979;1979;
A;Annual;CP_NAC_HAB;Current prices, units of national currency per capita;B1GQ;Gross domestic product at market prices;PT;Portugal;1979;1979;
A;Annual;CP_PPS_EU27_2020_HAB;Current prices, purchasing power standard (PPS, EU27 from 2020) per capita;B1GQ;Gross domestic product at market prices;PT;Portugal;1979;1979;
A;Annual;CLV_I20_HAB;Chain linked volumes, Index 2020=100, per capita;B1GQ;Gross domestic product at market prices;PT;Portugal;1979;1979;
A;Annual;CLV_I15_HAB;Chain linked volumes, Index 2015=100, per capita;B1GQ;Gross domestic product at market prices;PT;Portugal;1979;1979;14.5
A;Annual;CLV_I10_HAB;Chain linked volumes, Index 2010=100, per capita;B1GQ;Gross domestic product at market prices;PT;Portugal;1979;1979;15.5
A;Annual;CLV20_EUR_HAB;Chain linked volumes (2020), euro per capita;B1GQ;Gross domestic product at market prices;PT;Portugal;1979;1979;17.1
A;Annual;CLV15_EUR_HAB;Chain linked volumes (2015), euro per capita;B1GQ;Gross domestic product at market prices;PT;Portugal;1979;1979;18.0
A;Annual;CLV10_EUR_HAB;Chain linked volumes (2010), euro per capita;B1GQ;Gross domestic product at market prices;PT;Portugal;1979;1979;19.1
A;Annual;CLV_PCH_PRE_HAB;Chain linked volumes, percentage change on previous period, per capita;B1GQ;Gross domestic product at market prices;PT;Portugal;1979;1979;19.9
A;Annual;PC_EU27_2020_HAB_MEUR_CP;Percentage of EU27 (from 2020) total per capita (based on million euro, EU27 from 2020), current prices;P3;Final consumption expenditure;PT;Portugal;1979;1979;20.8
A;Annual;PC_EU27_2020_HAB_MPPS_CP;Percentage of EU27 (from 2020) total per capita (based on million purchasing power standards, EU27 from 2020), current prices;P3;Final consumption expenditure;PT;Portugal;1979;1979;21.5
A;Annual;CP_EUR_HAB;Current prices, euro per capita;P3;Final consumption expenditure;PT;Portugal;1979;1979;22.3
A;Annual;CP_NAC_HAB;Current prices, units of national currency per capita;P3;Final consumption expenditure;PT;Portugal;1979;1979;23.0
A;Annual;CP_PPS_EU27_2020_HAB;Current prices, purchasing power standard (PPS, EU27 from 2020) per capita;P3;Final consumption expenditure;PT;Portugal;1979;1979;24.3
A;Annual;CLV_I20_HAB;Chain linked volumes, Index 2020=100, per capita;P3;Final consumption expenditure;PT;Portugal;1979;1979;25.9
A;Annual;CLV_I15_HAB;Chain linked volumes, Index 2015=100, per capita;P3;Final consumption expenditure;PT;Portugal;1979;1979;28.1
A;Annual;CLV_I10_HAB;Chain linked volumes, Index 2010=100, per capita;P3;Final consumption expenditure;PT;Portugal;1979;1979;29.4
A;Annual;CLV20_EUR_HAB;Chain linked volumes (2020), euro per capita;P3;Final consumption expenditure;PT;Portugal;1979;1979;29.6
A;Annual;CLV15_EUR_HAB;Chain linked volumes (2015), euro per capita;P3;Final consumption expenditure;PT;Portugal;1979;1979;29.7
A;Annual;CLV10_EUR_HAB;Chain linked volumes (2010), euro per capita;P3;Final consumption expenditure;PT;Portugal;1979;1979;29.1
A;Annual;CLV_PCH_PRE_HAB;Chain linked volumes, percentage change on previous period, per capita;P3;Final consumption expenditure;PT;Portugal;1979;1979;30.2
A;Annual;PC_EU27_2020_HAB_MEUR_CP;Percentage of EU27 (from 2020) total per capita (based on million euro, EU27 from 2020), current prices;P3_S13;Final consumption expenditure of general government;PT;Portugal;1979;1979;30.4
A;Annual;PC_EU27_2020_HAB_MPPS_CP;Percentage of EU27 (from 2020) total per capita (based on million purchasing power standards, EU27 from 2020), current prices;P3_S13;Final consumption expenditure of general government;PT;Portugal;1979;1979;29.8
A;Annual;CP_EUR_HAB;Current prices, euro per capita;P3_S13;Final consumption expenditure of general government;PT;Portugal;1979;1979;30.1
A;Annual;CP_NAC_HAB;Current prices, units of national currency per capita;P3_S13;Final consumption expenditure of general government;PT;Portugal;1979;1979;30.3
A;Annual;CP_PPS_EU27_2020_HAB;Current prices, purchasing power standard (PPS, EU27 from 2020) per capita;P3_S13;Final consumption expenditure of general government;PT;Portugal;1979;1979;30.3
A;Annual;CLV_I20_HAB;Chain linked volumes, Index 2020=100, per capita;P3_S13;Final consumption expenditure of general government;PT;Portugal;1979;1979;30.4
A;Annual;CLV_I15_HAB;Chain linked volumes, Index 2015=100, per capita;P3_S13;Final consumption expenditure of general government;PT;Portugal;1979;1979;30.9
A;Annual;CLV_I10_HAB;Chain linked volumes, Index 2010=100, per capita;P3_S13;Final consumption expenditure of general government;PT;Portugal;1979;1979;33.7
A;Annual;CLV20_EUR_HAB;Chain linked volumes (2020), euro per capita;P3_S13;Final consumption expenditure of general government;PT;Portugal;1979;1979;
A;Annual;CLV15_EUR_HAB;Chain linked volumes (2015), euro per capita;P3_S13;Final consumption expenditure of general government;PT;Portugal;1979;1979;
A;Annual;CLV10_EUR_HAB;Chain linked volumes (2010), euro per capita;P3_S13;Final consumption expenditure of general government;PT;Portugal;1979;1979;
A;Annual;CLV_PCH_PRE_HAB;Chain linked volumes, percentage change on previous period, per capita;P3_S13;Final consumption expenditure of general government;PT;Portugal;1979;1979;
A;Annual;PC_EU27_2020_HAB_MEUR_CP;Percentage of EU27 (from 2020) total per capita (based on million euro, EU27 from 2020), current prices;P31_S13;Individual consumption expenditure of general government;PT;Portugal;1979;1979;
A;Annual;PC_EU27_2020_HAB_MPPS_CP;Percentage of EU27 (from 2020) total per capita (based on million purchasing power standards, EU27 from 2020), current prices;P31_S13;Individual consumption expenditure of general government;PT;Portugal;1979;1979;
A;Annual;CP_EUR_HAB;Current prices, euro per capita;P31_S13;Individual consumption expenditure of general government;PT;Portugal;1979;1979;
A;Annual;CP_NAC_HAB;Current prices, units of national currency per capita;P31_S13;Individual consumption expenditure of general government;PT;Portugal;1979;1979;
A;Annual;CP_PPS_EU27_2020_HAB;Current prices, purchasing power standard (PPS, EU27 from 2020) per capita;P31_S13;Individual consumption expenditure of general government;PT;Portugal;1979;1979;
A;Annual;CLV_I20_HAB;Chain linked volumes, Index 2020=100, per capita;P31_S13;Individual consumption expenditure of general government;PT;Portugal;1979;1979;
A;Annual;CLV_I15_HAB;Chain linked volumes, Index 2015=100, per capita;P31_S13;Individual consumption expenditure of general government;PT;Portugal;1979;1979;
A;Annual;CLV_I10_HAB;Chain linked volumes, Index 2010=100, per capita;P31_S13;Individual consumption expenditure of general government;PT;Portugal;1979;1979;
A;Annual;CLV20_EUR_HAB;Chain linked volumes (2020), euro per capita;P31_S13;Individual consumption expenditure of general government;PT;Portugal;1979;1979;
A;Annual;CLV15_EUR_HAB;Chain linked volumes (2015), euro per capita;P31_S13;Individual consumption expenditure of general government;PT;Portugal;1979;1979;
A;Annual;CLV10_EUR_HAB;Chain linked volumes (2010), euro per capita;P31_S13;Individual consumption expenditure of general government;PT;Portugal;1979;1979;
A;Annual;CLV_PCH_PRE_HAB;Chain linked volumes, percentage change on previous period, per capita;P31_S13;Individual consumption expenditure of general government;PT;Portugal;1979;1979;
A;Annual;PC_EU27_2020_HAB_MEUR_CP;Percentage of EU27 (from 2020) total per capita (based on million euro, EU27 from 2020), current prices;P32_S13;Collective consumption expenditure of general government;PT;Portugal;1979;1979;
A;Annual;PC_EU27_2020_HAB_MPPS_CP;Percentage of EU27 (from 2020) total per capita (based on million purchasing power standards, EU27 from 2020), current prices;P32_S13;Collective consumption expenditure of general government;PT;Portugal;1979;1979;
A;Annual;CP_EUR_HAB;Current prices, euro per capita;P32_S13;Collective consumption expenditure of general government;PT;Portugal;1979;1979;
A;Annual;CP_NAC_HAB;Current prices, units of national currency per capita;P32_S13;Collective consumption expenditure of general government;PT;Portugal;1979;1979;
A;Annual;CP_PPS_EU27_2020_HAB;Current prices, purchasing power standard (PPS, EU27 from 2020) per capita;P32_S13;Collective consumption expenditure of general government;PT;Portugal;1979;1979;
A;Annual;CLV_I20_HAB;Chain linked volumes, Index 2020=100, per capita;P32_S13;Collective consumption expenditure of general government;PT;Portugal;1979;1979;
A;Annual;CLV_I15_HAB;Chain linked volumes, Index 2015=100, per capita;P32_S13;Collective consumption expenditure of general government;PT;Portugal;1979;1979;
A;Annual;CLV_I10_HAB;Chain linked volumes, Index 2010=100, per capita;P32_S13;Collective consumption expenditure of general government;PT;Portugal;1979;1979;
A;Annual;CLV20_EUR_HAB;Chain linked volumes (2020), euro per capita;P32_S13;Collective consumption expenditure of general government;PT;Portugal;1979;1979;
A;Annual;CLV15_EUR_HAB;Chain linked volumes (2015), euro per capita;P32_S13;Collective consumption expenditure of general government;PT;Portugal;1979;1979;
A;Annual;CLV10_EUR_HAB;Chain linked volumes (2010), euro per capita;P32_S13;Collective consumption expenditure of general government;PT;Portugal;1979;1979;
A;Annual;CLV_PCH_PRE_HAB;Chain linked volumes, percentage change on previous period, per capita;P32_S13;Collective consumption expenditure of general government;PT;Portugal;1979;1979;28.9
A;Annual;PC_EU27_2020_HAB_MEUR_CP;Percentage of EU27 (from 2020) total per capita (based on million euro, EU27 from 2020), current prices;P31_S14_S15;Household and NPISH final consumption expenditure;PT;Portugal;1979;1979;29.2
A;Annual;PC_EU27_2020_HAB_MPPS_CP;Percentage of EU27 (from 2020) total per capita (based on million purchasing power standards, EU27 from 2020), current prices;P31_S14_S15;Household and NPISH final consumption expenditure;PT;Portugal;1979;1979;31.1
A;Annual;CP_EUR_HAB;Current prices, euro per capita;P31_S14_S15;Household and NPISH final consumption expenditure;PT;Portugal;1979;1979;32.3
A;Annual;CP_NAC_HAB;Current prices, units of national currency per capita;P31_S14_S15;Household and NPISH final consumption expenditure;PT;Portugal;1979;1979;33.5
A;Annual;CP_PPS_EU27_2020_HAB;Current prices, purchasing power standard (PPS, EU27 from 2020) per capita;P31_S14_S15;Household and NPISH final consumption expenditure;PT;Portugal;1979;1979;34.8
A;Annual;CLV_I20_HAB;Chain linked volumes, Index 2020=100, per capita;P31_S14_S15;Household and NPISH final consumption expenditure;PT;Portugal;1979;1979;35.7
A;Annual;CLV_I15_HAB;Chain linked volumes, Index 2015=100, per capita;P31_S14_S15;Household and NPISH final consumption expenditure;PT;Portugal;1979;1979;37.4
A;Annual;CLV_I10_HAB;Chain linked volumes, Index 2010=100, per capita;P31_S14_S15;Household and NPISH final consumption expenditure;PT;Portugal;1979;1979;40.1
A;Annual;CLV20_EUR_HAB;Chain linked volumes (2020), euro per capita;P31_S14_S15;Household and NPISH final consumption expenditure;PT;Portugal;1979;1979;40.6
A;Annual;CLV15_EUR_HAB;Chain linked volumes (2015), euro per capita;P31_S14_S15;Household and NPISH final consumption expenditure;PT;Portugal;1979;1979;40.2
A;Annual;CLV10_EUR_HAB;Chain linked volumes (2010), euro per capita;P31_S14_S15;Household and NPISH final consumption expenditure;PT;Portugal;1979;1979;41.2
A;Annual;CLV_PCH_PRE_HAB;Chain linked volumes, percentage change on previous period, per capita;P31_S14_S15;Household and NPISH final consumption expenditure;PT;Portugal;1979;1979;41.2
A;Annual;PC_EU27_2020_HAB_MEUR_CP;Percentage of EU27 (from 2020) total per capita (based on million euro, EU27 from 2020), current prices;P31_S14;Final consumption expenditure of households;PT;Portugal;1979;1979;41.9
A;Annual;PC_EU27_2020_HAB_MPPS_CP;Percentage of EU27 (from 2020) total per capita (based on million purchasing power standards, EU27 from 2020), current prices;P31_S14;Final consumption expenditure of households;PT;Portugal;1979;1979;40.8
A;Annual;CP_EUR_HAB;Current prices, euro per capita;P31_S14;Final consumption expenditure of households;PT;Portugal;1979;1979;40.2
A;Annual;CP_NAC_HAB;Current prices, units of national currency per capita;P31_S14;Final consumption expenditure of households;PT;Portugal;1979;1979;40.1
A;Annual;CP_PPS_EU27_2020_HAB;Current prices, purchasing power standard (PPS, EU27 from 2020) per capita;P31_S14;Final consumption expenditure of households;PT;Portugal;1979;1979;40.0
A;Annual;CLV_I20_HAB;Chain linked volumes, Index 2020=100, per capita;P31_S14;Final consumption expenditure of households;PT;Portugal;1979;1979;40.9
A;Annual;CLV_I15_HAB;Chain linked volumes, Index 2015=100, per capita;P31_S14;Final consumption expenditure of households;PT;Portugal;1979;1979;42.2
A;Annual;CLV_I10_HAB;Chain linked volumes, Index 2010=100, per capita;P31_S14;Final consumption expenditure of households;PT;Portugal;1979;1979;44.0
A;Annual;CLV20_EUR_HAB;Chain linked volumes (2020), euro per capita;P31_S14;Final consumption expenditure of households;PT;Portugal;1979;1979;44.9
A;Annual;CLV15_EUR_HAB;Chain linked volumes (2015), euro per capita;P31_S14;Final consumption expenditure of households;PT;Portugal;1979;1979;45.5
A;Annual;CLV10_EUR_HAB;Chain linked volumes (2010), euro per capita;P31_S14;Final consumption expenditure of households;PT;Portugal;1979;1979;48.6
A;Annual;CLV_PCH_PRE_HAB;Chain linked volumes, percentage change on previous period, per capita;P31_S14;Final consumption expenditure of households;PT;Portugal;1979;1979;51.0
A;Annual;PC_EU27_2020_HAB_MEUR_CP;Percentage of EU27 (from 2020) total per capita (based on million euro, EU27 from 2020), current prices;P31_S15;Final consumption expenditure of NPISH;PT;Portugal;1979;1979;
A;Annual;PC_EU27_2020_HAB_MPPS_CP;Percentage of EU27 (from 2020) total per capita (based on million purchasing power standards, EU27 from 2020), current prices;P31_S15;Final consumption expenditure of NPISH;PT;Portugal;1979;1979;
A;Annual;CP_EUR_HAB;Current prices, euro per capita;P31_S15;Final consumption expenditure of NPISH;PT;Portugal;1979;1979;
A;Annual;CP_NAC_HAB;Current prices, units of national currency per capita;P31_S15;Final consumption expenditure of NPISH;PT;Portugal;1979;1979;
A;Annual;CP_PPS_EU27_2020_HAB;Current prices, purchasing power standard (PPS, EU27 from 2020) per capita;P31_S15;Final consumption expenditure of NPISH;PT;Portugal;1979;1979;
A;Annual;CLV_I20_HAB;Chain linked volumes, Index 2020=100, per capita;P31_S15;Final consumption expenditure of NPISH;PT;Portugal;1979;1979;
A;Annual;CLV_I15_HAB;Chain linked volumes, Index 2015=100, per capita;P31_S15;Final consumption expenditure of NPISH;PT;Portugal;1979;1979;
A;Annual;CLV_I10_HAB;Chain linked volumes, Index 2010=100, per capita;P31_S15;Final consumption expenditure of NPISH;PT;Portugal;1979;1979;
A;Annual;CLV20_EUR_HAB;Chain linked volumes (2020), euro per capita;P31_S15;Final consumption expenditure of NPISH;PT;Portugal;1979;1979;
A;Annual;CLV15_EUR_HAB;Chain linked volumes (2015), euro per capita;P31_S15;Final consumption expenditure of NPISH;PT;Portugal;1979;1979;
A;Annual;CLV10_EUR_HAB;Chain linked volumes (2010), euro per capita;P31_S15;Final consumption expenditure of NPISH;PT;Portugal;1979;1979;
A;Annual;CLV_PCH_PRE_HAB;Chain linked volumes, percentage change on previous period, per capita;P31_S15;Final consumption expenditure of NPISH;PT;Portugal;1979;1979;
A;Annual;PC_EU27_2020_HAB_MEUR_CP;Percentage of EU27 (from 2020) total per capita (based on million euro, EU27 from 2020), current prices;P41;Actual individual consumption;PT;Portugal;1979;1979;
A;Annual;PC_EU27_2020_HAB_MPPS_CP;Percentage of EU27 (from 2020) total per capita (based on million purchasing power standards, EU27 from 2020), current prices;P41;Actual individual consumption;PT;Portugal;1979;1979;
A;Annual;CP_EUR_HAB;Current prices, euro per capita;P41;Actual individual consumption;PT;Portugal;1979;1979;
A;Annual;CP_NAC_HAB;Current prices, units of national currency per capita;P41;Actual individual consumption;PT;Portugal;1979;1979;
A;Annual;CP_PPS_EU27_2020_HAB;Current prices, purchasing power standard (PPS, EU27 from 2020) per capita;P41;Actual individual consumption;PT;Portugal;1979;1979;
A;Annual;CLV_I20_HAB;Chain linked volumes, Index 2020=100, per capita;P41;Actual individual consumption;PT;Portugal;1979;1979;
A;Annual;CLV_I15_HAB;Chain linked volumes, Index 2015=100, per capita;P41;Actual individual consumption;PT;Portugal;1979;1979;
A;Annual;CLV_I10_HAB;Chain linked volumes, Index 2010=100, per capita;P41;Actual individual consumption;PT;Portugal;1979;1979;
A;Annual;CLV20_EUR_HAB;Chain linked volumes (2020), euro per capita;P41;Actual individual consumption;PT;Portugal;1979;1979;
A;Annual;CLV15_EUR_HAB;Chain linked volumes (2015), euro per capita;P41;Actual individual consumption;PT;Portugal;1979;1979;
A;Annual;CLV10_EUR_HAB;Chain linked volumes (2010), euro per capita;P41;Actual individual consumption;PT;Portugal;1979;1979;
A;Annual;CLV_PCH_PRE_HAB;Chain linked volumes, percentage change on previous period, per capita;P41;Actual individual consumption;PT;Portugal;1979;1979;44.6
A;Annual;PC_EU27_2020_HAB_MEUR_CP;Percentage of EU27 (from 2020) total per capita (based on million euro, EU27 from 2020), current prices;B1GQ;Gross domestic product at market prices;PT;Portugal;1980;1980;
A;Annual;PC_EU27_2020_HAB_MPPS_CP;Percentage of EU27 (from 2020) total per capita (based on million purchasing power standards, EU27 from 2020), current prices;B1GQ;Gross domestic product at market prices;PT;Portugal;1980;1980;
A;Annual;CP_EUR_HAB;Current prices, euro per capita;B1GQ;Gross domestic product at market prices;PT;Portugal;1980;1980;113.1
A;Annual;CP_NAC_HAB;Current prices, units of national currency per capita;B1GQ;Gross domestic product at market prices;PT;Portugal;1980;1980;112.7
A;Annual;CP_PPS_EU27_2020_HAB;Current prices, purchasing power standard (PPS, EU27 from 2020) per capita;B1GQ;Gross domestic product at market prices;PT;Portugal;1980;1980;113.0
A;Annual;CLV_I20_HAB;Chain linked volumes, Index 2020=100, per capita;B1GQ;Gross domestic product at market prices;PT;Portugal;1980;1980;112.9
A;Annual;CLV_I15_HAB;Chain linked volumes, Index 2015=100, per capita;B1GQ;Gross domestic product at market prices;PT;Portugal;1980;1980;112.4
A;Annual;CLV_I10_HAB;Chain linked volumes, Index 2010=100, per capita;B1GQ;Gross domestic product at market prices;PT;Portugal;1980;1980;112.5
A;Annual;CLV20_EUR_HAB;Chain linked volumes (2020), euro per capita;B1GQ;Gross domestic product at market prices;PT;Portugal;1980;1980;112.3
A;Annual;CLV15_EUR_HAB;Chain linked volumes (2015), euro per capita;B1GQ;Gross domestic product at market prices;PT;Portugal;1980;1980;111.6
A;Annual;CLV10_EUR_HAB;Chain linked volumes (2010), euro per capita;B1GQ;Gross domestic product at market prices;PT;Portugal;1980;1980;111.1
A;Annual;CLV_PCH_PRE_HAB;Chain linked volumes, percentage change on previous period, per capita;B1GQ;Gross domestic product at market prices;PT;Portugal;1980;1980;110.6
A;Annual;PC_EU27_2020_HAB_MEUR_CP;Percentage of EU27 (from 2020) total per capita (based on million euro, EU27 from 2020), current prices;P3;Final consumption expenditure;PT;Portugal;1980;1980;110.8
A;Annual;PC_EU27_2020_HAB_MPPS_CP;Percentage of EU27 (from 2020) total per capita (based on million purchasing power standards, EU27 from 2020), current prices;P3;Final consumption expenditure;PT;Portugal;1980;1980;110.5
A;Annual;CP_EUR_HAB;Current prices, euro per capita;P3;Final consumption expenditure;PT;Portugal;1980;1980;110.1
A;Annual;CP_NAC_HAB;Current prices, units of national currency per capita;P3;Final consumption expenditure;PT;Portugal;1980;1980;109.5
A;Annual;CP_PPS_EU27_2020_HAB;Current prices, purchasing power standard (PPS, EU27 from 2020) per capita;P3;Final consumption expenditure;PT;Portugal;1980;1980;109.2
A;Annual;CLV_I20_HAB;Chain linked volumes, Index 2020=100, per capita;P3;Final consumption expenditure;PT;Portugal;1980;1980;108.6
A;Annual;CLV_I15_HAB;Chain linked volumes, Index 2015=100, per capita;P3;Final consumption expenditure;PT;Portugal;1980;1980;108.2
A;Annual;CLV_I10_HAB;Chain linked volumes, Index 2010=100, per capita;P3;Final consumption expenditure;PT;Portugal;1980;1980;107.6
A;Annual;CLV20_EUR_HAB;Chain linked volumes (2020), euro per capita;P3;Final consumption expenditure;PT;Portugal;1980;1980;107.6
A;Annual;CLV15_EUR_HAB;Chain linked volumes (2015), euro per capita;P3;Final consumption expenditure;PT;Portugal;1980;1980;107.4
A;Annual;CLV10_EUR_HAB;Chain linked volumes (2010), euro per capita;P3;Final consumption expenditure;PT;Portugal;1980;1980;107.0
A;Annual;CLV_PCH_PRE_HAB;Chain linked volumes, percentage change on previous period, per capita;P3;Final consumption expenditure;PT;Portugal;1980;1980;106.8
A;Annual;PC_EU27_2020_HAB_MEUR_CP;Percentage of EU27 (from 2020) total per capita (based on million euro, EU27 from 2020), current prices;P3_S13;Final consumption expenditure of general government;PT;Portugal;1980;1980;106.6
A;Annual;PC_EU27_2020_HAB_MPPS_CP;Percentage of EU27 (from 2020) total per capita (based on million purchasing power standards, EU27 from 2020), current prices;P3_S13;Final consumption expenditure of general government;PT;Portugal;1980;1980;106.3
A;Annual;CP_EUR_HAB;Current prices, euro per capita;P3_S13;Final consumption expenditure of general government;PT;Portugal;1980;1980;105.9
A;Annual;CP_NAC_HAB;Current prices, units of national currency per capita;P3_S13;Final consumption expenditure of general government;PT;Portugal;1980;1980;105.3
A;Annual;CP_PPS_EU27_2020_HAB;Current prices, purchasing power standard (PPS, EU27 from 2020) per capita;P3_S13;Final consumption expenditure of general government;PT;Portugal;1980;1980;105.3
A;Annual;CLV_I20_HAB;Chain linked volumes, Index 2020=100, per capita;P3_S13;Final consumption expenditure of general government;PT;Portugal;1980;1980;105.9
A;Annual;CLV_I15_HAB;Chain linked volumes, Index 2015=100, per capita;P3_S13;Final consumption expenditure of general government;PT;Portugal;1980;1980;105.5
A;Annual;CLV_I10_HAB;Chain linked volumes, Index 2010=100, per capita;P3_S13;Final consumption expenditure of general government;PT;Portugal;1980;1980;104.9
A;Annual;CLV20_EUR_HAB;Chain linked volumes (2020), euro per capita;P3_S13;Final consumption expenditure of general government;PT;Portugal;1980;1980;
A;Annual;CLV15_EUR_HAB;Chain linked volumes (2015), euro per capita;P3_S13;Final consumption expenditure of general government;PT;Portugal;1980;1980;
A;Annual;CLV10_EUR_HAB;Chain linked volumes (2010), euro per capita;P3_S13;Final consumption expenditure of general government;PT;Portugal;1980;1980;
A;Annual;CLV_PCH_PRE_HAB;Chain linked volumes, percentage change on previous period, per capita;P3_S13;Final consumption expenditure of general government;PT;Portugal;1980;1980;
A;Annual;PC_EU27_2020_HAB_MEUR_CP;Percentage of EU27 (from 2020) total per capita (based on million euro, EU27 from 2020), current prices;P31_S13;Individual consumption expenditure of general government;PT;Portugal;1980;1980;
A;Annual;PC_EU27_2020_HAB_MPPS_CP;Percentage of EU27 (from 2020) total per capita (based on million purchasing power standards, EU27 from 2020), current prices;P31_S13;Individual consumption expenditure of general government;PT;Portugal;1980;1980;
A;Annual;CP_EUR_HAB;Current prices, euro per capita;P31_S13;Individual consumption expenditure of general government;PT;Portugal;1980;1980;
A;Annual;CP_NAC_HAB;Current prices, units of national currency per capita;P31_S13;Individual consumption expenditure of general government;PT;Portugal;1980;1980;
A;Annual;CP_PPS_EU27_2020_HAB;Current prices, purchasing power standard (PPS, EU27 from 2020) per capita;P31_S13;Individual consumption expenditure of general government;PT;Portugal;1980;1980;
A;Annual;CLV_I20_HAB;Chain linked volumes, Index 2020=100, per capita;P31_S13;Individual consumption expenditure of general government;PT;Portugal;1980;1980;
A;Annual;CLV_I15_HAB;Chain linked volumes, Index 2015=100, per capita;P31_S13;Individual consumption expenditure of general government;PT;Portugal;1980;1980;
A;Annual;CLV_I10_HAB;Chain linked volumes, Index 2010=100, per capita;P31_S13;Individual consumption expenditure of general government;PT;Portugal;1980;1980;
A;Annual;CLV20_EUR_HAB;Chain linked volumes (2020), euro per capita;P31_S13;Individual consumption expenditure of general government;PT;Portugal;1980;1980;
A;Annual;CLV15_EUR_HAB;Chain linked volumes (2015), euro per capita;P31_S13;Individual consumption expenditure of general government;PT;Portugal;1980;1980;
A;Annual;CLV10_EUR_HAB;Chain linked volumes (2010), euro per capita;P31_S13;Individual consumption expenditure of general government;PT;Portugal;1980;1980;
A;Annual;CLV_PCH_PRE_HAB;Chain linked volumes, percentage change on previous period, per capita;P31_S13;Individual consumption expenditure of general government;PT;Portugal;1980;1980;
A;Annual;PC_EU27_2020_HAB_MEUR_CP;Percentage of EU27 (from 2020) total per capita (based on million euro, EU27 from 2020), current prices;P32_S13;Collective consumption expenditure of general government;PT;Portugal;1980;1980;
A;Annual;PC_EU27_2020_HAB_MPPS_CP;Percentage of EU27 (from 2020) total per capita (based on million purchasing power standards, EU27 from 2020), current prices;P32_S13;Collective consumption expenditure of general government;PT;Portugal;1980;1980;
A;Annual;CP_EUR_HAB;Current prices, euro per capita;P32_S13;Collective consumption expenditure of general government;PT;Portugal;1980;1980;
A;Annual;CP_NAC_HAB;Current prices, units of national currency per capita;P32_S13;Collective consumption expenditure of general government;PT;Portugal;1980;1980;
A;Annual;CP_PPS_EU27_2020_HAB;Current prices, purchasing power standard (PPS, EU27 from 2020) per capita;P32_S13;Collective consumption expenditure of general government;PT;Portugal;1980;1980;117.0
A;Annual;CLV_I20_HAB;Chain linked volumes, Index 2020=100, per capita;P32_S13;Collective consumption expenditure of general government;PT;Portugal;1980;1980;116.3
A;Annual;CLV_I15_HAB;Chain linked volumes, Index 2015=100, per capita;P32_S13;Collective consumption expenditure of general government;PT;Portugal;1980;1980;116.5
A;Annual;CLV_I10_HAB;Chain linked volumes, Index 2010=100, per capita;P32_S13;Collective consumption expenditure of general government;PT;Portugal;1980;1980;116.3
A;Annual;CLV20_EUR_HAB;Chain linked volumes (2020), euro per capita;P32_S13;Collective consumption expenditure of general government;PT;Portugal;1980;1980;115.8
A;Annual;CLV15_EUR_HAB;Chain linked volumes (2015), euro per capita;P32_S13;Collective consumption expenditure of general government;PT;Portugal;1980;1980;115.9
A;Annual;CLV10_EUR_HAB;Chain linked volumes (2010), euro per capita;P32_S13;Collective consumption expenditure of general government;PT;Portugal;1980;1980;115.6
A;Annual;CLV_PCH_PRE_HAB;Chain linked volumes, percentage change on previous period, per capita;P32_S13;Collective consumption expenditure of general government;PT;Portugal;1980;1980;114.8
A;Annual;PC_EU27_2020_HAB_MEUR_CP;Percentage of EU27 (from 2020) total per capita (based on million euro, EU27 from 2020), current prices;P31_S14_S15;Household and NPISH final consumption expenditure;PT;Portugal;1980;1980;114.2
A;Annual;PC_EU27_2020_HAB_MPPS_CP;Percentage of EU27 (from 2020) total per capita (based on million purchasing power standards, EU27 from 2020), current prices;P31_S14_S15;Household and NPISH final consumption expenditure;PT;Portugal;1980;1980;113.5
A;Annual;CP_EUR_HAB;Current prices, euro per capita;P31_S14_S15;Household and NPISH final consumption expenditure;PT;Portugal;1980;1980;113.7
A;Annual;CP_NAC_HAB;Current prices, units of national currency per capita;P31_S14_S15;Household and NPISH final consumption expenditure;PT;Portugal;1980;1980;113.3
A;Annual;CP_PPS_EU27_2020_HAB;Current prices, purchasing power standard (PPS, EU27 from 2020) per capita;P31_S14_S15;Household and NPISH final consumption expenditure;PT;Portugal;1980;1980;112.8
A;Annual;CLV_I20_HAB;Chain linked volumes, Index 2020=100, per capita;P31_S14_S15;Household and NPISH final consumption expenditure;PT;Portugal;1980;1980;111.9
A;Annual;CLV_I15_HAB;Chain linked volumes, Index 2015=100, per capita;P31_S14_S15;Household and NPISH final consumption expenditure;PT;Portugal;1980;1980;111.6
A;Annual;CLV_I10_HAB;Chain linked volumes, Index 2010=100, per capita;P31_S14_S15;Household and NPISH final consumption expenditure;PT;Portugal;1980;1980;111.0
A;Annual;CLV20_EUR_HAB;Chain linked volumes (2020), euro per capita;P31_S14_S15;Household and NPISH final consumption expenditure;PT;Portugal;1980;1980;110.5
A;Annual;CLV15_EUR_HAB;Chain linked volumes (2015), euro per capita;P31_S14_S15;Household and NPISH final consumption expenditure;PT;Portugal;1980;1980;109.9
A;Annual;CLV10_EUR_HAB;Chain linked volumes (2010), euro per capita;P31_S14_S15;Household and NPISH final consumption expenditure;PT;Portugal;1980;1980;109.8
A;Annual;CLV_PCH_PRE_HAB;Chain linked volumes, percentage change on previous period, per capita;P31_S14_S15;Household and NPISH final consumption expenditure;PT;Portugal;1980;1980;109.5
A;Annual;PC_EU27_2020_HAB_MEUR_CP;Percentage of EU27 (from 2020) total per capita (based on million euro, EU27 from 2020), current prices;P31_S14;Final consumption expenditure of households;PT;Portugal;1980;1980;109.1
A;Annual;PC_EU27_2020_HAB_MPPS_CP;Percentage of EU27 (from 2020) total per capita (based on million purchasing power standards, EU27 from 2020), current prices;P31_S14;Final consumption expenditure of households;PT;Portugal;1980;1980;108.9
A;Annual;CP_EUR_HAB;Current prices, euro per capita;P31_S14;Final consumption expenditure of households;PT;Portugal;1980;1980;108.7
A;Annual;CP_NAC_HAB;Current prices, units of national currency per capita;P31_S14;Final consumption expenditure of households;PT;Portugal;1980;1980;108.3
A;Annual;CP_PPS_EU27_2020_HAB;Current prices, purchasing power standard (PPS, EU27 from 2020) per capita;P31_S14;Final consumption expenditure of households;PT;Portugal;1980;1980;107.8
A;Annual;CLV_I20_HAB;Chain linked volumes, Index 2020=100, per capita;P31_S14;Final consumption expenditure of households;PT;Portugal;1980;1980;107.1
A;Annual;CLV_I15_HAB;Chain linked volumes, Index 2015=100, per capita;P31_S14;Final consumption expenditure of households;PT;Portugal;1980;1980;107.0
A;Annual;CLV_I10_HAB;Chain linked volumes, Index 2010=100, per capita;P31_S14;Final consumption expenditure of households;PT;Portugal;1980;1980;107.7
A;Annual;CLV20_EUR_HAB;Chain linked volumes (2020), euro per capita;P31_S14;Final consumption expenditure of households;PT;Portugal;1980;1980;107.2
A;Annual;CLV15_EUR_HAB;Chain linked volumes (2015), euro per capita;P31_S14;Final consumption expenditure of households;PT;Portugal;1980;1980;106.5
A;Annual;CLV10_EUR_HAB;Chain linked volumes (2010), euro per capita;P31_S14;Final consumption expenditure of households;PT;Portugal;1980;1980;
A;Annual;CLV_PCH_PRE_HAB;Chain linked volumes, percentage change on previous period, per capita;P31_S14;Final consumption expenditure of households;PT;Portugal;1980;1980;
A;Annual;PC_EU27_2020_HAB_MEUR_CP;Percentage of EU27 (from 2020) total per capita (based on million euro, EU27 from 2020), current prices;P31_S15;Final consumption expenditure of NPISH;PT;Portugal;1980;1980;
A;Annual;PC_EU27_2020_HAB_MPPS_CP;Percentage of EU27 (from 2020) total per capita (based on million purchasing power standards, EU27 from 2020), current prices;P31_S15;Final consumption expenditure of NPISH;PT;Portugal;1980;1980;
A;Annual;CP_EUR_HAB;Current prices, euro per capita;P31_S15;Final consumption expenditure of NPISH;PT;Portugal;1980;1980;
A;Annual;CP_NAC_HAB;Current prices, units of national currency per capita;P31_S15;Final consumption expenditure of NPISH;PT;Portugal;1980;1980;
A;Annual;CP_PPS_EU27_2020_HAB;Current prices, purchasing power standard (PPS, EU27 from 2020) per capita;P31_S15;Final consumption expenditure of NPISH;PT;Portugal;1980;1980;
A;Annual;CLV_I20_HAB;Chain linked volumes, Index 2020=100, per capita;P31_S15;Final consumption expenditure of NPISH;PT;Portugal;1980;1980;
A;Annual;CLV_I15_HAB;Chain linked volumes, Index 2015=100, per capita;P31_S15;Final consumption expenditure of NPISH;PT;Portugal;1980;1980;
A;Annual;CLV_I10_HAB;Chain linked volumes, Index 2010=100, per capita;P31_S15;Final consumption expenditure of NPISH;PT;Portugal;1980;1980;
A;Annual;CLV20_EUR_HAB;Chain linked volumes (2020), euro per capita;P31_S15;Final consumption expenditure of NPISH;PT;Portugal;1980;1980;
A;Annual;CLV15_EUR_HAB;Chain linked volumes (2015), euro per capita;P31_S15;Final consumption expenditure of NPISH;PT;Portugal;1980;1980;
A;Annual;CLV10_EUR_HAB;Chain linked volumes (2010), euro per capita;P31_S15;Final consumption expenditure of NPISH;PT;Portugal;1980;1980;
A;Annual;CLV_PCH_PRE_HAB;Chain linked volumes, percentage change on previous period, per capita;P31_S15;Final consumption expenditure of NPISH;PT;Portugal;1980;1980;
A;Annual;PC_EU27_2020_HAB_MEUR_CP;Percentage of EU27 (from 2020) total per capita (based on million euro, EU27 from 2020), current prices;P41;Actual individual consumption;PT;Portugal;1980;1980;
A;Annual;PC_EU27_2020_HAB_MPPS_CP;Percentage of EU27 (from 2020) total per capita (based on million purchasing power standards, EU27 from 2020), current prices;P41;Actual individual consumption;PT;Portugal;1980;1980;
A;Annual;CP_EUR_HAB;Current prices, euro per capita;P41;Actual individual consumption;PT;Portugal;1980;1980;
A;Annual;CP_NAC_HAB;Current prices, units of national currency per capita;P41;Actual individual consumption;PT;Portugal;1980;1980;
A;Annual;CP_PPS_EU27_2020_HAB;Current prices, purchasing power standard (PPS, EU27 from 2020) per capita;P41;Actual individual consumption;PT;Portugal;1980;1980;
A;Annual;CLV_I20_HAB;Chain linked volumes, Index 2020=100, per capita;P41;Actual individual consumption;PT;Portugal;1980;1980;
A;Annual;CLV_I15_HAB;Chain linked volumes, Index 2015=100, per capita;P41;Actual individual consumption;PT;Portugal;1980;1980;134.9
A;Annual;CLV_I10_HAB;Chain linked volumes, Index 2010=100, per capita;P41;Actual individual consumption;PT;Portugal;1980;1980;136.8
A;Annual;CLV20_EUR_HAB;Chain linked volumes (2020), euro per capita;P41;Actual individual consumption;PT;Portugal;1980;1980;134.5
A;Annual;CLV15_EUR_HAB;Chain linked volumes (2015), euro per capita;P41;Actual individual consumption;PT;Portugal;1980;1980;134.4
A;Annual;CLV10_EUR_HAB;Chain linked volumes (2010), euro per capita;P41;Actual individual consumption;PT;Portugal;1980;1980;135.0
A;Annual;CLV_PCH_PRE_HAB;Chain linked volumes, percentage change on previous period, per capita;P41;Actual individual consumption;PT;Portugal;1980;1980;138.1
A;Annual;PC_EU27_2020_HAB_MEUR_CP;Percentage of EU27 (from 2020) total per capita (based on million euro, EU27 from 2020), current prices;B1GQ;Gross domestic product at market prices;PT;Portugal;1981;1981;36.3
A;Annual;PC_EU27_2020_HAB_MPPS_CP;Percentage of EU27 (from 2020) total per capita (based on million purchasing power standards, EU27 from 2020), current prices;B1GQ;Gross domestic product at market prices;PT;Portugal;1981;1981;38.5
A;Annual;CP_EUR_HAB;Current prices, euro per capita;B1GQ;Gross domestic product at market prices;PT;Portugal;1981;1981;43.2
A;Annual;CP_NAC_HAB;Current prices, units of national currency per capita;B1GQ;Gross domestic product at market prices;PT;Portugal;1981;1981;43.3
A;Annual;CP_PPS_EU27_2020_HAB;Current prices, purchasing power standard (PPS, EU27 from 2020) per capita;B1GQ;Gross domestic product at market prices;PT;Portugal;1981;1981;41.0
A;Annual;CLV_I20_HAB;Chain linked volumes, Index 2020=100, per capita;B1GQ;Gross domestic product at market prices;PT;Portugal;1981;1981;41.3
A;Annual;CLV_I15_HAB;Chain linked volumes, Index 2015=100, per capita;B1GQ;Gross domestic product at market prices;PT;Portugal;1981;1981;43.4
A;Annual;CLV_I10_HAB;Chain linked volumes, Index 2010=100, per capita;B1GQ;Gross domestic product at market prices;PT;Portugal;1981;1981;47.7
A;Annual;CLV20_EUR_HAB;Chain linked volumes (2020), euro per capita;B1GQ;Gross domestic product at market prices;PT;Portugal;1981;1981;52.2
A;Annual;CLV15_EUR_HAB;Chain linked volumes (2015), euro per capita;B1GQ;Gross domestic product at market prices;PT;Portugal;1981;1981;55.6
A;Annual;CLV10_EUR_HAB;Chain linked volumes (2010), euro per capita;B1GQ;Gross domestic product at market prices;PT;Portugal;1981;1981;59.9
A;Annual;CLV_PCH_PRE_HAB;Chain linked volumes, percentage change on previous period, per capita;B1GQ;Gross domestic product at market prices;PT;Portugal;1981;1981;64.5
A;Annual;PC_EU27_2020_HAB_MEUR_CP;Percentage of EU27 (from 2020) total per capita (based on million euro, EU27 from 2020), current prices;P3;Final consumption expenditure;PT;Portugal;1981;1981;68.0
A;Annual;PC_EU27_2020_HAB_MPPS_CP;Percentage of EU27 (from 2020) total per capita (based on million purchasing power standards, EU27 from 2020), current prices;P3;Final consumption expenditure;PT;Portugal;1981;1981;67.5
A;Annual;CP_EUR_HAB;Current prices, euro per capita;P3;Final consumption expenditure;PT;Portugal;1981;1981;60.8
A;Annual;CP_NAC_HAB;Current prices, units of national currency per capita;P3;Final consumption expenditure;PT;Portugal;1981;1981;61.2
A;Annual;CP_PPS_EU27_2020_HAB;Current prices, purchasing power standard (PPS, EU27 from 2020) per capita;P3;Final consumption expenditure;PT;Portugal;1981;1981;64.4
A;Annual;CLV_I20_HAB;Chain linked volumes, Index 2020=100, per capita;P3;Final consumption expenditure;PT;Portugal;1981;1981;68.4
A;Annual;CLV_I15_HAB;Chain linked volumes, Index 2015=100, per capita;P3;Final consumption expenditure;PT;Portugal;1981;1981;71.8
A;Annual;CLV_I10_HAB;Chain linked volumes, Index 2010=100, per capita;P3;Final consumption expenditure;PT;Portugal;1981;1981;73.5
A;Annual;CLV20_EUR_HAB;Chain linked volumes (2020), euro per capita;P3;Final consumption expenditure;PT;Portugal;1981;1981;74.2
A;Annual;CLV15_EUR_HAB;Chain linked volumes (2015), euro per capita;P3;Final consumption expenditure;PT;Portugal;1981;1981;75.5
A;Annual;CLV10_EUR_HAB;Chain linked volumes (2010), euro per capita;P3;Final consumption expenditure;PT;Portugal;1981;1981;76.1
A;Annual;CLV_PCH_PRE_HAB;Chain linked volumes, percentage change on previous period, per capita;P3;Final consumption expenditure;PT;Portugal;1981;1981;78.1
A;Annual;PC_EU27_2020_HAB_MEUR_CP;Percentage of EU27 (from 2020) total per capita (based on million euro, EU27 from 2020), current prices;P3_S13;Final consumption expenditure of general government;PT;Portugal;1981;1981;79.5
A;Annual;PC_EU27_2020_HAB_MPPS_CP;Percentage of EU27 (from 2020) total per capita (based on million purchasing power standards, EU27 from 2020), current prices;P3_S13;Final consumption expenditure of general government;PT;Portugal;1981;1981;83.6
A;Annual;CP_EUR_HAB;Current prices, euro per capita;P3_S13;Final consumption expenditure of general government;PT;Portugal;1981;1981;83.6
A;Annual;CP_NAC_HAB;Current prices, units of national currency per capita;P3_S13;Final consumption expenditure of general government;PT;Portugal;1981;1981;83.9
A;Annual;CP_PPS_EU27_2020_HAB;Current prices, purchasing power standard (PPS, EU27 from 2020) per capita;P3_S13;Final consumption expenditure of general government;PT;Portugal;1981;1981;81.1
A;Annual;CLV_I20_HAB;Chain linked volumes, Index 2020=100, per capita;P3_S13;Final consumption expenditure of general government;PT;Portugal;1981;1981;80.6
A;Annual;CLV_I15_HAB;Chain linked volumes, Index 2015=100, per capita;P3_S13;Final consumption expenditure of general government;PT;Portugal;1981;1981;
A;Annual;CLV_I10_HAB;Chain linked volumes, Index 2010=100, per capita;P3_S13;Final consumption expenditure of general government;PT;Portugal;1981;1981;
A;Annual;CLV20_EUR_HAB;Chain linked volumes (2020), euro per capita;P3_S13;Final consumption expenditure of general government;PT;Portugal;1981;1981;
A;Annual;CLV15_EUR_HAB;Chain linked volumes (2015), euro per capita;P3_S13;Final consumption expenditure of general government;PT;Portugal;1981;1981;
A;Annual;CLV10_EUR_HAB;Chain linked volumes (2010), euro per capita;P3_S13;Final consumption expenditure of general government;PT;Portugal;1981;1981;
A;Annual;CLV_PCH_PRE_HAB;Chain linked volumes, percentage change on previous period, per capita;P3_S13;Final consumption expenditure of general government;PT;Portugal;1981;1981;
A;Annual;PC_EU27_2020_HAB_MEUR_CP;Percentage of EU27 (from 2020) total per capita (based on million euro, EU27 from 2020), current prices;P31_S13;Individual consumption expenditure of general government;PT;Portugal;1981;1981;
A;Annual;PC_EU27_2020_HAB_MPPS_CP;Percentage of EU27 (from 2020) total per capita (based on million purchasing power standards, EU27 from 2020), current prices;P31_S13;Individual consumption expenditure of general government;PT;Portugal;1981;1981;
A;Annual;CP_EUR_HAB;Current prices, euro per capita;P31_S13;Individual consumption expenditure of general government;PT;Portugal;1981;1981;
A;Annual;CP_NAC_HAB;Current prices, units of national currency per capita;P31_S13;Individual consumption expenditure of general government;PT;Portugal;1981;1981;
A;Annual;CP_PPS_EU27_2020_HAB;Current prices, purchasing power standard (PPS, EU27 from 2020) per capita;P31_S13;Individual consumption expenditure of general government;PT;Portugal;1981;1981;
A;Annual;CLV_I20_HAB;Chain linked volumes, Index 2020=100, per capita;P31_S13;Individual consumption expenditure of general government;PT;Portugal;1981;1981;
A;Annual;CLV_I15_HAB;Chain linked volumes, Index 2015=100, per capita;P31_S13;Individual consumption expenditure of general government;PT;Portugal;1981;1981;
A;Annual;CLV_I10_HAB;Chain linked volumes, Index 2010=100, per capita;P31_S13;Individual consumption expenditure of general government;PT;Portugal;1981;1981;
A;Annual;CLV20_EUR_HAB;Chain linked volumes (2020), euro per capita;P31_S13;Individual consumption expenditure of general government;PT;Portugal;1981;1981;
A;Annual;CLV15_EUR_HAB;Chain linked volumes (2015), euro per capita;P31_S13;Individual consumption expenditure of general government;PT;Portugal;1981;1981;
A;Annual;CLV10_EUR_HAB;Chain linked volumes (2010), euro per capita;P31_S13;Individual consumption expenditure of general government;PT;Portugal;1981;1981;
A;Annual;CLV_PCH_PRE_HAB;Chain linked volumes, percentage change on previous period, per capita;P31_S13;Individual consumption expenditure of general government;PT;Portugal;1981;1981;
A;Annual;PC_EU27_2020_HAB_MEUR_CP;Percentage of EU27 (from 2020) total per capita (based on million euro, EU27 from 2020), current prices;P32_S13;Collective consumption expenditure of general government;PT;Portugal;1981;1981;
A;Annual;PC_EU27_2020_HAB_MPPS_CP;Percentage of EU27 (from 2020) total per capita (based on million purchasing power standards, EU27 from 2020), current prices;P32_S13;Collective consumption expenditure of general government;PT;Portugal;1981;1981;
A;Annual;CP_EUR_HAB;Current prices, euro per capita;P32_S13;Collective consumption expenditure of general government;PT;Portugal;1981;1981;100.4
A;Annual;CP_NAC_HAB;Current prices, units of national currency per capita;P32_S13;Collective consumption expenditure of general government;PT;Portugal;1981;1981;105.2
A;Annual;CP_PPS_EU27_2020_HAB;Current prices, purchasing power standard (PPS, EU27 from 2020) per capita;P32_S13;Collective consumption expenditure of general government;PT;Portugal;1981;1981;106.8
A;Annual;CLV_I20_HAB;Chain linked volumes, Index 2020=100, per capita;P32_S13;Collective consumption expenditure of general government;PT;Portugal;1981;1981;109.3
A;Annual;CLV_I15_HAB;Chain linked volumes, Index 2015=100, per capita;P32_S13;Collective consumption expenditure of general government;PT;Portugal;1981;1981;110.3
A;Annual;CLV_I10_HAB;Chain linked volumes, Index 2010=100, per capita;P32_S13;Collective consumption expenditure of general government;PT;Portugal;1981;1981;114.5
A;Annual;CLV20_EUR_HAB;Chain linked volumes (2020), euro per capita;P32_S13;Collective consumption expenditure of general government;PT;Portugal;1981;1981;114.6
A;Annual;CLV15_EUR_HAB;Chain linked volumes (2015), euro per capita;P32_S13;Collective consumption expenditure of general government;PT;Portugal;1981;1981;116.2
A;Annual;CLV10_EUR_HAB;Chain linked volumes (2010), euro per capita;P32_S13;Collective consumption expenditure of general government;PT;Portugal;1981;1981;116.4
A;Annual;CLV_PCH_PRE_HAB;Chain linked volumes, percentage change on previous period, per capita;P32_S13;Collective consumption expenditure of general government;PT;Portugal;1981;1981;117.4
A;Annual;PC_EU27_2020_HAB_MEUR_CP;Percentage of EU27 (from 2020) total per capita (based on million euro, EU27 from 2020), current prices;P31_S14_S15;Household and NPISH final consumption expenditure;PT;Portugal;1981;1981;117.4
A;Annual;PC_EU27_2020_HAB_MPPS_CP;Percentage of EU27 (from 2020) total per capita (based on million purchasing power standards, EU27 from 2020), current prices;P31_S14_S15;Household and NPISH final consumption expenditure;PT;Portugal;1981;1981;119.7
A;Annual;CP_EUR_HAB;Current prices, euro per capita;P31_S14_S15;Household and NPISH final consumption expenditure;PT;Portugal;1981;1981;123.8
A;Annual;CP_NAC_HAB;Current prices, units of national currency per capita;P31_S14_S15;Household and NPISH final consumption expenditure;PT;Portugal;1981;1981;118.7
A;Annual;CP_PPS_EU27_2020_HAB;Current prices, purchasing power standard (PPS, EU27 from 2020) per capita;P31_S14_S15;Household and NPISH final consumption expenditure;PT;Portugal;1981;1981;109.1
A;Annual;CLV_I20_HAB;Chain linked volumes, Index 2020=100, per capita;P31_S14_S15;Household and NPISH final consumption expenditure;PT;Portugal;1981;1981;110.4
A;Annual;CLV_I15_HAB;Chain linked volumes, Index 2015=100, per capita;P31_S14_S15;Household and NPISH final consumption expenditure;PT;Portugal;1981;1981;107.1
A;Annual;CLV_I10_HAB;Chain linked volumes, Index 2010=100, per capita;P31_S14_S15;Household and NPISH final consumption expenditure;PT;Portugal;1981;1981;106.4
A;Annual;CLV20_EUR_HAB;Chain linked volumes (2020), euro per capita;P31_S14_S15;Household and NPISH final consumption expenditure;PT;Portugal;1981;1981;106.3
A;Annual;CLV15_EUR_HAB;Chain linked volumes (2015), euro per capita;P31_S14_S15;Household and NPISH final consumption expenditure;PT;Portugal;1981;1981;106.3
A;Annual;CLV10_EUR_HAB;Chain linked volumes (2010), euro per capita;P31_S14_S15;Household and NPISH final consumption expenditure;PT;Portugal;1981;1981;108.3
A;Annual;CLV_PCH_PRE_HAB;Chain linked volumes, percentage change on previous period, per capita;P31_S14_S15;Household and NPISH final consumption expenditure;PT;Portugal;1981;1981;108.1
A;Annual;PC_EU27_2020_HAB_MEUR_CP;Percentage of EU27 (from 2020) total per capita (based on million euro, EU27 from 2020), current prices;P31_S14;Final consumption expenditure of households;PT;Portugal;1981;1981;106.0
A;Annual;PC_EU27_2020_HAB_MPPS_CP;Percentage of EU27 (from 2020) total per capita (based on million purchasing power standards, EU27 from 2020), current prices;P31_S14;Final consumption expenditure of households;PT;Portugal;1981;1981;107.4
A;Annual;CP_EUR_HAB;Current prices, euro per capita;P31_S14;Final consumption expenditure of households;PT;Portugal;1981;1981;103.0
A;Annual;CP_NAC_HAB;Current prices, units of national currency per capita;P31_S14;Final consumption expenditure of households;PT;Portugal;1981;1981;98.2
A;Annual;CP_PPS_EU27_2020_HAB;Current prices, purchasing power standard (PPS, EU27 from 2020) per capita;P31_S14;Final consumption expenditure of households;PT;Portugal;1981;1981;104.1
A;Annual;CLV_I20_HAB;Chain linked volumes, Index 2020=100, per capita;P31_S14;Final consumption expenditure of households;PT;Portugal;1981;1981;109.3
A;Annual;CLV_I15_HAB;Chain linked volumes, Index 2015=100, per capita;P31_S14;Final consumption expenditure of households;PT;Portugal;1981;1981;113.1
A;Annual;CLV_I10_HAB;Chain linked volumes, Index 2010=100, per capita;P31_S14;Final consumption expenditure of households;PT;Portugal;1981;1981;115.0
A;Annual;CLV20_EUR_HAB;Chain linked volumes (2020), euro per capita;P31_S14;Final consumption expenditure of households;PT;Portugal;1981;1981;
A;Annual;CLV15_EUR_HAB;Chain linked volumes (2015), euro per capita;P31_S14;Final consumption expenditure of households;PT;Portugal;1981;1981;
A;Annual;CLV10_EUR_HAB;Chain linked volumes (2010), euro per capita;P31_S14;Final consumption expenditure of households;PT;Portugal;1981;1981;
A;Annual;CLV_PCH_PRE_HAB;Chain linked volumes, percentage change on previous period, per capita;P31_S14;Final consumption expenditure of households;PT;Portugal;1981;1981;
A;Annual;PC_EU27_2020_HAB_MEUR_CP;Percentage of EU27 (from 2020) total per capita (based on million euro, EU27 from 2020), current prices;P31_S15;Final consumption expenditure of NPISH;PT;Portugal;1981;1981;
A;Annual;PC_EU27_2020_HAB_MPPS_CP;Percentage of EU27 (from 2020) total per capita (based on million purchasing power standards, EU27 from 2020), current prices;P31_S15;Final consumption expenditure of NPISH;PT;Portugal;1981;1981;
A;Annual;CP_EUR_HAB;Current prices, euro per capita;P31_S15;Final consumption expenditure of NPISH;PT;Portugal;1981;1981;
A;Annual;CP_NAC_HAB;Current prices, units of national currency per capita;P31_S15;Final consumption expenditure of NPISH;PT;Portugal;1981;1981;
A;Annual;CP_PPS_EU27_2020_HAB;Current prices, purchasing power standard (PPS, EU27 from 2020) per capita;P31_S15;Final consumption expenditure of NPISH;PT;Portugal;1981;1981;
A;Annual;CLV_I20_HAB;Chain linked volumes, Index 2020=100, per capita;P31_S15;Final consumption expenditure of NPISH;PT;Portugal;1981;1981;
A;Annual;CLV_I15_HAB;Chain linked volumes, Index 2015=100, per capita;P31_S15;Final consumption expenditure of NPISH;PT;Portugal;1981;1981;
A;Annual;CLV_I10_HAB;Chain linked volumes, Index 2010=100, per capita;P31_S15;Final consumption expenditure of NPISH;PT;Portugal;1981;1981;
A;Annual;CLV20_EUR_HAB;Chain linked volumes (2020), euro per capita;P31_S15;Final consumption expenditure of NPISH;PT;Portugal;1981;1981;
A;Annual;CLV15_EUR_HAB;Chain linked volumes (2015), euro per capita;P31_S15;Final consumption expenditure of NPISH;PT;Portugal;1981;1981;
A;Annual;CLV10_EUR_HAB;Chain linked volumes (2010), euro per capita;P31_S15;Final consumption expenditure of NPISH;PT;Portugal;1981;1981;
A;Annual;CLV_PCH_PRE_HAB;Chain linked volumes, percentage change on previous period, per capita;P31_S15;Final consumption expenditure of NPISH;PT;Portugal;1981;1981;
A;Annual;PC_EU27_2020_HAB_MEUR_CP;Percentage of EU27 (from 2020) total per capita (based on million euro, EU27 from 2020), current prices;P41;Actual individual consumption;PT;Portugal;1981;1981;
A;Annual;PC_EU27_2020_HAB_MPPS_CP;Percentage of EU27 (from 2020) total per capita (based on million purchasing power standards, EU27 from 2020), current prices;P41;Actual individual consumption;PT;Portugal;1981;1981;
A;Annual;CP_EUR_HAB;Current prices, euro per capita;P41;Actual individual consumption;PT;Portugal;1981;1981;
A;Annual;CP_NAC_HAB;Current prices, units of national currency per capita;P41;Actual individual consumption;PT;Portugal;1981;1981;
A;Annual;CP_PPS_EU27_2020_HAB;Current prices, purchasing power standard (PPS, EU27 from 2020) per capita;P41;Actual individual consumption;PT;Portugal;1981;1981;105.4
A;Annual;CLV_I20_HAB;Chain linked volumes, Index 2020=100, per capita;P41;Actual individual consumption;PT;Portugal;1981;1981;104.8
A;Annual;CLV_I15_HAB;Chain linked volumes, Index 2015=100, per capita;P41;Actual individual consumption;PT;Portugal;1981;1981;104.9
A;Annual;CLV_I10_HAB;Chain linked volumes, Index 2010=100, per capita;P41;Actual individual consumption;PT;Portugal;1981;1981;105.9
A;Annual;CLV20_EUR_HAB;Chain linked volumes (2020), euro per capita;P41;Actual individual consumption;PT;Portugal;1981;1981;102.9
A;Annual;CLV15_EUR_HAB;Chain linked volumes (2015), euro per capita;P41;Actual individual consumption;PT;Portugal;1981;1981;100.3
A;Annual;CLV10_EUR_HAB;Chain linked volumes (2010), euro per capita;P41;Actual individual consumption;PT;Portugal;1981;1981;103.5
A;Annual;CLV_PCH_PRE_HAB;Chain linked volumes, percentage change on previous period, per capita;P41;Actual individual consumption;PT;Portugal;1981;1981;107.2
A;Annual;PC_EU27_2020_HAB_MEUR_CP;Percentage of EU27 (from 2020) total per capita (based on million euro, EU27 from 2020), current prices;B1GQ;Gross domestic product at market prices;PT;Portugal;1982;1982;100.9
A;Annual;PC_EU27_2020_HAB_MPPS_CP;Percentage of EU27 (from 2020) total per capita (based on million purchasing power standards, EU27 from 2020), current prices;B1GQ;Gross domestic product at market prices;PT;Portugal;1982;1982;91.3
A;Annual;CP_EUR_HAB;Current prices, euro per capita;B1GQ;Gross domestic product at market prices;PT;Portugal;1982;1982;87.4
A;Annual;CP_NAC_HAB;Current prices, units of national currency per capita;B1GQ;Gross domestic product at market prices;PT;Portugal;1982;1982;80.8
A;Annual;CP_PPS_EU27_2020_HAB;Current prices, purchasing power standard (PPS, EU27 from 2020) per capita;B1GQ;Gross domestic product at market prices;PT;Portugal;1982;1982;81.8
A;Annual;CLV_I20_HAB;Chain linked volumes, Index 2020=100, per capita;B1GQ;Gross domestic product at market prices;PT;Portugal;1982;1982;78.7
A;Annual;CLV_I15_HAB;Chain linked volumes, Index 2015=100, per capita;B1GQ;Gross domestic product at market prices;PT;Portugal;1982;1982;68.8
A;Annual;CLV_I10_HAB;Chain linked volumes, Index 2010=100, per capita;B1GQ;Gross domestic product at market prices;PT;Portugal;1982;1982;66.7
A;Annual;CLV20_EUR_HAB;Chain linked volumes (2020), euro per capita;B1GQ;Gross domestic product at market prices;PT;Portugal;1982;1982;69.4
A;Annual;CLV15_EUR_HAB;Chain linked volumes (2015), euro per capita;B1GQ;Gross domestic product at market prices;PT;Portugal;1982;1982;69.9
A;Annual;CLV10_EUR_HAB;Chain linked volumes (2010), euro per capita;B1GQ;Gross domestic product at market prices;PT;Portugal;1982;1982;70.7
A;Annual;CLV_PCH_PRE_HAB;Chain linked volumes, percentage change on previous period, per capita;B1GQ;Gross domestic product at market prices;PT;Portugal;1982;1982;72.5
A;Annual;PC_EU27_2020_HAB_MEUR_CP;Percentage of EU27 (from 2020) total per capita (based on million euro, EU27 from 2020), current prices;P3;Final consumption expenditure;PT;Portugal;1982;1982;65.0
A;Annual;PC_EU27_2020_HAB_MPPS_CP;Percentage of EU27 (from 2020) total per capita (based on million purchasing power standards, EU27 from 2020), current prices;P3;Final consumption expenditure;PT;Portugal;1982;1982;65.9
A;Annual;CP_EUR_HAB;Current prices, euro per capita;P3;Final consumption expenditure;PT;Portugal;1982;1982;56.8
A;Annual;CP_NAC_HAB;Current prices, units of national currency per capita;P3;Final consumption expenditure;PT;Portugal;1982;1982;59.6
A;Annual;CP_PPS_EU27_2020_HAB;Current prices, purchasing power standard (PPS, EU27 from 2020) per capita;P3;Final consumption expenditure;PT;Portugal;1982;1982;62.6
A;Annual;CLV_I20_HAB;Chain linked volumes, Index 2020=100, per capita;P3;Final consumption expenditure;PT;Portugal;1982;1982;59.4
A;Annual;CLV_I15_HAB;Chain linked volumes, Index 2015=100, per capita;P3;Final consumption expenditure;PT;Portugal;1982;1982;63.1
A;Annual;CLV_I10_HAB;Chain linked volumes, Index 2010=100, per capita;P3;Final consumption expenditure;PT;Portugal;1982;1982;65.5
A;Annual;CLV20_EUR_HAB;Chain linked volumes (2020), euro per capita;P3;Final consumption expenditure;PT;Portugal;1982;1982;66.9
A;Annual;CLV15_EUR_HAB;Chain linked volumes (2015), euro per capita;P3;Final consumption expenditure;PT;Portugal;1982;1982;67.1
A;Annual;CLV10_EUR_HAB;Chain linked volumes (2010), euro per capita;P3;Final consumption expenditure;PT;Portugal;1982;1982;69.2
A;Annual;CLV_PCH_PRE_HAB;Chain linked volumes, percentage change on previous period, per capita;P3;Final consumption expenditure;PT;Portugal;1982;1982;65.1
A;Annual;PC_EU27_2020_HAB_MEUR_CP;Percentage of EU27 (from 2020) total per capita (based on million euro, EU27 from 2020), current prices;P3_S13;Final consumption expenditure of general government;PT;Portugal;1982;1982;71.3
A;Annual;PC_EU27_2020_HAB_MPPS_CP;Percentage of EU27 (from 2020) total per capita (based on million purchasing power standards, EU27 from 2020), current prices;P3_S13;Final consumption expenditure of general government;PT;Portugal;1982;1982;69.8
A;Annual;CP_EUR_HAB;Current prices, euro per capita;P3_S13;Final consumption expenditure of general government;PT;Portugal;1982;1982;72.0
A;Annual;CP_NAC_HAB;Current prices, units of national currency per capita;P3_S13;Final consumption expenditure of general government;PT;Portugal;1982;1982;72.3
A;Annual;CP_PPS_EU27_2020_HAB;Current prices, purchasing power standard (PPS, EU27 from 2020) per capita;P3_S13;Final consumption expenditure of general government;PT;Portugal;1982;1982;
A;Annual;CLV_I20_HAB;Chain linked volumes, Index 2020=100, per capita;P3_S13;Final consumption expenditure of general government;PT;Portugal;1982;1982;
A;Annual;CLV_I15_HAB;Chain linked volumes, Index 2015=100, per capita;P3_S13;Final consumption expenditure of general government;PT;Portugal;1982;1982;
A;Annual;CLV_I10_HAB;Chain linked volumes, Index 2010=100, per capita;P3_S13;Final consumption expenditure of general government;PT;Portugal;1982;1982;
A;Annual;CLV20_EUR_HAB;Chain linked volumes (2020), euro per capita;P3_S13;Final consumption expenditure of general government;PT;Portugal;1982;1982;
A;Annual;CLV15_EUR_HAB;Chain linked volumes (2015), euro per capita;P3_S13;Final consumption expenditure of general government;PT;Portugal;1982;1982;
A;Annual;CLV10_EUR_HAB;Chain linked volumes (2010), euro per capita;P3_S13;Final consumption expenditure of general government;PT;Portugal;1982;1982;
A;Annual;CLV_PCH_PRE_HAB;Chain linked volumes, percentage change on previous period, per capita;P3_S13;Final consumption expenditure of general government;PT;Portugal;1982;1982;
A;Annual;PC_EU27_2020_HAB_MEUR_CP;Percentage of EU27 (from 2020) total per capita (based on million euro, EU27 from 2020), current prices;P31_S13;Individual consumption expenditure of general government;PT;Portugal;1982;1982;
A;Annual;PC_EU27_2020_HAB_MPPS_CP;Percentage of EU27 (from 2020) total per capita (based on million purchasing power standards, EU27 from 2020), current prices;P31_S13;Individual consumption expenditure of general government;PT;Portugal;1982;1982;
A;Annual;CP_EUR_HAB;Current prices, euro per capita;P31_S13;Individual consumption expenditure of general government;PT;Portugal;1982;1982;
A;Annual;CP_NAC_HAB;Current prices, units of national currency per capita;P31_S13;Individual consumption expenditure of general government;PT;Portugal;1982;1982;
A;Annual;CP_PPS_EU27_2020_HAB;Current prices, purchasing power standard (PPS, EU27 from 2020) per capita;P31_S13;Individual consumption expenditure of general government;PT;Portugal;1982;1982;
A;Annual;CLV_I20_HAB;Chain linked volumes, Index 2020=100, per capita;P31_S13;Individual consumption expenditure of general government;PT;Portugal;1982;1982;
A;Annual;CLV_I15_HAB;Chain linked volumes, Index 2015=100, per capita;P31_S13;Individual consumption expenditure of general government;PT;Portugal;1982;1982;
A;Annual;CLV_I10_HAB;Chain linked volumes, Index 2010=100, per capita;P31_S13;Individual consumption expenditure of general government;PT;Portugal;1982;1982;
A;Annual;CLV20_EUR_HAB;Chain linked volumes (2020), euro per capita;P31_S13;Individual consumption expenditure of general government;PT;Portugal;1982;1982;
A;Annual;CLV15_EUR_HAB;Chain linked volumes (2015), euro per capita;P31_S13;Individual consumption expenditure of general government;PT;Portugal;1982;1982;
A;Annual;CLV10_EUR_HAB;Chain linked volumes (2010), euro per capita;P31_S13;Individual consumption expenditure of general government;PT;Portugal;1982;1982;
A;Annual;CLV_PCH_PRE_HAB;Chain linked volumes, percentage change on previous period, per capita;P31_S13;Individual consumption expenditure of general government;PT;Portugal;1982;1982;
A;Annual;PC_EU27_2020_HAB_MEUR_CP;Percentage of EU27 (from 2020) total per capita (based on million euro, EU27 from 2020), current prices;P32_S13;Collective consumption expenditure of general government;PT;Portugal;1982;1982;7.6
A;Annual;PC_EU27_2020_HAB_MPPS_CP;Percentage of EU27 (from 2020) total per capita (based on million purchasing power standards, EU27 from 2020), current prices;P32_S13;Collective consumption expenditure of general government;PT;Portugal;1982;1982;12.7
A;Annual;CP_EUR_HAB;Current prices, euro per capita;P32_S13;Collective consumption expenditure of general government;PT;Portugal;1982;1982;12.5
A;Annual;CP_NAC_HAB;Current prices, units of national currency per capita;P32_S13;Collective consumption expenditure of general government;PT;Portugal;1982;1982;12.7
A;Annual;CP_PPS_EU27_2020_HAB;Current prices, purchasing power standard (PPS, EU27 from 2020) per capita;P32_S13;Collective consumption expenditure of general government;PT;Portugal;1982;1982;10.7
A;Annual;CLV_I20_HAB;Chain linked volumes, Index 2020=100, per capita;P32_S13;Collective consumption expenditure of general government;PT;Portugal;1982;1982;11.7
A;Annual;CLV_I15_HAB;Chain linked volumes, Index 2015=100, per capita;P32_S13;Collective consumption expenditure of general government;PT;Portugal;1982;1982;16.4
A;Annual;CLV_I10_HAB;Chain linked volumes, Index 2010=100, per capita;P32_S13;Collective consumption expenditure of general government;PT;Portugal;1982;1982;14.3
A;Annual;CLV20_EUR_HAB;Chain linked volumes (2020), euro per capita;P32_S13;Collective consumption expenditure of general government;PT;Portugal;1982;1982;17.3
A;Annual;CLV15_EUR_HAB;Chain linked volumes (2015), euro per capita;P32_S13;Collective consumption expenditure of general government;PT;Portugal;1982;1982;50.6
A;Annual;CLV10_EUR_HAB;Chain linked volumes (2010), euro per capita;P32_S13;Collective consumption expenditure of general government;PT;Portugal;1982;1982;60.1
A;Annual;CLV_PCH_PRE_HAB;Chain linked volumes, percentage change on previous period, per capita;P32_S13;Collective consumption expenditure of general government;PT;Portugal;1982;1982;57.2
A;Annual;PC_EU27_2020_HAB_MEUR_CP;Percentage of EU27 (from 2020) total per capita (based on million euro, EU27 from 2020), current prices;P31_S14_S15;Household and NPISH final consumption expenditure;PT;Portugal;1982;1982;49.2
A;Annual;PC_EU27_2020_HAB_MPPS_CP;Percentage of EU27 (from 2020) total per capita (based on million purchasing power standards, EU27 from 2020), current prices;P31_S14_S15;Household and NPISH final consumption expenditure;PT;Portugal;1982;1982;50.5
A;Annual;CP_EUR_HAB;Current prices, euro per capita;P31_S14_S15;Household and NPISH final consumption expenditure;PT;Portugal;1982;1982;49.7
A;Annual;CP_NAC_HAB;Current prices, units of national currency per capita;P31_S14_S15;Household and NPISH final consumption expenditure;PT;Portugal;1982;1982;49.5
A;Annual;CP_PPS_EU27_2020_HAB;Current prices, purchasing power standard (PPS, EU27 from 2020) per capita;P31_S14_S15;Household and NPISH final consumption expenditure;PT;Portugal;1982;1982;52.0
A;Annual;CLV_I20_HAB;Chain linked volumes, Index 2020=100, per capita;P31_S14_S15;Household and NPISH final consumption expenditure;PT;Portugal;1982;1982;60.2
A;Annual;CLV_I15_HAB;Chain linked volumes, Index 2015=100, per capita;P31_S14_S15;Household and NPISH final consumption expenditure;PT;Portugal;1982;1982;58.9
A;Annual;CLV_I10_HAB;Chain linked volumes, Index 2010=100, per capita;P31_S14_S15;Household and NPISH final consumption expenditure;PT;Portugal;1982;1982;65.5
A;Annual;CLV20_EUR_HAB;Chain linked volumes (2020), euro per capita;P31_S14_S15;Household and NPISH final consumption expenditure;PT;Portugal;1982;1982;61.2
A;Annual;CLV15_EUR_HAB;Chain linked volumes (2015), euro per capita;P31_S14_S15;Household and NPISH final consumption expenditure;PT;Portugal;1982;1982;61.7
A;Annual;CLV10_EUR_HAB;Chain linked volumes (2010), euro per capita;P31_S14_S15;Household and NPISH final consumption expenditure;PT;Portugal;1982;1982;66.2
A;Annual;CLV_PCH_PRE_HAB;Chain linked volumes, percentage change on previous period, per capita;P31_S14_S15;Household and NPISH final consumption expenditure;PT;Portugal;1982;1982;68.6
A;Annual;PC_EU27_2020_HAB_MEUR_CP;Percentage of EU27 (from 2020) total per capita (based on million euro, EU27 from 2020), current prices;P31_S14;Final consumption expenditure of households;PT;Portugal;1982;1982;65.0
A;Annual;PC_EU27_2020_HAB_MPPS_CP;Percentage of EU27 (from 2020) total per capita (based on million purchasing power standards, EU27 from 2020), current prices;P31_S14;Final consumption expenditure of households;PT;Portugal;1982;1982;61.8
A;Annual;CP_EUR_HAB;Current prices, euro per capita;P31_S14;Final consumption expenditure of households;PT;Portugal;1982;1982;65.6
A;Annual;CP_NAC_HAB;Current prices, units of national currency per capita;P31_S14;Final consumption expenditure of households;PT;Portugal;1982;1982;63.1
A;Annual;CP_PPS_EU27_2020_HAB;Current prices, purchasing power standard (PPS, EU27 from 2020) per capita;P31_S14;Final consumption expenditure of households;PT;Portugal;1982;1982;55.3
A;Annual;CLV_I20_HAB;Chain linked volumes, Index 2020=100, per capita;P31_S14;Final consumption expenditure of households;PT;Portugal;1982;1982;52.3
A;Annual;CLV_I15_HAB;Chain linked volumes, Index 2015=100, per capita;P31_S14;Final consumption expenditure of households;PT;Portugal;1982;1982;
A;Annual;CLV_I10_HAB;Chain linked volumes, Index 2010=100, per capita;P31_S14;Final consumption expenditure of households;PT;Portugal;1982;1982;
A;Annual;CLV20_EUR_HAB;Chain linked volumes (2020), euro per capita;P31_S14;Final consumption expenditure of households;PT;Portugal;1982;1982;
A;Annual;CLV15_EUR_HAB;Chain linked volumes (2015), euro per capita;P31_S14;Final consumption expenditure of households;PT;Portugal;1982;1982;
A;Annual;CLV10_EUR_HAB;Chain linked volumes (2010), euro per capita;P31_S14;Final consumption expenditure of households;PT;Portugal;1982;1982;
A;Annual;CLV_PCH_PRE_HAB;Chain linked volumes, percentage change on previous period, per capita;P31_S14;Final consumption expenditure of households;PT;Portugal;1982;1982;
A;Annual;PC_EU27_2020_HAB_MEUR_CP;Percentage of EU27 (from 2020) total per capita (based on million euro, EU27 from 2020), current prices;P31_S15;Final consumption expenditure of NPISH;PT;Portugal;1982;1982;
A;Annual;PC_EU27_2020_HAB_MPPS_CP;Percentage of EU27 (from 2020) total per capita (based on million purchasing power standards, EU27 from 2020), current prices;P31_S15;Final consumption expenditure of NPISH;PT;Portugal;1982;1982;
A;Annual;CP_EUR_HAB;Current prices, euro per capita;P31_S15;Final consumption expenditure of NPISH;PT;Portugal;1982;1982;
A;Annual;CP_NAC_HAB;Current prices, units of national currency per capita;P31_S15;Final consumption expenditure of NPISH;PT;Portugal;1982;1982;
A;Annual;CP_PPS_EU27_2020_HAB;Current prices, purchasing power standard (PPS, EU27 from 2020) per capita;P31_S15;Final consumption expenditure of NPISH;PT;Portugal;1982;1982;
A;Annual;CLV_I20_HAB;Chain linked volumes, Index 2020=100, per capita;P31_S15;Final consumption expenditure of NPISH;PT;Portugal;1982;1982;
A;Annual;CLV_I15_HAB;Chain linked volumes, Index 2015=100, per capita;P31_S15;Final consumption expenditure of NPISH;PT;Portugal;1982;1982;
A;Annual;CLV_I10_HAB;Chain linked volumes, Index 2010=100, per capita;P31_S15;Final consumption expenditure of NPISH;PT;Portugal;1982;1982;
A;Annual;CLV20_EUR_HAB;Chain linked volumes (2020), euro per capita;P31_S15;Final consumption expenditure of NPISH;PT;Portugal;1982;1982;
A;Annual;CLV15_EUR_HAB;Chain linked volumes (2015), euro per capita;P31_S15;Final consumption expenditure of NPISH;PT;Portugal;1982;1982;
A;Annual;CLV10_EUR_HAB;Chain linked volumes (2010), euro per capita;P31_S15;Final consumption expenditure of NPISH;PT;Portugal;1982;1982;
A;Annual;CLV_PCH_PRE_HAB;Chain linked volumes, percentage change on previous period, per capita;P31_S15;Final consumption expenditure of NPISH;PT;Portugal;1982;1982;
A;Annual;PC_EU27_2020_HAB_MEUR_CP;Percentage of EU27 (from 2020) total per capita (based on million euro, EU27 from 2020), current prices;P41;Actual individual consumption;PT;Portugal;1982;1982;
A;Annual;PC_EU27_2020_HAB_MPPS_CP;Percentage of EU27 (from 2020) total per capita (based on million purchasing power standards, EU27 from 2020), current prices;P41;Actual individual consumption;PT;Portugal;1982;1982;
A;Annual;CP_EUR_HAB;Current prices, euro per capita;P41;Actual individual consumption;PT;Portugal;1982;1982;3.3
A;Annual;CP_NAC_HAB;Current prices, units of national currency per capita;P41;Actual individual consumption;PT;Portugal;1982;1982;3.0
A;Annual;CP_PPS_EU27_2020_HAB;Current prices, purchasing power standard (PPS, EU27 from 2020) per capita;P41;Actual individual consumption;PT;Portugal;1982;1982;3.4
A;Annual;CLV_I20_HAB;Chain linked volumes, Index 2020=100, per capita;P41;Actual individual consumption;PT;Portugal;1982;1982;3.3
A;Annual;CLV_I15_HAB;Chain linked volumes, Index 2015=100, per capita;P41;Actual individual consumption;PT;Portugal;1982;1982;5.0
A;Annual;CLV_I10_HAB;Chain linked volumes, Index 2010=100, per capita;P41;Actual individual consumption;PT;Portugal;1982;1982;7.0
A;Annual;CLV20_EUR_HAB;Chain linked volumes (2020), euro per capita;P41;Actual individual consumption;PT;Portugal;1982;1982;6.0
A;Annual;CLV15_EUR_HAB;Chain linked volumes (2015), euro per capita;P41;Actual individual consumption;PT;Portugal;1982;1982;9.3
A;Annual;CLV10_EUR_HAB;Chain linked volumes (2010), euro per capita;P41;Actual individual consumption;PT;Portugal;1982;1982;9.8
A;Annual;CLV_PCH_PRE_HAB;Chain linked volumes, percentage change on previous period, per capita;P41;Actual individual consumption;PT;Portugal;1982;1982;11.2
A;Annual;PC_EU27_2020_HAB_MEUR_CP;Percentage of EU27 (from 2020) total per capita (based on million euro, EU27 from 2020), current prices;B1GQ;Gross domestic product at market prices;PT;Portugal;1983;1983;25410.0
A;Annual;PC_EU27_2020_HAB_MPPS_CP;Percentage of EU27 (from 2020) total per capita (based on million purchasing power standards, EU27 from 2020), current prices;B1GQ;Gross domestic product at market prices;PT;Portugal;1983;1983;26510.0
A;Annual;CP_EUR_HAB;Current prices, euro per capita;B1GQ;Gross domestic product at market prices;PT;Portugal;1983;1983;27280.0
A;Annual;CP_NAC_HAB;Current prices, units of national currency per capita;B1GQ;Gross domestic product at market prices;PT;Portugal;1983;1983;27850.0
A;Annual;CP_PPS_EU27_2020_HAB;Current prices, purchasing power standard (PPS, EU27 from 2020) per capita;B1GQ;Gross domestic product at market prices;PT;Portugal;1983;1983;28400.0
A;Annual;CLV_I20_HAB;Chain linked volumes, Index 2020=100, per capita;B1GQ;Gross domestic product at market prices;PT;Portugal;1983;1983;29440.0
A;Annual;CLV_I15_HAB;Chain linked volumes, Index 2015=100, per capita;B1GQ;Gross domestic product at market prices;PT;Portugal;1983;1983;30680.0
A;Annual;CLV_I10_HAB;Chain linked volumes, Index 2010=100, per capita;B1GQ;Gross domestic product at market prices;PT;Portugal;1983;1983;32160.0
A;Annual;CLV20_EUR_HAB;Chain linked volumes (2020), euro per capita;B1GQ;Gross domestic product at market prices;PT;Portugal;1983;1983;34020.0
A;Annual;CLV15_EUR_HAB;Chain linked volumes (2015), euro per capita;B1GQ;Gross domestic product at market prices;PT;Portugal;1983;1983;35070.0
A;Annual;CLV10_EUR_HAB;Chain linked volumes (2010), euro per capita;B1GQ;Gross domestic product at market prices;PT;Portugal;1983;1983;34320.0
A;Annual;CLV_PCH_PRE_HAB;Chain linked volumes, percentage change on previous period, per capita;B1GQ;Gross domestic product at market prices;PT;Portugal;1983;1983;35170.0
A;Annual;PC_EU27_2020_HAB_MEUR_CP;Percentage of EU27 (from 2020) total per capita (based on million euro, EU27 from 2020), current prices;P3;Final consumption expenditure;PT;Portugal;1983;1983;36740.0
A;Annual;PC_EU27_2020_HAB_MPPS_CP;Percentage of EU27 (from 2020) total per capita (based on million purchasing power standards, EU27 from 2020), current prices;P3;Final consumption expenditure;PT;Portugal;1983;1983;37570.0
A;Annual;CP_EUR_HAB;Current prices, euro per capita;P3;Final consumption expenditure;PT;Portugal;1983;1983;37890.0
A;Annual;CP_NAC_HAB;Current prices, units of national currency per capita;P3;Final consumption expenditure;PT;Portugal;1983;1983;38640.0
A;Annual;CP_PPS_EU27_2020_HAB;Current prices, purchasing power standard (PPS, EU27 from 2020) per capita;P3;Final consumption expenditure;PT;Portugal;1983;1983;39640.0
A;Annual;CLV_I20_HAB;Chain linked volumes, Index 2020=100, per capita;P3;Final consumption expenditure;PT;Portugal;1983;1983;40690.0
A;Annual;CLV_I15_HAB;Chain linked volumes, Index 2015=100, per capita;P3;Final consumption expenditure;PT;Portugal;1983;1983;41760.0
A;Annual;CLV_I10_HAB;Chain linked volumes, Index 2010=100, per capita;P3;Final consumption expenditure;PT;Portugal;1983;1983;43360.0
A;Annual;CLV20_EUR_HAB;Chain linked volumes (2020), euro per capita;P3;Final consumption expenditure;PT;Portugal;1983;1983;44570.0
A;Annual;CLV15_EUR_HAB;Chain linked volumes (2015), euro per capita;P3;Final consumption expenditure;PT;Portugal;1983;1983;42650.0
A;Annual;CLV10_EUR_HAB;Chain linked volumes (2010), euro per capita;P3;Final consumption expenditure;PT;Portugal;1983;1983;45380.0
A;Annual;CLV_PCH_PRE_HAB;Chain linked volumes, percentage change on previous period, per capita;P3;Final consumption expenditure;PT;Portugal;1983;1983;49640.0
A;Annual;PC_EU27_2020_HAB_MEUR_CP;Percentage of EU27 (from 2020) total per capita (based on million euro, EU27 from 2020), current prices;P3_S13;Final consumption expenditure of general government;PT;Portugal;1983;1983;52330.0
A;Annual;PC_EU27_2020_HAB_MPPS_CP;Percentage of EU27 (from 2020) total per capita (based on million purchasing power standards, EU27 from 2020), current prices;P3_S13;Final consumption expenditure of general government;PT;Portugal;1983;1983;53830.0
A;Annual;CP_EUR_HAB;Current prices, euro per capita;P3_S13;Final consumption expenditure of general government;PT;Portugal;1983;1983;
A;Annual;CP_NAC_HAB;Current prices, units of national currency per capita;P3_S13;Final consumption expenditure of general government;PT;Portugal;1983;1983;
A;Annual;CP_PPS_EU27_2020_HAB;Current prices, purchasing power standard (PPS, EU27 from 2020) per capita;P3_S13;Final consumption expenditure of general government;PT;Portugal;1983;1983;
A;Annual;CLV_I20_HAB;Chain linked volumes, Index 2020=100, per capita;P3_S13;Final consumption expenditure of general government;PT;Portugal;1983;1983;
A;Annual;CLV_I15_HAB;Chain linked volumes, Index 2015=100, per capita;P3_S13;Final consumption expenditure of general government;PT;Portugal;1983;1983;
A;Annual;CLV_I10_HAB;Chain linked volumes, Index 2010=100, per capita;P3_S13;Final consumption expenditure of general government;PT;Portugal;1983;1983;
A;Annual;CLV20_EUR_HAB;Chain linked volumes (2020), euro per capita;P3_S13;Final consumption expenditure of general government;PT;Portugal;1983;1983;
A;Annual;CLV15_EUR_HAB;Chain linked volumes (2015), euro per capita;P3_S13;Final consumption expenditure of general government;PT;Portugal;1983;1983;
A;Annual;CLV10_EUR_HAB;Chain linked volumes (2010), euro per capita;P3_S13;Final consumption expenditure of general government;PT;Portugal;1983;1983;
A;Annual;CLV_PCH_PRE_HAB;Chain linked volumes, percentage change on previous period, per capita;P3_S13;Final consumption expenditure of general government;PT;Portugal;1983;1983;
A;Annual;PC_EU27_2020_HAB_MEUR_CP;Percentage of EU27 (from 2020) total per capita (based on million euro, EU27 from 2020), current prices;P31_S13;Individual consumption expenditure of general government;PT;Portugal;1983;1983;
A;Annual;PC_EU27_2020_HAB_MPPS_CP;Percentage of EU27 (from 2020) total per capita (based on million purchasing power standards, EU27 from 2020), current prices;P31_S13;Individual consumption expenditure of general government;PT;Portugal;1983;1983;
A;Annual;CP_EUR_HAB;Current prices, euro per capita;P31_S13;Individual consumption expenditure of general government;PT;Portugal;1983;1983;
A;Annual;CP_NAC_HAB;Current prices, units of national currency per capita;P31_S13;Individual consumption expenditure of general government;PT;Portugal;1983;1983;
A;Annual;CP_PPS_EU27_2020_HAB;Current prices, purchasing power standard (PPS, EU27 from 2020) per capita;P31_S13;Individual consumption expenditure of general government;PT;Portugal;1983;1983;
A;Annual;CLV_I20_HAB;Chain linked volumes, Index 2020=100, per capita;P31_S13;Individual consumption expenditure of general government;PT;Portugal;1983;1983;
A;Annual;CLV_I15_HAB;Chain linked volumes, Index 2015=100, per capita;P31_S13;Individual consumption expenditure of general government;PT;Portugal;1983;1983;
A;Annual;CLV_I10_HAB;Chain linked volumes, Index 2010=100, per capita;P31_S13;Individual consumption expenditure of general government;PT;Portugal;1983;1983;
A;Annual;CLV20_EUR_HAB;Chain linked volumes (2020), euro per capita;P31_S13;Individual consumption expenditure of general government;PT;Portugal;1983;1983;
A;Annual;CLV15_EUR_HAB;Chain linked volumes (2015), euro per capita;P31_S13;Individual consumption expenditure of general government;PT;Portugal;1983;1983;
A;Annual;CLV10_EUR_HAB;Chain linked volumes (2010), euro per capita;P31_S13;Individual consumption expenditure of general government;PT;Portugal;1983;1983;2850.0
A;Annual;CLV_PCH_PRE_HAB;Chain linked volumes, percentage change on previous period, per capita;P31_S13;Individual consumption expenditure of general government;PT;Portugal;1983;1983;3310.0
A;Annual;PC_EU27_2020_HAB_MEUR_CP;Percentage of EU27 (from 2020) total per capita (based on million euro, EU27 from 2020), current prices;P32_S13;Collective consumption expenditure of general government;PT;Portugal;1983;1983;3690.0
A;Annual;PC_EU27_2020_HAB_MPPS_CP;Percentage of EU27 (from 2020) total per capita (based on million purchasing power standards, EU27 from 2020), current prices;P32_S13;Collective consumption expenditure of general government;PT;Portugal;1983;1983;4060.0
A;Annual;CP_EUR_HAB;Current prices, euro per capita;P32_S13;Collective consumption expenditure of general government;PT;Portugal;1983;1983;4190.0
A;Annual;CP_NAC_HAB;Current prices, units of national currency per capita;P32_S13;Collective consumption expenditure of general government;PT;Portugal;1983;1983;4900.0
A;Annual;CP_PPS_EU27_2020_HAB;Current prices, purchasing power standard (PPS, EU27 from 2020) per capita;P32_S13;Collective consumption expenditure of general government;PT;Portugal;1983;1983;5590.0
A;Annual;CLV_I20_HAB;Chain linked volumes, Index 2020=100, per capita;P32_S13;Collective consumption expenditure of general government;PT;Portugal;1983;1983;5520.0
A;Annual;CLV_I15_HAB;Chain linked volumes, Index 2015=100, per capita;P32_S13;Collective consumption expenditure of general government;PT;Portugal;1983;1983;5060.0
A;Annual;CLV_I10_HAB;Chain linked volumes, Index 2010=100, per capita;P32_S13;Collective consumption expenditure of general government;PT;Portugal;1983;1983;5420.0
A;Annual;CLV20_EUR_HAB;Chain linked volumes (2020), euro per capita;P32_S13;Collective consumption expenditure of general government;PT;Portugal;1983;1983;6470.0
A;Annual;CLV15_EUR_HAB;Chain linked volumes (2015), euro per capita;P32_S13;Collective consumption expenditure of general government;PT;Portugal;1983;1983;7230.0
A;Annual;CLV10_EUR_HAB;Chain linked volumes (2010), euro per capita;P32_S13;Collective consumption expenditure of general government;PT;Portugal;1983;1983;8250.0
A;Annual;CLV_PCH_PRE_HAB;Chain linked volumes, percentage change on previous period, per capita;P32_S13;Collective consumption expenditure of general government;PT;Portugal;1983;1983;9640.0
A;Annual;PC_EU27_2020_HAB_MEUR_CP;Percentage of EU27 (from 2020) total per capita (based on million euro, EU27 from 2020), current prices;P31_S14_S15;Household and NPISH final consumption expenditure;PT;Portugal;1983;1983;8330.0
A;Annual;PC_EU27_2020_HAB_MPPS_CP;Percentage of EU27 (from 2020) total per capita (based on million purchasing power standards, EU27 from 2020), current prices;P31_S14_S15;Household and NPISH final consumption expenditure;PT;Portugal;1983;1983;9490.0
A;Annual;CP_EUR_HAB;Current prices, euro per capita;P31_S14_S15;Household and NPISH final consumption expenditure;PT;Portugal;1983;1983;9970.0
A;Annual;CP_NAC_HAB;Current prices, units of national currency per capita;P31_S14_S15;Household and NPISH final consumption expenditure;PT;Portugal;1983;1983;10190.0
A;Annual;CP_PPS_EU27_2020_HAB;Current prices, purchasing power standard (PPS, EU27 from 2020) per capita;P31_S14_S15;Household and NPISH final consumption expenditure;PT;Portugal;1983;1983;10260.0
A;Annual;CLV_I20_HAB;Chain linked volumes, Index 2020=100, per capita;P31_S14_S15;Household and NPISH final consumption expenditure;PT;Portugal;1983;1983;10750.0
A;Annual;CLV_I15_HAB;Chain linked volumes, Index 2015=100, per capita;P31_S14_S15;Household and NPISH final consumption expenditure;PT;Portugal;1983;1983;11390.0
A;Annual;CLV_I10_HAB;Chain linked volumes, Index 2010=100, per capita;P31_S14_S15;Household and NPISH final consumption expenditure;PT;Portugal;1983;1983;11270.0
A;Annual;CLV20_EUR_HAB;Chain linked volumes (2020), euro per capita;P31_S14_S15;Household and NPISH final consumption expenditure;PT;Portugal;1983;1983;12360.0
A;Annual;CLV15_EUR_HAB;Chain linked volumes (2015), euro per capita;P31_S14_S15;Household and NPISH final consumption expenditure;PT;Portugal;1983;1983;13280.0
A;Annual;CLV10_EUR_HAB;Chain linked volumes (2010), euro per capita;P31_S14_S15;Household and NPISH final consumption expenditure;PT;Portugal;1983;1983;14190.0
A;Annual;CLV_PCH_PRE_HAB;Chain linked volumes, percentage change on previous period, per capita;P31_S14_S15;Household and NPISH final consumption expenditure;PT;Portugal;1983;1983;14310.0
A;Annual;PC_EU27_2020_HAB_MEUR_CP;Percentage of EU27 (from 2020) total per capita (based on million euro, EU27 from 2020), current prices;P31_S14;Final consumption expenditure of households;PT;Portugal;1983;1983;15770.0
A;Annual;PC_EU27_2020_HAB_MPPS_CP;Percentage of EU27 (from 2020) total per capita (based on million purchasing power standards, EU27 from 2020), current prices;P31_S14;Final consumption expenditure of households;PT;Portugal;1983;1983;17520.0
A;Annual;CP_EUR_HAB;Current prices, euro per capita;P31_S14;Final consumption expenditure of households;PT;Portugal;1983;1983;19980.0
A;Annual;CP_NAC_HAB;Current prices, units of national currency per capita;P31_S14;Final consumption expenditure of households;PT;Portugal;1983;1983;22610.0
A;Annual;CP_PPS_EU27_2020_HAB;Current prices, purchasing power standard (PPS, EU27 from 2020) per capita;P31_S14;Final consumption expenditure of households;PT;Portugal;1983;1983;
A;Annual;CLV_I20_HAB;Chain linked volumes, Index 2020=100, per capita;P31_S14;Final consumption expenditure of households;PT;Portugal;1983;1983;
A;Annual;CLV_I15_HAB;Chain linked volumes, Index 2015=100, per capita;P31_S14;Final consumption expenditure of households;PT;Portugal;1983;1983;
A;Annual;CLV_I10_HAB;Chain linked volumes, Index 2010=100, per capita;P31_S14;Final consumption expenditure of households;PT;Portugal;1983;1983;
A;Annual;CLV20_EUR_HAB;Chain linked volumes (2020), euro per capita;P31_S14;Final consumption expenditure of households;PT;Portugal;1983;1983;
A;Annual;CLV15_EUR_HAB;Chain linked volumes (2015), euro per capita;P31_S14;Final consumption expenditure of households;PT;Portugal;1983;1983;
A;Annual;CLV10_EUR_HAB;Chain linked volumes (2010), euro per capita;P31_S14;Final consumption expenditure of households;PT;Portugal;1983;1983;
A;Annual;CLV_PCH_PRE_HAB;Chain linked volumes, percentage change on previous period, per capita;P31_S14;Final consumption expenditure of households;PT;Portugal;1983;1983;
A;Annual;PC_EU27_2020_HAB_MEUR_CP;Percentage of EU27 (from 2020) total per capita (based on million euro, EU27 from 2020), current prices;P31_S15;Final consumption expenditure of NPISH;PT;Portugal;1983;1983;
A;Annual;PC_EU27_2020_HAB_MPPS_CP;Percentage of EU27 (from 2020) total per capita (based on million purchasing power standards, EU27 from 2020), current prices;P31_S15;Final consumption expenditure of NPISH;PT;Portugal;1983;1983;
A;Annual;CP_EUR_HAB;Current prices, euro per capita;P31_S15;Final consumption expenditure of NPISH;PT;Portugal;1983;1983;
A;Annual;CP_NAC_HAB;Current prices, units of national currency per capita;P31_S15;Final consumption expenditure of NPISH;PT;Portugal;1983;1983;
A;Annual;CP_PPS_EU27_2020_HAB;Current prices, purchasing power standard (PPS, EU27 from 2020) per capita;P31_S15;Final consumption expenditure of NPISH;PT;Portugal;1983;1983;
A;Annual;CLV_I20_HAB;Chain linked volumes, Index 2020=100, per capita;P31_S15;Final consumption expenditure of NPISH;PT;Portugal;1983;1983;
A;Annual;CLV_I15_HAB;Chain linked volumes, Index 2015=100, per capita;P31_S15;Final consumption expenditure of NPISH;PT;Portugal;1983;1983;
A;Annual;CLV_I10_HAB;Chain linked volumes, Index 2010=100, per capita;P31_S15;Final consumption expenditure of NPISH;PT;Portugal;1983;1983;
A;Annual;CLV20_EUR_HAB;Chain linked volumes (2020), euro per capita;P31_S15;Final consumption expenditure of NPISH;PT;Portugal;1983;1983;
A;Annual;CLV15_EUR_HAB;Chain linked volumes (2015), euro per capita;P31_S15;Final consumption expenditure of NPISH;PT;Portugal;1983;1983;
A;Annual;CLV10_EUR_HAB;Chain linked volumes (2010), euro per capita;P31_S15;Final consumption expenditure of NPISH;PT;Portugal;1983;1983;
A;Annual;CLV_PCH_PRE_HAB;Chain linked volumes, percentage change on previous period, per capita;P31_S15;Final consumption expenditure of NPISH;PT;Portugal;1983;1983;
A;Annual;PC_EU27_2020_HAB_MEUR_CP;Percentage of EU27 (from 2020) total per capita (based on million euro, EU27 from 2020), current prices;P41;Actual individual consumption;PT;Portugal;1983;1983;9080.0
A;Annual;PC_EU27_2020_HAB_MPPS_CP;Percentage of EU27 (from 2020) total per capita (based on million purchasing power standards, EU27 from 2020), current prices;P41;Actual individual consumption;PT;Portugal;1983;1983;9600.0
A;Annual;CP_EUR_HAB;Current prices, euro per capita;P41;Actual individual consumption;PT;Portugal;1983;1983;10220.0
A;Annual;CP_NAC_HAB;Current prices, units of national currency per capita;P41;Actual individual consumption;PT;Portugal;1983;1983;10890.0
A;Annual;CP_PPS_EU27_2020_HAB;Current prices, purchasing power standard (PPS, EU27 from 2020) per capita;P41;Actual individual consumption;PT;Portugal;1983;1983;11710.0
A;Annual;CLV_I20_HAB;Chain linked volumes, Index 2020=100, per capita;P41;Actual individual consumption;PT;Portugal;1983;1983;12480.0
A;Annual;CLV_I15_HAB;Chain linked volumes, Index 2015=100, per capita;P41;Actual individual consumption;PT;Portugal;1983;1983;13100.0
A;Annual;CLV_I10_HAB;Chain linked volumes, Index 2010=100, per capita;P41;Actual individual consumption;PT;Portugal;1983;1983;13680.0
A;Annual;CLV20_EUR_HAB;Chain linked volumes (2020), euro per capita;P41;Actual individual consumption;PT;Portugal;1983;1983;13970.0
A;Annual;CLV15_EUR_HAB;Chain linked volumes (2015), euro per capita;P41;Actual individual consumption;PT;Portugal;1983;1983;14520.0
A;Annual;CLV10_EUR_HAB;Chain linked volumes (2010), euro per capita;P41;Actual individual consumption;PT;Portugal;1983;1983;15100.0
A;Annual;CLV_PCH_PRE_HAB;Chain linked volumes, percentage change on previous period, per capita;P41;Actual individual consumption;PT;Portugal;1983;1983;15800.0
A;Annual;PC_EU27_2020_HAB_MEUR_CP;Percentage of EU27 (from 2020) total per capita (based on million euro, EU27 from 2020), current prices;B1GQ;Gross domestic product at market prices;PT;Portugal;1984;1984;7510.0
A;Annual;PC_EU27_2020_HAB_MPPS_CP;Percentage of EU27 (from 2020) total per capita (based on million purchasing power standards, EU27 from 2020), current prices;B1GQ;Gross domestic product at market prices;PT;Portugal;1984;1984;8070.0
A;Annual;CP_EUR_HAB;Current prices, euro per capita;B1GQ;Gross domestic product at market prices;PT;Portugal;1984;1984;8490.0
A;Annual;CP_NAC_HAB;Current prices, units of national currency per capita;B1GQ;Gross domestic product at market prices;PT;Portugal;1984;1984;8610.0
A;Annual;CP_PPS_EU27_2020_HAB;Current prices, purchasing power standard (PPS, EU27 from 2020) per capita;B1GQ;Gross domestic product at market prices;PT;Portugal;1984;1984;8690.0
A;Annual;CLV_I20_HAB;Chain linked volumes, Index 2020=100, per capita;B1GQ;Gross domestic product at market prices;PT;Portugal;1984;1984;9120.0
A;Annual;CLV_I15_HAB;Chain linked volumes, Index 2015=100, per capita;B1GQ;Gross domestic product at market prices;PT;Portugal;1984;1984;9460.0
A;Annual;CLV_I10_HAB;Chain linked volumes, Index 2010=100, per capita;B1GQ;Gross domestic product at market prices;PT;Portugal;1984;1984;9460.0
A;Annual;CLV20_EUR_HAB;Chain linked volumes (2020), euro per capita;B1GQ;Gross domestic product at market prices;PT;Portugal;1984;1984;8780.0
A;Annual;CLV15_EUR_HAB;Chain linked volumes (2015), euro per capita;B1GQ;Gross domestic product at market prices;PT;Portugal;1984;1984;9980.0
A;Annual;CLV10_EUR_HAB;Chain linked volumes (2010), euro per capita;B1GQ;Gross domestic product at market prices;PT;Portugal;1984;1984;10870.0
A;Annual;CLV_PCH_PRE_HAB;Chain linked volumes, percentage change on previous period, per capita;B1GQ;Gross domestic product at market prices;PT;Portugal;1984;1984;11610.0
A;Annual;PC_EU27_2020_HAB_MEUR_CP;Percentage of EU27 (from 2020) total per capita (based on million euro, EU27 from 2020), current prices;P3;Final consumption expenditure;PT;Portugal;1984;1984;12070.0
A;Annual;PC_EU27_2020_HAB_MPPS_CP;Percentage of EU27 (from 2020) total per capita (based on million purchasing power standards, EU27 from 2020), current prices;P3;Final consumption expenditure;PT;Portugal;1984;1984;11820.0
A;Annual;CP_EUR_HAB;Current prices, euro per capita;P3;Final consumption expenditure;PT;Portugal;1984;1984;11950.0
A;Annual;CP_NAC_HAB;Current prices, units of national currency per capita;P3;Final consumption expenditure;PT;Portugal;1984;1984;12400.0
A;Annual;CP_PPS_EU27_2020_HAB;Current prices, purchasing power standard (PPS, EU27 from 2020) per capita;P3;Final consumption expenditure;PT;Portugal;1984;1984;12440.0
A;Annual;CLV_I20_HAB;Chain linked volumes, Index 2020=100, per capita;P3;Final consumption expenditure;PT;Portugal;1984;1984;12080.0
A;Annual;CLV_I15_HAB;Chain linked volumes, Index 2015=100, per capita;P3;Final consumption expenditure;PT;Portugal;1984;1984;11940.0
A;Annual;CLV_I10_HAB;Chain linked volumes, Index 2010=100, per capita;P3;Final consumption expenditure;PT;Portugal;1984;1984;12290.0
A;Annual;CLV20_EUR_HAB;Chain linked volumes (2020), euro per capita;P3;Final consumption expenditure;PT;Portugal;1984;1984;13340.0
A;Annual;CLV15_EUR_HAB;Chain linked volumes (2015), euro per capita;P3;Final consumption expenditure;PT;Portugal;1984;1984;13380.0
A;Annual;CLV10_EUR_HAB;Chain linked volumes (2010), euro per capita;P3;Final consumption expenditure;PT;Portugal;1984;1984;13340.0
A;Annual;CLV_PCH_PRE_HAB;Chain linked volumes, percentage change on previous period, per capita;P3;Final consumption expenditure;PT;Portugal;1984;1984;13950.0
A;Annual;PC_EU27_2020_HAB_MEUR_CP;Percentage of EU27 (from 2020) total per capita (based on million euro, EU27 from 2020), current prices;P3_S13;Final consumption expenditure of general government;PT;Portugal;1984;1984;
A;Annual;PC_EU27_2020_HAB_MPPS_CP;Percentage of EU27 (from 2020) total per capita (based on million purchasing power standards, EU27 from 2020), current prices;P3_S13;Final consumption expenditure of general government;PT;Portugal;1984;1984;
A;Annual;CP_EUR_HAB;Current prices, euro per capita;P3_S13;Final consumption expenditure of general government;PT;Portugal;1984;1984;
A;Annual;CP_NAC_HAB;Current prices, units of national currency per capita;P3_S13;Final consumption expenditure of general government;PT;Portugal;1984;1984;
A;Annual;CP_PPS_EU27_2020_HAB;Current prices, purchasing power standard (PPS, EU27 from 2020) per capita;P3_S13;Final consumption expenditure of general government;PT;Portugal;1984;1984;
A;Annual;CLV_I20_HAB;Chain linked volumes, Index 2020=100, per capita;P3_S13;Final consumption expenditure of general government;PT;Portugal;1984;1984;
A;Annual;CLV_I15_HAB;Chain linked volumes, Index 2015=100, per capita;P3_S13;Final consumption expenditure of general government;PT;Portugal;1984;1984;
A;Annual;CLV_I10_HAB;Chain linked volumes, Index 2010=100, per capita;P3_S13;Final consumption expenditure of general government;PT;Portugal;1984;1984;
A;Annual;CLV20_EUR_HAB;Chain linked volumes (2020), euro per capita;P3_S13;Final consumption expenditure of general government;PT;Portugal;1984;1984;
A;Annual;CLV15_EUR_HAB;Chain linked volumes (2015), euro per capita;P3_S13;Final consumption expenditure of general government;PT;Portugal;1984;1984;
A;Annual;CLV10_EUR_HAB;Chain linked volumes (2010), euro per capita;P3_S13;Final consumption expenditure of general government;PT;Portugal;1984;1984;
A;Annual;CLV_PCH_PRE_HAB;Chain linked volumes, percentage change on previous period, per capita;P3_S13;Final consumption expenditure of general government;PT;Portugal;1984;1984;
A;Annual;PC_EU27_2020_HAB_MEUR_CP;Percentage of EU27 (from 2020) total per capita (based on million euro, EU27 from 2020), current prices;P31_S13;Individual consumption expenditure of general government;PT;Portugal;1984;1984;
A;Annual;PC_EU27_2020_HAB_MPPS_CP;Percentage of EU27 (from 2020) total per capita (based on million purchasing power standards, EU27 from 2020), current prices;P31_S13;Individual consumption expenditure of general government;PT;Portugal;1984;1984;
A;Annual;CP_EUR_HAB;Current prices, euro per capita;P31_S13;Individual consumption expenditure of general government;PT;Portugal;1984;1984;
A;Annual;CP_NAC_HAB;Current prices, units of national currency per capita;P31_S13;Individual consumption expenditure of general government;PT;Portugal;1984;1984;
A;Annual;CP_PPS_EU27_2020_HAB;Current prices, purchasing power standard (PPS, EU27 from 2020) per capita;P31_S13;Individual consumption expenditure of general government;PT;Portugal;1984;1984;
A;Annual;CLV_I20_HAB;Chain linked volumes, Index 2020=100, per capita;P31_S13;Individual consumption expenditure of general government;PT;Portugal;1984;1984;
A;Annual;CLV_I15_HAB;Chain linked volumes, Index 2015=100, per capita;P31_S13;Individual consumption expenditure of general government;PT;Portugal;1984;1984;
A;Annual;CLV_I10_HAB;Chain linked volumes, Index 2010=100, per capita;P31_S13;Individual consumption expenditure of general government;PT;Portugal;1984;1984;
A;Annual;CLV20_EUR_HAB;Chain linked volumes (2020), euro per capita;P31_S13;Individual consumption expenditure of general government;PT;Portugal;1984;1984;5030.0
A;Annual;CLV15_EUR_HAB;Chain linked volumes (2015), euro per capita;P31_S13;Individual consumption expenditure of general government;PT;Portugal;1984;1984;5350.0
A;Annual;CLV10_EUR_HAB;Chain linked volumes (2010), euro per capita;P31_S13;Individual consumption expenditure of general government;PT;Portugal;1984;1984;5600.0
A;Annual;CLV_PCH_PRE_HAB;Chain linked volumes, percentage change on previous period, per capita;P31_S13;Individual consumption expenditure of general government;PT;Portugal;1984;1984;6310.0
A;Annual;PC_EU27_2020_HAB_MEUR_CP;Percentage of EU27 (from 2020) total per capita (based on million euro, EU27 from 2020), current prices;P32_S13;Collective consumption expenditure of general government;PT;Portugal;1984;1984;7130.0
A;Annual;PC_EU27_2020_HAB_MPPS_CP;Percentage of EU27 (from 2020) total per capita (based on million purchasing power standards, EU27 from 2020), current prices;P32_S13;Collective consumption expenditure of general government;PT;Portugal;1984;1984;8340.0
A;Annual;CP_EUR_HAB;Current prices, euro per capita;P32_S13;Collective consumption expenditure of general government;PT;Portugal;1984;1984;7740.0
A;Annual;CP_NAC_HAB;Current prices, units of national currency per capita;P32_S13;Collective consumption expenditure of general government;PT;Portugal;1984;1984;8850.0
A;Annual;CP_PPS_EU27_2020_HAB;Current prices, purchasing power standard (PPS, EU27 from 2020) per capita;P32_S13;Collective consumption expenditure of general government;PT;Portugal;1984;1984;9210.0
A;Annual;CLV_I20_HAB;Chain linked volumes, Index 2020=100, per capita;P32_S13;Collective consumption expenditure of general government;PT;Portugal;1984;1984;9650.0
A;Annual;CLV_I15_HAB;Chain linked volumes, Index 2015=100, per capita;P32_S13;Collective consumption expenditure of general government;PT;Portugal;1984;1984;11630.0
A;Annual;CLV_I10_HAB;Chain linked volumes, Index 2010=100, per capita;P32_S13;Collective consumption expenditure of general government;PT;Portugal;1984;1984;11560.0
A;Annual;CLV20_EUR_HAB;Chain linked volumes (2020), euro per capita;P32_S13;Collective consumption expenditure of general government;PT;Portugal;1984;1984;12530.0
A;Annual;CLV15_EUR_HAB;Chain linked volumes (2015), euro per capita;P32_S13;Collective consumption expenditure of general government;PT;Portugal;1984;1984;8710.0
A;Annual;CLV10_EUR_HAB;Chain linked volumes (2010), euro per capita;P32_S13;Collective consumption expenditure of general government;PT;Portugal;1984;1984;7710.0
A;Annual;CLV_PCH_PRE_HAB;Chain linked volumes, percentage change on previous period, per capita;P32_S13;Collective consumption expenditure of general government;PT;Portugal;1984;1984;8490.0
A;Annual;PC_EU27_2020_HAB_MEUR_CP;Percentage of EU27 (from 2020) total per capita (based on million euro, EU27 from 2020), current prices;P31_S14_S15;Household and NPISH final consumption expenditure;PT;Portugal;1984;1984;9010.0
A;Annual;PC_EU27_2020_HAB_MPPS_CP;Percentage of EU27 (from 2020) total per capita (based on million purchasing power standards, EU27 from 2020), current prices;P31_S14_S15;Household and NPISH final consumption expenditure;PT;Portugal;1984;1984;9330.0
A;Annual;CP_EUR_HAB;Current prices, euro per capita;P31_S14_S15;Household and NPISH final consumption expenditure;PT;Portugal;1984;1984;9560.0
A;Annual;CP_NAC_HAB;Current prices, units of national currency per capita;P31_S14_S15;Household and NPISH final consumption expenditure;PT;Portugal;1984;1984;10410.0
A;Annual;CP_PPS_EU27_2020_HAB;Current prices, purchasing power standard (PPS, EU27 from 2020) per capita;P31_S14_S15;Household and NPISH final consumption expenditure;PT;Portugal;1984;1984;11740.0
A;Annual;CLV_I20_HAB;Chain linked volumes, Index 2020=100, per capita;P31_S14_S15;Household and NPISH final consumption expenditure;PT;Portugal;1984;1984;13530.0
A;Annual;CLV_I15_HAB;Chain linked volumes, Index 2015=100, per capita;P31_S14_S15;Household and NPISH final consumption expenditure;PT;Portugal;1984;1984;15790.0
A;Annual;CLV_I10_HAB;Chain linked volumes, Index 2010=100, per capita;P31_S14_S15;Household and NPISH final consumption expenditure;PT;Portugal;1984;1984;15860.0
A;Annual;CLV20_EUR_HAB;Chain linked volumes (2020), euro per capita;P31_S14_S15;Household and NPISH final consumption expenditure;PT;Portugal;1984;1984;15740.0
A;Annual;CLV15_EUR_HAB;Chain linked volumes (2015), euro per capita;P31_S14_S15;Household and NPISH final consumption expenditure;PT;Portugal;1984;1984;15220.0
A;Annual;CLV10_EUR_HAB;Chain linked volumes (2010), euro per capita;P31_S14_S15;Household and NPISH final consumption expenditure;PT;Portugal;1984;1984;16840.0
A;Annual;CLV_PCH_PRE_HAB;Chain linked volumes, percentage change on previous period, per capita;P31_S14_S15;Household and NPISH final consumption expenditure;PT;Portugal;1984;1984;19160.0
A;Annual;PC_EU27_2020_HAB_MEUR_CP;Percentage of EU27 (from 2020) total per capita (based on million euro, EU27 from 2020), current prices;P31_S14;Final consumption expenditure of households;PT;Portugal;1984;1984;19470.0
A;Annual;PC_EU27_2020_HAB_MPPS_CP;Percentage of EU27 (from 2020) total per capita (based on million purchasing power standards, EU27 from 2020), current prices;P31_S14;Final consumption expenditure of households;PT;Portugal;1984;1984;20590.0
A;Annual;CP_EUR_HAB;Current prices, euro per capita;P31_S14;Final consumption expenditure of households;PT;Portugal;1984;1984;
A;Annual;CP_NAC_HAB;Current prices, units of national currency per capita;P31_S14;Final consumption expenditure of households;PT;Portugal;1984;1984;
A;Annual;CP_PPS_EU27_2020_HAB;Current prices, purchasing power standard (PPS, EU27 from 2020) per capita;P31_S14;Final consumption expenditure of households;PT;Portugal;1984;1984;
A;Annual;CLV_I20_HAB;Chain linked volumes, Index 2020=100, per capita;P31_S14;Final consumption expenditure of households;PT;Portugal;1984;1984;
A;Annual;CLV_I15_HAB;Chain linked volumes, Index 2015=100, per capita;P31_S14;Final consumption expenditure of households;PT;Portugal;1984;1984;
A;Annual;CLV_I10_HAB;Chain linked volumes, Index 2010=100, per capita;P31_S14;Final consumption expenditure of households;PT;Portugal;1984;1984;
A;Annual;CLV20_EUR_HAB;Chain linked volumes (2020), euro per capita;P31_S14;Final consumption expenditure of households;PT;Portugal;1984;1984;
A;Annual;CLV15_EUR_HAB;Chain linked volumes (2015), euro per capita;P31_S14;Final consumption expenditure of households;PT;Portugal;1984;1984;
A;Annual;CLV10_EUR_HAB;Chain linked volumes (2010), euro per capita;P31_S14;Final consumption expenditure of households;PT;Portugal;1984;1984;
A;Annual;CLV_PCH_PRE_HAB;Chain linked volumes, percentage change on previous period, per capita;P31_S14;Final consumption expenditure of households;PT;Portugal;1984;1984;
A;Annual;PC_EU27_2020_HAB_MEUR_CP;Percentage of EU27 (from 2020) total per capita (based on million euro, EU27 from 2020), current prices;P31_S15;Final consumption expenditure of NPISH;PT;Portugal;1984;1984;
A;Annual;PC_EU27_2020_HAB_MPPS_CP;Percentage of EU27 (from 2020) total per capita (based on million purchasing power standards, EU27 from 2020), current prices;P31_S15;Final consumption expenditure of NPISH;PT;Portugal;1984;1984;
A;Annual;CP_EUR_HAB;Current prices, euro per capita;P31_S15;Final consumption expenditure of NPISH;PT;Portugal;1984;1984;
A;Annual;CP_NAC_HAB;Current prices, units of national currency per capita;P31_S15;Final consumption expenditure of NPISH;PT;Portugal;1984;1984;
A;Annual;CP_PPS_EU27_2020_HAB;Current prices, purchasing power standard (PPS, EU27 from 2020) per capita;P31_S15;Final consumption expenditure of NPISH;PT;Portugal;1984;1984;
A;Annual;CLV_I20_HAB;Chain linked volumes, Index 2020=100, per capita;P31_S15;Final consumption expenditure of NPISH;PT;Portugal;1984;1984;
A;Annual;CLV_I15_HAB;Chain linked volumes, Index 2015=100, per capita;P31_S15;Final consumption expenditure of NPISH;PT;Portugal;1984;1984;
A;Annual;CLV_I10_HAB;Chain linked volumes, Index 2010=100, per capita;P31_S15;Final consumption expenditure of NPISH;PT;Portugal;1984;1984;
A;Annual;CLV20_EUR_HAB;Chain linked volumes (2020), euro per capita;P31_S15;Final consumption expenditure of NPISH;PT;Portugal;1984;1984;
A;Annual;CLV15_EUR_HAB;Chain linked volumes (2015), euro per capita;P31_S15;Final consumption expenditure of NPISH;PT;Portugal;1984;1984;
A;Annual;CLV10_EUR_HAB;Chain linked volumes (2010), euro per capita;P31_S15;Final consumption expenditure of NPISH;PT;Portugal;1984;1984;
A;Annual;CLV_PCH_PRE_HAB;Chain linked volumes, percentage change on previous period, per capita;P31_S15;Final consumption expenditure of NPISH;PT;Portugal;1984;1984;
A;Annual;PC_EU27_2020_HAB_MEUR_CP;Percentage of EU27 (from 2020) total per capita (based on million euro, EU27 from 2020), current prices;P41;Actual individual consumption;PT;Portugal;1984;1984;
A;Annual;PC_EU27_2020_HAB_MPPS_CP;Percentage of EU27 (from 2020) total per capita (based on million purchasing power standards, EU27 from 2020), current prices;P41;Actual individual consumption;PT;Portugal;1984;1984;
A;Annual;CP_EUR_HAB;Current prices, euro per capita;P41;Actual individual consumption;PT;Portugal;1984;1984;
A;Annual;CP_NAC_HAB;Current prices, units of national currency per capita;P41;Actual individual consumption;PT;Portugal;1984;1984;
A;Annual;CP_PPS_EU27_2020_HAB;Current prices, purchasing power standard (PPS, EU27 from 2020) per capita;P41;Actual individual consumption;PT;Portugal;1984;1984;
A;Annual;CLV_I20_HAB;Chain linked volumes, Index 2020=100, per capita;P41;Actual individual consumption;PT;Portugal;1984;1984;
A;Annual;CLV_I15_HAB;Chain linked volumes, Index 2015=100, per capita;P41;Actual individual consumption;PT;Portugal;1984;1984;
A;Annual;CLV_I10_HAB;Chain linked volumes, Index 2010=100, per capita;P41;Actual individual consumption;PT;Portugal;1984;1984;
A;Annual;CLV20_EUR_HAB;Chain linked volumes (2020), euro per capita;P41;Actual individual consumption;PT;Portugal;1984;1984;
A;Annual;CLV15_EUR_HAB;Chain linked volumes (2015), euro per capita;P41;Actual individual consumption;PT;Portugal;1984;1984;
A;Annual;CLV10_EUR_HAB;Chain linked volumes (2010), euro per capita;P41;Actual individual consumption;PT;Portugal;1984;1984;
A;Annual;CLV_PCH_PRE_HAB;Chain linked volumes, percentage change on previous period, per capita;P41;Actual individual consumption;PT;Portugal;1984;1984;
A;Annual;PC_EU27_2020_HAB_MEUR_CP;Percentage of EU27 (from 2020) total per capita (based on million euro, EU27 from 2020), current prices;B1GQ;Gross domestic product at market prices;PT;Portugal;1985;1985;
A;Annual;PC_EU27_2020_HAB_MPPS_CP;Percentage of EU27 (from 2020) total per capita (based on million purchasing power standards, EU27 from 2020), current prices;B1GQ;Gross domestic product at market prices;PT;Portugal;1985;1985;
A;Annual;CP_EUR_HAB;Current prices, euro per capita;B1GQ;Gross domestic product at market prices;PT;Portugal;1985;1985;
A;Annual;CP_NAC_HAB;Current prices, units of national currency per capita;B1GQ;Gross domestic product at market prices;PT;Portugal;1985;1985;350.0
A;Annual;CP_PPS_EU27_2020_HAB;Current prices, purchasing power standard (PPS, EU27 from 2020) per capita;B1GQ;Gross domestic product at market prices;PT;Portugal;1985;1985;490.0
A;Annual;CLV_I20_HAB;Chain linked volumes, Index 2020=100, per capita;B1GQ;Gross domestic product at market prices;PT;Portugal;1985;1985;650.0
A;Annual;CLV_I15_HAB;Chain linked volumes, Index 2015=100, per capita;B1GQ;Gross domestic product at market prices;PT;Portugal;1985;1985;590.0
A;Annual;CLV_I10_HAB;Chain linked volumes, Index 2010=100, per capita;B1GQ;Gross domestic product at market prices;PT;Portugal;1985;1985;620.0
A;Annual;CLV20_EUR_HAB;Chain linked volumes (2020), euro per capita;B1GQ;Gross domestic product at market prices;PT;Portugal;1985;1985;620.0
A;Annual;CLV15_EUR_HAB;Chain linked volumes (2015), euro per capita;B1GQ;Gross domestic product at market prices;PT;Portugal;1985;1985;590.0
A;Annual;CLV10_EUR_HAB;Chain linked volumes (2010), euro per capita;B1GQ;Gross domestic product at market prices;PT;Portugal;1985;1985;560.0
A;Annual;CLV_PCH_PRE_HAB;Chain linked volumes, percentage change on previous period, per capita;B1GQ;Gross domestic product at market prices;PT;Portugal;1985;1985;570.0
A;Annual;PC_EU27_2020_HAB_MEUR_CP;Percentage of EU27 (from 2020) total per capita (based on million euro, EU27 from 2020), current prices;P3;Final consumption expenditure;PT;Portugal;1985;1985;610.0
A;Annual;PC_EU27_2020_HAB_MPPS_CP;Percentage of EU27 (from 2020) total per capita (based on million purchasing power standards, EU27 from 2020), current prices;P3;Final consumption expenditure;PT;Portugal;1985;1985;650.0
A;Annual;CP_EUR_HAB;Current prices, euro per capita;P3;Final consumption expenditure;PT;Portugal;1985;1985;680.0
A;Annual;CP_NAC_HAB;Current prices, units of national currency per capita;P3;Final consumption expenditure;PT;Portugal;1985;1985;720.0
A;Annual;CP_PPS_EU27_2020_HAB;Current prices, purchasing power standard (PPS, EU27 from 2020) per capita;P3;Final consumption expenditure;PT;Portugal;1985;1985;750.0
A;Annual;CLV_I20_HAB;Chain linked volumes, Index 2020=100, per capita;P3;Final consumption expenditure;PT;Portugal;1985;1985;770.0
A;Annual;CLV_I15_HAB;Chain linked volumes, Index 2015=100, per capita;P3;Final consumption expenditure;PT;Portugal;1985;1985;740.0
A;Annual;CLV_I10_HAB;Chain linked volumes, Index 2010=100, per capita;P3;Final consumption expenditure;PT;Portugal;1985;1985;780.0
A;Annual;CLV20_EUR_HAB;Chain linked volumes (2020), euro per capita;P3;Final consumption expenditure;PT;Portugal;1985;1985;910.0
A;Annual;CLV15_EUR_HAB;Chain linked volumes (2015), euro per capita;P3;Final consumption expenditure;PT;Portugal;1985;1985;980.0
A;Annual;CLV10_EUR_HAB;Chain linked volumes (2010), euro per capita;P3;Final consumption expenditure;PT;Portugal;1985;1985;
A;Annual;CLV_PCH_PRE_HAB;Chain linked volumes, percentage change on previous period, per capita;P3;Final consumption expenditure;PT;Portugal;1985;1985;
A;Annual;PC_EU27_2020_HAB_MEUR_CP;Percentage of EU27 (from 2020) total per capita (based on million euro, EU27 from 2020), current prices;P3_S13;Final consumption expenditure of general government;PT;Portugal;1985;1985;
A;Annual;PC_EU27_2020_HAB_MPPS_CP;Percentage of EU27 (from 2020) total per capita (based on million purchasing power standards, EU27 from 2020), current prices;P3_S13;Final consumption expenditure of general government;PT;Portugal;1985;1985;
A;Annual;CP_EUR_HAB;Current prices, euro per capita;P3_S13;Final consumption expenditure of general government;PT;Portugal;1985;1985;
A;Annual;CP_NAC_HAB;Current prices, units of national currency per capita;P3_S13;Final consumption expenditure of general government;PT;Portugal;1985;1985;
A;Annual;CP_PPS_EU27_2020_HAB;Current prices, purchasing power standard (PPS, EU27 from 2020) per capita;P3_S13;Final consumption expenditure of general government;PT;Portugal;1985;1985;
A;Annual;CLV_I20_HAB;Chain linked volumes, Index 2020=100, per capita;P3_S13;Final consumption expenditure of general government;PT;Portugal;1985;1985;
A;Annual;CLV_I15_HAB;Chain linked volumes, Index 2015=100, per capita;P3_S13;Final consumption expenditure of general government;PT;Portugal;1985;1985;
A;Annual;CLV_I10_HAB;Chain linked volumes, Index 2010=100, per capita;P3_S13;Final consumption expenditure of general government;PT;Portugal;1985;1985;
A;Annual;CLV20_EUR_HAB;Chain linked volumes (2020), euro per capita;P3_S13;Final consumption expenditure of general government;PT;Portugal;1985;1985;
A;Annual;CLV15_EUR_HAB;Chain linked volumes (2015), euro per capita;P3_S13;Final consumption expenditure of general government;PT;Portugal;1985;1985;
A;Annual;CLV10_EUR_HAB;Chain linked volumes (2010), euro per capita;P3_S13;Final consumption expenditure of general government;PT;Portugal;1985;1985;
A;Annual;CLV_PCH_PRE_HAB;Chain linked volumes, percentage change on previous period, per capita;P3_S13;Final consumption expenditure of general government;PT;Portugal;1985;1985;
A;Annual;PC_EU27_2020_HAB_MEUR_CP;Percentage of EU27 (from 2020) total per capita (based on million euro, EU27 from 2020), current prices;P31_S13;Individual consumption expenditure of general government;PT;Portugal;1985;1985;
A;Annual;PC_EU27_2020_HAB_MPPS_CP;Percentage of EU27 (from 2020) total per capita (based on million purchasing power standards, EU27 from 2020), current prices;P31_S13;Individual consumption expenditure of general government;PT;Portugal;1985;1985;
A;Annual;CP_EUR_HAB;Current prices, euro per capita;P31_S13;Individual consumption expenditure of general government;PT;Portugal;1985;1985;
A;Annual;CP_NAC_HAB;Current prices, units of national currency per capita;P31_S13;Individual consumption expenditure of general government;PT;Portugal;1985;1985;
A;Annual;CP_PPS_EU27_2020_HAB;Current prices, purchasing power standard (PPS, EU27 from 2020) per capita;P31_S13;Individual consumption expenditure of general government;PT;Portugal;1985;1985;
A;Annual;CLV_I20_HAB;Chain linked volumes, Index 2020=100, per capita;P31_S13;Individual consumption expenditure of general government;PT;Portugal;1985;1985;
A;Annual;CLV_I15_HAB;Chain linked volumes, Index 2015=100, per capita;P31_S13;Individual consumption expenditure of general government;PT;Portugal;1985;1985;
A;Annual;CLV_I10_HAB;Chain linked volumes, Index 2010=100, per capita;P31_S13;Individual consumption expenditure of general government;PT;Portugal;1985;1985;
A;Annual;CLV20_EUR_HAB;Chain linked volumes (2020), euro per capita;P31_S13;Individual consumption expenditure of general government;PT;Portugal;1985;1985;
A;Annual;CLV15_EUR_HAB;Chain linked volumes (2015), euro per capita;P31_S13;Individual consumption expenditure of general government;PT;Portugal;1985;1985;
A;Annual;CLV10_EUR_HAB;Chain linked volumes (2010), euro per capita;P31_S13;Individual consumption expenditure of general government;PT;Portugal;1985;1985;
A;Annual;CLV_PCH_PRE_HAB;Chain linked volumes, percentage change on previous period, per capita;P31_S13;Individual consumption expenditure of general government;PT;Portugal;1985;1985;190.0
A;Annual;PC_EU27_2020_HAB_MEUR_CP;Percentage of EU27 (from 2020) total per capita (based on million euro, EU27 from 2020), current prices;P32_S13;Collective consumption expenditure of general government;PT;Portugal;1985;1985;270.0
A;Annual;PC_EU27_2020_HAB_MPPS_CP;Percentage of EU27 (from 2020) total per capita (based on million purchasing power standards, EU27 from 2020), current prices;P32_S13;Collective consumption expenditure of general government;PT;Portugal;1985;1985;240.0
A;Annual;CP_EUR_HAB;Current prices, euro per capita;P32_S13;Collective consumption expenditure of general government;PT;Portugal;1985;1985;210.0
A;Annual;CP_NAC_HAB;Current prices, units of national currency per capita;P32_S13;Collective consumption expenditure of general government;PT;Portugal;1985;1985;220.0
A;Annual;CP_PPS_EU27_2020_HAB;Current prices, purchasing power standard (PPS, EU27 from 2020) per capita;P32_S13;Collective consumption expenditure of general government;PT;Portugal;1985;1985;220.0
A;Annual;CLV_I20_HAB;Chain linked volumes, Index 2020=100, per capita;P32_S13;Collective consumption expenditure of general government;PT;Portugal;1985;1985;250.0
A;Annual;CLV_I15_HAB;Chain linked volumes, Index 2015=100, per capita;P32_S13;Collective consumption expenditure of general government;PT;Portugal;1985;1985;280.0
A;Annual;CLV_I10_HAB;Chain linked volumes, Index 2010=100, per capita;P32_S13;Collective consumption expenditure of general government;PT;Portugal;1985;1985;350.0
A;Annual;CLV20_EUR_HAB;Chain linked volumes (2020), euro per capita;P32_S13;Collective consumption expenditure of general government;PT;Portugal;1985;1985;370.0
A;Annual;CLV15_EUR_HAB;Chain linked volumes (2015), euro per capita;P32_S13;Collective consumption expenditure of general government;PT;Portugal;1985;1985;370.0
A;Annual;CLV10_EUR_HAB;Chain linked volumes (2010), euro per capita;P32_S13;Collective consumption expenditure of general government;PT;Portugal;1985;1985;390.0
A;Annual;CLV_PCH_PRE_HAB;Chain linked volumes, percentage change on previous period, per capita;P32_S13;Collective consumption expenditure of general government;PT;Portugal;1985;1985;410.0
A;Annual;PC_EU27_2020_HAB_MEUR_CP;Percentage of EU27 (from 2020) total per capita (based on million euro, EU27 from 2020), current prices;P31_S14_S15;Household and NPISH final consumption expenditure;PT;Portugal;1985;1985;380.0
A;Annual;PC_EU27_2020_HAB_MPPS_CP;Percentage of EU27 (from 2020) total per capita (based on million purchasing power standards, EU27 from 2020), current prices;P31_S14_S15;Household and NPISH final consumption expenditure;PT;Portugal;1985;1985;400.0
A;Annual;CP_EUR_HAB;Current prices, euro per capita;P31_S14_S15;Household and NPISH final consumption expenditure;PT;Portugal;1985;1985;420.0
A;Annual;CP_NAC_HAB;Current prices, units of national currency per capita;P31_S14_S15;Household and NPISH final consumption expenditure;PT;Portugal;1985;1985;390.0
A;Annual;CP_PPS_EU27_2020_HAB;Current prices, purchasing power standard (PPS, EU27 from 2020) per capita;P31_S14_S15;Household and NPISH final consumption expenditure;PT;Portugal;1985;1985;380.0
A;Annual;CLV_I20_HAB;Chain linked volumes, Index 2020=100, per capita;P31_S14_S15;Household and NPISH final consumption expenditure;PT;Portugal;1985;1985;380.0
A;Annual;CLV_I15_HAB;Chain linked volumes, Index 2015=100, per capita;P31_S14_S15;Household and NPISH final consumption expenditure;PT;Portugal;1985;1985;360.0
A;Annual;CLV_I10_HAB;Chain linked volumes, Index 2010=100, per capita;P31_S14_S15;Household and NPISH final consumption expenditure;PT;Portugal;1985;1985;420.0
A;Annual;CLV20_EUR_HAB;Chain linked volumes (2020), euro per capita;P31_S14_S15;Household and NPISH final consumption expenditure;PT;Portugal;1985;1985;520.0
A;Annual;CLV15_EUR_HAB;Chain linked volumes (2015), euro per capita;P31_S14_S15;Household and NPISH final consumption expenditure;PT;Portugal;1985;1985;580.0
A;Annual;CLV10_EUR_HAB;Chain linked volumes (2010), euro per capita;P31_S14_S15;Household and NPISH final consumption expenditure;PT;Portugal;1985;1985;630.0
A;Annual;CLV_PCH_PRE_HAB;Chain linked volumes, percentage change on previous period, per capita;P31_S14_S15;Household and NPISH final consumption expenditure;PT;Portugal;1985;1985;750.0
A;Annual;PC_EU27_2020_HAB_MEUR_CP;Percentage of EU27 (from 2020) total per capita (based on million euro, EU27 from 2020), current prices;P31_S14;Final consumption expenditure of households;PT;Portugal;1985;1985;
A;Annual;PC_EU27_2020_HAB_MPPS_CP;Percentage of EU27 (from 2020) total per capita (based on million purchasing power standards, EU27 from 2020), current prices;P31_S14;Final consumption expenditure of households;PT;Portugal;1985;1985;
A;Annual;CP_EUR_HAB;Current prices, euro per capita;P31_S14;Final consumption expenditure of households;PT;Portugal;1985;1985;
A;Annual;CP_NAC_HAB;Current prices, units of national currency per capita;P31_S14;Final consumption expenditure of households;PT;Portugal;1985;1985;
A;Annual;CP_PPS_EU27_2020_HAB;Current prices, purchasing power standard (PPS, EU27 from 2020) per capita;P31_S14;Final consumption expenditure of households;PT;Portugal;1985;1985;
A;Annual;CLV_I20_HAB;Chain linked volumes, Index 2020=100, per capita;P31_S14;Final consumption expenditure of households;PT;Portugal;1985;1985;
A;Annual;CLV_I15_HAB;Chain linked volumes, Index 2015=100, per capita;P31_S14;Final consumption expenditure of households;PT;Portugal;1985;1985;
A;Annual;CLV_I10_HAB;Chain linked volumes, Index 2010=100, per capita;P31_S14;Final consumption expenditure of households;PT;Portugal;1985;1985;
A;Annual;CLV20_EUR_HAB;Chain linked volumes (2020), euro per capita;P31_S14;Final consumption expenditure of households;PT;Portugal;1985;1985;
A;Annual;CLV15_EUR_HAB;Chain linked volumes (2015), euro per capita;P31_S14;Final consumption expenditure of households;PT;Portugal;1985;1985;
A;Annual;CLV10_EUR_HAB;Chain linked volumes (2010), euro per capita;P31_S14;Final consumption expenditure of households;PT;Portugal;1985;1985;
A;Annual;CLV_PCH_PRE_HAB;Chain linked volumes, percentage change on previous period, per capita;P31_S14;Final consumption expenditure of households;PT;Portugal;1985;1985;
A;Annual;PC_EU27_2020_HAB_MEUR_CP;Percentage of EU27 (from 2020) total per capita (based on million euro, EU27 from 2020), current prices;P31_S15;Final consumption expenditure of NPISH;PT;Portugal;1985;1985;
A;Annual;PC_EU27_2020_HAB_MPPS_CP;Percentage of EU27 (from 2020) total per capita (based on million purchasing power standards, EU27 from 2020), current prices;P31_S15;Final consumption expenditure of NPISH;PT;Portugal;1985;1985;
A;Annual;CP_EUR_HAB;Current prices, euro per capita;P31_S15;Final consumption expenditure of NPISH;PT;Portugal;1985;1985;
A;Annual;CP_NAC_HAB;Current prices, units of national currency per capita;P31_S15;Final consumption expenditure of NPISH;PT;Portugal;1985;1985;
A;Annual;CP_PPS_EU27_2020_HAB;Current prices, purchasing power standard (PPS, EU27 from 2020) per capita;P31_S15;Final consumption expenditure of NPISH;PT;Portugal;1985;1985;
A;Annual;CLV_I20_HAB;Chain linked volumes, Index 2020=100, per capita;P31_S15;Final consumption expenditure of NPISH;PT;Portugal;1985;1985;
A;Annual;CLV_I15_HAB;Chain linked volumes, Index 2015=100, per capita;P31_S15;Final consumption expenditure of NPISH;PT;Portugal;1985;1985;
A;Annual;CLV_I10_HAB;Chain linked volumes, Index 2010=100, per capita;P31_S15;Final consumption expenditure of NPISH;PT;Portugal;1985;1985;
A;Annual;CLV20_EUR_HAB;Chain linked volumes (2020), euro per capita;P31_S15;Final consumption expenditure of NPISH;PT;Portugal;1985;1985;50.0
A;Annual;CLV15_EUR_HAB;Chain linked volumes (2015), euro per capita;P31_S15;Final consumption expenditure of NPISH;PT;Portugal;1985;1985;50.0
A;Annual;CLV10_EUR_HAB;Chain linked volumes (2010), euro per capita;P31_S15;Final consumption expenditure of NPISH;PT;Portugal;1985;1985;40.0
A;Annual;CLV_PCH_PRE_HAB;Chain linked volumes, percentage change on previous period, per capita;P31_S15;Final consumption expenditure of NPISH;PT;Portugal;1985;1985;50.0
A;Annual;PC_EU27_2020_HAB_MEUR_CP;Percentage of EU27 (from 2020) total per capita (based on million euro, EU27 from 2020), current prices;P41;Actual individual consumption;PT;Portugal;1985;1985;60.0
A;Annual;PC_EU27_2020_HAB_MPPS_CP;Percentage of EU27 (from 2020) total per capita (based on million purchasing power standards, EU27 from 2020), current prices;P41;Actual individual consumption;PT;Portugal;1985;1985;60.0
A;Annual;CP_EUR_HAB;Current prices, euro per capita;P41;Actual individual consumption;PT;Portugal;1985;1985;80.0
A;Annual;CP_NAC_HAB;Current prices, units of national currency per capita;P41;Actual individual consumption;PT;Portugal;1985;1985;100.0
A;Annual;CP_PPS_EU27_2020_HAB;Current prices, purchasing power standard (PPS, EU27 from 2020) per capita;P41;Actual individual consumption;PT;Portugal;1985;1985;110.0
A;Annual;CLV_I20_HAB;Chain linked volumes, Index 2020=100, per capita;P41;Actual individual consumption;PT;Portugal;1985;1985;130.0
A;Annual;CLV_I15_HAB;Chain linked volumes, Index 2015=100, per capita;P41;Actual individual consumption;PT;Portugal;1985;1985;140.0
A;Annual;CLV_I10_HAB;Chain linked volumes, Index 2010=100, per capita;P41;Actual individual consumption;PT;Portugal;1985;1985;140.0
A;Annual;CLV20_EUR_HAB;Chain linked volumes (2020), euro per capita;P41;Actual individual consumption;PT;Portugal;1985;1985;150.0
A;Annual;CLV15_EUR_HAB;Chain linked volumes (2015), euro per capita;P41;Actual individual consumption;PT;Portugal;1985;1985;170.0
A;Annual;CLV10_EUR_HAB;Chain linked volumes (2010), euro per capita;P41;Actual individual consumption;PT;Portugal;1985;1985;180.0
A;Annual;CLV_PCH_PRE_HAB;Chain linked volumes, percentage change on previous period, per capita;P41;Actual individual consumption;PT;Portugal;1985;1985;190.0
A;Annual;PC_EU27_2020_HAB_MEUR_CP;Percentage of EU27 (from 2020) total per capita (based on million euro, EU27 from 2020), current prices;B1GQ;Gross domestic product at market prices;PT;Portugal;1986;1986;350.0
A;Annual;PC_EU27_2020_HAB_MPPS_CP;Percentage of EU27 (from 2020) total per capita (based on million purchasing power standards, EU27 from 2020), current prices;B1GQ;Gross domestic product at market prices;PT;Portugal;1986;1986;360.0
A;Annual;CP_EUR_HAB;Current prices, euro per capita;B1GQ;Gross domestic product at market prices;PT;Portugal;1986;1986;370.0
A;Annual;CP_NAC_HAB;Current prices, units of national currency per capita;B1GQ;Gross domestic product at market prices;PT;Portugal;1986;1986;380.0
A;Annual;CP_PPS_EU27_2020_HAB;Current prices, purchasing power standard (PPS, EU27 from 2020) per capita;B1GQ;Gross domestic product at market prices;PT;Portugal;1986;1986;390.0
A;Annual;CLV_I20_HAB;Chain linked volumes, Index 2020=100, per capita;B1GQ;Gross domestic product at market prices;PT;Portugal;1986;1986;400.0
A;Annual;CLV_I15_HAB;Chain linked volumes, Index 2015=100, per capita;B1GQ;Gross domestic product at market prices;PT;Portugal;1986;1986;410.0
A;Annual;CLV_I10_HAB;Chain linked volumes, Index 2010=100, per capita;B1GQ;Gross domestic product at market prices;PT;Portugal;1986;1986;410.0
A;Annual;CLV20_EUR_HAB;Chain linked volumes (2020), euro per capita;B1GQ;Gross domestic product at market prices;PT;Portugal;1986;1986;420.0
A;Annual;CLV15_EUR_HAB;Chain linked volumes (2015), euro per capita;B1GQ;Gross domestic product at market prices;PT;Portugal;1986;1986;430.0
A;Annual;CLV10_EUR_HAB;Chain linked volumes (2010), euro per capita;B1GQ;Gross domestic product at market prices;PT;Portugal;1986;1986;440.0
A;Annual;CLV_PCH_PRE_HAB;Chain linked volumes, percentage change on previous period, per capita;B1GQ;Gross domestic product at market prices;PT;Portugal;1986;1986;450.0
A;Annual;PC_EU27_2020_HAB_MEUR_CP;Percentage of EU27 (from 2020) total per capita (based on million euro, EU27 from 2020), current prices;P3;Final consumption expenditure;PT;Portugal;1986;1986;460.0
A;Annual;PC_EU27_2020_HAB_MPPS_CP;Percentage of EU27 (from 2020) total per capita (based on million purchasing power standards, EU27 from 2020), current prices;P3;Final consumption expenditure;PT;Portugal;1986;1986;470.0
A;Annual;CP_EUR_HAB;Current prices, euro per capita;P3;Final consumption expenditure;PT;Portugal;1986;1986;480.0
A;Annual;CP_NAC_HAB;Current prices, units of national currency per capita;P3;Final consumption expenditure;PT;Portugal;1986;1986;470.0
A;Annual;CP_PPS_EU27_2020_HAB;Current prices, purchasing power standard (PPS, EU27 from 2020) per capita;P3;Final consumption expenditure;PT;Portugal;1986;1986;500.0
A;Annual;CLV_I20_HAB;Chain linked volumes, Index 2020=100, per capita;P3;Final consumption expenditure;PT;Portugal;1986;1986;540.0
A;Annual;CLV_I15_HAB;Chain linked volumes, Index 2015=100, per capita;P3;Final consumption expenditure;PT;Portugal;1986;1986;570.0
A;Annual;CLV_I10_HAB;Chain linked volumes, Index 2010=100, per capita;P3;Final consumption expenditure;PT;Portugal;1986;1986;590.0
A;Annual;CLV20_EUR_HAB;Chain linked volumes (2020), euro per capita;P3;Final consumption expenditure;PT;Portugal;1986;1986;
A;Annual;CLV15_EUR_HAB;Chain linked volumes (2015), euro per capita;P3;Final consumption expenditure;PT;Portugal;1986;1986;
A;Annual;CLV10_EUR_HAB;Chain linked volumes (2010), euro per capita;P3;Final consumption expenditure;PT;Portugal;1986;1986;
A;Annual;CLV_PCH_PRE_HAB;Chain linked volumes, percentage change on previous period, per capita;P3;Final consumption expenditure;PT;Portugal;1986;1986;
A;Annual;PC_EU27_2020_HAB_MEUR_CP;Percentage of EU27 (from 2020) total per capita (based on million euro, EU27 from 2020), current prices;P3_S13;Final consumption expenditure of general government;PT;Portugal;1986;1986;
A;Annual;PC_EU27_2020_HAB_MPPS_CP;Percentage of EU27 (from 2020) total per capita (based on million purchasing power standards, EU27 from 2020), current prices;P3_S13;Final consumption expenditure of general government;PT;Portugal;1986;1986;
A;Annual;CP_EUR_HAB;Current prices, euro per capita;P3_S13;Final consumption expenditure of general government;PT;Portugal;1986;1986;
A;Annual;CP_NAC_HAB;Current prices, units of national currency per capita;P3_S13;Final consumption expenditure of general government;PT;Portugal;1986;1986;
A;Annual;CP_PPS_EU27_2020_HAB;Current prices, purchasing power standard (PPS, EU27 from 2020) per capita;P3_S13;Final consumption expenditure of general government;PT;Portugal;1986;1986;
A;Annual;CLV_I20_HAB;Chain linked volumes, Index 2020=100, per capita;P3_S13;Final consumption expenditure of general government;PT;Portugal;1986;1986;
A;Annual;CLV_I15_HAB;Chain linked volumes, Index 2015=100, per capita;P3_S13;Final consumption expenditure of general government;PT;Portugal;1986;1986;
A;Annual;CLV_I10_HAB;Chain linked volumes, Index 2010=100, per capita;P3_S13;Final consumption expenditure of general government;PT;Portugal;1986;1986;
A;Annual;CLV20_EUR_HAB;Chain linked volumes (2020), euro per capita;P3_S13;Final consumption expenditure of general government;PT;Portugal;1986;1986;
A;Annual;CLV15_EUR_HAB;Chain linked volumes (2015), euro per capita;P3_S13;Final consumption expenditure of general government;PT;Portugal;1986;1986;
A;Annual;CLV10_EUR_HAB;Chain linked volumes (2010), euro per capita;P3_S13;Final consumption expenditure of general government;PT;Portugal;1986;1986;
A;Annual;CLV_PCH_PRE_HAB;Chain linked volumes, percentage change on previous period, per capita;P3_S13;Final consumption expenditure of general government;PT;Portugal;1986;1986;
A;Annual;PC_EU27_2020_HAB_MEUR_CP;Percentage of EU27 (from 2020) total per capita (based on million euro, EU27 from 2020), current prices;P31_S13;Individual consumption expenditure of general government;PT;Portugal;1986;1986;
A;Annual;PC_EU27_2020_HAB_MPPS_CP;Percentage of EU27 (from 2020) total per capita (based on million purchasing power standards, EU27 from 2020), current prices;P31_S13;Individual consumption expenditure of general government;PT;Portugal;1986;1986;
A;Annual;CP_EUR_HAB;Current prices, euro per capita;P31_S13;Individual consumption expenditure of general government;PT;Portugal;1986;1986;
A;Annual;CP_NAC_HAB;Current prices, units of national currency per capita;P31_S13;Individual consumption expenditure of general government;PT;Portugal;1986;1986;
A;Annual;CP_PPS_EU27_2020_HAB;Current prices, purchasing power standard (PPS, EU27 from 2020) per capita;P31_S13;Individual consumption expenditure of general government;PT;Portugal;1986;1986;240.0
A;Annual;CLV_I20_HAB;Chain linked volumes, Index 2020=100, per capita;P31_S13;Individual consumption expenditure of general government;PT;Portugal;1986;1986;240.0
A;Annual;CLV_I15_HAB;Chain linked volumes, Index 2015=100, per capita;P31_S13;Individual consumption expenditure of general government;PT;Portugal;1986;1986;240.0
A;Annual;CLV_I10_HAB;Chain linked volumes, Index 2010=100, per capita;P31_S13;Individual consumption expenditure of general government;PT;Portugal;1986;1986;250.0
A;Annual;CLV20_EUR_HAB;Chain linked volumes (2020), euro per capita;P31_S13;Individual consumption expenditure of general government;PT;Portugal;1986;1986;270.0
A;Annual;CLV15_EUR_HAB;Chain linked volumes (2015), euro per capita;P31_S13;Individual consumption expenditure of general government;PT;Portugal;1986;1986;280.0
A;Annual;CLV10_EUR_HAB;Chain linked volumes (2010), euro per capita;P31_S13;Individual consumption expenditure of general government;PT;Portugal;1986;1986;300.0
A;Annual;CLV_PCH_PRE_HAB;Chain linked volumes, percentage change on previous period, per capita;P31_S13;Individual consumption expenditure of general government;PT;Portugal;1986;1986;310.0
A;Annual;PC_EU27_2020_HAB_MEUR_CP;Percentage of EU27 (from 2020) total per capita (based on million euro, EU27 from 2020), current prices;P32_S13;Collective consumption expenditure of general government;PT;Portugal;1986;1986;320.0
A;Annual;PC_EU27_2020_HAB_MPPS_CP;Percentage of EU27 (from 2020) total per capita (based on million purchasing power standards, EU27 from 2020), current prices;P32_S13;Collective consumption expenditure of general government;PT;Portugal;1986;1986;330.0
A;Annual;CP_EUR_HAB;Current prices, euro per capita;P32_S13;Collective consumption expenditure of general government;PT;Portugal;1986;1986;330.0
A;Annual;CP_NAC_HAB;Current prices, units of national currency per capita;P32_S13;Collective consumption expenditure of general government;PT;Portugal;1986;1986;340.0
A;Annual;CP_PPS_EU27_2020_HAB;Current prices, purchasing power standard (PPS, EU27 from 2020) per capita;P32_S13;Collective consumption expenditure of general government;PT;Portugal;1986;1986;360.0
A;Annual;CLV_I20_HAB;Chain linked volumes, Index 2020=100, per capita;P32_S13;Collective consumption expenditure of general government;PT;Portugal;1986;1986;370.0
A;Annual;CLV_I15_HAB;Chain linked volumes, Index 2015=100, per capita;P32_S13;Collective consumption expenditure of general government;PT;Portugal;1986;1986;380.0
A;Annual;CLV_I10_HAB;Chain linked volumes, Index 2010=100, per capita;P32_S13;Collective consumption expenditure of general government;PT;Portugal;1986;1986;390.0
A;Annual;CLV20_EUR_HAB;Chain linked volumes (2020), euro per capita;P32_S13;Collective consumption expenditure of general government;PT;Portugal;1986;1986;400.0
A;Annual;CLV15_EUR_HAB;Chain linked volumes (2015), euro per capita;P32_S13;Collective consumption expenditure of general government;PT;Portugal;1986;1986;400.0
A;Annual;CLV10_EUR_HAB;Chain linked volumes (2010), euro per capita;P32_S13;Collective consumption expenditure of general government;PT;Portugal;1986;1986;410.0
A;Annual;CLV_PCH_PRE_HAB;Chain linked volumes, percentage change on previous period, per capita;P32_S13;Collective consumption expenditure of general government;PT;Portugal;1986;1986;420.0
A;Annual;PC_EU27_2020_HAB_MEUR_CP;Percentage of EU27 (from 2020) total per capita (based on million euro, EU27 from 2020), current prices;P31_S14_S15;Household and NPISH final consumption expenditure;PT;Portugal;1986;1986;430.0
A;Annual;PC_EU27_2020_HAB_MPPS_CP;Percentage of EU27 (from 2020) total per capita (based on million purchasing power standards, EU27 from 2020), current prices;P31_S14_S15;Household and NPISH final consumption expenditure;PT;Portugal;1986;1986;440.0
A;Annual;CP_EUR_HAB;Current prices, euro per capita;P31_S14_S15;Household and NPISH final consumption expenditure;PT;Portugal;1986;1986;460.0
A;Annual;CP_NAC_HAB;Current prices, units of national currency per capita;P31_S14_S15;Household and NPISH final consumption expenditure;PT;Portugal;1986;1986;460.0
A;Annual;CP_PPS_EU27_2020_HAB;Current prices, purchasing power standard (PPS, EU27 from 2020) per capita;P31_S14_S15;Household and NPISH final consumption expenditure;PT;Portugal;1986;1986;480.0
A;Annual;CLV_I20_HAB;Chain linked volumes, Index 2020=100, per capita;P31_S14_S15;Household and NPISH final consumption expenditure;PT;Portugal;1986;1986;470.0
A;Annual;CLV_I15_HAB;Chain linked volumes, Index 2015=100, per capita;P31_S14_S15;Household and NPISH final consumption expenditure;PT;Portugal;1986;1986;500.0
A;Annual;CLV_I10_HAB;Chain linked volumes, Index 2010=100, per capita;P31_S14_S15;Household and NPISH final consumption expenditure;PT;Portugal;1986;1986;540.0
A;Annual;CLV20_EUR_HAB;Chain linked volumes (2020), euro per capita;P31_S14_S15;Household and NPISH final consumption expenditure;PT;Portugal;1986;1986;570.0
A;Annual;CLV15_EUR_HAB;Chain linked volumes (2015), euro per capita;P31_S14_S15;Household and NPISH final consumption expenditure;PT;Portugal;1986;1986;590.0
A;Annual;CLV10_EUR_HAB;Chain linked volumes (2010), euro per capita;P31_S14_S15;Household and NPISH final consumption expenditure;PT;Portugal;1986;1986;
A;Annual;CLV_PCH_PRE_HAB;Chain linked volumes, percentage change on previous period, per capita;P31_S14_S15;Household and NPISH final consumption expenditure;PT;Portugal;1986;1986;
A;Annual;PC_EU27_2020_HAB_MEUR_CP;Percentage of EU27 (from 2020) total per capita (based on million euro, EU27 from 2020), current prices;P31_S14;Final consumption expenditure of households;PT;Portugal;1986;1986;
A;Annual;PC_EU27_2020_HAB_MPPS_CP;Percentage of EU27 (from 2020) total per capita (based on million purchasing power standards, EU27 from 2020), current prices;P31_S14;Final consumption expenditure of households;PT;Portugal;1986;1986;
A;Annual;CP_EUR_HAB;Current prices, euro per capita;P31_S14;Final consumption expenditure of households;PT;Portugal;1986;1986;
A;Annual;CP_NAC_HAB;Current prices, units of national currency per capita;P31_S14;Final consumption expenditure of households;PT;Portugal;1986;1986;
A;Annual;CP_PPS_EU27_2020_HAB;Current prices, purchasing power standard (PPS, EU27 from 2020) per capita;P31_S14;Final consumption expenditure of households;PT;Portugal;1986;1986;
A;Annual;CLV_I20_HAB;Chain linked volumes, Index 2020=100, per capita;P31_S14;Final consumption expenditure of households;PT;Portugal;1986;1986;
A;Annual;CLV_I15_HAB;Chain linked volumes, Index 2015=100, per capita;P31_S14;Final consumption expenditure of households;PT;Portugal;1986;1986;
A;Annual;CLV_I10_HAB;Chain linked volumes, Index 2010=100, per capita;P31_S14;Final consumption expenditure of households;PT;Portugal;1986;1986;
A;Annual;CLV20_EUR_HAB;Chain linked volumes (2020), euro per capita;P31_S14;Final consumption expenditure of households;PT;Portugal;1986;1986;
A;Annual;CLV15_EUR_HAB;Chain linked volumes (2015), euro per capita;P31_S14;Final consumption expenditure of households;PT;Portugal;1986;1986;
A;Annual;CLV10_EUR_HAB;Chain linked volumes (2010), euro per capita;P31_S14;Final consumption expenditure of households;PT;Portugal;1986;1986;
A;Annual;CLV_PCH_PRE_HAB;Chain linked volumes, percentage change on previous period, per capita;P31_S14;Final consumption expenditure of households;PT;Portugal;1986;1986;
A;Annual;PC_EU27_2020_HAB_MEUR_CP;Percentage of EU27 (from 2020) total per capita (based on million euro, EU27 from 2020), current prices;P31_S15;Final consumption expenditure of NPISH;PT;Portugal;1986;1986;
A;Annual;PC_EU27_2020_HAB_MPPS_CP;Percentage of EU27 (from 2020) total per capita (based on million purchasing power standards, EU27 from 2020), current prices;P31_S15;Final consumption expenditure of NPISH;PT;Portugal;1986;1986;
A;Annual;CP_EUR_HAB;Current prices, euro per capita;P31_S15;Final consumption expenditure of NPISH;PT;Portugal;1986;1986;
A;Annual;CP_NAC_HAB;Current prices, units of national currency per capita;P31_S15;Final consumption expenditure of NPISH;PT;Portugal;1986;1986;
A;Annual;CP_PPS_EU27_2020_HAB;Current prices, purchasing power standard (PPS, EU27 from 2020) per capita;P31_S15;Final consumption expenditure of NPISH;PT;Portugal;1986;1986;
A;Annual;CLV_I20_HAB;Chain linked volumes, Index 2020=100, per capita;P31_S15;Final consumption expenditure of NPISH;PT;Portugal;1986;1986;
A;Annual;CLV_I15_HAB;Chain linked volumes, Index 2015=100, per capita;P31_S15;Final consumption expenditure of NPISH;PT;Portugal;1986;1986;240.0
A;Annual;CLV_I10_HAB;Chain linked volumes, Index 2010=100, per capita;P31_S15;Final consumption expenditure of NPISH;PT;Portugal;1986;1986;240.0
A;Annual;CLV20_EUR_HAB;Chain linked volumes (2020), euro per capita;P31_S15;Final consumption expenditure of NPISH;PT;Portugal;1986;1986;240.0
A;Annual;CLV15_EUR_HAB;Chain linked volumes (2015), euro per capita;P31_S15;Final consumption expenditure of NPISH;PT;Portugal;1986;1986;250.0
A;Annual;CLV10_EUR_HAB;Chain linked volumes (2010), euro per capita;P31_S15;Final consumption expenditure of NPISH;PT;Portugal;1986;1986;270.0
A;Annual;CLV_PCH_PRE_HAB;Chain linked volumes, percentage change on previous period, per capita;P31_S15;Final consumption expenditure of NPISH;PT;Portugal;1986;1986;290.0
A;Annual;PC_EU27_2020_HAB_MEUR_CP;Percentage of EU27 (from 2020) total per capita (based on million euro, EU27 from 2020), current prices;P41;Actual individual consumption;PT;Portugal;1986;1986;300.0
A;Annual;PC_EU27_2020_HAB_MPPS_CP;Percentage of EU27 (from 2020) total per capita (based on million purchasing power standards, EU27 from 2020), current prices;P41;Actual individual consumption;PT;Portugal;1986;1986;310.0
A;Annual;CP_EUR_HAB;Current prices, euro per capita;P41;Actual individual consumption;PT;Portugal;1986;1986;320.0
A;Annual;CP_NAC_HAB;Current prices, units of national currency per capita;P41;Actual individual consumption;PT;Portugal;1986;1986;330.0
A;Annual;CP_PPS_EU27_2020_HAB;Current prices, purchasing power standard (PPS, EU27 from 2020) per capita;P41;Actual individual consumption;PT;Portugal;1986;1986;330.0
A;Annual;CLV_I20_HAB;Chain linked volumes, Index 2020=100, per capita;P41;Actual individual consumption;PT;Portugal;1986;1986;350.0
A;Annual;CLV_I15_HAB;Chain linked volumes, Index 2015=100, per capita;P41;Actual individual consumption;PT;Portugal;1986;1986;360.0
A;Annual;CLV_I10_HAB;Chain linked volumes, Index 2010=100, per capita;P41;Actual individual consumption;PT;Portugal;1986;1986;370.0
A;Annual;CLV20_EUR_HAB;Chain linked volumes (2020), euro per capita;P41;Actual individual consumption;PT;Portugal;1986;1986;380.0
A;Annual;CLV15_EUR_HAB;Chain linked volumes (2015), euro per capita;P41;Actual individual consumption;PT;Portugal;1986;1986;390.0
A;Annual;CLV10_EUR_HAB;Chain linked volumes (2010), euro per capita;P41;Actual individual consumption;PT;Portugal;1986;1986;400.0
A;Annual;CLV_PCH_PRE_HAB;Chain linked volumes, percentage change on previous period, per capita;P41;Actual individual consumption;PT;Portugal;1986;1986;410.0
A;Annual;PC_EU27_2020_HAB_MEUR_CP;Percentage of EU27 (from 2020) total per capita (based on million euro, EU27 from 2020), current prices;B1GQ;Gross domestic product at market prices;PT;Portugal;1987;1987;319230.0
A;Annual;PC_EU27_2020_HAB_MPPS_CP;Percentage of EU27 (from 2020) total per capita (based on million purchasing power standards, EU27 from 2020), current prices;B1GQ;Gross domestic product at market prices;PT;Portugal;1987;1987;329480.0
A;Annual;CP_EUR_HAB;Current prices, euro per capita;B1GQ;Gross domestic product at market prices;PT;Portugal;1987;1987;313170.0
A;Annual;CP_NAC_HAB;Current prices, units of national currency per capita;B1GQ;Gross domestic product at market prices;PT;Portugal;1987;1987;326800.0
A;Annual;CP_PPS_EU27_2020_HAB;Current prices, purchasing power standard (PPS, EU27 from 2020) per capita;B1GQ;Gross domestic product at market prices;PT;Portugal;1987;1987;331860.0
A;Annual;CLV_I20_HAB;Chain linked volumes, Index 2020=100, per capita;B1GQ;Gross domestic product at market prices;PT;Portugal;1987;1987;338580.0
A;Annual;CLV_I15_HAB;Chain linked volumes, Index 2015=100, per capita;B1GQ;Gross domestic product at market prices;PT;Portugal;1987;1987;344820.0
A;Annual;CLV_I10_HAB;Chain linked volumes, Index 2010=100, per capita;B1GQ;Gross domestic product at market prices;PT;Portugal;1987;1987;350900.0
A;Annual;CLV20_EUR_HAB;Chain linked volumes (2020), euro per capita;B1GQ;Gross domestic product at market prices;PT;Portugal;1987;1987;357280.0
A;Annual;CLV15_EUR_HAB;Chain linked volumes (2015), euro per capita;B1GQ;Gross domestic product at market prices;PT;Portugal;1987;1987;366840.0
A;Annual;CLV10_EUR_HAB;Chain linked volumes (2010), euro per capita;B1GQ;Gross domestic product at market prices;PT;Portugal;1987;1987;379800.0
A;Annual;CLV_PCH_PRE_HAB;Chain linked volumes, percentage change on previous period, per capita;B1GQ;Gross domestic product at market prices;PT;Portugal;1987;1987;387230.0
A;Annual;PC_EU27_2020_HAB_MEUR_CP;Percentage of EU27 (from 2020) total per capita (based on million euro, EU27 from 2020), current prices;P3;Final consumption expenditure;PT;Portugal;1987;1987;396020.0
A;Annual;PC_EU27_2020_HAB_MPPS_CP;Percentage of EU27 (from 2020) total per capita (based on million purchasing power standards, EU27 from 2020), current prices;P3;Final consumption expenditure;PT;Portugal;1987;1987;399090.0
A;Annual;CP_EUR_HAB;Current prices, euro per capita;P3;Final consumption expenditure;PT;Portugal;1987;1987;436130.0
A;Annual;CP_NAC_HAB;Current prices, units of national currency per capita;P3;Final consumption expenditure;PT;Portugal;1987;1987;479360.0
A;Annual;CP_PPS_EU27_2020_HAB;Current prices, purchasing power standard (PPS, EU27 from 2020) per capita;P3;Final consumption expenditure;PT;Portugal;1987;1987;468720.0
A;Annual;CLV_I20_HAB;Chain linked volumes, Index 2020=100, per capita;P3;Final consumption expenditure;PT;Portugal;1987;1987;489710.0
A;Annual;CLV_I15_HAB;Chain linked volumes, Index 2015=100, per capita;P3;Final consumption expenditure;PT;Portugal;1987;1987;
A;Annual;CLV_I10_HAB;Chain linked volumes, Index 2010=100, per capita;P3;Final consumption expenditure;PT;Portugal;1987;1987;
A;Annual;CLV20_EUR_HAB;Chain linked volumes (2020), euro per capita;P3;Final consumption expenditure;PT;Portugal;1987;1987;
A;Annual;CLV15_EUR_HAB;Chain linked volumes (2015), euro per capita;P3;Final consumption expenditure;PT;Portugal;1987;1987;
A;Annual;CLV10_EUR_HAB;Chain linked volumes (2010), euro per capita;P3;Final consumption expenditure;PT;Portugal;1987;1987;
A;Annual;CLV_PCH_PRE_HAB;Chain linked volumes, percentage change on previous period, per capita;P3;Final consumption expenditure;PT;Portugal;1987;1987;
A;Annual;PC_EU27_2020_HAB_MEUR_CP;Percentage of EU27 (from 2020) total per capita (based on million euro, EU27 from 2020), current prices;P3_S13;Final consumption expenditure of general government;PT;Portugal;1987;1987;
A;Annual;PC_EU27_2020_HAB_MPPS_CP;Percentage of EU27 (from 2020) total per capita (based on million purchasing power standards, EU27 from 2020), current prices;P3_S13;Final consumption expenditure of general government;PT;Portugal;1987;1987;
A;Annual;CP_EUR_HAB;Current prices, euro per capita;P3_S13;Final consumption expenditure of general government;PT;Portugal;1987;1987;
A;Annual;CP_NAC_HAB;Current prices, units of national currency per capita;P3_S13;Final consumption expenditure of general government;PT;Portugal;1987;1987;
A;Annual;CP_PPS_EU27_2020_HAB;Current prices, purchasing power standard (PPS, EU27 from 2020) per capita;P3_S13;Final consumption expenditure of general government;PT;Portugal;1987;1987;
A;Annual;CLV_I20_HAB;Chain linked volumes, Index 2020=100, per capita;P3_S13;Final consumption expenditure of general government;PT;Portugal;1987;1987;
A;Annual;CLV_I15_HAB;Chain linked volumes, Index 2015=100, per capita;P3_S13;Final consumption expenditure of general government;PT;Portugal;1987;1987;
A;Annual;CLV_I10_HAB;Chain linked volumes, Index 2010=100, per capita;P3_S13;Final consumption expenditure of general government;PT;Portugal;1987;1987;
A;Annual;CLV20_EUR_HAB;Chain linked volumes (2020), euro per capita;P3_S13;Final consumption expenditure of general government;PT;Portugal;1987;1987;
A;Annual;CLV15_EUR_HAB;Chain linked volumes (2015), euro per capita;P3_S13;Final consumption expenditure of general government;PT;Portugal;1987;1987;
A;Annual;CLV10_EUR_HAB;Chain linked volumes (2010), euro per capita;P3_S13;Final consumption expenditure of general government;PT;Portugal;1987;1987;19900.0
A;Annual;CLV_PCH_PRE_HAB;Chain linked volumes, percentage change on previous period, per capita;P3_S13;Final consumption expenditure of general government;PT;Portugal;1987;1987;21240.0
A;Annual;PC_EU27_2020_HAB_MEUR_CP;Percentage of EU27 (from 2020) total per capita (based on million euro, EU27 from 2020), current prices;P31_S13;Individual consumption expenditure of general government;PT;Portugal;1987;1987;21710.0
A;Annual;PC_EU27_2020_HAB_MPPS_CP;Percentage of EU27 (from 2020) total per capita (based on million purchasing power standards, EU27 from 2020), current prices;P31_S13;Individual consumption expenditure of general government;PT;Portugal;1987;1987;22650.0
A;Annual;CP_EUR_HAB;Current prices, euro per capita;P31_S13;Individual consumption expenditure of general government;PT;Portugal;1987;1987;23370.0
A;Annual;CP_NAC_HAB;Current prices, units of national currency per capita;P31_S13;Individual consumption expenditure of general government;PT;Portugal;1987;1987;23670.0
A;Annual;CP_PPS_EU27_2020_HAB;Current prices, purchasing power standard (PPS, EU27 from 2020) per capita;P31_S13;Individual consumption expenditure of general government;PT;Portugal;1987;1987;24130.0
A;Annual;CLV_I20_HAB;Chain linked volumes, Index 2020=100, per capita;P31_S13;Individual consumption expenditure of general government;PT;Portugal;1987;1987;24830.0
A;Annual;CLV_I15_HAB;Chain linked volumes, Index 2015=100, per capita;P31_S13;Individual consumption expenditure of general government;PT;Portugal;1987;1987;25510.0
A;Annual;CLV_I10_HAB;Chain linked volumes, Index 2010=100, per capita;P31_S13;Individual consumption expenditure of general government;PT;Portugal;1987;1987;26140.0
A;Annual;CLV20_EUR_HAB;Chain linked volumes (2020), euro per capita;P31_S13;Individual consumption expenditure of general government;PT;Portugal;1987;1987;26930.0
A;Annual;CLV15_EUR_HAB;Chain linked volumes (2015), euro per capita;P31_S13;Individual consumption expenditure of general government;PT;Portugal;1987;1987;27250.0
A;Annual;CLV10_EUR_HAB;Chain linked volumes (2010), euro per capita;P31_S13;Individual consumption expenditure of general government;PT;Portugal;1987;1987;27480.0
A;Annual;CLV_PCH_PRE_HAB;Chain linked volumes, percentage change on previous period, per capita;P31_S13;Individual consumption expenditure of general government;PT;Portugal;1987;1987;28150.0
A;Annual;PC_EU27_2020_HAB_MEUR_CP;Percentage of EU27 (from 2020) total per capita (based on million euro, EU27 from 2020), current prices;P32_S13;Collective consumption expenditure of general government;PT;Portugal;1987;1987;28590.0
A;Annual;PC_EU27_2020_HAB_MPPS_CP;Percentage of EU27 (from 2020) total per capita (based on million purchasing power standards, EU27 from 2020), current prices;P32_S13;Collective consumption expenditure of general government;PT;Portugal;1987;1987;29890.0
A;Annual;CP_EUR_HAB;Current prices, euro per capita;P32_S13;Collective consumption expenditure of general government;PT;Portugal;1987;1987;31390.0
A;Annual;CP_NAC_HAB;Current prices, units of national currency per capita;P32_S13;Collective consumption expenditure of general government;PT;Portugal;1987;1987;32060.0
A;Annual;CP_PPS_EU27_2020_HAB;Current prices, purchasing power standard (PPS, EU27 from 2020) per capita;P32_S13;Collective consumption expenditure of general government;PT;Portugal;1987;1987;30990.0
A;Annual;CLV_I20_HAB;Chain linked volumes, Index 2020=100, per capita;P32_S13;Collective consumption expenditure of general government;PT;Portugal;1987;1987;32580.0
A;Annual;CLV_I15_HAB;Chain linked volumes, Index 2015=100, per capita;P32_S13;Collective consumption expenditure of general government;PT;Portugal;1987;1987;34220.0
A;Annual;CLV_I10_HAB;Chain linked volumes, Index 2010=100, per capita;P32_S13;Collective consumption expenditure of general government;PT;Portugal;1987;1987;34820.0
A;Annual;CLV20_EUR_HAB;Chain linked volumes (2020), euro per capita;P32_S13;Collective consumption expenditure of general government;PT;Portugal;1987;1987;35600.0
A;Annual;CLV15_EUR_HAB;Chain linked volumes (2015), euro per capita;P32_S13;Collective consumption expenditure of general government;PT;Portugal;1987;1987;36960.0
A;Annual;CLV10_EUR_HAB;Chain linked volumes (2010), euro per capita;P32_S13;Collective consumption expenditure of general government;PT;Portugal;1987;1987;37950.0
A;Annual;CLV_PCH_PRE_HAB;Chain linked volumes, percentage change on previous period, per capita;P32_S13;Collective consumption expenditure of general government;PT;Portugal;1987;1987;39030.0
A;Annual;PC_EU27_2020_HAB_MEUR_CP;Percentage of EU27 (from 2020) total per capita (based on million euro, EU27 from 2020), current prices;P31_S14_S15;Household and NPISH final consumption expenditure;PT;Portugal;1987;1987;40630.0
A;Annual;PC_EU27_2020_HAB_MPPS_CP;Percentage of EU27 (from 2020) total per capita (based on million purchasing power standards, EU27 from 2020), current prices;P31_S14_S15;Household and NPISH final consumption expenditure;PT;Portugal;1987;1987;41800.0
A;Annual;CP_EUR_HAB;Current prices, euro per capita;P31_S14_S15;Household and NPISH final consumption expenditure;PT;Portugal;1987;1987;43030.0
A;Annual;CP_NAC_HAB;Current prices, units of national currency per capita;P31_S14_S15;Household and NPISH final consumption expenditure;PT;Portugal;1987;1987;42020.0
A;Annual;CP_PPS_EU27_2020_HAB;Current prices, purchasing power standard (PPS, EU27 from 2020) per capita;P31_S14_S15;Household and NPISH final consumption expenditure;PT;Portugal;1987;1987;44910.0
A;Annual;CLV_I20_HAB;Chain linked volumes, Index 2020=100, per capita;P31_S14_S15;Household and NPISH final consumption expenditure;PT;Portugal;1987;1987;48340.0
A;Annual;CLV_I15_HAB;Chain linked volumes, Index 2015=100, per capita;P31_S14_S15;Household and NPISH final consumption expenditure;PT;Portugal;1987;1987;50660.0
A;Annual;CLV_I10_HAB;Chain linked volumes, Index 2010=100, per capita;P31_S14_S15;Household and NPISH final consumption expenditure;PT;Portugal;1987;1987;51830.0
A;Annual;CLV20_EUR_HAB;Chain linked volumes (2020), euro per capita;P31_S14_S15;Household and NPISH final consumption expenditure;PT;Portugal;1987;1987;
A;Annual;CLV15_EUR_HAB;Chain linked volumes (2015), euro per capita;P31_S14_S15;Household and NPISH final consumption expenditure;PT;Portugal;1987;1987;
A;Annual;CLV10_EUR_HAB;Chain linked volumes (2010), euro per capita;P31_S14_S15;Household and NPISH final consumption expenditure;PT;Portugal;1987;1987;
A;Annual;CLV_PCH_PRE_HAB;Chain linked volumes, percentage change on previous period, per capita;P31_S14_S15;Household and NPISH final consumption expenditure;PT;Portugal;1987;1987;
A;Annual;PC_EU27_2020_HAB_MEUR_CP;Percentage of EU27 (from 2020) total per capita (based on million euro, EU27 from 2020), current prices;P31_S14;Final consumption expenditure of households;PT;Portugal;1987;1987;
A;Annual;PC_EU27_2020_HAB_MPPS_CP;Percentage of EU27 (from 2020) total per capita (based on million purchasing power standards, EU27 from 2020), current prices;P31_S14;Final consumption expenditure of households;PT;Portugal;1987;1987;
A;Annual;CP_EUR_HAB;Current prices, euro per capita;P31_S14;Final consumption expenditure of households;PT;Portugal;1987;1987;
A;Annual;CP_NAC_HAB;Current prices, units of national currency per capita;P31_S14;Final consumption expenditure of households;PT;Portugal;1987;1987;
A;Annual;CP_PPS_EU27_2020_HAB;Current prices, purchasing power standard (PPS, EU27 from 2020) per capita;P31_S14;Final consumption expenditure of households;PT;Portugal;1987;1987;
A;Annual;CLV_I20_HAB;Chain linked volumes, Index 2020=100, per capita;P31_S14;Final consumption expenditure of households;PT;Portugal;1987;1987;
A;Annual;CLV_I15_HAB;Chain linked volumes, Index 2015=100, per capita;P31_S14;Final consumption expenditure of households;PT;Portugal;1987;1987;
A;Annual;CLV_I10_HAB;Chain linked volumes, Index 2010=100, per capita;P31_S14;Final consumption expenditure of households;PT;Portugal;1987;1987;
A;Annual;CLV20_EUR_HAB;Chain linked volumes (2020), euro per capita;P31_S14;Final consumption expenditure of households;PT;Portugal;1987;1987;
A;Annual;CLV15_EUR_HAB;Chain linked volumes (2015), euro per capita;P31_S14;Final consumption expenditure of households;PT;Portugal;1987;1987;
A;Annual;CLV10_EUR_HAB;Chain linked volumes (2010), euro per capita;P31_S14;Final consumption expenditure of households;PT;Portugal;1987;1987;
A;Annual;CLV_PCH_PRE_HAB;Chain linked volumes, percentage change on previous period, per capita;P31_S14;Final consumption expenditure of households;PT;Portugal;1987;1987;
A;Annual;PC_EU27_2020_HAB_MEUR_CP;Percentage of EU27 (from 2020) total per capita (based on million euro, EU27 from 2020), current prices;P31_S15;Final consumption expenditure of NPISH;PT;Portugal;1987;1987;
A;Annual;PC_EU27_2020_HAB_MPPS_CP;Percentage of EU27 (from 2020) total per capita (based on million purchasing power standards, EU27 from 2020), current prices;P31_S15;Final consumption expenditure of NPISH;PT;Portugal;1987;1987;
A;Annual;CP_EUR_HAB;Current prices, euro per capita;P31_S15;Final consumption expenditure of NPISH;PT;Portugal;1987;1987;
A;Annual;CP_NAC_HAB;Current prices, units of national currency per capita;P31_S15;Final consumption expenditure of NPISH;PT;Portugal;1987;1987;
A;Annual;CP_PPS_EU27_2020_HAB;Current prices, purchasing power standard (PPS, EU27 from 2020) per capita;P31_S15;Final consumption expenditure of NPISH;PT;Portugal;1987;1987;1980.0
A;Annual;CLV_I20_HAB;Chain linked volumes, Index 2020=100, per capita;P31_S15;Final consumption expenditure of NPISH;PT;Portugal;1987;1987;2580.0
A;Annual;CLV_I15_HAB;Chain linked volumes, Index 2015=100, per capita;P31_S15;Final consumption expenditure of NPISH;PT;Portugal;1987;1987;3250.0
A;Annual;CLV_I10_HAB;Chain linked volumes, Index 2010=100, per capita;P31_S15;Final consumption expenditure of NPISH;PT;Portugal;1987;1987;3660.0
A;Annual;CLV20_EUR_HAB;Chain linked volumes (2020), euro per capita;P31_S15;Final consumption expenditure of NPISH;PT;Portugal;1987;1987;3920.0
A;Annual;CLV15_EUR_HAB;Chain linked volumes (2015), euro per capita;P31_S15;Final consumption expenditure of NPISH;PT;Portugal;1987;1987;4400.0
A;Annual;CLV10_EUR_HAB;Chain linked volumes (2010), euro per capita;P31_S15;Final consumption expenditure of NPISH;PT;Portugal;1987;1987;5010.0
A;Annual;CLV_PCH_PRE_HAB;Chain linked volumes, percentage change on previous period, per capita;P31_S15;Final consumption expenditure of NPISH;PT;Portugal;1987;1987;5660.0
A;Annual;PC_EU27_2020_HAB_MEUR_CP;Percentage of EU27 (from 2020) total per capita (based on million euro, EU27 from 2020), current prices;P41;Actual individual consumption;PT;Portugal;1987;1987;6360.0
A;Annual;PC_EU27_2020_HAB_MPPS_CP;Percentage of EU27 (from 2020) total per capita (based on million purchasing power standards, EU27 from 2020), current prices;P41;Actual individual consumption;PT;Portugal;1987;1987;7160.0
A;Annual;CP_EUR_HAB;Current prices, euro per capita;P41;Actual individual consumption;PT;Portugal;1987;1987;8350.0
A;Annual;CP_NAC_HAB;Current prices, units of national currency per capita;P41;Actual individual consumption;PT;Portugal;1987;1987;10050.0
A;Annual;CP_PPS_EU27_2020_HAB;Current prices, purchasing power standard (PPS, EU27 from 2020) per capita;P41;Actual individual consumption;PT;Portugal;1987;1987;12210.0
A;Annual;CLV_I20_HAB;Chain linked volumes, Index 2020=100, per capita;P41;Actual individual consumption;PT;Portugal;1987;1987;12420.0
A;Annual;CLV_I15_HAB;Chain linked volumes, Index 2015=100, per capita;P41;Actual individual consumption;PT;Portugal;1987;1987;10580.0
A;Annual;CLV_I10_HAB;Chain linked volumes, Index 2010=100, per capita;P41;Actual individual consumption;PT;Portugal;1987;1987;11060.0
A;Annual;CLV20_EUR_HAB;Chain linked volumes (2020), euro per capita;P41;Actual individual consumption;PT;Portugal;1987;1987;12590.0
A;Annual;CLV15_EUR_HAB;Chain linked volumes (2015), euro per capita;P41;Actual individual consumption;PT;Portugal;1987;1987;13650.0
A;Annual;CLV10_EUR_HAB;Chain linked volumes (2010), euro per capita;P41;Actual individual consumption;PT;Portugal;1987;1987;14520.0
A;Annual;CLV_PCH_PRE_HAB;Chain linked volumes, percentage change on previous period, per capita;P41;Actual individual consumption;PT;Portugal;1987;1987;15480.0
A;Annual;PC_EU27_2020_HAB_MEUR_CP;Percentage of EU27 (from 2020) total per capita (based on million euro, EU27 from 2020), current prices;B1GQ;Gross domestic product at market prices;PT;Portugal;1988;1988;2320.0
A;Annual;PC_EU27_2020_HAB_MPPS_CP;Percentage of EU27 (from 2020) total per capita (based on million purchasing power standards, EU27 from 2020), current prices;B1GQ;Gross domestic product at market prices;PT;Portugal;1988;1988;2310.0
A;Annual;CP_EUR_HAB;Current prices, euro per capita;B1GQ;Gross domestic product at market prices;PT;Portugal;1988;1988;2400.0
A;Annual;CP_NAC_HAB;Current prices, units of national currency per capita;B1GQ;Gross domestic product at market prices;PT;Portugal;1988;1988;2390.0
A;Annual;CP_PPS_EU27_2020_HAB;Current prices, purchasing power standard (PPS, EU27 from 2020) per capita;B1GQ;Gross domestic product at market prices;PT;Portugal;1988;1988;2410.0
A;Annual;CLV_I20_HAB;Chain linked volumes, Index 2020=100, per capita;B1GQ;Gross domestic product at market prices;PT;Portugal;1988;1988;2470.0
A;Annual;CLV_I15_HAB;Chain linked volumes, Index 2015=100, per capita;B1GQ;Gross domestic product at market prices;PT;Portugal;1988;1988;2490.0
A;Annual;CLV_I10_HAB;Chain linked volumes, Index 2010=100, per capita;B1GQ;Gross domestic product at market prices;PT;Portugal;1988;1988;2550.0
A;Annual;CLV20_EUR_HAB;Chain linked volumes (2020), euro per capita;B1GQ;Gross domestic product at market prices;PT;Portugal;1988;1988;2680.0
A;Annual;CLV15_EUR_HAB;Chain linked volumes (2015), euro per capita;B1GQ;Gross domestic product at market prices;PT;Portugal;1988;1988;2840.0
A;Annual;CLV10_EUR_HAB;Chain linked volumes (2010), euro per capita;B1GQ;Gross domestic product at market prices;PT;Portugal;1988;1988;3020.0
A;Annual;CLV_PCH_PRE_HAB;Chain linked volumes, percentage change on previous period, per capita;B1GQ;Gross domestic product at market prices;PT;Portugal;1988;1988;3230.0
A;Annual;PC_EU27_2020_HAB_MEUR_CP;Percentage of EU27 (from 2020) total per capita (based on million euro, EU27 from 2020), current prices;P3;Final consumption expenditure;PT;Portugal;1988;1988;3480.0
A;Annual;PC_EU27_2020_HAB_MPPS_CP;Percentage of EU27 (from 2020) total per capita (based on million purchasing power standards, EU27 from 2020), current prices;P3;Final consumption expenditure;PT;Portugal;1988;1988;3700.0
A;Annual;CP_EUR_HAB;Current prices, euro per capita;P3;Final consumption expenditure;PT;Portugal;1988;1988;4290.0
A;Annual;CP_NAC_HAB;Current prices, units of national currency per capita;P3;Final consumption expenditure;PT;Portugal;1988;1988;5120.0
A;Annual;CP_PPS_EU27_2020_HAB;Current prices, purchasing power standard (PPS, EU27 from 2020) per capita;P3;Final consumption expenditure;PT;Portugal;1988;1988;
A;Annual;CLV_I20_HAB;Chain linked volumes, Index 2020=100, per capita;P3;Final consumption expenditure;PT;Portugal;1988;1988;
A;Annual;CLV_I15_HAB;Chain linked volumes, Index 2015=100, per capita;P3;Final consumption expenditure;PT;Portugal;1988;1988;
A;Annual;CLV_I10_HAB;Chain linked volumes, Index 2010=100, per capita;P3;Final consumption expenditure;PT;Portugal;1988;1988;
A;Annual;CLV20_EUR_HAB;Chain linked volumes (2020), euro per capita;P3;Final consumption expenditure;PT;Portugal;1988;1988;
A;Annual;CLV15_EUR_HAB;Chain linked volumes (2015), euro per capita;P3;Final consumption expenditure;PT;Portugal;1988;1988;
A;Annual;CLV10_EUR_HAB;Chain linked volumes (2010), euro per capita;P3;Final consumption expenditure;PT;Portugal;1988;1988;
A;Annual;CLV_PCH_PRE_HAB;Chain linked volumes, percentage change on previous period, per capita;P3;Final consumption expenditure;PT;Portugal;1988;1988;
A;Annual;PC_EU27_2020_HAB_MEUR_CP;Percentage of EU27 (from 2020) total per capita (based on million euro, EU27 from 2020), current prices;P3_S13;Final consumption expenditure of general government;PT;Portugal;1988;1988;
A;Annual;PC_EU27_2020_HAB_MPPS_CP;Percentage of EU27 (from 2020) total per capita (based on million purchasing power standards, EU27 from 2020), current prices;P3_S13;Final consumption expenditure of general government;PT;Portugal;1988;1988;
A;Annual;CP_EUR_HAB;Current prices, euro per capita;P3_S13;Final consumption expenditure of general government;PT;Portugal;1988;1988;
A;Annual;CP_NAC_HAB;Current prices, units of national currency per capita;P3_S13;Final consumption expenditure of general government;PT;Portugal;1988;1988;
A;Annual;CP_PPS_EU27_2020_HAB;Current prices, purchasing power standard (PPS, EU27 from 2020) per capita;P3_S13;Final consumption expenditure of general government;PT;Portugal;1988;1988;
A;Annual;CLV_I20_HAB;Chain linked volumes, Index 2020=100, per capita;P3_S13;Final consumption expenditure of general government;PT;Portugal;1988;1988;
A;Annual;CLV_I15_HAB;Chain linked volumes, Index 2015=100, per capita;P3_S13;Final consumption expenditure of general government;PT;Portugal;1988;1988;
A;Annual;CLV_I10_HAB;Chain linked volumes, Index 2010=100, per capita;P3_S13;Final consumption expenditure of general government;PT;Portugal;1988;1988;
A;Annual;CLV20_EUR_HAB;Chain linked volumes (2020), euro per capita;P3_S13;Final consumption expenditure of general government;PT;Portugal;1988;1988;
A;Annual;CLV15_EUR_HAB;Chain linked volumes (2015), euro per capita;P3_S13;Final consumption expenditure of general government;PT;Portugal;1988;1988;
A;Annual;CLV10_EUR_HAB;Chain linked volumes (2010), euro per capita;P3_S13;Final consumption expenditure of general government;PT;Portugal;1988;1988;
A;Annual;CLV_PCH_PRE_HAB;Chain linked volumes, percentage change on previous period, per capita;P3_S13;Final consumption expenditure of general government;PT;Portugal;1988;1988;
A;Annual;PC_EU27_2020_HAB_MEUR_CP;Percentage of EU27 (from 2020) total per capita (based on million euro, EU27 from 2020), current prices;P31_S13;Individual consumption expenditure of general government;PT;Portugal;1988;1988;3050.0
A;Annual;PC_EU27_2020_HAB_MPPS_CP;Percentage of EU27 (from 2020) total per capita (based on million purchasing power standards, EU27 from 2020), current prices;P31_S13;Individual consumption expenditure of general government;PT;Portugal;1988;1988;3260.0
A;Annual;CP_EUR_HAB;Current prices, euro per capita;P31_S13;Individual consumption expenditure of general government;PT;Portugal;1988;1988;3410.0
A;Annual;CP_NAC_HAB;Current prices, units of national currency per capita;P31_S13;Individual consumption expenditure of general government;PT;Portugal;1988;1988;3530.0
A;Annual;CP_PPS_EU27_2020_HAB;Current prices, purchasing power standard (PPS, EU27 from 2020) per capita;P31_S13;Individual consumption expenditure of general government;PT;Portugal;1988;1988;3640.0
A;Annual;CLV_I20_HAB;Chain linked volumes, Index 2020=100, per capita;P31_S13;Individual consumption expenditure of general government;PT;Portugal;1988;1988;3900.0
A;Annual;CLV_I15_HAB;Chain linked volumes, Index 2015=100, per capita;P31_S13;Individual consumption expenditure of general government;PT;Portugal;1988;1988;4240.0
A;Annual;CLV_I10_HAB;Chain linked volumes, Index 2010=100, per capita;P31_S13;Individual consumption expenditure of general government;PT;Portugal;1988;1988;4420.0
A;Annual;CLV20_EUR_HAB;Chain linked volumes (2020), euro per capita;P31_S13;Individual consumption expenditure of general government;PT;Portugal;1988;1988;4650.0
A;Annual;CLV15_EUR_HAB;Chain linked volumes (2015), euro per capita;P31_S13;Individual consumption expenditure of general government;PT;Portugal;1988;1988;4850.0
A;Annual;CLV10_EUR_HAB;Chain linked volumes (2010), euro per capita;P31_S13;Individual consumption expenditure of general government;PT;Portugal;1988;1988;5080.0
A;Annual;CLV_PCH_PRE_HAB;Chain linked volumes, percentage change on previous period, per capita;P31_S13;Individual consumption expenditure of general government;PT;Portugal;1988;1988;5220.0
A;Annual;PC_EU27_2020_HAB_MEUR_CP;Percentage of EU27 (from 2020) total per capita (based on million euro, EU27 from 2020), current prices;P32_S13;Collective consumption expenditure of general government;PT;Portugal;1988;1988;5270.0
A;Annual;PC_EU27_2020_HAB_MPPS_CP;Percentage of EU27 (from 2020) total per capita (based on million purchasing power standards, EU27 from 2020), current prices;P32_S13;Collective consumption expenditure of general government;PT;Portugal;1988;1988;5460.0
A;Annual;CP_EUR_HAB;Current prices, euro per capita;P32_S13;Collective consumption expenditure of general government;PT;Portugal;1988;1988;5540.0
A;Annual;CP_NAC_HAB;Current prices, units of national currency per capita;P32_S13;Collective consumption expenditure of general government;PT;Portugal;1988;1988;5600.0
A;Annual;CP_PPS_EU27_2020_HAB;Current prices, purchasing power standard (PPS, EU27 from 2020) per capita;P32_S13;Collective consumption expenditure of general government;PT;Portugal;1988;1988;5510.0
A;Annual;CLV_I20_HAB;Chain linked volumes, Index 2020=100, per capita;P32_S13;Collective consumption expenditure of general government;PT;Portugal;1988;1988;5410.0
A;Annual;CLV_I15_HAB;Chain linked volumes, Index 2015=100, per capita;P32_S13;Collective consumption expenditure of general government;PT;Portugal;1988;1988;5360.0
A;Annual;CLV_I10_HAB;Chain linked volumes, Index 2010=100, per capita;P32_S13;Collective consumption expenditure of general government;PT;Portugal;1988;1988;5320.0
A;Annual;CLV20_EUR_HAB;Chain linked volumes (2020), euro per capita;P32_S13;Collective consumption expenditure of general government;PT;Portugal;1988;1988;5290.0
A;Annual;CLV15_EUR_HAB;Chain linked volumes (2015), euro per capita;P32_S13;Collective consumption expenditure of general government;PT;Portugal;1988;1988;5430.0
A;Annual;CLV10_EUR_HAB;Chain linked volumes (2010), euro per capita;P32_S13;Collective consumption expenditure of general government;PT;Portugal;1988;1988;5520.0
A;Annual;CLV_PCH_PRE_HAB;Chain linked volumes, percentage change on previous period, per capita;P32_S13;Collective consumption expenditure of general government;PT;Portugal;1988;1988;5610.0
A;Annual;PC_EU27_2020_HAB_MEUR_CP;Percentage of EU27 (from 2020) total per capita (based on million euro, EU27 from 2020), current prices;P31_S14_S15;Household and NPISH final consumption expenditure;PT;Portugal;1988;1988;5640.0
A;Annual;PC_EU27_2020_HAB_MPPS_CP;Percentage of EU27 (from 2020) total per capita (based on million purchasing power standards, EU27 from 2020), current prices;P31_S14_S15;Household and NPISH final consumption expenditure;PT;Portugal;1988;1988;5820.0
A;Annual;CP_EUR_HAB;Current prices, euro per capita;P31_S14_S15;Household and NPISH final consumption expenditure;PT;Portugal;1988;1988;6120.0
A;Annual;CP_NAC_HAB;Current prices, units of national currency per capita;P31_S14_S15;Household and NPISH final consumption expenditure;PT;Portugal;1988;1988;6380.0
A;Annual;CP_PPS_EU27_2020_HAB;Current prices, purchasing power standard (PPS, EU27 from 2020) per capita;P31_S14_S15;Household and NPISH final consumption expenditure;PT;Portugal;1988;1988;6490.0
A;Annual;CLV_I20_HAB;Chain linked volumes, Index 2020=100, per capita;P31_S14_S15;Household and NPISH final consumption expenditure;PT;Portugal;1988;1988;6740.0
A;Annual;CLV_I15_HAB;Chain linked volumes, Index 2015=100, per capita;P31_S14_S15;Household and NPISH final consumption expenditure;PT;Portugal;1988;1988;
A;Annual;CLV_I10_HAB;Chain linked volumes, Index 2010=100, per capita;P31_S14_S15;Household and NPISH final consumption expenditure;PT;Portugal;1988;1988;
A;Annual;CLV20_EUR_HAB;Chain linked volumes (2020), euro per capita;P31_S14_S15;Household and NPISH final consumption expenditure;PT;Portugal;1988;1988;
A;Annual;CLV15_EUR_HAB;Chain linked volumes (2015), euro per capita;P31_S14_S15;Household and NPISH final consumption expenditure;PT;Portugal;1988;1988;
A;Annual;CLV10_EUR_HAB;Chain linked volumes (2010), euro per capita;P31_S14_S15;Household and NPISH final consumption expenditure;PT;Portugal;1988;1988;
A;Annual;CLV_PCH_PRE_HAB;Chain linked volumes, percentage change on previous period, per capita;P31_S14_S15;Household and NPISH final consumption expenditure;PT;Portugal;1988;1988;
A;Annual;PC_EU27_2020_HAB_MEUR_CP;Percentage of EU27 (from 2020) total per capita (based on million euro, EU27 from 2020), current prices;P31_S14;Final consumption expenditure of households;PT;Portugal;1988;1988;
A;Annual;PC_EU27_2020_HAB_MPPS_CP;Percentage of EU27 (from 2020) total per capita (based on million purchasing power standards, EU27 from 2020), current prices;P31_S14;Final consumption expenditure of households;PT;Portugal;1988;1988;
A;Annual;CP_EUR_HAB;Current prices, euro per capita;P31_S14;Final consumption expenditure of households;PT;Portugal;1988;1988;
A;Annual;CP_NAC_HAB;Current prices, units of national currency per capita;P31_S14;Final consumption expenditure of households;PT;Portugal;1988;1988;
A;Annual;CP_PPS_EU27_2020_HAB;Current prices, purchasing power standard (PPS, EU27 from 2020) per capita;P31_S14;Final consumption expenditure of households;PT;Portugal;1988;1988;
A;Annual;CLV_I20_HAB;Chain linked volumes, Index 2020=100, per capita;P31_S14;Final consumption expenditure of households;PT;Portugal;1988;1988;
A;Annual;CLV_I15_HAB;Chain linked volumes, Index 2015=100, per capita;P31_S14;Final consumption expenditure of households;PT;Portugal;1988;1988;
A;Annual;CLV_I10_HAB;Chain linked volumes, Index 2010=100, per capita;P31_S14;Final consumption expenditure of households;PT;Portugal;1988;1988;
A;Annual;CLV20_EUR_HAB;Chain linked volumes (2020), euro per capita;P31_S14;Final consumption expenditure of households;PT;Portugal;1988;1988;
A;Annual;CLV15_EUR_HAB;Chain linked volumes (2015), euro per capita;P31_S14;Final consumption expenditure of households;PT;Portugal;1988;1988;
A;Annual;CLV10_EUR_HAB;Chain linked volumes (2010), euro per capita;P31_S14;Final consumption expenditure of households;PT;Portugal;1988;1988;
A;Annual;CLV_PCH_PRE_HAB;Chain linked volumes, percentage change on previous period, per capita;P31_S14;Final consumption expenditure of households;PT;Portugal;1988;1988;
A;Annual;PC_EU27_2020_HAB_MEUR_CP;Percentage of EU27 (from 2020) total per capita (based on million euro, EU27 from 2020), current prices;P31_S15;Final consumption expenditure of NPISH;PT;Portugal;1988;1988;
A;Annual;PC_EU27_2020_HAB_MPPS_CP;Percentage of EU27 (from 2020) total per capita (based on million purchasing power standards, EU27 from 2020), current prices;P31_S15;Final consumption expenditure of NPISH;PT;Portugal;1988;1988;
A;Annual;CP_EUR_HAB;Current prices, euro per capita;P31_S15;Final consumption expenditure of NPISH;PT;Portugal;1988;1988;1470.0
A;Annual;CP_NAC_HAB;Current prices, units of national currency per capita;P31_S15;Final consumption expenditure of NPISH;PT;Portugal;1988;1988;1590.0
A;Annual;CP_PPS_EU27_2020_HAB;Current prices, purchasing power standard (PPS, EU27 from 2020) per capita;P31_S15;Final consumption expenditure of NPISH;PT;Portugal;1988;1988;1850.0
A;Annual;CLV_I20_HAB;Chain linked volumes, Index 2020=100, per capita;P31_S15;Final consumption expenditure of NPISH;PT;Portugal;1988;1988;2150.0
A;Annual;CLV_I15_HAB;Chain linked volumes, Index 2015=100, per capita;P31_S15;Final consumption expenditure of NPISH;PT;Portugal;1988;1988;2290.0
A;Annual;CLV_I10_HAB;Chain linked volumes, Index 2010=100, per capita;P31_S15;Final consumption expenditure of NPISH;PT;Portugal;1988;1988;2330.0
A;Annual;CLV20_EUR_HAB;Chain linked volumes (2020), euro per capita;P31_S15;Final consumption expenditure of NPISH;PT;Portugal;1988;1988;2620.0
A;Annual;CLV15_EUR_HAB;Chain linked volumes (2015), euro per capita;P31_S15;Final consumption expenditure of NPISH;PT;Portugal;1988;1988;2810.0
A;Annual;CLV10_EUR_HAB;Chain linked volumes (2010), euro per capita;P31_S15;Final consumption expenditure of NPISH;PT;Portugal;1988;1988;3230.0
A;Annual;CLV_PCH_PRE_HAB;Chain linked volumes, percentage change on previous period, per capita;P31_S15;Final consumption expenditure of NPISH;PT;Portugal;1988;1988;3190.0
A;Annual;PC_EU27_2020_HAB_MEUR_CP;Percentage of EU27 (from 2020) total per capita (based on million euro, EU27 from 2020), current prices;P41;Actual individual consumption;PT;Portugal;1988;1988;3360.0
A;Annual;PC_EU27_2020_HAB_MPPS_CP;Percentage of EU27 (from 2020) total per capita (based on million purchasing power standards, EU27 from 2020), current prices;P41;Actual individual consumption;PT;Portugal;1988;1988;3660.0
A;Annual;CP_EUR_HAB;Current prices, euro per capita;P41;Actual individual consumption;PT;Portugal;1988;1988;3820.0
A;Annual;CP_NAC_HAB;Current prices, units of national currency per capita;P41;Actual individual consumption;PT;Portugal;1988;1988;4200.0
A;Annual;CP_PPS_EU27_2020_HAB;Current prices, purchasing power standard (PPS, EU27 from 2020) per capita;P41;Actual individual consumption;PT;Portugal;1988;1988;4420.0
A;Annual;CLV_I20_HAB;Chain linked volumes, Index 2020=100, per capita;P41;Actual individual consumption;PT;Portugal;1988;1988;4400.0
A;Annual;CLV_I15_HAB;Chain linked volumes, Index 2015=100, per capita;P41;Actual individual consumption;PT;Portugal;1988;1988;4520.0
A;Annual;CLV_I10_HAB;Chain linked volumes, Index 2010=100, per capita;P41;Actual individual consumption;PT;Portugal;1988;1988;4320.0
A;Annual;CLV20_EUR_HAB;Chain linked volumes (2020), euro per capita;P41;Actual individual consumption;PT;Portugal;1988;1988;3920.0
A;Annual;CLV15_EUR_HAB;Chain linked volumes (2015), euro per capita;P41;Actual individual consumption;PT;Portugal;1988;1988;3470.0
A;Annual;CLV10_EUR_HAB;Chain linked volumes (2010), euro per capita;P41;Actual individual consumption;PT;Portugal;1988;1988;3460.0
A;Annual;CLV_PCH_PRE_HAB;Chain linked volumes, percentage change on previous period, per capita;P41;Actual individual consumption;PT;Portugal;1988;1988;3400.0
A;Annual;PC_EU27_2020_HAB_MEUR_CP;Percentage of EU27 (from 2020) total per capita (based on million euro, EU27 from 2020), current prices;B1GQ;Gross domestic product at market prices;PT;Portugal;1989;1989;1490.0
A;Annual;PC_EU27_2020_HAB_MPPS_CP;Percentage of EU27 (from 2020) total per capita (based on million purchasing power standards, EU27 from 2020), current prices;B1GQ;Gross domestic product at market prices;PT;Portugal;1989;1989;1590.0
A;Annual;CP_EUR_HAB;Current prices, euro per capita;B1GQ;Gross domestic product at market prices;PT;Portugal;1989;1989;1520.0
A;Annual;CP_NAC_HAB;Current prices, units of national currency per capita;B1GQ;Gross domestic product at market prices;PT;Portugal;1989;1989;1630.0
A;Annual;CP_PPS_EU27_2020_HAB;Current prices, purchasing power standard (PPS, EU27 from 2020) per capita;B1GQ;Gross domestic product at market prices;PT;Portugal;1989;1989;1710.0
A;Annual;CLV_I20_HAB;Chain linked volumes, Index 2020=100, per capita;B1GQ;Gross domestic product at market prices;PT;Portugal;1989;1989;1710.0
A;Annual;CLV_I15_HAB;Chain linked volumes, Index 2015=100, per capita;B1GQ;Gross domestic product at market prices;PT;Portugal;1989;1989;1720.0
A;Annual;CLV_I10_HAB;Chain linked volumes, Index 2010=100, per capita;B1GQ;Gross domestic product at market prices;PT;Portugal;1989;1989;1860.0
A;Annual;CLV20_EUR_HAB;Chain linked volumes (2020), euro per capita;B1GQ;Gross domestic product at market prices;PT;Portugal;1989;1989;2030.0
A;Annual;CLV15_EUR_HAB;Chain linked volumes (2015), euro per capita;B1GQ;Gross domestic product at market prices;PT;Portugal;1989;1989;2200.0
A;Annual;CLV10_EUR_HAB;Chain linked volumes (2010), euro per capita;B1GQ;Gross domestic product at market prices;PT;Portugal;1989;1989;2310.0
A;Annual;CLV_PCH_PRE_HAB;Chain linked volumes, percentage change on previous period, per capita;B1GQ;Gross domestic product at market prices;PT;Portugal;1989;1989;2440.0
A;Annual;PC_EU27_2020_HAB_MEUR_CP;Percentage of EU27 (from 2020) total per capita (based on million euro, EU27 from 2020), current prices;P3;Final consumption expenditure;PT;Portugal;1989;1989;2550.0
A;Annual;PC_EU27_2020_HAB_MPPS_CP;Percentage of EU27 (from 2020) total per capita (based on million purchasing power standards, EU27 from 2020), current prices;P3;Final consumption expenditure;PT;Portugal;1989;1989;2820.0
A;Annual;CP_EUR_HAB;Current prices, euro per capita;P3;Final consumption expenditure;PT;Portugal;1989;1989;
A;Annual;CP_NAC_HAB;Current prices, units of national currency per capita;P3;Final consumption expenditure;PT;Portugal;1989;1989;
A;Annual;CP_PPS_EU27_2020_HAB;Current prices, purchasing power standard (PPS, EU27 from 2020) per capita;P3;Final consumption expenditure;PT;Portugal;1989;1989;
A;Annual;CLV_I20_HAB;Chain linked volumes, Index 2020=100, per capita;P3;Final consumption expenditure;PT;Portugal;1989;1989;
A;Annual;CLV_I15_HAB;Chain linked volumes, Index 2015=100, per capita;P3;Final consumption expenditure;PT;Portugal;1989;1989;
A;Annual;CLV_I10_HAB;Chain linked volumes, Index 2010=100, per capita;P3;Final consumption expenditure;PT;Portugal;1989;1989;
A;Annual;CLV20_EUR_HAB;Chain linked volumes (2020), euro per capita;P3;Final consumption expenditure;PT;Portugal;1989;1989;
A;Annual;CLV15_EUR_HAB;Chain linked volumes (2015), euro per capita;P3;Final consumption expenditure;PT;Portugal;1989;1989;
A;Annual;CLV10_EUR_HAB;Chain linked volumes (2010), euro per capita;P3;Final consumption expenditure;PT;Portugal;1989;1989;
A;Annual;CLV_PCH_PRE_HAB;Chain linked volumes, percentage change on previous period, per capita;P3;Final consumption expenditure;PT;Portugal;1989;1989;
A;Annual;PC_EU27_2020_HAB_MEUR_CP;Percentage of EU27 (from 2020) total per capita (based on million euro, EU27 from 2020), current prices;P3_S13;Final consumption expenditure of general government;PT;Portugal;1989;1989;
A;Annual;PC_EU27_2020_HAB_MPPS_CP;Percentage of EU27 (from 2020) total per capita (based on million purchasing power standards, EU27 from 2020), current prices;P3_S13;Final consumption expenditure of general government;PT;Portugal;1989;1989;
A;Annual;CP_EUR_HAB;Current prices, euro per capita;P3_S13;Final consumption expenditure of general government;PT;Portugal;1989;1989;
A;Annual;CP_NAC_HAB;Current prices, units of national currency per capita;P3_S13;Final consumption expenditure of general government;PT;Portugal;1989;1989;
A;Annual;CP_PPS_EU27_2020_HAB;Current prices, purchasing power standard (PPS, EU27 from 2020) per capita;P3_S13;Final consumption expenditure of general government;PT;Portugal;1989;1989;
A;Annual;CLV_I20_HAB;Chain linked volumes, Index 2020=100, per capita;P3_S13;Final consumption expenditure of general government;PT;Portugal;1989;1989;
A;Annual;CLV_I15_HAB;Chain linked volumes, Index 2015=100, per capita;P3_S13;Final consumption expenditure of general government;PT;Portugal;1989;1989;
A;Annual;CLV_I10_HAB;Chain linked volumes, Index 2010=100, per capita;P3_S13;Final consumption expenditure of general government;PT;Portugal;1989;1989;
A;Annual;CLV20_EUR_HAB;Chain linked volumes (2020), euro per capita;P3_S13;Final consumption expenditure of general government;PT;Portugal;1989;1989;
A;Annual;CLV15_EUR_HAB;Chain linked volumes (2015), euro per capita;P3_S13;Final consumption expenditure of general government;PT;Portugal;1989;1989;
A;Annual;CLV10_EUR_HAB;Chain linked volumes (2010), euro per capita;P3_S13;Final consumption expenditure of general government;PT;Portugal;1989;1989;1930.0
A;Annual;CLV_PCH_PRE_HAB;Chain linked volumes, percentage change on previous period, per capita;P3_S13;Final consumption expenditure of general government;PT;Portugal;1989;1989;1930.0
A;Annual;PC_EU27_2020_HAB_MEUR_CP;Percentage of EU27 (from 2020) total per capita (based on million euro, EU27 from 2020), current prices;P31_S13;Individual consumption expenditure of general government;PT;Portugal;1989;1989;2000.0
A;Annual;PC_EU27_2020_HAB_MPPS_CP;Percentage of EU27 (from 2020) total per capita (based on million purchasing power standards, EU27 from 2020), current prices;P31_S13;Individual consumption expenditure of general government;PT;Portugal;1989;1989;2070.0
A;Annual;CP_EUR_HAB;Current prices, euro per capita;P31_S13;Individual consumption expenditure of general government;PT;Portugal;1989;1989;2160.0
A;Annual;CP_NAC_HAB;Current prices, units of national currency per capita;P31_S13;Individual consumption expenditure of general government;PT;Portugal;1989;1989;2260.0
A;Annual;CP_PPS_EU27_2020_HAB;Current prices, purchasing power standard (PPS, EU27 from 2020) per capita;P31_S13;Individual consumption expenditure of general government;PT;Portugal;1989;1989;2430.0
A;Annual;CLV_I20_HAB;Chain linked volumes, Index 2020=100, per capita;P31_S13;Individual consumption expenditure of general government;PT;Portugal;1989;1989;2590.0
A;Annual;CLV_I15_HAB;Chain linked volumes, Index 2015=100, per capita;P31_S13;Individual consumption expenditure of general government;PT;Portugal;1989;1989;2720.0
A;Annual;CLV_I10_HAB;Chain linked volumes, Index 2010=100, per capita;P31_S13;Individual consumption expenditure of general government;PT;Portugal;1989;1989;2700.0
A;Annual;CLV20_EUR_HAB;Chain linked volumes (2020), euro per capita;P31_S13;Individual consumption expenditure of general government;PT;Portugal;1989;1989;2750.0
A;Annual;CLV15_EUR_HAB;Chain linked volumes (2015), euro per capita;P31_S13;Individual consumption expenditure of general government;PT;Portugal;1989;1989;2800.0
A;Annual;CLV10_EUR_HAB;Chain linked volumes (2010), euro per capita;P31_S13;Individual consumption expenditure of general government;PT;Portugal;1989;1989;2960.0
A;Annual;CLV_PCH_PRE_HAB;Chain linked volumes, percentage change on previous period, per capita;P31_S13;Individual consumption expenditure of general government;PT;Portugal;1989;1989;3130.0
A;Annual;PC_EU27_2020_HAB_MEUR_CP;Percentage of EU27 (from 2020) total per capita (based on million euro, EU27 from 2020), current prices;P32_S13;Collective consumption expenditure of general government;PT;Portugal;1989;1989;3290.0
A;Annual;PC_EU27_2020_HAB_MPPS_CP;Percentage of EU27 (from 2020) total per capita (based on million purchasing power standards, EU27 from 2020), current prices;P32_S13;Collective consumption expenditure of general government;PT;Portugal;1989;1989;3260.0
A;Annual;CP_EUR_HAB;Current prices, euro per capita;P32_S13;Collective consumption expenditure of general government;PT;Portugal;1989;1989;3190.0
A;Annual;CP_NAC_HAB;Current prices, units of national currency per capita;P32_S13;Collective consumption expenditure of general government;PT;Portugal;1989;1989;3200.0
A;Annual;CP_PPS_EU27_2020_HAB;Current prices, purchasing power standard (PPS, EU27 from 2020) per capita;P32_S13;Collective consumption expenditure of general government;PT;Portugal;1989;1989;3260.0
A;Annual;CLV_I20_HAB;Chain linked volumes, Index 2020=100, per capita;P32_S13;Collective consumption expenditure of general government;PT;Portugal;1989;1989;3310.0
A;Annual;CLV_I15_HAB;Chain linked volumes, Index 2015=100, per capita;P32_S13;Collective consumption expenditure of general government;PT;Portugal;1989;1989;3270.0
A;Annual;CLV_I10_HAB;Chain linked volumes, Index 2010=100, per capita;P32_S13;Collective consumption expenditure of general government;PT;Portugal;1989;1989;3340.0
A;Annual;CLV20_EUR_HAB;Chain linked volumes (2020), euro per capita;P32_S13;Collective consumption expenditure of general government;PT;Portugal;1989;1989;3360.0
A;Annual;CLV15_EUR_HAB;Chain linked volumes (2015), euro per capita;P32_S13;Collective consumption expenditure of general government;PT;Portugal;1989;1989;3490.0
A;Annual;CLV10_EUR_HAB;Chain linked volumes (2010), euro per capita;P32_S13;Collective consumption expenditure of general government;PT;Portugal;1989;1989;3660.0
A;Annual;CLV_PCH_PRE_HAB;Chain linked volumes, percentage change on previous period, per capita;P32_S13;Collective consumption expenditure of general government;PT;Portugal;1989;1989;3860.0
A;Annual;PC_EU27_2020_HAB_MEUR_CP;Percentage of EU27 (from 2020) total per capita (based on million euro, EU27 from 2020), current prices;P31_S14_S15;Household and NPISH final consumption expenditure;PT;Portugal;1989;1989;4060.0
A;Annual;PC_EU27_2020_HAB_MPPS_CP;Percentage of EU27 (from 2020) total per capita (based on million purchasing power standards, EU27 from 2020), current prices;P31_S14_S15;Household and NPISH final consumption expenditure;PT;Portugal;1989;1989;4340.0
A;Annual;CP_EUR_HAB;Current prices, euro per capita;P31_S14_S15;Household and NPISH final consumption expenditure;PT;Portugal;1989;1989;4780.0
A;Annual;CP_NAC_HAB;Current prices, units of national currency per capita;P31_S14_S15;Household and NPISH final consumption expenditure;PT;Portugal;1989;1989;5260.0
A;Annual;CP_PPS_EU27_2020_HAB;Current prices, purchasing power standard (PPS, EU27 from 2020) per capita;P31_S14_S15;Household and NPISH final consumption expenditure;PT;Portugal;1989;1989;
A;Annual;CLV_I20_HAB;Chain linked volumes, Index 2020=100, per capita;P31_S14_S15;Household and NPISH final consumption expenditure;PT;Portugal;1989;1989;
A;Annual;CLV_I15_HAB;Chain linked volumes, Index 2015=100, per capita;P31_S14_S15;Household and NPISH final consumption expenditure;PT;Portugal;1989;1989;
A;Annual;CLV_I10_HAB;Chain linked volumes, Index 2010=100, per capita;P31_S14_S15;Household and NPISH final consumption expenditure;PT;Portugal;1989;1989;
A;Annual;CLV20_EUR_HAB;Chain linked volumes (2020), euro per capita;P31_S14_S15;Household and NPISH final consumption expenditure;PT;Portugal;1989;1989;
A;Annual;CLV15_EUR_HAB;Chain linked volumes (2015), euro per capita;P31_S14_S15;Household and NPISH final consumption expenditure;PT;Portugal;1989;1989;
A;Annual;CLV10_EUR_HAB;Chain linked volumes (2010), euro per capita;P31_S14_S15;Household and NPISH final consumption expenditure;PT;Portugal;1989;1989;
A;Annual;CLV_PCH_PRE_HAB;Chain linked volumes, percentage change on previous period, per capita;P31_S14_S15;Household and NPISH final consumption expenditure;PT;Portugal;1989;1989;
A;Annual;PC_EU27_2020_HAB_MEUR_CP;Percentage of EU27 (from 2020) total per capita (based on million euro, EU27 from 2020), current prices;P31_S14;Final consumption expenditure of households;PT;Portugal;1989;1989;
A;Annual;PC_EU27_2020_HAB_MPPS_CP;Percentage of EU27 (from 2020) total per capita (based on million purchasing power standards, EU27 from 2020), current prices;P31_S14;Final consumption expenditure of households;PT;Portugal;1989;1989;
A;Annual;CP_EUR_HAB;Current prices, euro per capita;P31_S14;Final consumption expenditure of households;PT;Portugal;1989;1989;
A;Annual;CP_NAC_HAB;Current prices, units of national currency per capita;P31_S14;Final consumption expenditure of households;PT;Portugal;1989;1989;
A;Annual;CP_PPS_EU27_2020_HAB;Current prices, purchasing power standard (PPS, EU27 from 2020) per capita;P31_S14;Final consumption expenditure of households;PT;Portugal;1989;1989;
A;Annual;CLV_I20_HAB;Chain linked volumes, Index 2020=100, per capita;P31_S14;Final consumption expenditure of households;PT;Portugal;1989;1989;
A;Annual;CLV_I15_HAB;Chain linked volumes, Index 2015=100, per capita;P31_S14;Final consumption expenditure of households;PT;Portugal;1989;1989;
A;Annual;CLV_I10_HAB;Chain linked volumes, Index 2010=100, per capita;P31_S14;Final consumption expenditure of households;PT;Portugal;1989;1989;
A;Annual;CLV20_EUR_HAB;Chain linked volumes (2020), euro per capita;P31_S14;Final consumption expenditure of households;PT;Portugal;1989;1989;
A;Annual;CLV15_EUR_HAB;Chain linked volumes (2015), euro per capita;P31_S14;Final consumption expenditure of households;PT;Portugal;1989;1989;
A;Annual;CLV10_EUR_HAB;Chain linked volumes (2010), euro per capita;P31_S14;Final consumption expenditure of households;PT;Portugal;1989;1989;
A;Annual;CLV_PCH_PRE_HAB;Chain linked volumes, percentage change on previous period, per capita;P31_S14;Final consumption expenditure of households;PT;Portugal;1989;1989;
A;Annual;PC_EU27_2020_HAB_MEUR_CP;Percentage of EU27 (from 2020) total per capita (based on million euro, EU27 from 2020), current prices;P31_S15;Final consumption expenditure of NPISH;PT;Portugal;1989;1989;1850.0
A;Annual;PC_EU27_2020_HAB_MPPS_CP;Percentage of EU27 (from 2020) total per capita (based on million purchasing power standards, EU27 from 2020), current prices;P31_S15;Final consumption expenditure of NPISH;PT;Portugal;1989;1989;1910.0
A;Annual;CP_EUR_HAB;Current prices, euro per capita;P31_S15;Final consumption expenditure of NPISH;PT;Portugal;1989;1989;1890.0
A;Annual;CP_NAC_HAB;Current prices, units of national currency per capita;P31_S15;Final consumption expenditure of NPISH;PT;Portugal;1989;1989;1920.0
A;Annual;CP_PPS_EU27_2020_HAB;Current prices, purchasing power standard (PPS, EU27 from 2020) per capita;P31_S15;Final consumption expenditure of NPISH;PT;Portugal;1989;1989;2040.0
A;Annual;CLV_I20_HAB;Chain linked volumes, Index 2020=100, per capita;P31_S15;Final consumption expenditure of NPISH;PT;Portugal;1989;1989;2040.0
A;Annual;CLV_I15_HAB;Chain linked volumes, Index 2015=100, per capita;P31_S15;Final consumption expenditure of NPISH;PT;Portugal;1989;1989;2040.0
A;Annual;CLV_I10_HAB;Chain linked volumes, Index 2010=100, per capita;P31_S15;Final consumption expenditure of NPISH;PT;Portugal;1989;1989;1990.0
A;Annual;CLV20_EUR_HAB;Chain linked volumes (2020), euro per capita;P31_S15;Final consumption expenditure of NPISH;PT;Portugal;1989;1989;2030.0
A;Annual;CLV15_EUR_HAB;Chain linked volumes (2015), euro per capita;P31_S15;Final consumption expenditure of NPISH;PT;Portugal;1989;1989;2150.0
A;Annual;CLV10_EUR_HAB;Chain linked volumes (2010), euro per capita;P31_S15;Final consumption expenditure of NPISH;PT;Portugal;1989;1989;2430.0
A;Annual;CLV_PCH_PRE_HAB;Chain linked volumes, percentage change on previous period, per capita;P31_S15;Final consumption expenditure of NPISH;PT;Portugal;1989;1989;2500.0
A;Annual;PC_EU27_2020_HAB_MEUR_CP;Percentage of EU27 (from 2020) total per capita (based on million euro, EU27 from 2020), current prices;P41;Actual individual consumption;PT;Portugal;1989;1989;2500.0
A;Annual;PC_EU27_2020_HAB_MPPS_CP;Percentage of EU27 (from 2020) total per capita (based on million purchasing power standards, EU27 from 2020), current prices;P41;Actual individual consumption;PT;Portugal;1989;1989;2680.0
A;Annual;CP_EUR_HAB;Current prices, euro per capita;P41;Actual individual consumption;PT;Portugal;1989;1989;2830.0
A;Annual;CP_NAC_HAB;Current prices, units of national currency per capita;P41;Actual individual consumption;PT;Portugal;1989;1989;2870.0
A;Annual;CP_PPS_EU27_2020_HAB;Current prices, purchasing power standard (PPS, EU27 from 2020) per capita;P41;Actual individual consumption;PT;Portugal;1989;1989;2890.0
A;Annual;CLV_I20_HAB;Chain linked volumes, Index 2020=100, per capita;P41;Actual individual consumption;PT;Portugal;1989;1989;2930.0
A;Annual;CLV_I15_HAB;Chain linked volumes, Index 2015=100, per capita;P41;Actual individual consumption;PT;Portugal;1989;1989;2950.0
A;Annual;CLV_I10_HAB;Chain linked volumes, Index 2010=100, per capita;P41;Actual individual consumption;PT;Portugal;1989;1989;2970.0
A;Annual;CLV20_EUR_HAB;Chain linked volumes (2020), euro per capita;P41;Actual individual consumption;PT;Portugal;1989;1989;3020.0
A;Annual;CLV15_EUR_HAB;Chain linked volumes (2015), euro per capita;P41;Actual individual consumption;PT;Portugal;1989;1989;3040.0
A;Annual;CLV10_EUR_HAB;Chain linked volumes (2010), euro per capita;P41;Actual individual consumption;PT;Portugal;1989;1989;3080.0
A;Annual;CLV_PCH_PRE_HAB;Chain linked volumes, percentage change on previous period, per capita;P41;Actual individual consumption;PT;Portugal;1989;1989;3150.0
A;Annual;PC_EU27_2020_HAB_MEUR_CP;Percentage of EU27 (from 2020) total per capita (based on million euro, EU27 from 2020), current prices;B1GQ;Gross domestic product at market prices;PT;Portugal;1990;1990;7380.0
A;Annual;PC_EU27_2020_HAB_MPPS_CP;Percentage of EU27 (from 2020) total per capita (based on million purchasing power standards, EU27 from 2020), current prices;B1GQ;Gross domestic product at market prices;PT;Portugal;1990;1990;7500.0
A;Annual;CP_EUR_HAB;Current prices, euro per capita;B1GQ;Gross domestic product at market prices;PT;Portugal;1990;1990;7730.0
A;Annual;CP_NAC_HAB;Current prices, units of national currency per capita;B1GQ;Gross domestic product at market prices;PT;Portugal;1990;1990;7970.0
A;Annual;CP_PPS_EU27_2020_HAB;Current prices, purchasing power standard (PPS, EU27 from 2020) per capita;B1GQ;Gross domestic product at market prices;PT;Portugal;1990;1990;8540.0
A;Annual;CLV_I20_HAB;Chain linked volumes, Index 2020=100, per capita;B1GQ;Gross domestic product at market prices;PT;Portugal;1990;1990;9040.0
A;Annual;CLV_I15_HAB;Chain linked volumes, Index 2015=100, per capita;B1GQ;Gross domestic product at market prices;PT;Portugal;1990;1990;9500.0
A;Annual;CLV_I10_HAB;Chain linked volumes, Index 2010=100, per capita;B1GQ;Gross domestic product at market prices;PT;Portugal;1990;1990;9760.0
A;Annual;CLV20_EUR_HAB;Chain linked volumes (2020), euro per capita;B1GQ;Gross domestic product at market prices;PT;Portugal;1990;1990;10410.0
A;Annual;CLV15_EUR_HAB;Chain linked volumes (2015), euro per capita;B1GQ;Gross domestic product at market prices;PT;Portugal;1990;1990;12140.0
A;Annual;CLV10_EUR_HAB;Chain linked volumes (2010), euro per capita;B1GQ;Gross domestic product at market prices;PT;Portugal;1990;1990;12930.0
A;Annual;CLV_PCH_PRE_HAB;Chain linked volumes, percentage change on previous period, per capita;B1GQ;Gross domestic product at market prices;PT;Portugal;1990;1990;13810.0
A;Annual;PC_EU27_2020_HAB_MEUR_CP;Percentage of EU27 (from 2020) total per capita (based on million euro, EU27 from 2020), current prices;P3;Final consumption expenditure;PT;Portugal;1990;1990;
A;Annual;PC_EU27_2020_HAB_MPPS_CP;Percentage of EU27 (from 2020) total per capita (based on million purchasing power standards, EU27 from 2020), current prices;P3;Final consumption expenditure;PT;Portugal;1990;1990;
A;Annual;CP_EUR_HAB;Current prices, euro per capita;P3;Final consumption expenditure;PT;Portugal;1990;1990;
A;Annual;CP_NAC_HAB;Current prices, units of national currency per capita;P3;Final consumption expenditure;PT;Portugal;1990;1990;
A;Annual;CP_PPS_EU27_2020_HAB;Current prices, purchasing power standard (PPS, EU27 from 2020) per capita;P3;Final consumption expenditure;PT;Portugal;1990;1990;
A;Annual;CLV_I20_HAB;Chain linked volumes, Index 2020=100, per capita;P3;Final consumption expenditure;PT;Portugal;1990;1990;3520.0
A;Annual;CLV_I15_HAB;Chain linked volumes, Index 2015=100, per capita;P3;Final consumption expenditure;PT;Portugal;1990;1990;3960.0
A;Annual;CLV_I10_HAB;Chain linked volumes, Index 2010=100, per capita;P3;Final consumption expenditure;PT;Portugal;1990;1990;4510.0
A;Annual;CLV20_EUR_HAB;Chain linked volumes (2020), euro per capita;P3;Final consumption expenditure;PT;Portugal;1990;1990;4980.0
A;Annual;CLV15_EUR_HAB;Chain linked volumes (2015), euro per capita;P3;Final consumption expenditure;PT;Portugal;1990;1990;5470.0
A;Annual;CLV10_EUR_HAB;Chain linked volumes (2010), euro per capita;P3;Final consumption expenditure;PT;Portugal;1990;1990;5960.0
A;Annual;CLV_PCH_PRE_HAB;Chain linked volumes, percentage change on previous period, per capita;P3;Final consumption expenditure;PT;Portugal;1990;1990;6410.0
A;Annual;PC_EU27_2020_HAB_MEUR_CP;Percentage of EU27 (from 2020) total per capita (based on million euro, EU27 from 2020), current prices;P3_S13;Final consumption expenditure of general government;PT;Portugal;1990;1990;6910.0
A;Annual;PC_EU27_2020_HAB_MPPS_CP;Percentage of EU27 (from 2020) total per capita (based on million purchasing power standards, EU27 from 2020), current prices;P3_S13;Final consumption expenditure of general government;PT;Portugal;1990;1990;7600.0
A;Annual;CP_EUR_HAB;Current prices, euro per capita;P3_S13;Final consumption expenditure of general government;PT;Portugal;1990;1990;8390.0
A;Annual;CP_NAC_HAB;Current prices, units of national currency per capita;P3_S13;Final consumption expenditure of general government;PT;Portugal;1990;1990;8790.0
A;Annual;CP_PPS_EU27_2020_HAB;Current prices, purchasing power standard (PPS, EU27 from 2020) per capita;P3_S13;Final consumption expenditure of general government;PT;Portugal;1990;1990;8870.0
A;Annual;CLV_I20_HAB;Chain linked volumes, Index 2020=100, per capita;P3_S13;Final consumption expenditure of general government;PT;Portugal;1990;1990;8720.0
A;Annual;CLV_I15_HAB;Chain linked volumes, Index 2015=100, per capita;P3_S13;Final consumption expenditure of general government;PT;Portugal;1990;1990;8760.0
A;Annual;CLV_I10_HAB;Chain linked volumes, Index 2010=100, per capita;P3_S13;Final consumption expenditure of general government;PT;Portugal;1990;1990;9010.0
A;Annual;CLV20_EUR_HAB;Chain linked volumes (2020), euro per capita;P3_S13;Final consumption expenditure of general government;PT;Portugal;1990;1990;9440.0
A;Annual;CLV15_EUR_HAB;Chain linked volumes (2015), euro per capita;P3_S13;Final consumption expenditure of general government;PT;Portugal;1990;1990;9870.0
A;Annual;CLV10_EUR_HAB;Chain linked volumes (2010), euro per capita;P3_S13;Final consumption expenditure of general government;PT;Portugal;1990;1990;10380.0
A;Annual;CLV_PCH_PRE_HAB;Chain linked volumes, percentage change on previous period, per capita;P3_S13;Final consumption expenditure of general government;PT;Portugal;1990;1990;11020.0
A;Annual;PC_EU27_2020_HAB_MEUR_CP;Percentage of EU27 (from 2020) total per capita (based on million euro, EU27 from 2020), current prices;P31_S13;Individual consumption expenditure of general government;PT;Portugal;1990;1990;11510.0
A;Annual;PC_EU27_2020_HAB_MPPS_CP;Percentage of EU27 (from 2020) total per capita (based on million purchasing power standards, EU27 from 2020), current prices;P31_S13;Individual consumption expenditure of general government;PT;Portugal;1990;1990;12080.0
A;Annual;CP_EUR_HAB;Current prices, euro per capita;P31_S13;Individual consumption expenditure of general government;PT;Portugal;1990;1990;12690.0
A;Annual;CP_NAC_HAB;Current prices, units of national currency per capita;P31_S13;Individual consumption expenditure of general government;PT;Portugal;1990;1990;13190.0
A;Annual;CP_PPS_EU27_2020_HAB;Current prices, purchasing power standard (PPS, EU27 from 2020) per capita;P31_S13;Individual consumption expenditure of general government;PT;Portugal;1990;1990;13820.0
A;Annual;CLV_I20_HAB;Chain linked volumes, Index 2020=100, per capita;P31_S13;Individual consumption expenditure of general government;PT;Portugal;1990;1990;14320.0
A;Annual;CLV_I15_HAB;Chain linked volumes, Index 2015=100, per capita;P31_S13;Individual consumption expenditure of general government;PT;Portugal;1990;1990;14860.0
A;Annual;CLV_I10_HAB;Chain linked volumes, Index 2010=100, per capita;P31_S13;Individual consumption expenditure of general government;PT;Portugal;1990;1990;15600.0
A;Annual;CLV20_EUR_HAB;Chain linked volumes (2020), euro per capita;P31_S13;Individual consumption expenditure of general government;PT;Portugal;1990;1990;16380.0
A;Annual;CLV15_EUR_HAB;Chain linked volumes (2015), euro per capita;P31_S13;Individual consumption expenditure of general government;PT;Portugal;1990;1990;17190.0
A;Annual;CLV10_EUR_HAB;Chain linked volumes (2010), euro per capita;P31_S13;Individual consumption expenditure of general government;PT;Portugal;1990;1990;16870.0
A;Annual;CLV_PCH_PRE_HAB;Chain linked volumes, percentage change on previous period, per capita;P31_S13;Individual consumption expenditure of general government;PT;Portugal;1990;1990;17540.0
A;Annual;PC_EU27_2020_HAB_MEUR_CP;Percentage of EU27 (from 2020) total per capita (based on million euro, EU27 from 2020), current prices;P32_S13;Collective consumption expenditure of general government;PT;Portugal;1990;1990;18580.0
A;Annual;PC_EU27_2020_HAB_MPPS_CP;Percentage of EU27 (from 2020) total per capita (based on million purchasing power standards, EU27 from 2020), current prices;P32_S13;Collective consumption expenditure of general government;PT;Portugal;1990;1990;19100.0
A;Annual;CP_EUR_HAB;Current prices, euro per capita;P32_S13;Collective consumption expenditure of general government;PT;Portugal;1990;1990;19400.0
A;Annual;CP_NAC_HAB;Current prices, units of national currency per capita;P32_S13;Collective consumption expenditure of general government;PT;Portugal;1990;1990;19680.0
A;Annual;CP_PPS_EU27_2020_HAB;Current prices, purchasing power standard (PPS, EU27 from 2020) per capita;P32_S13;Collective consumption expenditure of general government;PT;Portugal;1990;1990;20010.0
A;Annual;CLV_I20_HAB;Chain linked volumes, Index 2020=100, per capita;P32_S13;Collective consumption expenditure of general government;PT;Portugal;1990;1990;20360.0
A;Annual;CLV_I15_HAB;Chain linked volumes, Index 2015=100, per capita;P32_S13;Collective consumption expenditure of general government;PT;Portugal;1990;1990;20600.0
A;Annual;CLV_I10_HAB;Chain linked volumes, Index 2010=100, per capita;P32_S13;Collective consumption expenditure of general government;PT;Portugal;1990;1990;21120.0
A;Annual;CLV20_EUR_HAB;Chain linked volumes (2020), euro per capita;P32_S13;Collective consumption expenditure of general government;PT;Portugal;1990;1990;21380.0
A;Annual;CLV15_EUR_HAB;Chain linked volumes (2015), euro per capita;P32_S13;Collective consumption expenditure of general government;PT;Portugal;1990;1990;20670.0
A;Annual;CLV10_EUR_HAB;Chain linked volumes (2010), euro per capita;P32_S13;Collective consumption expenditure of general government;PT;Portugal;1990;1990;21790.0
A;Annual;CLV_PCH_PRE_HAB;Chain linked volumes, percentage change on previous period, per capita;P32_S13;Collective consumption expenditure of general government;PT;Portugal;1990;1990;23270.0
A;Annual;PC_EU27_2020_HAB_MEUR_CP;Percentage of EU27 (from 2020) total per capita (based on million euro, EU27 from 2020), current prices;P31_S14_S15;Household and NPISH final consumption expenditure;PT;Portugal;1990;1990;24240.0
A;Annual;PC_EU27_2020_HAB_MPPS_CP;Percentage of EU27 (from 2020) total per capita (based on million purchasing power standards, EU27 from 2020), current prices;P31_S14_S15;Household and NPISH final consumption expenditure;PT;Portugal;1990;1990;24210.0
A;Annual;CP_EUR_HAB;Current prices, euro per capita;P31_S14_S15;Household and NPISH final consumption expenditure;PT;Portugal;1990;1990;
A;Annual;CP_NAC_HAB;Current prices, units of national currency per capita;P31_S14_S15;Household and NPISH final consumption expenditure;PT;Portugal;1990;1990;
A;Annual;CP_PPS_EU27_2020_HAB;Current prices, purchasing power standard (PPS, EU27 from 2020) per capita;P31_S14_S15;Household and NPISH final consumption expenditure;PT;Portugal;1990;1990;
A;Annual;CLV_I20_HAB;Chain linked volumes, Index 2020=100, per capita;P31_S14_S15;Household and NPISH final consumption expenditure;PT;Portugal;1990;1990;
A;Annual;CLV_I15_HAB;Chain linked volumes, Index 2015=100, per capita;P31_S14_S15;Household and NPISH final consumption expenditure;PT;Portugal;1990;1990;
A;Annual;CLV_I10_HAB;Chain linked volumes, Index 2010=100, per capita;P31_S14_S15;Household and NPISH final consumption expenditure;PT;Portugal;1990;1990;
A;Annual;CLV20_EUR_HAB;Chain linked volumes (2020), euro per capita;P31_S14_S15;Household and NPISH final consumption expenditure;PT;Portugal;1990;1990;
A;Annual;CLV15_EUR_HAB;Chain linked volumes (2015), euro per capita;P31_S14_S15;Household and NPISH final consumption expenditure;PT;Portugal;1990;1990;
A;Annual;CLV10_EUR_HAB;Chain linked volumes (2010), euro per capita;P31_S14_S15;Household and NPISH final consumption expenditure;PT;Portugal;1990;1990;
A;Annual;CLV_PCH_PRE_HAB;Chain linked volumes, percentage change on previous period, per capita;P31_S14_S15;Household and NPISH final consumption expenditure;PT;Portugal;1990;1990;
A;Annual;PC_EU27_2020_HAB_MEUR_CP;Percentage of EU27 (from 2020) total per capita (based on million euro, EU27 from 2020), current prices;P31_S14;Final consumption expenditure of households;PT;Portugal;1990;1990;
A;Annual;PC_EU27_2020_HAB_MPPS_CP;Percentage of EU27 (from 2020) total per capita (based on million purchasing power standards, EU27 from 2020), current prices;P31_S14;Final consumption expenditure of households;PT;Portugal;1990;1990;
A;Annual;CP_EUR_HAB;Current prices, euro per capita;P31_S14;Final consumption expenditure of households;PT;Portugal;1990;1990;
A;Annual;CP_NAC_HAB;Current prices, units of national currency per capita;P31_S14;Final consumption expenditure of households;PT;Portugal;1990;1990;
A;Annual;CP_PPS_EU27_2020_HAB;Current prices, purchasing power standard (PPS, EU27 from 2020) per capita;P31_S14;Final consumption expenditure of households;PT;Portugal;1990;1990;
A;Annual;CLV_I20_HAB;Chain linked volumes, Index 2020=100, per capita;P31_S14;Final consumption expenditure of households;PT;Portugal;1990;1990;
A;Annual;CLV_I15_HAB;Chain linked volumes, Index 2015=100, per capita;P31_S14;Final consumption expenditure of households;PT;Portugal;1990;1990;
A;Annual;CLV_I10_HAB;Chain linked volumes, Index 2010=100, per capita;P31_S14;Final consumption expenditure of households;PT;Portugal;1990;1990;
A;Annual;CLV20_EUR_HAB;Chain linked volumes (2020), euro per capita;P31_S14;Final consumption expenditure of households;PT;Portugal;1990;1990;94440.0
A;Annual;CLV15_EUR_HAB;Chain linked volumes (2015), euro per capita;P31_S14;Final consumption expenditure of households;PT;Portugal;1990;1990;97910.0
A;Annual;CLV10_EUR_HAB;Chain linked volumes (2010), euro per capita;P31_S14;Final consumption expenditure of households;PT;Portugal;1990;1990;101530.0
A;Annual;CLV_PCH_PRE_HAB;Chain linked volumes, percentage change on previous period, per capita;P31_S14;Final consumption expenditure of households;PT;Portugal;1990;1990;104550.0
A;Annual;PC_EU27_2020_HAB_MEUR_CP;Percentage of EU27 (from 2020) total per capita (based on million euro, EU27 from 2020), current prices;P31_S15;Final consumption expenditure of NPISH;PT;Portugal;1990;1990;109300.0
A;Annual;PC_EU27_2020_HAB_MPPS_CP;Percentage of EU27 (from 2020) total per capita (based on million purchasing power standards, EU27 from 2020), current prices;P31_S15;Final consumption expenditure of NPISH;PT;Portugal;1990;1990;113330.0
A;Annual;CP_EUR_HAB;Current prices, euro per capita;P31_S15;Final consumption expenditure of NPISH;PT;Portugal;1990;1990;120240.0
A;Annual;CP_NAC_HAB;Current prices, units of national currency per capita;P31_S15;Final consumption expenditure of NPISH;PT;Portugal;1990;1990;127640.0
A;Annual;CP_PPS_EU27_2020_HAB;Current prices, purchasing power standard (PPS, EU27 from 2020) per capita;P31_S15;Final consumption expenditure of NPISH;PT;Portugal;1990;1990;130920.0
A;Annual;CLV_I20_HAB;Chain linked volumes, Index 2020=100, per capita;P31_S15;Final consumption expenditure of NPISH;PT;Portugal;1990;1990;135510.0
A;Annual;CLV_I15_HAB;Chain linked volumes, Index 2015=100, per capita;P31_S15;Final consumption expenditure of NPISH;PT;Portugal;1990;1990;139710.0
A;Annual;CLV_I10_HAB;Chain linked volumes, Index 2010=100, per capita;P31_S15;Final consumption expenditure of NPISH;PT;Portugal;1990;1990;143830.0
A;Annual;CLV20_EUR_HAB;Chain linked volumes (2020), euro per capita;P31_S15;Final consumption expenditure of NPISH;PT;Portugal;1990;1990;149000.0
A;Annual;CLV15_EUR_HAB;Chain linked volumes (2015), euro per capita;P31_S15;Final consumption expenditure of NPISH;PT;Portugal;1990;1990;153540.0
A;Annual;CLV10_EUR_HAB;Chain linked volumes (2010), euro per capita;P31_S15;Final consumption expenditure of NPISH;PT;Portugal;1990;1990;161420.0
A;Annual;CLV_PCH_PRE_HAB;Chain linked volumes, percentage change on previous period, per capita;P31_S15;Final consumption expenditure of NPISH;PT;Portugal;1990;1990;164660.0
A;Annual;PC_EU27_2020_HAB_MEUR_CP;Percentage of EU27 (from 2020) total per capita (based on million euro, EU27 from 2020), current prices;P41;Actual individual consumption;PT;Portugal;1990;1990;168500.0
A;Annual;PC_EU27_2020_HAB_MPPS_CP;Percentage of EU27 (from 2020) total per capita (based on million purchasing power standards, EU27 from 2020), current prices;P41;Actual individual consumption;PT;Portugal;1990;1990;176000.0
A;Annual;CP_EUR_HAB;Current prices, euro per capita;P41;Actual individual consumption;PT;Portugal;1990;1990;180630.0
A;Annual;CP_NAC_HAB;Current prices, units of national currency per capita;P41;Actual individual consumption;PT;Portugal;1990;1990;182270.0
A;Annual;CP_PPS_EU27_2020_HAB;Current prices, purchasing power standard (PPS, EU27 from 2020) per capita;P41;Actual individual consumption;PT;Portugal;1990;1990;185280.0
A;Annual;CLV_I20_HAB;Chain linked volumes, Index 2020=100, per capita;P41;Actual individual consumption;PT;Portugal;1990;1990;190100.0
A;Annual;CLV_I15_HAB;Chain linked volumes, Index 2015=100, per capita;P41;Actual individual consumption;PT;Portugal;1990;1990;197980.0
A;Annual;CLV_I10_HAB;Chain linked volumes, Index 2010=100, per capita;P41;Actual individual consumption;PT;Portugal;1990;1990;201850.0
A;Annual;CLV20_EUR_HAB;Chain linked volumes (2020), euro per capita;P41;Actual individual consumption;PT;Portugal;1990;1990;207250.0
A;Annual;CLV15_EUR_HAB;Chain linked volumes (2015), euro per capita;P41;Actual individual consumption;PT;Portugal;1990;1990;214070.0
A;Annual;CLV10_EUR_HAB;Chain linked volumes (2010), euro per capita;P41;Actual individual consumption;PT;Portugal;1990;1990;217880.0
A;Annual;CLV_PCH_PRE_HAB;Chain linked volumes, percentage change on previous period, per capita;P41;Actual individual consumption;PT;Portugal;1990;1990;211470.0
A;Annual;PC_EU27_2020_HAB_MEUR_CP;Percentage of EU27 (from 2020) total per capita (based on million euro, EU27 from 2020), current prices;B1GQ;Gross domestic product at market prices;PT;Portugal;1991;1991;22660.0
A;Annual;PC_EU27_2020_HAB_MPPS_CP;Percentage of EU27 (from 2020) total per capita (based on million purchasing power standards, EU27 from 2020), current prices;B1GQ;Gross domestic product at market prices;PT;Portugal;1991;1991;23480.0
A;Annual;CP_EUR_HAB;Current prices, euro per capita;B1GQ;Gross domestic product at market prices;PT;Portugal;1991;1991;24040.0
A;Annual;CP_NAC_HAB;Current prices, units of national currency per capita;B1GQ;Gross domestic product at market prices;PT;Portugal;1991;1991;24770.0
A;Annual;CP_PPS_EU27_2020_HAB;Current prices, purchasing power standard (PPS, EU27 from 2020) per capita;B1GQ;Gross domestic product at market prices;PT;Portugal;1991;1991;25370.0
A;Annual;CLV_I20_HAB;Chain linked volumes, Index 2020=100, per capita;B1GQ;Gross domestic product at market prices;PT;Portugal;1991;1991;
A;Annual;CLV_I15_HAB;Chain linked volumes, Index 2015=100, per capita;B1GQ;Gross domestic product at market prices;PT;Portugal;1991;1991;
A;Annual;CLV_I10_HAB;Chain linked volumes, Index 2010=100, per capita;B1GQ;Gross domestic product at market prices;PT;Portugal;1991;1991;
A;Annual;CLV20_EUR_HAB;Chain linked volumes (2020), euro per capita;B1GQ;Gross domestic product at market prices;PT;Portugal;1991;1991;
A;Annual;CLV15_EUR_HAB;Chain linked volumes (2015), euro per capita;B1GQ;Gross domestic product at market prices;PT;Portugal;1991;1991;
A;Annual;CLV10_EUR_HAB;Chain linked volumes (2010), euro per capita;B1GQ;Gross domestic product at market prices;PT;Portugal;1991;1991;
A;Annual;CLV_PCH_PRE_HAB;Chain linked volumes, percentage change on previous period, per capita;B1GQ;Gross domestic product at market prices;PT;Portugal;1991;1991;
A;Annual;PC_EU27_2020_HAB_MEUR_CP;Percentage of EU27 (from 2020) total per capita (based on million euro, EU27 from 2020), current prices;P3;Final consumption expenditure;PT;Portugal;1991;1991;
A;Annual;PC_EU27_2020_HAB_MPPS_CP;Percentage of EU27 (from 2020) total per capita (based on million purchasing power standards, EU27 from 2020), current prices;P3;Final consumption expenditure;PT;Portugal;1991;1991;
A;Annual;CP_EUR_HAB;Current prices, euro per capita;P3;Final consumption expenditure;PT;Portugal;1991;1991;
A;Annual;CP_NAC_HAB;Current prices, units of national currency per capita;P3;Final consumption expenditure;PT;Portugal;1991;1991;
A;Annual;CP_PPS_EU27_2020_HAB;Current prices, purchasing power standard (PPS, EU27 from 2020) per capita;P3;Final consumption expenditure;PT;Portugal;1991;1991;
A;Annual;CLV_I20_HAB;Chain linked volumes, Index 2020=100, per capita;P3;Final consumption expenditure;PT;Portugal;1991;1991;
A;Annual;CLV_I15_HAB;Chain linked volumes, Index 2015=100, per capita;P3;Final consumption expenditure;PT;Portugal;1991;1991;
A;Annual;CLV_I10_HAB;Chain linked volumes, Index 2010=100, per capita;P3;Final consumption expenditure;PT;Portugal;1991;1991;
A;Annual;CLV20_EUR_HAB;Chain linked volumes (2020), euro per capita;P3;Final consumption expenditure;PT;Portugal;1991;1991;
A;Annual;CLV15_EUR_HAB;Chain linked volumes (2015), euro per capita;P3;Final consumption expenditure;PT;Portugal;1991;1991;
A;Annual;CLV10_EUR_HAB;Chain linked volumes (2010), euro per capita;P3;Final consumption expenditure;PT;Portugal;1991;1991;
A;Annual;CLV_PCH_PRE_HAB;Chain linked volumes, percentage change on previous period, per capita;P3;Final consumption expenditure;PT;Portugal;1991;1991;
A;Annual;PC_EU27_2020_HAB_MEUR_CP;Percentage of EU27 (from 2020) total per capita (based on million euro, EU27 from 2020), current prices;P3_S13;Final consumption expenditure of general government;PT;Portugal;1991;1991;
A;Annual;PC_EU27_2020_HAB_MPPS_CP;Percentage of EU27 (from 2020) total per capita (based on million purchasing power standards, EU27 from 2020), current prices;P3_S13;Final consumption expenditure of general government;PT;Portugal;1991;1991;
A;Annual;CP_EUR_HAB;Current prices, euro per capita;P3_S13;Final consumption expenditure of general government;PT;Portugal;1991;1991;
A;Annual;CP_NAC_HAB;Current prices, units of national currency per capita;P3_S13;Final consumption expenditure of general government;PT;Portugal;1991;1991;
A;Annual;CP_PPS_EU27_2020_HAB;Current prices, purchasing power standard (PPS, EU27 from 2020) per capita;P3_S13;Final consumption expenditure of general government;PT;Portugal;1991;1991;
A;Annual;CLV_I20_HAB;Chain linked volumes, Index 2020=100, per capita;P3_S13;Final consumption expenditure of general government;PT;Portugal;1991;1991;
A;Annual;CLV_I15_HAB;Chain linked volumes, Index 2015=100, per capita;P3_S13;Final consumption expenditure of general government;PT;Portugal;1991;1991;
A;Annual;CLV_I10_HAB;Chain linked volumes, Index 2010=100, per capita;P3_S13;Final consumption expenditure of general government;PT;Portugal;1991;1991;
A;Annual;CLV20_EUR_HAB;Chain linked volumes (2020), euro per capita;P3_S13;Final consumption expenditure of general government;PT;Portugal;1991;1991;
A;Annual;CLV15_EUR_HAB;Chain linked volumes (2015), euro per capita;P3_S13;Final consumption expenditure of general government;PT;Portugal;1991;1991;
A;Annual;CLV10_EUR_HAB;Chain linked volumes (2010), euro per capita;P3_S13;Final consumption expenditure of general government;PT;Portugal;1991;1991;
A;Annual;CLV_PCH_PRE_HAB;Chain linked volumes, percentage change on previous period, per capita;P3_S13;Final consumption expenditure of general government;PT;Portugal;1991;1991;
A;Annual;PC_EU27_2020_HAB_MEUR_CP;Percentage of EU27 (from 2020) total per capita (based on million euro, EU27 from 2020), current prices;P31_S13;Individual consumption expenditure of general government;PT;Portugal;1991;1991;
A;Annual;PC_EU27_2020_HAB_MPPS_CP;Percentage of EU27 (from 2020) total per capita (based on million purchasing power standards, EU27 from 2020), current prices;P31_S13;Individual consumption expenditure of general government;PT;Portugal;1991;1991;
A;Annual;CP_EUR_HAB;Current prices, euro per capita;P31_S13;Individual consumption expenditure of general government;PT;Portugal;1991;1991;
A;Annual;CP_NAC_HAB;Current prices, units of national currency per capita;P31_S13;Individual consumption expenditure of general government;PT;Portugal;1991;1991;
A;Annual;CP_PPS_EU27_2020_HAB;Current prices, purchasing power standard (PPS, EU27 from 2020) per capita;P31_S13;Individual consumption expenditure of general government;PT;Portugal;1991;1991;
A;Annual;CLV_I20_HAB;Chain linked volumes, Index 2020=100, per capita;P31_S13;Individual consumption expenditure of general government;PT;Portugal;1991;1991;
A;Annual;CLV_I15_HAB;Chain linked volumes, Index 2015=100, per capita;P31_S13;Individual consumption expenditure of general government;PT;Portugal;1991;1991;
A;Annual;CLV_I10_HAB;Chain linked volumes, Index 2010=100, per capita;P31_S13;Individual consumption expenditure of general government;PT;Portugal;1991;1991;
A;Annual;CLV20_EUR_HAB;Chain linked volumes (2020), euro per capita;P31_S13;Individual consumption expenditure of general government;PT;Portugal;1991;1991;
A;Annual;CLV15_EUR_HAB;Chain linked volumes (2015), euro per capita;P31_S13;Individual consumption expenditure of general government;PT;Portugal;1991;1991;
A;Annual;CLV10_EUR_HAB;Chain linked volumes (2010), euro per capita;P31_S13;Individual consumption expenditure of general government;PT;Portugal;1991;1991;
A;Annual;CLV_PCH_PRE_HAB;Chain linked volumes, percentage change on previous period, per capita;P31_S13;Individual consumption expenditure of general government;PT;Portugal;1991;1991;
A;Annual;PC_EU27_2020_HAB_MEUR_CP;Percentage of EU27 (from 2020) total per capita (based on million euro, EU27 from 2020), current prices;P32_S13;Collective consumption expenditure of general government;PT;Portugal;1991;1991;
A;Annual;PC_EU27_2020_HAB_MPPS_CP;Percentage of EU27 (from 2020) total per capita (based on million purchasing power standards, EU27 from 2020), current prices;P32_S13;Collective consumption expenditure of general government;PT;Portugal;1991;1991;
A;Annual;CP_EUR_HAB;Current prices, euro per capita;P32_S13;Collective consumption expenditure of general government;PT;Portugal;1991;1991;
A;Annual;CP_NAC_HAB;Current prices, units of national currency per capita;P32_S13;Collective consumption expenditure of general government;PT;Portugal;1991;1991;
A;Annual;CP_PPS_EU27_2020_HAB;Current prices, purchasing power standard (PPS, EU27 from 2020) per capita;P32_S13;Collective consumption expenditure of general government;PT;Portugal;1991;1991;
A;Annual;CLV_I20_HAB;Chain linked volumes, Index 2020=100, per capita;P32_S13;Collective consumption expenditure of general government;PT;Portugal;1991;1991;
A;Annual;CLV_I15_HAB;Chain linked volumes, Index 2015=100, per capita;P32_S13;Collective consumption expenditure of general government;PT;Portugal;1991;1991;
A;Annual;CLV_I10_HAB;Chain linked volumes, Index 2010=100, per capita;P32_S13;Collective consumption expenditure of general government;PT;Portugal;1991;1991;
A;Annual;CLV20_EUR_HAB;Chain linked volumes (2020), euro per capita;P32_S13;Collective consumption expenditure of general government;PT;Portugal;1991;1991;
A;Annual;CLV15_EUR_HAB;Chain linked volumes (2015), euro per capita;P32_S13;Collective consumption expenditure of general government;PT;Portugal;1991;1991;
A;Annual;CLV10_EUR_HAB;Chain linked volumes (2010), euro per capita;P32_S13;Collective consumption expenditure of general government;PT;Portugal;1991;1991;
A;Annual;CLV_PCH_PRE_HAB;Chain linked volumes, percentage change on previous period, per capita;P32_S13;Collective consumption expenditure of general government;PT;Portugal;1991;1991;
A;Annual;PC_EU27_2020_HAB_MEUR_CP;Percentage of EU27 (from 2020) total per capita (based on million euro, EU27 from 2020), current prices;P31_S14_S15;Household and NPISH final consumption expenditure;PT;Portugal;1991;1991;
A;Annual;PC_EU27_2020_HAB_MPPS_CP;Percentage of EU27 (from 2020) total per capita (based on million purchasing power standards, EU27 from 2020), current prices;P31_S14_S15;Household and NPISH final consumption expenditure;PT;Portugal;1991;1991;
A;Annual;CP_EUR_HAB;Current prices, euro per capita;P31_S14_S15;Household and NPISH final consumption expenditure;PT;Portugal;1991;1991;
A;Annual;CP_NAC_HAB;Current prices, units of national currency per capita;P31_S14_S15;Household and NPISH final consumption expenditure;PT;Portugal;1991;1991;
A;Annual;CP_PPS_EU27_2020_HAB;Current prices, purchasing power standard (PPS, EU27 from 2020) per capita;P31_S14_S15;Household and NPISH final consumption expenditure;PT;Portugal;1991;1991;
A;Annual;CLV_I20_HAB;Chain linked volumes, Index 2020=100, per capita;P31_S14_S15;Household and NPISH final consumption expenditure;PT;Portugal;1991;1991;
A;Annual;CLV_I15_HAB;Chain linked volumes, Index 2015=100, per capita;P31_S14_S15;Household and NPISH final consumption expenditure;PT;Portugal;1991;1991;
A;Annual;CLV_I10_HAB;Chain linked volumes, Index 2010=100, per capita;P31_S14_S15;Household and NPISH final consumption expenditure;PT;Portugal;1991;1991;
A;Annual;CLV20_EUR_HAB;Chain linked volumes (2020), euro per capita;P31_S14_S15;Household and NPISH final consumption expenditure;PT;Portugal;1991;1991;
A;Annual;CLV15_EUR_HAB;Chain linked volumes (2015), euro per capita;P31_S14_S15;Household and NPISH final consumption expenditure;PT;Portugal;1991;1991;
A;Annual;CLV10_EUR_HAB;Chain linked volumes (2010), euro per capita;P31_S14_S15;Household and NPISH final consumption expenditure;PT;Portugal;1991;1991;
A;Annual;CLV_PCH_PRE_HAB;Chain linked volumes, percentage change on previous period, per capita;P31_S14_S15;Household and NPISH final consumption expenditure;PT;Portugal;1991;1991;
A;Annual;PC_EU27_2020_HAB_MEUR_CP;Percentage of EU27 (from 2020) total per capita (based on million euro, EU27 from 2020), current prices;P31_S14;Final consumption expenditure of households;PT;Portugal;1991;1991;
A;Annual;PC_EU27_2020_HAB_MPPS_CP;Percentage of EU27 (from 2020) total per capita (based on million purchasing power standards, EU27 from 2020), current prices;P31_S14;Final consumption expenditure of households;PT;Portugal;1991;1991;
A;Annual;CP_EUR_HAB;Current prices, euro per capita;P31_S14;Final consumption expenditure of households;PT;Portugal;1991;1991;
A;Annual;CP_NAC_HAB;Current prices, units of national currency per capita;P31_S14;Final consumption expenditure of households;PT;Portugal;1991;1991;
A;Annual;CP_PPS_EU27_2020_HAB;Current prices, purchasing power standard (PPS, EU27 from 2020) per capita;P31_S14;Final consumption expenditure of households;PT;Portugal;1991;1991;
A;Annual;CLV_I20_HAB;Chain linked volumes, Index 2020=100, per capita;P31_S14;Final consumption expenditure of households;PT;Portugal;1991;1991;
A;Annual;CLV_I15_HAB;Chain linked volumes, Index 2015=100, per capita;P31_S14;Final consumption expenditure of households;PT;Portugal;1991;1991;
A;Annual;CLV_I10_HAB;Chain linked volumes, Index 2010=100, per capita;P31_S14;Final consumption expenditure of households;PT;Portugal;1991;1991;
A;Annual;CLV20_EUR_HAB;Chain linked volumes (2020), euro per capita;P31_S14;Final consumption expenditure of households;PT;Portugal;1991;1991;
A;Annual;CLV15_EUR_HAB;Chain linked volumes (2015), euro per capita;P31_S14;Final consumption expenditure of households;PT;Portugal;1991;1991;
A;Annual;CLV10_EUR_HAB;Chain linked volumes (2010), euro per capita;P31_S14;Final consumption expenditure of households;PT;Portugal;1991;1991;
A;Annual;CLV_PCH_PRE_HAB;Chain linked volumes, percentage change on previous period, per capita;P31_S14;Final consumption expenditure of households;PT;Portugal;1991;1991;
A;Annual;PC_EU27_2020_HAB_MEUR_CP;Percentage of EU27 (from 2020) total per capita (based on million euro, EU27 from 2020), current prices;P31_S15;Final consumption expenditure of NPISH;PT;Portugal;1991;1991;
A;Annual;PC_EU27_2020_HAB_MPPS_CP;Percentage of EU27 (from 2020) total per capita (based on million purchasing power standards, EU27 from 2020), current prices;P31_S15;Final consumption expenditure of NPISH;PT;Portugal;1991;1991;
A;Annual;CP_EUR_HAB;Current prices, euro per capita;P31_S15;Final consumption expenditure of NPISH;PT;Portugal;1991;1991;
A;Annual;CP_NAC_HAB;Current prices, units of national currency per capita;P31_S15;Final consumption expenditure of NPISH;PT;Portugal;1991;1991;
A;Annual;CP_PPS_EU27_2020_HAB;Current prices, purchasing power standard (PPS, EU27 from 2020) per capita;P31_S15;Final consumption expenditure of NPISH;PT;Portugal;1991;1991;
A;Annual;CLV_I20_HAB;Chain linked volumes, Index 2020=100, per capita;P31_S15;Final consumption expenditure of NPISH;PT;Portugal;1991;1991;
A;Annual;CLV_I15_HAB;Chain linked volumes, Index 2015=100, per capita;P31_S15;Final consumption expenditure of NPISH;PT;Portugal;1991;1991;
A;Annual;CLV_I10_HAB;Chain linked volumes, Index 2010=100, per capita;P31_S15;Final consumption expenditure of NPISH;PT;Portugal;1991;1991;3640.0
A;Annual;CLV20_EUR_HAB;Chain linked volumes (2020), euro per capita;P31_S15;Final consumption expenditure of NPISH;PT;Portugal;1991;1991;4240.0
A;Annual;CLV15_EUR_HAB;Chain linked volumes (2015), euro per capita;P31_S15;Final consumption expenditure of NPISH;PT;Portugal;1991;1991;5000.0
A;Annual;CLV10_EUR_HAB;Chain linked volumes (2010), euro per capita;P31_S15;Final consumption expenditure of NPISH;PT;Portugal;1991;1991;4440.0
A;Annual;CLV_PCH_PRE_HAB;Chain linked volumes, percentage change on previous period, per capita;P31_S15;Final consumption expenditure of NPISH;PT;Portugal;1991;1991;4570.0
A;Annual;PC_EU27_2020_HAB_MEUR_CP;Percentage of EU27 (from 2020) total per capita (based on million euro, EU27 from 2020), current prices;P41;Actual individual consumption;PT;Portugal;1991;1991;4740.0
A;Annual;PC_EU27_2020_HAB_MPPS_CP;Percentage of EU27 (from 2020) total per capita (based on million purchasing power standards, EU27 from 2020), current prices;P41;Actual individual consumption;PT;Portugal;1991;1991;4730.0
A;Annual;CP_EUR_HAB;Current prices, euro per capita;P41;Actual individual consumption;PT;Portugal;1991;1991;4870.0
A;Annual;CP_NAC_HAB;Current prices, units of national currency per capita;P41;Actual individual consumption;PT;Portugal;1991;1991;4980.0
A;Annual;CP_PPS_EU27_2020_HAB;Current prices, purchasing power standard (PPS, EU27 from 2020) per capita;P41;Actual individual consumption;PT;Portugal;1991;1991;5120.0
A;Annual;CLV_I20_HAB;Chain linked volumes, Index 2020=100, per capita;P41;Actual individual consumption;PT;Portugal;1991;1991;5490.0
A;Annual;CLV_I15_HAB;Chain linked volumes, Index 2015=100, per capita;P41;Actual individual consumption;PT;Portugal;1991;1991;5780.0
A;Annual;CLV_I10_HAB;Chain linked volumes, Index 2010=100, per capita;P41;Actual individual consumption;PT;Portugal;1991;1991;6100.0
A;Annual;CLV20_EUR_HAB;Chain linked volumes (2020), euro per capita;P41;Actual individual consumption;PT;Portugal;1991;1991;6320.0
A;Annual;CLV15_EUR_HAB;Chain linked volumes (2015), euro per capita;P41;Actual individual consumption;PT;Portugal;1991;1991;6200.0
A;Annual;CLV10_EUR_HAB;Chain linked volumes (2010), euro per capita;P41;Actual individual consumption;PT;Portugal;1991;1991;6670.0
A;Annual;CLV_PCH_PRE_HAB;Chain linked volumes, percentage change on previous period, per capita;P41;Actual individual consumption;PT;Portugal;1991;1991;8300.0
A;Annual;PC_EU27_2020_HAB_MEUR_CP;Percentage of EU27 (from 2020) total per capita (based on million euro, EU27 from 2020), current prices;B1GQ;Gross domestic product at market prices;PT;Portugal;1992;1992;
A;Annual;PC_EU27_2020_HAB_MPPS_CP;Percentage of EU27 (from 2020) total per capita (based on million purchasing power standards, EU27 from 2020), current prices;B1GQ;Gross domestic product at market prices;PT;Portugal;1992;1992;
A;Annual;CP_EUR_HAB;Current prices, euro per capita;B1GQ;Gross domestic product at market prices;PT;Portugal;1992;1992;
A;Annual;CP_NAC_HAB;Current prices, units of national currency per capita;B1GQ;Gross domestic product at market prices;PT;Portugal;1992;1992;
A;Annual;CP_PPS_EU27_2020_HAB;Current prices, purchasing power standard (PPS, EU27 from 2020) per capita;B1GQ;Gross domestic product at market prices;PT;Portugal;1992;1992;
A;Annual;CLV_I20_HAB;Chain linked volumes, Index 2020=100, per capita;B1GQ;Gross domestic product at market prices;PT;Portugal;1992;1992;
A;Annual;CLV_I15_HAB;Chain linked volumes, Index 2015=100, per capita;B1GQ;Gross domestic product at market prices;PT;Portugal;1992;1992;
A;Annual;CLV_I10_HAB;Chain linked volumes, Index 2010=100, per capita;B1GQ;Gross domestic product at market prices;PT;Portugal;1992;1992;
A;Annual;CLV20_EUR_HAB;Chain linked volumes (2020), euro per capita;B1GQ;Gross domestic product at market prices;PT;Portugal;1992;1992;
A;Annual;CLV15_EUR_HAB;Chain linked volumes (2015), euro per capita;B1GQ;Gross domestic product at market prices;PT;Portugal;1992;1992;
A;Annual;CLV10_EUR_HAB;Chain linked volumes (2010), euro per capita;B1GQ;Gross domestic product at market prices;PT;Portugal;1992;1992;
A;Annual;CLV_PCH_PRE_HAB;Chain linked volumes, percentage change on previous period, per capita;B1GQ;Gross domestic product at market prices;PT;Portugal;1992;1992;
A;Annual;PC_EU27_2020_HAB_MEUR_CP;Percentage of EU27 (from 2020) total per capita (based on million euro, EU27 from 2020), current prices;P3;Final consumption expenditure;PT;Portugal;1992;1992;
A;Annual;PC_EU27_2020_HAB_MPPS_CP;Percentage of EU27 (from 2020) total per capita (based on million purchasing power standards, EU27 from 2020), current prices;P3;Final consumption expenditure;PT;Portugal;1992;1992;
A;Annual;CP_EUR_HAB;Current prices, euro per capita;P3;Final consumption expenditure;PT;Portugal;1992;1992;
A;Annual;CP_NAC_HAB;Current prices, units of national currency per capita;P3;Final consumption expenditure;PT;Portugal;1992;1992;
A;Annual;CP_PPS_EU27_2020_HAB;Current prices, purchasing power standard (PPS, EU27 from 2020) per capita;P3;Final consumption expenditure;PT;Portugal;1992;1992;
A;Annual;CLV_I20_HAB;Chain linked volumes, Index 2020=100, per capita;P3;Final consumption expenditure;PT;Portugal;1992;1992;
A;Annual;CLV_I15_HAB;Chain linked volumes, Index 2015=100, per capita;P3;Final consumption expenditure;PT;Portugal;1992;1992;
A;Annual;CLV_I10_HAB;Chain linked volumes, Index 2010=100, per capita;P3;Final consumption expenditure;PT;Portugal;1992;1992;
A;Annual;CLV20_EUR_HAB;Chain linked volumes (2020), euro per capita;P3;Final consumption expenditure;PT;Portugal;1992;1992;
A;Annual;CLV15_EUR_HAB;Chain linked volumes (2015), euro per capita;P3;Final consumption expenditure;PT;Portugal;1992;1992;
A;Annual;CLV10_EUR_HAB;Chain linked volumes (2010), euro per capita;P3;Final consumption expenditure;PT;Portugal;1992;1992;
A;Annual;CLV_PCH_PRE_HAB;Chain linked volumes, percentage change on previous period, per capita;P3;Final consumption expenditure;PT;Portugal;1992;1992;
A;Annual;PC_EU27_2020_HAB_MEUR_CP;Percentage of EU27 (from 2020) total per capita (based on million euro, EU27 from 2020), current prices;P3_S13;Final consumption expenditure of general government;PT;Portugal;1992;1992;
A;Annual;PC_EU27_2020_HAB_MPPS_CP;Percentage of EU27 (from 2020) total per capita (based on million purchasing power standards, EU27 from 2020), current prices;P3_S13;Final consumption expenditure of general government;PT;Portugal;1992;1992;
A;Annual;CP_EUR_HAB;Current prices, euro per capita;P3_S13;Final consumption expenditure of general government;PT;Portugal;1992;1992;
A;Annual;CP_NAC_HAB;Current prices, units of national currency per capita;P3_S13;Final consumption expenditure of general government;PT;Portugal;1992;1992;
A;Annual;CP_PPS_EU27_2020_HAB;Current prices, purchasing power standard (PPS, EU27 from 2020) per capita;P3_S13;Final consumption expenditure of general government;PT;Portugal;1992;1992;3035.6
A;Annual;CLV_I20_HAB;Chain linked volumes, Index 2020=100, per capita;P3_S13;Final consumption expenditure of general government;PT;Portugal;1992;1992;3183.1
A;Annual;CLV_I15_HAB;Chain linked volumes, Index 2015=100, per capita;P3_S13;Final consumption expenditure of general government;PT;Portugal;1992;1992;3225.8
A;Annual;CLV_I10_HAB;Chain linked volumes, Index 2010=100, per capita;P3_S13;Final consumption expenditure of general government;PT;Portugal;1992;1992;3308.7
A;Annual;CLV20_EUR_HAB;Chain linked volumes (2020), euro per capita;P3_S13;Final consumption expenditure of general government;PT;Portugal;1992;1992;3480.5
A;Annual;CLV15_EUR_HAB;Chain linked volumes (2015), euro per capita;P3_S13;Final consumption expenditure of general government;PT;Portugal;1992;1992;3650.1
A;Annual;CLV10_EUR_HAB;Chain linked volumes (2010), euro per capita;P3_S13;Final consumption expenditure of general government;PT;Portugal;1992;1992;3825.4
A;Annual;CLV_PCH_PRE_HAB;Chain linked volumes, percentage change on previous period, per capita;P3_S13;Final consumption expenditure of general government;PT;Portugal;1992;1992;4029.5
A;Annual;PC_EU27_2020_HAB_MEUR_CP;Percentage of EU27 (from 2020) total per capita (based on million euro, EU27 from 2020), current prices;P31_S13;Individual consumption expenditure of general government;PT;Portugal;1992;1992;4185.0
A;Annual;PC_EU27_2020_HAB_MPPS_CP;Percentage of EU27 (from 2020) total per capita (based on million purchasing power standards, EU27 from 2020), current prices;P31_S13;Individual consumption expenditure of general government;PT;Portugal;1992;1992;4318.9
A;Annual;CP_EUR_HAB;Current prices, euro per capita;P31_S13;Individual consumption expenditure of general government;PT;Portugal;1992;1992;4502.7
A;Annual;CP_NAC_HAB;Current prices, units of national currency per capita;P31_S13;Individual consumption expenditure of general government;PT;Portugal;1992;1992;4703.6
A;Annual;CP_PPS_EU27_2020_HAB;Current prices, purchasing power standard (PPS, EU27 from 2020) per capita;P31_S13;Individual consumption expenditure of general government;PT;Portugal;1992;1992;4898.1
A;Annual;CLV_I20_HAB;Chain linked volumes, Index 2020=100, per capita;P31_S13;Individual consumption expenditure of general government;PT;Portugal;1992;1992;5161.8
A;Annual;CLV_I15_HAB;Chain linked volumes, Index 2015=100, per capita;P31_S13;Individual consumption expenditure of general government;PT;Portugal;1992;1992;5311.8
A;Annual;CLV_I10_HAB;Chain linked volumes, Index 2010=100, per capita;P31_S13;Individual consumption expenditure of general government;PT;Portugal;1992;1992;5434.6
A;Annual;CLV20_EUR_HAB;Chain linked volumes (2020), euro per capita;P31_S13;Individual consumption expenditure of general government;PT;Portugal;1992;1992;5489.5
A;Annual;CLV15_EUR_HAB;Chain linked volumes (2015), euro per capita;P31_S13;Individual consumption expenditure of general government;PT;Portugal;1992;1992;5526.9
A;Annual;CLV10_EUR_HAB;Chain linked volumes (2010), euro per capita;P31_S13;Individual consumption expenditure of general government;PT;Portugal;1992;1992;5612.6
A;Annual;CLV_PCH_PRE_HAB;Chain linked volumes, percentage change on previous period, per capita;P31_S13;Individual consumption expenditure of general government;PT;Portugal;1992;1992;5696.8
A;Annual;PC_EU27_2020_HAB_MEUR_CP;Percentage of EU27 (from 2020) total per capita (based on million euro, EU27 from 2020), current prices;P32_S13;Collective consumption expenditure of general government;PT;Portugal;1992;1992;5798.9
A;Annual;PC_EU27_2020_HAB_MPPS_CP;Percentage of EU27 (from 2020) total per capita (based on million purchasing power standards, EU27 from 2020), current prices;P32_S13;Collective consumption expenditure of general government;PT;Portugal;1992;1992;5942.3
A;Annual;CP_EUR_HAB;Current prices, euro per capita;P32_S13;Collective consumption expenditure of general government;PT;Portugal;1992;1992;6125.3
A;Annual;CP_NAC_HAB;Current prices, units of national currency per capita;P32_S13;Collective consumption expenditure of general government;PT;Portugal;1992;1992;6302.8
A;Annual;CP_PPS_EU27_2020_HAB;Current prices, purchasing power standard (PPS, EU27 from 2020) per capita;P32_S13;Collective consumption expenditure of general government;PT;Portugal;1992;1992;6546.4
A;Annual;CLV_I20_HAB;Chain linked volumes, Index 2020=100, per capita;P32_S13;Collective consumption expenditure of general government;PT;Portugal;1992;1992;6855.1
A;Annual;CLV_I15_HAB;Chain linked volumes, Index 2015=100, per capita;P32_S13;Collective consumption expenditure of general government;PT;Portugal;1992;1992;7313.3
A;Annual;CLV_I10_HAB;Chain linked volumes, Index 2010=100, per capita;P32_S13;Collective consumption expenditure of general government;PT;Portugal;1992;1992;7688.3
A;Annual;CLV20_EUR_HAB;Chain linked volumes (2020), euro per capita;P32_S13;Collective consumption expenditure of general government;PT;Portugal;1992;1992;8099.6
A;Annual;CLV15_EUR_HAB;Chain linked volumes (2015), euro per capita;P32_S13;Collective consumption expenditure of general government;PT;Portugal;1992;1992;8574.8
A;Annual;CLV10_EUR_HAB;Chain linked volumes (2010), euro per capita;P32_S13;Collective consumption expenditure of general government;PT;Portugal;1992;1992;
A;Annual;CLV_PCH_PRE_HAB;Chain linked volumes, percentage change on previous period, per capita;P32_S13;Collective consumption expenditure of general government;PT;Portugal;1992;1992;
A;Annual;PC_EU27_2020_HAB_MEUR_CP;Percentage of EU27 (from 2020) total per capita (based on million euro, EU27 from 2020), current prices;P31_S14_S15;Household and NPISH final consumption expenditure;PT;Portugal;1992;1992;
A;Annual;PC_EU27_2020_HAB_MPPS_CP;Percentage of EU27 (from 2020) total per capita (based on million purchasing power standards, EU27 from 2020), current prices;P31_S14_S15;Household and NPISH final consumption expenditure;PT;Portugal;1992;1992;
A;Annual;CP_EUR_HAB;Current prices, euro per capita;P31_S14_S15;Household and NPISH final consumption expenditure;PT;Portugal;1992;1992;
A;Annual;CP_NAC_HAB;Current prices, units of national currency per capita;P31_S14_S15;Household and NPISH final consumption expenditure;PT;Portugal;1992;1992;
A;Annual;CP_PPS_EU27_2020_HAB;Current prices, purchasing power standard (PPS, EU27 from 2020) per capita;P31_S14_S15;Household and NPISH final consumption expenditure;PT;Portugal;1992;1992;
A;Annual;CLV_I20_HAB;Chain linked volumes, Index 2020=100, per capita;P31_S14_S15;Household and NPISH final consumption expenditure;PT;Portugal;1992;1992;
A;Annual;CLV_I15_HAB;Chain linked volumes, Index 2015=100, per capita;P31_S14_S15;Household and NPISH final consumption expenditure;PT;Portugal;1992;1992;
A;Annual;CLV_I10_HAB;Chain linked volumes, Index 2010=100, per capita;P31_S14_S15;Household and NPISH final consumption expenditure;PT;Portugal;1992;1992;
A;Annual;CLV20_EUR_HAB;Chain linked volumes (2020), euro per capita;P31_S14_S15;Household and NPISH final consumption expenditure;PT;Portugal;1992;1992;
A;Annual;CLV15_EUR_HAB;Chain linked volumes (2015), euro per capita;P31_S14_S15;Household and NPISH final consumption expenditure;PT;Portugal;1992;1992;
A;Annual;CLV10_EUR_HAB;Chain linked volumes (2010), euro per capita;P31_S14_S15;Household and NPISH final consumption expenditure;PT;Portugal;1992;1992;
A;Annual;CLV_PCH_PRE_HAB;Chain linked volumes, percentage change on previous period, per capita;P31_S14_S15;Household and NPISH final consumption expenditure;PT;Portugal;1992;1992;
A;Annual;PC_EU27_2020_HAB_MEUR_CP;Percentage of EU27 (from 2020) total per capita (based on million euro, EU27 from 2020), current prices;P31_S14;Final consumption expenditure of households;PT;Portugal;1992;1992;
A;Annual;PC_EU27_2020_HAB_MPPS_CP;Percentage of EU27 (from 2020) total per capita (based on million purchasing power standards, EU27 from 2020), current prices;P31_S14;Final consumption expenditure of households;PT;Portugal;1992;1992;
A;Annual;CP_EUR_HAB;Current prices, euro per capita;P31_S14;Final consumption expenditure of households;PT;Portugal;1992;1992;
A;Annual;CP_NAC_HAB;Current prices, units of national currency per capita;P31_S14;Final consumption expenditure of households;PT;Portugal;1992;1992;
A;Annual;CP_PPS_EU27_2020_HAB;Current prices, purchasing power standard (PPS, EU27 from 2020) per capita;P31_S14;Final consumption expenditure of households;PT;Portugal;1992;1992;
A;Annual;CLV_I20_HAB;Chain linked volumes, Index 2020=100, per capita;P31_S14;Final consumption expenditure of households;PT;Portugal;1992;1992;
A;Annual;CLV_I15_HAB;Chain linked volumes, Index 2015=100, per capita;P31_S14;Final consumption expenditure of households;PT;Portugal;1992;1992;3605.7
A;Annual;CLV_I10_HAB;Chain linked volumes, Index 2010=100, per capita;P31_S14;Final consumption expenditure of households;PT;Portugal;1992;1992;3768.9
A;Annual;CLV20_EUR_HAB;Chain linked volumes (2020), euro per capita;P31_S14;Final consumption expenditure of households;PT;Portugal;1992;1992;3817.9
A;Annual;CLV15_EUR_HAB;Chain linked volumes (2015), euro per capita;P31_S14;Final consumption expenditure of households;PT;Portugal;1992;1992;3907.7
A;Annual;CLV10_EUR_HAB;Chain linked volumes (2010), euro per capita;P31_S14;Final consumption expenditure of households;PT;Portugal;1992;1992;4102.7
A;Annual;CLV_PCH_PRE_HAB;Chain linked volumes, percentage change on previous period, per capita;P31_S14;Final consumption expenditure of households;PT;Portugal;1992;1992;4302.5
A;Annual;PC_EU27_2020_HAB_MEUR_CP;Percentage of EU27 (from 2020) total per capita (based on million euro, EU27 from 2020), current prices;P31_S15;Final consumption expenditure of NPISH;PT;Portugal;1992;1992;4447.1
A;Annual;PC_EU27_2020_HAB_MPPS_CP;Percentage of EU27 (from 2020) total per capita (based on million purchasing power standards, EU27 from 2020), current prices;P31_S15;Final consumption expenditure of NPISH;PT;Portugal;1992;1992;4654.5
A;Annual;CP_EUR_HAB;Current prices, euro per capita;P31_S15;Final consumption expenditure of NPISH;PT;Portugal;1992;1992;4799.3
A;Annual;CP_NAC_HAB;Current prices, units of national currency per capita;P31_S15;Final consumption expenditure of NPISH;PT;Portugal;1992;1992;4926.8
A;Annual;CP_PPS_EU27_2020_HAB;Current prices, purchasing power standard (PPS, EU27 from 2020) per capita;P31_S15;Final consumption expenditure of NPISH;PT;Portugal;1992;1992;5128.0
A;Annual;CLV_I20_HAB;Chain linked volumes, Index 2020=100, per capita;P31_S15;Final consumption expenditure of NPISH;PT;Portugal;1992;1992;5329.2
A;Annual;CLV_I15_HAB;Chain linked volumes, Index 2015=100, per capita;P31_S15;Final consumption expenditure of NPISH;PT;Portugal;1992;1992;5502.3
A;Annual;CLV_I10_HAB;Chain linked volumes, Index 2010=100, per capita;P31_S15;Final consumption expenditure of NPISH;PT;Portugal;1992;1992;5739.8
A;Annual;CLV20_EUR_HAB;Chain linked volumes (2020), euro per capita;P31_S15;Final consumption expenditure of NPISH;PT;Portugal;1992;1992;5865.2
A;Annual;CLV15_EUR_HAB;Chain linked volumes (2015), euro per capita;P31_S15;Final consumption expenditure of NPISH;PT;Portugal;1992;1992;5970.6
A;Annual;CLV10_EUR_HAB;Chain linked volumes (2010), euro per capita;P31_S15;Final consumption expenditure of NPISH;PT;Portugal;1992;1992;6000.0
A;Annual;CLV_PCH_PRE_HAB;Chain linked volumes, percentage change on previous period, per capita;P31_S15;Final consumption expenditure of NPISH;PT;Portugal;1992;1992;6010.0
A;Annual;PC_EU27_2020_HAB_MEUR_CP;Percentage of EU27 (from 2020) total per capita (based on million euro, EU27 from 2020), current prices;P41;Actual individual consumption;PT;Portugal;1992;1992;6096.8
A;Annual;PC_EU27_2020_HAB_MPPS_CP;Percentage of EU27 (from 2020) total per capita (based on million purchasing power standards, EU27 from 2020), current prices;P41;Actual individual consumption;PT;Portugal;1992;1992;6153.0
A;Annual;CP_EUR_HAB;Current prices, euro per capita;P41;Actual individual consumption;PT;Portugal;1992;1992;6219.7
A;Annual;CP_NAC_HAB;Current prices, units of national currency per capita;P41;Actual individual consumption;PT;Portugal;1992;1992;6360.4
A;Annual;CP_PPS_EU27_2020_HAB;Current prices, purchasing power standard (PPS, EU27 from 2020) per capita;P41;Actual individual consumption;PT;Portugal;1992;1992;6533.3
A;Annual;CLV_I20_HAB;Chain linked volumes, Index 2020=100, per capita;P41;Actual individual consumption;PT;Portugal;1992;1992;6688.7
A;Annual;CLV_I15_HAB;Chain linked volumes, Index 2015=100, per capita;P41;Actual individual consumption;PT;Portugal;1992;1992;6914.3
A;Annual;CLV_I10_HAB;Chain linked volumes, Index 2010=100, per capita;P41;Actual individual consumption;PT;Portugal;1992;1992;7202.7
A;Annual;CLV20_EUR_HAB;Chain linked volumes (2020), euro per capita;P41;Actual individual consumption;PT;Portugal;1992;1992;7684.8
A;Annual;CLV15_EUR_HAB;Chain linked volumes (2015), euro per capita;P41;Actual individual consumption;PT;Portugal;1992;1992;8109.9
A;Annual;CLV10_EUR_HAB;Chain linked volumes (2010), euro per capita;P41;Actual individual consumption;PT;Portugal;1992;1992;8476.7
A;Annual;CLV_PCH_PRE_HAB;Chain linked volumes, percentage change on previous period, per capita;P41;Actual individual consumption;PT;Portugal;1992;1992;8910.4
A;Annual;PC_EU27_2020_HAB_MEUR_CP;Percentage of EU27 (from 2020) total per capita (based on million euro, EU27 from 2020), current prices;B1GQ;Gross domestic product at market prices;PT;Portugal;1993;1993;1473.1
A;Annual;PC_EU27_2020_HAB_MPPS_CP;Percentage of EU27 (from 2020) total per capita (based on million purchasing power standards, EU27 from 2020), current prices;B1GQ;Gross domestic product at market prices;PT;Portugal;1993;1993;1679.9
A;Annual;CP_EUR_HAB;Current prices, euro per capita;B1GQ;Gross domestic product at market prices;PT;Portugal;1993;1993;1776.4
A;Annual;CP_NAC_HAB;Current prices, units of national currency per capita;B1GQ;Gross domestic product at market prices;PT;Portugal;1993;1993;2033.9
A;Annual;CP_PPS_EU27_2020_HAB;Current prices, purchasing power standard (PPS, EU27 from 2020) per capita;B1GQ;Gross domestic product at market prices;PT;Portugal;1993;1993;2148.7
A;Annual;CLV_I20_HAB;Chain linked volumes, Index 2020=100, per capita;B1GQ;Gross domestic product at market prices;PT;Portugal;1993;1993;2410.2
A;Annual;CLV_I15_HAB;Chain linked volumes, Index 2015=100, per capita;B1GQ;Gross domestic product at market prices;PT;Portugal;1993;1993;
A;Annual;CLV_I10_HAB;Chain linked volumes, Index 2010=100, per capita;B1GQ;Gross domestic product at market prices;PT;Portugal;1993;1993;
A;Annual;CLV20_EUR_HAB;Chain linked volumes (2020), euro per capita;B1GQ;Gross domestic product at market prices;PT;Portugal;1993;1993;
A;Annual;CLV15_EUR_HAB;Chain linked volumes (2015), euro per capita;B1GQ;Gross domestic product at market prices;PT;Portugal;1993;1993;
A;Annual;CLV10_EUR_HAB;Chain linked volumes (2010), euro per capita;B1GQ;Gross domestic product at market prices;PT;Portugal;1993;1993;
A;Annual;CLV_PCH_PRE_HAB;Chain linked volumes, percentage change on previous period, per capita;B1GQ;Gross domestic product at market prices;PT;Portugal;1993;1993;
A;Annual;PC_EU27_2020_HAB_MEUR_CP;Percentage of EU27 (from 2020) total per capita (based on million euro, EU27 from 2020), current prices;P3;Final consumption expenditure;PT;Portugal;1993;1993;
A;Annual;PC_EU27_2020_HAB_MPPS_CP;Percentage of EU27 (from 2020) total per capita (based on million purchasing power standards, EU27 from 2020), current prices;P3;Final consumption expenditure;PT;Portugal;1993;1993;
A;Annual;CP_EUR_HAB;Current prices, euro per capita;P3;Final consumption expenditure;PT;Portugal;1993;1993;
A;Annual;CP_NAC_HAB;Current prices, units of national currency per capita;P3;Final consumption expenditure;PT;Portugal;1993;1993;
A;Annual;CP_PPS_EU27_2020_HAB;Current prices, purchasing power standard (PPS, EU27 from 2020) per capita;P3;Final consumption expenditure;PT;Portugal;1993;1993;
A;Annual;CLV_I20_HAB;Chain linked volumes, Index 2020=100, per capita;P3;Final consumption expenditure;PT;Portugal;1993;1993;
A;Annual;CLV_I15_HAB;Chain linked volumes, Index 2015=100, per capita;P3;Final consumption expenditure;PT;Portugal;1993;1993;
A;Annual;CLV_I10_HAB;Chain linked volumes, Index 2010=100, per capita;P3;Final consumption expenditure;PT;Portugal;1993;1993;
A;Annual;CLV20_EUR_HAB;Chain linked volumes (2020), euro per capita;P3;Final consumption expenditure;PT;Portugal;1993;1993;
A;Annual;CLV15_EUR_HAB;Chain linked volumes (2015), euro per capita;P3;Final consumption expenditure;PT;Portugal;1993;1993;
A;Annual;CLV10_EUR_HAB;Chain linked volumes (2010), euro per capita;P3;Final consumption expenditure;PT;Portugal;1993;1993;
A;Annual;CLV_PCH_PRE_HAB;Chain linked volumes, percentage change on previous period, per capita;P3;Final consumption expenditure;PT;Portugal;1993;1993;
A;Annual;PC_EU27_2020_HAB_MEUR_CP;Percentage of EU27 (from 2020) total per capita (based on million euro, EU27 from 2020), current prices;P3_S13;Final consumption expenditure of general government;PT;Portugal;1993;1993;
A;Annual;PC_EU27_2020_HAB_MPPS_CP;Percentage of EU27 (from 2020) total per capita (based on million purchasing power standards, EU27 from 2020), current prices;P3_S13;Final consumption expenditure of general government;PT;Portugal;1993;1993;
A;Annual;CP_EUR_HAB;Current prices, euro per capita;P3_S13;Final consumption expenditure of general government;PT;Portugal;1993;1993;1135.7
A;Annual;CP_NAC_HAB;Current prices, units of national currency per capita;P3_S13;Final consumption expenditure of general government;PT;Portugal;1993;1993;1149.0
A;Annual;CP_PPS_EU27_2020_HAB;Current prices, purchasing power standard (PPS, EU27 from 2020) per capita;P3_S13;Final consumption expenditure of general government;PT;Portugal;1993;1993;1245.5
A;Annual;CLV_I20_HAB;Chain linked volumes, Index 2020=100, per capita;P3_S13;Final consumption expenditure of general government;PT;Portugal;1993;1993;1145.4
A;Annual;CLV_I15_HAB;Chain linked volumes, Index 2015=100, per capita;P3_S13;Final consumption expenditure of general government;PT;Portugal;1993;1993;1303.6
A;Annual;CLV_I10_HAB;Chain linked volumes, Index 2010=100, per capita;P3_S13;Final consumption expenditure of general government;PT;Portugal;1993;1993;1332.5
A;Annual;CLV20_EUR_HAB;Chain linked volumes (2020), euro per capita;P3_S13;Final consumption expenditure of general government;PT;Portugal;1993;1993;1430.8
A;Annual;CLV15_EUR_HAB;Chain linked volumes (2015), euro per capita;P3_S13;Final consumption expenditure of general government;PT;Portugal;1993;1993;1529.7
A;Annual;CLV10_EUR_HAB;Chain linked volumes (2010), euro per capita;P3_S13;Final consumption expenditure of general government;PT;Portugal;1993;1993;1740.8
A;Annual;CLV_PCH_PRE_HAB;Chain linked volumes, percentage change on previous period, per capita;P3_S13;Final consumption expenditure of general government;PT;Portugal;1993;1993;1694.1
A;Annual;PC_EU27_2020_HAB_MEUR_CP;Percentage of EU27 (from 2020) total per capita (based on million euro, EU27 from 2020), current prices;P31_S13;Individual consumption expenditure of general government;PT;Portugal;1993;1993;1843.8
A;Annual;PC_EU27_2020_HAB_MPPS_CP;Percentage of EU27 (from 2020) total per capita (based on million purchasing power standards, EU27 from 2020), current prices;P31_S13;Individual consumption expenditure of general government;PT;Portugal;1993;1993;1933.1
A;Annual;CP_EUR_HAB;Current prices, euro per capita;P31_S13;Individual consumption expenditure of general government;PT;Portugal;1993;1993;2016.4
A;Annual;CP_NAC_HAB;Current prices, units of national currency per capita;P31_S13;Individual consumption expenditure of general government;PT;Portugal;1993;1993;2116.8
A;Annual;CP_PPS_EU27_2020_HAB;Current prices, purchasing power standard (PPS, EU27 from 2020) per capita;P31_S13;Individual consumption expenditure of general government;PT;Portugal;1993;1993;2167.9
A;Annual;CLV_I20_HAB;Chain linked volumes, Index 2020=100, per capita;P31_S13;Individual consumption expenditure of general government;PT;Portugal;1993;1993;2144.6
A;Annual;CLV_I15_HAB;Chain linked volumes, Index 2015=100, per capita;P31_S13;Individual consumption expenditure of general government;PT;Portugal;1993;1993;2011.7
A;Annual;CLV_I10_HAB;Chain linked volumes, Index 2010=100, per capita;P31_S13;Individual consumption expenditure of general government;PT;Portugal;1993;1993;1937.5
A;Annual;CLV20_EUR_HAB;Chain linked volumes (2020), euro per capita;P31_S13;Individual consumption expenditure of general government;PT;Portugal;1993;1993;2038.6
A;Annual;CLV15_EUR_HAB;Chain linked volumes (2015), euro per capita;P31_S13;Individual consumption expenditure of general government;PT;Portugal;1993;1993;2074.7
A;Annual;CLV10_EUR_HAB;Chain linked volumes (2010), euro per capita;P31_S13;Individual consumption expenditure of general government;PT;Portugal;1993;1993;2153.5
A;Annual;CLV_PCH_PRE_HAB;Chain linked volumes, percentage change on previous period, per capita;P31_S13;Individual consumption expenditure of general government;PT;Portugal;1993;1993;2234.5
A;Annual;PC_EU27_2020_HAB_MEUR_CP;Percentage of EU27 (from 2020) total per capita (based on million euro, EU27 from 2020), current prices;P32_S13;Collective consumption expenditure of general government;PT;Portugal;1993;1993;2343.2
A;Annual;PC_EU27_2020_HAB_MPPS_CP;Percentage of EU27 (from 2020) total per capita (based on million purchasing power standards, EU27 from 2020), current prices;P32_S13;Collective consumption expenditure of general government;PT;Portugal;1993;1993;2530.3
A;Annual;CP_EUR_HAB;Current prices, euro per capita;P32_S13;Collective consumption expenditure of general government;PT;Portugal;1993;1993;2626.7
A;Annual;CP_NAC_HAB;Current prices, units of national currency per capita;P32_S13;Collective consumption expenditure of general government;PT;Portugal;1993;1993;2719.6
A;Annual;CP_PPS_EU27_2020_HAB;Current prices, purchasing power standard (PPS, EU27 from 2020) per capita;P32_S13;Collective consumption expenditure of general government;PT;Portugal;1993;1993;2647.3
A;Annual;CLV_I20_HAB;Chain linked volumes, Index 2020=100, per capita;P32_S13;Collective consumption expenditure of general government;PT;Portugal;1993;1993;2649.7
A;Annual;CLV_I15_HAB;Chain linked volumes, Index 2015=100, per capita;P32_S13;Collective consumption expenditure of general government;PT;Portugal;1993;1993;2859.5
A;Annual;CLV_I10_HAB;Chain linked volumes, Index 2010=100, per capita;P32_S13;Collective consumption expenditure of general government;PT;Portugal;1993;1993;3047.0
A;Annual;CLV20_EUR_HAB;Chain linked volumes (2020), euro per capita;P32_S13;Collective consumption expenditure of general government;PT;Portugal;1993;1993;
A;Annual;CLV15_EUR_HAB;Chain linked volumes (2015), euro per capita;P32_S13;Collective consumption expenditure of general government;PT;Portugal;1993;1993;
A;Annual;CLV10_EUR_HAB;Chain linked volumes (2010), euro per capita;P32_S13;Collective consumption expenditure of general government;PT;Portugal;1993;1993;
A;Annual;CLV_PCH_PRE_HAB;Chain linked volumes, percentage change on previous period, per capita;P32_S13;Collective consumption expenditure of general government;PT;Portugal;1993;1993;
A;Annual;PC_EU27_2020_HAB_MEUR_CP;Percentage of EU27 (from 2020) total per capita (based on million euro, EU27 from 2020), current prices;P31_S14_S15;Household and NPISH final consumption expenditure;PT;Portugal;1993;1993;
A;Annual;PC_EU27_2020_HAB_MPPS_CP;Percentage of EU27 (from 2020) total per capita (based on million purchasing power standards, EU27 from 2020), current prices;P31_S14_S15;Household and NPISH final consumption expenditure;PT;Portugal;1993;1993;
A;Annual;CP_EUR_HAB;Current prices, euro per capita;P31_S14_S15;Household and NPISH final consumption expenditure;PT;Portugal;1993;1993;
A;Annual;CP_NAC_HAB;Current prices, units of national currency per capita;P31_S14_S15;Household and NPISH final consumption expenditure;PT;Portugal;1993;1993;
A;Annual;CP_PPS_EU27_2020_HAB;Current prices, purchasing power standard (PPS, EU27 from 2020) per capita;P31_S14_S15;Household and NPISH final consumption expenditure;PT;Portugal;1993;1993;
A;Annual;CLV_I20_HAB;Chain linked volumes, Index 2020=100, per capita;P31_S14_S15;Household and NPISH final consumption expenditure;PT;Portugal;1993;1993;
A;Annual;CLV_I15_HAB;Chain linked volumes, Index 2015=100, per capita;P31_S14_S15;Household and NPISH final consumption expenditure;PT;Portugal;1993;1993;
A;Annual;CLV_I10_HAB;Chain linked volumes, Index 2010=100, per capita;P31_S14_S15;Household and NPISH final consumption expenditure;PT;Portugal;1993;1993;
A;Annual;CLV20_EUR_HAB;Chain linked volumes (2020), euro per capita;P31_S14_S15;Household and NPISH final consumption expenditure;PT;Portugal;1993;1993;
A;Annual;CLV15_EUR_HAB;Chain linked volumes (2015), euro per capita;P31_S14_S15;Household and NPISH final consumption expenditure;PT;Portugal;1993;1993;
A;Annual;CLV10_EUR_HAB;Chain linked volumes (2010), euro per capita;P31_S14_S15;Household and NPISH final consumption expenditure;PT;Portugal;1993;1993;
A;Annual;CLV_PCH_PRE_HAB;Chain linked volumes, percentage change on previous period, per capita;P31_S14_S15;Household and NPISH final consumption expenditure;PT;Portugal;1993;1993;
A;Annual;PC_EU27_2020_HAB_MEUR_CP;Percentage of EU27 (from 2020) total per capita (based on million euro, EU27 from 2020), current prices;P31_S14;Final consumption expenditure of households;PT;Portugal;1993;1993;
A;Annual;PC_EU27_2020_HAB_MPPS_CP;Percentage of EU27 (from 2020) total per capita (based on million purchasing power standards, EU27 from 2020), current prices;P31_S14;Final consumption expenditure of households;PT;Portugal;1993;1993;
A;Annual;CP_EUR_HAB;Current prices, euro per capita;P31_S14;Final consumption expenditure of households;PT;Portugal;1993;1993;
A;Annual;CP_NAC_HAB;Current prices, units of national currency per capita;P31_S14;Final consumption expenditure of households;PT;Portugal;1993;1993;
A;Annual;CP_PPS_EU27_2020_HAB;Current prices, purchasing power standard (PPS, EU27 from 2020) per capita;P31_S14;Final consumption expenditure of households;PT;Portugal;1993;1993;1453.8
A;Annual;CLV_I20_HAB;Chain linked volumes, Index 2020=100, per capita;P31_S14;Final consumption expenditure of households;PT;Portugal;1993;1993;1555.0
A;Annual;CLV_I15_HAB;Chain linked volumes, Index 2015=100, per capita;P31_S14;Final consumption expenditure of households;PT;Portugal;1993;1993;1614.5
A;Annual;CLV_I10_HAB;Chain linked volumes, Index 2010=100, per capita;P31_S14;Final consumption expenditure of households;PT;Portugal;1993;1993;1676.8
A;Annual;CLV20_EUR_HAB;Chain linked volumes (2020), euro per capita;P31_S14;Final consumption expenditure of households;PT;Portugal;1993;1993;1765.8
A;Annual;CLV15_EUR_HAB;Chain linked volumes (2015), euro per capita;P31_S14;Final consumption expenditure of households;PT;Portugal;1993;1993;1841.7
A;Annual;CLV10_EUR_HAB;Chain linked volumes (2010), euro per capita;P31_S14;Final consumption expenditure of households;PT;Portugal;1993;1993;1896.9
A;Annual;CLV_PCH_PRE_HAB;Chain linked volumes, percentage change on previous period, per capita;P31_S14;Final consumption expenditure of households;PT;Portugal;1993;1993;1951.2
A;Annual;PC_EU27_2020_HAB_MEUR_CP;Percentage of EU27 (from 2020) total per capita (based on million euro, EU27 from 2020), current prices;P31_S15;Final consumption expenditure of NPISH;PT;Portugal;1993;1993;1951.3
A;Annual;PC_EU27_2020_HAB_MPPS_CP;Percentage of EU27 (from 2020) total per capita (based on million purchasing power standards, EU27 from 2020), current prices;P31_S15;Final consumption expenditure of NPISH;PT;Portugal;1993;1993;2065.1
A;Annual;CP_EUR_HAB;Current prices, euro per capita;P31_S15;Final consumption expenditure of NPISH;PT;Portugal;1993;1993;2140.9
A;Annual;CP_NAC_HAB;Current prices, units of national currency per capita;P31_S15;Final consumption expenditure of NPISH;PT;Portugal;1993;1993;2242.2
A;Annual;CP_PPS_EU27_2020_HAB;Current prices, purchasing power standard (PPS, EU27 from 2020) per capita;P31_S15;Final consumption expenditure of NPISH;PT;Portugal;1993;1993;2329.1
A;Annual;CLV_I20_HAB;Chain linked volumes, Index 2020=100, per capita;P31_S15;Final consumption expenditure of NPISH;PT;Portugal;1993;1993;2505.5
A;Annual;CLV_I15_HAB;Chain linked volumes, Index 2015=100, per capita;P31_S15;Final consumption expenditure of NPISH;PT;Portugal;1993;1993;2618.7
A;Annual;CLV_I10_HAB;Chain linked volumes, Index 2010=100, per capita;P31_S15;Final consumption expenditure of NPISH;PT;Portugal;1993;1993;2700.0
A;Annual;CLV20_EUR_HAB;Chain linked volumes (2020), euro per capita;P31_S15;Final consumption expenditure of NPISH;PT;Portugal;1993;1993;2644.7
A;Annual;CLV15_EUR_HAB;Chain linked volumes (2015), euro per capita;P31_S15;Final consumption expenditure of NPISH;PT;Portugal;1993;1993;2656.3
A;Annual;CLV10_EUR_HAB;Chain linked volumes (2010), euro per capita;P31_S15;Final consumption expenditure of NPISH;PT;Portugal;1993;1993;2610.3
A;Annual;CLV_PCH_PRE_HAB;Chain linked volumes, percentage change on previous period, per capita;P31_S15;Final consumption expenditure of NPISH;PT;Portugal;1993;1993;2574.7
A;Annual;PC_EU27_2020_HAB_MEUR_CP;Percentage of EU27 (from 2020) total per capita (based on million euro, EU27 from 2020), current prices;P41;Actual individual consumption;PT;Portugal;1993;1993;2594.5
A;Annual;PC_EU27_2020_HAB_MPPS_CP;Percentage of EU27 (from 2020) total per capita (based on million purchasing power standards, EU27 from 2020), current prices;P41;Actual individual consumption;PT;Portugal;1993;1993;2570.7
A;Annual;CP_EUR_HAB;Current prices, euro per capita;P41;Actual individual consumption;PT;Portugal;1993;1993;2690.4
A;Annual;CP_NAC_HAB;Current prices, units of national currency per capita;P41;Actual individual consumption;PT;Portugal;1993;1993;2763.8
A;Annual;CP_PPS_EU27_2020_HAB;Current prices, purchasing power standard (PPS, EU27 from 2020) per capita;P41;Actual individual consumption;PT;Portugal;1993;1993;2833.8
A;Annual;CLV_I20_HAB;Chain linked volumes, Index 2020=100, per capita;P41;Actual individual consumption;PT;Portugal;1993;1993;2938.0
A;Annual;CLV_I15_HAB;Chain linked volumes, Index 2015=100, per capita;P41;Actual individual consumption;PT;Portugal;1993;1993;3092.9
A;Annual;CLV_I10_HAB;Chain linked volumes, Index 2010=100, per capita;P41;Actual individual consumption;PT;Portugal;1993;1993;3157.6
A;Annual;CLV20_EUR_HAB;Chain linked volumes (2020), euro per capita;P41;Actual individual consumption;PT;Portugal;1993;1993;3290.1
A;Annual;CLV15_EUR_HAB;Chain linked volumes (2015), euro per capita;P41;Actual individual consumption;PT;Portugal;1993;1993;3531.4
A;Annual;CLV10_EUR_HAB;Chain linked volumes (2010), euro per capita;P41;Actual individual consumption;PT;Portugal;1993;1993;
A;Annual;CLV_PCH_PRE_HAB;Chain linked volumes, percentage change on previous period, per capita;P41;Actual individual consumption;PT;Portugal;1993;1993;
A;Annual;PC_EU27_2020_HAB_MEUR_CP;Percentage of EU27 (from 2020) total per capita (based on million euro, EU27 from 2020), current prices;B1GQ;Gross domestic product at market prices;PT;Portugal;1994;1994;15557.3
A;Annual;PC_EU27_2020_HAB_MPPS_CP;Percentage of EU27 (from 2020) total per capita (based on million purchasing power standards, EU27 from 2020), current prices;B1GQ;Gross domestic product at market prices;PT;Portugal;1994;1994;17498.0
A;Annual;CP_EUR_HAB;Current prices, euro per capita;B1GQ;Gross domestic product at market prices;PT;Portugal;1994;1994;18741.7
A;Annual;CP_NAC_HAB;Current prices, units of national currency per capita;B1GQ;Gross domestic product at market prices;PT;Portugal;1994;1994;19736.3
A;Annual;CP_PPS_EU27_2020_HAB;Current prices, purchasing power standard (PPS, EU27 from 2020) per capita;B1GQ;Gross domestic product at market prices;PT;Portugal;1994;1994;
A;Annual;CLV_I20_HAB;Chain linked volumes, Index 2020=100, per capita;B1GQ;Gross domestic product at market prices;PT;Portugal;1994;1994;
A;Annual;CLV_I15_HAB;Chain linked volumes, Index 2015=100, per capita;B1GQ;Gross domestic product at market prices;PT;Portugal;1994;1994;
A;Annual;CLV_I10_HAB;Chain linked volumes, Index 2010=100, per capita;B1GQ;Gross domestic product at market prices;PT;Portugal;1994;1994;
A;Annual;CLV20_EUR_HAB;Chain linked volumes (2020), euro per capita;B1GQ;Gross domestic product at market prices;PT;Portugal;1994;1994;
A;Annual;CLV15_EUR_HAB;Chain linked volumes (2015), euro per capita;B1GQ;Gross domestic product at market prices;PT;Portugal;1994;1994;
A;Annual;CLV10_EUR_HAB;Chain linked volumes (2010), euro per capita;B1GQ;Gross domestic product at market prices;PT;Portugal;1994;1994;
A;Annual;CLV_PCH_PRE_HAB;Chain linked volumes, percentage change on previous period, per capita;B1GQ;Gross domestic product at market prices;PT;Portugal;1994;1994;
A;Annual;PC_EU27_2020_HAB_MEUR_CP;Percentage of EU27 (from 2020) total per capita (based on million euro, EU27 from 2020), current prices;P3;Final consumption expenditure;PT;Portugal;1994;1994;
A;Annual;PC_EU27_2020_HAB_MPPS_CP;Percentage of EU27 (from 2020) total per capita (based on million purchasing power standards, EU27 from 2020), current prices;P3;Final consumption expenditure;PT;Portugal;1994;1994;
A;Annual;CP_EUR_HAB;Current prices, euro per capita;P3;Final consumption expenditure;PT;Portugal;1994;1994;
A;Annual;CP_NAC_HAB;Current prices, units of national currency per capita;P3;Final consumption expenditure;PT;Portugal;1994;1994;
A;Annual;CP_PPS_EU27_2020_HAB;Current prices, purchasing power standard (PPS, EU27 from 2020) per capita;P3;Final consumption expenditure;PT;Portugal;1994;1994;
A;Annual;CLV_I20_HAB;Chain linked volumes, Index 2020=100, per capita;P3;Final consumption expenditure;PT;Portugal;1994;1994;
A;Annual;CLV_I15_HAB;Chain linked volumes, Index 2015=100, per capita;P3;Final consumption expenditure;PT;Portugal;1994;1994;
A;Annual;CLV_I10_HAB;Chain linked volumes, Index 2010=100, per capita;P3;Final consumption expenditure;PT;Portugal;1994;1994;
A;Annual;CLV20_EUR_HAB;Chain linked volumes (2020), euro per capita;P3;Final consumption expenditure;PT;Portugal;1994;1994;
A;Annual;CLV15_EUR_HAB;Chain linked volumes (2015), euro per capita;P3;Final consumption expenditure;PT;Portugal;1994;1994;
A;Annual;CLV10_EUR_HAB;Chain linked volumes (2010), euro per capita;P3;Final consumption expenditure;PT;Portugal;1994;1994;
A;Annual;CLV_PCH_PRE_HAB;Chain linked volumes, percentage change on previous period, per capita;P3;Final consumption expenditure;PT;Portugal;1994;1994;
A;Annual;PC_EU27_2020_HAB_MEUR_CP;Percentage of EU27 (from 2020) total per capita (based on million euro, EU27 from 2020), current prices;P3_S13;Final consumption expenditure of general government;PT;Portugal;1994;1994;9132.6
A;Annual;PC_EU27_2020_HAB_MPPS_CP;Percentage of EU27 (from 2020) total per capita (based on million purchasing power standards, EU27 from 2020), current prices;P3_S13;Final consumption expenditure of general government;PT;Portugal;1994;1994;9568.4
A;Annual;CP_EUR_HAB;Current prices, euro per capita;P3_S13;Final consumption expenditure of general government;PT;Portugal;1994;1994;9685.0
A;Annual;CP_NAC_HAB;Current prices, units of national currency per capita;P3_S13;Final consumption expenditure of general government;PT;Portugal;1994;1994;10087.1
A;Annual;CP_PPS_EU27_2020_HAB;Current prices, purchasing power standard (PPS, EU27 from 2020) per capita;P3_S13;Final consumption expenditure of general government;PT;Portugal;1994;1994;10483.6
A;Annual;CLV_I20_HAB;Chain linked volumes, Index 2020=100, per capita;P3_S13;Final consumption expenditure of general government;PT;Portugal;1994;1994;11237.8
A;Annual;CLV_I15_HAB;Chain linked volumes, Index 2015=100, per capita;P3_S13;Final consumption expenditure of general government;PT;Portugal;1994;1994;11833.3
A;Annual;CLV_I10_HAB;Chain linked volumes, Index 2010=100, per capita;P3_S13;Final consumption expenditure of general government;PT;Portugal;1994;1994;12120.7
A;Annual;CLV20_EUR_HAB;Chain linked volumes (2020), euro per capita;P3_S13;Final consumption expenditure of general government;PT;Portugal;1994;1994;12070.4
A;Annual;CLV15_EUR_HAB;Chain linked volumes (2015), euro per capita;P3_S13;Final consumption expenditure of general government;PT;Portugal;1994;1994;12355.4
A;Annual;CLV10_EUR_HAB;Chain linked volumes (2010), euro per capita;P3_S13;Final consumption expenditure of general government;PT;Portugal;1994;1994;13103.5
A;Annual;CLV_PCH_PRE_HAB;Chain linked volumes, percentage change on previous period, per capita;P3_S13;Final consumption expenditure of general government;PT;Portugal;1994;1994;13573.9
A;Annual;PC_EU27_2020_HAB_MEUR_CP;Percentage of EU27 (from 2020) total per capita (based on million euro, EU27 from 2020), current prices;P31_S13;Individual consumption expenditure of general government;PT;Portugal;1994;1994;14117.6
A;Annual;PC_EU27_2020_HAB_MPPS_CP;Percentage of EU27 (from 2020) total per capita (based on million purchasing power standards, EU27 from 2020), current prices;P31_S13;Individual consumption expenditure of general government;PT;Portugal;1994;1994;14383.4
A;Annual;CP_EUR_HAB;Current prices, euro per capita;P31_S13;Individual consumption expenditure of general government;PT;Portugal;1994;1994;14016.5
A;Annual;CP_NAC_HAB;Current prices, units of national currency per capita;P31_S13;Individual consumption expenditure of general government;PT;Portugal;1994;1994;14553.0
A;Annual;CP_PPS_EU27_2020_HAB;Current prices, purchasing power standard (PPS, EU27 from 2020) per capita;P31_S13;Individual consumption expenditure of general government;PT;Portugal;1994;1994;14861.1
A;Annual;CLV_I20_HAB;Chain linked volumes, Index 2020=100, per capita;P31_S13;Individual consumption expenditure of general government;PT;Portugal;1994;1994;14739.0
A;Annual;CLV_I15_HAB;Chain linked volumes, Index 2015=100, per capita;P31_S13;Individual consumption expenditure of general government;PT;Portugal;1994;1994;15088.2
A;Annual;CLV_I10_HAB;Chain linked volumes, Index 2010=100, per capita;P31_S13;Individual consumption expenditure of general government;PT;Portugal;1994;1994;15143.3
A;Annual;CLV20_EUR_HAB;Chain linked volumes (2020), euro per capita;P31_S13;Individual consumption expenditure of general government;PT;Portugal;1994;1994;15379.3
A;Annual;CLV15_EUR_HAB;Chain linked volumes (2015), euro per capita;P31_S13;Individual consumption expenditure of general government;PT;Portugal;1994;1994;15640.6
A;Annual;CLV10_EUR_HAB;Chain linked volumes (2010), euro per capita;P31_S13;Individual consumption expenditure of general government;PT;Portugal;1994;1994;15952.5
A;Annual;CLV_PCH_PRE_HAB;Chain linked volumes, percentage change on previous period, per capita;P31_S13;Individual consumption expenditure of general government;PT;Portugal;1994;1994;16452.2
A;Annual;PC_EU27_2020_HAB_MEUR_CP;Percentage of EU27 (from 2020) total per capita (based on million euro, EU27 from 2020), current prices;P32_S13;Collective consumption expenditure of general government;PT;Portugal;1994;1994;17256.4
A;Annual;PC_EU27_2020_HAB_MPPS_CP;Percentage of EU27 (from 2020) total per capita (based on million purchasing power standards, EU27 from 2020), current prices;P32_S13;Collective consumption expenditure of general government;PT;Portugal;1994;1994;16218.1
A;Annual;CP_EUR_HAB;Current prices, euro per capita;P32_S13;Collective consumption expenditure of general government;PT;Portugal;1994;1994;16926.4
A;Annual;CP_NAC_HAB;Current prices, units of national currency per capita;P32_S13;Collective consumption expenditure of general government;PT;Portugal;1994;1994;18187.0
A;Annual;CP_PPS_EU27_2020_HAB;Current prices, purchasing power standard (PPS, EU27 from 2020) per capita;P32_S13;Collective consumption expenditure of general government;PT;Portugal;1994;1994;19805.8
A;Annual;CLV_I20_HAB;Chain linked volumes, Index 2020=100, per capita;P32_S13;Collective consumption expenditure of general government;PT;Portugal;1994;1994;20461.5
A;Annual;CLV_I15_HAB;Chain linked volumes, Index 2015=100, per capita;P32_S13;Collective consumption expenditure of general government;PT;Portugal;1994;1994;
A;Annual;CLV_I10_HAB;Chain linked volumes, Index 2010=100, per capita;P32_S13;Collective consumption expenditure of general government;PT;Portugal;1994;1994;
A;Annual;CLV20_EUR_HAB;Chain linked volumes (2020), euro per capita;P32_S13;Collective consumption expenditure of general government;PT;Portugal;1994;1994;
A;Annual;CLV15_EUR_HAB;Chain linked volumes (2015), euro per capita;P32_S13;Collective consumption expenditure of general government;PT;Portugal;1994;1994;
A;Annual;CLV10_EUR_HAB;Chain linked volumes (2010), euro per capita;P32_S13;Collective consumption expenditure of general government;PT;Portugal;1994;1994;
A;Annual;CLV_PCH_PRE_HAB;Chain linked volumes, percentage change on previous period, per capita;P32_S13;Collective consumption expenditure of general government;PT;Portugal;1994;1994;
A;Annual;PC_EU27_2020_HAB_MEUR_CP;Percentage of EU27 (from 2020) total per capita (based on million euro, EU27 from 2020), current prices;P31_S14_S15;Household and NPISH final consumption expenditure;PT;Portugal;1994;1994;
A;Annual;PC_EU27_2020_HAB_MPPS_CP;Percentage of EU27 (from 2020) total per capita (based on million purchasing power standards, EU27 from 2020), current prices;P31_S14_S15;Household and NPISH final consumption expenditure;PT;Portugal;1994;1994;
A;Annual;CP_EUR_HAB;Current prices, euro per capita;P31_S14_S15;Household and NPISH final consumption expenditure;PT;Portugal;1994;1994;
A;Annual;CP_NAC_HAB;Current prices, units of national currency per capita;P31_S14_S15;Household and NPISH final consumption expenditure;PT;Portugal;1994;1994;
A;Annual;CP_PPS_EU27_2020_HAB;Current prices, purchasing power standard (PPS, EU27 from 2020) per capita;P31_S14_S15;Household and NPISH final consumption expenditure;PT;Portugal;1994;1994;
A;Annual;CLV_I20_HAB;Chain linked volumes, Index 2020=100, per capita;P31_S14_S15;Household and NPISH final consumption expenditure;PT;Portugal;1994;1994;
A;Annual;CLV_I15_HAB;Chain linked volumes, Index 2015=100, per capita;P31_S14_S15;Household and NPISH final consumption expenditure;PT;Portugal;1994;1994;
A;Annual;CLV_I10_HAB;Chain linked volumes, Index 2010=100, per capita;P31_S14_S15;Household and NPISH final consumption expenditure;PT;Portugal;1994;1994;
A;Annual;CLV20_EUR_HAB;Chain linked volumes (2020), euro per capita;P31_S14_S15;Household and NPISH final consumption expenditure;PT;Portugal;1994;1994;
A;Annual;CLV15_EUR_HAB;Chain linked volumes (2015), euro per capita;P31_S14_S15;Household and NPISH final consumption expenditure;PT;Portugal;1994;1994;
A;Annual;CLV10_EUR_HAB;Chain linked volumes (2010), euro per capita;P31_S14_S15;Household and NPISH final consumption expenditure;PT;Portugal;1994;1994;
A;Annual;CLV_PCH_PRE_HAB;Chain linked volumes, percentage change on previous period, per capita;P31_S14_S15;Household and NPISH final consumption expenditure;PT;Portugal;1994;1994;
A;Annual;PC_EU27_2020_HAB_MEUR_CP;Percentage of EU27 (from 2020) total per capita (based on million euro, EU27 from 2020), current prices;P31_S14;Final consumption expenditure of households;PT;Portugal;1994;1994;
A;Annual;PC_EU27_2020_HAB_MPPS_CP;Percentage of EU27 (from 2020) total per capita (based on million purchasing power standards, EU27 from 2020), current prices;P31_S14;Final consumption expenditure of households;PT;Portugal;1994;1994;
A;Annual;CP_EUR_HAB;Current prices, euro per capita;P31_S14;Final consumption expenditure of households;PT;Portugal;1994;1994;4348.3
A;Annual;CP_NAC_HAB;Current prices, units of national currency per capita;P31_S14;Final consumption expenditure of households;PT;Portugal;1994;1994;4579.2
A;Annual;CP_PPS_EU27_2020_HAB;Current prices, purchasing power standard (PPS, EU27 from 2020) per capita;P31_S14;Final consumption expenditure of households;PT;Portugal;1994;1994;5049.8
A;Annual;CLV_I20_HAB;Chain linked volumes, Index 2020=100, per capita;P31_S14;Final consumption expenditure of households;PT;Portugal;1994;1994;4971.9
A;Annual;CLV_I15_HAB;Chain linked volumes, Index 2015=100, per capita;P31_S14;Final consumption expenditure of households;PT;Portugal;1994;1994;4922.9
A;Annual;CLV_I10_HAB;Chain linked volumes, Index 2010=100, per capita;P31_S14;Final consumption expenditure of households;PT;Portugal;1994;1994;5386.4
A;Annual;CLV20_EUR_HAB;Chain linked volumes (2020), euro per capita;P31_S14;Final consumption expenditure of households;PT;Portugal;1994;1994;6043.2
A;Annual;CLV15_EUR_HAB;Chain linked volumes (2015), euro per capita;P31_S14;Final consumption expenditure of households;PT;Portugal;1994;1994;6703.3
A;Annual;CLV10_EUR_HAB;Chain linked volumes (2010), euro per capita;P31_S14;Final consumption expenditure of households;PT;Portugal;1994;1994;6987.4
A;Annual;CLV_PCH_PRE_HAB;Chain linked volumes, percentage change on previous period, per capita;P31_S14;Final consumption expenditure of households;PT;Portugal;1994;1994;7387.5
A;Annual;PC_EU27_2020_HAB_MEUR_CP;Percentage of EU27 (from 2020) total per capita (based on million euro, EU27 from 2020), current prices;P31_S15;Final consumption expenditure of NPISH;PT;Portugal;1994;1994;7829.9
A;Annual;PC_EU27_2020_HAB_MPPS_CP;Percentage of EU27 (from 2020) total per capita (based on million purchasing power standards, EU27 from 2020), current prices;P31_S15;Final consumption expenditure of NPISH;PT;Portugal;1994;1994;8334.8
A;Annual;CP_EUR_HAB;Current prices, euro per capita;P31_S15;Final consumption expenditure of NPISH;PT;Portugal;1994;1994;9042.3
A;Annual;CP_NAC_HAB;Current prices, units of national currency per capita;P31_S15;Final consumption expenditure of NPISH;PT;Portugal;1994;1994;9631.4
A;Annual;CP_PPS_EU27_2020_HAB;Current prices, purchasing power standard (PPS, EU27 from 2020) per capita;P31_S15;Final consumption expenditure of NPISH;PT;Portugal;1994;1994;8875.2
A;Annual;CLV_I20_HAB;Chain linked volumes, Index 2020=100, per capita;P31_S15;Final consumption expenditure of NPISH;PT;Portugal;1994;1994;8837.0
A;Annual;CLV_I15_HAB;Chain linked volumes, Index 2015=100, per capita;P31_S15;Final consumption expenditure of NPISH;PT;Portugal;1994;1994;9292.9
A;Annual;CLV_I10_HAB;Chain linked volumes, Index 2010=100, per capita;P31_S15;Final consumption expenditure of NPISH;PT;Portugal;1994;1994;9556.5
A;Annual;CLV20_EUR_HAB;Chain linked volumes (2020), euro per capita;P31_S15;Final consumption expenditure of NPISH;PT;Portugal;1994;1994;9670.3
A;Annual;CLV15_EUR_HAB;Chain linked volumes (2015), euro per capita;P31_S15;Final consumption expenditure of NPISH;PT;Portugal;1994;1994;9486.2
A;Annual;CLV10_EUR_HAB;Chain linked volumes (2010), euro per capita;P31_S15;Final consumption expenditure of NPISH;PT;Portugal;1994;1994;9690.2
A;Annual;CLV_PCH_PRE_HAB;Chain linked volumes, percentage change on previous period, per capita;P31_S15;Final consumption expenditure of NPISH;PT;Portugal;1994;1994;10035.0
A;Annual;PC_EU27_2020_HAB_MEUR_CP;Percentage of EU27 (from 2020) total per capita (based on million euro, EU27 from 2020), current prices;P41;Actual individual consumption;PT;Portugal;1994;1994;10664.7
A;Annual;PC_EU27_2020_HAB_MPPS_CP;Percentage of EU27 (from 2020) total per capita (based on million purchasing power standards, EU27 from 2020), current prices;P41;Actual individual consumption;PT;Portugal;1994;1994;11228.1
A;Annual;CP_EUR_HAB;Current prices, euro per capita;P41;Actual individual consumption;PT;Portugal;1994;1994;11950.3
A;Annual;CP_NAC_HAB;Current prices, units of national currency per capita;P41;Actual individual consumption;PT;Portugal;1994;1994;11588.9
A;Annual;CP_PPS_EU27_2020_HAB;Current prices, purchasing power standard (PPS, EU27 from 2020) per capita;P41;Actual individual consumption;PT;Portugal;1994;1994;13367.0
A;Annual;CLV_I20_HAB;Chain linked volumes, Index 2020=100, per capita;P41;Actual individual consumption;PT;Portugal;1994;1994;15212.3
A;Annual;CLV_I15_HAB;Chain linked volumes, Index 2015=100, per capita;P41;Actual individual consumption;PT;Portugal;1994;1994;16626.0
A;Annual;CLV_I10_HAB;Chain linked volumes, Index 2010=100, per capita;P41;Actual individual consumption;PT;Portugal;1994;1994;17402.1
A;Annual;CLV20_EUR_HAB;Chain linked volumes (2020), euro per capita;P41;Actual individual consumption;PT;Portugal;1994;1994;
A;Annual;CLV15_EUR_HAB;Chain linked volumes (2015), euro per capita;P41;Actual individual consumption;PT;Portugal;1994;1994;
A;Annual;CLV10_EUR_HAB;Chain linked volumes (2010), euro per capita;P41;Actual individual consumption;PT;Portugal;1994;1994;
A;Annual;CLV_PCH_PRE_HAB;Chain linked volumes, percentage change on previous period, per capita;P41;Actual individual consumption;PT;Portugal;1994;1994;
A;Annual;PC_EU27_2020_HAB_MEUR_CP;Percentage of EU27 (from 2020) total per capita (based on million euro, EU27 from 2020), current prices;B1GQ;Gross domestic product at market prices;PT;Portugal;1995;1995;41109.3
A;Annual;PC_EU27_2020_HAB_MPPS_CP;Percentage of EU27 (from 2020) total per capita (based on million purchasing power standards, EU27 from 2020), current prices;B1GQ;Gross domestic product at market prices;PT;Portugal;1995;1995;43054.6
A;Annual;CP_EUR_HAB;Current prices, euro per capita;B1GQ;Gross domestic product at market prices;PT;Portugal;1995;1995;
A;Annual;CP_NAC_HAB;Current prices, units of national currency per capita;B1GQ;Gross domestic product at market prices;PT;Portugal;1995;1995;
A;Annual;CP_PPS_EU27_2020_HAB;Current prices, purchasing power standard (PPS, EU27 from 2020) per capita;B1GQ;Gross domestic product at market prices;PT;Portugal;1995;1995;
A;Annual;CLV_I20_HAB;Chain linked volumes, Index 2020=100, per capita;B1GQ;Gross domestic product at market prices;PT;Portugal;1995;1995;
A;Annual;CLV_I15_HAB;Chain linked volumes, Index 2015=100, per capita;B1GQ;Gross domestic product at market prices;PT;Portugal;1995;1995;
A;Annual;CLV_I10_HAB;Chain linked volumes, Index 2010=100, per capita;B1GQ;Gross domestic product at market prices;PT;Portugal;1995;1995;
A;Annual;CLV20_EUR_HAB;Chain linked volumes (2020), euro per capita;B1GQ;Gross domestic product at market prices;PT;Portugal;1995;1995;
A;Annual;CLV15_EUR_HAB;Chain linked volumes (2015), euro per capita;B1GQ;Gross domestic product at market prices;PT;Portugal;1995;1995;
A;Annual;CLV10_EUR_HAB;Chain linked volumes (2010), euro per capita;B1GQ;Gross domestic product at market prices;PT;Portugal;1995;1995;
A;Annual;CLV_PCH_PRE_HAB;Chain linked volumes, percentage change on previous period, per capita;B1GQ;Gross domestic product at market prices;PT;Portugal;1995;1995;
A;Annual;PC_EU27_2020_HAB_MEUR_CP;Percentage of EU27 (from 2020) total per capita (based on million euro, EU27 from 2020), current prices;P3;Final consumption expenditure;PT;Portugal;1995;1995;
A;Annual;PC_EU27_2020_HAB_MPPS_CP;Percentage of EU27 (from 2020) total per capita (based on million purchasing power standards, EU27 from 2020), current prices;P3;Final consumption expenditure;PT;Portugal;1995;1995;
A;Annual;CP_EUR_HAB;Current prices, euro per capita;P3;Final consumption expenditure;PT;Portugal;1995;1995;
A;Annual;CP_NAC_HAB;Current prices, units of national currency per capita;P3;Final consumption expenditure;PT;Portugal;1995;1995;
A;Annual;CP_PPS_EU27_2020_HAB;Current prices, purchasing power standard (PPS, EU27 from 2020) per capita;P3;Final consumption expenditure;PT;Portugal;1995;1995;
A;Annual;CLV_I20_HAB;Chain linked volumes, Index 2020=100, per capita;P3;Final consumption expenditure;PT;Portugal;1995;1995;
A;Annual;CLV_I15_HAB;Chain linked volumes, Index 2015=100, per capita;P3;Final consumption expenditure;PT;Portugal;1995;1995;
A;Annual;CLV_I10_HAB;Chain linked volumes, Index 2010=100, per capita;P3;Final consumption expenditure;PT;Portugal;1995;1995;
A;Annual;CLV20_EUR_HAB;Chain linked volumes (2020), euro per capita;P3;Final consumption expenditure;PT;Portugal;1995;1995;
A;Annual;CLV15_EUR_HAB;Chain linked volumes (2015), euro per capita;P3;Final consumption expenditure;PT;Portugal;1995;1995;
A;Annual;CLV10_EUR_HAB;Chain linked volumes (2010), euro per capita;P3;Final consumption expenditure;PT;Portugal;1995;1995;5074.0
A;Annual;CLV_PCH_PRE_HAB;Chain linked volumes, percentage change on previous period, per capita;P3;Final consumption expenditure;PT;Portugal;1995;1995;5105.2
A;Annual;PC_EU27_2020_HAB_MEUR_CP;Percentage of EU27 (from 2020) total per capita (based on million euro, EU27 from 2020), current prices;P3_S13;Final consumption expenditure of general government;PT;Portugal;1995;1995;5140.9
A;Annual;PC_EU27_2020_HAB_MPPS_CP;Percentage of EU27 (from 2020) total per capita (based on million purchasing power standards, EU27 from 2020), current prices;P3_S13;Final consumption expenditure of general government;PT;Portugal;1995;1995;5444.4
A;Annual;CP_EUR_HAB;Current prices, euro per capita;P3_S13;Final consumption expenditure of general government;PT;Portugal;1995;1995;5933.7
A;Annual;CP_NAC_HAB;Current prices, units of national currency per capita;P3_S13;Final consumption expenditure of general government;PT;Portugal;1995;1995;6429.7
A;Annual;CP_PPS_EU27_2020_HAB;Current prices, purchasing power standard (PPS, EU27 from 2020) per capita;P3_S13;Final consumption expenditure of general government;PT;Portugal;1995;1995;7078.1
A;Annual;CLV_I20_HAB;Chain linked volumes, Index 2020=100, per capita;P3_S13;Final consumption expenditure of general government;PT;Portugal;1995;1995;7860.7
A;Annual;CLV_I15_HAB;Chain linked volumes, Index 2015=100, per capita;P3_S13;Final consumption expenditure of general government;PT;Portugal;1995;1995;8706.3
A;Annual;CLV_I10_HAB;Chain linked volumes, Index 2010=100, per capita;P3_S13;Final consumption expenditure of general government;PT;Portugal;1995;1995;8869.2
A;Annual;CLV20_EUR_HAB;Chain linked volumes (2020), euro per capita;P3_S13;Final consumption expenditure of general government;PT;Portugal;1995;1995;9332.1
A;Annual;CLV15_EUR_HAB;Chain linked volumes (2015), euro per capita;P3_S13;Final consumption expenditure of general government;PT;Portugal;1995;1995;9515.7
A;Annual;CLV10_EUR_HAB;Chain linked volumes (2010), euro per capita;P3_S13;Final consumption expenditure of general government;PT;Portugal;1995;1995;9797.8
A;Annual;CLV_PCH_PRE_HAB;Chain linked volumes, percentage change on previous period, per capita;P3_S13;Final consumption expenditure of general government;PT;Portugal;1995;1995;10302.0
A;Annual;PC_EU27_2020_HAB_MEUR_CP;Percentage of EU27 (from 2020) total per capita (based on million euro, EU27 from 2020), current prices;P31_S13;Individual consumption expenditure of general government;PT;Portugal;1995;1995;10053.1
A;Annual;PC_EU27_2020_HAB_MPPS_CP;Percentage of EU27 (from 2020) total per capita (based on million purchasing power standards, EU27 from 2020), current prices;P31_S13;Individual consumption expenditure of general government;PT;Portugal;1995;1995;10367.0
A;Annual;CP_EUR_HAB;Current prices, euro per capita;P31_S13;Individual consumption expenditure of general government;PT;Portugal;1995;1995;10746.2
A;Annual;CP_NAC_HAB;Current prices, units of national currency per capita;P31_S13;Individual consumption expenditure of general government;PT;Portugal;1995;1995;10874.9
A;Annual;CP_PPS_EU27_2020_HAB;Current prices, purchasing power standard (PPS, EU27 from 2020) per capita;P31_S13;Individual consumption expenditure of general government;PT;Portugal;1995;1995;10889.7
A;Annual;CLV_I20_HAB;Chain linked volumes, Index 2020=100, per capita;P31_S13;Individual consumption expenditure of general government;PT;Portugal;1995;1995;10955.0
A;Annual;CLV_I15_HAB;Chain linked volumes, Index 2015=100, per capita;P31_S13;Individual consumption expenditure of general government;PT;Portugal;1995;1995;11306.3
A;Annual;CLV_I10_HAB;Chain linked volumes, Index 2010=100, per capita;P31_S13;Individual consumption expenditure of general government;PT;Portugal;1995;1995;11637.8
A;Annual;CLV20_EUR_HAB;Chain linked volumes (2020), euro per capita;P31_S13;Individual consumption expenditure of general government;PT;Portugal;1995;1995;12215.6
A;Annual;CLV15_EUR_HAB;Chain linked volumes (2015), euro per capita;P31_S13;Individual consumption expenditure of general government;PT;Portugal;1995;1995;12789.3
A;Annual;CLV10_EUR_HAB;Chain linked volumes (2010), euro per capita;P31_S13;Individual consumption expenditure of general government;PT;Portugal;1995;1995;13460.7
A;Annual;CLV_PCH_PRE_HAB;Chain linked volumes, percentage change on previous period, per capita;P31_S13;Individual consumption expenditure of general government;PT;Portugal;1995;1995;13490.5
A;Annual;PC_EU27_2020_HAB_MEUR_CP;Percentage of EU27 (from 2020) total per capita (based on million euro, EU27 from 2020), current prices;P32_S13;Collective consumption expenditure of general government;PT;Portugal;1995;1995;14460.6
A;Annual;PC_EU27_2020_HAB_MPPS_CP;Percentage of EU27 (from 2020) total per capita (based on million purchasing power standards, EU27 from 2020), current prices;P32_S13;Collective consumption expenditure of general government;PT;Portugal;1995;1995;16411.5
A;Annual;CP_EUR_HAB;Current prices, euro per capita;P32_S13;Collective consumption expenditure of general government;PT;Portugal;1995;1995;17158.9
A;Annual;CP_NAC_HAB;Current prices, units of national currency per capita;P32_S13;Collective consumption expenditure of general government;PT;Portugal;1995;1995;18576.3
A;Annual;CP_PPS_EU27_2020_HAB;Current prices, purchasing power standard (PPS, EU27 from 2020) per capita;P32_S13;Collective consumption expenditure of general government;PT;Portugal;1995;1995;
A;Annual;CLV_I20_HAB;Chain linked volumes, Index 2020=100, per capita;P32_S13;Collective consumption expenditure of general government;PT;Portugal;1995;1995;
A;Annual;CLV_I15_HAB;Chain linked volumes, Index 2015=100, per capita;P32_S13;Collective consumption expenditure of general government;PT;Portugal;1995;1995;
A;Annual;CLV_I10_HAB;Chain linked volumes, Index 2010=100, per capita;P32_S13;Collective consumption expenditure of general government;PT;Portugal;1995;1995;
A;Annual;CLV20_EUR_HAB;Chain linked volumes (2020), euro per capita;P32_S13;Collective consumption expenditure of general government;PT;Portugal;1995;1995;
A;Annual;CLV15_EUR_HAB;Chain linked volumes (2015), euro per capita;P32_S13;Collective consumption expenditure of general government;PT;Portugal;1995;1995;
A;Annual;CLV10_EUR_HAB;Chain linked volumes (2010), euro per capita;P32_S13;Collective consumption expenditure of general government;PT;Portugal;1995;1995;
A;Annual;CLV_PCH_PRE_HAB;Chain linked volumes, percentage change on previous period, per capita;P32_S13;Collective consumption expenditure of general government;PT;Portugal;1995;1995;
A;Annual;PC_EU27_2020_HAB_MEUR_CP;Percentage of EU27 (from 2020) total per capita (based on million euro, EU27 from 2020), current prices;P31_S14_S15;Household and NPISH final consumption expenditure;PT;Portugal;1995;1995;
A;Annual;PC_EU27_2020_HAB_MPPS_CP;Percentage of EU27 (from 2020) total per capita (based on million purchasing power standards, EU27 from 2020), current prices;P31_S14_S15;Household and NPISH final consumption expenditure;PT;Portugal;1995;1995;
A;Annual;CP_EUR_HAB;Current prices, euro per capita;P31_S14_S15;Household and NPISH final consumption expenditure;PT;Portugal;1995;1995;
A;Annual;CP_NAC_HAB;Current prices, units of national currency per capita;P31_S14_S15;Household and NPISH final consumption expenditure;PT;Portugal;1995;1995;
A;Annual;CP_PPS_EU27_2020_HAB;Current prices, purchasing power standard (PPS, EU27 from 2020) per capita;P31_S14_S15;Household and NPISH final consumption expenditure;PT;Portugal;1995;1995;
A;Annual;CLV_I20_HAB;Chain linked volumes, Index 2020=100, per capita;P31_S14_S15;Household and NPISH final consumption expenditure;PT;Portugal;1995;1995;
A;Annual;CLV_I15_HAB;Chain linked volumes, Index 2015=100, per capita;P31_S14_S15;Household and NPISH final consumption expenditure;PT;Portugal;1995;1995;
A;Annual;CLV_I10_HAB;Chain linked volumes, Index 2010=100, per capita;P31_S14_S15;Household and NPISH final consumption expenditure;PT;Portugal;1995;1995;
A;Annual;CLV20_EUR_HAB;Chain linked volumes (2020), euro per capita;P31_S14_S15;Household and NPISH final consumption expenditure;PT;Portugal;1995;1995;
A;Annual;CLV15_EUR_HAB;Chain linked volumes (2015), euro per capita;P31_S14_S15;Household and NPISH final consumption expenditure;PT;Portugal;1995;1995;
A;Annual;CLV10_EUR_HAB;Chain linked volumes (2010), euro per capita;P31_S14_S15;Household and NPISH final consumption expenditure;PT;Portugal;1995;1995;
A;Annual;CLV_PCH_PRE_HAB;Chain linked volumes, percentage change on previous period, per capita;P31_S14_S15;Household and NPISH final consumption expenditure;PT;Portugal;1995;1995;
A;Annual;PC_EU27_2020_HAB_MEUR_CP;Percentage of EU27 (from 2020) total per capita (based on million euro, EU27 from 2020), current prices;P31_S14;Final consumption expenditure of households;PT;Portugal;1995;1995;8385.8
A;Annual;PC_EU27_2020_HAB_MPPS_CP;Percentage of EU27 (from 2020) total per capita (based on million purchasing power standards, EU27 from 2020), current prices;P31_S14;Final consumption expenditure of households;PT;Portugal;1995;1995;9241.7
A;Annual;CP_EUR_HAB;Current prices, euro per capita;P31_S14;Final consumption expenditure of households;PT;Portugal;1995;1995;9539.6
A;Annual;CP_NAC_HAB;Current prices, units of national currency per capita;P31_S14;Final consumption expenditure of households;PT;Portugal;1995;1995;9859.1
A;Annual;CP_PPS_EU27_2020_HAB;Current prices, purchasing power standard (PPS, EU27 from 2020) per capita;P31_S14;Final consumption expenditure of households;PT;Portugal;1995;1995;10428.5
A;Annual;CLV_I20_HAB;Chain linked volumes, Index 2020=100, per capita;P31_S14;Final consumption expenditure of households;PT;Portugal;1995;1995;11179.3
A;Annual;CLV_I15_HAB;Chain linked volumes, Index 2015=100, per capita;P31_S14;Final consumption expenditure of households;PT;Portugal;1995;1995;11113.1
A;Annual;CLV_I10_HAB;Chain linked volumes, Index 2010=100, per capita;P31_S14;Final consumption expenditure of households;PT;Portugal;1995;1995;11190.1
A;Annual;CLV20_EUR_HAB;Chain linked volumes (2020), euro per capita;P31_S14;Final consumption expenditure of households;PT;Portugal;1995;1995;12038.5
A;Annual;CLV15_EUR_HAB;Chain linked volumes (2015), euro per capita;P31_S14;Final consumption expenditure of households;PT;Portugal;1995;1995;12735.5
A;Annual;CLV10_EUR_HAB;Chain linked volumes (2010), euro per capita;P31_S14;Final consumption expenditure of households;PT;Portugal;1995;1995;13263.6
A;Annual;CLV_PCH_PRE_HAB;Chain linked volumes, percentage change on previous period, per capita;P31_S14;Final consumption expenditure of households;PT;Portugal;1995;1995;13644.0
A;Annual;PC_EU27_2020_HAB_MEUR_CP;Percentage of EU27 (from 2020) total per capita (based on million euro, EU27 from 2020), current prices;P31_S15;Final consumption expenditure of NPISH;PT;Portugal;1995;1995;14080.7
A;Annual;PC_EU27_2020_HAB_MPPS_CP;Percentage of EU27 (from 2020) total per capita (based on million purchasing power standards, EU27 from 2020), current prices;P31_S15;Final consumption expenditure of NPISH;PT;Portugal;1995;1995;14610.5
A;Annual;CP_EUR_HAB;Current prices, euro per capita;P31_S15;Final consumption expenditure of NPISH;PT;Portugal;1995;1995;14302.7
A;Annual;CP_NAC_HAB;Current prices, units of national currency per capita;P31_S15;Final consumption expenditure of NPISH;PT;Portugal;1995;1995;14957.6
A;Annual;CP_PPS_EU27_2020_HAB;Current prices, purchasing power standard (PPS, EU27 from 2020) per capita;P31_S15;Final consumption expenditure of NPISH;PT;Portugal;1995;1995;15526.1
A;Annual;CLV_I20_HAB;Chain linked volumes, Index 2020=100, per capita;P31_S15;Final consumption expenditure of NPISH;PT;Portugal;1995;1995;15762.6
A;Annual;CLV_I15_HAB;Chain linked volumes, Index 2015=100, per capita;P31_S15;Final consumption expenditure of NPISH;PT;Portugal;1995;1995;16014.9
A;Annual;CLV_I10_HAB;Chain linked volumes, Index 2010=100, per capita;P31_S15;Final consumption expenditure of NPISH;PT;Portugal;1995;1995;16044.7
A;Annual;CLV20_EUR_HAB;Chain linked volumes (2020), euro per capita;P31_S15;Final consumption expenditure of NPISH;PT;Portugal;1995;1995;16230.3
A;Annual;CLV15_EUR_HAB;Chain linked volumes (2015), euro per capita;P31_S15;Final consumption expenditure of NPISH;PT;Portugal;1995;1995;16494.4
A;Annual;CLV10_EUR_HAB;Chain linked volumes (2010), euro per capita;P31_S15;Final consumption expenditure of NPISH;PT;Portugal;1995;1995;17037.3
A;Annual;CLV_PCH_PRE_HAB;Chain linked volumes, percentage change on previous period, per capita;P31_S15;Final consumption expenditure of NPISH;PT;Portugal;1995;1995;18004.1
A;Annual;PC_EU27_2020_HAB_MEUR_CP;Percentage of EU27 (from 2020) total per capita (based on million euro, EU27 from 2020), current prices;P41;Actual individual consumption;PT;Portugal;1995;1995;18705.1
A;Annual;PC_EU27_2020_HAB_MPPS_CP;Percentage of EU27 (from 2020) total per capita (based on million purchasing power standards, EU27 from 2020), current prices;P41;Actual individual consumption;PT;Portugal;1995;1995;17379.3
A;Annual;CP_EUR_HAB;Current prices, euro per capita;P41;Actual individual consumption;PT;Portugal;1995;1995;19007.9
A;Annual;CP_NAC_HAB;Current prices, units of national currency per capita;P41;Actual individual consumption;PT;Portugal;1995;1995;20346.7
A;Annual;CP_PPS_EU27_2020_HAB;Current prices, purchasing power standard (PPS, EU27 from 2020) per capita;P41;Actual individual consumption;PT;Portugal;1995;1995;23024.7
A;Annual;CLV_I20_HAB;Chain linked volumes, Index 2020=100, per capita;P41;Actual individual consumption;PT;Portugal;1995;1995;24624.7
A;Annual;CLV_I15_HAB;Chain linked volumes, Index 2015=100, per capita;P41;Actual individual consumption;PT;Portugal;1995;1995;
A;Annual;CLV_I10_HAB;Chain linked volumes, Index 2010=100, per capita;P41;Actual individual consumption;PT;Portugal;1995;1995;
A;Annual;CLV20_EUR_HAB;Chain linked volumes (2020), euro per capita;P41;Actual individual consumption;PT;Portugal;1995;1995;
A;Annual;CLV15_EUR_HAB;Chain linked volumes (2015), euro per capita;P41;Actual individual consumption;PT;Portugal;1995;1995;
A;Annual;CLV10_EUR_HAB;Chain linked volumes (2010), euro per capita;P41;Actual individual consumption;PT;Portugal;1995;1995;
A;Annual;CLV_PCH_PRE_HAB;Chain linked volumes, percentage change on previous period, per capita;P41;Actual individual consumption;PT;Portugal;1995;1995;
A;Annual;PC_EU27_2020_HAB_MEUR_CP;Percentage of EU27 (from 2020) total per capita (based on million euro, EU27 from 2020), current prices;B1GQ;Gross domestic product at market prices;PT;Portugal;1996;1996;
A;Annual;PC_EU27_2020_HAB_MPPS_CP;Percentage of EU27 (from 2020) total per capita (based on million purchasing power standards, EU27 from 2020), current prices;B1GQ;Gross domestic product at market prices;PT;Portugal;1996;1996;
A;Annual;CP_EUR_HAB;Current prices, euro per capita;B1GQ;Gross domestic product at market prices;PT;Portugal;1996;1996;
A;Annual;CP_NAC_HAB;Current prices, units of national currency per capita;B1GQ;Gross domestic product at market prices;PT;Portugal;1996;1996;
A;Annual;CP_PPS_EU27_2020_HAB;Current prices, purchasing power standard (PPS, EU27 from 2020) per capita;B1GQ;Gross domestic product at market prices;PT;Portugal;1996;1996;
A;Annual;CLV_I20_HAB;Chain linked volumes, Index 2020=100, per capita;B1GQ;Gross domestic product at market prices;PT;Portugal;1996;1996;
A;Annual;CLV_I15_HAB;Chain linked volumes, Index 2015=100, per capita;B1GQ;Gross domestic product at market prices;PT;Portugal;1996;1996;
A;Annual;CLV_I10_HAB;Chain linked volumes, Index 2010=100, per capita;B1GQ;Gross domestic product at market prices;PT;Portugal;1996;1996;
A;Annual;CLV20_EUR_HAB;Chain linked volumes (2020), euro per capita;B1GQ;Gross domestic product at market prices;PT;Portugal;1996;1996;
A;Annual;CLV15_EUR_HAB;Chain linked volumes (2015), euro per capita;B1GQ;Gross domestic product at market prices;PT;Portugal;1996;1996;
A;Annual;CLV10_EUR_HAB;Chain linked volumes (2010), euro per capita;B1GQ;Gross domestic product at market prices;PT;Portugal;1996;1996;
A;Annual;CLV_PCH_PRE_HAB;Chain linked volumes, percentage change on previous period, per capita;B1GQ;Gross domestic product at market prices;PT;Portugal;1996;1996;
A;Annual;PC_EU27_2020_HAB_MEUR_CP;Percentage of EU27 (from 2020) total per capita (based on million euro, EU27 from 2020), current prices;P3;Final consumption expenditure;PT;Portugal;1996;1996;
A;Annual;PC_EU27_2020_HAB_MPPS_CP;Percentage of EU27 (from 2020) total per capita (based on million purchasing power standards, EU27 from 2020), current prices;P3;Final consumption expenditure;PT;Portugal;1996;1996;
A;Annual;CP_EUR_HAB;Current prices, euro per capita;P3;Final consumption expenditure;PT;Portugal;1996;1996;
A;Annual;CP_NAC_HAB;Current prices, units of national currency per capita;P3;Final consumption expenditure;PT;Portugal;1996;1996;
A;Annual;CP_PPS_EU27_2020_HAB;Current prices, purchasing power standard (PPS, EU27 from 2020) per capita;P3;Final consumption expenditure;PT;Portugal;1996;1996;
A;Annual;CLV_I20_HAB;Chain linked volumes, Index 2020=100, per capita;P3;Final consumption expenditure;PT;Portugal;1996;1996;
A;Annual;CLV_I15_HAB;Chain linked volumes, Index 2015=100, per capita;P3;Final consumption expenditure;PT;Portugal;1996;1996;
A;Annual;CLV_I10_HAB;Chain linked volumes, Index 2010=100, per capita;P3;Final consumption expenditure;PT;Portugal;1996;1996;
A;Annual;CLV20_EUR_HAB;Chain linked volumes (2020), euro per capita;P3;Final consumption expenditure;PT;Portugal;1996;1996;65.278
A;Annual;CLV15_EUR_HAB;Chain linked volumes (2015), euro per capita;P3;Final consumption expenditure;PT;Portugal;1996;1996;66.752
A;Annual;CLV10_EUR_HAB;Chain linked volumes (2010), euro per capita;P3;Final consumption expenditure;PT;Portugal;1996;1996;69.004
A;Annual;CLV_PCH_PRE_HAB;Chain linked volumes, percentage change on previous period, per capita;P3;Final consumption expenditure;PT;Portugal;1996;1996;71.114
A;Annual;PC_EU27_2020_HAB_MEUR_CP;Percentage of EU27 (from 2020) total per capita (based on million euro, EU27 from 2020), current prices;P3_S13;Final consumption expenditure of general government;PT;Portugal;1996;1996;75.315
A;Annual;PC_EU27_2020_HAB_MPPS_CP;Percentage of EU27 (from 2020) total per capita (based on million purchasing power standards, EU27 from 2020), current prices;P3_S13;Final consumption expenditure of general government;PT;Portugal;1996;1996;75.46
A;Annual;CP_EUR_HAB;Current prices, euro per capita;P3_S13;Final consumption expenditure of general government;PT;Portugal;1996;1996;77.152
A;Annual;CP_NAC_HAB;Current prices, units of national currency per capita;P3_S13;Final consumption expenditure of general government;PT;Portugal;1996;1996;78.787
A;Annual;CP_PPS_EU27_2020_HAB;Current prices, purchasing power standard (PPS, EU27 from 2020) per capita;P3_S13;Final consumption expenditure of general government;PT;Portugal;1996;1996;81.505
A;Annual;CLV_I20_HAB;Chain linked volumes, Index 2020=100, per capita;P3_S13;Final consumption expenditure of general government;PT;Portugal;1996;1996;83.937
A;Annual;CLV_I15_HAB;Chain linked volumes, Index 2015=100, per capita;P3_S13;Final consumption expenditure of general government;PT;Portugal;1996;1996;85.736
A;Annual;CLV_I10_HAB;Chain linked volumes, Index 2010=100, per capita;P3_S13;Final consumption expenditure of general government;PT;Portugal;1996;1996;87.024
A;Annual;CLV20_EUR_HAB;Chain linked volumes (2020), euro per capita;P3_S13;Final consumption expenditure of general government;PT;Portugal;1996;1996;91.275
A;Annual;CLV15_EUR_HAB;Chain linked volumes (2015), euro per capita;P3_S13;Final consumption expenditure of general government;PT;Portugal;1996;1996;94.135
A;Annual;CLV10_EUR_HAB;Chain linked volumes (2010), euro per capita;P3_S13;Final consumption expenditure of general government;PT;Portugal;1996;1996;95.249
A;Annual;CLV_PCH_PRE_HAB;Chain linked volumes, percentage change on previous period, per capita;P3_S13;Final consumption expenditure of general government;PT;Portugal;1996;1996;95.581
A;Annual;PC_EU27_2020_HAB_MEUR_CP;Percentage of EU27 (from 2020) total per capita (based on million euro, EU27 from 2020), current prices;P31_S13;Individual consumption expenditure of general government;PT;Portugal;1996;1996;95.632
A;Annual;PC_EU27_2020_HAB_MPPS_CP;Percentage of EU27 (from 2020) total per capita (based on million purchasing power standards, EU27 from 2020), current prices;P31_S13;Individual consumption expenditure of general government;PT;Portugal;1996;1996;93.081
A;Annual;CP_EUR_HAB;Current prices, euro per capita;P31_S13;Individual consumption expenditure of general government;PT;Portugal;1996;1996;89.866
A;Annual;CP_NAC_HAB;Current prices, units of national currency per capita;P31_S13;Individual consumption expenditure of general government;PT;Portugal;1996;1996;90.468
A;Annual;CP_PPS_EU27_2020_HAB;Current prices, purchasing power standard (PPS, EU27 from 2020) per capita;P31_S13;Individual consumption expenditure of general government;PT;Portugal;1996;1996;92.57
A;Annual;CLV_I20_HAB;Chain linked volumes, Index 2020=100, per capita;P31_S13;Individual consumption expenditure of general government;PT;Portugal;1996;1996;95.874
A;Annual;CLV_I15_HAB;Chain linked volumes, Index 2015=100, per capita;P31_S13;Individual consumption expenditure of general government;PT;Portugal;1996;1996;97.808
A;Annual;CLV_I10_HAB;Chain linked volumes, Index 2010=100, per capita;P31_S13;Individual consumption expenditure of general government;PT;Portugal;1996;1996;100.548
A;Annual;CLV20_EUR_HAB;Chain linked volumes (2020), euro per capita;P31_S13;Individual consumption expenditure of general government;PT;Portugal;1996;1996;104.277
A;Annual;CLV15_EUR_HAB;Chain linked volumes (2015), euro per capita;P31_S13;Individual consumption expenditure of general government;PT;Portugal;1996;1996;100.0
A;Annual;CLV10_EUR_HAB;Chain linked volumes (2010), euro per capita;P31_S13;Individual consumption expenditure of general government;PT;Portugal;1996;1996;109.521
A;Annual;CLV_PCH_PRE_HAB;Chain linked volumes, percentage change on previous period, per capita;P31_S13;Individual consumption expenditure of general government;PT;Portugal;1996;1996;112.321
A;Annual;PC_EU27_2020_HAB_MEUR_CP;Percentage of EU27 (from 2020) total per capita (based on million euro, EU27 from 2020), current prices;P32_S13;Collective consumption expenditure of general government;PT;Portugal;1996;1996;112.324
A;Annual;PC_EU27_2020_HAB_MPPS_CP;Percentage of EU27 (from 2020) total per capita (based on million purchasing power standards, EU27 from 2020), current prices;P32_S13;Collective consumption expenditure of general government;PT;Portugal;1996;1996;117.328
A;Annual;CP_EUR_HAB;Current prices, euro per capita;P32_S13;Collective consumption expenditure of general government;PT;Portugal;1996;1996;
A;Annual;CP_NAC_HAB;Current prices, units of national currency per capita;P32_S13;Collective consumption expenditure of general government;PT;Portugal;1996;1996;
A;Annual;CP_PPS_EU27_2020_HAB;Current prices, purchasing power standard (PPS, EU27 from 2020) per capita;P32_S13;Collective consumption expenditure of general government;PT;Portugal;1996;1996;
A;Annual;CLV_I20_HAB;Chain linked volumes, Index 2020=100, per capita;P32_S13;Collective consumption expenditure of general government;PT;Portugal;1996;1996;
A;Annual;CLV_I15_HAB;Chain linked volumes, Index 2015=100, per capita;P32_S13;Collective consumption expenditure of general government;PT;Portugal;1996;1996;
A;Annual;CLV_I10_HAB;Chain linked volumes, Index 2010=100, per capita;P32_S13;Collective consumption expenditure of general government;PT;Portugal;1996;1996;
A;Annual;CLV20_EUR_HAB;Chain linked volumes (2020), euro per capita;P32_S13;Collective consumption expenditure of general government;PT;Portugal;1996;1996;
A;Annual;CLV15_EUR_HAB;Chain linked volumes (2015), euro per capita;P32_S13;Collective consumption expenditure of general government;PT;Portugal;1996;1996;
A;Annual;CLV10_EUR_HAB;Chain linked volumes (2010), euro per capita;P32_S13;Collective consumption expenditure of general government;PT;Portugal;1996;1996;
A;Annual;CLV_PCH_PRE_HAB;Chain linked volumes, percentage change on previous period, per capita;P32_S13;Collective consumption expenditure of general government;PT;Portugal;1996;1996;
A;Annual;PC_EU27_2020_HAB_MEUR_CP;Percentage of EU27 (from 2020) total per capita (based on million euro, EU27 from 2020), current prices;P31_S14_S15;Household and NPISH final consumption expenditure;PT;Portugal;1996;1996;
A;Annual;PC_EU27_2020_HAB_MPPS_CP;Percentage of EU27 (from 2020) total per capita (based on million purchasing power standards, EU27 from 2020), current prices;P31_S14_S15;Household and NPISH final consumption expenditure;PT;Portugal;1996;1996;
A;Annual;CP_EUR_HAB;Current prices, euro per capita;P31_S14_S15;Household and NPISH final consumption expenditure;PT;Portugal;1996;1996;
A;Annual;CP_NAC_HAB;Current prices, units of national currency per capita;P31_S14_S15;Household and NPISH final consumption expenditure;PT;Portugal;1996;1996;
A;Annual;CP_PPS_EU27_2020_HAB;Current prices, purchasing power standard (PPS, EU27 from 2020) per capita;P31_S14_S15;Household and NPISH final consumption expenditure;PT;Portugal;1996;1996;
A;Annual;CLV_I20_HAB;Chain linked volumes, Index 2020=100, per capita;P31_S14_S15;Household and NPISH final consumption expenditure;PT;Portugal;1996;1996;
A;Annual;CLV_I15_HAB;Chain linked volumes, Index 2015=100, per capita;P31_S14_S15;Household and NPISH final consumption expenditure;PT;Portugal;1996;1996;
A;Annual;CLV_I10_HAB;Chain linked volumes, Index 2010=100, per capita;P31_S14_S15;Household and NPISH final consumption expenditure;PT;Portugal;1996;1996;
A;Annual;CLV20_EUR_HAB;Chain linked volumes (2020), euro per capita;P31_S14_S15;Household and NPISH final consumption expenditure;PT;Portugal;1996;1996;
A;Annual;CLV15_EUR_HAB;Chain linked volumes (2015), euro per capita;P31_S14_S15;Household and NPISH final consumption expenditure;PT;Portugal;1996;1996;
A;Annual;CLV10_EUR_HAB;Chain linked volumes (2010), euro per capita;P31_S14_S15;Household and NPISH final consumption expenditure;PT;Portugal;1996;1996;49.48
A;Annual;CLV_PCH_PRE_HAB;Chain linked volumes, percentage change on previous period, per capita;P31_S14_S15;Household and NPISH final consumption expenditure;PT;Portugal;1996;1996;52.858
A;Annual;PC_EU27_2020_HAB_MEUR_CP;Percentage of EU27 (from 2020) total per capita (based on million euro, EU27 from 2020), current prices;P31_S14;Final consumption expenditure of households;PT;Portugal;1996;1996;53.806
A;Annual;PC_EU27_2020_HAB_MPPS_CP;Percentage of EU27 (from 2020) total per capita (based on million purchasing power standards, EU27 from 2020), current prices;P31_S14;Final consumption expenditure of households;PT;Portugal;1996;1996;56.123
A;Annual;CP_EUR_HAB;Current prices, euro per capita;P31_S14;Final consumption expenditure of households;PT;Portugal;1996;1996;54.355
A;Annual;CP_NAC_HAB;Current prices, units of national currency per capita;P31_S14;Final consumption expenditure of households;PT;Portugal;1996;1996;55.605
A;Annual;CP_PPS_EU27_2020_HAB;Current prices, purchasing power standard (PPS, EU27 from 2020) per capita;P31_S14;Final consumption expenditure of households;PT;Portugal;1996;1996;58.435
A;Annual;CLV_I20_HAB;Chain linked volumes, Index 2020=100, per capita;P31_S14;Final consumption expenditure of households;PT;Portugal;1996;1996;61.211
A;Annual;CLV_I15_HAB;Chain linked volumes, Index 2015=100, per capita;P31_S14;Final consumption expenditure of households;PT;Portugal;1996;1996;62.116
A;Annual;CLV_I10_HAB;Chain linked volumes, Index 2010=100, per capita;P31_S14;Final consumption expenditure of households;PT;Portugal;1996;1996;64.7
A;Annual;CLV20_EUR_HAB;Chain linked volumes (2020), euro per capita;P31_S14;Final consumption expenditure of households;PT;Portugal;1996;1996;68.013
A;Annual;CLV15_EUR_HAB;Chain linked volumes (2015), euro per capita;P31_S14;Final consumption expenditure of households;PT;Portugal;1996;1996;72.902
A;Annual;CLV10_EUR_HAB;Chain linked volumes (2010), euro per capita;P31_S14;Final consumption expenditure of households;PT;Portugal;1996;1996;77.149
A;Annual;CLV_PCH_PRE_HAB;Chain linked volumes, percentage change on previous period, per capita;P31_S14;Final consumption expenditure of households;PT;Portugal;1996;1996;82.207
A;Annual;PC_EU27_2020_HAB_MEUR_CP;Percentage of EU27 (from 2020) total per capita (based on million euro, EU27 from 2020), current prices;P31_S15;Final consumption expenditure of NPISH;PT;Portugal;1996;1996;83.196
A;Annual;PC_EU27_2020_HAB_MPPS_CP;Percentage of EU27 (from 2020) total per capita (based on million purchasing power standards, EU27 from 2020), current prices;P31_S15;Final consumption expenditure of NPISH;PT;Portugal;1996;1996;84.278
A;Annual;CP_EUR_HAB;Current prices, euro per capita;P31_S15;Final consumption expenditure of NPISH;PT;Portugal;1996;1996;83.012
A;Annual;CP_NAC_HAB;Current prices, units of national currency per capita;P31_S15;Final consumption expenditure of NPISH;PT;Portugal;1996;1996;83.158
A;Annual;CP_PPS_EU27_2020_HAB;Current prices, purchasing power standard (PPS, EU27 from 2020) per capita;P31_S15;Final consumption expenditure of NPISH;PT;Portugal;1996;1996;82.334
A;Annual;CLV_I20_HAB;Chain linked volumes, Index 2020=100, per capita;P31_S15;Final consumption expenditure of NPISH;PT;Portugal;1996;1996;84.435
A;Annual;CLV_I15_HAB;Chain linked volumes, Index 2015=100, per capita;P31_S15;Final consumption expenditure of NPISH;PT;Portugal;1996;1996;87.492
A;Annual;CLV_I10_HAB;Chain linked volumes, Index 2010=100, per capita;P31_S15;Final consumption expenditure of NPISH;PT;Portugal;1996;1996;90.249
A;Annual;CLV20_EUR_HAB;Chain linked volumes (2020), euro per capita;P31_S15;Final consumption expenditure of NPISH;PT;Portugal;1996;1996;94.317
A;Annual;CLV15_EUR_HAB;Chain linked volumes (2015), euro per capita;P31_S15;Final consumption expenditure of NPISH;PT;Portugal;1996;1996;97.007
A;Annual;CLV10_EUR_HAB;Chain linked volumes (2010), euro per capita;P31_S15;Final consumption expenditure of NPISH;PT;Portugal;1996;1996;100.072
A;Annual;CLV_PCH_PRE_HAB;Chain linked volumes, percentage change on previous period, per capita;P31_S15;Final consumption expenditure of NPISH;PT;Portugal;1996;1996;100.0
A;Annual;PC_EU27_2020_HAB_MEUR_CP;Percentage of EU27 (from 2020) total per capita (based on million euro, EU27 from 2020), current prices;P41;Actual individual consumption;PT;Portugal;1996;1996;103.616
A;Annual;PC_EU27_2020_HAB_MPPS_CP;Percentage of EU27 (from 2020) total per capita (based on million purchasing power standards, EU27 from 2020), current prices;P41;Actual individual consumption;PT;Portugal;1996;1996;106.189
A;Annual;CP_EUR_HAB;Current prices, euro per capita;P41;Actual individual consumption;PT;Portugal;1996;1996;103.195
A;Annual;CP_NAC_HAB;Current prices, units of national currency per capita;P41;Actual individual consumption;PT;Portugal;1996;1996;106.911
A;Annual;CP_PPS_EU27_2020_HAB;Current prices, purchasing power standard (PPS, EU27 from 2020) per capita;P41;Actual individual consumption;PT;Portugal;1996;1996;
A;Annual;CLV_I20_HAB;Chain linked volumes, Index 2020=100, per capita;P41;Actual individual consumption;PT;Portugal;1996;1996;
A;Annual;CLV_I15_HAB;Chain linked volumes, Index 2015=100, per capita;P41;Actual individual consumption;PT;Portugal;1996;1996;
A;Annual;CLV_I10_HAB;Chain linked volumes, Index 2010=100, per capita;P41;Actual individual consumption;PT;Portugal;1996;1996;
A;Annual;CLV20_EUR_HAB;Chain linked volumes (2020), euro per capita;P41;Actual individual consumption;PT;Portugal;1996;1996;
A;Annual;CLV15_EUR_HAB;Chain linked volumes (2015), euro per capita;P41;Actual individual consumption;PT;Portugal;1996;1996;54.486
A;Annual;CLV10_EUR_HAB;Chain linked volumes (2010), euro per capita;P41;Actual individual consumption;PT;Portugal;1996;1996;55.48
A;Annual;CLV_PCH_PRE_HAB;Chain linked volumes, percentage change on previous period, per capita;P41;Actual individual consumption;PT;Portugal;1996;1996;57.632
A;Annual;PC_EU27_2020_HAB_MEUR_CP;Percentage of EU27 (from 2020) total per capita (based on million euro, EU27 from 2020), current prices;B1GQ;Gross domestic product at market prices;PT;Portugal;1997;1997;
A;Annual;PC_EU27_2020_HAB_MPPS_CP;Percentage of EU27 (from 2020) total per capita (based on million purchasing power standards, EU27 from 2020), current prices;B1GQ;Gross domestic product at market prices;PT;Portugal;1997;1997;
A;Annual;CP_EUR_HAB;Current prices, euro per capita;B1GQ;Gross domestic product at market prices;PT;Portugal;1997;1997;
A;Annual;CP_NAC_HAB;Current prices, units of national currency per capita;B1GQ;Gross domestic product at market prices;PT;Portugal;1997;1997;
A;Annual;CP_PPS_EU27_2020_HAB;Current prices, purchasing power standard (PPS, EU27 from 2020) per capita;B1GQ;Gross domestic product at market prices;PT;Portugal;1997;1997;
A;Annual;CLV_I20_HAB;Chain linked volumes, Index 2020=100, per capita;B1GQ;Gross domestic product at market prices;PT;Portugal;1997;1997;
A;Annual;CLV_I15_HAB;Chain linked volumes, Index 2015=100, per capita;B1GQ;Gross domestic product at market prices;PT;Portugal;1997;1997;
A;Annual;CLV_I10_HAB;Chain linked volumes, Index 2010=100, per capita;B1GQ;Gross domestic product at market prices;PT;Portugal;1997;1997;
A;Annual;CLV20_EUR_HAB;Chain linked volumes (2020), euro per capita;B1GQ;Gross domestic product at market prices;PT;Portugal;1997;1997;
A;Annual;CLV15_EUR_HAB;Chain linked volumes (2015), euro per capita;B1GQ;Gross domestic product at market prices;PT;Portugal;1997;1997;
A;Annual;CLV10_EUR_HAB;Chain linked volumes (2010), euro per capita;B1GQ;Gross domestic product at market prices;PT;Portugal;1997;1997;
A;Annual;CLV_PCH_PRE_HAB;Chain linked volumes, percentage change on previous period, per capita;B1GQ;Gross domestic product at market prices;PT;Portugal;1997;1997;
A;Annual;PC_EU27_2020_HAB_MEUR_CP;Percentage of EU27 (from 2020) total per capita (based on million euro, EU27 from 2020), current prices;P3;Final consumption expenditure;PT;Portugal;1997;1997;
A;Annual;PC_EU27_2020_HAB_MPPS_CP;Percentage of EU27 (from 2020) total per capita (based on million purchasing power standards, EU27 from 2020), current prices;P3;Final consumption expenditure;PT;Portugal;1997;1997;
A;Annual;CP_EUR_HAB;Current prices, euro per capita;P3;Final consumption expenditure;PT;Portugal;1997;1997;
A;Annual;CP_NAC_HAB;Current prices, units of national currency per capita;P3;Final consumption expenditure;PT;Portugal;1997;1997;
A;Annual;CP_PPS_EU27_2020_HAB;Current prices, purchasing power standard (PPS, EU27 from 2020) per capita;P3;Final consumption expenditure;PT;Portugal;1997;1997;
A;Annual;CLV_I20_HAB;Chain linked volumes, Index 2020=100, per capita;P3;Final consumption expenditure;PT;Portugal;1997;1997;
A;Annual;CLV_I15_HAB;Chain linked volumes, Index 2015=100, per capita;P3;Final consumption expenditure;PT;Portugal;1997;1997;74.917
A;Annual;CLV_I10_HAB;Chain linked volumes, Index 2010=100, per capita;P3;Final consumption expenditure;PT;Portugal;1997;1997;75.807
A;Annual;CLV20_EUR_HAB;Chain linked volumes (2020), euro per capita;P3;Final consumption expenditure;PT;Portugal;1997;1997;77.92
A;Annual;CLV15_EUR_HAB;Chain linked volumes (2015), euro per capita;P3;Final consumption expenditure;PT;Portugal;1997;1997;78.921
A;Annual;CLV10_EUR_HAB;Chain linked volumes (2010), euro per capita;P3;Final consumption expenditure;PT;Portugal;1997;1997;81.382
A;Annual;CLV_PCH_PRE_HAB;Chain linked volumes, percentage change on previous period, per capita;P3;Final consumption expenditure;PT;Portugal;1997;1997;81.349
A;Annual;PC_EU27_2020_HAB_MEUR_CP;Percentage of EU27 (from 2020) total per capita (based on million euro, EU27 from 2020), current prices;P3_S13;Final consumption expenditure of general government;PT;Portugal;1997;1997;81.115
A;Annual;PC_EU27_2020_HAB_MPPS_CP;Percentage of EU27 (from 2020) total per capita (based on million purchasing power standards, EU27 from 2020), current prices;P3_S13;Final consumption expenditure of general government;PT;Portugal;1997;1997;84.385
A;Annual;CP_EUR_HAB;Current prices, euro per capita;P3_S13;Final consumption expenditure of general government;PT;Portugal;1997;1997;85.815
A;Annual;CP_NAC_HAB;Current prices, units of national currency per capita;P3_S13;Final consumption expenditure of general government;PT;Portugal;1997;1997;88.061
A;Annual;CP_PPS_EU27_2020_HAB;Current prices, purchasing power standard (PPS, EU27 from 2020) per capita;P3_S13;Final consumption expenditure of general government;PT;Portugal;1997;1997;89.617
A;Annual;CLV_I20_HAB;Chain linked volumes, Index 2020=100, per capita;P3_S13;Final consumption expenditure of general government;PT;Portugal;1997;1997;89.843
A;Annual;CLV_I15_HAB;Chain linked volumes, Index 2015=100, per capita;P3_S13;Final consumption expenditure of general government;PT;Portugal;1997;1997;89.781
A;Annual;CLV_I10_HAB;Chain linked volumes, Index 2010=100, per capita;P3_S13;Final consumption expenditure of general government;PT;Portugal;1997;1997;91.92
A;Annual;CLV20_EUR_HAB;Chain linked volumes (2020), euro per capita;P3_S13;Final consumption expenditure of general government;PT;Portugal;1997;1997;92.85
A;Annual;CLV15_EUR_HAB;Chain linked volumes (2015), euro per capita;P3_S13;Final consumption expenditure of general government;PT;Portugal;1997;1997;92.971
A;Annual;CLV10_EUR_HAB;Chain linked volumes (2010), euro per capita;P3_S13;Final consumption expenditure of general government;PT;Portugal;1997;1997;93.891
A;Annual;CLV_PCH_PRE_HAB;Chain linked volumes, percentage change on previous period, per capita;P3_S13;Final consumption expenditure of general government;PT;Portugal;1997;1997;93.996
A;Annual;PC_EU27_2020_HAB_MEUR_CP;Percentage of EU27 (from 2020) total per capita (based on million euro, EU27 from 2020), current prices;P31_S13;Individual consumption expenditure of general government;PT;Portugal;1997;1997;94.425
A;Annual;PC_EU27_2020_HAB_MPPS_CP;Percentage of EU27 (from 2020) total per capita (based on million purchasing power standards, EU27 from 2020), current prices;P31_S13;Individual consumption expenditure of general government;PT;Portugal;1997;1997;96.252
A;Annual;CP_EUR_HAB;Current prices, euro per capita;P31_S13;Individual consumption expenditure of general government;PT;Portugal;1997;1997;96.927
A;Annual;CP_NAC_HAB;Current prices, units of national currency per capita;P31_S13;Individual consumption expenditure of general government;PT;Portugal;1997;1997;97.254
A;Annual;CP_PPS_EU27_2020_HAB;Current prices, purchasing power standard (PPS, EU27 from 2020) per capita;P31_S13;Individual consumption expenditure of general government;PT;Portugal;1997;1997;96.673
A;Annual;CLV_I20_HAB;Chain linked volumes, Index 2020=100, per capita;P31_S13;Individual consumption expenditure of general government;PT;Portugal;1997;1997;97.427
A;Annual;CLV_I15_HAB;Chain linked volumes, Index 2015=100, per capita;P31_S13;Individual consumption expenditure of general government;PT;Portugal;1997;1997;97.565
A;Annual;CLV_I10_HAB;Chain linked volumes, Index 2010=100, per capita;P31_S13;Individual consumption expenditure of general government;PT;Portugal;1997;1997;100.0
A;Annual;CLV20_EUR_HAB;Chain linked volumes (2020), euro per capita;P31_S13;Individual consumption expenditure of general government;PT;Portugal;1997;1997;105.08
A;Annual;CLV15_EUR_HAB;Chain linked volumes (2015), euro per capita;P31_S13;Individual consumption expenditure of general government;PT;Portugal;1997;1997;99.864
A;Annual;CLV10_EUR_HAB;Chain linked volumes (2010), euro per capita;P31_S13;Individual consumption expenditure of general government;PT;Portugal;1997;1997;101.012
A;Annual;CLV_PCH_PRE_HAB;Chain linked volumes, percentage change on previous period, per capita;P31_S13;Individual consumption expenditure of general government;PT;Portugal;1997;1997;
A;Annual;PC_EU27_2020_HAB_MEUR_CP;Percentage of EU27 (from 2020) total per capita (based on million euro, EU27 from 2020), current prices;P32_S13;Collective consumption expenditure of general government;PT;Portugal;1997;1997;
A;Annual;PC_EU27_2020_HAB_MPPS_CP;Percentage of EU27 (from 2020) total per capita (based on million purchasing power standards, EU27 from 2020), current prices;P32_S13;Collective consumption expenditure of general government;PT;Portugal;1997;1997;
A;Annual;CP_EUR_HAB;Current prices, euro per capita;P32_S13;Collective consumption expenditure of general government;PT;Portugal;1997;1997;
A;Annual;CP_NAC_HAB;Current prices, units of national currency per capita;P32_S13;Collective consumption expenditure of general government;PT;Portugal;1997;1997;
A;Annual;CP_PPS_EU27_2020_HAB;Current prices, purchasing power standard (PPS, EU27 from 2020) per capita;P32_S13;Collective consumption expenditure of general government;PT;Portugal;1997;1997;
A;Annual;CLV_I20_HAB;Chain linked volumes, Index 2020=100, per capita;P32_S13;Collective consumption expenditure of general government;PT;Portugal;1997;1997;
A;Annual;CLV_I15_HAB;Chain linked volumes, Index 2015=100, per capita;P32_S13;Collective consumption expenditure of general government;PT;Portugal;1997;1997;
A;Annual;CLV_I10_HAB;Chain linked volumes, Index 2010=100, per capita;P32_S13;Collective consumption expenditure of general government;PT;Portugal;1997;1997;
A;Annual;CLV20_EUR_HAB;Chain linked volumes (2020), euro per capita;P32_S13;Collective consumption expenditure of general government;PT;Portugal;1997;1997;
A;Annual;CLV15_EUR_HAB;Chain linked volumes (2015), euro per capita;P32_S13;Collective consumption expenditure of general government;PT;Portugal;1997;1997;
A;Annual;CLV10_EUR_HAB;Chain linked volumes (2010), euro per capita;P32_S13;Collective consumption expenditure of general government;PT;Portugal;1997;1997;
A;Annual;CLV_PCH_PRE_HAB;Chain linked volumes, percentage change on previous period, per capita;P32_S13;Collective consumption expenditure of general government;PT;Portugal;1997;1997;
A;Annual;PC_EU27_2020_HAB_MEUR_CP;Percentage of EU27 (from 2020) total per capita (based on million euro, EU27 from 2020), current prices;P31_S14_S15;Household and NPISH final consumption expenditure;PT;Portugal;1997;1997;
A;Annual;PC_EU27_2020_HAB_MPPS_CP;Percentage of EU27 (from 2020) total per capita (based on million purchasing power standards, EU27 from 2020), current prices;P31_S14_S15;Household and NPISH final consumption expenditure;PT;Portugal;1997;1997;
A;Annual;CP_EUR_HAB;Current prices, euro per capita;P31_S14_S15;Household and NPISH final consumption expenditure;PT;Portugal;1997;1997;
A;Annual;CP_NAC_HAB;Current prices, units of national currency per capita;P31_S14_S15;Household and NPISH final consumption expenditure;PT;Portugal;1997;1997;
A;Annual;CP_PPS_EU27_2020_HAB;Current prices, purchasing power standard (PPS, EU27 from 2020) per capita;P31_S14_S15;Household and NPISH final consumption expenditure;PT;Portugal;1997;1997;
A;Annual;CLV_I20_HAB;Chain linked volumes, Index 2020=100, per capita;P31_S14_S15;Household and NPISH final consumption expenditure;PT;Portugal;1997;1997;
A;Annual;CLV_I15_HAB;Chain linked volumes, Index 2015=100, per capita;P31_S14_S15;Household and NPISH final consumption expenditure;PT;Portugal;1997;1997;
A;Annual;CLV_I10_HAB;Chain linked volumes, Index 2010=100, per capita;P31_S14_S15;Household and NPISH final consumption expenditure;PT;Portugal;1997;1997;
A;Annual;CLV20_EUR_HAB;Chain linked volumes (2020), euro per capita;P31_S14_S15;Household and NPISH final consumption expenditure;PT;Portugal;1997;1997;
A;Annual;CLV15_EUR_HAB;Chain linked volumes (2015), euro per capita;P31_S14_S15;Household and NPISH final consumption expenditure;PT;Portugal;1997;1997;
A;Annual;CLV10_EUR_HAB;Chain linked volumes (2010), euro per capita;P31_S14_S15;Household and NPISH final consumption expenditure;PT;Portugal;1997;1997;
A;Annual;CLV_PCH_PRE_HAB;Chain linked volumes, percentage change on previous period, per capita;P31_S14_S15;Household and NPISH final consumption expenditure;PT;Portugal;1997;1997;
A;Annual;PC_EU27_2020_HAB_MEUR_CP;Percentage of EU27 (from 2020) total per capita (based on million euro, EU27 from 2020), current prices;P31_S14;Final consumption expenditure of households;PT;Portugal;1997;1997;
A;Annual;PC_EU27_2020_HAB_MPPS_CP;Percentage of EU27 (from 2020) total per capita (based on million purchasing power standards, EU27 from 2020), current prices;P31_S14;Final consumption expenditure of households;PT;Portugal;1997;1997;
A;Annual;CP_EUR_HAB;Current prices, euro per capita;P31_S14;Final consumption expenditure of households;PT;Portugal;1997;1997;
A;Annual;CP_NAC_HAB;Current prices, units of national currency per capita;P31_S14;Final consumption expenditure of households;PT;Portugal;1997;1997;
A;Annual;CP_PPS_EU27_2020_HAB;Current prices, purchasing power standard (PPS, EU27 from 2020) per capita;P31_S14;Final consumption expenditure of households;PT;Portugal;1997;1997;
A;Annual;CLV_I20_HAB;Chain linked volumes, Index 2020=100, per capita;P31_S14;Final consumption expenditure of households;PT;Portugal;1997;1997;
A;Annual;CLV_I15_HAB;Chain linked volumes, Index 2015=100, per capita;P31_S14;Final consumption expenditure of households;PT;Portugal;1997;1997;
A;Annual;CLV_I10_HAB;Chain linked volumes, Index 2010=100, per capita;P31_S14;Final consumption expenditure of households;PT;Portugal;1997;1997;
A;Annual;CLV20_EUR_HAB;Chain linked volumes (2020), euro per capita;P31_S14;Final consumption expenditure of households;PT;Portugal;1997;1997;
A;Annual;CLV15_EUR_HAB;Chain linked volumes (2015), euro per capita;P31_S14;Final consumption expenditure of households;PT;Portugal;1997;1997;
A;Annual;CLV10_EUR_HAB;Chain linked volumes (2010), euro per capita;P31_S14;Final consumption expenditure of households;PT;Portugal;1997;1997;
A;Annual;CLV_PCH_PRE_HAB;Chain linked volumes, percentage change on previous period, per capita;P31_S14;Final consumption expenditure of households;PT;Portugal;1997;1997;
A;Annual;PC_EU27_2020_HAB_MEUR_CP;Percentage of EU27 (from 2020) total per capita (based on million euro, EU27 from 2020), current prices;P31_S15;Final consumption expenditure of NPISH;PT;Portugal;1997;1997;
A;Annual;PC_EU27_2020_HAB_MPPS_CP;Percentage of EU27 (from 2020) total per capita (based on million purchasing power standards, EU27 from 2020), current prices;P31_S15;Final consumption expenditure of NPISH;PT;Portugal;1997;1997;
A;Annual;CP_EUR_HAB;Current prices, euro per capita;P31_S15;Final consumption expenditure of NPISH;PT;Portugal;1997;1997;
A;Annual;CP_NAC_HAB;Current prices, units of national currency per capita;P31_S15;Final consumption expenditure of NPISH;PT;Portugal;1997;1997;
A;Annual;CP_PPS_EU27_2020_HAB;Current prices, purchasing power standard (PPS, EU27 from 2020) per capita;P31_S15;Final consumption expenditure of NPISH;PT;Portugal;1997;1997;
A;Annual;CLV_I20_HAB;Chain linked volumes, Index 2020=100, per capita;P31_S15;Final consumption expenditure of NPISH;PT;Portugal;1997;1997;
A;Annual;CLV_I15_HAB;Chain linked volumes, Index 2015=100, per capita;P31_S15;Final consumption expenditure of NPISH;PT;Portugal;1997;1997;
A;Annual;CLV_I10_HAB;Chain linked volumes, Index 2010=100, per capita;P31_S15;Final consumption expenditure of NPISH;PT;Portugal;1997;1997;
A;Annual;CLV20_EUR_HAB;Chain linked volumes (2020), euro per capita;P31_S15;Final consumption expenditure of NPISH;PT;Portugal;1997;1997;
A;Annual;CLV15_EUR_HAB;Chain linked volumes (2015), euro per capita;P31_S15;Final consumption expenditure of NPISH;PT;Portugal;1997;1997;
A;Annual;CLV10_EUR_HAB;Chain linked volumes (2010), euro per capita;P31_S15;Final consumption expenditure of NPISH;PT;Portugal;1997;1997;
A;Annual;CLV_PCH_PRE_HAB;Chain linked volumes, percentage change on previous period, per capita;P31_S15;Final consumption expenditure of NPISH;PT;Portugal;1997;1997;
A;Annual;PC_EU27_2020_HAB_MEUR_CP;Percentage of EU27 (from 2020) total per capita (based on million euro, EU27 from 2020), current prices;P41;Actual individual consumption;PT;Portugal;1997;1997;
A;Annual;PC_EU27_2020_HAB_MPPS_CP;Percentage of EU27 (from 2020) total per capita (based on million purchasing power standards, EU27 from 2020), current prices;P41;Actual individual consumption;PT;Portugal;1997;1997;
A;Annual;CP_EUR_HAB;Current prices, euro per capita;P41;Actual individual consumption;PT;Portugal;1997;1997;
A;Annual;CP_NAC_HAB;Current prices, units of national currency per capita;P41;Actual individual consumption;PT;Portugal;1997;1997;
A;Annual;CP_PPS_EU27_2020_HAB;Current prices, purchasing power standard (PPS, EU27 from 2020) per capita;P41;Actual individual consumption;PT;Portugal;1997;1997;
A;Annual;CLV_I20_HAB;Chain linked volumes, Index 2020=100, per capita;P41;Actual individual consumption;PT;Portugal;1997;1997;
A;Annual;CLV_I15_HAB;Chain linked volumes, Index 2015=100, per capita;P41;Actual individual consumption;PT;Portugal;1997;1997;
A;Annual;CLV_I10_HAB;Chain linked volumes, Index 2010=100, per capita;P41;Actual individual consumption;PT;Portugal;1997;1997;
A;Annual;CLV20_EUR_HAB;Chain linked volumes (2020), euro per capita;P41;Actual individual consumption;PT;Portugal;1997;1997;
A;Annual;CLV15_EUR_HAB;Chain linked volumes (2015), euro per capita;P41;Actual individual consumption;PT;Portugal;1997;1997;
A;Annual;CLV10_EUR_HAB;Chain linked volumes (2010), euro per capita;P41;Actual individual consumption;PT;Portugal;1997;1997;
A;Annual;CLV_PCH_PRE_HAB;Chain linked volumes, percentage change on previous period, per capita;P41;Actual individual consumption;PT;Portugal;1997;1997;
A;Annual;PC_EU27_2020_HAB_MEUR_CP;Percentage of EU27 (from 2020) total per capita (based on million euro, EU27 from 2020), current prices;B1GQ;Gross domestic product at market prices;PT;Portugal;1998;1998;
A;Annual;PC_EU27_2020_HAB_MPPS_CP;Percentage of EU27 (from 2020) total per capita (based on million purchasing power standards, EU27 from 2020), current prices;B1GQ;Gross domestic product at market prices;PT;Portugal;1998;1998;
A;Annual;CP_EUR_HAB;Current prices, euro per capita;B1GQ;Gross domestic product at market prices;PT;Portugal;1998;1998;
A;Annual;CP_NAC_HAB;Current prices, units of national currency per capita;B1GQ;Gross domestic product at market prices;PT;Portugal;1998;1998;
A;Annual;CP_PPS_EU27_2020_HAB;Current prices, purchasing power standard (PPS, EU27 from 2020) per capita;B1GQ;Gross domestic product at market prices;PT;Portugal;1998;1998;
A;Annual;CLV_I20_HAB;Chain linked volumes, Index 2020=100, per capita;B1GQ;Gross domestic product at market prices;PT;Portugal;1998;1998;
A;Annual;CLV_I15_HAB;Chain linked volumes, Index 2015=100, per capita;B1GQ;Gross domestic product at market prices;PT;Portugal;1998;1998;
A;Annual;CLV_I10_HAB;Chain linked volumes, Index 2010=100, per capita;B1GQ;Gross domestic product at market prices;PT;Portugal;1998;1998;
A;Annual;CLV20_EUR_HAB;Chain linked volumes (2020), euro per capita;B1GQ;Gross domestic product at market prices;PT;Portugal;1998;1998;
A;Annual;CLV15_EUR_HAB;Chain linked volumes (2015), euro per capita;B1GQ;Gross domestic product at market prices;PT;Portugal;1998;1998;
A;Annual;CLV10_EUR_HAB;Chain linked volumes (2010), euro per capita;B1GQ;Gross domestic product at market prices;PT;Portugal;1998;1998;
A;Annual;CLV_PCH_PRE_HAB;Chain linked volumes, percentage change on previous period, per capita;B1GQ;Gross domestic product at market prices;PT;Portugal;1998;1998;
A;Annual;PC_EU27_2020_HAB_MEUR_CP;Percentage of EU27 (from 2020) total per capita (based on million euro, EU27 from 2020), current prices;P3;Final consumption expenditure;PT;Portugal;1998;1998;
A;Annual;PC_EU27_2020_HAB_MPPS_CP;Percentage of EU27 (from 2020) total per capita (based on million purchasing power standards, EU27 from 2020), current prices;P3;Final consumption expenditure;PT;Portugal;1998;1998;
A;Annual;CP_EUR_HAB;Current prices, euro per capita;P3;Final consumption expenditure;PT;Portugal;1998;1998;
A;Annual;CP_NAC_HAB;Current prices, units of national currency per capita;P3;Final consumption expenditure;PT;Portugal;1998;1998;
A;Annual;CP_PPS_EU27_2020_HAB;Current prices, purchasing power standard (PPS, EU27 from 2020) per capita;P3;Final consumption expenditure;PT;Portugal;1998;1998;
A;Annual;CLV_I20_HAB;Chain linked volumes, Index 2020=100, per capita;P3;Final consumption expenditure;PT;Portugal;1998;1998;
A;Annual;CLV_I15_HAB;Chain linked volumes, Index 2015=100, per capita;P3;Final consumption expenditure;PT;Portugal;1998;1998;
A;Annual;CLV_I10_HAB;Chain linked volumes, Index 2010=100, per capita;P3;Final consumption expenditure;PT;Portugal;1998;1998;57.827
A;Annual;CLV20_EUR_HAB;Chain linked volumes (2020), euro per capita;P3;Final consumption expenditure;PT;Portugal;1998;1998;57.933
A;Annual;CLV15_EUR_HAB;Chain linked volumes (2015), euro per capita;P3;Final consumption expenditure;PT;Portugal;1998;1998;59.674
A;Annual;CLV10_EUR_HAB;Chain linked volumes (2010), euro per capita;P3;Final consumption expenditure;PT;Portugal;1998;1998;53.832
A;Annual;CLV_PCH_PRE_HAB;Chain linked volumes, percentage change on previous period, per capita;P3;Final consumption expenditure;PT;Portugal;1998;1998;56.199
A;Annual;PC_EU27_2020_HAB_MEUR_CP;Percentage of EU27 (from 2020) total per capita (based on million euro, EU27 from 2020), current prices;P3_S13;Final consumption expenditure of general government;PT;Portugal;1998;1998;59.889
A;Annual;PC_EU27_2020_HAB_MPPS_CP;Percentage of EU27 (from 2020) total per capita (based on million purchasing power standards, EU27 from 2020), current prices;P3_S13;Final consumption expenditure of general government;PT;Portugal;1998;1998;65.085
A;Annual;CP_EUR_HAB;Current prices, euro per capita;P3_S13;Final consumption expenditure of general government;PT;Portugal;1998;1998;67.706
A;Annual;CP_NAC_HAB;Current prices, units of national currency per capita;P3_S13;Final consumption expenditure of general government;PT;Portugal;1998;1998;69.136
A;Annual;CP_PPS_EU27_2020_HAB;Current prices, purchasing power standard (PPS, EU27 from 2020) per capita;P3_S13;Final consumption expenditure of general government;PT;Portugal;1998;1998;71.717
A;Annual;CLV_I20_HAB;Chain linked volumes, Index 2020=100, per capita;P3_S13;Final consumption expenditure of general government;PT;Portugal;1998;1998;70.817
A;Annual;CLV_I15_HAB;Chain linked volumes, Index 2015=100, per capita;P3_S13;Final consumption expenditure of general government;PT;Portugal;1998;1998;67.282
A;Annual;CLV_I10_HAB;Chain linked volumes, Index 2010=100, per capita;P3_S13;Final consumption expenditure of general government;PT;Portugal;1998;1998;73.061
A;Annual;CLV20_EUR_HAB;Chain linked volumes (2020), euro per capita;P3_S13;Final consumption expenditure of general government;PT;Portugal;1998;1998;80.644
A;Annual;CLV15_EUR_HAB;Chain linked volumes (2015), euro per capita;P3_S13;Final consumption expenditure of general government;PT;Portugal;1998;1998;81.377
A;Annual;CLV10_EUR_HAB;Chain linked volumes (2010), euro per capita;P3_S13;Final consumption expenditure of general government;PT;Portugal;1998;1998;85.854
A;Annual;CLV_PCH_PRE_HAB;Chain linked volumes, percentage change on previous period, per capita;P3_S13;Final consumption expenditure of general government;PT;Portugal;1998;1998;87.502
A;Annual;PC_EU27_2020_HAB_MEUR_CP;Percentage of EU27 (from 2020) total per capita (based on million euro, EU27 from 2020), current prices;P31_S13;Individual consumption expenditure of general government;PT;Portugal;1998;1998;91.529
A;Annual;PC_EU27_2020_HAB_MPPS_CP;Percentage of EU27 (from 2020) total per capita (based on million purchasing power standards, EU27 from 2020), current prices;P31_S13;Individual consumption expenditure of general government;PT;Portugal;1998;1998;93.722
A;Annual;CP_EUR_HAB;Current prices, euro per capita;P31_S13;Individual consumption expenditure of general government;PT;Portugal;1998;1998;98.055
A;Annual;CP_NAC_HAB;Current prices, units of national currency per capita;P31_S13;Individual consumption expenditure of general government;PT;Portugal;1998;1998;97.506
A;Annual;CP_PPS_EU27_2020_HAB;Current prices, purchasing power standard (PPS, EU27 from 2020) per capita;P31_S13;Individual consumption expenditure of general government;PT;Portugal;1998;1998;97.43
A;Annual;CLV_I20_HAB;Chain linked volumes, Index 2020=100, per capita;P31_S13;Individual consumption expenditure of general government;PT;Portugal;1998;1998;100.0
A;Annual;CLV_I15_HAB;Chain linked volumes, Index 2015=100, per capita;P31_S13;Individual consumption expenditure of general government;PT;Portugal;1998;1998;114.564
A;Annual;CLV_I10_HAB;Chain linked volumes, Index 2010=100, per capita;P31_S13;Individual consumption expenditure of general government;PT;Portugal;1998;1998;131.775
A;Annual;CLV20_EUR_HAB;Chain linked volumes (2020), euro per capita;P31_S13;Individual consumption expenditure of general government;PT;Portugal;1998;1998;144.99
A;Annual;CLV15_EUR_HAB;Chain linked volumes (2015), euro per capita;P31_S13;Individual consumption expenditure of general government;PT;Portugal;1998;1998;
A;Annual;CLV10_EUR_HAB;Chain linked volumes (2010), euro per capita;P31_S13;Individual consumption expenditure of general government;PT;Portugal;1998;1998;
A;Annual;CLV_PCH_PRE_HAB;Chain linked volumes, percentage change on previous period, per capita;P31_S13;Individual consumption expenditure of general government;PT;Portugal;1998;1998;
A;Annual;PC_EU27_2020_HAB_MEUR_CP;Percentage of EU27 (from 2020) total per capita (based on million euro, EU27 from 2020), current prices;P32_S13;Collective consumption expenditure of general government;PT;Portugal;1998;1998;
A;Annual;PC_EU27_2020_HAB_MPPS_CP;Percentage of EU27 (from 2020) total per capita (based on million purchasing power standards, EU27 from 2020), current prices;P32_S13;Collective consumption expenditure of general government;PT;Portugal;1998;1998;
A;Annual;CP_EUR_HAB;Current prices, euro per capita;P32_S13;Collective consumption expenditure of general government;PT;Portugal;1998;1998;
A;Annual;CP_NAC_HAB;Current prices, units of national currency per capita;P32_S13;Collective consumption expenditure of general government;PT;Portugal;1998;1998;
A;Annual;CP_PPS_EU27_2020_HAB;Current prices, purchasing power standard (PPS, EU27 from 2020) per capita;P32_S13;Collective consumption expenditure of general government;PT;Portugal;1998;1998;
A;Annual;CLV_I20_HAB;Chain linked volumes, Index 2020=100, per capita;P32_S13;Collective consumption expenditure of general government;PT;Portugal;1998;1998;
A;Annual;CLV_I15_HAB;Chain linked volumes, Index 2015=100, per capita;P32_S13;Collective consumption expenditure of general government;PT;Portugal;1998;1998;
A;Annual;CLV_I10_HAB;Chain linked volumes, Index 2010=100, per capita;P32_S13;Collective consumption expenditure of general government;PT;Portugal;1998;1998;
A;Annual;CLV20_EUR_HAB;Chain linked volumes (2020), euro per capita;P32_S13;Collective consumption expenditure of general government;PT;Portugal;1998;1998;
A;Annual;CLV15_EUR_HAB;Chain linked volumes (2015), euro per capita;P32_S13;Collective consumption expenditure of general government;PT;Portugal;1998;1998;
A;Annual;CLV10_EUR_HAB;Chain linked volumes (2010), euro per capita;P32_S13;Collective consumption expenditure of general government;PT;Portugal;1998;1998;
A;Annual;CLV_PCH_PRE_HAB;Chain linked volumes, percentage change on previous period, per capita;P32_S13;Collective consumption expenditure of general government;PT;Portugal;1998;1998;
A;Annual;PC_EU27_2020_HAB_MEUR_CP;Percentage of EU27 (from 2020) total per capita (based on million euro, EU27 from 2020), current prices;P31_S14_S15;Household and NPISH final consumption expenditure;PT;Portugal;1998;1998;
A;Annual;PC_EU27_2020_HAB_MPPS_CP;Percentage of EU27 (from 2020) total per capita (based on million purchasing power standards, EU27 from 2020), current prices;P31_S14_S15;Household and NPISH final consumption expenditure;PT;Portugal;1998;1998;
A;Annual;CP_EUR_HAB;Current prices, euro per capita;P31_S14_S15;Household and NPISH final consumption expenditure;PT;Portugal;1998;1998;
A;Annual;CP_NAC_HAB;Current prices, units of national currency per capita;P31_S14_S15;Household and NPISH final consumption expenditure;PT;Portugal;1998;1998;
A;Annual;CP_PPS_EU27_2020_HAB;Current prices, purchasing power standard (PPS, EU27 from 2020) per capita;P31_S14_S15;Household and NPISH final consumption expenditure;PT;Portugal;1998;1998;
A;Annual;CLV_I20_HAB;Chain linked volumes, Index 2020=100, per capita;P31_S14_S15;Household and NPISH final consumption expenditure;PT;Portugal;1998;1998;
A;Annual;CLV_I15_HAB;Chain linked volumes, Index 2015=100, per capita;P31_S14_S15;Household and NPISH final consumption expenditure;PT;Portugal;1998;1998;
A;Annual;CLV_I10_HAB;Chain linked volumes, Index 2010=100, per capita;P31_S14_S15;Household and NPISH final consumption expenditure;PT;Portugal;1998;1998;
A;Annual;CLV20_EUR_HAB;Chain linked volumes (2020), euro per capita;P31_S14_S15;Household and NPISH final consumption expenditure;PT;Portugal;1998;1998;
A;Annual;CLV15_EUR_HAB;Chain linked volumes (2015), euro per capita;P31_S14_S15;Household and NPISH final consumption expenditure;PT;Portugal;1998;1998;
A;Annual;CLV10_EUR_HAB;Chain linked volumes (2010), euro per capita;P31_S14_S15;Household and NPISH final consumption expenditure;PT;Portugal;1998;1998;
A;Annual;CLV_PCH_PRE_HAB;Chain linked volumes, percentage change on previous period, per capita;P31_S14_S15;Household and NPISH final consumption expenditure;PT;Portugal;1998;1998;
A;Annual;PC_EU27_2020_HAB_MEUR_CP;Percentage of EU27 (from 2020) total per capita (based on million euro, EU27 from 2020), current prices;P31_S14;Final consumption expenditure of households;PT;Portugal;1998;1998;
A;Annual;PC_EU27_2020_HAB_MPPS_CP;Percentage of EU27 (from 2020) total per capita (based on million purchasing power standards, EU27 from 2020), current prices;P31_S14;Final consumption expenditure of households;PT;Portugal;1998;1998;
A;Annual;CP_EUR_HAB;Current prices, euro per capita;P31_S14;Final consumption expenditure of households;PT;Portugal;1998;1998;
A;Annual;CP_NAC_HAB;Current prices, units of national currency per capita;P31_S14;Final consumption expenditure of households;PT;Portugal;1998;1998;
A;Annual;CP_PPS_EU27_2020_HAB;Current prices, purchasing power standard (PPS, EU27 from 2020) per capita;P31_S14;Final consumption expenditure of households;PT;Portugal;1998;1998;
A;Annual;CLV_I20_HAB;Chain linked volumes, Index 2020=100, per capita;P31_S14;Final consumption expenditure of households;PT;Portugal;1998;1998;
A;Annual;CLV_I15_HAB;Chain linked volumes, Index 2015=100, per capita;P31_S14;Final consumption expenditure of households;PT;Portugal;1998;1998;
A;Annual;CLV_I10_HAB;Chain linked volumes, Index 2010=100, per capita;P31_S14;Final consumption expenditure of households;PT;Portugal;1998;1998;
A;Annual;CLV20_EUR_HAB;Chain linked volumes (2020), euro per capita;P31_S14;Final consumption expenditure of households;PT;Portugal;1998;1998;
A;Annual;CLV15_EUR_HAB;Chain linked volumes (2015), euro per capita;P31_S14;Final consumption expenditure of households;PT;Portugal;1998;1998;
A;Annual;CLV10_EUR_HAB;Chain linked volumes (2010), euro per capita;P31_S14;Final consumption expenditure of households;PT;Portugal;1998;1998;
A;Annual;CLV_PCH_PRE_HAB;Chain linked volumes, percentage change on previous period, per capita;P31_S14;Final consumption expenditure of households;PT;Portugal;1998;1998;
A;Annual;PC_EU27_2020_HAB_MEUR_CP;Percentage of EU27 (from 2020) total per capita (based on million euro, EU27 from 2020), current prices;P31_S15;Final consumption expenditure of NPISH;PT;Portugal;1998;1998;
A;Annual;PC_EU27_2020_HAB_MPPS_CP;Percentage of EU27 (from 2020) total per capita (based on million purchasing power standards, EU27 from 2020), current prices;P31_S15;Final consumption expenditure of NPISH;PT;Portugal;1998;1998;
A;Annual;CP_EUR_HAB;Current prices, euro per capita;P31_S15;Final consumption expenditure of NPISH;PT;Portugal;1998;1998;
A;Annual;CP_NAC_HAB;Current prices, units of national currency per capita;P31_S15;Final consumption expenditure of NPISH;PT;Portugal;1998;1998;
A;Annual;CP_PPS_EU27_2020_HAB;Current prices, purchasing power standard (PPS, EU27 from 2020) per capita;P31_S15;Final consumption expenditure of NPISH;PT;Portugal;1998;1998;
A;Annual;CLV_I20_HAB;Chain linked volumes, Index 2020=100, per capita;P31_S15;Final consumption expenditure of NPISH;PT;Portugal;1998;1998;
A;Annual;CLV_I15_HAB;Chain linked volumes, Index 2015=100, per capita;P31_S15;Final consumption expenditure of NPISH;PT;Portugal;1998;1998;
A;Annual;CLV_I10_HAB;Chain linked volumes, Index 2010=100, per capita;P31_S15;Final consumption expenditure of NPISH;PT;Portugal;1998;1998;
A;Annual;CLV20_EUR_HAB;Chain linked volumes (2020), euro per capita;P31_S15;Final consumption expenditure of NPISH;PT;Portugal;1998;1998;
A;Annual;CLV15_EUR_HAB;Chain linked volumes (2015), euro per capita;P31_S15;Final consumption expenditure of NPISH;PT;Portugal;1998;1998;
A;Annual;CLV10_EUR_HAB;Chain linked volumes (2010), euro per capita;P31_S15;Final consumption expenditure of NPISH;PT;Portugal;1998;1998;
A;Annual;CLV_PCH_PRE_HAB;Chain linked volumes, percentage change on previous period, per capita;P31_S15;Final consumption expenditure of NPISH;PT;Portugal;1998;1998;
A;Annual;PC_EU27_2020_HAB_MEUR_CP;Percentage of EU27 (from 2020) total per capita (based on million euro, EU27 from 2020), current prices;P41;Actual individual consumption;PT;Portugal;1998;1998;
A;Annual;PC_EU27_2020_HAB_MPPS_CP;Percentage of EU27 (from 2020) total per capita (based on million purchasing power standards, EU27 from 2020), current prices;P41;Actual individual consumption;PT;Portugal;1998;1998;
A;Annual;CP_EUR_HAB;Current prices, euro per capita;P41;Actual individual consumption;PT;Portugal;1998;1998;
A;Annual;CP_NAC_HAB;Current prices, units of national currency per capita;P41;Actual individual consumption;PT;Portugal;1998;1998;
A;Annual;CP_PPS_EU27_2020_HAB;Current prices, purchasing power standard (PPS, EU27 from 2020) per capita;P41;Actual individual consumption;PT;Portugal;1998;1998;
A;Annual;CLV_I20_HAB;Chain linked volumes, Index 2020=100, per capita;P41;Actual individual consumption;PT;Portugal;1998;1998;
A;Annual;CLV_I15_HAB;Chain linked volumes, Index 2015=100, per capita;P41;Actual individual consumption;PT;Portugal;1998;1998;
A;Annual;CLV_I10_HAB;Chain linked volumes, Index 2010=100, per capita;P41;Actual individual consumption;PT;Portugal;1998;1998;
A;Annual;CLV20_EUR_HAB;Chain linked volumes (2020), euro per capita;P41;Actual individual consumption;PT;Portugal;1998;1998;
A;Annual;CLV15_EUR_HAB;Chain linked volumes (2015), euro per capita;P41;Actual individual consumption;PT;Portugal;1998;1998;
A;Annual;CLV10_EUR_HAB;Chain linked volumes (2010), euro per capita;P41;Actual individual consumption;PT;Portugal;1998;1998;
A;Annual;CLV_PCH_PRE_HAB;Chain linked volumes, percentage change on previous period, per capita;P41;Actual individual consumption;PT;Portugal;1998;1998;
A;Annual;PC_EU27_2020_HAB_MEUR_CP;Percentage of EU27 (from 2020) total per capita (based on million euro, EU27 from 2020), current prices;B1GQ;Gross domestic product at market prices;PT;Portugal;1999;1999;
A;Annual;PC_EU27_2020_HAB_MPPS_CP;Percentage of EU27 (from 2020) total per capita (based on million purchasing power standards, EU27 from 2020), current prices;B1GQ;Gross domestic product at market prices;PT;Portugal;1999;1999;
A;Annual;CP_EUR_HAB;Current prices, euro per capita;B1GQ;Gross domestic product at market prices;PT;Portugal;1999;1999;
A;Annual;CP_NAC_HAB;Current prices, units of national currency per capita;B1GQ;Gross domestic product at market prices;PT;Portugal;1999;1999;
A;Annual;CP_PPS_EU27_2020_HAB;Current prices, purchasing power standard (PPS, EU27 from 2020) per capita;B1GQ;Gross domestic product at market prices;PT;Portugal;1999;1999;
A;Annual;CLV_I20_HAB;Chain linked volumes, Index 2020=100, per capita;B1GQ;Gross domestic product at market prices;PT;Portugal;1999;1999;
A;Annual;CLV_I15_HAB;Chain linked volumes, Index 2015=100, per capita;B1GQ;Gross domestic product at market prices;PT;Portugal;1999;1999;
A;Annual;CLV_I10_HAB;Chain linked volumes, Index 2010=100, per capita;B1GQ;Gross domestic product at market prices;PT;Portugal;1999;1999;
A;Annual;CLV20_EUR_HAB;Chain linked volumes (2020), euro per capita;B1GQ;Gross domestic product at market prices;PT;Portugal;1999;1999;
A;Annual;CLV15_EUR_HAB;Chain linked volumes (2015), euro per capita;B1GQ;Gross domestic product at market prices;PT;Portugal;1999;1999;
A;Annual;CLV10_EUR_HAB;Chain linked volumes (2010), euro per capita;B1GQ;Gross domestic product at market prices;PT;Portugal;1999;1999;
A;Annual;CLV_PCH_PRE_HAB;Chain linked volumes, percentage change on previous period, per capita;B1GQ;Gross domestic product at market prices;PT;Portugal;1999;1999;
A;Annual;PC_EU27_2020_HAB_MEUR_CP;Percentage of EU27 (from 2020) total per capita (based on million euro, EU27 from 2020), current prices;P3;Final consumption expenditure;PT;Portugal;1999;1999;
A;Annual;PC_EU27_2020_HAB_MPPS_CP;Percentage of EU27 (from 2020) total per capita (based on million purchasing power standards, EU27 from 2020), current prices;P3;Final consumption expenditure;PT;Portugal;1999;1999;
A;Annual;CP_EUR_HAB;Current prices, euro per capita;P3;Final consumption expenditure;PT;Portugal;1999;1999;82.178
A;Annual;CP_NAC_HAB;Current prices, units of national currency per capita;P3;Final consumption expenditure;PT;Portugal;1999;1999;83.825
A;Annual;CP_PPS_EU27_2020_HAB;Current prices, purchasing power standard (PPS, EU27 from 2020) per capita;P3;Final consumption expenditure;PT;Portugal;1999;1999;84.87
A;Annual;CLV_I20_HAB;Chain linked volumes, Index 2020=100, per capita;P3;Final consumption expenditure;PT;Portugal;1999;1999;87.239
A;Annual;CLV_I15_HAB;Chain linked volumes, Index 2015=100, per capita;P3;Final consumption expenditure;PT;Portugal;1999;1999;88.683
A;Annual;CLV_I10_HAB;Chain linked volumes, Index 2010=100, per capita;P3;Final consumption expenditure;PT;Portugal;1999;1999;90.724
A;Annual;CLV20_EUR_HAB;Chain linked volumes (2020), euro per capita;P3;Final consumption expenditure;PT;Portugal;1999;1999;91.273
A;Annual;CLV15_EUR_HAB;Chain linked volumes (2015), euro per capita;P3;Final consumption expenditure;PT;Portugal;1999;1999;91.902
A;Annual;CLV10_EUR_HAB;Chain linked volumes (2010), euro per capita;P3;Final consumption expenditure;PT;Portugal;1999;1999;92.533
A;Annual;CLV_PCH_PRE_HAB;Chain linked volumes, percentage change on previous period, per capita;P3;Final consumption expenditure;PT;Portugal;1999;1999;93.466
A;Annual;PC_EU27_2020_HAB_MEUR_CP;Percentage of EU27 (from 2020) total per capita (based on million euro, EU27 from 2020), current prices;P3_S13;Final consumption expenditure of general government;PT;Portugal;1999;1999;94.141
A;Annual;PC_EU27_2020_HAB_MPPS_CP;Percentage of EU27 (from 2020) total per capita (based on million purchasing power standards, EU27 from 2020), current prices;P3_S13;Final consumption expenditure of general government;PT;Portugal;1999;1999;95.018
A;Annual;CP_EUR_HAB;Current prices, euro per capita;P3_S13;Final consumption expenditure of general government;PT;Portugal;1999;1999;96.268
A;Annual;CP_NAC_HAB;Current prices, units of national currency per capita;P3_S13;Final consumption expenditure of general government;PT;Portugal;1999;1999;97.163
A;Annual;CP_PPS_EU27_2020_HAB;Current prices, purchasing power standard (PPS, EU27 from 2020) per capita;P3_S13;Final consumption expenditure of general government;PT;Portugal;1999;1999;97.902
A;Annual;CLV_I20_HAB;Chain linked volumes, Index 2020=100, per capita;P3_S13;Final consumption expenditure of general government;PT;Portugal;1999;1999;99.978
A;Annual;CLV_I15_HAB;Chain linked volumes, Index 2015=100, per capita;P3_S13;Final consumption expenditure of general government;PT;Portugal;1999;1999;99.341
A;Annual;CLV_I10_HAB;Chain linked volumes, Index 2010=100, per capita;P3_S13;Final consumption expenditure of general government;PT;Portugal;1999;1999;100.057
A;Annual;CLV20_EUR_HAB;Chain linked volumes (2020), euro per capita;P3_S13;Final consumption expenditure of general government;PT;Portugal;1999;1999;100.804
A;Annual;CLV15_EUR_HAB;Chain linked volumes (2015), euro per capita;P3_S13;Final consumption expenditure of general government;PT;Portugal;1999;1999;101.479
A;Annual;CLV10_EUR_HAB;Chain linked volumes (2010), euro per capita;P3_S13;Final consumption expenditure of general government;PT;Portugal;1999;1999;102.401
A;Annual;CLV_PCH_PRE_HAB;Chain linked volumes, percentage change on previous period, per capita;P3_S13;Final consumption expenditure of general government;PT;Portugal;1999;1999;103.406
A;Annual;PC_EU27_2020_HAB_MEUR_CP;Percentage of EU27 (from 2020) total per capita (based on million euro, EU27 from 2020), current prices;P31_S13;Individual consumption expenditure of general government;PT;Portugal;1999;1999;104.771
A;Annual;PC_EU27_2020_HAB_MPPS_CP;Percentage of EU27 (from 2020) total per capita (based on million purchasing power standards, EU27 from 2020), current prices;P31_S13;Individual consumption expenditure of general government;PT;Portugal;1999;1999;105.812
A;Annual;CP_EUR_HAB;Current prices, euro per capita;P31_S13;Individual consumption expenditure of general government;PT;Portugal;1999;1999;106.823
A;Annual;CP_NAC_HAB;Current prices, units of national currency per capita;P31_S13;Individual consumption expenditure of general government;PT;Portugal;1999;1999;100.0
A;Annual;CP_PPS_EU27_2020_HAB;Current prices, purchasing power standard (PPS, EU27 from 2020) per capita;P31_S13;Individual consumption expenditure of general government;PT;Portugal;1999;1999;105.029
A;Annual;CLV_I20_HAB;Chain linked volumes, Index 2020=100, per capita;P31_S13;Individual consumption expenditure of general government;PT;Portugal;1999;1999;107.981
A;Annual;CLV_I15_HAB;Chain linked volumes, Index 2015=100, per capita;P31_S13;Individual consumption expenditure of general government;PT;Portugal;1999;1999;108.798
A;Annual;CLV_I10_HAB;Chain linked volumes, Index 2010=100, per capita;P31_S13;Individual consumption expenditure of general government;PT;Portugal;1999;1999;110.373
A;Annual;CLV20_EUR_HAB;Chain linked volumes (2020), euro per capita;P31_S13;Individual consumption expenditure of general government;PT;Portugal;1999;1999;
A;Annual;CLV15_EUR_HAB;Chain linked volumes (2015), euro per capita;P31_S13;Individual consumption expenditure of general government;PT;Portugal;1999;1999;
A;Annual;CLV10_EUR_HAB;Chain linked volumes (2010), euro per capita;P31_S13;Individual consumption expenditure of general government;PT;Portugal;1999;1999;
A;Annual;CLV_PCH_PRE_HAB;Chain linked volumes, percentage change on previous period, per capita;P31_S13;Individual consumption expenditure of general government;PT;Portugal;1999;1999;
A;Annual;PC_EU27_2020_HAB_MEUR_CP;Percentage of EU27 (from 2020) total per capita (based on million euro, EU27 from 2020), current prices;P32_S13;Collective consumption expenditure of general government;PT;Portugal;1999;1999;
A;Annual;PC_EU27_2020_HAB_MPPS_CP;Percentage of EU27 (from 2020) total per capita (based on million purchasing power standards, EU27 from 2020), current prices;P32_S13;Collective consumption expenditure of general government;PT;Portugal;1999;1999;
A;Annual;CP_EUR_HAB;Current prices, euro per capita;P32_S13;Collective consumption expenditure of general government;PT;Portugal;1999;1999;
A;Annual;CP_NAC_HAB;Current prices, units of national currency per capita;P32_S13;Collective consumption expenditure of general government;PT;Portugal;1999;1999;
A;Annual;CP_PPS_EU27_2020_HAB;Current prices, purchasing power standard (PPS, EU27 from 2020) per capita;P32_S13;Collective consumption expenditure of general government;PT;Portugal;1999;1999;
A;Annual;CLV_I20_HAB;Chain linked volumes, Index 2020=100, per capita;P32_S13;Collective consumption expenditure of general government;PT;Portugal;1999;1999;
A;Annual;CLV_I15_HAB;Chain linked volumes, Index 2015=100, per capita;P32_S13;Collective consumption expenditure of general government;PT;Portugal;1999;1999;
A;Annual;CLV_I10_HAB;Chain linked volumes, Index 2010=100, per capita;P32_S13;Collective consumption expenditure of general government;PT;Portugal;1999;1999;
A;Annual;CLV20_EUR_HAB;Chain linked volumes (2020), euro per capita;P32_S13;Collective consumption expenditure of general government;PT;Portugal;1999;1999;
A;Annual;CLV15_EUR_HAB;Chain linked volumes (2015), euro per capita;P32_S13;Collective consumption expenditure of general government;PT;Portugal;1999;1999;
A;Annual;CLV10_EUR_HAB;Chain linked volumes (2010), euro per capita;P32_S13;Collective consumption expenditure of general government;PT;Portugal;1999;1999;
A;Annual;CLV_PCH_PRE_HAB;Chain linked volumes, percentage change on previous period, per capita;P32_S13;Collective consumption expenditure of general government;PT;Portugal;1999;1999;
A;Annual;PC_EU27_2020_HAB_MEUR_CP;Percentage of EU27 (from 2020) total per capita (based on million euro, EU27 from 2020), current prices;P31_S14_S15;Household and NPISH final consumption expenditure;PT;Portugal;1999;1999;
A;Annual;PC_EU27_2020_HAB_MPPS_CP;Percentage of EU27 (from 2020) total per capita (based on million purchasing power standards, EU27 from 2020), current prices;P31_S14_S15;Household and NPISH final consumption expenditure;PT;Portugal;1999;1999;
A;Annual;CP_EUR_HAB;Current prices, euro per capita;P31_S14_S15;Household and NPISH final consumption expenditure;PT;Portugal;1999;1999;
A;Annual;CP_NAC_HAB;Current prices, units of national currency per capita;P31_S14_S15;Household and NPISH final consumption expenditure;PT;Portugal;1999;1999;
A;Annual;CP_PPS_EU27_2020_HAB;Current prices, purchasing power standard (PPS, EU27 from 2020) per capita;P31_S14_S15;Household and NPISH final consumption expenditure;PT;Portugal;1999;1999;49.223
A;Annual;CLV_I20_HAB;Chain linked volumes, Index 2020=100, per capita;P31_S14_S15;Household and NPISH final consumption expenditure;PT;Portugal;1999;1999;50.041
A;Annual;CLV_I15_HAB;Chain linked volumes, Index 2015=100, per capita;P31_S14_S15;Household and NPISH final consumption expenditure;PT;Portugal;1999;1999;34.155
A;Annual;CLV_I10_HAB;Chain linked volumes, Index 2010=100, per capita;P31_S14_S15;Household and NPISH final consumption expenditure;PT;Portugal;1999;1999;34.524
A;Annual;CLV20_EUR_HAB;Chain linked volumes (2020), euro per capita;P31_S14_S15;Household and NPISH final consumption expenditure;PT;Portugal;1999;1999;36.591
A;Annual;CLV15_EUR_HAB;Chain linked volumes (2015), euro per capita;P31_S14_S15;Household and NPISH final consumption expenditure;PT;Portugal;1999;1999;39.302
A;Annual;CLV10_EUR_HAB;Chain linked volumes (2010), euro per capita;P31_S14_S15;Household and NPISH final consumption expenditure;PT;Portugal;1999;1999;43.753
A;Annual;CLV_PCH_PRE_HAB;Chain linked volumes, percentage change on previous period, per capita;P31_S14_S15;Household and NPISH final consumption expenditure;PT;Portugal;1999;1999;46.316
A;Annual;PC_EU27_2020_HAB_MEUR_CP;Percentage of EU27 (from 2020) total per capita (based on million euro, EU27 from 2020), current prices;P31_S14;Final consumption expenditure of households;PT;Portugal;1999;1999;49.693
A;Annual;PC_EU27_2020_HAB_MPPS_CP;Percentage of EU27 (from 2020) total per capita (based on million purchasing power standards, EU27 from 2020), current prices;P31_S14;Final consumption expenditure of households;PT;Portugal;1999;1999;54.051
A;Annual;CP_EUR_HAB;Current prices, euro per capita;P31_S14;Final consumption expenditure of households;PT;Portugal;1999;1999;57.485
A;Annual;CP_NAC_HAB;Current prices, units of national currency per capita;P31_S14;Final consumption expenditure of households;PT;Portugal;1999;1999;62.611
A;Annual;CP_PPS_EU27_2020_HAB;Current prices, purchasing power standard (PPS, EU27 from 2020) per capita;P31_S14;Final consumption expenditure of households;PT;Portugal;1999;1999;69.345
A;Annual;CLV_I20_HAB;Chain linked volumes, Index 2020=100, per capita;P31_S14;Final consumption expenditure of households;PT;Portugal;1999;1999;72.756
A;Annual;CLV_I15_HAB;Chain linked volumes, Index 2015=100, per capita;P31_S14;Final consumption expenditure of households;PT;Portugal;1999;1999;69.603
A;Annual;CLV_I10_HAB;Chain linked volumes, Index 2010=100, per capita;P31_S14;Final consumption expenditure of households;PT;Portugal;1999;1999;71.309
A;Annual;CLV20_EUR_HAB;Chain linked volumes (2020), euro per capita;P31_S14;Final consumption expenditure of households;PT;Portugal;1999;1999;74.683
A;Annual;CLV15_EUR_HAB;Chain linked volumes (2015), euro per capita;P31_S14;Final consumption expenditure of households;PT;Portugal;1999;1999;77.746
A;Annual;CLV10_EUR_HAB;Chain linked volumes (2010), euro per capita;P31_S14;Final consumption expenditure of households;PT;Portugal;1999;1999;76.148
A;Annual;CLV_PCH_PRE_HAB;Chain linked volumes, percentage change on previous period, per capita;P31_S14;Final consumption expenditure of households;PT;Portugal;1999;1999;78.189
A;Annual;PC_EU27_2020_HAB_MEUR_CP;Percentage of EU27 (from 2020) total per capita (based on million euro, EU27 from 2020), current prices;P31_S15;Final consumption expenditure of NPISH;PT;Portugal;1999;1999;81.106
A;Annual;PC_EU27_2020_HAB_MPPS_CP;Percentage of EU27 (from 2020) total per capita (based on million purchasing power standards, EU27 from 2020), current prices;P31_S15;Final consumption expenditure of NPISH;PT;Portugal;1999;1999;83.856
A;Annual;CP_EUR_HAB;Current prices, euro per capita;P31_S15;Final consumption expenditure of NPISH;PT;Portugal;1999;1999;87.109
A;Annual;CP_NAC_HAB;Current prices, units of national currency per capita;P31_S15;Final consumption expenditure of NPISH;PT;Portugal;1999;1999;91.506
A;Annual;CP_PPS_EU27_2020_HAB;Current prices, purchasing power standard (PPS, EU27 from 2020) per capita;P31_S15;Final consumption expenditure of NPISH;PT;Portugal;1999;1999;98.042
A;Annual;CLV_I20_HAB;Chain linked volumes, Index 2020=100, per capita;P31_S15;Final consumption expenditure of NPISH;PT;Portugal;1999;1999;100.0
A;Annual;CLV_I15_HAB;Chain linked volumes, Index 2015=100, per capita;P31_S15;Final consumption expenditure of NPISH;PT;Portugal;1999;1999;108.727
A;Annual;CLV_I10_HAB;Chain linked volumes, Index 2010=100, per capita;P31_S15;Final consumption expenditure of NPISH;PT;Portugal;1999;1999;113.883
A;Annual;CLV20_EUR_HAB;Chain linked volumes (2020), euro per capita;P31_S15;Final consumption expenditure of NPISH;PT;Portugal;1999;1999;115.499
A;Annual;CLV15_EUR_HAB;Chain linked volumes (2015), euro per capita;P31_S15;Final consumption expenditure of NPISH;PT;Portugal;1999;1999;121.185
A;Annual;CLV10_EUR_HAB;Chain linked volumes (2010), euro per capita;P31_S15;Final consumption expenditure of NPISH;PT;Portugal;1999;1999;
A;Annual;CLV_PCH_PRE_HAB;Chain linked volumes, percentage change on previous period, per capita;P31_S15;Final consumption expenditure of NPISH;PT;Portugal;1999;1999;
A;Annual;PC_EU27_2020_HAB_MEUR_CP;Percentage of EU27 (from 2020) total per capita (based on million euro, EU27 from 2020), current prices;P41;Actual individual consumption;PT;Portugal;1999;1999;
A;Annual;PC_EU27_2020_HAB_MPPS_CP;Percentage of EU27 (from 2020) total per capita (based on million purchasing power standards, EU27 from 2020), current prices;P41;Actual individual consumption;PT;Portugal;1999;1999;
A;Annual;CP_EUR_HAB;Current prices, euro per capita;P41;Actual individual consumption;PT;Portugal;1999;1999;
A;Annual;CP_NAC_HAB;Current prices, units of national currency per capita;P41;Actual individual consumption;PT;Portugal;1999;1999;
A;Annual;CP_PPS_EU27_2020_HAB;Current prices, purchasing power standard (PPS, EU27 from 2020) per capita;P41;Actual individual consumption;PT;Portugal;1999;1999;
A;Annual;CLV_I20_HAB;Chain linked volumes, Index 2020=100, per capita;P41;Actual individual consumption;PT;Portugal;1999;1999;
A;Annual;CLV_I15_HAB;Chain linked volumes, Index 2015=100, per capita;P41;Actual individual consumption;PT;Portugal;1999;1999;
A;Annual;CLV_I10_HAB;Chain linked volumes, Index 2010=100, per capita;P41;Actual individual consumption;PT;Portugal;1999;1999;
A;Annual;CLV20_EUR_HAB;Chain linked volumes (2020), euro per capita;P41;Actual individual consumption;PT;Portugal;1999;1999;
A;Annual;CLV15_EUR_HAB;Chain linked volumes (2015), euro per capita;P41;Actual individual consumption;PT;Portugal;1999;1999;
A;Annual;CLV10_EUR_HAB;Chain linked volumes (2010), euro per capita;P41;Actual individual consumption;PT;Portugal;1999;1999;
A;Annual;CLV_PCH_PRE_HAB;Chain linked volumes, percentage change on previous period, per capita;P41;Actual individual consumption;PT;Portugal;1999;1999;
A;Annual;PC_EU27_2020_HAB_MEUR_CP;Percentage of EU27 (from 2020) total per capita (based on million euro, EU27 from 2020), current prices;B1GQ;Gross domestic product at market prices;PT;Portugal;2000;2000;
A;Annual;PC_EU27_2020_HAB_MPPS_CP;Percentage of EU27 (from 2020) total per capita (based on million purchasing power standards, EU27 from 2020), current prices;B1GQ;Gross domestic product at market prices;PT;Portugal;2000;2000;
A;Annual;CP_EUR_HAB;Current prices, euro per capita;B1GQ;Gross domestic product at market prices;PT;Portugal;2000;2000;
A;Annual;CP_NAC_HAB;Current prices, units of national currency per capita;B1GQ;Gross domestic product at market prices;PT;Portugal;2000;2000;
A;Annual;CP_PPS_EU27_2020_HAB;Current prices, purchasing power standard (PPS, EU27 from 2020) per capita;B1GQ;Gross domestic product at market prices;PT;Portugal;2000;2000;
A;Annual;CLV_I20_HAB;Chain linked volumes, Index 2020=100, per capita;B1GQ;Gross domestic product at market prices;PT;Portugal;2000;2000;
A;Annual;CLV_I15_HAB;Chain linked volumes, Index 2015=100, per capita;B1GQ;Gross domestic product at market prices;PT;Portugal;2000;2000;
A;Annual;CLV_I10_HAB;Chain linked volumes, Index 2010=100, per capita;B1GQ;Gross domestic product at market prices;PT;Portugal;2000;2000;
A;Annual;CLV20_EUR_HAB;Chain linked volumes (2020), euro per capita;B1GQ;Gross domestic product at market prices;PT;Portugal;2000;2000;
A;Annual;CLV15_EUR_HAB;Chain linked volumes (2015), euro per capita;B1GQ;Gross domestic product at market prices;PT;Portugal;2000;2000;
A;Annual;CLV10_EUR_HAB;Chain linked volumes (2010), euro per capita;B1GQ;Gross domestic product at market prices;PT;Portugal;2000;2000;
A;Annual;CLV_PCH_PRE_HAB;Chain linked volumes, percentage change on previous period, per capita;B1GQ;Gross domestic product at market prices;PT;Portugal;2000;2000;
A;Annual;PC_EU27_2020_HAB_MEUR_CP;Percentage of EU27 (from 2020) total per capita (based on million euro, EU27 from 2020), current prices;P3;Final consumption expenditure;PT;Portugal;2000;2000;87.258
A;Annual;PC_EU27_2020_HAB_MPPS_CP;Percentage of EU27 (from 2020) total per capita (based on million purchasing power standards, EU27 from 2020), current prices;P3;Final consumption expenditure;PT;Portugal;2000;2000;88.214
A;Annual;CP_EUR_HAB;Current prices, euro per capita;P3;Final consumption expenditure;PT;Portugal;2000;2000;89.768
A;Annual;CP_NAC_HAB;Current prices, units of national currency per capita;P3;Final consumption expenditure;PT;Portugal;2000;2000;92.877
A;Annual;CP_PPS_EU27_2020_HAB;Current prices, purchasing power standard (PPS, EU27 from 2020) per capita;P3;Final consumption expenditure;PT;Portugal;2000;2000;95.563
A;Annual;CLV_I20_HAB;Chain linked volumes, Index 2020=100, per capita;P3;Final consumption expenditure;PT;Portugal;2000;2000;96.261
A;Annual;CLV_I15_HAB;Chain linked volumes, Index 2015=100, per capita;P3;Final consumption expenditure;PT;Portugal;2000;2000;100.803
A;Annual;CLV_I10_HAB;Chain linked volumes, Index 2010=100, per capita;P3;Final consumption expenditure;PT;Portugal;2000;2000;105.52
A;Annual;CLV20_EUR_HAB;Chain linked volumes (2020), euro per capita;P3;Final consumption expenditure;PT;Portugal;2000;2000;109.373
A;Annual;CLV15_EUR_HAB;Chain linked volumes (2015), euro per capita;P3;Final consumption expenditure;PT;Portugal;2000;2000;113.648
A;Annual;CLV10_EUR_HAB;Chain linked volumes (2010), euro per capita;P3;Final consumption expenditure;PT;Portugal;2000;2000;117.32
A;Annual;CLV_PCH_PRE_HAB;Chain linked volumes, percentage change on previous period, per capita;P3;Final consumption expenditure;PT;Portugal;2000;2000;120.626
A;Annual;PC_EU27_2020_HAB_MEUR_CP;Percentage of EU27 (from 2020) total per capita (based on million euro, EU27 from 2020), current prices;P3_S13;Final consumption expenditure of general government;PT;Portugal;2000;2000;126.047
A;Annual;PC_EU27_2020_HAB_MPPS_CP;Percentage of EU27 (from 2020) total per capita (based on million purchasing power standards, EU27 from 2020), current prices;P3_S13;Final consumption expenditure of general government;PT;Portugal;2000;2000;128.444
A;Annual;CP_EUR_HAB;Current prices, euro per capita;P3_S13;Final consumption expenditure of general government;PT;Portugal;2000;2000;127.327
A;Annual;CP_NAC_HAB;Current prices, units of national currency per capita;P3_S13;Final consumption expenditure of general government;PT;Portugal;2000;2000;118.851
A;Annual;CP_PPS_EU27_2020_HAB;Current prices, purchasing power standard (PPS, EU27 from 2020) per capita;P3_S13;Final consumption expenditure of general government;PT;Portugal;2000;2000;109.788
A;Annual;CLV_I20_HAB;Chain linked volumes, Index 2020=100, per capita;P3_S13;Final consumption expenditure of general government;PT;Portugal;2000;2000;101.223
A;Annual;CLV_I15_HAB;Chain linked volumes, Index 2015=100, per capita;P3_S13;Final consumption expenditure of general government;PT;Portugal;2000;2000;97.988
A;Annual;CLV_I10_HAB;Chain linked volumes, Index 2010=100, per capita;P3_S13;Final consumption expenditure of general government;PT;Portugal;2000;2000;98.505
A;Annual;CLV20_EUR_HAB;Chain linked volumes (2020), euro per capita;P3_S13;Final consumption expenditure of general government;PT;Portugal;2000;2000;100.0
A;Annual;CLV15_EUR_HAB;Chain linked volumes (2015), euro per capita;P3_S13;Final consumption expenditure of general government;PT;Portugal;2000;2000;100.747
A;Annual;CLV10_EUR_HAB;Chain linked volumes (2010), euro per capita;P3_S13;Final consumption expenditure of general government;PT;Portugal;2000;2000;102.667
A;Annual;CLV_PCH_PRE_HAB;Chain linked volumes, percentage change on previous period, per capita;P3_S13;Final consumption expenditure of general government;PT;Portugal;2000;2000;103.879
A;Annual;PC_EU27_2020_HAB_MEUR_CP;Percentage of EU27 (from 2020) total per capita (based on million euro, EU27 from 2020), current prices;P31_S13;Individual consumption expenditure of general government;PT;Portugal;2000;2000;106.575
A;Annual;PC_EU27_2020_HAB_MPPS_CP;Percentage of EU27 (from 2020) total per capita (based on million purchasing power standards, EU27 from 2020), current prices;P31_S13;Individual consumption expenditure of general government;PT;Portugal;2000;2000;102.394
A;Annual;CP_EUR_HAB;Current prices, euro per capita;P31_S13;Individual consumption expenditure of general government;PT;Portugal;2000;2000;107.378
A;Annual;CP_NAC_HAB;Current prices, units of national currency per capita;P31_S13;Individual consumption expenditure of general government;PT;Portugal;2000;2000;115.592
A;Annual;CP_PPS_EU27_2020_HAB;Current prices, purchasing power standard (PPS, EU27 from 2020) per capita;P31_S13;Individual consumption expenditure of general government;PT;Portugal;2000;2000;118.727
A;Annual;CLV_I20_HAB;Chain linked volumes, Index 2020=100, per capita;P31_S13;Individual consumption expenditure of general government;PT;Portugal;2000;2000;120.489
A;Annual;CLV_I15_HAB;Chain linked volumes, Index 2015=100, per capita;P31_S13;Individual consumption expenditure of general government;PT;Portugal;2000;2000;
A;Annual;CLV_I10_HAB;Chain linked volumes, Index 2010=100, per capita;P31_S13;Individual consumption expenditure of general government;PT;Portugal;2000;2000;
A;Annual;CLV20_EUR_HAB;Chain linked volumes (2020), euro per capita;P31_S13;Individual consumption expenditure of general government;PT;Portugal;2000;2000;
A;Annual;CLV15_EUR_HAB;Chain linked volumes (2015), euro per capita;P31_S13;Individual consumption expenditure of general government;PT;Portugal;2000;2000;
A;Annual;CLV10_EUR_HAB;Chain linked volumes (2010), euro per capita;P31_S13;Individual consumption expenditure of general government;PT;Portugal;2000;2000;
A;Annual;CLV_PCH_PRE_HAB;Chain linked volumes, percentage change on previous period, per capita;P31_S13;Individual consumption expenditure of general government;PT;Portugal;2000;2000;
A;Annual;PC_EU27_2020_HAB_MEUR_CP;Percentage of EU27 (from 2020) total per capita (based on million euro, EU27 from 2020), current prices;P32_S13;Collective consumption expenditure of general government;PT;Portugal;2000;2000;
A;Annual;PC_EU27_2020_HAB_MPPS_CP;Percentage of EU27 (from 2020) total per capita (based on million purchasing power standards, EU27 from 2020), current prices;P32_S13;Collective consumption expenditure of general government;PT;Portugal;2000;2000;
A;Annual;CP_EUR_HAB;Current prices, euro per capita;P32_S13;Collective consumption expenditure of general government;PT;Portugal;2000;2000;
A;Annual;CP_NAC_HAB;Current prices, units of national currency per capita;P32_S13;Collective consumption expenditure of general government;PT;Portugal;2000;2000;
A;Annual;CP_PPS_EU27_2020_HAB;Current prices, purchasing power standard (PPS, EU27 from 2020) per capita;P32_S13;Collective consumption expenditure of general government;PT;Portugal;2000;2000;
A;Annual;CLV_I20_HAB;Chain linked volumes, Index 2020=100, per capita;P32_S13;Collective consumption expenditure of general government;PT;Portugal;2000;2000;
A;Annual;CLV_I15_HAB;Chain linked volumes, Index 2015=100, per capita;P32_S13;Collective consumption expenditure of general government;PT;Portugal;2000;2000;
A;Annual;CLV_I10_HAB;Chain linked volumes, Index 2010=100, per capita;P32_S13;Collective consumption expenditure of general government;PT;Portugal;2000;2000;
A;Annual;CLV20_EUR_HAB;Chain linked volumes (2020), euro per capita;P32_S13;Collective consumption expenditure of general government;PT;Portugal;2000;2000;
A;Annual;CLV15_EUR_HAB;Chain linked volumes (2015), euro per capita;P32_S13;Collective consumption expenditure of general government;PT;Portugal;2000;2000;
A;Annual;CLV10_EUR_HAB;Chain linked volumes (2010), euro per capita;P32_S13;Collective consumption expenditure of general government;PT;Portugal;2000;2000;
A;Annual;CLV_PCH_PRE_HAB;Chain linked volumes, percentage change on previous period, per capita;P32_S13;Collective consumption expenditure of general government;PT;Portugal;2000;2000;
A;Annual;PC_EU27_2020_HAB_MEUR_CP;Percentage of EU27 (from 2020) total per capita (based on million euro, EU27 from 2020), current prices;P31_S14_S15;Household and NPISH final consumption expenditure;PT;Portugal;2000;2000;
A;Annual;PC_EU27_2020_HAB_MPPS_CP;Percentage of EU27 (from 2020) total per capita (based on million purchasing power standards, EU27 from 2020), current prices;P31_S14_S15;Household and NPISH final consumption expenditure;PT;Portugal;2000;2000;
A;Annual;CP_EUR_HAB;Current prices, euro per capita;P31_S14_S15;Household and NPISH final consumption expenditure;PT;Portugal;2000;2000;79.116
A;Annual;CP_NAC_HAB;Current prices, units of national currency per capita;P31_S14_S15;Household and NPISH final consumption expenditure;PT;Portugal;2000;2000;80.408
A;Annual;CP_PPS_EU27_2020_HAB;Current prices, purchasing power standard (PPS, EU27 from 2020) per capita;P31_S14_S15;Household and NPISH final consumption expenditure;PT;Portugal;2000;2000;82.185
A;Annual;CLV_I20_HAB;Chain linked volumes, Index 2020=100, per capita;P31_S14_S15;Household and NPISH final consumption expenditure;PT;Portugal;2000;2000;85.211
A;Annual;CLV_I15_HAB;Chain linked volumes, Index 2015=100, per capita;P31_S14_S15;Household and NPISH final consumption expenditure;PT;Portugal;2000;2000;88.687
A;Annual;CLV_I10_HAB;Chain linked volumes, Index 2010=100, per capita;P31_S14_S15;Household and NPISH final consumption expenditure;PT;Portugal;2000;2000;92.129
A;Annual;CLV20_EUR_HAB;Chain linked volumes (2020), euro per capita;P31_S14_S15;Household and NPISH final consumption expenditure;PT;Portugal;2000;2000;95.174
A;Annual;CLV15_EUR_HAB;Chain linked volumes (2015), euro per capita;P31_S14_S15;Household and NPISH final consumption expenditure;PT;Portugal;2000;2000;96.709
A;Annual;CLV10_EUR_HAB;Chain linked volumes (2010), euro per capita;P31_S14_S15;Household and NPISH final consumption expenditure;PT;Portugal;2000;2000;97.646
A;Annual;CLV_PCH_PRE_HAB;Chain linked volumes, percentage change on previous period, per capita;P31_S14_S15;Household and NPISH final consumption expenditure;PT;Portugal;2000;2000;100.514
A;Annual;PC_EU27_2020_HAB_MEUR_CP;Percentage of EU27 (from 2020) total per capita (based on million euro, EU27 from 2020), current prices;P31_S14;Final consumption expenditure of households;PT;Portugal;2000;2000;102.938
A;Annual;PC_EU27_2020_HAB_MPPS_CP;Percentage of EU27 (from 2020) total per capita (based on million purchasing power standards, EU27 from 2020), current prices;P31_S14;Final consumption expenditure of households;PT;Portugal;2000;2000;105.447
A;Annual;CP_EUR_HAB;Current prices, euro per capita;P31_S14;Final consumption expenditure of households;PT;Portugal;2000;2000;107.387
A;Annual;CP_NAC_HAB;Current prices, units of national currency per capita;P31_S14;Final consumption expenditure of households;PT;Portugal;2000;2000;106.35
A;Annual;CP_PPS_EU27_2020_HAB;Current prices, purchasing power standard (PPS, EU27 from 2020) per capita;P31_S14;Final consumption expenditure of households;PT;Portugal;2000;2000;103.64
A;Annual;CLV_I20_HAB;Chain linked volumes, Index 2020=100, per capita;P31_S14;Final consumption expenditure of households;PT;Portugal;2000;2000;103.756
A;Annual;CLV_I15_HAB;Chain linked volumes, Index 2015=100, per capita;P31_S14;Final consumption expenditure of households;PT;Portugal;2000;2000;101.674
A;Annual;CLV_I10_HAB;Chain linked volumes, Index 2010=100, per capita;P31_S14;Final consumption expenditure of households;PT;Portugal;2000;2000;98.139
A;Annual;CLV20_EUR_HAB;Chain linked volumes (2020), euro per capita;P31_S14;Final consumption expenditure of households;PT;Portugal;2000;2000;95.813
A;Annual;CLV15_EUR_HAB;Chain linked volumes (2015), euro per capita;P31_S14;Final consumption expenditure of households;PT;Portugal;2000;2000;97.239
A;Annual;CLV10_EUR_HAB;Chain linked volumes (2010), euro per capita;P31_S14;Final consumption expenditure of households;PT;Portugal;2000;2000;100.0
A;Annual;CLV_PCH_PRE_HAB;Chain linked volumes, percentage change on previous period, per capita;P31_S14;Final consumption expenditure of households;PT;Portugal;2000;2000;102.122
A;Annual;PC_EU27_2020_HAB_MEUR_CP;Percentage of EU27 (from 2020) total per capita (based on million euro, EU27 from 2020), current prices;P31_S15;Final consumption expenditure of NPISH;PT;Portugal;2000;2000;104.545
A;Annual;PC_EU27_2020_HAB_MPPS_CP;Percentage of EU27 (from 2020) total per capita (based on million purchasing power standards, EU27 from 2020), current prices;P31_S15;Final consumption expenditure of NPISH;PT;Portugal;2000;2000;105.983
A;Annual;CP_EUR_HAB;Current prices, euro per capita;P31_S15;Final consumption expenditure of NPISH;PT;Portugal;2000;2000;106.61
A;Annual;CP_NAC_HAB;Current prices, units of national currency per capita;P31_S15;Final consumption expenditure of NPISH;PT;Portugal;2000;2000;97.287
A;Annual;CP_PPS_EU27_2020_HAB;Current prices, purchasing power standard (PPS, EU27 from 2020) per capita;P31_S15;Final consumption expenditure of NPISH;PT;Portugal;2000;2000;103.25
A;Annual;CLV_I20_HAB;Chain linked volumes, Index 2020=100, per capita;P31_S15;Final consumption expenditure of NPISH;PT;Portugal;2000;2000;106.168
A;Annual;CLV_I15_HAB;Chain linked volumes, Index 2015=100, per capita;P31_S15;Final consumption expenditure of NPISH;PT;Portugal;2000;2000;107.541
A;Annual;CLV_I10_HAB;Chain linked volumes, Index 2010=100, per capita;P31_S15;Final consumption expenditure of NPISH;PT;Portugal;2000;2000;109.665
A;Annual;CLV20_EUR_HAB;Chain linked volumes (2020), euro per capita;P31_S15;Final consumption expenditure of NPISH;PT;Portugal;2000;2000;52.031
A;Annual;CLV15_EUR_HAB;Chain linked volumes (2015), euro per capita;P31_S15;Final consumption expenditure of NPISH;PT;Portugal;2000;2000;54.434
A;Annual;CLV10_EUR_HAB;Chain linked volumes (2010), euro per capita;P31_S15;Final consumption expenditure of NPISH;PT;Portugal;2000;2000;55.709
A;Annual;CLV_PCH_PRE_HAB;Chain linked volumes, percentage change on previous period, per capita;P31_S15;Final consumption expenditure of NPISH;PT;Portugal;2000;2000;57.986
A;Annual;PC_EU27_2020_HAB_MEUR_CP;Percentage of EU27 (from 2020) total per capita (based on million euro, EU27 from 2020), current prices;P41;Actual individual consumption;PT;Portugal;2000;2000;59.794
A;Annual;PC_EU27_2020_HAB_MPPS_CP;Percentage of EU27 (from 2020) total per capita (based on million purchasing power standards, EU27 from 2020), current prices;P41;Actual individual consumption;PT;Portugal;2000;2000;60.649
A;Annual;CP_EUR_HAB;Current prices, euro per capita;P41;Actual individual consumption;PT;Portugal;2000;2000;61.806
A;Annual;CP_NAC_HAB;Current prices, units of national currency per capita;P41;Actual individual consumption;PT;Portugal;2000;2000;63.695
A;Annual;CP_PPS_EU27_2020_HAB;Current prices, purchasing power standard (PPS, EU27 from 2020) per capita;P41;Actual individual consumption;PT;Portugal;2000;2000;64.245
A;Annual;CLV_I20_HAB;Chain linked volumes, Index 2020=100, per capita;P41;Actual individual consumption;PT;Portugal;2000;2000;64.668
A;Annual;CLV_I15_HAB;Chain linked volumes, Index 2015=100, per capita;P41;Actual individual consumption;PT;Portugal;2000;2000;65.783
A;Annual;CLV_I10_HAB;Chain linked volumes, Index 2010=100, per capita;P41;Actual individual consumption;PT;Portugal;2000;2000;67.726
A;Annual;CLV20_EUR_HAB;Chain linked volumes (2020), euro per capita;P41;Actual individual consumption;PT;Portugal;2000;2000;69.542
A;Annual;CLV15_EUR_HAB;Chain linked volumes (2015), euro per capita;P41;Actual individual consumption;PT;Portugal;2000;2000;71.586
A;Annual;CLV10_EUR_HAB;Chain linked volumes (2010), euro per capita;P41;Actual individual consumption;PT;Portugal;2000;2000;73.115
A;Annual;CLV_PCH_PRE_HAB;Chain linked volumes, percentage change on previous period, per capita;P41;Actual individual consumption;PT;Portugal;2000;2000;74.814
A;Annual;PC_EU27_2020_HAB_MEUR_CP;Percentage of EU27 (from 2020) total per capita (based on million euro, EU27 from 2020), current prices;B1GQ;Gross domestic product at market prices;PT;Portugal;2001;2001;
A;Annual;PC_EU27_2020_HAB_MPPS_CP;Percentage of EU27 (from 2020) total per capita (based on million purchasing power standards, EU27 from 2020), current prices;B1GQ;Gross domestic product at market prices;PT;Portugal;2001;2001;
A;Annual;CP_EUR_HAB;Current prices, euro per capita;B1GQ;Gross domestic product at market prices;PT;Portugal;2001;2001;
A;Annual;CP_NAC_HAB;Current prices, units of national currency per capita;B1GQ;Gross domestic product at market prices;PT;Portugal;2001;2001;
A;Annual;CP_PPS_EU27_2020_HAB;Current prices, purchasing power standard (PPS, EU27 from 2020) per capita;B1GQ;Gross domestic product at market prices;PT;Portugal;2001;2001;
A;Annual;CLV_I20_HAB;Chain linked volumes, Index 2020=100, per capita;B1GQ;Gross domestic product at market prices;PT;Portugal;2001;2001;
A;Annual;CLV_I15_HAB;Chain linked volumes, Index 2015=100, per capita;B1GQ;Gross domestic product at market prices;PT;Portugal;2001;2001;
A;Annual;CLV_I10_HAB;Chain linked volumes, Index 2010=100, per capita;B1GQ;Gross domestic product at market prices;PT;Portugal;2001;2001;
A;Annual;CLV20_EUR_HAB;Chain linked volumes (2020), euro per capita;B1GQ;Gross domestic product at market prices;PT;Portugal;2001;2001;
A;Annual;CLV15_EUR_HAB;Chain linked volumes (2015), euro per capita;B1GQ;Gross domestic product at market prices;PT;Portugal;2001;2001;
A;Annual;CLV10_EUR_HAB;Chain linked volumes (2010), euro per capita;B1GQ;Gross domestic product at market prices;PT;Portugal;2001;2001;57.365
A;Annual;CLV_PCH_PRE_HAB;Chain linked volumes, percentage change on previous period, per capita;B1GQ;Gross domestic product at market prices;PT;Portugal;2001;2001;59.742
A;Annual;PC_EU27_2020_HAB_MEUR_CP;Percentage of EU27 (from 2020) total per capita (based on million euro, EU27 from 2020), current prices;P3;Final consumption expenditure;PT;Portugal;2001;2001;64.447
A;Annual;PC_EU27_2020_HAB_MPPS_CP;Percentage of EU27 (from 2020) total per capita (based on million purchasing power standards, EU27 from 2020), current prices;P3;Final consumption expenditure;PT;Portugal;2001;2001;70.585
A;Annual;CP_EUR_HAB;Current prices, euro per capita;P3;Final consumption expenditure;PT;Portugal;2001;2001;72.634
A;Annual;CP_NAC_HAB;Current prices, units of national currency per capita;P3;Final consumption expenditure;PT;Portugal;2001;2001;73.183
A;Annual;CP_PPS_EU27_2020_HAB;Current prices, purchasing power standard (PPS, EU27 from 2020) per capita;P3;Final consumption expenditure;PT;Portugal;2001;2001;75.256
A;Annual;CLV_I20_HAB;Chain linked volumes, Index 2020=100, per capita;P3;Final consumption expenditure;PT;Portugal;2001;2001;78.888
A;Annual;CLV_I15_HAB;Chain linked volumes, Index 2015=100, per capita;P3;Final consumption expenditure;PT;Portugal;2001;2001;81.83
A;Annual;CLV_I10_HAB;Chain linked volumes, Index 2010=100, per capita;P3;Final consumption expenditure;PT;Portugal;2001;2001;86.41
A;Annual;CLV20_EUR_HAB;Chain linked volumes (2020), euro per capita;P3;Final consumption expenditure;PT;Portugal;2001;2001;90.474
A;Annual;CLV15_EUR_HAB;Chain linked volumes (2015), euro per capita;P3;Final consumption expenditure;PT;Portugal;2001;2001;93.808
A;Annual;CLV10_EUR_HAB;Chain linked volumes (2010), euro per capita;P3;Final consumption expenditure;PT;Portugal;2001;2001;94.735
A;Annual;CLV_PCH_PRE_HAB;Chain linked volumes, percentage change on previous period, per capita;P3;Final consumption expenditure;PT;Portugal;2001;2001;97.475
A;Annual;PC_EU27_2020_HAB_MEUR_CP;Percentage of EU27 (from 2020) total per capita (based on million euro, EU27 from 2020), current prices;P3_S13;Final consumption expenditure of general government;PT;Portugal;2001;2001;96.985
A;Annual;PC_EU27_2020_HAB_MPPS_CP;Percentage of EU27 (from 2020) total per capita (based on million purchasing power standards, EU27 from 2020), current prices;P3_S13;Final consumption expenditure of general government;PT;Portugal;2001;2001;94.819
A;Annual;CP_EUR_HAB;Current prices, euro per capita;P3_S13;Final consumption expenditure of general government;PT;Portugal;2001;2001;95.998
A;Annual;CP_NAC_HAB;Current prices, units of national currency per capita;P3_S13;Final consumption expenditure of general government;PT;Portugal;2001;2001;98.114
A;Annual;CP_PPS_EU27_2020_HAB;Current prices, purchasing power standard (PPS, EU27 from 2020) per capita;P3_S13;Final consumption expenditure of general government;PT;Portugal;2001;2001;99.121
A;Annual;CLV_I20_HAB;Chain linked volumes, Index 2020=100, per capita;P3_S13;Final consumption expenditure of general government;PT;Portugal;2001;2001;99.642
A;Annual;CLV_I15_HAB;Chain linked volumes, Index 2015=100, per capita;P3_S13;Final consumption expenditure of general government;PT;Portugal;2001;2001;100.0
A;Annual;CLV_I10_HAB;Chain linked volumes, Index 2010=100, per capita;P3_S13;Final consumption expenditure of general government;PT;Portugal;2001;2001;101.061
A;Annual;CLV20_EUR_HAB;Chain linked volumes (2020), euro per capita;P3_S13;Final consumption expenditure of general government;PT;Portugal;2001;2001;101.405
A;Annual;CLV15_EUR_HAB;Chain linked volumes (2015), euro per capita;P3_S13;Final consumption expenditure of general government;PT;Portugal;2001;2001;102.082
A;Annual;CLV10_EUR_HAB;Chain linked volumes (2010), euro per capita;P3_S13;Final consumption expenditure of general government;PT;Portugal;2001;2001;101.59
A;Annual;CLV_PCH_PRE_HAB;Chain linked volumes, percentage change on previous period, per capita;P3_S13;Final consumption expenditure of general government;PT;Portugal;2001;2001;99.212
A;Annual;PC_EU27_2020_HAB_MEUR_CP;Percentage of EU27 (from 2020) total per capita (based on million euro, EU27 from 2020), current prices;P31_S13;Individual consumption expenditure of general government;PT;Portugal;2001;2001;99.97
A;Annual;PC_EU27_2020_HAB_MPPS_CP;Percentage of EU27 (from 2020) total per capita (based on million purchasing power standards, EU27 from 2020), current prices;P31_S13;Individual consumption expenditure of general government;PT;Portugal;2001;2001;101.363
A;Annual;CP_EUR_HAB;Current prices, euro per capita;P31_S13;Individual consumption expenditure of general government;PT;Portugal;2001;2001;100.013
A;Annual;CP_NAC_HAB;Current prices, units of national currency per capita;P31_S13;Individual consumption expenditure of general government;PT;Portugal;2001;2001;100.735
A;Annual;CP_PPS_EU27_2020_HAB;Current prices, purchasing power standard (PPS, EU27 from 2020) per capita;P31_S13;Individual consumption expenditure of general government;PT;Portugal;2001;2001;
A;Annual;CLV_I20_HAB;Chain linked volumes, Index 2020=100, per capita;P31_S13;Individual consumption expenditure of general government;PT;Portugal;2001;2001;
A;Annual;CLV_I15_HAB;Chain linked volumes, Index 2015=100, per capita;P31_S13;Individual consumption expenditure of general government;PT;Portugal;2001;2001;
A;Annual;CLV_I10_HAB;Chain linked volumes, Index 2010=100, per capita;P31_S13;Individual consumption expenditure of general government;PT;Portugal;2001;2001;
A;Annual;CLV20_EUR_HAB;Chain linked volumes (2020), euro per capita;P31_S13;Individual consumption expenditure of general government;PT;Portugal;2001;2001;
A;Annual;CLV15_EUR_HAB;Chain linked volumes (2015), euro per capita;P31_S13;Individual consumption expenditure of general government;PT;Portugal;2001;2001;
A;Annual;CLV10_EUR_HAB;Chain linked volumes (2010), euro per capita;P31_S13;Individual consumption expenditure of general government;PT;Portugal;2001;2001;
A;Annual;CLV_PCH_PRE_HAB;Chain linked volumes, percentage change on previous period, per capita;P31_S13;Individual consumption expenditure of general government;PT;Portugal;2001;2001;
A;Annual;PC_EU27_2020_HAB_MEUR_CP;Percentage of EU27 (from 2020) total per capita (based on million euro, EU27 from 2020), current prices;P32_S13;Collective consumption expenditure of general government;PT;Portugal;2001;2001;
A;Annual;PC_EU27_2020_HAB_MPPS_CP;Percentage of EU27 (from 2020) total per capita (based on million purchasing power standards, EU27 from 2020), current prices;P32_S13;Collective consumption expenditure of general government;PT;Portugal;2001;2001;
A;Annual;CP_EUR_HAB;Current prices, euro per capita;P32_S13;Collective consumption expenditure of general government;PT;Portugal;2001;2001;
A;Annual;CP_NAC_HAB;Current prices, units of national currency per capita;P32_S13;Collective consumption expenditure of general government;PT;Portugal;2001;2001;
A;Annual;CP_PPS_EU27_2020_HAB;Current prices, purchasing power standard (PPS, EU27 from 2020) per capita;P32_S13;Collective consumption expenditure of general government;PT;Portugal;2001;2001;
A;Annual;CLV_I20_HAB;Chain linked volumes, Index 2020=100, per capita;P32_S13;Collective consumption expenditure of general government;PT;Portugal;2001;2001;
A;Annual;CLV_I15_HAB;Chain linked volumes, Index 2015=100, per capita;P32_S13;Collective consumption expenditure of general government;PT;Portugal;2001;2001;
A;Annual;CLV_I10_HAB;Chain linked volumes, Index 2010=100, per capita;P32_S13;Collective consumption expenditure of general government;PT;Portugal;2001;2001;
A;Annual;CLV20_EUR_HAB;Chain linked volumes (2020), euro per capita;P32_S13;Collective consumption expenditure of general government;PT;Portugal;2001;2001;
A;Annual;CLV15_EUR_HAB;Chain linked volumes (2015), euro per capita;P32_S13;Collective consumption expenditure of general government;PT;Portugal;2001;2001;
A;Annual;CLV10_EUR_HAB;Chain linked volumes (2010), euro per capita;P32_S13;Collective consumption expenditure of general government;PT;Portugal;2001;2001;
A;Annual;CLV_PCH_PRE_HAB;Chain linked volumes, percentage change on previous period, per capita;P32_S13;Collective consumption expenditure of general government;PT;Portugal;2001;2001;
A;Annual;PC_EU27_2020_HAB_MEUR_CP;Percentage of EU27 (from 2020) total per capita (based on million euro, EU27 from 2020), current prices;P31_S14_S15;Household and NPISH final consumption expenditure;PT;Portugal;2001;2001;68.365
A;Annual;PC_EU27_2020_HAB_MPPS_CP;Percentage of EU27 (from 2020) total per capita (based on million purchasing power standards, EU27 from 2020), current prices;P31_S14_S15;Household and NPISH final consumption expenditure;PT;Portugal;2001;2001;70.101
A;Annual;CP_EUR_HAB;Current prices, euro per capita;P31_S14_S15;Household and NPISH final consumption expenditure;PT;Portugal;2001;2001;73.736
A;Annual;CP_NAC_HAB;Current prices, units of national currency per capita;P31_S14_S15;Household and NPISH final consumption expenditure;PT;Portugal;2001;2001;75.493
A;Annual;CP_PPS_EU27_2020_HAB;Current prices, purchasing power standard (PPS, EU27 from 2020) per capita;P31_S14_S15;Household and NPISH final consumption expenditure;PT;Portugal;2001;2001;81.463
A;Annual;CLV_I20_HAB;Chain linked volumes, Index 2020=100, per capita;P31_S14_S15;Household and NPISH final consumption expenditure;PT;Portugal;2001;2001;83.576
A;Annual;CLV_I15_HAB;Chain linked volumes, Index 2015=100, per capita;P31_S14_S15;Household and NPISH final consumption expenditure;PT;Portugal;2001;2001;87.32
A;Annual;CLV_I10_HAB;Chain linked volumes, Index 2010=100, per capita;P31_S14_S15;Household and NPISH final consumption expenditure;PT;Portugal;2001;2001;89.451
A;Annual;CLV20_EUR_HAB;Chain linked volumes (2020), euro per capita;P31_S14_S15;Household and NPISH final consumption expenditure;PT;Portugal;2001;2001;88.73
A;Annual;CLV15_EUR_HAB;Chain linked volumes (2015), euro per capita;P31_S14_S15;Household and NPISH final consumption expenditure;PT;Portugal;2001;2001;90.864
A;Annual;CLV10_EUR_HAB;Chain linked volumes (2010), euro per capita;P31_S14_S15;Household and NPISH final consumption expenditure;PT;Portugal;2001;2001;93.308
A;Annual;CLV_PCH_PRE_HAB;Chain linked volumes, percentage change on previous period, per capita;P31_S14_S15;Household and NPISH final consumption expenditure;PT;Portugal;2001;2001;92.554
A;Annual;PC_EU27_2020_HAB_MEUR_CP;Percentage of EU27 (from 2020) total per capita (based on million euro, EU27 from 2020), current prices;P31_S14;Final consumption expenditure of households;PT;Portugal;2001;2001;92.61
A;Annual;PC_EU27_2020_HAB_MPPS_CP;Percentage of EU27 (from 2020) total per capita (based on million purchasing power standards, EU27 from 2020), current prices;P31_S14;Final consumption expenditure of households;PT;Portugal;2001;2001;92.552
A;Annual;CP_EUR_HAB;Current prices, euro per capita;P31_S14;Final consumption expenditure of households;PT;Portugal;2001;2001;96.794
A;Annual;CP_NAC_HAB;Current prices, units of national currency per capita;P31_S14;Final consumption expenditure of households;PT;Portugal;2001;2001;97.75
A;Annual;CP_PPS_EU27_2020_HAB;Current prices, purchasing power standard (PPS, EU27 from 2020) per capita;P31_S14;Final consumption expenditure of households;PT;Portugal;2001;2001;97.469
A;Annual;CLV_I20_HAB;Chain linked volumes, Index 2020=100, per capita;P31_S14;Final consumption expenditure of households;PT;Portugal;2001;2001;98.775
A;Annual;CLV_I15_HAB;Chain linked volumes, Index 2015=100, per capita;P31_S14;Final consumption expenditure of households;PT;Portugal;2001;2001;102.373
A;Annual;CLV_I10_HAB;Chain linked volumes, Index 2010=100, per capita;P31_S14;Final consumption expenditure of households;PT;Portugal;2001;2001;101.638
A;Annual;CLV20_EUR_HAB;Chain linked volumes (2020), euro per capita;P31_S14;Final consumption expenditure of households;PT;Portugal;2001;2001;100.0
A;Annual;CLV15_EUR_HAB;Chain linked volumes (2015), euro per capita;P31_S14;Final consumption expenditure of households;PT;Portugal;2001;2001;98.14
A;Annual;CLV10_EUR_HAB;Chain linked volumes (2010), euro per capita;P31_S14;Final consumption expenditure of households;PT;Portugal;2001;2001;99.374
A;Annual;CLV_PCH_PRE_HAB;Chain linked volumes, percentage change on previous period, per capita;P31_S14;Final consumption expenditure of households;PT;Portugal;2001;2001;103.681
A;Annual;PC_EU27_2020_HAB_MEUR_CP;Percentage of EU27 (from 2020) total per capita (based on million euro, EU27 from 2020), current prices;P31_S15;Final consumption expenditure of NPISH;PT;Portugal;2001;2001;105.476
A;Annual;PC_EU27_2020_HAB_MPPS_CP;Percentage of EU27 (from 2020) total per capita (based on million purchasing power standards, EU27 from 2020), current prices;P31_S15;Final consumption expenditure of NPISH;PT;Portugal;2001;2001;111.852
A;Annual;CP_EUR_HAB;Current prices, euro per capita;P31_S15;Final consumption expenditure of NPISH;PT;Portugal;2001;2001;115.701
A;Annual;CP_NAC_HAB;Current prices, units of national currency per capita;P31_S15;Final consumption expenditure of NPISH;PT;Portugal;2001;2001;118.184
A;Annual;CP_PPS_EU27_2020_HAB;Current prices, purchasing power standard (PPS, EU27 from 2020) per capita;P31_S15;Final consumption expenditure of NPISH;PT;Portugal;2001;2001;116.039
A;Annual;CLV_I20_HAB;Chain linked volumes, Index 2020=100, per capita;P31_S15;Final consumption expenditure of NPISH;PT;Portugal;2001;2001;120.243
A;Annual;CLV_I15_HAB;Chain linked volumes, Index 2015=100, per capita;P31_S15;Final consumption expenditure of NPISH;PT;Portugal;2001;2001;
A;Annual;CLV_I10_HAB;Chain linked volumes, Index 2010=100, per capita;P31_S15;Final consumption expenditure of NPISH;PT;Portugal;2001;2001;
A;Annual;CLV20_EUR_HAB;Chain linked volumes (2020), euro per capita;P31_S15;Final consumption expenditure of NPISH;PT;Portugal;2001;2001;
A;Annual;CLV15_EUR_HAB;Chain linked volumes (2015), euro per capita;P31_S15;Final consumption expenditure of NPISH;PT;Portugal;2001;2001;
A;Annual;CLV10_EUR_HAB;Chain linked volumes (2010), euro per capita;P31_S15;Final consumption expenditure of NPISH;PT;Portugal;2001;2001;
A;Annual;CLV_PCH_PRE_HAB;Chain linked volumes, percentage change on previous period, per capita;P31_S15;Final consumption expenditure of NPISH;PT;Portugal;2001;2001;
A;Annual;PC_EU27_2020_HAB_MEUR_CP;Percentage of EU27 (from 2020) total per capita (based on million euro, EU27 from 2020), current prices;P41;Actual individual consumption;PT;Portugal;2001;2001;
A;Annual;PC_EU27_2020_HAB_MPPS_CP;Percentage of EU27 (from 2020) total per capita (based on million purchasing power standards, EU27 from 2020), current prices;P41;Actual individual consumption;PT;Portugal;2001;2001;
A;Annual;CP_EUR_HAB;Current prices, euro per capita;P41;Actual individual consumption;PT;Portugal;2001;2001;
A;Annual;CP_NAC_HAB;Current prices, units of national currency per capita;P41;Actual individual consumption;PT;Portugal;2001;2001;
A;Annual;CP_PPS_EU27_2020_HAB;Current prices, purchasing power standard (PPS, EU27 from 2020) per capita;P41;Actual individual consumption;PT;Portugal;2001;2001;
A;Annual;CLV_I20_HAB;Chain linked volumes, Index 2020=100, per capita;P41;Actual individual consumption;PT;Portugal;2001;2001;
A;Annual;CLV_I15_HAB;Chain linked volumes, Index 2015=100, per capita;P41;Actual individual consumption;PT;Portugal;2001;2001;
A;Annual;CLV_I10_HAB;Chain linked volumes, Index 2010=100, per capita;P41;Actual individual consumption;PT;Portugal;2001;2001;
A;Annual;CLV20_EUR_HAB;Chain linked volumes (2020), euro per capita;P41;Actual individual consumption;PT;Portugal;2001;2001;
A;Annual;CLV15_EUR_HAB;Chain linked volumes (2015), euro per capita;P41;Actual individual consumption;PT;Portugal;2001;2001;
A;Annual;CLV10_EUR_HAB;Chain linked volumes (2010), euro per capita;P41;Actual individual consumption;PT;Portugal;2001;2001;
A;Annual;CLV_PCH_PRE_HAB;Chain linked volumes, percentage change on previous period, per capita;P41;Actual individual consumption;PT;Portugal;2001;2001;
A;Annual;PC_EU27_2020_HAB_MEUR_CP;Percentage of EU27 (from 2020) total per capita (based on million euro, EU27 from 2020), current prices;B1GQ;Gross domestic product at market prices;PT;Portugal;2002;2002;
A;Annual;PC_EU27_2020_HAB_MPPS_CP;Percentage of EU27 (from 2020) total per capita (based on million purchasing power standards, EU27 from 2020), current prices;B1GQ;Gross domestic product at market prices;PT;Portugal;2002;2002;
A;Annual;CP_EUR_HAB;Current prices, euro per capita;B1GQ;Gross domestic product at market prices;PT;Portugal;2002;2002;
A;Annual;CP_NAC_HAB;Current prices, units of national currency per capita;B1GQ;Gross domestic product at market prices;PT;Portugal;2002;2002;
A;Annual;CP_PPS_EU27_2020_HAB;Current prices, purchasing power standard (PPS, EU27 from 2020) per capita;B1GQ;Gross domestic product at market prices;PT;Portugal;2002;2002;
A;Annual;CLV_I20_HAB;Chain linked volumes, Index 2020=100, per capita;B1GQ;Gross domestic product at market prices;PT;Portugal;2002;2002;
A;Annual;CLV_I15_HAB;Chain linked volumes, Index 2015=100, per capita;B1GQ;Gross domestic product at market prices;PT;Portugal;2002;2002;
A;Annual;CLV_I10_HAB;Chain linked volumes, Index 2010=100, per capita;B1GQ;Gross domestic product at market prices;PT;Portugal;2002;2002;
A;Annual;CLV20_EUR_HAB;Chain linked volumes (2020), euro per capita;B1GQ;Gross domestic product at market prices;PT;Portugal;2002;2002;80.646
A;Annual;CLV15_EUR_HAB;Chain linked volumes (2015), euro per capita;B1GQ;Gross domestic product at market prices;PT;Portugal;2002;2002;83.172
A;Annual;CLV10_EUR_HAB;Chain linked volumes (2010), euro per capita;B1GQ;Gross domestic product at market prices;PT;Portugal;2002;2002;85.609
A;Annual;CLV_PCH_PRE_HAB;Chain linked volumes, percentage change on previous period, per capita;B1GQ;Gross domestic product at market prices;PT;Portugal;2002;2002;89.239
A;Annual;PC_EU27_2020_HAB_MEUR_CP;Percentage of EU27 (from 2020) total per capita (based on million euro, EU27 from 2020), current prices;P3;Final consumption expenditure;PT;Portugal;2002;2002;93.406
A;Annual;PC_EU27_2020_HAB_MPPS_CP;Percentage of EU27 (from 2020) total per capita (based on million purchasing power standards, EU27 from 2020), current prices;P3;Final consumption expenditure;PT;Portugal;2002;2002;96.21
A;Annual;CP_EUR_HAB;Current prices, euro per capita;P3;Final consumption expenditure;PT;Portugal;2002;2002;96.362
A;Annual;CP_NAC_HAB;Current prices, units of national currency per capita;P3;Final consumption expenditure;PT;Portugal;2002;2002;97.078
A;Annual;CP_PPS_EU27_2020_HAB;Current prices, purchasing power standard (PPS, EU27 from 2020) per capita;P3;Final consumption expenditure;PT;Portugal;2002;2002;96.405
A;Annual;CLV_I20_HAB;Chain linked volumes, Index 2020=100, per capita;P3;Final consumption expenditure;PT;Portugal;2002;2002;98.618
A;Annual;CLV_I15_HAB;Chain linked volumes, Index 2015=100, per capita;P3;Final consumption expenditure;PT;Portugal;2002;2002;100.001
A;Annual;CLV_I10_HAB;Chain linked volumes, Index 2010=100, per capita;P3;Final consumption expenditure;PT;Portugal;2002;2002;101.322
A;Annual;CLV20_EUR_HAB;Chain linked volumes (2020), euro per capita;P3;Final consumption expenditure;PT;Portugal;2002;2002;103.63
A;Annual;CLV15_EUR_HAB;Chain linked volumes (2015), euro per capita;P3;Final consumption expenditure;PT;Portugal;2002;2002;104.943
A;Annual;CLV10_EUR_HAB;Chain linked volumes (2010), euro per capita;P3;Final consumption expenditure;PT;Portugal;2002;2002;102.361
A;Annual;CLV_PCH_PRE_HAB;Chain linked volumes, percentage change on previous period, per capita;P3;Final consumption expenditure;PT;Portugal;2002;2002;104.644
A;Annual;PC_EU27_2020_HAB_MEUR_CP;Percentage of EU27 (from 2020) total per capita (based on million euro, EU27 from 2020), current prices;P3_S13;Final consumption expenditure of general government;PT;Portugal;2002;2002;100.767
A;Annual;PC_EU27_2020_HAB_MPPS_CP;Percentage of EU27 (from 2020) total per capita (based on million purchasing power standards, EU27 from 2020), current prices;P3_S13;Final consumption expenditure of general government;PT;Portugal;2002;2002;95.765
A;Annual;CP_EUR_HAB;Current prices, euro per capita;P3_S13;Final consumption expenditure of general government;PT;Portugal;2002;2002;95.174
A;Annual;CP_NAC_HAB;Current prices, units of national currency per capita;P3_S13;Final consumption expenditure of general government;PT;Portugal;2002;2002;97.906
A;Annual;CP_PPS_EU27_2020_HAB;Current prices, purchasing power standard (PPS, EU27 from 2020) per capita;P3_S13;Final consumption expenditure of general government;PT;Portugal;2002;2002;100.0
A;Annual;CLV_I20_HAB;Chain linked volumes, Index 2020=100, per capita;P3_S13;Final consumption expenditure of general government;PT;Portugal;2002;2002;102.61
A;Annual;CLV_I15_HAB;Chain linked volumes, Index 2015=100, per capita;P3_S13;Final consumption expenditure of general government;PT;Portugal;2002;2002;104.601
A;Annual;CLV_I10_HAB;Chain linked volumes, Index 2010=100, per capita;P3_S13;Final consumption expenditure of general government;PT;Portugal;2002;2002;107.335
A;Annual;CLV20_EUR_HAB;Chain linked volumes (2020), euro per capita;P3_S13;Final consumption expenditure of general government;PT;Portugal;2002;2002;110.837
A;Annual;CLV15_EUR_HAB;Chain linked volumes (2015), euro per capita;P3_S13;Final consumption expenditure of general government;PT;Portugal;2002;2002;103.044
A;Annual;CLV10_EUR_HAB;Chain linked volumes (2010), euro per capita;P3_S13;Final consumption expenditure of general government;PT;Portugal;2002;2002;107.85
A;Annual;CLV_PCH_PRE_HAB;Chain linked volumes, percentage change on previous period, per capita;P3_S13;Final consumption expenditure of general government;PT;Portugal;2002;2002;113.199
A;Annual;PC_EU27_2020_HAB_MEUR_CP;Percentage of EU27 (from 2020) total per capita (based on million euro, EU27 from 2020), current prices;P31_S13;Individual consumption expenditure of general government;PT;Portugal;2002;2002;114.731
A;Annual;PC_EU27_2020_HAB_MPPS_CP;Percentage of EU27 (from 2020) total per capita (based on million purchasing power standards, EU27 from 2020), current prices;P31_S13;Individual consumption expenditure of general government;PT;Portugal;2002;2002;116.861
A;Annual;CP_EUR_HAB;Current prices, euro per capita;P31_S13;Individual consumption expenditure of general government;PT;Portugal;2002;2002;
A;Annual;CP_NAC_HAB;Current prices, units of national currency per capita;P31_S13;Individual consumption expenditure of general government;PT;Portugal;2002;2002;
A;Annual;CP_PPS_EU27_2020_HAB;Current prices, purchasing power standard (PPS, EU27 from 2020) per capita;P31_S13;Individual consumption expenditure of general government;PT;Portugal;2002;2002;
A;Annual;CLV_I20_HAB;Chain linked volumes, Index 2020=100, per capita;P31_S13;Individual consumption expenditure of general government;PT;Portugal;2002;2002;
A;Annual;CLV_I15_HAB;Chain linked volumes, Index 2015=100, per capita;P31_S13;Individual consumption expenditure of general government;PT;Portugal;2002;2002;
A;Annual;CLV_I10_HAB;Chain linked volumes, Index 2010=100, per capita;P31_S13;Individual consumption expenditure of general government;PT;Portugal;2002;2002;
A;Annual;CLV20_EUR_HAB;Chain linked volumes (2020), euro per capita;P31_S13;Individual consumption expenditure of general government;PT;Portugal;2002;2002;
A;Annual;CLV15_EUR_HAB;Chain linked volumes (2015), euro per capita;P31_S13;Individual consumption expenditure of general government;PT;Portugal;2002;2002;
A;Annual;CLV10_EUR_HAB;Chain linked volumes (2010), euro per capita;P31_S13;Individual consumption expenditure of general government;PT;Portugal;2002;2002;
A;Annual;CLV_PCH_PRE_HAB;Chain linked volumes, percentage change on previous period, per capita;P31_S13;Individual consumption expenditure of general government;PT;Portugal;2002;2002;
A;Annual;PC_EU27_2020_HAB_MEUR_CP;Percentage of EU27 (from 2020) total per capita (based on million euro, EU27 from 2020), current prices;P32_S13;Collective consumption expenditure of general government;PT;Portugal;2002;2002;
A;Annual;PC_EU27_2020_HAB_MPPS_CP;Percentage of EU27 (from 2020) total per capita (based on million purchasing power standards, EU27 from 2020), current prices;P32_S13;Collective consumption expenditure of general government;PT;Portugal;2002;2002;
A;Annual;CP_EUR_HAB;Current prices, euro per capita;P32_S13;Collective consumption expenditure of general government;PT;Portugal;2002;2002;
A;Annual;CP_NAC_HAB;Current prices, units of national currency per capita;P32_S13;Collective consumption expenditure of general government;PT;Portugal;2002;2002;
A;Annual;CP_PPS_EU27_2020_HAB;Current prices, purchasing power standard (PPS, EU27 from 2020) per capita;P32_S13;Collective consumption expenditure of general government;PT;Portugal;2002;2002;
A;Annual;CLV_I20_HAB;Chain linked volumes, Index 2020=100, per capita;P32_S13;Collective consumption expenditure of general government;PT;Portugal;2002;2002;
A;Annual;CLV_I15_HAB;Chain linked volumes, Index 2015=100, per capita;P32_S13;Collective consumption expenditure of general government;PT;Portugal;2002;2002;
A;Annual;CLV_I10_HAB;Chain linked volumes, Index 2010=100, per capita;P32_S13;Collective consumption expenditure of general government;PT;Portugal;2002;2002;
A;Annual;CLV20_EUR_HAB;Chain linked volumes (2020), euro per capita;P32_S13;Collective consumption expenditure of general government;PT;Portugal;2002;2002;
A;Annual;CLV15_EUR_HAB;Chain linked volumes (2015), euro per capita;P32_S13;Collective consumption expenditure of general government;PT;Portugal;2002;2002;
A;Annual;CLV10_EUR_HAB;Chain linked volumes (2010), euro per capita;P32_S13;Collective consumption expenditure of general government;PT;Portugal;2002;2002;37.675
A;Annual;CLV_PCH_PRE_HAB;Chain linked volumes, percentage change on previous period, per capita;P32_S13;Collective consumption expenditure of general government;PT;Portugal;2002;2002;40.653
A;Annual;PC_EU27_2020_HAB_MEUR_CP;Percentage of EU27 (from 2020) total per capita (based on million euro, EU27 from 2020), current prices;P31_S14_S15;Household and NPISH final consumption expenditure;PT;Portugal;2002;2002;38.893
A;Annual;PC_EU27_2020_HAB_MPPS_CP;Percentage of EU27 (from 2020) total per capita (based on million purchasing power standards, EU27 from 2020), current prices;P31_S14_S15;Household and NPISH final consumption expenditure;PT;Portugal;2002;2002;41.296
A;Annual;CP_EUR_HAB;Current prices, euro per capita;P31_S14_S15;Household and NPISH final consumption expenditure;PT;Portugal;2002;2002;39.643
A;Annual;CP_NAC_HAB;Current prices, units of national currency per capita;P31_S14_S15;Household and NPISH final consumption expenditure;PT;Portugal;2002;2002;40.296
A;Annual;CP_PPS_EU27_2020_HAB;Current prices, purchasing power standard (PPS, EU27 from 2020) per capita;P31_S14_S15;Household and NPISH final consumption expenditure;PT;Portugal;2002;2002;43.708
A;Annual;CLV_I20_HAB;Chain linked volumes, Index 2020=100, per capita;P31_S14_S15;Household and NPISH final consumption expenditure;PT;Portugal;2002;2002;48.391
A;Annual;CLV_I15_HAB;Chain linked volumes, Index 2015=100, per capita;P31_S14_S15;Household and NPISH final consumption expenditure;PT;Portugal;2002;2002;52.693
A;Annual;CLV_I10_HAB;Chain linked volumes, Index 2010=100, per capita;P31_S14_S15;Household and NPISH final consumption expenditure;PT;Portugal;2002;2002;61.388
A;Annual;CLV20_EUR_HAB;Chain linked volumes (2020), euro per capita;P31_S14_S15;Household and NPISH final consumption expenditure;PT;Portugal;2002;2002;68.703
A;Annual;CLV15_EUR_HAB;Chain linked volumes (2015), euro per capita;P31_S14_S15;Household and NPISH final consumption expenditure;PT;Portugal;2002;2002;76.165
A;Annual;CLV10_EUR_HAB;Chain linked volumes (2010), euro per capita;P31_S14_S15;Household and NPISH final consumption expenditure;PT;Portugal;2002;2002;87.998
A;Annual;CLV_PCH_PRE_HAB;Chain linked volumes, percentage change on previous period, per capita;P31_S14_S15;Household and NPISH final consumption expenditure;PT;Portugal;2002;2002;97.263
A;Annual;PC_EU27_2020_HAB_MEUR_CP;Percentage of EU27 (from 2020) total per capita (based on million euro, EU27 from 2020), current prices;P31_S14;Final consumption expenditure of households;PT;Portugal;2002;2002;91.848
A;Annual;PC_EU27_2020_HAB_MPPS_CP;Percentage of EU27 (from 2020) total per capita (based on million purchasing power standards, EU27 from 2020), current prices;P31_S14;Final consumption expenditure of households;PT;Portugal;2002;2002;87.786
A;Annual;CP_EUR_HAB;Current prices, euro per capita;P31_S14;Final consumption expenditure of households;PT;Portugal;2002;2002;92.18
A;Annual;CP_NAC_HAB;Current prices, units of national currency per capita;P31_S14;Final consumption expenditure of households;PT;Portugal;2002;2002;94.328
A;Annual;CP_PPS_EU27_2020_HAB;Current prices, purchasing power standard (PPS, EU27 from 2020) per capita;P31_S14;Final consumption expenditure of households;PT;Portugal;2002;2002;89.979
A;Annual;CLV_I20_HAB;Chain linked volumes, Index 2020=100, per capita;P31_S14;Final consumption expenditure of households;PT;Portugal;2002;2002;93.975
A;Annual;CLV_I15_HAB;Chain linked volumes, Index 2015=100, per capita;P31_S14;Final consumption expenditure of households;PT;Portugal;2002;2002;100.0
A;Annual;CLV_I10_HAB;Chain linked volumes, Index 2010=100, per capita;P31_S14;Final consumption expenditure of households;PT;Portugal;2002;2002;106.667
A;Annual;CLV20_EUR_HAB;Chain linked volumes (2020), euro per capita;P31_S14;Final consumption expenditure of households;PT;Portugal;2002;2002;119.698
A;Annual;CLV15_EUR_HAB;Chain linked volumes (2015), euro per capita;P31_S14;Final consumption expenditure of households;PT;Portugal;2002;2002;131.642
A;Annual;CLV10_EUR_HAB;Chain linked volumes (2010), euro per capita;P31_S14;Final consumption expenditure of households;PT;Portugal;2002;2002;136.395
A;Annual;CLV_PCH_PRE_HAB;Chain linked volumes, percentage change on previous period, per capita;P31_S14;Final consumption expenditure of households;PT;Portugal;2002;2002;132.122
A;Annual;PC_EU27_2020_HAB_MEUR_CP;Percentage of EU27 (from 2020) total per capita (based on million euro, EU27 from 2020), current prices;P31_S15;Final consumption expenditure of NPISH;PT;Portugal;2002;2002;142.485
A;Annual;PC_EU27_2020_HAB_MPPS_CP;Percentage of EU27 (from 2020) total per capita (based on million purchasing power standards, EU27 from 2020), current prices;P31_S15;Final consumption expenditure of NPISH;PT;Portugal;2002;2002;150.922
A;Annual;CP_EUR_HAB;Current prices, euro per capita;P31_S15;Final consumption expenditure of NPISH;PT;Portugal;2002;2002;154.635
A;Annual;CP_NAC_HAB;Current prices, units of national currency per capita;P31_S15;Final consumption expenditure of NPISH;PT;Portugal;2002;2002;163.541
A;Annual;CP_PPS_EU27_2020_HAB;Current prices, purchasing power standard (PPS, EU27 from 2020) per capita;P31_S15;Final consumption expenditure of NPISH;PT;Portugal;2002;2002;
A;Annual;CLV_I20_HAB;Chain linked volumes, Index 2020=100, per capita;P31_S15;Final consumption expenditure of NPISH;PT;Portugal;2002;2002;
A;Annual;CLV_I15_HAB;Chain linked volumes, Index 2015=100, per capita;P31_S15;Final consumption expenditure of NPISH;PT;Portugal;2002;2002;
A;Annual;CLV_I10_HAB;Chain linked volumes, Index 2010=100, per capita;P31_S15;Final consumption expenditure of NPISH;PT;Portugal;2002;2002;
A;Annual;CLV20_EUR_HAB;Chain linked volumes (2020), euro per capita;P31_S15;Final consumption expenditure of NPISH;PT;Portugal;2002;2002;
A;Annual;CLV15_EUR_HAB;Chain linked volumes (2015), euro per capita;P31_S15;Final consumption expenditure of NPISH;PT;Portugal;2002;2002;
A;Annual;CLV10_EUR_HAB;Chain linked volumes (2010), euro per capita;P31_S15;Final consumption expenditure of NPISH;PT;Portugal;2002;2002;
A;Annual;CLV_PCH_PRE_HAB;Chain linked volumes, percentage change on previous period, per capita;P31_S15;Final consumption expenditure of NPISH;PT;Portugal;2002;2002;
A;Annual;PC_EU27_2020_HAB_MEUR_CP;Percentage of EU27 (from 2020) total per capita (based on million euro, EU27 from 2020), current prices;P41;Actual individual consumption;PT;Portugal;2002;2002;
A;Annual;PC_EU27_2020_HAB_MPPS_CP;Percentage of EU27 (from 2020) total per capita (based on million purchasing power standards, EU27 from 2020), current prices;P41;Actual individual consumption;PT;Portugal;2002;2002;
A;Annual;CP_EUR_HAB;Current prices, euro per capita;P41;Actual individual consumption;PT;Portugal;2002;2002;
A;Annual;CP_NAC_HAB;Current prices, units of national currency per capita;P41;Actual individual consumption;PT;Portugal;2002;2002;
A;Annual;CP_PPS_EU27_2020_HAB;Current prices, purchasing power standard (PPS, EU27 from 2020) per capita;P41;Actual individual consumption;PT;Portugal;2002;2002;
A;Annual;CLV_I20_HAB;Chain linked volumes, Index 2020=100, per capita;P41;Actual individual consumption;PT;Portugal;2002;2002;
A;Annual;CLV_I15_HAB;Chain linked volumes, Index 2015=100, per capita;P41;Actual individual consumption;PT;Portugal;2002;2002;
A;Annual;CLV_I10_HAB;Chain linked volumes, Index 2010=100, per capita;P41;Actual individual consumption;PT;Portugal;2002;2002;
A;Annual;CLV20_EUR_HAB;Chain linked volumes (2020), euro per capita;P41;Actual individual consumption;PT;Portugal;2002;2002;
A;Annual;CLV15_EUR_HAB;Chain linked volumes (2015), euro per capita;P41;Actual individual consumption;PT;Portugal;2002;2002;
A;Annual;CLV10_EUR_HAB;Chain linked volumes (2010), euro per capita;P41;Actual individual consumption;PT;Portugal;2002;2002;
A;Annual;CLV_PCH_PRE_HAB;Chain linked volumes, percentage change on previous period, per capita;P41;Actual individual consumption;PT;Portugal;2002;2002;
A;Annual;PC_EU27_2020_HAB_MEUR_CP;Percentage of EU27 (from 2020) total per capita (based on million euro, EU27 from 2020), current prices;B1GQ;Gross domestic product at market prices;PT;Portugal;2003;2003;
A;Annual;PC_EU27_2020_HAB_MPPS_CP;Percentage of EU27 (from 2020) total per capita (based on million purchasing power standards, EU27 from 2020), current prices;B1GQ;Gross domestic product at market prices;PT;Portugal;2003;2003;
A;Annual;CP_EUR_HAB;Current prices, euro per capita;B1GQ;Gross domestic product at market prices;PT;Portugal;2003;2003;
A;Annual;CP_NAC_HAB;Current prices, units of national currency per capita;B1GQ;Gross domestic product at market prices;PT;Portugal;2003;2003;
A;Annual;CP_PPS_EU27_2020_HAB;Current prices, purchasing power standard (PPS, EU27 from 2020) per capita;B1GQ;Gross domestic product at market prices;PT;Portugal;2003;2003;
A;Annual;CLV_I20_HAB;Chain linked volumes, Index 2020=100, per capita;B1GQ;Gross domestic product at market prices;PT;Portugal;2003;2003;
A;Annual;CLV_I15_HAB;Chain linked volumes, Index 2015=100, per capita;B1GQ;Gross domestic product at market prices;PT;Portugal;2003;2003;
A;Annual;CLV_I10_HAB;Chain linked volumes, Index 2010=100, per capita;B1GQ;Gross domestic product at market prices;PT;Portugal;2003;2003;
A;Annual;CLV20_EUR_HAB;Chain linked volumes (2020), euro per capita;B1GQ;Gross domestic product at market prices;PT;Portugal;2003;2003;
A;Annual;CLV15_EUR_HAB;Chain linked volumes (2015), euro per capita;B1GQ;Gross domestic product at market prices;PT;Portugal;2003;2003;
A;Annual;CLV10_EUR_HAB;Chain linked volumes (2010), euro per capita;B1GQ;Gross domestic product at market prices;PT;Portugal;2003;2003;
A;Annual;CLV_PCH_PRE_HAB;Chain linked volumes, percentage change on previous period, per capita;B1GQ;Gross domestic product at market prices;PT;Portugal;2003;2003;
A;Annual;PC_EU27_2020_HAB_MEUR_CP;Percentage of EU27 (from 2020) total per capita (based on million euro, EU27 from 2020), current prices;P3;Final consumption expenditure;PT;Portugal;2003;2003;
A;Annual;PC_EU27_2020_HAB_MPPS_CP;Percentage of EU27 (from 2020) total per capita (based on million purchasing power standards, EU27 from 2020), current prices;P3;Final consumption expenditure;PT;Portugal;2003;2003;
A;Annual;CP_EUR_HAB;Current prices, euro per capita;P3;Final consumption expenditure;PT;Portugal;2003;2003;
A;Annual;CP_NAC_HAB;Current prices, units of national currency per capita;P3;Final consumption expenditure;PT;Portugal;2003;2003;
A;Annual;CP_PPS_EU27_2020_HAB;Current prices, purchasing power standard (PPS, EU27 from 2020) per capita;P3;Final consumption expenditure;PT;Portugal;2003;2003;
A;Annual;CLV_I20_HAB;Chain linked volumes, Index 2020=100, per capita;P3;Final consumption expenditure;PT;Portugal;2003;2003;
A;Annual;CLV_I15_HAB;Chain linked volumes, Index 2015=100, per capita;P3;Final consumption expenditure;PT;Portugal;2003;2003;
A;Annual;CLV_I10_HAB;Chain linked volumes, Index 2010=100, per capita;P3;Final consumption expenditure;PT;Portugal;2003;2003;
A;Annual;CLV20_EUR_HAB;Chain linked volumes (2020), euro per capita;P3;Final consumption expenditure;PT;Portugal;2003;2003;
A;Annual;CLV15_EUR_HAB;Chain linked volumes (2015), euro per capita;P3;Final consumption expenditure;PT;Portugal;2003;2003;
A;Annual;CLV10_EUR_HAB;Chain linked volumes (2010), euro per capita;P3;Final consumption expenditure;PT;Portugal;2003;2003;
A;Annual;CLV_PCH_PRE_HAB;Chain linked volumes, percentage change on previous period, per capita;P3;Final consumption expenditure;PT;Portugal;2003;2003;
A;Annual;PC_EU27_2020_HAB_MEUR_CP;Percentage of EU27 (from 2020) total per capita (based on million euro, EU27 from 2020), current prices;P3_S13;Final consumption expenditure of general government;PT;Portugal;2003;2003;
A;Annual;PC_EU27_2020_HAB_MPPS_CP;Percentage of EU27 (from 2020) total per capita (based on million purchasing power standards, EU27 from 2020), current prices;P3_S13;Final consumption expenditure of general government;PT;Portugal;2003;2003;
A;Annual;CP_EUR_HAB;Current prices, euro per capita;P3_S13;Final consumption expenditure of general government;PT;Portugal;2003;2003;
A;Annual;CP_NAC_HAB;Current prices, units of national currency per capita;P3_S13;Final consumption expenditure of general government;PT;Portugal;2003;2003;
A;Annual;CP_PPS_EU27_2020_HAB;Current prices, purchasing power standard (PPS, EU27 from 2020) per capita;P3_S13;Final consumption expenditure of general government;PT;Portugal;2003;2003;
A;Annual;CLV_I20_HAB;Chain linked volumes, Index 2020=100, per capita;P3_S13;Final consumption expenditure of general government;PT;Portugal;2003;2003;
A;Annual;CLV_I15_HAB;Chain linked volumes, Index 2015=100, per capita;P3_S13;Final consumption expenditure of general government;PT;Portugal;2003;2003;
A;Annual;CLV_I10_HAB;Chain linked volumes, Index 2010=100, per capita;P3_S13;Final consumption expenditure of general government;PT;Portugal;2003;2003;
A;Annual;CLV20_EUR_HAB;Chain linked volumes (2020), euro per capita;P3_S13;Final consumption expenditure of general government;PT;Portugal;2003;2003;
A;Annual;CLV15_EUR_HAB;Chain linked volumes (2015), euro per capita;P3_S13;Final consumption expenditure of general government;PT;Portugal;2003;2003;
A;Annual;CLV10_EUR_HAB;Chain linked volumes (2010), euro per capita;P3_S13;Final consumption expenditure of general government;PT;Portugal;2003;2003;
A;Annual;CLV_PCH_PRE_HAB;Chain linked volumes, percentage change on previous period, per capita;P3_S13;Final consumption expenditure of general government;PT;Portugal;2003;2003;
A;Annual;PC_EU27_2020_HAB_MEUR_CP;Percentage of EU27 (from 2020) total per capita (based on million euro, EU27 from 2020), current prices;P31_S13;Individual consumption expenditure of general government;PT;Portugal;2003;2003;50.76
A;Annual;PC_EU27_2020_HAB_MPPS_CP;Percentage of EU27 (from 2020) total per capita (based on million purchasing power standards, EU27 from 2020), current prices;P31_S13;Individual consumption expenditure of general government;PT;Portugal;2003;2003;52.327
A;Annual;CP_EUR_HAB;Current prices, euro per capita;P31_S13;Individual consumption expenditure of general government;PT;Portugal;2003;2003;53.61
A;Annual;CP_NAC_HAB;Current prices, units of national currency per capita;P31_S13;Individual consumption expenditure of general government;PT;Portugal;2003;2003;54.785
A;Annual;CP_PPS_EU27_2020_HAB;Current prices, purchasing power standard (PPS, EU27 from 2020) per capita;P31_S13;Individual consumption expenditure of general government;PT;Portugal;2003;2003;58.341
A;Annual;CLV_I20_HAB;Chain linked volumes, Index 2020=100, per capita;P31_S13;Individual consumption expenditure of general government;PT;Portugal;2003;2003;60.353
A;Annual;CLV_I15_HAB;Chain linked volumes, Index 2015=100, per capita;P31_S13;Individual consumption expenditure of general government;PT;Portugal;2003;2003;62.731
A;Annual;CLV_I10_HAB;Chain linked volumes, Index 2010=100, per capita;P31_S13;Individual consumption expenditure of general government;PT;Portugal;2003;2003;65.913
A;Annual;CLV20_EUR_HAB;Chain linked volumes (2020), euro per capita;P31_S13;Individual consumption expenditure of general government;PT;Portugal;2003;2003;66.873
A;Annual;CLV15_EUR_HAB;Chain linked volumes (2015), euro per capita;P31_S13;Individual consumption expenditure of general government;PT;Portugal;2003;2003;67.324
A;Annual;CLV10_EUR_HAB;Chain linked volumes (2010), euro per capita;P31_S13;Individual consumption expenditure of general government;PT;Portugal;2003;2003;67.478
A;Annual;CLV_PCH_PRE_HAB;Chain linked volumes, percentage change on previous period, per capita;P31_S13;Individual consumption expenditure of general government;PT;Portugal;2003;2003;70.881
A;Annual;PC_EU27_2020_HAB_MEUR_CP;Percentage of EU27 (from 2020) total per capita (based on million euro, EU27 from 2020), current prices;P32_S13;Collective consumption expenditure of general government;PT;Portugal;2003;2003;72.01
A;Annual;PC_EU27_2020_HAB_MPPS_CP;Percentage of EU27 (from 2020) total per capita (based on million purchasing power standards, EU27 from 2020), current prices;P32_S13;Collective consumption expenditure of general government;PT;Portugal;2003;2003;72.521
A;Annual;CP_EUR_HAB;Current prices, euro per capita;P32_S13;Collective consumption expenditure of general government;PT;Portugal;2003;2003;73.867
A;Annual;CP_NAC_HAB;Current prices, units of national currency per capita;P32_S13;Collective consumption expenditure of general government;PT;Portugal;2003;2003;75.367
A;Annual;CP_PPS_EU27_2020_HAB;Current prices, purchasing power standard (PPS, EU27 from 2020) per capita;P32_S13;Collective consumption expenditure of general government;PT;Portugal;2003;2003;73.282
A;Annual;CLV_I20_HAB;Chain linked volumes, Index 2020=100, per capita;P32_S13;Collective consumption expenditure of general government;PT;Portugal;2003;2003;74.452
A;Annual;CLV_I15_HAB;Chain linked volumes, Index 2015=100, per capita;P32_S13;Collective consumption expenditure of general government;PT;Portugal;2003;2003;73.849
A;Annual;CLV_I10_HAB;Chain linked volumes, Index 2010=100, per capita;P32_S13;Collective consumption expenditure of general government;PT;Portugal;2003;2003;74.481
A;Annual;CLV20_EUR_HAB;Chain linked volumes (2020), euro per capita;P32_S13;Collective consumption expenditure of general government;PT;Portugal;2003;2003;71.543
A;Annual;CLV15_EUR_HAB;Chain linked volumes (2015), euro per capita;P32_S13;Collective consumption expenditure of general government;PT;Portugal;2003;2003;70.122
A;Annual;CLV10_EUR_HAB;Chain linked volumes (2010), euro per capita;P32_S13;Collective consumption expenditure of general government;PT;Portugal;2003;2003;68.784
A;Annual;CLV_PCH_PRE_HAB;Chain linked volumes, percentage change on previous period, per capita;P32_S13;Collective consumption expenditure of general government;PT;Portugal;2003;2003;68.618
A;Annual;PC_EU27_2020_HAB_MEUR_CP;Percentage of EU27 (from 2020) total per capita (based on million euro, EU27 from 2020), current prices;P31_S14_S15;Household and NPISH final consumption expenditure;PT;Portugal;2003;2003;70.611
A;Annual;PC_EU27_2020_HAB_MPPS_CP;Percentage of EU27 (from 2020) total per capita (based on million purchasing power standards, EU27 from 2020), current prices;P31_S14_S15;Household and NPISH final consumption expenditure;PT;Portugal;2003;2003;71.065
A;Annual;CP_EUR_HAB;Current prices, euro per capita;P31_S14_S15;Household and NPISH final consumption expenditure;PT;Portugal;2003;2003;69.492
A;Annual;CP_NAC_HAB;Current prices, units of national currency per capita;P31_S14_S15;Household and NPISH final consumption expenditure;PT;Portugal;2003;2003;71.168
A;Annual;CP_PPS_EU27_2020_HAB;Current prices, purchasing power standard (PPS, EU27 from 2020) per capita;P31_S14_S15;Household and NPISH final consumption expenditure;PT;Portugal;2003;2003;74.774
A;Annual;CLV_I20_HAB;Chain linked volumes, Index 2020=100, per capita;P31_S14_S15;Household and NPISH final consumption expenditure;PT;Portugal;2003;2003;78.436
A;Annual;CLV_I15_HAB;Chain linked volumes, Index 2015=100, per capita;P31_S14_S15;Household and NPISH final consumption expenditure;PT;Portugal;2003;2003;82.405
A;Annual;CLV_I10_HAB;Chain linked volumes, Index 2010=100, per capita;P31_S14_S15;Household and NPISH final consumption expenditure;PT;Portugal;2003;2003;82.894
A;Annual;CLV20_EUR_HAB;Chain linked volumes (2020), euro per capita;P31_S14_S15;Household and NPISH final consumption expenditure;PT;Portugal;2003;2003;80.996
A;Annual;CLV15_EUR_HAB;Chain linked volumes (2015), euro per capita;P31_S14_S15;Household and NPISH final consumption expenditure;PT;Portugal;2003;2003;82.45
A;Annual;CLV10_EUR_HAB;Chain linked volumes (2010), euro per capita;P31_S14_S15;Household and NPISH final consumption expenditure;PT;Portugal;2003;2003;84.661
A;Annual;CLV_PCH_PRE_HAB;Chain linked volumes, percentage change on previous period, per capita;P31_S14_S15;Household and NPISH final consumption expenditure;PT;Portugal;2003;2003;82.101
A;Annual;PC_EU27_2020_HAB_MEUR_CP;Percentage of EU27 (from 2020) total per capita (based on million euro, EU27 from 2020), current prices;P31_S14;Final consumption expenditure of households;PT;Portugal;2003;2003;84.191
A;Annual;PC_EU27_2020_HAB_MPPS_CP;Percentage of EU27 (from 2020) total per capita (based on million purchasing power standards, EU27 from 2020), current prices;P31_S14;Final consumption expenditure of households;PT;Portugal;2003;2003;84.874
A;Annual;CP_EUR_HAB;Current prices, euro per capita;P31_S14;Final consumption expenditure of households;PT;Portugal;2003;2003;87.671
A;Annual;CP_NAC_HAB;Current prices, units of national currency per capita;P31_S14;Final consumption expenditure of households;PT;Portugal;2003;2003;92.679
A;Annual;CP_PPS_EU27_2020_HAB;Current prices, purchasing power standard (PPS, EU27 from 2020) per capita;P31_S14;Final consumption expenditure of households;PT;Portugal;2003;2003;100.0
A;Annual;CLV_I20_HAB;Chain linked volumes, Index 2020=100, per capita;P31_S14;Final consumption expenditure of households;PT;Portugal;2003;2003;99.837
A;Annual;CLV_I15_HAB;Chain linked volumes, Index 2015=100, per capita;P31_S14;Final consumption expenditure of households;PT;Portugal;2003;2003;100.778
A;Annual;CLV_I10_HAB;Chain linked volumes, Index 2010=100, per capita;P31_S14;Final consumption expenditure of households;PT;Portugal;2003;2003;99.628
A;Annual;CLV20_EUR_HAB;Chain linked volumes (2020), euro per capita;P31_S14;Final consumption expenditure of households;PT;Portugal;2003;2003;100.533
A;Annual;CLV15_EUR_HAB;Chain linked volumes (2015), euro per capita;P31_S14;Final consumption expenditure of households;PT;Portugal;2003;2003;96.272
A;Annual;CLV10_EUR_HAB;Chain linked volumes (2010), euro per capita;P31_S14;Final consumption expenditure of households;PT;Portugal;2003;2003;100.158
A;Annual;CLV_PCH_PRE_HAB;Chain linked volumes, percentage change on previous period, per capita;P31_S14;Final consumption expenditure of households;PT;Portugal;2003;2003;114.143
A;Annual;PC_EU27_2020_HAB_MEUR_CP;Percentage of EU27 (from 2020) total per capita (based on million euro, EU27 from 2020), current prices;P31_S15;Final consumption expenditure of NPISH;PT;Portugal;2003;2003;113.996
A;Annual;PC_EU27_2020_HAB_MPPS_CP;Percentage of EU27 (from 2020) total per capita (based on million purchasing power standards, EU27 from 2020), current prices;P31_S15;Final consumption expenditure of NPISH;PT;Portugal;2003;2003;112.621
A;Annual;CP_EUR_HAB;Current prices, euro per capita;P31_S15;Final consumption expenditure of NPISH;PT;Portugal;2003;2003;
A;Annual;CP_NAC_HAB;Current prices, units of national currency per capita;P31_S15;Final consumption expenditure of NPISH;PT;Portugal;2003;2003;
A;Annual;CP_PPS_EU27_2020_HAB;Current prices, purchasing power standard (PPS, EU27 from 2020) per capita;P31_S15;Final consumption expenditure of NPISH;PT;Portugal;2003;2003;
A;Annual;CLV_I20_HAB;Chain linked volumes, Index 2020=100, per capita;P31_S15;Final consumption expenditure of NPISH;PT;Portugal;2003;2003;
A;Annual;CLV_I15_HAB;Chain linked volumes, Index 2015=100, per capita;P31_S15;Final consumption expenditure of NPISH;PT;Portugal;2003;2003;
A;Annual;CLV_I10_HAB;Chain linked volumes, Index 2010=100, per capita;P31_S15;Final consumption expenditure of NPISH;PT;Portugal;2003;2003;
A;Annual;CLV20_EUR_HAB;Chain linked volumes (2020), euro per capita;P31_S15;Final consumption expenditure of NPISH;PT;Portugal;2003;2003;
A;Annual;CLV15_EUR_HAB;Chain linked volumes (2015), euro per capita;P31_S15;Final consumption expenditure of NPISH;PT;Portugal;2003;2003;
A;Annual;CLV10_EUR_HAB;Chain linked volumes (2010), euro per capita;P31_S15;Final consumption expenditure of NPISH;PT;Portugal;2003;2003;
A;Annual;CLV_PCH_PRE_HAB;Chain linked volumes, percentage change on previous period, per capita;P31_S15;Final consumption expenditure of NPISH;PT;Portugal;2003;2003;
A;Annual;PC_EU27_2020_HAB_MEUR_CP;Percentage of EU27 (from 2020) total per capita (based on million euro, EU27 from 2020), current prices;P41;Actual individual consumption;PT;Portugal;2003;2003;
A;Annual;PC_EU27_2020_HAB_MPPS_CP;Percentage of EU27 (from 2020) total per capita (based on million purchasing power standards, EU27 from 2020), current prices;P41;Actual individual consumption;PT;Portugal;2003;2003;
A;Annual;CP_EUR_HAB;Current prices, euro per capita;P41;Actual individual consumption;PT;Portugal;2003;2003;
A;Annual;CP_NAC_HAB;Current prices, units of national currency per capita;P41;Actual individual consumption;PT;Portugal;2003;2003;
A;Annual;CP_PPS_EU27_2020_HAB;Current prices, purchasing power standard (PPS, EU27 from 2020) per capita;P41;Actual individual consumption;PT;Portugal;2003;2003;
A;Annual;CLV_I20_HAB;Chain linked volumes, Index 2020=100, per capita;P41;Actual individual consumption;PT;Portugal;2003;2003;
A;Annual;CLV_I15_HAB;Chain linked volumes, Index 2015=100, per capita;P41;Actual individual consumption;PT;Portugal;2003;2003;
A;Annual;CLV_I10_HAB;Chain linked volumes, Index 2010=100, per capita;P41;Actual individual consumption;PT;Portugal;2003;2003;
A;Annual;CLV20_EUR_HAB;Chain linked volumes (2020), euro per capita;P41;Actual individual consumption;PT;Portugal;2003;2003;
A;Annual;CLV15_EUR_HAB;Chain linked volumes (2015), euro per capita;P41;Actual individual consumption;PT;Portugal;2003;2003;
A;Annual;CLV10_EUR_HAB;Chain linked volumes (2010), euro per capita;P41;Actual individual consumption;PT;Portugal;2003;2003;75.764
A;Annual;CLV_PCH_PRE_HAB;Chain linked volumes, percentage change on previous period, per capita;P41;Actual individual consumption;PT;Portugal;2003;2003;75.761
A;Annual;PC_EU27_2020_HAB_MEUR_CP;Percentage of EU27 (from 2020) total per capita (based on million euro, EU27 from 2020), current prices;B1GQ;Gross domestic product at market prices;PT;Portugal;2004;2004;
A;Annual;PC_EU27_2020_HAB_MPPS_CP;Percentage of EU27 (from 2020) total per capita (based on million purchasing power standards, EU27 from 2020), current prices;B1GQ;Gross domestic product at market prices;PT;Portugal;2004;2004;
A;Annual;CP_EUR_HAB;Current prices, euro per capita;B1GQ;Gross domestic product at market prices;PT;Portugal;2004;2004;
A;Annual;CP_NAC_HAB;Current prices, units of national currency per capita;B1GQ;Gross domestic product at market prices;PT;Portugal;2004;2004;
A;Annual;CP_PPS_EU27_2020_HAB;Current prices, purchasing power standard (PPS, EU27 from 2020) per capita;B1GQ;Gross domestic product at market prices;PT;Portugal;2004;2004;43.684
A;Annual;CLV_I20_HAB;Chain linked volumes, Index 2020=100, per capita;B1GQ;Gross domestic product at market prices;PT;Portugal;2004;2004;47.182
A;Annual;CLV_I15_HAB;Chain linked volumes, Index 2015=100, per capita;B1GQ;Gross domestic product at market prices;PT;Portugal;2004;2004;41.918
A;Annual;CLV_I10_HAB;Chain linked volumes, Index 2010=100, per capita;B1GQ;Gross domestic product at market prices;PT;Portugal;2004;2004;45.689
A;Annual;CLV20_EUR_HAB;Chain linked volumes (2020), euro per capita;B1GQ;Gross domestic product at market prices;PT;Portugal;2004;2004;51.614
A;Annual;CLV15_EUR_HAB;Chain linked volumes (2015), euro per capita;B1GQ;Gross domestic product at market prices;PT;Portugal;2004;2004;55.835
A;Annual;CLV10_EUR_HAB;Chain linked volumes (2010), euro per capita;B1GQ;Gross domestic product at market prices;PT;Portugal;2004;2004;61.146
A;Annual;CLV_PCH_PRE_HAB;Chain linked volumes, percentage change on previous period, per capita;B1GQ;Gross domestic product at market prices;PT;Portugal;2004;2004;64.168
A;Annual;PC_EU27_2020_HAB_MEUR_CP;Percentage of EU27 (from 2020) total per capita (based on million euro, EU27 from 2020), current prices;P3;Final consumption expenditure;PT;Portugal;2004;2004;67.844
A;Annual;PC_EU27_2020_HAB_MPPS_CP;Percentage of EU27 (from 2020) total per capita (based on million purchasing power standards, EU27 from 2020), current prices;P3;Final consumption expenditure;PT;Portugal;2004;2004;71.716
A;Annual;CP_EUR_HAB;Current prices, euro per capita;P3;Final consumption expenditure;PT;Portugal;2004;2004;75.782
A;Annual;CP_NAC_HAB;Current prices, units of national currency per capita;P3;Final consumption expenditure;PT;Portugal;2004;2004;80.852
A;Annual;CP_PPS_EU27_2020_HAB;Current prices, purchasing power standard (PPS, EU27 from 2020) per capita;P3;Final consumption expenditure;PT;Portugal;2004;2004;86.761
A;Annual;CLV_I20_HAB;Chain linked volumes, Index 2020=100, per capita;P3;Final consumption expenditure;PT;Portugal;2004;2004;93.468
A;Annual;CLV_I15_HAB;Chain linked volumes, Index 2015=100, per capita;P3;Final consumption expenditure;PT;Portugal;2004;2004;96.632
A;Annual;CLV_I10_HAB;Chain linked volumes, Index 2010=100, per capita;P3;Final consumption expenditure;PT;Portugal;2004;2004;100.0
A;Annual;CLV20_EUR_HAB;Chain linked volumes (2020), euro per capita;P3;Final consumption expenditure;PT;Portugal;2004;2004;102.74
A;Annual;CLV15_EUR_HAB;Chain linked volumes (2015), euro per capita;P3;Final consumption expenditure;PT;Portugal;2004;2004;103.922
A;Annual;CLV10_EUR_HAB;Chain linked volumes (2010), euro per capita;P3;Final consumption expenditure;PT;Portugal;2004;2004;105.89
A;Annual;CLV_PCH_PRE_HAB;Chain linked volumes, percentage change on previous period, per capita;P3;Final consumption expenditure;PT;Portugal;2004;2004;108.487
A;Annual;PC_EU27_2020_HAB_MEUR_CP;Percentage of EU27 (from 2020) total per capita (based on million euro, EU27 from 2020), current prices;P3_S13;Final consumption expenditure of general government;PT;Portugal;2004;2004;111.227
A;Annual;PC_EU27_2020_HAB_MPPS_CP;Percentage of EU27 (from 2020) total per capita (based on million purchasing power standards, EU27 from 2020), current prices;P3_S13;Final consumption expenditure of general government;PT;Portugal;2004;2004;115.76
A;Annual;CP_EUR_HAB;Current prices, euro per capita;P3_S13;Final consumption expenditure of general government;PT;Portugal;2004;2004;119.67
A;Annual;CP_NAC_HAB;Current prices, units of national currency per capita;P3_S13;Final consumption expenditure of general government;PT;Portugal;2004;2004;124.37
A;Annual;CP_PPS_EU27_2020_HAB;Current prices, purchasing power standard (PPS, EU27 from 2020) per capita;P3_S13;Final consumption expenditure of general government;PT;Portugal;2004;2004;127.477
A;Annual;CLV_I20_HAB;Chain linked volumes, Index 2020=100, per capita;P3_S13;Final consumption expenditure of general government;PT;Portugal;2004;2004;123.963
A;Annual;CLV_I15_HAB;Chain linked volumes, Index 2015=100, per capita;P3_S13;Final consumption expenditure of general government;PT;Portugal;2004;2004;136.34
A;Annual;CLV_I10_HAB;Chain linked volumes, Index 2010=100, per capita;P3_S13;Final consumption expenditure of general government;PT;Portugal;2004;2004;144.669
A;Annual;CLV20_EUR_HAB;Chain linked volumes (2020), euro per capita;P3_S13;Final consumption expenditure of general government;PT;Portugal;2004;2004;
A;Annual;CLV15_EUR_HAB;Chain linked volumes (2015), euro per capita;P3_S13;Final consumption expenditure of general government;PT;Portugal;2004;2004;
A;Annual;CLV10_EUR_HAB;Chain linked volumes (2010), euro per capita;P3_S13;Final consumption expenditure of general government;PT;Portugal;2004;2004;
A;Annual;CLV_PCH_PRE_HAB;Chain linked volumes, percentage change on previous period, per capita;P3_S13;Final consumption expenditure of general government;PT;Portugal;2004;2004;
A;Annual;PC_EU27_2020_HAB_MEUR_CP;Percentage of EU27 (from 2020) total per capita (based on million euro, EU27 from 2020), current prices;P31_S13;Individual consumption expenditure of general government;PT;Portugal;2004;2004;
A;Annual;PC_EU27_2020_HAB_MPPS_CP;Percentage of EU27 (from 2020) total per capita (based on million purchasing power standards, EU27 from 2020), current prices;P31_S13;Individual consumption expenditure of general government;PT;Portugal;2004;2004;
A;Annual;CP_EUR_HAB;Current prices, euro per capita;P31_S13;Individual consumption expenditure of general government;PT;Portugal;2004;2004;
A;Annual;CP_NAC_HAB;Current prices, units of national currency per capita;P31_S13;Individual consumption expenditure of general government;PT;Portugal;2004;2004;
A;Annual;CP_PPS_EU27_2020_HAB;Current prices, purchasing power standard (PPS, EU27 from 2020) per capita;P31_S13;Individual consumption expenditure of general government;PT;Portugal;2004;2004;
A;Annual;CLV_I20_HAB;Chain linked volumes, Index 2020=100, per capita;P31_S13;Individual consumption expenditure of general government;PT;Portugal;2004;2004;
A;Annual;CLV_I15_HAB;Chain linked volumes, Index 2015=100, per capita;P31_S13;Individual consumption expenditure of general government;PT;Portugal;2004;2004;
A;Annual;CLV_I10_HAB;Chain linked volumes, Index 2010=100, per capita;P31_S13;Individual consumption expenditure of general government;PT;Portugal;2004;2004;
A;Annual;CLV20_EUR_HAB;Chain linked volumes (2020), euro per capita;P31_S13;Individual consumption expenditure of general government;PT;Portugal;2004;2004;
A;Annual;CLV15_EUR_HAB;Chain linked volumes (2015), euro per capita;P31_S13;Individual consumption expenditure of general government;PT;Portugal;2004;2004;
A;Annual;CLV10_EUR_HAB;Chain linked volumes (2010), euro per capita;P31_S13;Individual consumption expenditure of general government;PT;Portugal;2004;2004;
A;Annual;CLV_PCH_PRE_HAB;Chain linked volumes, percentage change on previous period, per capita;P31_S13;Individual consumption expenditure of general government;PT;Portugal;2004;2004;
A;Annual;PC_EU27_2020_HAB_MEUR_CP;Percentage of EU27 (from 2020) total per capita (based on million euro, EU27 from 2020), current prices;P32_S13;Collective consumption expenditure of general government;PT;Portugal;2004;2004;
A;Annual;PC_EU27_2020_HAB_MPPS_CP;Percentage of EU27 (from 2020) total per capita (based on million purchasing power standards, EU27 from 2020), current prices;P32_S13;Collective consumption expenditure of general government;PT;Portugal;2004;2004;
A;Annual;CP_EUR_HAB;Current prices, euro per capita;P32_S13;Collective consumption expenditure of general government;PT;Portugal;2004;2004;
A;Annual;CP_NAC_HAB;Current prices, units of national currency per capita;P32_S13;Collective consumption expenditure of general government;PT;Portugal;2004;2004;
A;Annual;CP_PPS_EU27_2020_HAB;Current prices, purchasing power standard (PPS, EU27 from 2020) per capita;P32_S13;Collective consumption expenditure of general government;PT;Portugal;2004;2004;
A;Annual;CLV_I20_HAB;Chain linked volumes, Index 2020=100, per capita;P32_S13;Collective consumption expenditure of general government;PT;Portugal;2004;2004;
A;Annual;CLV_I15_HAB;Chain linked volumes, Index 2015=100, per capita;P32_S13;Collective consumption expenditure of general government;PT;Portugal;2004;2004;41.45
A;Annual;CLV_I10_HAB;Chain linked volumes, Index 2010=100, per capita;P32_S13;Collective consumption expenditure of general government;PT;Portugal;2004;2004;43.879
A;Annual;CLV20_EUR_HAB;Chain linked volumes (2020), euro per capita;P32_S13;Collective consumption expenditure of general government;PT;Portugal;2004;2004;47.764
A;Annual;CLV15_EUR_HAB;Chain linked volumes (2015), euro per capita;P32_S13;Collective consumption expenditure of general government;PT;Portugal;2004;2004;50.326
A;Annual;CLV10_EUR_HAB;Chain linked volumes (2010), euro per capita;P32_S13;Collective consumption expenditure of general government;PT;Portugal;2004;2004;58.507
A;Annual;CLV_PCH_PRE_HAB;Chain linked volumes, percentage change on previous period, per capita;P32_S13;Collective consumption expenditure of general government;PT;Portugal;2004;2004;62.248
A;Annual;PC_EU27_2020_HAB_MEUR_CP;Percentage of EU27 (from 2020) total per capita (based on million euro, EU27 from 2020), current prices;P31_S14_S15;Household and NPISH final consumption expenditure;PT;Portugal;2004;2004;66.582
A;Annual;PC_EU27_2020_HAB_MPPS_CP;Percentage of EU27 (from 2020) total per capita (based on million purchasing power standards, EU27 from 2020), current prices;P31_S14_S15;Household and NPISH final consumption expenditure;PT;Portugal;2004;2004;70.969
A;Annual;CP_EUR_HAB;Current prices, euro per capita;P31_S14_S15;Household and NPISH final consumption expenditure;PT;Portugal;2004;2004;74.398
A;Annual;CP_NAC_HAB;Current prices, units of national currency per capita;P31_S14_S15;Household and NPISH final consumption expenditure;PT;Portugal;2004;2004;79.558
A;Annual;CP_PPS_EU27_2020_HAB;Current prices, purchasing power standard (PPS, EU27 from 2020) per capita;P31_S14_S15;Household and NPISH final consumption expenditure;PT;Portugal;2004;2004;84.509
A;Annual;CLV_I20_HAB;Chain linked volumes, Index 2020=100, per capita;P31_S14_S15;Household and NPISH final consumption expenditure;PT;Portugal;2004;2004;88.151
A;Annual;CLV_I15_HAB;Chain linked volumes, Index 2015=100, per capita;P31_S14_S15;Household and NPISH final consumption expenditure;PT;Portugal;2004;2004;95.441
A;Annual;CLV_I10_HAB;Chain linked volumes, Index 2010=100, per capita;P31_S14_S15;Household and NPISH final consumption expenditure;PT;Portugal;2004;2004;100.795
A;Annual;CLV20_EUR_HAB;Chain linked volumes (2020), euro per capita;P31_S14_S15;Household and NPISH final consumption expenditure;PT;Portugal;2004;2004;98.02
A;Annual;CLV15_EUR_HAB;Chain linked volumes (2015), euro per capita;P31_S14_S15;Household and NPISH final consumption expenditure;PT;Portugal;2004;2004;100.0
A;Annual;CLV10_EUR_HAB;Chain linked volumes (2010), euro per capita;P31_S14_S15;Household and NPISH final consumption expenditure;PT;Portugal;2004;2004;100.814
A;Annual;CLV_PCH_PRE_HAB;Chain linked volumes, percentage change on previous period, per capita;P31_S14_S15;Household and NPISH final consumption expenditure;PT;Portugal;2004;2004;100.854
A;Annual;PC_EU27_2020_HAB_MEUR_CP;Percentage of EU27 (from 2020) total per capita (based on million euro, EU27 from 2020), current prices;P31_S14;Final consumption expenditure of households;PT;Portugal;2004;2004;101.804
A;Annual;PC_EU27_2020_HAB_MPPS_CP;Percentage of EU27 (from 2020) total per capita (based on million purchasing power standards, EU27 from 2020), current prices;P31_S14;Final consumption expenditure of households;PT;Portugal;2004;2004;100.454
A;Annual;CP_EUR_HAB;Current prices, euro per capita;P31_S14;Final consumption expenditure of households;PT;Portugal;2004;2004;102.278
A;Annual;CP_NAC_HAB;Current prices, units of national currency per capita;P31_S14;Final consumption expenditure of households;PT;Portugal;2004;2004;105.874
A;Annual;CP_PPS_EU27_2020_HAB;Current prices, purchasing power standard (PPS, EU27 from 2020) per capita;P31_S14;Final consumption expenditure of households;PT;Portugal;2004;2004;108.954
A;Annual;CLV_I20_HAB;Chain linked volumes, Index 2020=100, per capita;P31_S14;Final consumption expenditure of households;PT;Portugal;2004;2004;114.645
A;Annual;CLV_I15_HAB;Chain linked volumes, Index 2015=100, per capita;P31_S14;Final consumption expenditure of households;PT;Portugal;2004;2004;120.737
A;Annual;CLV_I10_HAB;Chain linked volumes, Index 2010=100, per capita;P31_S14;Final consumption expenditure of households;PT;Portugal;2004;2004;120.389
A;Annual;CLV20_EUR_HAB;Chain linked volumes (2020), euro per capita;P31_S14;Final consumption expenditure of households;PT;Portugal;2004;2004;131.191
A;Annual;CLV15_EUR_HAB;Chain linked volumes (2015), euro per capita;P31_S14;Final consumption expenditure of households;PT;Portugal;2004;2004;138.074
A;Annual;CLV10_EUR_HAB;Chain linked volumes (2010), euro per capita;P31_S14;Final consumption expenditure of households;PT;Portugal;2004;2004;144.28
A;Annual;CLV_PCH_PRE_HAB;Chain linked volumes, percentage change on previous period, per capita;P31_S14;Final consumption expenditure of households;PT;Portugal;2004;2004;150.827
A;Annual;PC_EU27_2020_HAB_MEUR_CP;Percentage of EU27 (from 2020) total per capita (based on million euro, EU27 from 2020), current prices;P31_S15;Final consumption expenditure of NPISH;PT;Portugal;2004;2004;
A;Annual;PC_EU27_2020_HAB_MPPS_CP;Percentage of EU27 (from 2020) total per capita (based on million purchasing power standards, EU27 from 2020), current prices;P31_S15;Final consumption expenditure of NPISH;PT;Portugal;2004;2004;
A;Annual;CP_EUR_HAB;Current prices, euro per capita;P31_S15;Final consumption expenditure of NPISH;PT;Portugal;2004;2004;
A;Annual;CP_NAC_HAB;Current prices, units of national currency per capita;P31_S15;Final consumption expenditure of NPISH;PT;Portugal;2004;2004;
A;Annual;CP_PPS_EU27_2020_HAB;Current prices, purchasing power standard (PPS, EU27 from 2020) per capita;P31_S15;Final consumption expenditure of NPISH;PT;Portugal;2004;2004;
A;Annual;CLV_I20_HAB;Chain linked volumes, Index 2020=100, per capita;P31_S15;Final consumption expenditure of NPISH;PT;Portugal;2004;2004;
A;Annual;CLV_I15_HAB;Chain linked volumes, Index 2015=100, per capita;P31_S15;Final consumption expenditure of NPISH;PT;Portugal;2004;2004;
A;Annual;CLV_I10_HAB;Chain linked volumes, Index 2010=100, per capita;P31_S15;Final consumption expenditure of NPISH;PT;Portugal;2004;2004;
A;Annual;CLV20_EUR_HAB;Chain linked volumes (2020), euro per capita;P31_S15;Final consumption expenditure of NPISH;PT;Portugal;2004;2004;
A;Annual;CLV15_EUR_HAB;Chain linked volumes (2015), euro per capita;P31_S15;Final consumption expenditure of NPISH;PT;Portugal;2004;2004;
A;Annual;CLV10_EUR_HAB;Chain linked volumes (2010), euro per capita;P31_S15;Final consumption expenditure of NPISH;PT;Portugal;2004;2004;
A;Annual;CLV_PCH_PRE_HAB;Chain linked volumes, percentage change on previous period, per capita;P31_S15;Final consumption expenditure of NPISH;PT;Portugal;2004;2004;
A;Annual;PC_EU27_2020_HAB_MEUR_CP;Percentage of EU27 (from 2020) total per capita (based on million euro, EU27 from 2020), current prices;P41;Actual individual consumption;PT;Portugal;2004;2004;
A;Annual;PC_EU27_2020_HAB_MPPS_CP;Percentage of EU27 (from 2020) total per capita (based on million purchasing power standards, EU27 from 2020), current prices;P41;Actual individual consumption;PT;Portugal;2004;2004;
A;Annual;CP_EUR_HAB;Current prices, euro per capita;P41;Actual individual consumption;PT;Portugal;2004;2004;
A;Annual;CP_NAC_HAB;Current prices, units of national currency per capita;P41;Actual individual consumption;PT;Portugal;2004;2004;
A;Annual;CP_PPS_EU27_2020_HAB;Current prices, purchasing power standard (PPS, EU27 from 2020) per capita;P41;Actual individual consumption;PT;Portugal;2004;2004;
A;Annual;CLV_I20_HAB;Chain linked volumes, Index 2020=100, per capita;P41;Actual individual consumption;PT;Portugal;2004;2004;
A;Annual;CLV_I15_HAB;Chain linked volumes, Index 2015=100, per capita;P41;Actual individual consumption;PT;Portugal;2004;2004;
A;Annual;CLV_I10_HAB;Chain linked volumes, Index 2010=100, per capita;P41;Actual individual consumption;PT;Portugal;2004;2004;
A;Annual;CLV20_EUR_HAB;Chain linked volumes (2020), euro per capita;P41;Actual individual consumption;PT;Portugal;2004;2004;
A;Annual;CLV15_EUR_HAB;Chain linked volumes (2015), euro per capita;P41;Actual individual consumption;PT;Portugal;2004;2004;
A;Annual;CLV10_EUR_HAB;Chain linked volumes (2010), euro per capita;P41;Actual individual consumption;PT;Portugal;2004;2004;
A;Annual;CLV_PCH_PRE_HAB;Chain linked volumes, percentage change on previous period, per capita;P41;Actual individual consumption;PT;Portugal;2004;2004;75.403
A;Annual;PC_EU27_2020_HAB_MEUR_CP;Percentage of EU27 (from 2020) total per capita (based on million euro, EU27 from 2020), current prices;B1GQ;Gross domestic product at market prices;PT;Portugal;2005;2005;
A;Annual;PC_EU27_2020_HAB_MPPS_CP;Percentage of EU27 (from 2020) total per capita (based on million purchasing power standards, EU27 from 2020), current prices;B1GQ;Gross domestic product at market prices;PT;Portugal;2005;2005;
A;Annual;CP_EUR_HAB;Current prices, euro per capita;B1GQ;Gross domestic product at market prices;PT;Portugal;2005;2005;77.363
A;Annual;CP_NAC_HAB;Current prices, units of national currency per capita;B1GQ;Gross domestic product at market prices;PT;Portugal;2005;2005;78.973
A;Annual;CP_PPS_EU27_2020_HAB;Current prices, purchasing power standard (PPS, EU27 from 2020) per capita;B1GQ;Gross domestic product at market prices;PT;Portugal;2005;2005;80.116
A;Annual;CLV_I20_HAB;Chain linked volumes, Index 2020=100, per capita;B1GQ;Gross domestic product at market prices;PT;Portugal;2005;2005;81.888
A;Annual;CLV_I15_HAB;Chain linked volumes, Index 2015=100, per capita;B1GQ;Gross domestic product at market prices;PT;Portugal;2005;2005;82.934
A;Annual;CLV_I10_HAB;Chain linked volumes, Index 2010=100, per capita;B1GQ;Gross domestic product at market prices;PT;Portugal;2005;2005;84.326
A;Annual;CLV20_EUR_HAB;Chain linked volumes (2020), euro per capita;B1GQ;Gross domestic product at market prices;PT;Portugal;2005;2005;85.982
A;Annual;CLV15_EUR_HAB;Chain linked volumes (2015), euro per capita;B1GQ;Gross domestic product at market prices;PT;Portugal;2005;2005;87.786
A;Annual;CLV10_EUR_HAB;Chain linked volumes (2010), euro per capita;B1GQ;Gross domestic product at market prices;PT;Portugal;2005;2005;89.335
A;Annual;CLV_PCH_PRE_HAB;Chain linked volumes, percentage change on previous period, per capita;B1GQ;Gross domestic product at market prices;PT;Portugal;2005;2005;90.215
A;Annual;PC_EU27_2020_HAB_MEUR_CP;Percentage of EU27 (from 2020) total per capita (based on million euro, EU27 from 2020), current prices;P3;Final consumption expenditure;PT;Portugal;2005;2005;91.849
A;Annual;PC_EU27_2020_HAB_MPPS_CP;Percentage of EU27 (from 2020) total per capita (based on million purchasing power standards, EU27 from 2020), current prices;P3;Final consumption expenditure;PT;Portugal;2005;2005;93.588
A;Annual;CP_EUR_HAB;Current prices, euro per capita;P3;Final consumption expenditure;PT;Portugal;2005;2005;95.461
A;Annual;CP_NAC_HAB;Current prices, units of national currency per capita;P3;Final consumption expenditure;PT;Portugal;2005;2005;97.173
A;Annual;CP_PPS_EU27_2020_HAB;Current prices, purchasing power standard (PPS, EU27 from 2020) per capita;P3;Final consumption expenditure;PT;Portugal;2005;2005;99.268
A;Annual;CLV_I20_HAB;Chain linked volumes, Index 2020=100, per capita;P3;Final consumption expenditure;PT;Portugal;2005;2005;100.0
A;Annual;CLV_I15_HAB;Chain linked volumes, Index 2015=100, per capita;P3;Final consumption expenditure;PT;Portugal;2005;2005;100.03
A;Annual;CLV_I10_HAB;Chain linked volumes, Index 2010=100, per capita;P3;Final consumption expenditure;PT;Portugal;2005;2005;99.568
A;Annual;CLV20_EUR_HAB;Chain linked volumes (2020), euro per capita;P3;Final consumption expenditure;PT;Portugal;2005;2005;99.661
A;Annual;CLV15_EUR_HAB;Chain linked volumes (2015), euro per capita;P3;Final consumption expenditure;PT;Portugal;2005;2005;100.817
A;Annual;CLV10_EUR_HAB;Chain linked volumes (2010), euro per capita;P3;Final consumption expenditure;PT;Portugal;2005;2005;102.638
A;Annual;CLV_PCH_PRE_HAB;Chain linked volumes, percentage change on previous period, per capita;P3;Final consumption expenditure;PT;Portugal;2005;2005;104.854
A;Annual;PC_EU27_2020_HAB_MEUR_CP;Percentage of EU27 (from 2020) total per capita (based on million euro, EU27 from 2020), current prices;P3_S13;Final consumption expenditure of general government;PT;Portugal;2005;2005;106.098
A;Annual;PC_EU27_2020_HAB_MPPS_CP;Percentage of EU27 (from 2020) total per capita (based on million purchasing power standards, EU27 from 2020), current prices;P3_S13;Final consumption expenditure of general government;PT;Portugal;2005;2005;107.2
A;Annual;CP_EUR_HAB;Current prices, euro per capita;P3_S13;Final consumption expenditure of general government;PT;Portugal;2005;2005;108.816
A;Annual;CP_NAC_HAB;Current prices, units of national currency per capita;P3_S13;Final consumption expenditure of general government;PT;Portugal;2005;2005;109.268
A;Annual;CP_PPS_EU27_2020_HAB;Current prices, purchasing power standard (PPS, EU27 from 2020) per capita;P3_S13;Final consumption expenditure of general government;PT;Portugal;2005;2005;115.395
A;Annual;CLV_I20_HAB;Chain linked volumes, Index 2020=100, per capita;P3_S13;Final consumption expenditure of general government;PT;Portugal;2005;2005;116.632
A;Annual;CLV_I15_HAB;Chain linked volumes, Index 2015=100, per capita;P3_S13;Final consumption expenditure of general government;PT;Portugal;2005;2005;116.98
A;Annual;CLV_I10_HAB;Chain linked volumes, Index 2010=100, per capita;P3_S13;Final consumption expenditure of general government;PT;Portugal;2005;2005;119.039
A;Annual;CLV20_EUR_HAB;Chain linked volumes (2020), euro per capita;P3_S13;Final consumption expenditure of general government;PT;Portugal;2005;2005;
A;Annual;CLV15_EUR_HAB;Chain linked volumes (2015), euro per capita;P3_S13;Final consumption expenditure of general government;PT;Portugal;2005;2005;
A;Annual;CLV10_EUR_HAB;Chain linked volumes (2010), euro per capita;P3_S13;Final consumption expenditure of general government;PT;Portugal;2005;2005;
A;Annual;CLV_PCH_PRE_HAB;Chain linked volumes, percentage change on previous period, per capita;P3_S13;Final consumption expenditure of general government;PT;Portugal;2005;2005;
A;Annual;PC_EU27_2020_HAB_MEUR_CP;Percentage of EU27 (from 2020) total per capita (based on million euro, EU27 from 2020), current prices;P31_S13;Individual consumption expenditure of general government;PT;Portugal;2005;2005;
A;Annual;PC_EU27_2020_HAB_MPPS_CP;Percentage of EU27 (from 2020) total per capita (based on million purchasing power standards, EU27 from 2020), current prices;P31_S13;Individual consumption expenditure of general government;PT;Portugal;2005;2005;
A;Annual;CP_EUR_HAB;Current prices, euro per capita;P31_S13;Individual consumption expenditure of general government;PT;Portugal;2005;2005;
A;Annual;CP_NAC_HAB;Current prices, units of national currency per capita;P31_S13;Individual consumption expenditure of general government;PT;Portugal;2005;2005;
A;Annual;CP_PPS_EU27_2020_HAB;Current prices, purchasing power standard (PPS, EU27 from 2020) per capita;P31_S13;Individual consumption expenditure of general government;PT;Portugal;2005;2005;
A;Annual;CLV_I20_HAB;Chain linked volumes, Index 2020=100, per capita;P31_S13;Individual consumption expenditure of general government;PT;Portugal;2005;2005;
A;Annual;CLV_I15_HAB;Chain linked volumes, Index 2015=100, per capita;P31_S13;Individual consumption expenditure of general government;PT;Portugal;2005;2005;
A;Annual;CLV_I10_HAB;Chain linked volumes, Index 2010=100, per capita;P31_S13;Individual consumption expenditure of general government;PT;Portugal;2005;2005;
A;Annual;CLV20_EUR_HAB;Chain linked volumes (2020), euro per capita;P31_S13;Individual consumption expenditure of general government;PT;Portugal;2005;2005;
A;Annual;CLV15_EUR_HAB;Chain linked volumes (2015), euro per capita;P31_S13;Individual consumption expenditure of general government;PT;Portugal;2005;2005;
A;Annual;CLV10_EUR_HAB;Chain linked volumes (2010), euro per capita;P31_S13;Individual consumption expenditure of general government;PT;Portugal;2005;2005;
A;Annual;CLV_PCH_PRE_HAB;Chain linked volumes, percentage change on previous period, per capita;P31_S13;Individual consumption expenditure of general government;PT;Portugal;2005;2005;
A;Annual;PC_EU27_2020_HAB_MEUR_CP;Percentage of EU27 (from 2020) total per capita (based on million euro, EU27 from 2020), current prices;P32_S13;Collective consumption expenditure of general government;PT;Portugal;2005;2005;
A;Annual;PC_EU27_2020_HAB_MPPS_CP;Percentage of EU27 (from 2020) total per capita (based on million purchasing power standards, EU27 from 2020), current prices;P32_S13;Collective consumption expenditure of general government;PT;Portugal;2005;2005;
A;Annual;CP_EUR_HAB;Current prices, euro per capita;P32_S13;Collective consumption expenditure of general government;PT;Portugal;2005;2005;
A;Annual;CP_NAC_HAB;Current prices, units of national currency per capita;P32_S13;Collective consumption expenditure of general government;PT;Portugal;2005;2005;
A;Annual;CP_PPS_EU27_2020_HAB;Current prices, purchasing power standard (PPS, EU27 from 2020) per capita;P32_S13;Collective consumption expenditure of general government;PT;Portugal;2005;2005;77.879
A;Annual;CLV_I20_HAB;Chain linked volumes, Index 2020=100, per capita;P32_S13;Collective consumption expenditure of general government;PT;Portugal;2005;2005;79.389
A;Annual;CLV_I15_HAB;Chain linked volumes, Index 2015=100, per capita;P32_S13;Collective consumption expenditure of general government;PT;Portugal;2005;2005;80.46
A;Annual;CLV_I10_HAB;Chain linked volumes, Index 2010=100, per capita;P32_S13;Collective consumption expenditure of general government;PT;Portugal;2005;2005;82.194
A;Annual;CLV20_EUR_HAB;Chain linked volumes (2020), euro per capita;P32_S13;Collective consumption expenditure of general government;PT;Portugal;2005;2005;83.271
A;Annual;CLV15_EUR_HAB;Chain linked volumes (2015), euro per capita;P32_S13;Collective consumption expenditure of general government;PT;Portugal;2005;2005;84.677
A;Annual;CLV10_EUR_HAB;Chain linked volumes (2010), euro per capita;P32_S13;Collective consumption expenditure of general government;PT;Portugal;2005;2005;86.31
A;Annual;CLV_PCH_PRE_HAB;Chain linked volumes, percentage change on previous period, per capita;P32_S13;Collective consumption expenditure of general government;PT;Portugal;2005;2005;88.06
A;Annual;PC_EU27_2020_HAB_MEUR_CP;Percentage of EU27 (from 2020) total per capita (based on million euro, EU27 from 2020), current prices;P31_S14_S15;Household and NPISH final consumption expenditure;PT;Portugal;2005;2005;89.588
A;Annual;PC_EU27_2020_HAB_MPPS_CP;Percentage of EU27 (from 2020) total per capita (based on million purchasing power standards, EU27 from 2020), current prices;P31_S14_S15;Household and NPISH final consumption expenditure;PT;Portugal;2005;2005;90.433
A;Annual;CP_EUR_HAB;Current prices, euro per capita;P31_S14_S15;Household and NPISH final consumption expenditure;PT;Portugal;2005;2005;92.034
A;Annual;CP_NAC_HAB;Current prices, units of national currency per capita;P31_S14_S15;Household and NPISH final consumption expenditure;PT;Portugal;2005;2005;93.712
A;Annual;CP_PPS_EU27_2020_HAB;Current prices, purchasing power standard (PPS, EU27 from 2020) per capita;P31_S14_S15;Household and NPISH final consumption expenditure;PT;Portugal;2005;2005;95.534
A;Annual;CLV_I20_HAB;Chain linked volumes, Index 2020=100, per capita;P31_S14_S15;Household and NPISH final consumption expenditure;PT;Portugal;2005;2005;97.175
A;Annual;CLV_I15_HAB;Chain linked volumes, Index 2015=100, per capita;P31_S14_S15;Household and NPISH final consumption expenditure;PT;Portugal;2005;2005;99.287
A;Annual;CLV_I10_HAB;Chain linked volumes, Index 2010=100, per capita;P31_S14_S15;Household and NPISH final consumption expenditure;PT;Portugal;2005;2005;100.0
A;Annual;CLV20_EUR_HAB;Chain linked volumes (2020), euro per capita;P31_S14_S15;Household and NPISH final consumption expenditure;PT;Portugal;2005;2005;100.001
A;Annual;CLV15_EUR_HAB;Chain linked volumes (2015), euro per capita;P31_S14_S15;Household and NPISH final consumption expenditure;PT;Portugal;2005;2005;99.505
A;Annual;CLV10_EUR_HAB;Chain linked volumes (2010), euro per capita;P31_S14_S15;Household and NPISH final consumption expenditure;PT;Portugal;2005;2005;99.552
A;Annual;CLV_PCH_PRE_HAB;Chain linked volumes, percentage change on previous period, per capita;P31_S14_S15;Household and NPISH final consumption expenditure;PT;Portugal;2005;2005;100.712
A;Annual;PC_EU27_2020_HAB_MEUR_CP;Percentage of EU27 (from 2020) total per capita (based on million euro, EU27 from 2020), current prices;P31_S14;Final consumption expenditure of households;PT;Portugal;2005;2005;102.5
A;Annual;PC_EU27_2020_HAB_MPPS_CP;Percentage of EU27 (from 2020) total per capita (based on million purchasing power standards, EU27 from 2020), current prices;P31_S14;Final consumption expenditure of households;PT;Portugal;2005;2005;104.707
A;Annual;CP_EUR_HAB;Current prices, euro per capita;P31_S14;Final consumption expenditure of households;PT;Portugal;2005;2005;105.925
A;Annual;CP_NAC_HAB;Current prices, units of national currency per capita;P31_S14;Final consumption expenditure of households;PT;Portugal;2005;2005;106.994
A;Annual;CP_PPS_EU27_2020_HAB;Current prices, purchasing power standard (PPS, EU27 from 2020) per capita;P31_S14;Final consumption expenditure of households;PT;Portugal;2005;2005;108.554
A;Annual;CLV_I20_HAB;Chain linked volumes, Index 2020=100, per capita;P31_S14;Final consumption expenditure of households;PT;Portugal;2005;2005;108.977
A;Annual;CLV_I15_HAB;Chain linked volumes, Index 2015=100, per capita;P31_S14;Final consumption expenditure of households;PT;Portugal;2005;2005;115.059
A;Annual;CLV_I10_HAB;Chain linked volumes, Index 2010=100, per capita;P31_S14;Final consumption expenditure of households;PT;Portugal;2005;2005;116.284
A;Annual;CLV20_EUR_HAB;Chain linked volumes (2020), euro per capita;P31_S14;Final consumption expenditure of households;PT;Portugal;2005;2005;116.655
A;Annual;CLV15_EUR_HAB;Chain linked volumes (2015), euro per capita;P31_S14;Final consumption expenditure of households;PT;Portugal;2005;2005;118.675
A;Annual;CLV10_EUR_HAB;Chain linked volumes (2010), euro per capita;P31_S14;Final consumption expenditure of households;PT;Portugal;2005;2005;
A;Annual;CLV_PCH_PRE_HAB;Chain linked volumes, percentage change on previous period, per capita;P31_S14;Final consumption expenditure of households;PT;Portugal;2005;2005;
A;Annual;PC_EU27_2020_HAB_MEUR_CP;Percentage of EU27 (from 2020) total per capita (based on million euro, EU27 from 2020), current prices;P31_S15;Final consumption expenditure of NPISH;PT;Portugal;2005;2005;
A;Annual;PC_EU27_2020_HAB_MPPS_CP;Percentage of EU27 (from 2020) total per capita (based on million purchasing power standards, EU27 from 2020), current prices;P31_S15;Final consumption expenditure of NPISH;PT;Portugal;2005;2005;
A;Annual;CP_EUR_HAB;Current prices, euro per capita;P31_S15;Final consumption expenditure of NPISH;PT;Portugal;2005;2005;
A;Annual;CP_NAC_HAB;Current prices, units of national currency per capita;P31_S15;Final consumption expenditure of NPISH;PT;Portugal;2005;2005;
A;Annual;CP_PPS_EU27_2020_HAB;Current prices, purchasing power standard (PPS, EU27 from 2020) per capita;P31_S15;Final consumption expenditure of NPISH;PT;Portugal;2005;2005;
A;Annual;CLV_I20_HAB;Chain linked volumes, Index 2020=100, per capita;P31_S15;Final consumption expenditure of NPISH;PT;Portugal;2005;2005;
A;Annual;CLV_I15_HAB;Chain linked volumes, Index 2015=100, per capita;P31_S15;Final consumption expenditure of NPISH;PT;Portugal;2005;2005;
A;Annual;CLV_I10_HAB;Chain linked volumes, Index 2010=100, per capita;P31_S15;Final consumption expenditure of NPISH;PT;Portugal;2005;2005;
A;Annual;CLV20_EUR_HAB;Chain linked volumes (2020), euro per capita;P31_S15;Final consumption expenditure of NPISH;PT;Portugal;2005;2005;
A;Annual;CLV15_EUR_HAB;Chain linked volumes (2015), euro per capita;P31_S15;Final consumption expenditure of NPISH;PT;Portugal;2005;2005;
A;Annual;CLV10_EUR_HAB;Chain linked volumes (2010), euro per capita;P31_S15;Final consumption expenditure of NPISH;PT;Portugal;2005;2005;
A;Annual;CLV_PCH_PRE_HAB;Chain linked volumes, percentage change on previous period, per capita;P31_S15;Final consumption expenditure of NPISH;PT;Portugal;2005;2005;
A;Annual;PC_EU27_2020_HAB_MEUR_CP;Percentage of EU27 (from 2020) total per capita (based on million euro, EU27 from 2020), current prices;P41;Actual individual consumption;PT;Portugal;2005;2005;
A;Annual;PC_EU27_2020_HAB_MPPS_CP;Percentage of EU27 (from 2020) total per capita (based on million purchasing power standards, EU27 from 2020), current prices;P41;Actual individual consumption;PT;Portugal;2005;2005;
A;Annual;CP_EUR_HAB;Current prices, euro per capita;P41;Actual individual consumption;PT;Portugal;2005;2005;
A;Annual;CP_NAC_HAB;Current prices, units of national currency per capita;P41;Actual individual consumption;PT;Portugal;2005;2005;
A;Annual;CP_PPS_EU27_2020_HAB;Current prices, purchasing power standard (PPS, EU27 from 2020) per capita;P41;Actual individual consumption;PT;Portugal;2005;2005;
A;Annual;CLV_I20_HAB;Chain linked volumes, Index 2020=100, per capita;P41;Actual individual consumption;PT;Portugal;2005;2005;
A;Annual;CLV_I15_HAB;Chain linked volumes, Index 2015=100, per capita;P41;Actual individual consumption;PT;Portugal;2005;2005;81.448
A;Annual;CLV_I10_HAB;Chain linked volumes, Index 2010=100, per capita;P41;Actual individual consumption;PT;Portugal;2005;2005;83.894
A;Annual;CLV20_EUR_HAB;Chain linked volumes (2020), euro per capita;P41;Actual individual consumption;PT;Portugal;2005;2005;84.785
A;Annual;CLV15_EUR_HAB;Chain linked volumes (2015), euro per capita;P41;Actual individual consumption;PT;Portugal;2005;2005;86.705
A;Annual;CLV10_EUR_HAB;Chain linked volumes (2010), euro per capita;P41;Actual individual consumption;PT;Portugal;2005;2005;87.373
A;Annual;CLV_PCH_PRE_HAB;Chain linked volumes, percentage change on previous period, per capita;P41;Actual individual consumption;PT;Portugal;2005;2005;88.457
A;Annual;PC_EU27_2020_HAB_MEUR_CP;Percentage of EU27 (from 2020) total per capita (based on million euro, EU27 from 2020), current prices;B1GQ;Gross domestic product at market prices;PT;Portugal;2006;2006;43.887
A;Annual;PC_EU27_2020_HAB_MPPS_CP;Percentage of EU27 (from 2020) total per capita (based on million purchasing power standards, EU27 from 2020), current prices;B1GQ;Gross domestic product at market prices;PT;Portugal;2006;2006;48.965
A;Annual;CP_EUR_HAB;Current prices, euro per capita;B1GQ;Gross domestic product at market prices;PT;Portugal;2006;2006;56.212
A;Annual;CP_NAC_HAB;Current prices, units of national currency per capita;B1GQ;Gross domestic product at market prices;PT;Portugal;2006;2006;58.772
A;Annual;CP_PPS_EU27_2020_HAB;Current prices, purchasing power standard (PPS, EU27 from 2020) per capita;B1GQ;Gross domestic product at market prices;PT;Portugal;2006;2006;59.592
A;Annual;CLV_I20_HAB;Chain linked volumes, Index 2020=100, per capita;B1GQ;Gross domestic product at market prices;PT;Portugal;2006;2006;62.78
A;Annual;CLV_I15_HAB;Chain linked volumes, Index 2015=100, per capita;B1GQ;Gross domestic product at market prices;PT;Portugal;2006;2006;67.556
A;Annual;CLV_I10_HAB;Chain linked volumes, Index 2010=100, per capita;B1GQ;Gross domestic product at market prices;PT;Portugal;2006;2006;74.571
A;Annual;CLV20_EUR_HAB;Chain linked volumes (2020), euro per capita;B1GQ;Gross domestic product at market prices;PT;Portugal;2006;2006;82.307
A;Annual;CLV15_EUR_HAB;Chain linked volumes (2015), euro per capita;B1GQ;Gross domestic product at market prices;PT;Portugal;2006;2006;89.584
A;Annual;CLV10_EUR_HAB;Chain linked volumes (2010), euro per capita;B1GQ;Gross domestic product at market prices;PT;Portugal;2006;2006;98.834
A;Annual;CLV_PCH_PRE_HAB;Chain linked volumes, percentage change on previous period, per capita;B1GQ;Gross domestic product at market prices;PT;Portugal;2006;2006;112.236
A;Annual;PC_EU27_2020_HAB_MEUR_CP;Percentage of EU27 (from 2020) total per capita (based on million euro, EU27 from 2020), current prices;P3;Final consumption expenditure;PT;Portugal;2006;2006;122.406
A;Annual;PC_EU27_2020_HAB_MPPS_CP;Percentage of EU27 (from 2020) total per capita (based on million purchasing power standards, EU27 from 2020), current prices;P3;Final consumption expenditure;PT;Portugal;2006;2006;117.253
A;Annual;CP_EUR_HAB;Current prices, euro per capita;P3;Final consumption expenditure;PT;Portugal;2006;2006;101.104
A;Annual;CP_NAC_HAB;Current prices, units of national currency per capita;P3;Final consumption expenditure;PT;Portugal;2006;2006;100.0
A;Annual;CP_PPS_EU27_2020_HAB;Current prices, purchasing power standard (PPS, EU27 from 2020) per capita;P3;Final consumption expenditure;PT;Portugal;2006;2006;104.015
A;Annual;CLV_I20_HAB;Chain linked volumes, Index 2020=100, per capita;P3;Final consumption expenditure;PT;Portugal;2006;2006;109.896
A;Annual;CLV_I15_HAB;Chain linked volumes, Index 2015=100, per capita;P3;Final consumption expenditure;PT;Portugal;2006;2006;115.098
A;Annual;CLV_I10_HAB;Chain linked volumes, Index 2010=100, per capita;P3;Final consumption expenditure;PT;Portugal;2006;2006;120.331
A;Annual;CLV20_EUR_HAB;Chain linked volumes (2020), euro per capita;P3;Final consumption expenditure;PT;Portugal;2006;2006;126.259
A;Annual;CLV15_EUR_HAB;Chain linked volumes (2015), euro per capita;P3;Final consumption expenditure;PT;Portugal;2006;2006;131.408
A;Annual;CLV10_EUR_HAB;Chain linked volumes (2010), euro per capita;P3;Final consumption expenditure;PT;Portugal;2006;2006;134.411
A;Annual;CLV_PCH_PRE_HAB;Chain linked volumes, percentage change on previous period, per capita;P3;Final consumption expenditure;PT;Portugal;2006;2006;140.223
A;Annual;PC_EU27_2020_HAB_MEUR_CP;Percentage of EU27 (from 2020) total per capita (based on million euro, EU27 from 2020), current prices;P3_S13;Final consumption expenditure of general government;PT;Portugal;2006;2006;145.589
A;Annual;PC_EU27_2020_HAB_MPPS_CP;Percentage of EU27 (from 2020) total per capita (based on million purchasing power standards, EU27 from 2020), current prices;P3_S13;Final consumption expenditure of general government;PT;Portugal;2006;2006;143.928
A;Annual;CP_EUR_HAB;Current prices, euro per capita;P3_S13;Final consumption expenditure of general government;PT;Portugal;2006;2006;154.118
A;Annual;CP_NAC_HAB;Current prices, units of national currency per capita;P3_S13;Final consumption expenditure of general government;PT;Portugal;2006;2006;158.4
A;Annual;CP_PPS_EU27_2020_HAB;Current prices, purchasing power standard (PPS, EU27 from 2020) per capita;P3_S13;Final consumption expenditure of general government;PT;Portugal;2006;2006;152.375
A;Annual;CLV_I20_HAB;Chain linked volumes, Index 2020=100, per capita;P3_S13;Final consumption expenditure of general government;PT;Portugal;2006;2006;151.543
A;Annual;CLV_I15_HAB;Chain linked volumes, Index 2015=100, per capita;P3_S13;Final consumption expenditure of general government;PT;Portugal;2006;2006;
A;Annual;CLV_I10_HAB;Chain linked volumes, Index 2010=100, per capita;P3_S13;Final consumption expenditure of general government;PT;Portugal;2006;2006;
A;Annual;CLV20_EUR_HAB;Chain linked volumes (2020), euro per capita;P3_S13;Final consumption expenditure of general government;PT;Portugal;2006;2006;
A;Annual;CLV15_EUR_HAB;Chain linked volumes (2015), euro per capita;P3_S13;Final consumption expenditure of general government;PT;Portugal;2006;2006;
A;Annual;CLV10_EUR_HAB;Chain linked volumes (2010), euro per capita;P3_S13;Final consumption expenditure of general government;PT;Portugal;2006;2006;
A;Annual;CLV_PCH_PRE_HAB;Chain linked volumes, percentage change on previous period, per capita;P3_S13;Final consumption expenditure of general government;PT;Portugal;2006;2006;
A;Annual;PC_EU27_2020_HAB_MEUR_CP;Percentage of EU27 (from 2020) total per capita (based on million euro, EU27 from 2020), current prices;P31_S13;Individual consumption expenditure of general government;PT;Portugal;2006;2006;
A;Annual;PC_EU27_2020_HAB_MPPS_CP;Percentage of EU27 (from 2020) total per capita (based on million purchasing power standards, EU27 from 2020), current prices;P31_S13;Individual consumption expenditure of general government;PT;Portugal;2006;2006;
A;Annual;CP_EUR_HAB;Current prices, euro per capita;P31_S13;Individual consumption expenditure of general government;PT;Portugal;2006;2006;
A;Annual;CP_NAC_HAB;Current prices, units of national currency per capita;P31_S13;Individual consumption expenditure of general government;PT;Portugal;2006;2006;
A;Annual;CP_PPS_EU27_2020_HAB;Current prices, purchasing power standard (PPS, EU27 from 2020) per capita;P31_S13;Individual consumption expenditure of general government;PT;Portugal;2006;2006;
A;Annual;CLV_I20_HAB;Chain linked volumes, Index 2020=100, per capita;P31_S13;Individual consumption expenditure of general government;PT;Portugal;2006;2006;
A;Annual;CLV_I15_HAB;Chain linked volumes, Index 2015=100, per capita;P31_S13;Individual consumption expenditure of general government;PT;Portugal;2006;2006;
A;Annual;CLV_I10_HAB;Chain linked volumes, Index 2010=100, per capita;P31_S13;Individual consumption expenditure of general government;PT;Portugal;2006;2006;
A;Annual;CLV20_EUR_HAB;Chain linked volumes (2020), euro per capita;P31_S13;Individual consumption expenditure of general government;PT;Portugal;2006;2006;
A;Annual;CLV15_EUR_HAB;Chain linked volumes (2015), euro per capita;P31_S13;Individual consumption expenditure of general government;PT;Portugal;2006;2006;
A;Annual;CLV10_EUR_HAB;Chain linked volumes (2010), euro per capita;P31_S13;Individual consumption expenditure of general government;PT;Portugal;2006;2006;
A;Annual;CLV_PCH_PRE_HAB;Chain linked volumes, percentage change on previous period, per capita;P31_S13;Individual consumption expenditure of general government;PT;Portugal;2006;2006;
A;Annual;PC_EU27_2020_HAB_MEUR_CP;Percentage of EU27 (from 2020) total per capita (based on million euro, EU27 from 2020), current prices;P32_S13;Collective consumption expenditure of general government;PT;Portugal;2006;2006;
A;Annual;PC_EU27_2020_HAB_MPPS_CP;Percentage of EU27 (from 2020) total per capita (based on million purchasing power standards, EU27 from 2020), current prices;P32_S13;Collective consumption expenditure of general government;PT;Portugal;2006;2006;
A;Annual;CP_EUR_HAB;Current prices, euro per capita;P32_S13;Collective consumption expenditure of general government;PT;Portugal;2006;2006;63.482
A;Annual;CP_NAC_HAB;Current prices, units of national currency per capita;P32_S13;Collective consumption expenditure of general government;PT;Portugal;2006;2006;67.378
A;Annual;CP_PPS_EU27_2020_HAB;Current prices, purchasing power standard (PPS, EU27 from 2020) per capita;P32_S13;Collective consumption expenditure of general government;PT;Portugal;2006;2006;71.259
A;Annual;CLV_I20_HAB;Chain linked volumes, Index 2020=100, per capita;P32_S13;Collective consumption expenditure of general government;PT;Portugal;2006;2006;75.882
A;Annual;CLV_I15_HAB;Chain linked volumes, Index 2015=100, per capita;P32_S13;Collective consumption expenditure of general government;PT;Portugal;2006;2006;82.181
A;Annual;CLV_I10_HAB;Chain linked volumes, Index 2010=100, per capita;P32_S13;Collective consumption expenditure of general government;PT;Portugal;2006;2006;89.544
A;Annual;CLV20_EUR_HAB;Chain linked volumes (2020), euro per capita;P32_S13;Collective consumption expenditure of general government;PT;Portugal;2006;2006;92.338
A;Annual;CLV15_EUR_HAB;Chain linked volumes (2015), euro per capita;P32_S13;Collective consumption expenditure of general government;PT;Portugal;2006;2006;94.039
A;Annual;CLV10_EUR_HAB;Chain linked volumes (2010), euro per capita;P32_S13;Collective consumption expenditure of general government;PT;Portugal;2006;2006;95.089
A;Annual;CLV_PCH_PRE_HAB;Chain linked volumes, percentage change on previous period, per capita;P32_S13;Collective consumption expenditure of general government;PT;Portugal;2006;2006;97.011
A;Annual;PC_EU27_2020_HAB_MEUR_CP;Percentage of EU27 (from 2020) total per capita (based on million euro, EU27 from 2020), current prices;P31_S14_S15;Household and NPISH final consumption expenditure;PT;Portugal;2006;2006;101.512
A;Annual;PC_EU27_2020_HAB_MPPS_CP;Percentage of EU27 (from 2020) total per capita (based on million purchasing power standards, EU27 from 2020), current prices;P31_S14_S15;Household and NPISH final consumption expenditure;PT;Portugal;2006;2006;105.219
A;Annual;CP_EUR_HAB;Current prices, euro per capita;P31_S14_S15;Household and NPISH final consumption expenditure;PT;Portugal;2006;2006;108.916
A;Annual;CP_NAC_HAB;Current prices, units of national currency per capita;P31_S14_S15;Household and NPISH final consumption expenditure;PT;Portugal;2006;2006;106.798
A;Annual;CP_PPS_EU27_2020_HAB;Current prices, purchasing power standard (PPS, EU27 from 2020) per capita;P31_S14_S15;Household and NPISH final consumption expenditure;PT;Portugal;2006;2006;100.151
A;Annual;CLV_I20_HAB;Chain linked volumes, Index 2020=100, per capita;P31_S14_S15;Household and NPISH final consumption expenditure;PT;Portugal;2006;2006;100.0
A;Annual;CLV_I15_HAB;Chain linked volumes, Index 2015=100, per capita;P31_S14_S15;Household and NPISH final consumption expenditure;PT;Portugal;2006;2006;98.072
A;Annual;CLV_I10_HAB;Chain linked volumes, Index 2010=100, per capita;P31_S14_S15;Household and NPISH final consumption expenditure;PT;Portugal;2006;2006;96.635
A;Annual;CLV20_EUR_HAB;Chain linked volumes (2020), euro per capita;P31_S14_S15;Household and NPISH final consumption expenditure;PT;Portugal;2006;2006;96.105
A;Annual;CLV15_EUR_HAB;Chain linked volumes (2015), euro per capita;P31_S14_S15;Household and NPISH final consumption expenditure;PT;Portugal;2006;2006;97.817
A;Annual;CLV10_EUR_HAB;Chain linked volumes (2010), euro per capita;P31_S14_S15;Household and NPISH final consumption expenditure;PT;Portugal;2006;2006;100.002
A;Annual;CLV_PCH_PRE_HAB;Chain linked volumes, percentage change on previous period, per capita;P31_S14_S15;Household and NPISH final consumption expenditure;PT;Portugal;2006;2006;103.042
A;Annual;PC_EU27_2020_HAB_MEUR_CP;Percentage of EU27 (from 2020) total per capita (based on million euro, EU27 from 2020), current prices;P31_S14;Final consumption expenditure of households;PT;Portugal;2006;2006;105.038
A;Annual;PC_EU27_2020_HAB_MPPS_CP;Percentage of EU27 (from 2020) total per capita (based on million purchasing power standards, EU27 from 2020), current prices;P31_S14;Final consumption expenditure of households;PT;Portugal;2006;2006;109.221
A;Annual;CP_EUR_HAB;Current prices, euro per capita;P31_S14;Final consumption expenditure of households;PT;Portugal;2006;2006;110.488
A;Annual;CP_NAC_HAB;Current prices, units of national currency per capita;P31_S14;Final consumption expenditure of households;PT;Portugal;2006;2006;97.91
A;Annual;CP_PPS_EU27_2020_HAB;Current prices, purchasing power standard (PPS, EU27 from 2020) per capita;P31_S14;Final consumption expenditure of households;PT;Portugal;2006;2006;105.492
A;Annual;CLV_I20_HAB;Chain linked volumes, Index 2020=100, per capita;P31_S14;Final consumption expenditure of households;PT;Portugal;2006;2006;114.465
A;Annual;CLV_I15_HAB;Chain linked volumes, Index 2015=100, per capita;P31_S14;Final consumption expenditure of households;PT;Portugal;2006;2006;117.309
A;Annual;CLV_I10_HAB;Chain linked volumes, Index 2010=100, per capita;P31_S14;Final consumption expenditure of households;PT;Portugal;2006;2006;118.82
A;Annual;CLV20_EUR_HAB;Chain linked volumes (2020), euro per capita;P31_S14;Final consumption expenditure of households;PT;Portugal;2006;2006;
A;Annual;CLV15_EUR_HAB;Chain linked volumes (2015), euro per capita;P31_S14;Final consumption expenditure of households;PT;Portugal;2006;2006;
A;Annual;CLV10_EUR_HAB;Chain linked volumes (2010), euro per capita;P31_S14;Final consumption expenditure of households;PT;Portugal;2006;2006;
A;Annual;CLV_PCH_PRE_HAB;Chain linked volumes, percentage change on previous period, per capita;P31_S14;Final consumption expenditure of households;PT;Portugal;2006;2006;
A;Annual;PC_EU27_2020_HAB_MEUR_CP;Percentage of EU27 (from 2020) total per capita (based on million euro, EU27 from 2020), current prices;P31_S15;Final consumption expenditure of NPISH;PT;Portugal;2006;2006;
A;Annual;PC_EU27_2020_HAB_MPPS_CP;Percentage of EU27 (from 2020) total per capita (based on million purchasing power standards, EU27 from 2020), current prices;P31_S15;Final consumption expenditure of NPISH;PT;Portugal;2006;2006;
A;Annual;CP_EUR_HAB;Current prices, euro per capita;P31_S15;Final consumption expenditure of NPISH;PT;Portugal;2006;2006;
A;Annual;CP_NAC_HAB;Current prices, units of national currency per capita;P31_S15;Final consumption expenditure of NPISH;PT;Portugal;2006;2006;
A;Annual;CP_PPS_EU27_2020_HAB;Current prices, purchasing power standard (PPS, EU27 from 2020) per capita;P31_S15;Final consumption expenditure of NPISH;PT;Portugal;2006;2006;
A;Annual;CLV_I20_HAB;Chain linked volumes, Index 2020=100, per capita;P31_S15;Final consumption expenditure of NPISH;PT;Portugal;2006;2006;
A;Annual;CLV_I15_HAB;Chain linked volumes, Index 2015=100, per capita;P31_S15;Final consumption expenditure of NPISH;PT;Portugal;2006;2006;
A;Annual;CLV_I10_HAB;Chain linked volumes, Index 2010=100, per capita;P31_S15;Final consumption expenditure of NPISH;PT;Portugal;2006;2006;
A;Annual;CLV20_EUR_HAB;Chain linked volumes (2020), euro per capita;P31_S15;Final consumption expenditure of NPISH;PT;Portugal;2006;2006;
A;Annual;CLV15_EUR_HAB;Chain linked volumes (2015), euro per capita;P31_S15;Final consumption expenditure of NPISH;PT;Portugal;2006;2006;
A;Annual;CLV10_EUR_HAB;Chain linked volumes (2010), euro per capita;P31_S15;Final consumption expenditure of NPISH;PT;Portugal;2006;2006;
A;Annual;CLV_PCH_PRE_HAB;Chain linked volumes, percentage change on previous period, per capita;P31_S15;Final consumption expenditure of NPISH;PT;Portugal;2006;2006;
A;Annual;PC_EU27_2020_HAB_MEUR_CP;Percentage of EU27 (from 2020) total per capita (based on million euro, EU27 from 2020), current prices;P41;Actual individual consumption;PT;Portugal;2006;2006;
A;Annual;PC_EU27_2020_HAB_MPPS_CP;Percentage of EU27 (from 2020) total per capita (based on million purchasing power standards, EU27 from 2020), current prices;P41;Actual individual consumption;PT;Portugal;2006;2006;
A;Annual;CP_EUR_HAB;Current prices, euro per capita;P41;Actual individual consumption;PT;Portugal;2006;2006;
A;Annual;CP_NAC_HAB;Current prices, units of national currency per capita;P41;Actual individual consumption;PT;Portugal;2006;2006;
A;Annual;CP_PPS_EU27_2020_HAB;Current prices, purchasing power standard (PPS, EU27 from 2020) per capita;P41;Actual individual consumption;PT;Portugal;2006;2006;74.553
A;Annual;CLV_I20_HAB;Chain linked volumes, Index 2020=100, per capita;P41;Actual individual consumption;PT;Portugal;2006;2006;74.703
A;Annual;CLV_I15_HAB;Chain linked volumes, Index 2015=100, per capita;P41;Actual individual consumption;PT;Portugal;2006;2006;76.42
A;Annual;CLV_I10_HAB;Chain linked volumes, Index 2010=100, per capita;P41;Actual individual consumption;PT;Portugal;2006;2006;79.511
A;Annual;CLV20_EUR_HAB;Chain linked volumes (2020), euro per capita;P41;Actual individual consumption;PT;Portugal;2006;2006;81.762
A;Annual;CLV15_EUR_HAB;Chain linked volumes (2015), euro per capita;P41;Actual individual consumption;PT;Portugal;2006;2006;81.755
A;Annual;CLV10_EUR_HAB;Chain linked volumes (2010), euro per capita;P41;Actual individual consumption;PT;Portugal;2006;2006;85.714
A;Annual;CLV_PCH_PRE_HAB;Chain linked volumes, percentage change on previous period, per capita;P41;Actual individual consumption;PT;Portugal;2006;2006;90.415
A;Annual;PC_EU27_2020_HAB_MEUR_CP;Percentage of EU27 (from 2020) total per capita (based on million euro, EU27 from 2020), current prices;B1GQ;Gross domestic product at market prices;PT;Portugal;2007;2007;113.702
A;Annual;PC_EU27_2020_HAB_MPPS_CP;Percentage of EU27 (from 2020) total per capita (based on million purchasing power standards, EU27 from 2020), current prices;B1GQ;Gross domestic product at market prices;PT;Portugal;2007;2007;106.501
A;Annual;CP_EUR_HAB;Current prices, euro per capita;B1GQ;Gross domestic product at market prices;PT;Portugal;2007;2007;107.872
A;Annual;CP_NAC_HAB;Current prices, units of national currency per capita;B1GQ;Gross domestic product at market prices;PT;Portugal;2007;2007;102.662
A;Annual;CP_PPS_EU27_2020_HAB;Current prices, purchasing power standard (PPS, EU27 from 2020) per capita;B1GQ;Gross domestic product at market prices;PT;Portugal;2007;2007;106.535
A;Annual;CLV_I20_HAB;Chain linked volumes, Index 2020=100, per capita;B1GQ;Gross domestic product at market prices;PT;Portugal;2007;2007;105.845
A;Annual;CLV_I15_HAB;Chain linked volumes, Index 2015=100, per capita;B1GQ;Gross domestic product at market prices;PT;Portugal;2007;2007;94.596
A;Annual;CLV_I10_HAB;Chain linked volumes, Index 2010=100, per capita;B1GQ;Gross domestic product at market prices;PT;Portugal;2007;2007;92.105
A;Annual;CLV20_EUR_HAB;Chain linked volumes (2020), euro per capita;B1GQ;Gross domestic product at market prices;PT;Portugal;2007;2007;94.102
A;Annual;CLV15_EUR_HAB;Chain linked volumes (2015), euro per capita;B1GQ;Gross domestic product at market prices;PT;Portugal;2007;2007;97.915
A;Annual;CLV10_EUR_HAB;Chain linked volumes (2010), euro per capita;B1GQ;Gross domestic product at market prices;PT;Portugal;2007;2007;100.138
A;Annual;CLV_PCH_PRE_HAB;Chain linked volumes, percentage change on previous period, per capita;B1GQ;Gross domestic product at market prices;PT;Portugal;2007;2007;102.066
A;Annual;PC_EU27_2020_HAB_MEUR_CP;Percentage of EU27 (from 2020) total per capita (based on million euro, EU27 from 2020), current prices;P3;Final consumption expenditure;PT;Portugal;2007;2007;94.699
A;Annual;PC_EU27_2020_HAB_MPPS_CP;Percentage of EU27 (from 2020) total per capita (based on million purchasing power standards, EU27 from 2020), current prices;P3;Final consumption expenditure;PT;Portugal;2007;2007;100.0
A;Annual;CP_EUR_HAB;Current prices, euro per capita;P3;Final consumption expenditure;PT;Portugal;2007;2007;86.399
A;Annual;CP_NAC_HAB;Current prices, units of national currency per capita;P3;Final consumption expenditure;PT;Portugal;2007;2007;91.722
A;Annual;CP_PPS_EU27_2020_HAB;Current prices, purchasing power standard (PPS, EU27 from 2020) per capita;P3;Final consumption expenditure;PT;Portugal;2007;2007;92.802
A;Annual;CLV_I20_HAB;Chain linked volumes, Index 2020=100, per capita;P3;Final consumption expenditure;PT;Portugal;2007;2007;95.357
A;Annual;CLV_I15_HAB;Chain linked volumes, Index 2015=100, per capita;P3;Final consumption expenditure;PT;Portugal;2007;2007;103.343
A;Annual;CLV_I10_HAB;Chain linked volumes, Index 2010=100, per capita;P3;Final consumption expenditure;PT;Portugal;2007;2007;109.203
A;Annual;CLV20_EUR_HAB;Chain linked volumes (2020), euro per capita;P3;Final consumption expenditure;PT;Portugal;2007;2007;113.319
A;Annual;CLV15_EUR_HAB;Chain linked volumes (2015), euro per capita;P3;Final consumption expenditure;PT;Portugal;2007;2007;116.65
A;Annual;CLV10_EUR_HAB;Chain linked volumes (2010), euro per capita;P3;Final consumption expenditure;PT;Portugal;2007;2007;122.93
A;Annual;CLV_PCH_PRE_HAB;Chain linked volumes, percentage change on previous period, per capita;P3;Final consumption expenditure;PT;Portugal;2007;2007;115.927
A;Annual;PC_EU27_2020_HAB_MEUR_CP;Percentage of EU27 (from 2020) total per capita (based on million euro, EU27 from 2020), current prices;P3_S13;Final consumption expenditure of general government;PT;Portugal;2007;2007;135.296
A;Annual;PC_EU27_2020_HAB_MPPS_CP;Percentage of EU27 (from 2020) total per capita (based on million purchasing power standards, EU27 from 2020), current prices;P3_S13;Final consumption expenditure of general government;PT;Portugal;2007;2007;134.255
A;Annual;CP_EUR_HAB;Current prices, euro per capita;P3_S13;Final consumption expenditure of general government;PT;Portugal;2007;2007;141.926
A;Annual;CP_NAC_HAB;Current prices, units of national currency per capita;P3_S13;Final consumption expenditure of general government;PT;Portugal;2007;2007;148.933
A;Annual;CP_PPS_EU27_2020_HAB;Current prices, purchasing power standard (PPS, EU27 from 2020) per capita;P3_S13;Final consumption expenditure of general government;PT;Portugal;2007;2007;
A;Annual;CLV_I20_HAB;Chain linked volumes, Index 2020=100, per capita;P3_S13;Final consumption expenditure of general government;PT;Portugal;2007;2007;
A;Annual;CLV_I15_HAB;Chain linked volumes, Index 2015=100, per capita;P3_S13;Final consumption expenditure of general government;PT;Portugal;2007;2007;
A;Annual;CLV_I10_HAB;Chain linked volumes, Index 2010=100, per capita;P3_S13;Final consumption expenditure of general government;PT;Portugal;2007;2007;
A;Annual;CLV20_EUR_HAB;Chain linked volumes (2020), euro per capita;P3_S13;Final consumption expenditure of general government;PT;Portugal;2007;2007;
A;Annual;CLV15_EUR_HAB;Chain linked volumes (2015), euro per capita;P3_S13;Final consumption expenditure of general government;PT;Portugal;2007;2007;
A;Annual;CLV10_EUR_HAB;Chain linked volumes (2010), euro per capita;P3_S13;Final consumption expenditure of general government;PT;Portugal;2007;2007;
A;Annual;CLV_PCH_PRE_HAB;Chain linked volumes, percentage change on previous period, per capita;P3_S13;Final consumption expenditure of general government;PT;Portugal;2007;2007;
A;Annual;PC_EU27_2020_HAB_MEUR_CP;Percentage of EU27 (from 2020) total per capita (based on million euro, EU27 from 2020), current prices;P31_S13;Individual consumption expenditure of general government;PT;Portugal;2007;2007;
A;Annual;PC_EU27_2020_HAB_MPPS_CP;Percentage of EU27 (from 2020) total per capita (based on million purchasing power standards, EU27 from 2020), current prices;P31_S13;Individual consumption expenditure of general government;PT;Portugal;2007;2007;
A;Annual;CP_EUR_HAB;Current prices, euro per capita;P31_S13;Individual consumption expenditure of general government;PT;Portugal;2007;2007;
A;Annual;CP_NAC_HAB;Current prices, units of national currency per capita;P31_S13;Individual consumption expenditure of general government;PT;Portugal;2007;2007;
A;Annual;CP_PPS_EU27_2020_HAB;Current prices, purchasing power standard (PPS, EU27 from 2020) per capita;P31_S13;Individual consumption expenditure of general government;PT;Portugal;2007;2007;
A;Annual;CLV_I20_HAB;Chain linked volumes, Index 2020=100, per capita;P31_S13;Individual consumption expenditure of general government;PT;Portugal;2007;2007;
A;Annual;CLV_I15_HAB;Chain linked volumes, Index 2015=100, per capita;P31_S13;Individual consumption expenditure of general government;PT;Portugal;2007;2007;
A;Annual;CLV_I10_HAB;Chain linked volumes, Index 2010=100, per capita;P31_S13;Individual consumption expenditure of general government;PT;Portugal;2007;2007;
A;Annual;CLV20_EUR_HAB;Chain linked volumes (2020), euro per capita;P31_S13;Individual consumption expenditure of general government;PT;Portugal;2007;2007;
A;Annual;CLV15_EUR_HAB;Chain linked volumes (2015), euro per capita;P31_S13;Individual consumption expenditure of general government;PT;Portugal;2007;2007;
A;Annual;CLV10_EUR_HAB;Chain linked volumes (2010), euro per capita;P31_S13;Individual consumption expenditure of general government;PT;Portugal;2007;2007;
A;Annual;CLV_PCH_PRE_HAB;Chain linked volumes, percentage change on previous period, per capita;P31_S13;Individual consumption expenditure of general government;PT;Portugal;2007;2007;
A;Annual;PC_EU27_2020_HAB_MEUR_CP;Percentage of EU27 (from 2020) total per capita (based on million euro, EU27 from 2020), current prices;P32_S13;Collective consumption expenditure of general government;PT;Portugal;2007;2007;12.453
A;Annual;PC_EU27_2020_HAB_MPPS_CP;Percentage of EU27 (from 2020) total per capita (based on million purchasing power standards, EU27 from 2020), current prices;P32_S13;Collective consumption expenditure of general government;PT;Portugal;2007;2007;19.411
A;Annual;CP_EUR_HAB;Current prices, euro per capita;P32_S13;Collective consumption expenditure of general government;PT;Portugal;2007;2007;21.134
A;Annual;CP_NAC_HAB;Current prices, units of national currency per capita;P32_S13;Collective consumption expenditure of general government;PT;Portugal;2007;2007;21.517
A;Annual;CP_PPS_EU27_2020_HAB;Current prices, purchasing power standard (PPS, EU27 from 2020) per capita;P32_S13;Collective consumption expenditure of general government;PT;Portugal;2007;2007;20.029
A;Annual;CLV_I20_HAB;Chain linked volumes, Index 2020=100, per capita;P32_S13;Collective consumption expenditure of general government;PT;Portugal;2007;2007;21.577
A;Annual;CLV_I15_HAB;Chain linked volumes, Index 2015=100, per capita;P32_S13;Collective consumption expenditure of general government;PT;Portugal;2007;2007;27.387
A;Annual;CLV_I10_HAB;Chain linked volumes, Index 2010=100, per capita;P32_S13;Collective consumption expenditure of general government;PT;Portugal;2007;2007;26.651
A;Annual;CLV20_EUR_HAB;Chain linked volumes (2020), euro per capita;P32_S13;Collective consumption expenditure of general government;PT;Portugal;2007;2007;32.799
A;Annual;CLV15_EUR_HAB;Chain linked volumes (2015), euro per capita;P32_S13;Collective consumption expenditure of general government;PT;Portugal;2007;2007;89.937
A;Annual;CLV10_EUR_HAB;Chain linked volumes (2010), euro per capita;P32_S13;Collective consumption expenditure of general government;PT;Portugal;2007;2007;115.734
A;Annual;CLV_PCH_PRE_HAB;Chain linked volumes, percentage change on previous period, per capita;P32_S13;Collective consumption expenditure of general government;PT;Portugal;2007;2007;123.036
A;Annual;PC_EU27_2020_HAB_MEUR_CP;Percentage of EU27 (from 2020) total per capita (based on million euro, EU27 from 2020), current prices;P31_S14_S15;Household and NPISH final consumption expenditure;PT;Portugal;2007;2007;117.604
A;Annual;PC_EU27_2020_HAB_MPPS_CP;Percentage of EU27 (from 2020) total per capita (based on million purchasing power standards, EU27 from 2020), current prices;P31_S14_S15;Household and NPISH final consumption expenditure;PT;Portugal;2007;2007;111.389
A;Annual;CP_EUR_HAB;Current prices, euro per capita;P31_S14_S15;Household and NPISH final consumption expenditure;PT;Portugal;2007;2007;101.95
A;Annual;CP_NAC_HAB;Current prices, units of national currency per capita;P31_S14_S15;Household and NPISH final consumption expenditure;PT;Portugal;2007;2007;100.0
A;Annual;CP_PPS_EU27_2020_HAB;Current prices, purchasing power standard (PPS, EU27 from 2020) per capita;P31_S14_S15;Household and NPISH final consumption expenditure;PT;Portugal;2007;2007;108.295
A;Annual;CLV_I20_HAB;Chain linked volumes, Index 2020=100, per capita;P31_S14_S15;Household and NPISH final consumption expenditure;PT;Portugal;2007;2007;128.622
A;Annual;CLV_I15_HAB;Chain linked volumes, Index 2015=100, per capita;P31_S14_S15;Household and NPISH final consumption expenditure;PT;Portugal;2007;2007;124.834
A;Annual;CLV_I10_HAB;Chain linked volumes, Index 2010=100, per capita;P31_S14_S15;Household and NPISH final consumption expenditure;PT;Portugal;2007;2007;139.896
A;Annual;CLV20_EUR_HAB;Chain linked volumes (2020), euro per capita;P31_S14_S15;Household and NPISH final consumption expenditure;PT;Portugal;2007;2007;130.202
A;Annual;CLV15_EUR_HAB;Chain linked volumes (2015), euro per capita;P31_S14_S15;Household and NPISH final consumption expenditure;PT;Portugal;2007;2007;134.96
A;Annual;CLV10_EUR_HAB;Chain linked volumes (2010), euro per capita;P31_S14_S15;Household and NPISH final consumption expenditure;PT;Portugal;2007;2007;147.7
A;Annual;CLV_PCH_PRE_HAB;Chain linked volumes, percentage change on previous period, per capita;P31_S14_S15;Household and NPISH final consumption expenditure;PT;Portugal;2007;2007;156.256
A;Annual;PC_EU27_2020_HAB_MEUR_CP;Percentage of EU27 (from 2020) total per capita (based on million euro, EU27 from 2020), current prices;P31_S14;Final consumption expenditure of households;PT;Portugal;2007;2007;149.706
A;Annual;PC_EU27_2020_HAB_MPPS_CP;Percentage of EU27 (from 2020) total per capita (based on million purchasing power standards, EU27 from 2020), current prices;P31_S14;Final consumption expenditure of households;PT;Portugal;2007;2007;132.802
A;Annual;CP_EUR_HAB;Current prices, euro per capita;P31_S14;Final consumption expenditure of households;PT;Portugal;2007;2007;150.105
A;Annual;CP_NAC_HAB;Current prices, units of national currency per capita;P31_S14;Final consumption expenditure of households;PT;Portugal;2007;2007;143.852
A;Annual;CP_PPS_EU27_2020_HAB;Current prices, purchasing power standard (PPS, EU27 from 2020) per capita;P31_S14;Final consumption expenditure of households;PT;Portugal;2007;2007;126.736
A;Annual;CLV_I20_HAB;Chain linked volumes, Index 2020=100, per capita;P31_S14;Final consumption expenditure of households;PT;Portugal;2007;2007;124.159
A;Annual;CLV_I15_HAB;Chain linked volumes, Index 2015=100, per capita;P31_S14;Final consumption expenditure of households;PT;Portugal;2007;2007;
A;Annual;CLV_I10_HAB;Chain linked volumes, Index 2010=100, per capita;P31_S14;Final consumption expenditure of households;PT;Portugal;2007;2007;
A;Annual;CLV20_EUR_HAB;Chain linked volumes (2020), euro per capita;P31_S14;Final consumption expenditure of households;PT;Portugal;2007;2007;
A;Annual;CLV15_EUR_HAB;Chain linked volumes (2015), euro per capita;P31_S14;Final consumption expenditure of households;PT;Portugal;2007;2007;
A;Annual;CLV10_EUR_HAB;Chain linked volumes (2010), euro per capita;P31_S14;Final consumption expenditure of households;PT;Portugal;2007;2007;
A;Annual;CLV_PCH_PRE_HAB;Chain linked volumes, percentage change on previous period, per capita;P31_S14;Final consumption expenditure of households;PT;Portugal;2007;2007;
A;Annual;PC_EU27_2020_HAB_MEUR_CP;Percentage of EU27 (from 2020) total per capita (based on million euro, EU27 from 2020), current prices;P31_S15;Final consumption expenditure of NPISH;PT;Portugal;2007;2007;
A;Annual;PC_EU27_2020_HAB_MPPS_CP;Percentage of EU27 (from 2020) total per capita (based on million purchasing power standards, EU27 from 2020), current prices;P31_S15;Final consumption expenditure of NPISH;PT;Portugal;2007;2007;
A;Annual;CP_EUR_HAB;Current prices, euro per capita;P31_S15;Final consumption expenditure of NPISH;PT;Portugal;2007;2007;
A;Annual;CP_NAC_HAB;Current prices, units of national currency per capita;P31_S15;Final consumption expenditure of NPISH;PT;Portugal;2007;2007;
A;Annual;CP_PPS_EU27_2020_HAB;Current prices, purchasing power standard (PPS, EU27 from 2020) per capita;P31_S15;Final consumption expenditure of NPISH;PT;Portugal;2007;2007;
A;Annual;CLV_I20_HAB;Chain linked volumes, Index 2020=100, per capita;P31_S15;Final consumption expenditure of NPISH;PT;Portugal;2007;2007;
A;Annual;CLV_I15_HAB;Chain linked volumes, Index 2015=100, per capita;P31_S15;Final consumption expenditure of NPISH;PT;Portugal;2007;2007;
A;Annual;CLV_I10_HAB;Chain linked volumes, Index 2010=100, per capita;P31_S15;Final consumption expenditure of NPISH;PT;Portugal;2007;2007;
A;Annual;CLV20_EUR_HAB;Chain linked volumes (2020), euro per capita;P31_S15;Final consumption expenditure of NPISH;PT;Portugal;2007;2007;
A;Annual;CLV15_EUR_HAB;Chain linked volumes (2015), euro per capita;P31_S15;Final consumption expenditure of NPISH;PT;Portugal;2007;2007;
A;Annual;CLV10_EUR_HAB;Chain linked volumes (2010), euro per capita;P31_S15;Final consumption expenditure of NPISH;PT;Portugal;2007;2007;
A;Annual;CLV_PCH_PRE_HAB;Chain linked volumes, percentage change on previous period, per capita;P31_S15;Final consumption expenditure of NPISH;PT;Portugal;2007;2007;
A;Annual;PC_EU27_2020_HAB_MEUR_CP;Percentage of EU27 (from 2020) total per capita (based on million euro, EU27 from 2020), current prices;P41;Actual individual consumption;PT;Portugal;2007;2007;
A;Annual;PC_EU27_2020_HAB_MPPS_CP;Percentage of EU27 (from 2020) total per capita (based on million purchasing power standards, EU27 from 2020), current prices;P41;Actual individual consumption;PT;Portugal;2007;2007;
A;Annual;CP_EUR_HAB;Current prices, euro per capita;P41;Actual individual consumption;PT;Portugal;2007;2007;30.003
A;Annual;CP_NAC_HAB;Current prices, units of national currency per capita;P41;Actual individual consumption;PT;Portugal;2007;2007;29.685
A;Annual;CP_PPS_EU27_2020_HAB;Current prices, purchasing power standard (PPS, EU27 from 2020) per capita;P41;Actual individual consumption;PT;Portugal;2007;2007;27.614
A;Annual;CLV_I20_HAB;Chain linked volumes, Index 2020=100, per capita;P41;Actual individual consumption;PT;Portugal;2007;2007;24.499
A;Annual;CLV_I15_HAB;Chain linked volumes, Index 2015=100, per capita;P41;Actual individual consumption;PT;Portugal;2007;2007;37.869
A;Annual;CLV_I10_HAB;Chain linked volumes, Index 2010=100, per capita;P41;Actual individual consumption;PT;Portugal;2007;2007;56.04
A;Annual;CLV20_EUR_HAB;Chain linked volumes (2020), euro per capita;P41;Actual individual consumption;PT;Portugal;2007;2007;48.432
A;Annual;CLV15_EUR_HAB;Chain linked volumes (2015), euro per capita;P41;Actual individual consumption;PT;Portugal;2007;2007;77.806
A;Annual;CLV10_EUR_HAB;Chain linked volumes (2010), euro per capita;P41;Actual individual consumption;PT;Portugal;2007;2007;80.755
A;Annual;CLV_PCH_PRE_HAB;Chain linked volumes, percentage change on previous period, per capita;P41;Actual individual consumption;PT;Portugal;2007;2007;95.903
A;Annual;PC_EU27_2020_HAB_MEUR_CP;Percentage of EU27 (from 2020) total per capita (based on million euro, EU27 from 2020), current prices;B1GQ;Gross domestic product at market prices;PT;Portugal;2008;2008;36800.0
A;Annual;PC_EU27_2020_HAB_MPPS_CP;Percentage of EU27 (from 2020) total per capita (based on million purchasing power standards, EU27 from 2020), current prices;B1GQ;Gross domestic product at market prices;PT;Portugal;2008;2008;37880.0
A;Annual;CP_EUR_HAB;Current prices, euro per capita;B1GQ;Gross domestic product at market prices;PT;Portugal;2008;2008;38230.0
A;Annual;CP_NAC_HAB;Current prices, units of national currency per capita;B1GQ;Gross domestic product at market prices;PT;Portugal;2008;2008;38610.0
A;Annual;CP_PPS_EU27_2020_HAB;Current prices, purchasing power standard (PPS, EU27 from 2020) per capita;B1GQ;Gross domestic product at market prices;PT;Portugal;2008;2008;38880.0
A;Annual;CLV_I20_HAB;Chain linked volumes, Index 2020=100, per capita;B1GQ;Gross domestic product at market prices;PT;Portugal;2008;2008;39620.0
A;Annual;CLV_I15_HAB;Chain linked volumes, Index 2015=100, per capita;B1GQ;Gross domestic product at market prices;PT;Portugal;2008;2008;40270.0
A;Annual;CLV_I10_HAB;Chain linked volumes, Index 2010=100, per capita;B1GQ;Gross domestic product at market prices;PT;Portugal;2008;2008;41370.0
A;Annual;CLV20_EUR_HAB;Chain linked volumes (2020), euro per capita;B1GQ;Gross domestic product at market prices;PT;Portugal;2008;2008;42790.0
A;Annual;CLV15_EUR_HAB;Chain linked volumes (2015), euro per capita;B1GQ;Gross domestic product at market prices;PT;Portugal;2008;2008;43270.0
A;Annual;CLV10_EUR_HAB;Chain linked volumes (2010), euro per capita;B1GQ;Gross domestic product at market prices;PT;Portugal;2008;2008;41620.0
A;Annual;CLV_PCH_PRE_HAB;Chain linked volumes, percentage change on previous period, per capita;B1GQ;Gross domestic product at market prices;PT;Portugal;2008;2008;42280.0
A;Annual;PC_EU27_2020_HAB_MEUR_CP;Percentage of EU27 (from 2020) total per capita (based on million euro, EU27 from 2020), current prices;P3;Final consumption expenditure;PT;Portugal;2008;2008;43370.0
A;Annual;PC_EU27_2020_HAB_MPPS_CP;Percentage of EU27 (from 2020) total per capita (based on million purchasing power standards, EU27 from 2020), current prices;P3;Final consumption expenditure;PT;Portugal;2008;2008;43450.0
A;Annual;CP_EUR_HAB;Current prices, euro per capita;P3;Final consumption expenditure;PT;Portugal;2008;2008;43080.0
A;Annual;CP_NAC_HAB;Current prices, units of national currency per capita;P3;Final consumption expenditure;PT;Portugal;2008;2008;43070.0
A;Annual;CP_PPS_EU27_2020_HAB;Current prices, purchasing power standard (PPS, EU27 from 2020) per capita;P3;Final consumption expenditure;PT;Portugal;2008;2008;43200.0
A;Annual;CLV_I20_HAB;Chain linked volumes, Index 2020=100, per capita;P3;Final consumption expenditure;PT;Portugal;2008;2008;43550.0
A;Annual;CLV_I15_HAB;Chain linked volumes, Index 2015=100, per capita;P3;Final consumption expenditure;PT;Portugal;2008;2008;44260.0
A;Annual;CLV_I10_HAB;Chain linked volumes, Index 2010=100, per capita;P3;Final consumption expenditure;PT;Portugal;2008;2008;45140.0
A;Annual;CLV20_EUR_HAB;Chain linked volumes (2020), euro per capita;P3;Final consumption expenditure;PT;Portugal;2008;2008;45730.0
A;Annual;CLV15_EUR_HAB;Chain linked volumes (2015), euro per capita;P3;Final consumption expenditure;PT;Portugal;2008;2008;42650.0
A;Annual;CLV10_EUR_HAB;Chain linked volumes (2010), euro per capita;P3;Final consumption expenditure;PT;Portugal;2008;2008;44580.0
A;Annual;CLV_PCH_PRE_HAB;Chain linked volumes, percentage change on previous period, per capita;P3;Final consumption expenditure;PT;Portugal;2008;2008;46430.0
A;Annual;PC_EU27_2020_HAB_MEUR_CP;Percentage of EU27 (from 2020) total per capita (based on million euro, EU27 from 2020), current prices;P3_S13;Final consumption expenditure of general government;PT;Portugal;2008;2008;45670.0
A;Annual;PC_EU27_2020_HAB_MPPS_CP;Percentage of EU27 (from 2020) total per capita (based on million purchasing power standards, EU27 from 2020), current prices;P3_S13;Final consumption expenditure of general government;PT;Portugal;2008;2008;45140.0
A;Annual;CP_EUR_HAB;Current prices, euro per capita;P3_S13;Final consumption expenditure of general government;PT;Portugal;2008;2008;
A;Annual;CP_NAC_HAB;Current prices, units of national currency per capita;P3_S13;Final consumption expenditure of general government;PT;Portugal;2008;2008;
A;Annual;CP_PPS_EU27_2020_HAB;Current prices, purchasing power standard (PPS, EU27 from 2020) per capita;P3_S13;Final consumption expenditure of general government;PT;Portugal;2008;2008;
A;Annual;CLV_I20_HAB;Chain linked volumes, Index 2020=100, per capita;P3_S13;Final consumption expenditure of general government;PT;Portugal;2008;2008;
A;Annual;CLV_I15_HAB;Chain linked volumes, Index 2015=100, per capita;P3_S13;Final consumption expenditure of general government;PT;Portugal;2008;2008;
A;Annual;CLV_I10_HAB;Chain linked volumes, Index 2010=100, per capita;P3_S13;Final consumption expenditure of general government;PT;Portugal;2008;2008;
A;Annual;CLV20_EUR_HAB;Chain linked volumes (2020), euro per capita;P3_S13;Final consumption expenditure of general government;PT;Portugal;2008;2008;
A;Annual;CLV15_EUR_HAB;Chain linked volumes (2015), euro per capita;P3_S13;Final consumption expenditure of general government;PT;Portugal;2008;2008;
A;Annual;CLV10_EUR_HAB;Chain linked volumes (2010), euro per capita;P3_S13;Final consumption expenditure of general government;PT;Portugal;2008;2008;
A;Annual;CLV_PCH_PRE_HAB;Chain linked volumes, percentage change on previous period, per capita;P3_S13;Final consumption expenditure of general government;PT;Portugal;2008;2008;
A;Annual;PC_EU27_2020_HAB_MEUR_CP;Percentage of EU27 (from 2020) total per capita (based on million euro, EU27 from 2020), current prices;P31_S13;Individual consumption expenditure of general government;PT;Portugal;2008;2008;
A;Annual;PC_EU27_2020_HAB_MPPS_CP;Percentage of EU27 (from 2020) total per capita (based on million purchasing power standards, EU27 from 2020), current prices;P31_S13;Individual consumption expenditure of general government;PT;Portugal;2008;2008;
A;Annual;CP_EUR_HAB;Current prices, euro per capita;P31_S13;Individual consumption expenditure of general government;PT;Portugal;2008;2008;
A;Annual;CP_NAC_HAB;Current prices, units of national currency per capita;P31_S13;Individual consumption expenditure of general government;PT;Portugal;2008;2008;
A;Annual;CP_PPS_EU27_2020_HAB;Current prices, purchasing power standard (PPS, EU27 from 2020) per capita;P31_S13;Individual consumption expenditure of general government;PT;Portugal;2008;2008;
A;Annual;CLV_I20_HAB;Chain linked volumes, Index 2020=100, per capita;P31_S13;Individual consumption expenditure of general government;PT;Portugal;2008;2008;
A;Annual;CLV_I15_HAB;Chain linked volumes, Index 2015=100, per capita;P31_S13;Individual consumption expenditure of general government;PT;Portugal;2008;2008;
A;Annual;CLV_I10_HAB;Chain linked volumes, Index 2010=100, per capita;P31_S13;Individual consumption expenditure of general government;PT;Portugal;2008;2008;
A;Annual;CLV20_EUR_HAB;Chain linked volumes (2020), euro per capita;P31_S13;Individual consumption expenditure of general government;PT;Portugal;2008;2008;
A;Annual;CLV15_EUR_HAB;Chain linked volumes (2015), euro per capita;P31_S13;Individual consumption expenditure of general government;PT;Portugal;2008;2008;
A;Annual;CLV10_EUR_HAB;Chain linked volumes (2010), euro per capita;P31_S13;Individual consumption expenditure of general government;PT;Portugal;2008;2008;5370.0
A;Annual;CLV_PCH_PRE_HAB;Chain linked volumes, percentage change on previous period, per capita;P31_S13;Individual consumption expenditure of general government;PT;Portugal;2008;2008;5700.0
A;Annual;PC_EU27_2020_HAB_MEUR_CP;Percentage of EU27 (from 2020) total per capita (based on million euro, EU27 from 2020), current prices;P32_S13;Collective consumption expenditure of general government;PT;Portugal;2008;2008;6060.0
A;Annual;PC_EU27_2020_HAB_MPPS_CP;Percentage of EU27 (from 2020) total per capita (based on million purchasing power standards, EU27 from 2020), current prices;P32_S13;Collective consumption expenditure of general government;PT;Portugal;2008;2008;6340.0
A;Annual;CP_EUR_HAB;Current prices, euro per capita;P32_S13;Collective consumption expenditure of general government;PT;Portugal;2008;2008;6640.0
A;Annual;CP_NAC_HAB;Current prices, units of national currency per capita;P32_S13;Collective consumption expenditure of general government;PT;Portugal;2008;2008;6950.0
A;Annual;CP_PPS_EU27_2020_HAB;Current prices, purchasing power standard (PPS, EU27 from 2020) per capita;P32_S13;Collective consumption expenditure of general government;PT;Portugal;2008;2008;7040.0
A;Annual;CLV_I20_HAB;Chain linked volumes, Index 2020=100, per capita;P32_S13;Collective consumption expenditure of general government;PT;Portugal;2008;2008;7180.0
A;Annual;CLV_I15_HAB;Chain linked volumes, Index 2015=100, per capita;P32_S13;Collective consumption expenditure of general government;PT;Portugal;2008;2008;7440.0
A;Annual;CLV_I10_HAB;Chain linked volumes, Index 2010=100, per capita;P32_S13;Collective consumption expenditure of general government;PT;Portugal;2008;2008;7820.0
A;Annual;CLV20_EUR_HAB;Chain linked volumes (2020), euro per capita;P32_S13;Collective consumption expenditure of general government;PT;Portugal;2008;2008;8080.0
A;Annual;CLV15_EUR_HAB;Chain linked volumes (2015), euro per capita;P32_S13;Collective consumption expenditure of general government;PT;Portugal;2008;2008;8590.0
A;Annual;CLV10_EUR_HAB;Chain linked volumes (2010), euro per capita;P32_S13;Collective consumption expenditure of general government;PT;Portugal;2008;2008;9170.0
A;Annual;CLV_PCH_PRE_HAB;Chain linked volumes, percentage change on previous period, per capita;P32_S13;Collective consumption expenditure of general government;PT;Portugal;2008;2008;9570.0
A;Annual;PC_EU27_2020_HAB_MEUR_CP;Percentage of EU27 (from 2020) total per capita (based on million euro, EU27 from 2020), current prices;P31_S14_S15;Household and NPISH final consumption expenditure;PT;Portugal;2008;2008;9810.0
A;Annual;PC_EU27_2020_HAB_MPPS_CP;Percentage of EU27 (from 2020) total per capita (based on million purchasing power standards, EU27 from 2020), current prices;P31_S14_S15;Household and NPISH final consumption expenditure;PT;Portugal;2008;2008;10150.0
A;Annual;CP_EUR_HAB;Current prices, euro per capita;P31_S14_S15;Household and NPISH final consumption expenditure;PT;Portugal;2008;2008;10680.0
A;Annual;CP_NAC_HAB;Current prices, units of national currency per capita;P31_S14_S15;Household and NPISH final consumption expenditure;PT;Portugal;2008;2008;10840.0
A;Annual;CP_PPS_EU27_2020_HAB;Current prices, purchasing power standard (PPS, EU27 from 2020) per capita;P31_S14_S15;Household and NPISH final consumption expenditure;PT;Portugal;2008;2008;10930.0
A;Annual;CLV_I20_HAB;Chain linked volumes, Index 2020=100, per capita;P31_S14_S15;Household and NPISH final consumption expenditure;PT;Portugal;2008;2008;11360.0
A;Annual;CLV_I15_HAB;Chain linked volumes, Index 2015=100, per capita;P31_S14_S15;Household and NPISH final consumption expenditure;PT;Portugal;2008;2008;11870.0
A;Annual;CLV_I10_HAB;Chain linked volumes, Index 2010=100, per capita;P31_S14_S15;Household and NPISH final consumption expenditure;PT;Portugal;2008;2008;12240.0
A;Annual;CLV20_EUR_HAB;Chain linked volumes (2020), euro per capita;P31_S14_S15;Household and NPISH final consumption expenditure;PT;Portugal;2008;2008;12870.0
A;Annual;CLV15_EUR_HAB;Chain linked volumes (2015), euro per capita;P31_S14_S15;Household and NPISH final consumption expenditure;PT;Portugal;2008;2008;13680.0
A;Annual;CLV10_EUR_HAB;Chain linked volumes (2010), euro per capita;P31_S14_S15;Household and NPISH final consumption expenditure;PT;Portugal;2008;2008;14310.0
A;Annual;CLV_PCH_PRE_HAB;Chain linked volumes, percentage change on previous period, per capita;P31_S14_S15;Household and NPISH final consumption expenditure;PT;Portugal;2008;2008;14310.0
A;Annual;PC_EU27_2020_HAB_MEUR_CP;Percentage of EU27 (from 2020) total per capita (based on million euro, EU27 from 2020), current prices;P31_S14;Final consumption expenditure of households;PT;Portugal;2008;2008;15380.0
A;Annual;PC_EU27_2020_HAB_MPPS_CP;Percentage of EU27 (from 2020) total per capita (based on million purchasing power standards, EU27 from 2020), current prices;P31_S14;Final consumption expenditure of households;PT;Portugal;2008;2008;15840.0
A;Annual;CP_EUR_HAB;Current prices, euro per capita;P31_S14;Final consumption expenditure of households;PT;Portugal;2008;2008;15950.0
A;Annual;CP_NAC_HAB;Current prices, units of national currency per capita;P31_S14;Final consumption expenditure of households;PT;Portugal;2008;2008;16470.0
A;Annual;CP_PPS_EU27_2020_HAB;Current prices, purchasing power standard (PPS, EU27 from 2020) per capita;P31_S14;Final consumption expenditure of households;PT;Portugal;2008;2008;
A;Annual;CLV_I20_HAB;Chain linked volumes, Index 2020=100, per capita;P31_S14;Final consumption expenditure of households;PT;Portugal;2008;2008;
A;Annual;CLV_I15_HAB;Chain linked volumes, Index 2015=100, per capita;P31_S14;Final consumption expenditure of households;PT;Portugal;2008;2008;
A;Annual;CLV_I10_HAB;Chain linked volumes, Index 2010=100, per capita;P31_S14;Final consumption expenditure of households;PT;Portugal;2008;2008;
A;Annual;CLV20_EUR_HAB;Chain linked volumes (2020), euro per capita;P31_S14;Final consumption expenditure of households;PT;Portugal;2008;2008;
A;Annual;CLV15_EUR_HAB;Chain linked volumes (2015), euro per capita;P31_S14;Final consumption expenditure of households;PT;Portugal;2008;2008;
A;Annual;CLV10_EUR_HAB;Chain linked volumes (2010), euro per capita;P31_S14;Final consumption expenditure of households;PT;Portugal;2008;2008;
A;Annual;CLV_PCH_PRE_HAB;Chain linked volumes, percentage change on previous period, per capita;P31_S14;Final consumption expenditure of households;PT;Portugal;2008;2008;
A;Annual;PC_EU27_2020_HAB_MEUR_CP;Percentage of EU27 (from 2020) total per capita (based on million euro, EU27 from 2020), current prices;P31_S15;Final consumption expenditure of NPISH;PT;Portugal;2008;2008;
A;Annual;PC_EU27_2020_HAB_MPPS_CP;Percentage of EU27 (from 2020) total per capita (based on million purchasing power standards, EU27 from 2020), current prices;P31_S15;Final consumption expenditure of NPISH;PT;Portugal;2008;2008;
A;Annual;CP_EUR_HAB;Current prices, euro per capita;P31_S15;Final consumption expenditure of NPISH;PT;Portugal;2008;2008;
A;Annual;CP_NAC_HAB;Current prices, units of national currency per capita;P31_S15;Final consumption expenditure of NPISH;PT;Portugal;2008;2008;
A;Annual;CP_PPS_EU27_2020_HAB;Current prices, purchasing power standard (PPS, EU27 from 2020) per capita;P31_S15;Final consumption expenditure of NPISH;PT;Portugal;2008;2008;
A;Annual;CLV_I20_HAB;Chain linked volumes, Index 2020=100, per capita;P31_S15;Final consumption expenditure of NPISH;PT;Portugal;2008;2008;
A;Annual;CLV_I15_HAB;Chain linked volumes, Index 2015=100, per capita;P31_S15;Final consumption expenditure of NPISH;PT;Portugal;2008;2008;
A;Annual;CLV_I10_HAB;Chain linked volumes, Index 2010=100, per capita;P31_S15;Final consumption expenditure of NPISH;PT;Portugal;2008;2008;
A;Annual;CLV20_EUR_HAB;Chain linked volumes (2020), euro per capita;P31_S15;Final consumption expenditure of NPISH;PT;Portugal;2008;2008;
A;Annual;CLV15_EUR_HAB;Chain linked volumes (2015), euro per capita;P31_S15;Final consumption expenditure of NPISH;PT;Portugal;2008;2008;
A;Annual;CLV10_EUR_HAB;Chain linked volumes (2010), euro per capita;P31_S15;Final consumption expenditure of NPISH;PT;Portugal;2008;2008;
A;Annual;CLV_PCH_PRE_HAB;Chain linked volumes, percentage change on previous period, per capita;P31_S15;Final consumption expenditure of NPISH;PT;Portugal;2008;2008;
A;Annual;PC_EU27_2020_HAB_MEUR_CP;Percentage of EU27 (from 2020) total per capita (based on million euro, EU27 from 2020), current prices;P41;Actual individual consumption;PT;Portugal;2008;2008;15610.0
A;Annual;PC_EU27_2020_HAB_MPPS_CP;Percentage of EU27 (from 2020) total per capita (based on million purchasing power standards, EU27 from 2020), current prices;P41;Actual individual consumption;PT;Portugal;2008;2008;16090.0
A;Annual;CP_EUR_HAB;Current prices, euro per capita;P41;Actual individual consumption;PT;Portugal;2008;2008;16730.0
A;Annual;CP_NAC_HAB;Current prices, units of national currency per capita;P41;Actual individual consumption;PT;Portugal;2008;2008;17440.0
A;Annual;CP_PPS_EU27_2020_HAB;Current prices, purchasing power standard (PPS, EU27 from 2020) per capita;P41;Actual individual consumption;PT;Portugal;2008;2008;18020.0
A;Annual;CLV_I20_HAB;Chain linked volumes, Index 2020=100, per capita;P41;Actual individual consumption;PT;Portugal;2008;2008;18580.0
A;Annual;CLV_I15_HAB;Chain linked volumes, Index 2015=100, per capita;P41;Actual individual consumption;PT;Portugal;2008;2008;18810.0
A;Annual;CLV_I10_HAB;Chain linked volumes, Index 2010=100, per capita;P41;Actual individual consumption;PT;Portugal;2008;2008;18850.0
A;Annual;CLV20_EUR_HAB;Chain linked volumes (2020), euro per capita;P41;Actual individual consumption;PT;Portugal;2008;2008;18600.0
A;Annual;CLV15_EUR_HAB;Chain linked volumes (2015), euro per capita;P41;Actual individual consumption;PT;Portugal;2008;2008;18890.0
A;Annual;CLV10_EUR_HAB;Chain linked volumes (2010), euro per capita;P41;Actual individual consumption;PT;Portugal;2008;2008;19000.0
A;Annual;CLV_PCH_PRE_HAB;Chain linked volumes, percentage change on previous period, per capita;P41;Actual individual consumption;PT;Portugal;2008;2008;19280.0
A;Annual;PC_EU27_2020_HAB_MEUR_CP;Percentage of EU27 (from 2020) total per capita (based on million euro, EU27 from 2020), current prices;B1GQ;Gross domestic product at market prices;PT;Portugal;2009;2009;11790.0
A;Annual;PC_EU27_2020_HAB_MPPS_CP;Percentage of EU27 (from 2020) total per capita (based on million purchasing power standards, EU27 from 2020), current prices;B1GQ;Gross domestic product at market prices;PT;Portugal;2009;2009;12010.0
A;Annual;CP_EUR_HAB;Current prices, euro per capita;B1GQ;Gross domestic product at market prices;PT;Portugal;2009;2009;12020.0
A;Annual;CP_NAC_HAB;Current prices, units of national currency per capita;B1GQ;Gross domestic product at market prices;PT;Portugal;2009;2009;11900.0
A;Annual;CP_PPS_EU27_2020_HAB;Current prices, purchasing power standard (PPS, EU27 from 2020) per capita;B1GQ;Gross domestic product at market prices;PT;Portugal;2009;2009;11900.0
A;Annual;CLV_I20_HAB;Chain linked volumes, Index 2020=100, per capita;B1GQ;Gross domestic product at market prices;PT;Portugal;2009;2009;12010.0
A;Annual;CLV_I15_HAB;Chain linked volumes, Index 2015=100, per capita;B1GQ;Gross domestic product at market prices;PT;Portugal;2009;2009;12000.0
A;Annual;CLV_I10_HAB;Chain linked volumes, Index 2010=100, per capita;B1GQ;Gross domestic product at market prices;PT;Portugal;2009;2009;12040.0
A;Annual;CLV20_EUR_HAB;Chain linked volumes (2020), euro per capita;B1GQ;Gross domestic product at market prices;PT;Portugal;2009;2009;12220.0
A;Annual;CLV15_EUR_HAB;Chain linked volumes (2015), euro per capita;B1GQ;Gross domestic product at market prices;PT;Portugal;2009;2009;12290.0
A;Annual;CLV10_EUR_HAB;Chain linked volumes (2010), euro per capita;B1GQ;Gross domestic product at market prices;PT;Portugal;2009;2009;12290.0
A;Annual;CLV_PCH_PRE_HAB;Chain linked volumes, percentage change on previous period, per capita;B1GQ;Gross domestic product at market prices;PT;Portugal;2009;2009;12320.0
A;Annual;PC_EU27_2020_HAB_MEUR_CP;Percentage of EU27 (from 2020) total per capita (based on million euro, EU27 from 2020), current prices;P3;Final consumption expenditure;PT;Portugal;2009;2009;12440.0
A;Annual;PC_EU27_2020_HAB_MPPS_CP;Percentage of EU27 (from 2020) total per capita (based on million purchasing power standards, EU27 from 2020), current prices;P3;Final consumption expenditure;PT;Portugal;2009;2009;12450.0
A;Annual;CP_EUR_HAB;Current prices, euro per capita;P3;Final consumption expenditure;PT;Portugal;2009;2009;12590.0
A;Annual;CP_NAC_HAB;Current prices, units of national currency per capita;P3;Final consumption expenditure;PT;Portugal;2009;2009;12910.0
A;Annual;CP_PPS_EU27_2020_HAB;Current prices, purchasing power standard (PPS, EU27 from 2020) per capita;P3;Final consumption expenditure;PT;Portugal;2009;2009;12750.0
A;Annual;CLV_I20_HAB;Chain linked volumes, Index 2020=100, per capita;P3;Final consumption expenditure;PT;Portugal;2009;2009;12700.0
A;Annual;CLV_I15_HAB;Chain linked volumes, Index 2015=100, per capita;P3;Final consumption expenditure;PT;Portugal;2009;2009;12560.0
A;Annual;CLV_I10_HAB;Chain linked volumes, Index 2010=100, per capita;P3;Final consumption expenditure;PT;Portugal;2009;2009;12290.0
A;Annual;CLV20_EUR_HAB;Chain linked volumes (2020), euro per capita;P3;Final consumption expenditure;PT;Portugal;2009;2009;12630.0
A;Annual;CLV15_EUR_HAB;Chain linked volumes (2015), euro per capita;P3;Final consumption expenditure;PT;Portugal;2009;2009;12580.0
A;Annual;CLV10_EUR_HAB;Chain linked volumes (2010), euro per capita;P3;Final consumption expenditure;PT;Portugal;2009;2009;12620.0
A;Annual;CLV_PCH_PRE_HAB;Chain linked volumes, percentage change on previous period, per capita;P3;Final consumption expenditure;PT;Portugal;2009;2009;12730.0
A;Annual;PC_EU27_2020_HAB_MEUR_CP;Percentage of EU27 (from 2020) total per capita (based on million euro, EU27 from 2020), current prices;P3_S13;Final consumption expenditure of general government;PT;Portugal;2009;2009;
A;Annual;PC_EU27_2020_HAB_MPPS_CP;Percentage of EU27 (from 2020) total per capita (based on million purchasing power standards, EU27 from 2020), current prices;P3_S13;Final consumption expenditure of general government;PT;Portugal;2009;2009;
A;Annual;CP_EUR_HAB;Current prices, euro per capita;P3_S13;Final consumption expenditure of general government;PT;Portugal;2009;2009;
A;Annual;CP_NAC_HAB;Current prices, units of national currency per capita;P3_S13;Final consumption expenditure of general government;PT;Portugal;2009;2009;
A;Annual;CP_PPS_EU27_2020_HAB;Current prices, purchasing power standard (PPS, EU27 from 2020) per capita;P3_S13;Final consumption expenditure of general government;PT;Portugal;2009;2009;
A;Annual;CLV_I20_HAB;Chain linked volumes, Index 2020=100, per capita;P3_S13;Final consumption expenditure of general government;PT;Portugal;2009;2009;
A;Annual;CLV_I15_HAB;Chain linked volumes, Index 2015=100, per capita;P3_S13;Final consumption expenditure of general government;PT;Portugal;2009;2009;
A;Annual;CLV_I10_HAB;Chain linked volumes, Index 2010=100, per capita;P3_S13;Final consumption expenditure of general government;PT;Portugal;2009;2009;
A;Annual;CLV20_EUR_HAB;Chain linked volumes (2020), euro per capita;P3_S13;Final consumption expenditure of general government;PT;Portugal;2009;2009;
A;Annual;CLV15_EUR_HAB;Chain linked volumes (2015), euro per capita;P3_S13;Final consumption expenditure of general government;PT;Portugal;2009;2009;
A;Annual;CLV10_EUR_HAB;Chain linked volumes (2010), euro per capita;P3_S13;Final consumption expenditure of general government;PT;Portugal;2009;2009;
A;Annual;CLV_PCH_PRE_HAB;Chain linked volumes, percentage change on previous period, per capita;P3_S13;Final consumption expenditure of general government;PT;Portugal;2009;2009;
A;Annual;PC_EU27_2020_HAB_MEUR_CP;Percentage of EU27 (from 2020) total per capita (based on million euro, EU27 from 2020), current prices;P31_S13;Individual consumption expenditure of general government;PT;Portugal;2009;2009;
A;Annual;PC_EU27_2020_HAB_MPPS_CP;Percentage of EU27 (from 2020) total per capita (based on million purchasing power standards, EU27 from 2020), current prices;P31_S13;Individual consumption expenditure of general government;PT;Portugal;2009;2009;
A;Annual;CP_EUR_HAB;Current prices, euro per capita;P31_S13;Individual consumption expenditure of general government;PT;Portugal;2009;2009;
A;Annual;CP_NAC_HAB;Current prices, units of national currency per capita;P31_S13;Individual consumption expenditure of general government;PT;Portugal;2009;2009;
A;Annual;CP_PPS_EU27_2020_HAB;Current prices, purchasing power standard (PPS, EU27 from 2020) per capita;P31_S13;Individual consumption expenditure of general government;PT;Portugal;2009;2009;
A;Annual;CLV_I20_HAB;Chain linked volumes, Index 2020=100, per capita;P31_S13;Individual consumption expenditure of general government;PT;Portugal;2009;2009;
A;Annual;CLV_I15_HAB;Chain linked volumes, Index 2015=100, per capita;P31_S13;Individual consumption expenditure of general government;PT;Portugal;2009;2009;
A;Annual;CLV_I10_HAB;Chain linked volumes, Index 2010=100, per capita;P31_S13;Individual consumption expenditure of general government;PT;Portugal;2009;2009;
A;Annual;CLV20_EUR_HAB;Chain linked volumes (2020), euro per capita;P31_S13;Individual consumption expenditure of general government;PT;Portugal;2009;2009;12390.0
A;Annual;CLV15_EUR_HAB;Chain linked volumes (2015), euro per capita;P31_S13;Individual consumption expenditure of general government;PT;Portugal;2009;2009;12470.0
A;Annual;CLV10_EUR_HAB;Chain linked volumes (2010), euro per capita;P31_S13;Individual consumption expenditure of general government;PT;Portugal;2009;2009;11900.0
A;Annual;CLV_PCH_PRE_HAB;Chain linked volumes, percentage change on previous period, per capita;P31_S13;Individual consumption expenditure of general government;PT;Portugal;2009;2009;12180.0
A;Annual;PC_EU27_2020_HAB_MEUR_CP;Percentage of EU27 (from 2020) total per capita (based on million euro, EU27 from 2020), current prices;P32_S13;Collective consumption expenditure of general government;PT;Portugal;2009;2009;12540.0
A;Annual;PC_EU27_2020_HAB_MPPS_CP;Percentage of EU27 (from 2020) total per capita (based on million purchasing power standards, EU27 from 2020), current prices;P32_S13;Collective consumption expenditure of general government;PT;Portugal;2009;2009;12980.0
A;Annual;CP_EUR_HAB;Current prices, euro per capita;P32_S13;Collective consumption expenditure of general government;PT;Portugal;2009;2009;13390.0
A;Annual;CP_NAC_HAB;Current prices, units of national currency per capita;P32_S13;Collective consumption expenditure of general government;PT;Portugal;2009;2009;13980.0
A;Annual;CP_PPS_EU27_2020_HAB;Current prices, purchasing power standard (PPS, EU27 from 2020) per capita;P32_S13;Collective consumption expenditure of general government;PT;Portugal;2009;2009;14110.0
A;Annual;CLV_I20_HAB;Chain linked volumes, Index 2020=100, per capita;P32_S13;Collective consumption expenditure of general government;PT;Portugal;2009;2009;14290.0
A;Annual;CLV_I15_HAB;Chain linked volumes, Index 2015=100, per capita;P32_S13;Collective consumption expenditure of general government;PT;Portugal;2009;2009;14730.0
A;Annual;CLV_I10_HAB;Chain linked volumes, Index 2010=100, per capita;P32_S13;Collective consumption expenditure of general government;PT;Portugal;2009;2009;15040.0
A;Annual;CLV20_EUR_HAB;Chain linked volumes (2020), euro per capita;P32_S13;Collective consumption expenditure of general government;PT;Portugal;2009;2009;15270.0
A;Annual;CLV15_EUR_HAB;Chain linked volumes (2015), euro per capita;P32_S13;Collective consumption expenditure of general government;PT;Portugal;2009;2009;15700.0
A;Annual;CLV10_EUR_HAB;Chain linked volumes (2010), euro per capita;P32_S13;Collective consumption expenditure of general government;PT;Portugal;2009;2009;15150.0
A;Annual;CLV_PCH_PRE_HAB;Chain linked volumes, percentage change on previous period, per capita;P32_S13;Collective consumption expenditure of general government;PT;Portugal;2009;2009;14880.0
A;Annual;PC_EU27_2020_HAB_MEUR_CP;Percentage of EU27 (from 2020) total per capita (based on million euro, EU27 from 2020), current prices;P31_S14_S15;Household and NPISH final consumption expenditure;PT;Portugal;2009;2009;14950.0
A;Annual;PC_EU27_2020_HAB_MPPS_CP;Percentage of EU27 (from 2020) total per capita (based on million purchasing power standards, EU27 from 2020), current prices;P31_S14_S15;Household and NPISH final consumption expenditure;PT;Portugal;2009;2009;14580.0
A;Annual;CP_EUR_HAB;Current prices, euro per capita;P31_S14_S15;Household and NPISH final consumption expenditure;PT;Portugal;2009;2009;14510.0
A;Annual;CP_NAC_HAB;Current prices, units of national currency per capita;P31_S14_S15;Household and NPISH final consumption expenditure;PT;Portugal;2009;2009;14320.0
A;Annual;CP_PPS_EU27_2020_HAB;Current prices, purchasing power standard (PPS, EU27 from 2020) per capita;P31_S14_S15;Household and NPISH final consumption expenditure;PT;Portugal;2009;2009;14180.0
A;Annual;CLV_I20_HAB;Chain linked volumes, Index 2020=100, per capita;P31_S14_S15;Household and NPISH final consumption expenditure;PT;Portugal;2009;2009;14120.0
A;Annual;CLV_I15_HAB;Chain linked volumes, Index 2015=100, per capita;P31_S14_S15;Household and NPISH final consumption expenditure;PT;Portugal;2009;2009;14170.0
A;Annual;CLV_I10_HAB;Chain linked volumes, Index 2010=100, per capita;P31_S14_S15;Household and NPISH final consumption expenditure;PT;Portugal;2009;2009;14410.0
A;Annual;CLV20_EUR_HAB;Chain linked volumes (2020), euro per capita;P31_S14_S15;Household and NPISH final consumption expenditure;PT;Portugal;2009;2009;14700.0
A;Annual;CLV15_EUR_HAB;Chain linked volumes (2015), euro per capita;P31_S14_S15;Household and NPISH final consumption expenditure;PT;Portugal;2009;2009;15220.0
A;Annual;CLV10_EUR_HAB;Chain linked volumes (2010), euro per capita;P31_S14_S15;Household and NPISH final consumption expenditure;PT;Portugal;2009;2009;15360.0
A;Annual;CLV_PCH_PRE_HAB;Chain linked volumes, percentage change on previous period, per capita;P31_S14_S15;Household and NPISH final consumption expenditure;PT;Portugal;2009;2009;15270.0
A;Annual;PC_EU27_2020_HAB_MEUR_CP;Percentage of EU27 (from 2020) total per capita (based on million euro, EU27 from 2020), current prices;P31_S14;Final consumption expenditure of households;PT;Portugal;2009;2009;15250.0
A;Annual;PC_EU27_2020_HAB_MPPS_CP;Percentage of EU27 (from 2020) total per capita (based on million purchasing power standards, EU27 from 2020), current prices;P31_S14;Final consumption expenditure of households;PT;Portugal;2009;2009;15250.0
A;Annual;CP_EUR_HAB;Current prices, euro per capita;P31_S14;Final consumption expenditure of households;PT;Portugal;2009;2009;
A;Annual;CP_NAC_HAB;Current prices, units of national currency per capita;P31_S14;Final consumption expenditure of households;PT;Portugal;2009;2009;
A;Annual;CP_PPS_EU27_2020_HAB;Current prices, purchasing power standard (PPS, EU27 from 2020) per capita;P31_S14;Final consumption expenditure of households;PT;Portugal;2009;2009;
A;Annual;CLV_I20_HAB;Chain linked volumes, Index 2020=100, per capita;P31_S14;Final consumption expenditure of households;PT;Portugal;2009;2009;
A;Annual;CLV_I15_HAB;Chain linked volumes, Index 2015=100, per capita;P31_S14;Final consumption expenditure of households;PT;Portugal;2009;2009;
A;Annual;CLV_I10_HAB;Chain linked volumes, Index 2010=100, per capita;P31_S14;Final consumption expenditure of households;PT;Portugal;2009;2009;
A;Annual;CLV20_EUR_HAB;Chain linked volumes (2020), euro per capita;P31_S14;Final consumption expenditure of households;PT;Portugal;2009;2009;
A;Annual;CLV15_EUR_HAB;Chain linked volumes (2015), euro per capita;P31_S14;Final consumption expenditure of households;PT;Portugal;2009;2009;
A;Annual;CLV10_EUR_HAB;Chain linked volumes (2010), euro per capita;P31_S14;Final consumption expenditure of households;PT;Portugal;2009;2009;
A;Annual;CLV_PCH_PRE_HAB;Chain linked volumes, percentage change on previous period, per capita;P31_S14;Final consumption expenditure of households;PT;Portugal;2009;2009;
A;Annual;PC_EU27_2020_HAB_MEUR_CP;Percentage of EU27 (from 2020) total per capita (based on million euro, EU27 from 2020), current prices;P31_S15;Final consumption expenditure of NPISH;PT;Portugal;2009;2009;
A;Annual;PC_EU27_2020_HAB_MPPS_CP;Percentage of EU27 (from 2020) total per capita (based on million purchasing power standards, EU27 from 2020), current prices;P31_S15;Final consumption expenditure of NPISH;PT;Portugal;2009;2009;
A;Annual;CP_EUR_HAB;Current prices, euro per capita;P31_S15;Final consumption expenditure of NPISH;PT;Portugal;2009;2009;
A;Annual;CP_NAC_HAB;Current prices, units of national currency per capita;P31_S15;Final consumption expenditure of NPISH;PT;Portugal;2009;2009;
A;Annual;CP_PPS_EU27_2020_HAB;Current prices, purchasing power standard (PPS, EU27 from 2020) per capita;P31_S15;Final consumption expenditure of NPISH;PT;Portugal;2009;2009;
A;Annual;CLV_I20_HAB;Chain linked volumes, Index 2020=100, per capita;P31_S15;Final consumption expenditure of NPISH;PT;Portugal;2009;2009;
A;Annual;CLV_I15_HAB;Chain linked volumes, Index 2015=100, per capita;P31_S15;Final consumption expenditure of NPISH;PT;Portugal;2009;2009;
A;Annual;CLV_I10_HAB;Chain linked volumes, Index 2010=100, per capita;P31_S15;Final consumption expenditure of NPISH;PT;Portugal;2009;2009;
A;Annual;CLV20_EUR_HAB;Chain linked volumes (2020), euro per capita;P31_S15;Final consumption expenditure of NPISH;PT;Portugal;2009;2009;
A;Annual;CLV15_EUR_HAB;Chain linked volumes (2015), euro per capita;P31_S15;Final consumption expenditure of NPISH;PT;Portugal;2009;2009;
A;Annual;CLV10_EUR_HAB;Chain linked volumes (2010), euro per capita;P31_S15;Final consumption expenditure of NPISH;PT;Portugal;2009;2009;
A;Annual;CLV_PCH_PRE_HAB;Chain linked volumes, percentage change on previous period, per capita;P31_S15;Final consumption expenditure of NPISH;PT;Portugal;2009;2009;
A;Annual;PC_EU27_2020_HAB_MEUR_CP;Percentage of EU27 (from 2020) total per capita (based on million euro, EU27 from 2020), current prices;P41;Actual individual consumption;PT;Portugal;2009;2009;
A;Annual;PC_EU27_2020_HAB_MPPS_CP;Percentage of EU27 (from 2020) total per capita (based on million purchasing power standards, EU27 from 2020), current prices;P41;Actual individual consumption;PT;Portugal;2009;2009;
A;Annual;CP_EUR_HAB;Current prices, euro per capita;P41;Actual individual consumption;PT;Portugal;2009;2009;
A;Annual;CP_NAC_HAB;Current prices, units of national currency per capita;P41;Actual individual consumption;PT;Portugal;2009;2009;
A;Annual;CP_PPS_EU27_2020_HAB;Current prices, purchasing power standard (PPS, EU27 from 2020) per capita;P41;Actual individual consumption;PT;Portugal;2009;2009;
A;Annual;CLV_I20_HAB;Chain linked volumes, Index 2020=100, per capita;P41;Actual individual consumption;PT;Portugal;2009;2009;
A;Annual;CLV_I15_HAB;Chain linked volumes, Index 2015=100, per capita;P41;Actual individual consumption;PT;Portugal;2009;2009;
A;Annual;CLV_I10_HAB;Chain linked volumes, Index 2010=100, per capita;P41;Actual individual consumption;PT;Portugal;2009;2009;
A;Annual;CLV20_EUR_HAB;Chain linked volumes (2020), euro per capita;P41;Actual individual consumption;PT;Portugal;2009;2009;
A;Annual;CLV15_EUR_HAB;Chain linked volumes (2015), euro per capita;P41;Actual individual consumption;PT;Portugal;2009;2009;
A;Annual;CLV10_EUR_HAB;Chain linked volumes (2010), euro per capita;P41;Actual individual consumption;PT;Portugal;2009;2009;
A;Annual;CLV_PCH_PRE_HAB;Chain linked volumes, percentage change on previous period, per capita;P41;Actual individual consumption;PT;Portugal;2009;2009;
A;Annual;PC_EU27_2020_HAB_MEUR_CP;Percentage of EU27 (from 2020) total per capita (based on million euro, EU27 from 2020), current prices;B1GQ;Gross domestic product at market prices;PT;Portugal;2010;2010;
A;Annual;PC_EU27_2020_HAB_MPPS_CP;Percentage of EU27 (from 2020) total per capita (based on million purchasing power standards, EU27 from 2020), current prices;B1GQ;Gross domestic product at market prices;PT;Portugal;2010;2010;
A;Annual;CP_EUR_HAB;Current prices, euro per capita;B1GQ;Gross domestic product at market prices;PT;Portugal;2010;2010;
A;Annual;CP_NAC_HAB;Current prices, units of national currency per capita;B1GQ;Gross domestic product at market prices;PT;Portugal;2010;2010;530.0
A;Annual;CP_PPS_EU27_2020_HAB;Current prices, purchasing power standard (PPS, EU27 from 2020) per capita;B1GQ;Gross domestic product at market prices;PT;Portugal;2010;2010;640.0
A;Annual;CLV_I20_HAB;Chain linked volumes, Index 2020=100, per capita;B1GQ;Gross domestic product at market prices;PT;Portugal;2010;2010;660.0
A;Annual;CLV_I15_HAB;Chain linked volumes, Index 2015=100, per capita;B1GQ;Gross domestic product at market prices;PT;Portugal;2010;2010;660.0
A;Annual;CLV_I10_HAB;Chain linked volumes, Index 2010=100, per capita;B1GQ;Gross domestic product at market prices;PT;Portugal;2010;2010;660.0
A;Annual;CLV20_EUR_HAB;Chain linked volumes (2020), euro per capita;B1GQ;Gross domestic product at market prices;PT;Portugal;2010;2010;650.0
A;Annual;CLV15_EUR_HAB;Chain linked volumes (2015), euro per capita;B1GQ;Gross domestic product at market prices;PT;Portugal;2010;2010;660.0
A;Annual;CLV10_EUR_HAB;Chain linked volumes (2010), euro per capita;B1GQ;Gross domestic product at market prices;PT;Portugal;2010;2010;670.0
A;Annual;CLV_PCH_PRE_HAB;Chain linked volumes, percentage change on previous period, per capita;B1GQ;Gross domestic product at market prices;PT;Portugal;2010;2010;680.0
A;Annual;PC_EU27_2020_HAB_MEUR_CP;Percentage of EU27 (from 2020) total per capita (based on million euro, EU27 from 2020), current prices;P3;Final consumption expenditure;PT;Portugal;2010;2010;700.0
A;Annual;PC_EU27_2020_HAB_MPPS_CP;Percentage of EU27 (from 2020) total per capita (based on million purchasing power standards, EU27 from 2020), current prices;P3;Final consumption expenditure;PT;Portugal;2010;2010;710.0
A;Annual;CP_EUR_HAB;Current prices, euro per capita;P3;Final consumption expenditure;PT;Portugal;2010;2010;720.0
A;Annual;CP_NAC_HAB;Current prices, units of national currency per capita;P3;Final consumption expenditure;PT;Portugal;2010;2010;750.0
A;Annual;CP_PPS_EU27_2020_HAB;Current prices, purchasing power standard (PPS, EU27 from 2020) per capita;P3;Final consumption expenditure;PT;Portugal;2010;2010;760.0
A;Annual;CLV_I20_HAB;Chain linked volumes, Index 2020=100, per capita;P3;Final consumption expenditure;PT;Portugal;2010;2010;770.0
A;Annual;CLV_I15_HAB;Chain linked volumes, Index 2015=100, per capita;P3;Final consumption expenditure;PT;Portugal;2010;2010;720.0
A;Annual;CLV_I10_HAB;Chain linked volumes, Index 2010=100, per capita;P3;Final consumption expenditure;PT;Portugal;2010;2010;760.0
A;Annual;CLV20_EUR_HAB;Chain linked volumes (2020), euro per capita;P3;Final consumption expenditure;PT;Portugal;2010;2010;760.0
A;Annual;CLV15_EUR_HAB;Chain linked volumes (2015), euro per capita;P3;Final consumption expenditure;PT;Portugal;2010;2010;780.0
A;Annual;CLV10_EUR_HAB;Chain linked volumes (2010), euro per capita;P3;Final consumption expenditure;PT;Portugal;2010;2010;
A;Annual;CLV_PCH_PRE_HAB;Chain linked volumes, percentage change on previous period, per capita;P3;Final consumption expenditure;PT;Portugal;2010;2010;
A;Annual;PC_EU27_2020_HAB_MEUR_CP;Percentage of EU27 (from 2020) total per capita (based on million euro, EU27 from 2020), current prices;P3_S13;Final consumption expenditure of general government;PT;Portugal;2010;2010;
A;Annual;PC_EU27_2020_HAB_MPPS_CP;Percentage of EU27 (from 2020) total per capita (based on million purchasing power standards, EU27 from 2020), current prices;P3_S13;Final consumption expenditure of general government;PT;Portugal;2010;2010;
A;Annual;CP_EUR_HAB;Current prices, euro per capita;P3_S13;Final consumption expenditure of general government;PT;Portugal;2010;2010;
A;Annual;CP_NAC_HAB;Current prices, units of national currency per capita;P3_S13;Final consumption expenditure of general government;PT;Portugal;2010;2010;
A;Annual;CP_PPS_EU27_2020_HAB;Current prices, purchasing power standard (PPS, EU27 from 2020) per capita;P3_S13;Final consumption expenditure of general government;PT;Portugal;2010;2010;
A;Annual;CLV_I20_HAB;Chain linked volumes, Index 2020=100, per capita;P3_S13;Final consumption expenditure of general government;PT;Portugal;2010;2010;
A;Annual;CLV_I15_HAB;Chain linked volumes, Index 2015=100, per capita;P3_S13;Final consumption expenditure of general government;PT;Portugal;2010;2010;
A;Annual;CLV_I10_HAB;Chain linked volumes, Index 2010=100, per capita;P3_S13;Final consumption expenditure of general government;PT;Portugal;2010;2010;
A;Annual;CLV20_EUR_HAB;Chain linked volumes (2020), euro per capita;P3_S13;Final consumption expenditure of general government;PT;Portugal;2010;2010;
A;Annual;CLV15_EUR_HAB;Chain linked volumes (2015), euro per capita;P3_S13;Final consumption expenditure of general government;PT;Portugal;2010;2010;
A;Annual;CLV10_EUR_HAB;Chain linked volumes (2010), euro per capita;P3_S13;Final consumption expenditure of general government;PT;Portugal;2010;2010;
A;Annual;CLV_PCH_PRE_HAB;Chain linked volumes, percentage change on previous period, per capita;P3_S13;Final consumption expenditure of general government;PT;Portugal;2010;2010;
A;Annual;PC_EU27_2020_HAB_MEUR_CP;Percentage of EU27 (from 2020) total per capita (based on million euro, EU27 from 2020), current prices;P31_S13;Individual consumption expenditure of general government;PT;Portugal;2010;2010;
A;Annual;PC_EU27_2020_HAB_MPPS_CP;Percentage of EU27 (from 2020) total per capita (based on million purchasing power standards, EU27 from 2020), current prices;P31_S13;Individual consumption expenditure of general government;PT;Portugal;2010;2010;
A;Annual;CP_EUR_HAB;Current prices, euro per capita;P31_S13;Individual consumption expenditure of general government;PT;Portugal;2010;2010;
A;Annual;CP_NAC_HAB;Current prices, units of national currency per capita;P31_S13;Individual consumption expenditure of general government;PT;Portugal;2010;2010;
A;Annual;CP_PPS_EU27_2020_HAB;Current prices, purchasing power standard (PPS, EU27 from 2020) per capita;P31_S13;Individual consumption expenditure of general government;PT;Portugal;2010;2010;
A;Annual;CLV_I20_HAB;Chain linked volumes, Index 2020=100, per capita;P31_S13;Individual consumption expenditure of general government;PT;Portugal;2010;2010;
A;Annual;CLV_I15_HAB;Chain linked volumes, Index 2015=100, per capita;P31_S13;Individual consumption expenditure of general government;PT;Portugal;2010;2010;
A;Annual;CLV_I10_HAB;Chain linked volumes, Index 2010=100, per capita;P31_S13;Individual consumption expenditure of general government;PT;Portugal;2010;2010;
A;Annual;CLV20_EUR_HAB;Chain linked volumes (2020), euro per capita;P31_S13;Individual consumption expenditure of general government;PT;Portugal;2010;2010;
A;Annual;CLV15_EUR_HAB;Chain linked volumes (2015), euro per capita;P31_S13;Individual consumption expenditure of general government;PT;Portugal;2010;2010;
A;Annual;CLV10_EUR_HAB;Chain linked volumes (2010), euro per capita;P31_S13;Individual consumption expenditure of general government;PT;Portugal;2010;2010;
A;Annual;CLV_PCH_PRE_HAB;Chain linked volumes, percentage change on previous period, per capita;P31_S13;Individual consumption expenditure of general government;PT;Portugal;2010;2010;
A;Annual;PC_EU27_2020_HAB_MEUR_CP;Percentage of EU27 (from 2020) total per capita (based on million euro, EU27 from 2020), current prices;P32_S13;Collective consumption expenditure of general government;PT;Portugal;2010;2010;
A;Annual;PC_EU27_2020_HAB_MPPS_CP;Percentage of EU27 (from 2020) total per capita (based on million purchasing power standards, EU27 from 2020), current prices;P32_S13;Collective consumption expenditure of general government;PT;Portugal;2010;2010;
A;Annual;CP_EUR_HAB;Current prices, euro per capita;P32_S13;Collective consumption expenditure of general government;PT;Portugal;2010;2010;
A;Annual;CP_NAC_HAB;Current prices, units of national currency per capita;P32_S13;Collective consumption expenditure of general government;PT;Portugal;2010;2010;
A;Annual;CP_PPS_EU27_2020_HAB;Current prices, purchasing power standard (PPS, EU27 from 2020) per capita;P32_S13;Collective consumption expenditure of general government;PT;Portugal;2010;2010;
A;Annual;CLV_I20_HAB;Chain linked volumes, Index 2020=100, per capita;P32_S13;Collective consumption expenditure of general government;PT;Portugal;2010;2010;
A;Annual;CLV_I15_HAB;Chain linked volumes, Index 2015=100, per capita;P32_S13;Collective consumption expenditure of general government;PT;Portugal;2010;2010;
A;Annual;CLV_I10_HAB;Chain linked volumes, Index 2010=100, per capita;P32_S13;Collective consumption expenditure of general government;PT;Portugal;2010;2010;
A;Annual;CLV20_EUR_HAB;Chain linked volumes (2020), euro per capita;P32_S13;Collective consumption expenditure of general government;PT;Portugal;2010;2010;
A;Annual;CLV15_EUR_HAB;Chain linked volumes (2015), euro per capita;P32_S13;Collective consumption expenditure of general government;PT;Portugal;2010;2010;
A;Annual;CLV10_EUR_HAB;Chain linked volumes (2010), euro per capita;P32_S13;Collective consumption expenditure of general government;PT;Portugal;2010;2010;
A;Annual;CLV_PCH_PRE_HAB;Chain linked volumes, percentage change on previous period, per capita;P32_S13;Collective consumption expenditure of general government;PT;Portugal;2010;2010;
A;Annual;PC_EU27_2020_HAB_MEUR_CP;Percentage of EU27 (from 2020) total per capita (based on million euro, EU27 from 2020), current prices;P31_S14_S15;Household and NPISH final consumption expenditure;PT;Portugal;2010;2010;
A;Annual;PC_EU27_2020_HAB_MPPS_CP;Percentage of EU27 (from 2020) total per capita (based on million purchasing power standards, EU27 from 2020), current prices;P31_S14_S15;Household and NPISH final consumption expenditure;PT;Portugal;2010;2010;
A;Annual;CP_EUR_HAB;Current prices, euro per capita;P31_S14_S15;Household and NPISH final consumption expenditure;PT;Portugal;2010;2010;
A;Annual;CP_NAC_HAB;Current prices, units of national currency per capita;P31_S14_S15;Household and NPISH final consumption expenditure;PT;Portugal;2010;2010;
A;Annual;CP_PPS_EU27_2020_HAB;Current prices, purchasing power standard (PPS, EU27 from 2020) per capita;P31_S14_S15;Household and NPISH final consumption expenditure;PT;Portugal;2010;2010;
A;Annual;CLV_I20_HAB;Chain linked volumes, Index 2020=100, per capita;P31_S14_S15;Household and NPISH final consumption expenditure;PT;Portugal;2010;2010;
A;Annual;CLV_I15_HAB;Chain linked volumes, Index 2015=100, per capita;P31_S14_S15;Household and NPISH final consumption expenditure;PT;Portugal;2010;2010;
A;Annual;CLV_I10_HAB;Chain linked volumes, Index 2010=100, per capita;P31_S14_S15;Household and NPISH final consumption expenditure;PT;Portugal;2010;2010;
A;Annual;CLV20_EUR_HAB;Chain linked volumes (2020), euro per capita;P31_S14_S15;Household and NPISH final consumption expenditure;PT;Portugal;2010;2010;
A;Annual;CLV15_EUR_HAB;Chain linked volumes (2015), euro per capita;P31_S14_S15;Household and NPISH final consumption expenditure;PT;Portugal;2010;2010;
A;Annual;CLV10_EUR_HAB;Chain linked volumes (2010), euro per capita;P31_S14_S15;Household and NPISH final consumption expenditure;PT;Portugal;2010;2010;
A;Annual;CLV_PCH_PRE_HAB;Chain linked volumes, percentage change on previous period, per capita;P31_S14_S15;Household and NPISH final consumption expenditure;PT;Portugal;2010;2010;
A;Annual;PC_EU27_2020_HAB_MEUR_CP;Percentage of EU27 (from 2020) total per capita (based on million euro, EU27 from 2020), current prices;P31_S14;Final consumption expenditure of households;PT;Portugal;2010;2010;
A;Annual;PC_EU27_2020_HAB_MPPS_CP;Percentage of EU27 (from 2020) total per capita (based on million purchasing power standards, EU27 from 2020), current prices;P31_S14;Final consumption expenditure of households;PT;Portugal;2010;2010;
A;Annual;CP_EUR_HAB;Current prices, euro per capita;P31_S14;Final consumption expenditure of households;PT;Portugal;2010;2010;
A;Annual;CP_NAC_HAB;Current prices, units of national currency per capita;P31_S14;Final consumption expenditure of households;PT;Portugal;2010;2010;
A;Annual;CP_PPS_EU27_2020_HAB;Current prices, purchasing power standard (PPS, EU27 from 2020) per capita;P31_S14;Final consumption expenditure of households;PT;Portugal;2010;2010;
A;Annual;CLV_I20_HAB;Chain linked volumes, Index 2020=100, per capita;P31_S14;Final consumption expenditure of households;PT;Portugal;2010;2010;
A;Annual;CLV_I15_HAB;Chain linked volumes, Index 2015=100, per capita;P31_S14;Final consumption expenditure of households;PT;Portugal;2010;2010;
A;Annual;CLV_I10_HAB;Chain linked volumes, Index 2010=100, per capita;P31_S14;Final consumption expenditure of households;PT;Portugal;2010;2010;
A;Annual;CLV20_EUR_HAB;Chain linked volumes (2020), euro per capita;P31_S14;Final consumption expenditure of households;PT;Portugal;2010;2010;
A;Annual;CLV15_EUR_HAB;Chain linked volumes (2015), euro per capita;P31_S14;Final consumption expenditure of households;PT;Portugal;2010;2010;
A;Annual;CLV10_EUR_HAB;Chain linked volumes (2010), euro per capita;P31_S14;Final consumption expenditure of households;PT;Portugal;2010;2010;
A;Annual;CLV_PCH_PRE_HAB;Chain linked volumes, percentage change on previous period, per capita;P31_S14;Final consumption expenditure of households;PT;Portugal;2010;2010;
A;Annual;PC_EU27_2020_HAB_MEUR_CP;Percentage of EU27 (from 2020) total per capita (based on million euro, EU27 from 2020), current prices;P31_S15;Final consumption expenditure of NPISH;PT;Portugal;2010;2010;
A;Annual;PC_EU27_2020_HAB_MPPS_CP;Percentage of EU27 (from 2020) total per capita (based on million purchasing power standards, EU27 from 2020), current prices;P31_S15;Final consumption expenditure of NPISH;PT;Portugal;2010;2010;
A;Annual;CP_EUR_HAB;Current prices, euro per capita;P31_S15;Final consumption expenditure of NPISH;PT;Portugal;2010;2010;
A;Annual;CP_NAC_HAB;Current prices, units of national currency per capita;P31_S15;Final consumption expenditure of NPISH;PT;Portugal;2010;2010;
A;Annual;CP_PPS_EU27_2020_HAB;Current prices, purchasing power standard (PPS, EU27 from 2020) per capita;P31_S15;Final consumption expenditure of NPISH;PT;Portugal;2010;2010;
A;Annual;CLV_I20_HAB;Chain linked volumes, Index 2020=100, per capita;P31_S15;Final consumption expenditure of NPISH;PT;Portugal;2010;2010;
A;Annual;CLV_I15_HAB;Chain linked volumes, Index 2015=100, per capita;P31_S15;Final consumption expenditure of NPISH;PT;Portugal;2010;2010;
A;Annual;CLV_I10_HAB;Chain linked volumes, Index 2010=100, per capita;P31_S15;Final consumption expenditure of NPISH;PT;Portugal;2010;2010;
A;Annual;CLV20_EUR_HAB;Chain linked volumes (2020), euro per capita;P31_S15;Final consumption expenditure of NPISH;PT;Portugal;2010;2010;210.0
A;Annual;CLV15_EUR_HAB;Chain linked volumes (2015), euro per capita;P31_S15;Final consumption expenditure of NPISH;PT;Portugal;2010;2010;260.0
A;Annual;CLV10_EUR_HAB;Chain linked volumes (2010), euro per capita;P31_S15;Final consumption expenditure of NPISH;PT;Portugal;2010;2010;210.0
A;Annual;CLV_PCH_PRE_HAB;Chain linked volumes, percentage change on previous period, per capita;P31_S15;Final consumption expenditure of NPISH;PT;Portugal;2010;2010;170.0
A;Annual;PC_EU27_2020_HAB_MEUR_CP;Percentage of EU27 (from 2020) total per capita (based on million euro, EU27 from 2020), current prices;P41;Actual individual consumption;PT;Portugal;2010;2010;140.0
A;Annual;PC_EU27_2020_HAB_MPPS_CP;Percentage of EU27 (from 2020) total per capita (based on million purchasing power standards, EU27 from 2020), current prices;P41;Actual individual consumption;PT;Portugal;2010;2010;110.0
A;Annual;CP_EUR_HAB;Current prices, euro per capita;P41;Actual individual consumption;PT;Portugal;2010;2010;140.0
A;Annual;CP_NAC_HAB;Current prices, units of national currency per capita;P41;Actual individual consumption;PT;Portugal;2010;2010;160.0
A;Annual;CP_PPS_EU27_2020_HAB;Current prices, purchasing power standard (PPS, EU27 from 2020) per capita;P41;Actual individual consumption;PT;Portugal;2010;2010;160.0
A;Annual;CLV_I20_HAB;Chain linked volumes, Index 2020=100, per capita;P41;Actual individual consumption;PT;Portugal;2010;2010;170.0
A;Annual;CLV_I15_HAB;Chain linked volumes, Index 2015=100, per capita;P41;Actual individual consumption;PT;Portugal;2010;2010;170.0
A;Annual;CLV_I10_HAB;Chain linked volumes, Index 2010=100, per capita;P41;Actual individual consumption;PT;Portugal;2010;2010;170.0
A;Annual;CLV20_EUR_HAB;Chain linked volumes (2020), euro per capita;P41;Actual individual consumption;PT;Portugal;2010;2010;180.0
A;Annual;CLV15_EUR_HAB;Chain linked volumes (2015), euro per capita;P41;Actual individual consumption;PT;Portugal;2010;2010;200.0
A;Annual;CLV10_EUR_HAB;Chain linked volumes (2010), euro per capita;P41;Actual individual consumption;PT;Portugal;2010;2010;210.0
A;Annual;CLV_PCH_PRE_HAB;Chain linked volumes, percentage change on previous period, per capita;P41;Actual individual consumption;PT;Portugal;2010;2010;210.0
A;Annual;PC_EU27_2020_HAB_MEUR_CP;Percentage of EU27 (from 2020) total per capita (based on million euro, EU27 from 2020), current prices;B1GQ;Gross domestic product at market prices;PT;Portugal;2011;2011;430.0
A;Annual;PC_EU27_2020_HAB_MPPS_CP;Percentage of EU27 (from 2020) total per capita (based on million purchasing power standards, EU27 from 2020), current prices;B1GQ;Gross domestic product at market prices;PT;Portugal;2011;2011;440.0
A;Annual;CP_EUR_HAB;Current prices, euro per capita;B1GQ;Gross domestic product at market prices;PT;Portugal;2011;2011;450.0
A;Annual;CP_NAC_HAB;Current prices, units of national currency per capita;B1GQ;Gross domestic product at market prices;PT;Portugal;2011;2011;450.0
A;Annual;CP_PPS_EU27_2020_HAB;Current prices, purchasing power standard (PPS, EU27 from 2020) per capita;B1GQ;Gross domestic product at market prices;PT;Portugal;2011;2011;460.0
A;Annual;CLV_I20_HAB;Chain linked volumes, Index 2020=100, per capita;B1GQ;Gross domestic product at market prices;PT;Portugal;2011;2011;470.0
A;Annual;CLV_I15_HAB;Chain linked volumes, Index 2015=100, per capita;B1GQ;Gross domestic product at market prices;PT;Portugal;2011;2011;460.0
A;Annual;CLV_I10_HAB;Chain linked volumes, Index 2010=100, per capita;B1GQ;Gross domestic product at market prices;PT;Portugal;2011;2011;460.0
A;Annual;CLV20_EUR_HAB;Chain linked volumes (2020), euro per capita;B1GQ;Gross domestic product at market prices;PT;Portugal;2011;2011;460.0
A;Annual;CLV15_EUR_HAB;Chain linked volumes (2015), euro per capita;B1GQ;Gross domestic product at market prices;PT;Portugal;2011;2011;470.0
A;Annual;CLV10_EUR_HAB;Chain linked volumes (2010), euro per capita;B1GQ;Gross domestic product at market prices;PT;Portugal;2011;2011;470.0
A;Annual;CLV_PCH_PRE_HAB;Chain linked volumes, percentage change on previous period, per capita;B1GQ;Gross domestic product at market prices;PT;Portugal;2011;2011;480.0
A;Annual;PC_EU27_2020_HAB_MEUR_CP;Percentage of EU27 (from 2020) total per capita (based on million euro, EU27 from 2020), current prices;P3;Final consumption expenditure;PT;Portugal;2011;2011;490.0
A;Annual;PC_EU27_2020_HAB_MPPS_CP;Percentage of EU27 (from 2020) total per capita (based on million purchasing power standards, EU27 from 2020), current prices;P3;Final consumption expenditure;PT;Portugal;2011;2011;490.0
A;Annual;CP_EUR_HAB;Current prices, euro per capita;P3;Final consumption expenditure;PT;Portugal;2011;2011;500.0
A;Annual;CP_NAC_HAB;Current prices, units of national currency per capita;P3;Final consumption expenditure;PT;Portugal;2011;2011;470.0
A;Annual;CP_PPS_EU27_2020_HAB;Current prices, purchasing power standard (PPS, EU27 from 2020) per capita;P3;Final consumption expenditure;PT;Portugal;2011;2011;490.0
A;Annual;CLV_I20_HAB;Chain linked volumes, Index 2020=100, per capita;P3;Final consumption expenditure;PT;Portugal;2011;2011;510.0
A;Annual;CLV_I15_HAB;Chain linked volumes, Index 2015=100, per capita;P3;Final consumption expenditure;PT;Portugal;2011;2011;510.0
A;Annual;CLV_I10_HAB;Chain linked volumes, Index 2010=100, per capita;P3;Final consumption expenditure;PT;Portugal;2011;2011;520.0
A;Annual;CLV20_EUR_HAB;Chain linked volumes (2020), euro per capita;P3;Final consumption expenditure;PT;Portugal;2011;2011;
A;Annual;CLV15_EUR_HAB;Chain linked volumes (2015), euro per capita;P3;Final consumption expenditure;PT;Portugal;2011;2011;
A;Annual;CLV10_EUR_HAB;Chain linked volumes (2010), euro per capita;P3;Final consumption expenditure;PT;Portugal;2011;2011;
A;Annual;CLV_PCH_PRE_HAB;Chain linked volumes, percentage change on previous period, per capita;P3;Final consumption expenditure;PT;Portugal;2011;2011;
A;Annual;PC_EU27_2020_HAB_MEUR_CP;Percentage of EU27 (from 2020) total per capita (based on million euro, EU27 from 2020), current prices;P3_S13;Final consumption expenditure of general government;PT;Portugal;2011;2011;
A;Annual;PC_EU27_2020_HAB_MPPS_CP;Percentage of EU27 (from 2020) total per capita (based on million purchasing power standards, EU27 from 2020), current prices;P3_S13;Final consumption expenditure of general government;PT;Portugal;2011;2011;
A;Annual;CP_EUR_HAB;Current prices, euro per capita;P3_S13;Final consumption expenditure of general government;PT;Portugal;2011;2011;
A;Annual;CP_NAC_HAB;Current prices, units of national currency per capita;P3_S13;Final consumption expenditure of general government;PT;Portugal;2011;2011;
A;Annual;CP_PPS_EU27_2020_HAB;Current prices, purchasing power standard (PPS, EU27 from 2020) per capita;P3_S13;Final consumption expenditure of general government;PT;Portugal;2011;2011;
A;Annual;CLV_I20_HAB;Chain linked volumes, Index 2020=100, per capita;P3_S13;Final consumption expenditure of general government;PT;Portugal;2011;2011;
A;Annual;CLV_I15_HAB;Chain linked volumes, Index 2015=100, per capita;P3_S13;Final consumption expenditure of general government;PT;Portugal;2011;2011;
A;Annual;CLV_I10_HAB;Chain linked volumes, Index 2010=100, per capita;P3_S13;Final consumption expenditure of general government;PT;Portugal;2011;2011;
A;Annual;CLV20_EUR_HAB;Chain linked volumes (2020), euro per capita;P3_S13;Final consumption expenditure of general government;PT;Portugal;2011;2011;
A;Annual;CLV15_EUR_HAB;Chain linked volumes (2015), euro per capita;P3_S13;Final consumption expenditure of general government;PT;Portugal;2011;2011;
A;Annual;CLV10_EUR_HAB;Chain linked volumes (2010), euro per capita;P3_S13;Final consumption expenditure of general government;PT;Portugal;2011;2011;
A;Annual;CLV_PCH_PRE_HAB;Chain linked volumes, percentage change on previous period, per capita;P3_S13;Final consumption expenditure of general government;PT;Portugal;2011;2011;
A;Annual;PC_EU27_2020_HAB_MEUR_CP;Percentage of EU27 (from 2020) total per capita (based on million euro, EU27 from 2020), current prices;P31_S13;Individual consumption expenditure of general government;PT;Portugal;2011;2011;
A;Annual;PC_EU27_2020_HAB_MPPS_CP;Percentage of EU27 (from 2020) total per capita (based on million purchasing power standards, EU27 from 2020), current prices;P31_S13;Individual consumption expenditure of general government;PT;Portugal;2011;2011;
A;Annual;CP_EUR_HAB;Current prices, euro per capita;P31_S13;Individual consumption expenditure of general government;PT;Portugal;2011;2011;
A;Annual;CP_NAC_HAB;Current prices, units of national currency per capita;P31_S13;Individual consumption expenditure of general government;PT;Portugal;2011;2011;
A;Annual;CP_PPS_EU27_2020_HAB;Current prices, purchasing power standard (PPS, EU27 from 2020) per capita;P31_S13;Individual consumption expenditure of general government;PT;Portugal;2011;2011;340.0
A;Annual;CLV_I20_HAB;Chain linked volumes, Index 2020=100, per capita;P31_S13;Individual consumption expenditure of general government;PT;Portugal;2011;2011;330.0
A;Annual;CLV_I15_HAB;Chain linked volumes, Index 2015=100, per capita;P31_S13;Individual consumption expenditure of general government;PT;Portugal;2011;2011;340.0
A;Annual;CLV_I10_HAB;Chain linked volumes, Index 2010=100, per capita;P31_S13;Individual consumption expenditure of general government;PT;Portugal;2011;2011;350.0
A;Annual;CLV20_EUR_HAB;Chain linked volumes (2020), euro per capita;P31_S13;Individual consumption expenditure of general government;PT;Portugal;2011;2011;370.0
A;Annual;CLV15_EUR_HAB;Chain linked volumes (2015), euro per capita;P31_S13;Individual consumption expenditure of general government;PT;Portugal;2011;2011;390.0
A;Annual;CLV10_EUR_HAB;Chain linked volumes (2010), euro per capita;P31_S13;Individual consumption expenditure of general government;PT;Portugal;2011;2011;400.0
A;Annual;CLV_PCH_PRE_HAB;Chain linked volumes, percentage change on previous period, per capita;P31_S13;Individual consumption expenditure of general government;PT;Portugal;2011;2011;410.0
A;Annual;PC_EU27_2020_HAB_MEUR_CP;Percentage of EU27 (from 2020) total per capita (based on million euro, EU27 from 2020), current prices;P32_S13;Collective consumption expenditure of general government;PT;Portugal;2011;2011;410.0
A;Annual;PC_EU27_2020_HAB_MPPS_CP;Percentage of EU27 (from 2020) total per capita (based on million purchasing power standards, EU27 from 2020), current prices;P32_S13;Collective consumption expenditure of general government;PT;Portugal;2011;2011;410.0
A;Annual;CP_EUR_HAB;Current prices, euro per capita;P32_S13;Collective consumption expenditure of general government;PT;Portugal;2011;2011;410.0
A;Annual;CP_NAC_HAB;Current prices, units of national currency per capita;P32_S13;Collective consumption expenditure of general government;PT;Portugal;2011;2011;420.0
A;Annual;CP_PPS_EU27_2020_HAB;Current prices, purchasing power standard (PPS, EU27 from 2020) per capita;P32_S13;Collective consumption expenditure of general government;PT;Portugal;2011;2011;440.0
A;Annual;CLV_I20_HAB;Chain linked volumes, Index 2020=100, per capita;P32_S13;Collective consumption expenditure of general government;PT;Portugal;2011;2011;430.0
A;Annual;CLV_I15_HAB;Chain linked volumes, Index 2015=100, per capita;P32_S13;Collective consumption expenditure of general government;PT;Portugal;2011;2011;450.0
A;Annual;CLV_I10_HAB;Chain linked volumes, Index 2010=100, per capita;P32_S13;Collective consumption expenditure of general government;PT;Portugal;2011;2011;460.0
A;Annual;CLV20_EUR_HAB;Chain linked volumes (2020), euro per capita;P32_S13;Collective consumption expenditure of general government;PT;Portugal;2011;2011;450.0
A;Annual;CLV15_EUR_HAB;Chain linked volumes (2015), euro per capita;P32_S13;Collective consumption expenditure of general government;PT;Portugal;2011;2011;450.0
A;Annual;CLV10_EUR_HAB;Chain linked volumes (2010), euro per capita;P32_S13;Collective consumption expenditure of general government;PT;Portugal;2011;2011;450.0
A;Annual;CLV_PCH_PRE_HAB;Chain linked volumes, percentage change on previous period, per capita;P32_S13;Collective consumption expenditure of general government;PT;Portugal;2011;2011;460.0
A;Annual;PC_EU27_2020_HAB_MEUR_CP;Percentage of EU27 (from 2020) total per capita (based on million euro, EU27 from 2020), current prices;P31_S14_S15;Household and NPISH final consumption expenditure;PT;Portugal;2011;2011;470.0
A;Annual;PC_EU27_2020_HAB_MPPS_CP;Percentage of EU27 (from 2020) total per capita (based on million purchasing power standards, EU27 from 2020), current prices;P31_S14_S15;Household and NPISH final consumption expenditure;PT;Portugal;2011;2011;480.0
A;Annual;CP_EUR_HAB;Current prices, euro per capita;P31_S14_S15;Household and NPISH final consumption expenditure;PT;Portugal;2011;2011;490.0
A;Annual;CP_NAC_HAB;Current prices, units of national currency per capita;P31_S14_S15;Household and NPISH final consumption expenditure;PT;Portugal;2011;2011;490.0
A;Annual;CP_PPS_EU27_2020_HAB;Current prices, purchasing power standard (PPS, EU27 from 2020) per capita;P31_S14_S15;Household and NPISH final consumption expenditure;PT;Portugal;2011;2011;490.0
A;Annual;CLV_I20_HAB;Chain linked volumes, Index 2020=100, per capita;P31_S14_S15;Household and NPISH final consumption expenditure;PT;Portugal;2011;2011;470.0
A;Annual;CLV_I15_HAB;Chain linked volumes, Index 2015=100, per capita;P31_S14_S15;Household and NPISH final consumption expenditure;PT;Portugal;2011;2011;490.0
A;Annual;CLV_I10_HAB;Chain linked volumes, Index 2010=100, per capita;P31_S14_S15;Household and NPISH final consumption expenditure;PT;Portugal;2011;2011;510.0
A;Annual;CLV20_EUR_HAB;Chain linked volumes (2020), euro per capita;P31_S14_S15;Household and NPISH final consumption expenditure;PT;Portugal;2011;2011;510.0
A;Annual;CLV15_EUR_HAB;Chain linked volumes (2015), euro per capita;P31_S14_S15;Household and NPISH final consumption expenditure;PT;Portugal;2011;2011;520.0
A;Annual;CLV10_EUR_HAB;Chain linked volumes (2010), euro per capita;P31_S14_S15;Household and NPISH final consumption expenditure;PT;Portugal;2011;2011;
A;Annual;CLV_PCH_PRE_HAB;Chain linked volumes, percentage change on previous period, per capita;P31_S14_S15;Household and NPISH final consumption expenditure;PT;Portugal;2011;2011;
A;Annual;PC_EU27_2020_HAB_MEUR_CP;Percentage of EU27 (from 2020) total per capita (based on million euro, EU27 from 2020), current prices;P31_S14;Final consumption expenditure of households;PT;Portugal;2011;2011;
A;Annual;PC_EU27_2020_HAB_MPPS_CP;Percentage of EU27 (from 2020) total per capita (based on million purchasing power standards, EU27 from 2020), current prices;P31_S14;Final consumption expenditure of households;PT;Portugal;2011;2011;
A;Annual;CP_EUR_HAB;Current prices, euro per capita;P31_S14;Final consumption expenditure of households;PT;Portugal;2011;2011;
A;Annual;CP_NAC_HAB;Current prices, units of national currency per capita;P31_S14;Final consumption expenditure of households;PT;Portugal;2011;2011;
A;Annual;CP_PPS_EU27_2020_HAB;Current prices, purchasing power standard (PPS, EU27 from 2020) per capita;P31_S14;Final consumption expenditure of households;PT;Portugal;2011;2011;
A;Annual;CLV_I20_HAB;Chain linked volumes, Index 2020=100, per capita;P31_S14;Final consumption expenditure of households;PT;Portugal;2011;2011;
A;Annual;CLV_I15_HAB;Chain linked volumes, Index 2015=100, per capita;P31_S14;Final consumption expenditure of households;PT;Portugal;2011;2011;
A;Annual;CLV_I10_HAB;Chain linked volumes, Index 2010=100, per capita;P31_S14;Final consumption expenditure of households;PT;Portugal;2011;2011;
A;Annual;CLV20_EUR_HAB;Chain linked volumes (2020), euro per capita;P31_S14;Final consumption expenditure of households;PT;Portugal;2011;2011;
A;Annual;CLV15_EUR_HAB;Chain linked volumes (2015), euro per capita;P31_S14;Final consumption expenditure of households;PT;Portugal;2011;2011;
A;Annual;CLV10_EUR_HAB;Chain linked volumes (2010), euro per capita;P31_S14;Final consumption expenditure of households;PT;Portugal;2011;2011;
A;Annual;CLV_PCH_PRE_HAB;Chain linked volumes, percentage change on previous period, per capita;P31_S14;Final consumption expenditure of households;PT;Portugal;2011;2011;
A;Annual;PC_EU27_2020_HAB_MEUR_CP;Percentage of EU27 (from 2020) total per capita (based on million euro, EU27 from 2020), current prices;P31_S15;Final consumption expenditure of NPISH;PT;Portugal;2011;2011;
A;Annual;PC_EU27_2020_HAB_MPPS_CP;Percentage of EU27 (from 2020) total per capita (based on million purchasing power standards, EU27 from 2020), current prices;P31_S15;Final consumption expenditure of NPISH;PT;Portugal;2011;2011;
A;Annual;CP_EUR_HAB;Current prices, euro per capita;P31_S15;Final consumption expenditure of NPISH;PT;Portugal;2011;2011;
A;Annual;CP_NAC_HAB;Current prices, units of national currency per capita;P31_S15;Final consumption expenditure of NPISH;PT;Portugal;2011;2011;
A;Annual;CP_PPS_EU27_2020_HAB;Current prices, purchasing power standard (PPS, EU27 from 2020) per capita;P31_S15;Final consumption expenditure of NPISH;PT;Portugal;2011;2011;
A;Annual;CLV_I20_HAB;Chain linked volumes, Index 2020=100, per capita;P31_S15;Final consumption expenditure of NPISH;PT;Portugal;2011;2011;
A;Annual;CLV_I15_HAB;Chain linked volumes, Index 2015=100, per capita;P31_S15;Final consumption expenditure of NPISH;PT;Portugal;2011;2011;340.0
A;Annual;CLV_I10_HAB;Chain linked volumes, Index 2010=100, per capita;P31_S15;Final consumption expenditure of NPISH;PT;Portugal;2011;2011;340.0
A;Annual;CLV20_EUR_HAB;Chain linked volumes (2020), euro per capita;P31_S15;Final consumption expenditure of NPISH;PT;Portugal;2011;2011;350.0
A;Annual;CLV15_EUR_HAB;Chain linked volumes (2015), euro per capita;P31_S15;Final consumption expenditure of NPISH;PT;Portugal;2011;2011;360.0
A;Annual;CLV10_EUR_HAB;Chain linked volumes (2010), euro per capita;P31_S15;Final consumption expenditure of NPISH;PT;Portugal;2011;2011;380.0
A;Annual;CLV_PCH_PRE_HAB;Chain linked volumes, percentage change on previous period, per capita;P31_S15;Final consumption expenditure of NPISH;PT;Portugal;2011;2011;390.0
A;Annual;PC_EU27_2020_HAB_MEUR_CP;Percentage of EU27 (from 2020) total per capita (based on million euro, EU27 from 2020), current prices;P41;Actual individual consumption;PT;Portugal;2011;2011;400.0
A;Annual;PC_EU27_2020_HAB_MPPS_CP;Percentage of EU27 (from 2020) total per capita (based on million purchasing power standards, EU27 from 2020), current prices;P41;Actual individual consumption;PT;Portugal;2011;2011;420.0
A;Annual;CP_EUR_HAB;Current prices, euro per capita;P41;Actual individual consumption;PT;Portugal;2011;2011;410.0
A;Annual;CP_NAC_HAB;Current prices, units of national currency per capita;P41;Actual individual consumption;PT;Portugal;2011;2011;420.0
A;Annual;CP_PPS_EU27_2020_HAB;Current prices, purchasing power standard (PPS, EU27 from 2020) per capita;P41;Actual individual consumption;PT;Portugal;2011;2011;420.0
A;Annual;CLV_I20_HAB;Chain linked volumes, Index 2020=100, per capita;P41;Actual individual consumption;PT;Portugal;2011;2011;430.0
A;Annual;CLV_I15_HAB;Chain linked volumes, Index 2015=100, per capita;P41;Actual individual consumption;PT;Portugal;2011;2011;440.0
A;Annual;CLV_I10_HAB;Chain linked volumes, Index 2010=100, per capita;P41;Actual individual consumption;PT;Portugal;2011;2011;440.0
A;Annual;CLV20_EUR_HAB;Chain linked volumes (2020), euro per capita;P41;Actual individual consumption;PT;Portugal;2011;2011;450.0
A;Annual;CLV15_EUR_HAB;Chain linked volumes (2015), euro per capita;P41;Actual individual consumption;PT;Portugal;2011;2011;460.0
A;Annual;CLV10_EUR_HAB;Chain linked volumes (2010), euro per capita;P41;Actual individual consumption;PT;Portugal;2011;2011;460.0
A;Annual;CLV_PCH_PRE_HAB;Chain linked volumes, percentage change on previous period, per capita;P41;Actual individual consumption;PT;Portugal;2011;2011;460.0
A;Annual;PC_EU27_2020_HAB_MEUR_CP;Percentage of EU27 (from 2020) total per capita (based on million euro, EU27 from 2020), current prices;B1GQ;Gross domestic product at market prices;PT;Portugal;2012;2012;48820.0
A;Annual;PC_EU27_2020_HAB_MPPS_CP;Percentage of EU27 (from 2020) total per capita (based on million purchasing power standards, EU27 from 2020), current prices;B1GQ;Gross domestic product at market prices;PT;Portugal;2012;2012;48330.0
A;Annual;CP_EUR_HAB;Current prices, euro per capita;B1GQ;Gross domestic product at market prices;PT;Portugal;2012;2012;45680.0
A;Annual;CP_NAC_HAB;Current prices, units of national currency per capita;B1GQ;Gross domestic product at market prices;PT;Portugal;2012;2012;46190.0
A;Annual;CP_PPS_EU27_2020_HAB;Current prices, purchasing power standard (PPS, EU27 from 2020) per capita;B1GQ;Gross domestic product at market prices;PT;Portugal;2012;2012;46610.0
A;Annual;CLV_I20_HAB;Chain linked volumes, Index 2020=100, per capita;B1GQ;Gross domestic product at market prices;PT;Portugal;2012;2012;46430.0
A;Annual;CLV_I15_HAB;Chain linked volumes, Index 2015=100, per capita;B1GQ;Gross domestic product at market prices;PT;Portugal;2012;2012;46890.0
A;Annual;CLV_I10_HAB;Chain linked volumes, Index 2010=100, per capita;B1GQ;Gross domestic product at market prices;PT;Portugal;2012;2012;47240.0
A;Annual;CLV20_EUR_HAB;Chain linked volumes (2020), euro per capita;B1GQ;Gross domestic product at market prices;PT;Portugal;2012;2012;47900.0
A;Annual;CLV15_EUR_HAB;Chain linked volumes (2015), euro per capita;B1GQ;Gross domestic product at market prices;PT;Portugal;2012;2012;48970.0
A;Annual;CLV10_EUR_HAB;Chain linked volumes (2010), euro per capita;B1GQ;Gross domestic product at market prices;PT;Portugal;2012;2012;50150.0
A;Annual;CLV_PCH_PRE_HAB;Chain linked volumes, percentage change on previous period, per capita;B1GQ;Gross domestic product at market prices;PT;Portugal;2012;2012;50830.0
A;Annual;PC_EU27_2020_HAB_MEUR_CP;Percentage of EU27 (from 2020) total per capita (based on million euro, EU27 from 2020), current prices;P3;Final consumption expenditure;PT;Portugal;2012;2012;51500.0
A;Annual;PC_EU27_2020_HAB_MPPS_CP;Percentage of EU27 (from 2020) total per capita (based on million purchasing power standards, EU27 from 2020), current prices;P3;Final consumption expenditure;PT;Portugal;2012;2012;50470.0
A;Annual;CP_EUR_HAB;Current prices, euro per capita;P3;Final consumption expenditure;PT;Portugal;2012;2012;53520.0
A;Annual;CP_NAC_HAB;Current prices, units of national currency per capita;P3;Final consumption expenditure;PT;Portugal;2012;2012;53290.0
A;Annual;CP_PPS_EU27_2020_HAB;Current prices, purchasing power standard (PPS, EU27 from 2020) per capita;P3;Final consumption expenditure;PT;Portugal;2012;2012;53230.0
A;Annual;CLV_I20_HAB;Chain linked volumes, Index 2020=100, per capita;P3;Final consumption expenditure;PT;Portugal;2012;2012;54820.0
A;Annual;CLV_I15_HAB;Chain linked volumes, Index 2015=100, per capita;P3;Final consumption expenditure;PT;Portugal;2012;2012;
A;Annual;CLV_I10_HAB;Chain linked volumes, Index 2010=100, per capita;P3;Final consumption expenditure;PT;Portugal;2012;2012;
A;Annual;CLV20_EUR_HAB;Chain linked volumes (2020), euro per capita;P3;Final consumption expenditure;PT;Portugal;2012;2012;
A;Annual;CLV15_EUR_HAB;Chain linked volumes (2015), euro per capita;P3;Final consumption expenditure;PT;Portugal;2012;2012;
A;Annual;CLV10_EUR_HAB;Chain linked volumes (2010), euro per capita;P3;Final consumption expenditure;PT;Portugal;2012;2012;
A;Annual;CLV_PCH_PRE_HAB;Chain linked volumes, percentage change on previous period, per capita;P3;Final consumption expenditure;PT;Portugal;2012;2012;
A;Annual;PC_EU27_2020_HAB_MEUR_CP;Percentage of EU27 (from 2020) total per capita (based on million euro, EU27 from 2020), current prices;P3_S13;Final consumption expenditure of general government;PT;Portugal;2012;2012;
A;Annual;PC_EU27_2020_HAB_MPPS_CP;Percentage of EU27 (from 2020) total per capita (based on million purchasing power standards, EU27 from 2020), current prices;P3_S13;Final consumption expenditure of general government;PT;Portugal;2012;2012;
A;Annual;CP_EUR_HAB;Current prices, euro per capita;P3_S13;Final consumption expenditure of general government;PT;Portugal;2012;2012;
A;Annual;CP_NAC_HAB;Current prices, units of national currency per capita;P3_S13;Final consumption expenditure of general government;PT;Portugal;2012;2012;
A;Annual;CP_PPS_EU27_2020_HAB;Current prices, purchasing power standard (PPS, EU27 from 2020) per capita;P3_S13;Final consumption expenditure of general government;PT;Portugal;2012;2012;
A;Annual;CLV_I20_HAB;Chain linked volumes, Index 2020=100, per capita;P3_S13;Final consumption expenditure of general government;PT;Portugal;2012;2012;
A;Annual;CLV_I15_HAB;Chain linked volumes, Index 2015=100, per capita;P3_S13;Final consumption expenditure of general government;PT;Portugal;2012;2012;
A;Annual;CLV_I10_HAB;Chain linked volumes, Index 2010=100, per capita;P3_S13;Final consumption expenditure of general government;PT;Portugal;2012;2012;
A;Annual;CLV20_EUR_HAB;Chain linked volumes (2020), euro per capita;P3_S13;Final consumption expenditure of general government;PT;Portugal;2012;2012;
A;Annual;CLV15_EUR_HAB;Chain linked volumes (2015), euro per capita;P3_S13;Final consumption expenditure of general government;PT;Portugal;2012;2012;
A;Annual;CLV10_EUR_HAB;Chain linked volumes (2010), euro per capita;P3_S13;Final consumption expenditure of general government;PT;Portugal;2012;2012;28010.0
A;Annual;CLV_PCH_PRE_HAB;Chain linked volumes, percentage change on previous period, per capita;P3_S13;Final consumption expenditure of general government;PT;Portugal;2012;2012;28380.0
A;Annual;PC_EU27_2020_HAB_MEUR_CP;Percentage of EU27 (from 2020) total per capita (based on million euro, EU27 from 2020), current prices;P31_S13;Individual consumption expenditure of general government;PT;Portugal;2012;2012;27950.0
A;Annual;PC_EU27_2020_HAB_MPPS_CP;Percentage of EU27 (from 2020) total per capita (based on million purchasing power standards, EU27 from 2020), current prices;P31_S13;Individual consumption expenditure of general government;PT;Portugal;2012;2012;28610.0
A;Annual;CP_EUR_HAB;Current prices, euro per capita;P31_S13;Individual consumption expenditure of general government;PT;Portugal;2012;2012;28980.0
A;Annual;CP_NAC_HAB;Current prices, units of national currency per capita;P31_S13;Individual consumption expenditure of general government;PT;Portugal;2012;2012;29220.0
A;Annual;CP_PPS_EU27_2020_HAB;Current prices, purchasing power standard (PPS, EU27 from 2020) per capita;P31_S13;Individual consumption expenditure of general government;PT;Portugal;2012;2012;29750.0
A;Annual;CLV_I20_HAB;Chain linked volumes, Index 2020=100, per capita;P31_S13;Individual consumption expenditure of general government;PT;Portugal;2012;2012;30400.0
A;Annual;CLV_I15_HAB;Chain linked volumes, Index 2015=100, per capita;P31_S13;Individual consumption expenditure of general government;PT;Portugal;2012;2012;31050.0
A;Annual;CLV_I10_HAB;Chain linked volumes, Index 2010=100, per capita;P31_S13;Individual consumption expenditure of general government;PT;Portugal;2012;2012;31930.0
A;Annual;CLV20_EUR_HAB;Chain linked volumes (2020), euro per capita;P31_S13;Individual consumption expenditure of general government;PT;Portugal;2012;2012;32430.0
A;Annual;CLV15_EUR_HAB;Chain linked volumes (2015), euro per capita;P31_S13;Individual consumption expenditure of general government;PT;Portugal;2012;2012;32330.0
A;Annual;CLV10_EUR_HAB;Chain linked volumes (2010), euro per capita;P31_S13;Individual consumption expenditure of general government;PT;Portugal;2012;2012;32170.0
A;Annual;CLV_PCH_PRE_HAB;Chain linked volumes, percentage change on previous period, per capita;P31_S13;Individual consumption expenditure of general government;PT;Portugal;2012;2012;32580.0
A;Annual;PC_EU27_2020_HAB_MEUR_CP;Percentage of EU27 (from 2020) total per capita (based on million euro, EU27 from 2020), current prices;P32_S13;Collective consumption expenditure of general government;PT;Portugal;2012;2012;32920.0
A;Annual;PC_EU27_2020_HAB_MPPS_CP;Percentage of EU27 (from 2020) total per capita (based on million purchasing power standards, EU27 from 2020), current prices;P32_S13;Collective consumption expenditure of general government;PT;Portugal;2012;2012;34260.0
A;Annual;CP_EUR_HAB;Current prices, euro per capita;P32_S13;Collective consumption expenditure of general government;PT;Portugal;2012;2012;35330.0
A;Annual;CP_NAC_HAB;Current prices, units of national currency per capita;P32_S13;Collective consumption expenditure of general government;PT;Portugal;2012;2012;35750.0
A;Annual;CP_PPS_EU27_2020_HAB;Current prices, purchasing power standard (PPS, EU27 from 2020) per capita;P32_S13;Collective consumption expenditure of general government;PT;Portugal;2012;2012;33880.0
A;Annual;CLV_I20_HAB;Chain linked volumes, Index 2020=100, per capita;P32_S13;Collective consumption expenditure of general government;PT;Portugal;2012;2012;35370.0
A;Annual;CLV_I15_HAB;Chain linked volumes, Index 2015=100, per capita;P32_S13;Collective consumption expenditure of general government;PT;Portugal;2012;2012;36700.0
A;Annual;CLV_I10_HAB;Chain linked volumes, Index 2010=100, per capita;P32_S13;Collective consumption expenditure of general government;PT;Portugal;2012;2012;36820.0
A;Annual;CLV20_EUR_HAB;Chain linked volumes (2020), euro per capita;P32_S13;Collective consumption expenditure of general government;PT;Portugal;2012;2012;36910.0
A;Annual;CLV15_EUR_HAB;Chain linked volumes (2015), euro per capita;P32_S13;Collective consumption expenditure of general government;PT;Portugal;2012;2012;37600.0
A;Annual;CLV10_EUR_HAB;Chain linked volumes (2010), euro per capita;P32_S13;Collective consumption expenditure of general government;PT;Portugal;2012;2012;37950.0
A;Annual;CLV_PCH_PRE_HAB;Chain linked volumes, percentage change on previous period, per capita;P32_S13;Collective consumption expenditure of general government;PT;Portugal;2012;2012;38550.0
A;Annual;PC_EU27_2020_HAB_MEUR_CP;Percentage of EU27 (from 2020) total per capita (based on million euro, EU27 from 2020), current prices;P31_S14_S15;Household and NPISH final consumption expenditure;PT;Portugal;2012;2012;39540.0
A;Annual;PC_EU27_2020_HAB_MPPS_CP;Percentage of EU27 (from 2020) total per capita (based on million purchasing power standards, EU27 from 2020), current prices;P31_S14_S15;Household and NPISH final consumption expenditure;PT;Portugal;2012;2012;39930.0
A;Annual;CP_EUR_HAB;Current prices, euro per capita;P31_S14_S15;Household and NPISH final consumption expenditure;PT;Portugal;2012;2012;40300.0
A;Annual;CP_NAC_HAB;Current prices, units of national currency per capita;P31_S14_S15;Household and NPISH final consumption expenditure;PT;Portugal;2012;2012;38670.0
A;Annual;CP_PPS_EU27_2020_HAB;Current prices, purchasing power standard (PPS, EU27 from 2020) per capita;P31_S14_S15;Household and NPISH final consumption expenditure;PT;Portugal;2012;2012;40250.0
A;Annual;CLV_I20_HAB;Chain linked volumes, Index 2020=100, per capita;P31_S14_S15;Household and NPISH final consumption expenditure;PT;Portugal;2012;2012;40710.0
A;Annual;CLV_I15_HAB;Chain linked volumes, Index 2015=100, per capita;P31_S14_S15;Household and NPISH final consumption expenditure;PT;Portugal;2012;2012;39990.0
A;Annual;CLV_I10_HAB;Chain linked volumes, Index 2010=100, per capita;P31_S14_S15;Household and NPISH final consumption expenditure;PT;Portugal;2012;2012;39680.0
A;Annual;CLV20_EUR_HAB;Chain linked volumes (2020), euro per capita;P31_S14_S15;Household and NPISH final consumption expenditure;PT;Portugal;2012;2012;
A;Annual;CLV15_EUR_HAB;Chain linked volumes (2015), euro per capita;P31_S14_S15;Household and NPISH final consumption expenditure;PT;Portugal;2012;2012;
A;Annual;CLV10_EUR_HAB;Chain linked volumes (2010), euro per capita;P31_S14_S15;Household and NPISH final consumption expenditure;PT;Portugal;2012;2012;
A;Annual;CLV_PCH_PRE_HAB;Chain linked volumes, percentage change on previous period, per capita;P31_S14_S15;Household and NPISH final consumption expenditure;PT;Portugal;2012;2012;
A;Annual;PC_EU27_2020_HAB_MEUR_CP;Percentage of EU27 (from 2020) total per capita (based on million euro, EU27 from 2020), current prices;P31_S14;Final consumption expenditure of households;PT;Portugal;2012;2012;
A;Annual;PC_EU27_2020_HAB_MPPS_CP;Percentage of EU27 (from 2020) total per capita (based on million purchasing power standards, EU27 from 2020), current prices;P31_S14;Final consumption expenditure of households;PT;Portugal;2012;2012;
A;Annual;CP_EUR_HAB;Current prices, euro per capita;P31_S14;Final consumption expenditure of households;PT;Portugal;2012;2012;
A;Annual;CP_NAC_HAB;Current prices, units of national currency per capita;P31_S14;Final consumption expenditure of households;PT;Portugal;2012;2012;
A;Annual;CP_PPS_EU27_2020_HAB;Current prices, purchasing power standard (PPS, EU27 from 2020) per capita;P31_S14;Final consumption expenditure of households;PT;Portugal;2012;2012;
A;Annual;CLV_I20_HAB;Chain linked volumes, Index 2020=100, per capita;P31_S14;Final consumption expenditure of households;PT;Portugal;2012;2012;
A;Annual;CLV_I15_HAB;Chain linked volumes, Index 2015=100, per capita;P31_S14;Final consumption expenditure of households;PT;Portugal;2012;2012;
A;Annual;CLV_I10_HAB;Chain linked volumes, Index 2010=100, per capita;P31_S14;Final consumption expenditure of households;PT;Portugal;2012;2012;
A;Annual;CLV20_EUR_HAB;Chain linked volumes (2020), euro per capita;P31_S14;Final consumption expenditure of households;PT;Portugal;2012;2012;
A;Annual;CLV15_EUR_HAB;Chain linked volumes (2015), euro per capita;P31_S14;Final consumption expenditure of households;PT;Portugal;2012;2012;
A;Annual;CLV10_EUR_HAB;Chain linked volumes (2010), euro per capita;P31_S14;Final consumption expenditure of households;PT;Portugal;2012;2012;
A;Annual;CLV_PCH_PRE_HAB;Chain linked volumes, percentage change on previous period, per capita;P31_S14;Final consumption expenditure of households;PT;Portugal;2012;2012;
A;Annual;PC_EU27_2020_HAB_MEUR_CP;Percentage of EU27 (from 2020) total per capita (based on million euro, EU27 from 2020), current prices;P31_S15;Final consumption expenditure of NPISH;PT;Portugal;2012;2012;
A;Annual;PC_EU27_2020_HAB_MPPS_CP;Percentage of EU27 (from 2020) total per capita (based on million purchasing power standards, EU27 from 2020), current prices;P31_S15;Final consumption expenditure of NPISH;PT;Portugal;2012;2012;
A;Annual;CP_EUR_HAB;Current prices, euro per capita;P31_S15;Final consumption expenditure of NPISH;PT;Portugal;2012;2012;
A;Annual;CP_NAC_HAB;Current prices, units of national currency per capita;P31_S15;Final consumption expenditure of NPISH;PT;Portugal;2012;2012;
A;Annual;CP_PPS_EU27_2020_HAB;Current prices, purchasing power standard (PPS, EU27 from 2020) per capita;P31_S15;Final consumption expenditure of NPISH;PT;Portugal;2012;2012;6410.0
A;Annual;CLV_I20_HAB;Chain linked volumes, Index 2020=100, per capita;P31_S15;Final consumption expenditure of NPISH;PT;Portugal;2012;2012;6840.0
A;Annual;CLV_I15_HAB;Chain linked volumes, Index 2015=100, per capita;P31_S15;Final consumption expenditure of NPISH;PT;Portugal;2012;2012;7830.0
A;Annual;CLV_I10_HAB;Chain linked volumes, Index 2010=100, per capita;P31_S15;Final consumption expenditure of NPISH;PT;Portugal;2012;2012;8250.0
A;Annual;CLV20_EUR_HAB;Chain linked volumes (2020), euro per capita;P31_S15;Final consumption expenditure of NPISH;PT;Portugal;2012;2012;8300.0
A;Annual;CLV15_EUR_HAB;Chain linked volumes (2015), euro per capita;P31_S15;Final consumption expenditure of NPISH;PT;Portugal;2012;2012;8990.0
A;Annual;CLV10_EUR_HAB;Chain linked volumes (2010), euro per capita;P31_S15;Final consumption expenditure of NPISH;PT;Portugal;2012;2012;9580.0
A;Annual;CLV_PCH_PRE_HAB;Chain linked volumes, percentage change on previous period, per capita;P31_S15;Final consumption expenditure of NPISH;PT;Portugal;2012;2012;10310.0
A;Annual;PC_EU27_2020_HAB_MEUR_CP;Percentage of EU27 (from 2020) total per capita (based on million euro, EU27 from 2020), current prices;P41;Actual individual consumption;PT;Portugal;2012;2012;11160.0
A;Annual;PC_EU27_2020_HAB_MPPS_CP;Percentage of EU27 (from 2020) total per capita (based on million purchasing power standards, EU27 from 2020), current prices;P41;Actual individual consumption;PT;Portugal;2012;2012;12000.0
A;Annual;CP_EUR_HAB;Current prices, euro per capita;P41;Actual individual consumption;PT;Portugal;2012;2012;13210.0
A;Annual;CP_NAC_HAB;Current prices, units of national currency per capita;P41;Actual individual consumption;PT;Portugal;2012;2012;14590.0
A;Annual;CP_PPS_EU27_2020_HAB;Current prices, purchasing power standard (PPS, EU27 from 2020) per capita;P41;Actual individual consumption;PT;Portugal;2012;2012;15790.0
A;Annual;CLV_I20_HAB;Chain linked volumes, Index 2020=100, per capita;P41;Actual individual consumption;PT;Portugal;2012;2012;15030.0
A;Annual;CLV_I15_HAB;Chain linked volumes, Index 2015=100, per capita;P41;Actual individual consumption;PT;Portugal;2012;2012;12850.0
A;Annual;CLV_I10_HAB;Chain linked volumes, Index 2010=100, per capita;P41;Actual individual consumption;PT;Portugal;2012;2012;13190.0
A;Annual;CLV20_EUR_HAB;Chain linked volumes (2020), euro per capita;P41;Actual individual consumption;PT;Portugal;2012;2012;14240.0
A;Annual;CLV15_EUR_HAB;Chain linked volumes (2015), euro per capita;P41;Actual individual consumption;PT;Portugal;2012;2012;14810.0
A;Annual;CLV10_EUR_HAB;Chain linked volumes (2010), euro per capita;P41;Actual individual consumption;PT;Portugal;2012;2012;15130.0
A;Annual;CLV_PCH_PRE_HAB;Chain linked volumes, percentage change on previous period, per capita;P41;Actual individual consumption;PT;Portugal;2012;2012;15680.0
A;Annual;PC_EU27_2020_HAB_MEUR_CP;Percentage of EU27 (from 2020) total per capita (based on million euro, EU27 from 2020), current prices;B1GQ;Gross domestic product at market prices;PT;Portugal;2013;2013;2320.0
A;Annual;PC_EU27_2020_HAB_MPPS_CP;Percentage of EU27 (from 2020) total per capita (based on million purchasing power standards, EU27 from 2020), current prices;B1GQ;Gross domestic product at market prices;PT;Portugal;2013;2013;2310.0
A;Annual;CP_EUR_HAB;Current prices, euro per capita;B1GQ;Gross domestic product at market prices;PT;Portugal;2013;2013;2370.0
A;Annual;CP_NAC_HAB;Current prices, units of national currency per capita;B1GQ;Gross domestic product at market prices;PT;Portugal;2013;2013;2350.0
A;Annual;CP_PPS_EU27_2020_HAB;Current prices, purchasing power standard (PPS, EU27 from 2020) per capita;B1GQ;Gross domestic product at market prices;PT;Portugal;2013;2013;2390.0
A;Annual;CLV_I20_HAB;Chain linked volumes, Index 2020=100, per capita;B1GQ;Gross domestic product at market prices;PT;Portugal;2013;2013;2450.0
A;Annual;CLV_I15_HAB;Chain linked volumes, Index 2015=100, per capita;B1GQ;Gross domestic product at market prices;PT;Portugal;2013;2013;2460.0
A;Annual;CLV_I10_HAB;Chain linked volumes, Index 2010=100, per capita;B1GQ;Gross domestic product at market prices;PT;Portugal;2013;2013;2520.0
A;Annual;CLV20_EUR_HAB;Chain linked volumes (2020), euro per capita;B1GQ;Gross domestic product at market prices;PT;Portugal;2013;2013;2610.0
A;Annual;CLV15_EUR_HAB;Chain linked volumes (2015), euro per capita;B1GQ;Gross domestic product at market prices;PT;Portugal;2013;2013;2680.0
A;Annual;CLV10_EUR_HAB;Chain linked volumes (2010), euro per capita;B1GQ;Gross domestic product at market prices;PT;Portugal;2013;2013;2800.0
A;Annual;CLV_PCH_PRE_HAB;Chain linked volumes, percentage change on previous period, per capita;B1GQ;Gross domestic product at market prices;PT;Portugal;2013;2013;2920.0
A;Annual;PC_EU27_2020_HAB_MEUR_CP;Percentage of EU27 (from 2020) total per capita (based on million euro, EU27 from 2020), current prices;P3;Final consumption expenditure;PT;Portugal;2013;2013;3030.0
A;Annual;PC_EU27_2020_HAB_MPPS_CP;Percentage of EU27 (from 2020) total per capita (based on million purchasing power standards, EU27 from 2020), current prices;P3;Final consumption expenditure;PT;Portugal;2013;2013;3110.0
A;Annual;CP_EUR_HAB;Current prices, euro per capita;P3;Final consumption expenditure;PT;Portugal;2013;2013;3310.0
A;Annual;CP_NAC_HAB;Current prices, units of national currency per capita;P3;Final consumption expenditure;PT;Portugal;2013;2013;3550.0
A;Annual;CP_PPS_EU27_2020_HAB;Current prices, purchasing power standard (PPS, EU27 from 2020) per capita;P3;Final consumption expenditure;PT;Portugal;2013;2013;
A;Annual;CLV_I20_HAB;Chain linked volumes, Index 2020=100, per capita;P3;Final consumption expenditure;PT;Portugal;2013;2013;
A;Annual;CLV_I15_HAB;Chain linked volumes, Index 2015=100, per capita;P3;Final consumption expenditure;PT;Portugal;2013;2013;
A;Annual;CLV_I10_HAB;Chain linked volumes, Index 2010=100, per capita;P3;Final consumption expenditure;PT;Portugal;2013;2013;
A;Annual;CLV20_EUR_HAB;Chain linked volumes (2020), euro per capita;P3;Final consumption expenditure;PT;Portugal;2013;2013;
A;Annual;CLV15_EUR_HAB;Chain linked volumes (2015), euro per capita;P3;Final consumption expenditure;PT;Portugal;2013;2013;
A;Annual;CLV10_EUR_HAB;Chain linked volumes (2010), euro per capita;P3;Final consumption expenditure;PT;Portugal;2013;2013;
A;Annual;CLV_PCH_PRE_HAB;Chain linked volumes, percentage change on previous period, per capita;P3;Final consumption expenditure;PT;Portugal;2013;2013;
A;Annual;PC_EU27_2020_HAB_MEUR_CP;Percentage of EU27 (from 2020) total per capita (based on million euro, EU27 from 2020), current prices;P3_S13;Final consumption expenditure of general government;PT;Portugal;2013;2013;
A;Annual;PC_EU27_2020_HAB_MPPS_CP;Percentage of EU27 (from 2020) total per capita (based on million purchasing power standards, EU27 from 2020), current prices;P3_S13;Final consumption expenditure of general government;PT;Portugal;2013;2013;
A;Annual;CP_EUR_HAB;Current prices, euro per capita;P3_S13;Final consumption expenditure of general government;PT;Portugal;2013;2013;
A;Annual;CP_NAC_HAB;Current prices, units of national currency per capita;P3_S13;Final consumption expenditure of general government;PT;Portugal;2013;2013;
A;Annual;CP_PPS_EU27_2020_HAB;Current prices, purchasing power standard (PPS, EU27 from 2020) per capita;P3_S13;Final consumption expenditure of general government;PT;Portugal;2013;2013;
A;Annual;CLV_I20_HAB;Chain linked volumes, Index 2020=100, per capita;P3_S13;Final consumption expenditure of general government;PT;Portugal;2013;2013;
A;Annual;CLV_I15_HAB;Chain linked volumes, Index 2015=100, per capita;P3_S13;Final consumption expenditure of general government;PT;Portugal;2013;2013;
A;Annual;CLV_I10_HAB;Chain linked volumes, Index 2010=100, per capita;P3_S13;Final consumption expenditure of general government;PT;Portugal;2013;2013;
A;Annual;CLV20_EUR_HAB;Chain linked volumes (2020), euro per capita;P3_S13;Final consumption expenditure of general government;PT;Portugal;2013;2013;
A;Annual;CLV15_EUR_HAB;Chain linked volumes (2015), euro per capita;P3_S13;Final consumption expenditure of general government;PT;Portugal;2013;2013;
A;Annual;CLV10_EUR_HAB;Chain linked volumes (2010), euro per capita;P3_S13;Final consumption expenditure of general government;PT;Portugal;2013;2013;
A;Annual;CLV_PCH_PRE_HAB;Chain linked volumes, percentage change on previous period, per capita;P3_S13;Final consumption expenditure of general government;PT;Portugal;2013;2013;
A;Annual;PC_EU27_2020_HAB_MEUR_CP;Percentage of EU27 (from 2020) total per capita (based on million euro, EU27 from 2020), current prices;P31_S13;Individual consumption expenditure of general government;PT;Portugal;2013;2013;5000.0
A;Annual;PC_EU27_2020_HAB_MPPS_CP;Percentage of EU27 (from 2020) total per capita (based on million purchasing power standards, EU27 from 2020), current prices;P31_S13;Individual consumption expenditure of general government;PT;Portugal;2013;2013;5030.0
A;Annual;CP_EUR_HAB;Current prices, euro per capita;P31_S13;Individual consumption expenditure of general government;PT;Portugal;2013;2013;5040.0
A;Annual;CP_NAC_HAB;Current prices, units of national currency per capita;P31_S13;Individual consumption expenditure of general government;PT;Portugal;2013;2013;5150.0
A;Annual;CP_PPS_EU27_2020_HAB;Current prices, purchasing power standard (PPS, EU27 from 2020) per capita;P31_S13;Individual consumption expenditure of general government;PT;Portugal;2013;2013;5210.0
A;Annual;CLV_I20_HAB;Chain linked volumes, Index 2020=100, per capita;P31_S13;Individual consumption expenditure of general government;PT;Portugal;2013;2013;5390.0
A;Annual;CLV_I15_HAB;Chain linked volumes, Index 2015=100, per capita;P31_S13;Individual consumption expenditure of general government;PT;Portugal;2013;2013;5680.0
A;Annual;CLV_I10_HAB;Chain linked volumes, Index 2010=100, per capita;P31_S13;Individual consumption expenditure of general government;PT;Portugal;2013;2013;5740.0
A;Annual;CLV20_EUR_HAB;Chain linked volumes (2020), euro per capita;P31_S13;Individual consumption expenditure of general government;PT;Portugal;2013;2013;5790.0
A;Annual;CLV15_EUR_HAB;Chain linked volumes (2015), euro per capita;P31_S13;Individual consumption expenditure of general government;PT;Portugal;2013;2013;5790.0
A;Annual;CLV10_EUR_HAB;Chain linked volumes (2010), euro per capita;P31_S13;Individual consumption expenditure of general government;PT;Portugal;2013;2013;5790.0
A;Annual;CLV_PCH_PRE_HAB;Chain linked volumes, percentage change on previous period, per capita;P31_S13;Individual consumption expenditure of general government;PT;Portugal;2013;2013;5730.0
A;Annual;PC_EU27_2020_HAB_MEUR_CP;Percentage of EU27 (from 2020) total per capita (based on million euro, EU27 from 2020), current prices;P32_S13;Collective consumption expenditure of general government;PT;Portugal;2013;2013;5720.0
A;Annual;PC_EU27_2020_HAB_MPPS_CP;Percentage of EU27 (from 2020) total per capita (based on million purchasing power standards, EU27 from 2020), current prices;P32_S13;Collective consumption expenditure of general government;PT;Portugal;2013;2013;5750.0
A;Annual;CP_EUR_HAB;Current prices, euro per capita;P32_S13;Collective consumption expenditure of general government;PT;Portugal;2013;2013;5740.0
A;Annual;CP_NAC_HAB;Current prices, units of national currency per capita;P32_S13;Collective consumption expenditure of general government;PT;Portugal;2013;2013;5680.0
A;Annual;CP_PPS_EU27_2020_HAB;Current prices, purchasing power standard (PPS, EU27 from 2020) per capita;P32_S13;Collective consumption expenditure of general government;PT;Portugal;2013;2013;5540.0
A;Annual;CLV_I20_HAB;Chain linked volumes, Index 2020=100, per capita;P32_S13;Collective consumption expenditure of general government;PT;Portugal;2013;2013;5390.0
A;Annual;CLV_I15_HAB;Chain linked volumes, Index 2015=100, per capita;P32_S13;Collective consumption expenditure of general government;PT;Portugal;2013;2013;5320.0
A;Annual;CLV_I10_HAB;Chain linked volumes, Index 2010=100, per capita;P32_S13;Collective consumption expenditure of general government;PT;Portugal;2013;2013;5290.0
A;Annual;CLV20_EUR_HAB;Chain linked volumes (2020), euro per capita;P32_S13;Collective consumption expenditure of general government;PT;Portugal;2013;2013;5290.0
A;Annual;CLV15_EUR_HAB;Chain linked volumes (2015), euro per capita;P32_S13;Collective consumption expenditure of general government;PT;Portugal;2013;2013;5370.0
A;Annual;CLV10_EUR_HAB;Chain linked volumes (2010), euro per capita;P32_S13;Collective consumption expenditure of general government;PT;Portugal;2013;2013;5400.0
A;Annual;CLV_PCH_PRE_HAB;Chain linked volumes, percentage change on previous period, per capita;P32_S13;Collective consumption expenditure of general government;PT;Portugal;2013;2013;5410.0
A;Annual;PC_EU27_2020_HAB_MEUR_CP;Percentage of EU27 (from 2020) total per capita (based on million euro, EU27 from 2020), current prices;P31_S14_S15;Household and NPISH final consumption expenditure;PT;Portugal;2013;2013;5400.0
A;Annual;PC_EU27_2020_HAB_MPPS_CP;Percentage of EU27 (from 2020) total per capita (based on million purchasing power standards, EU27 from 2020), current prices;P31_S14_S15;Household and NPISH final consumption expenditure;PT;Portugal;2013;2013;5440.0
A;Annual;CP_EUR_HAB;Current prices, euro per capita;P31_S14_S15;Household and NPISH final consumption expenditure;PT;Portugal;2013;2013;5600.0
A;Annual;CP_NAC_HAB;Current prices, units of national currency per capita;P31_S14_S15;Household and NPISH final consumption expenditure;PT;Portugal;2013;2013;5650.0
A;Annual;CP_PPS_EU27_2020_HAB;Current prices, purchasing power standard (PPS, EU27 from 2020) per capita;P31_S14_S15;Household and NPISH final consumption expenditure;PT;Portugal;2013;2013;5720.0
A;Annual;CLV_I20_HAB;Chain linked volumes, Index 2020=100, per capita;P31_S14_S15;Household and NPISH final consumption expenditure;PT;Portugal;2013;2013;5780.0
A;Annual;CLV_I15_HAB;Chain linked volumes, Index 2015=100, per capita;P31_S14_S15;Household and NPISH final consumption expenditure;PT;Portugal;2013;2013;
A;Annual;CLV_I10_HAB;Chain linked volumes, Index 2010=100, per capita;P31_S14_S15;Household and NPISH final consumption expenditure;PT;Portugal;2013;2013;
A;Annual;CLV20_EUR_HAB;Chain linked volumes (2020), euro per capita;P31_S14_S15;Household and NPISH final consumption expenditure;PT;Portugal;2013;2013;
A;Annual;CLV15_EUR_HAB;Chain linked volumes (2015), euro per capita;P31_S14_S15;Household and NPISH final consumption expenditure;PT;Portugal;2013;2013;
A;Annual;CLV10_EUR_HAB;Chain linked volumes (2010), euro per capita;P31_S14_S15;Household and NPISH final consumption expenditure;PT;Portugal;2013;2013;
A;Annual;CLV_PCH_PRE_HAB;Chain linked volumes, percentage change on previous period, per capita;P31_S14_S15;Household and NPISH final consumption expenditure;PT;Portugal;2013;2013;
A;Annual;PC_EU27_2020_HAB_MEUR_CP;Percentage of EU27 (from 2020) total per capita (based on million euro, EU27 from 2020), current prices;P31_S14;Final consumption expenditure of households;PT;Portugal;2013;2013;
A;Annual;PC_EU27_2020_HAB_MPPS_CP;Percentage of EU27 (from 2020) total per capita (based on million purchasing power standards, EU27 from 2020), current prices;P31_S14;Final consumption expenditure of households;PT;Portugal;2013;2013;
A;Annual;CP_EUR_HAB;Current prices, euro per capita;P31_S14;Final consumption expenditure of households;PT;Portugal;2013;2013;
A;Annual;CP_NAC_HAB;Current prices, units of national currency per capita;P31_S14;Final consumption expenditure of households;PT;Portugal;2013;2013;
A;Annual;CP_PPS_EU27_2020_HAB;Current prices, purchasing power standard (PPS, EU27 from 2020) per capita;P31_S14;Final consumption expenditure of households;PT;Portugal;2013;2013;
A;Annual;CLV_I20_HAB;Chain linked volumes, Index 2020=100, per capita;P31_S14;Final consumption expenditure of households;PT;Portugal;2013;2013;
A;Annual;CLV_I15_HAB;Chain linked volumes, Index 2015=100, per capita;P31_S14;Final consumption expenditure of households;PT;Portugal;2013;2013;
A;Annual;CLV_I10_HAB;Chain linked volumes, Index 2010=100, per capita;P31_S14;Final consumption expenditure of households;PT;Portugal;2013;2013;
A;Annual;CLV20_EUR_HAB;Chain linked volumes (2020), euro per capita;P31_S14;Final consumption expenditure of households;PT;Portugal;2013;2013;
A;Annual;CLV15_EUR_HAB;Chain linked volumes (2015), euro per capita;P31_S14;Final consumption expenditure of households;PT;Portugal;2013;2013;
A;Annual;CLV10_EUR_HAB;Chain linked volumes (2010), euro per capita;P31_S14;Final consumption expenditure of households;PT;Portugal;2013;2013;
A;Annual;CLV_PCH_PRE_HAB;Chain linked volumes, percentage change on previous period, per capita;P31_S14;Final consumption expenditure of households;PT;Portugal;2013;2013;
A;Annual;PC_EU27_2020_HAB_MEUR_CP;Percentage of EU27 (from 2020) total per capita (based on million euro, EU27 from 2020), current prices;P31_S15;Final consumption expenditure of NPISH;PT;Portugal;2013;2013;
A;Annual;PC_EU27_2020_HAB_MPPS_CP;Percentage of EU27 (from 2020) total per capita (based on million purchasing power standards, EU27 from 2020), current prices;P31_S15;Final consumption expenditure of NPISH;PT;Portugal;2013;2013;
A;Annual;CP_EUR_HAB;Current prices, euro per capita;P31_S15;Final consumption expenditure of NPISH;PT;Portugal;2013;2013;2410.0
A;Annual;CP_NAC_HAB;Current prices, units of national currency per capita;P31_S15;Final consumption expenditure of NPISH;PT;Portugal;2013;2013;2540.0
A;Annual;CP_PPS_EU27_2020_HAB;Current prices, purchasing power standard (PPS, EU27 from 2020) per capita;P31_S15;Final consumption expenditure of NPISH;PT;Portugal;2013;2013;2780.0
A;Annual;CLV_I20_HAB;Chain linked volumes, Index 2020=100, per capita;P31_S15;Final consumption expenditure of NPISH;PT;Portugal;2013;2013;3150.0
A;Annual;CLV_I15_HAB;Chain linked volumes, Index 2015=100, per capita;P31_S15;Final consumption expenditure of NPISH;PT;Portugal;2013;2013;3240.0
A;Annual;CLV_I10_HAB;Chain linked volumes, Index 2010=100, per capita;P31_S15;Final consumption expenditure of NPISH;PT;Portugal;2013;2013;3110.0
A;Annual;CLV20_EUR_HAB;Chain linked volumes (2020), euro per capita;P31_S15;Final consumption expenditure of NPISH;PT;Portugal;2013;2013;3320.0
A;Annual;CLV15_EUR_HAB;Chain linked volumes (2015), euro per capita;P31_S15;Final consumption expenditure of NPISH;PT;Portugal;2013;2013;3440.0
A;Annual;CLV10_EUR_HAB;Chain linked volumes (2010), euro per capita;P31_S15;Final consumption expenditure of NPISH;PT;Portugal;2013;2013;3660.0
A;Annual;CLV_PCH_PRE_HAB;Chain linked volumes, percentage change on previous period, per capita;P31_S15;Final consumption expenditure of NPISH;PT;Portugal;2013;2013;3560.0
A;Annual;PC_EU27_2020_HAB_MEUR_CP;Percentage of EU27 (from 2020) total per capita (based on million euro, EU27 from 2020), current prices;P41;Actual individual consumption;PT;Portugal;2013;2013;3600.0
A;Annual;PC_EU27_2020_HAB_MPPS_CP;Percentage of EU27 (from 2020) total per capita (based on million purchasing power standards, EU27 from 2020), current prices;P41;Actual individual consumption;PT;Portugal;2013;2013;3800.0
A;Annual;CP_EUR_HAB;Current prices, euro per capita;P41;Actual individual consumption;PT;Portugal;2013;2013;3850.0
A;Annual;CP_NAC_HAB;Current prices, units of national currency per capita;P41;Actual individual consumption;PT;Portugal;2013;2013;4000.0
A;Annual;CP_PPS_EU27_2020_HAB;Current prices, purchasing power standard (PPS, EU27 from 2020) per capita;P41;Actual individual consumption;PT;Portugal;2013;2013;4130.0
A;Annual;CLV_I20_HAB;Chain linked volumes, Index 2020=100, per capita;P41;Actual individual consumption;PT;Portugal;2013;2013;4040.0
A;Annual;CLV_I15_HAB;Chain linked volumes, Index 2015=100, per capita;P41;Actual individual consumption;PT;Portugal;2013;2013;4010.0
A;Annual;CLV_I10_HAB;Chain linked volumes, Index 2010=100, per capita;P41;Actual individual consumption;PT;Portugal;2013;2013;3860.0
A;Annual;CLV20_EUR_HAB;Chain linked volumes (2020), euro per capita;P41;Actual individual consumption;PT;Portugal;2013;2013;3680.0
A;Annual;CLV15_EUR_HAB;Chain linked volumes (2015), euro per capita;P41;Actual individual consumption;PT;Portugal;2013;2013;3420.0
A;Annual;CLV10_EUR_HAB;Chain linked volumes (2010), euro per capita;P41;Actual individual consumption;PT;Portugal;2013;2013;3460.0
A;Annual;CLV_PCH_PRE_HAB;Chain linked volumes, percentage change on previous period, per capita;P41;Actual individual consumption;PT;Portugal;2013;2013;3450.0
A;Annual;PC_EU27_2020_HAB_MEUR_CP;Percentage of EU27 (from 2020) total per capita (based on million euro, EU27 from 2020), current prices;B1GQ;Gross domestic product at market prices;PT;Portugal;2014;2014;1520.0
A;Annual;PC_EU27_2020_HAB_MPPS_CP;Percentage of EU27 (from 2020) total per capita (based on million purchasing power standards, EU27 from 2020), current prices;B1GQ;Gross domestic product at market prices;PT;Portugal;2014;2014;1600.0
A;Annual;CP_EUR_HAB;Current prices, euro per capita;B1GQ;Gross domestic product at market prices;PT;Portugal;2014;2014;1530.0
A;Annual;CP_NAC_HAB;Current prices, units of national currency per capita;B1GQ;Gross domestic product at market prices;PT;Portugal;2014;2014;1630.0
A;Annual;CP_PPS_EU27_2020_HAB;Current prices, purchasing power standard (PPS, EU27 from 2020) per capita;B1GQ;Gross domestic product at market prices;PT;Portugal;2014;2014;1710.0
A;Annual;CLV_I20_HAB;Chain linked volumes, Index 2020=100, per capita;B1GQ;Gross domestic product at market prices;PT;Portugal;2014;2014;1710.0
A;Annual;CLV_I15_HAB;Chain linked volumes, Index 2015=100, per capita;B1GQ;Gross domestic product at market prices;PT;Portugal;2014;2014;1700.0
A;Annual;CLV_I10_HAB;Chain linked volumes, Index 2010=100, per capita;B1GQ;Gross domestic product at market prices;PT;Portugal;2014;2014;1820.0
A;Annual;CLV20_EUR_HAB;Chain linked volumes (2020), euro per capita;B1GQ;Gross domestic product at market prices;PT;Portugal;2014;2014;1940.0
A;Annual;CLV15_EUR_HAB;Chain linked volumes (2015), euro per capita;B1GQ;Gross domestic product at market prices;PT;Portugal;2014;2014;2060.0
A;Annual;CLV10_EUR_HAB;Chain linked volumes (2010), euro per capita;B1GQ;Gross domestic product at market prices;PT;Portugal;2014;2014;2100.0
A;Annual;CLV_PCH_PRE_HAB;Chain linked volumes, percentage change on previous period, per capita;B1GQ;Gross domestic product at market prices;PT;Portugal;2014;2014;2130.0
A;Annual;PC_EU27_2020_HAB_MEUR_CP;Percentage of EU27 (from 2020) total per capita (based on million euro, EU27 from 2020), current prices;P3;Final consumption expenditure;PT;Portugal;2014;2014;2130.0
A;Annual;PC_EU27_2020_HAB_MPPS_CP;Percentage of EU27 (from 2020) total per capita (based on million purchasing power standards, EU27 from 2020), current prices;P3;Final consumption expenditure;PT;Portugal;2014;2014;2260.0
A;Annual;CP_EUR_HAB;Current prices, euro per capita;P3;Final consumption expenditure;PT;Portugal;2014;2014;
A;Annual;CP_NAC_HAB;Current prices, units of national currency per capita;P3;Final consumption expenditure;PT;Portugal;2014;2014;
A;Annual;CP_PPS_EU27_2020_HAB;Current prices, purchasing power standard (PPS, EU27 from 2020) per capita;P3;Final consumption expenditure;PT;Portugal;2014;2014;
A;Annual;CLV_I20_HAB;Chain linked volumes, Index 2020=100, per capita;P3;Final consumption expenditure;PT;Portugal;2014;2014;
A;Annual;CLV_I15_HAB;Chain linked volumes, Index 2015=100, per capita;P3;Final consumption expenditure;PT;Portugal;2014;2014;
A;Annual;CLV_I10_HAB;Chain linked volumes, Index 2010=100, per capita;P3;Final consumption expenditure;PT;Portugal;2014;2014;
A;Annual;CLV20_EUR_HAB;Chain linked volumes (2020), euro per capita;P3;Final consumption expenditure;PT;Portugal;2014;2014;
A;Annual;CLV15_EUR_HAB;Chain linked volumes (2015), euro per capita;P3;Final consumption expenditure;PT;Portugal;2014;2014;
A;Annual;CLV10_EUR_HAB;Chain linked volumes (2010), euro per capita;P3;Final consumption expenditure;PT;Portugal;2014;2014;
A;Annual;CLV_PCH_PRE_HAB;Chain linked volumes, percentage change on previous period, per capita;P3;Final consumption expenditure;PT;Portugal;2014;2014;
A;Annual;PC_EU27_2020_HAB_MEUR_CP;Percentage of EU27 (from 2020) total per capita (based on million euro, EU27 from 2020), current prices;P3_S13;Final consumption expenditure of general government;PT;Portugal;2014;2014;
A;Annual;PC_EU27_2020_HAB_MPPS_CP;Percentage of EU27 (from 2020) total per capita (based on million purchasing power standards, EU27 from 2020), current prices;P3_S13;Final consumption expenditure of general government;PT;Portugal;2014;2014;
A;Annual;CP_EUR_HAB;Current prices, euro per capita;P3_S13;Final consumption expenditure of general government;PT;Portugal;2014;2014;
A;Annual;CP_NAC_HAB;Current prices, units of national currency per capita;P3_S13;Final consumption expenditure of general government;PT;Portugal;2014;2014;
A;Annual;CP_PPS_EU27_2020_HAB;Current prices, purchasing power standard (PPS, EU27 from 2020) per capita;P3_S13;Final consumption expenditure of general government;PT;Portugal;2014;2014;
A;Annual;CLV_I20_HAB;Chain linked volumes, Index 2020=100, per capita;P3_S13;Final consumption expenditure of general government;PT;Portugal;2014;2014;
A;Annual;CLV_I15_HAB;Chain linked volumes, Index 2015=100, per capita;P3_S13;Final consumption expenditure of general government;PT;Portugal;2014;2014;
A;Annual;CLV_I10_HAB;Chain linked volumes, Index 2010=100, per capita;P3_S13;Final consumption expenditure of general government;PT;Portugal;2014;2014;
A;Annual;CLV20_EUR_HAB;Chain linked volumes (2020), euro per capita;P3_S13;Final consumption expenditure of general government;PT;Portugal;2014;2014;
A;Annual;CLV15_EUR_HAB;Chain linked volumes (2015), euro per capita;P3_S13;Final consumption expenditure of general government;PT;Portugal;2014;2014;
A;Annual;CLV10_EUR_HAB;Chain linked volumes (2010), euro per capita;P3_S13;Final consumption expenditure of general government;PT;Portugal;2014;2014;2750.0
A;Annual;CLV_PCH_PRE_HAB;Chain linked volumes, percentage change on previous period, per capita;P3_S13;Final consumption expenditure of general government;PT;Portugal;2014;2014;2720.0
A;Annual;PC_EU27_2020_HAB_MEUR_CP;Percentage of EU27 (from 2020) total per capita (based on million euro, EU27 from 2020), current prices;P31_S13;Individual consumption expenditure of general government;PT;Portugal;2014;2014;2780.0
A;Annual;PC_EU27_2020_HAB_MPPS_CP;Percentage of EU27 (from 2020) total per capita (based on million purchasing power standards, EU27 from 2020), current prices;P31_S13;Individual consumption expenditure of general government;PT;Portugal;2014;2014;2860.0
A;Annual;CP_EUR_HAB;Current prices, euro per capita;P31_S13;Individual consumption expenditure of general government;PT;Portugal;2014;2014;2910.0
A;Annual;CP_NAC_HAB;Current prices, units of national currency per capita;P31_S13;Individual consumption expenditure of general government;PT;Portugal;2014;2014;2950.0
A;Annual;CP_PPS_EU27_2020_HAB;Current prices, purchasing power standard (PPS, EU27 from 2020) per capita;P31_S13;Individual consumption expenditure of general government;PT;Portugal;2014;2014;3080.0
A;Annual;CLV_I20_HAB;Chain linked volumes, Index 2020=100, per capita;P31_S13;Individual consumption expenditure of general government;PT;Portugal;2014;2014;3170.0
A;Annual;CLV_I15_HAB;Chain linked volumes, Index 2015=100, per capita;P31_S13;Individual consumption expenditure of general government;PT;Portugal;2014;2014;3240.0
A;Annual;CLV_I10_HAB;Chain linked volumes, Index 2010=100, per capita;P31_S13;Individual consumption expenditure of general government;PT;Portugal;2014;2014;3140.0
A;Annual;CLV20_EUR_HAB;Chain linked volumes (2020), euro per capita;P31_S13;Individual consumption expenditure of general government;PT;Portugal;2014;2014;3140.0
A;Annual;CLV15_EUR_HAB;Chain linked volumes (2015), euro per capita;P31_S13;Individual consumption expenditure of general government;PT;Portugal;2014;2014;3170.0
A;Annual;CLV10_EUR_HAB;Chain linked volumes (2010), euro per capita;P31_S13;Individual consumption expenditure of general government;PT;Portugal;2014;2014;3300.0
A;Annual;CLV_PCH_PRE_HAB;Chain linked volumes, percentage change on previous period, per capita;P31_S13;Individual consumption expenditure of general government;PT;Portugal;2014;2014;3390.0
A;Annual;PC_EU27_2020_HAB_MEUR_CP;Percentage of EU27 (from 2020) total per capita (based on million euro, EU27 from 2020), current prices;P32_S13;Collective consumption expenditure of general government;PT;Portugal;2014;2014;3510.0
A;Annual;PC_EU27_2020_HAB_MPPS_CP;Percentage of EU27 (from 2020) total per capita (based on million purchasing power standards, EU27 from 2020), current prices;P32_S13;Collective consumption expenditure of general government;PT;Portugal;2014;2014;3420.0
A;Annual;CP_EUR_HAB;Current prices, euro per capita;P32_S13;Collective consumption expenditure of general government;PT;Portugal;2014;2014;3270.0
A;Annual;CP_NAC_HAB;Current prices, units of national currency per capita;P32_S13;Collective consumption expenditure of general government;PT;Portugal;2014;2014;3200.0
A;Annual;CP_PPS_EU27_2020_HAB;Current prices, purchasing power standard (PPS, EU27 from 2020) per capita;P32_S13;Collective consumption expenditure of general government;PT;Portugal;2014;2014;3290.0
A;Annual;CLV_I20_HAB;Chain linked volumes, Index 2020=100, per capita;P32_S13;Collective consumption expenditure of general government;PT;Portugal;2014;2014;3310.0
A;Annual;CLV_I15_HAB;Chain linked volumes, Index 2015=100, per capita;P32_S13;Collective consumption expenditure of general government;PT;Portugal;2014;2014;3270.0
A;Annual;CLV_I10_HAB;Chain linked volumes, Index 2010=100, per capita;P32_S13;Collective consumption expenditure of general government;PT;Portugal;2014;2014;3360.0
A;Annual;CLV20_EUR_HAB;Chain linked volumes (2020), euro per capita;P32_S13;Collective consumption expenditure of general government;PT;Portugal;2014;2014;3330.0
A;Annual;CLV15_EUR_HAB;Chain linked volumes (2015), euro per capita;P32_S13;Collective consumption expenditure of general government;PT;Portugal;2014;2014;3320.0
A;Annual;CLV10_EUR_HAB;Chain linked volumes (2010), euro per capita;P32_S13;Collective consumption expenditure of general government;PT;Portugal;2014;2014;3390.0
A;Annual;CLV_PCH_PRE_HAB;Chain linked volumes, percentage change on previous period, per capita;P32_S13;Collective consumption expenditure of general government;PT;Portugal;2014;2014;3560.0
A;Annual;PC_EU27_2020_HAB_MEUR_CP;Percentage of EU27 (from 2020) total per capita (based on million euro, EU27 from 2020), current prices;P31_S14_S15;Household and NPISH final consumption expenditure;PT;Portugal;2014;2014;3670.0
A;Annual;PC_EU27_2020_HAB_MPPS_CP;Percentage of EU27 (from 2020) total per capita (based on million purchasing power standards, EU27 from 2020), current prices;P31_S14_S15;Household and NPISH final consumption expenditure;PT;Portugal;2014;2014;3730.0
A;Annual;CP_EUR_HAB;Current prices, euro per capita;P31_S14_S15;Household and NPISH final consumption expenditure;PT;Portugal;2014;2014;3900.0
A;Annual;CP_NAC_HAB;Current prices, units of national currency per capita;P31_S14_S15;Household and NPISH final consumption expenditure;PT;Portugal;2014;2014;4090.0
A;Annual;CP_PPS_EU27_2020_HAB;Current prices, purchasing power standard (PPS, EU27 from 2020) per capita;P31_S14_S15;Household and NPISH final consumption expenditure;PT;Portugal;2014;2014;
A;Annual;CLV_I20_HAB;Chain linked volumes, Index 2020=100, per capita;P31_S14_S15;Household and NPISH final consumption expenditure;PT;Portugal;2014;2014;
A;Annual;CLV_I15_HAB;Chain linked volumes, Index 2015=100, per capita;P31_S14_S15;Household and NPISH final consumption expenditure;PT;Portugal;2014;2014;
A;Annual;CLV_I10_HAB;Chain linked volumes, Index 2010=100, per capita;P31_S14_S15;Household and NPISH final consumption expenditure;PT;Portugal;2014;2014;
A;Annual;CLV20_EUR_HAB;Chain linked volumes (2020), euro per capita;P31_S14_S15;Household and NPISH final consumption expenditure;PT;Portugal;2014;2014;
A;Annual;CLV15_EUR_HAB;Chain linked volumes (2015), euro per capita;P31_S14_S15;Household and NPISH final consumption expenditure;PT;Portugal;2014;2014;
A;Annual;CLV10_EUR_HAB;Chain linked volumes (2010), euro per capita;P31_S14_S15;Household and NPISH final consumption expenditure;PT;Portugal;2014;2014;
A;Annual;CLV_PCH_PRE_HAB;Chain linked volumes, percentage change on previous period, per capita;P31_S14_S15;Household and NPISH final consumption expenditure;PT;Portugal;2014;2014;
A;Annual;PC_EU27_2020_HAB_MEUR_CP;Percentage of EU27 (from 2020) total per capita (based on million euro, EU27 from 2020), current prices;P31_S14;Final consumption expenditure of households;PT;Portugal;2014;2014;
A;Annual;PC_EU27_2020_HAB_MPPS_CP;Percentage of EU27 (from 2020) total per capita (based on million purchasing power standards, EU27 from 2020), current prices;P31_S14;Final consumption expenditure of households;PT;Portugal;2014;2014;
A;Annual;CP_EUR_HAB;Current prices, euro per capita;P31_S14;Final consumption expenditure of households;PT;Portugal;2014;2014;
A;Annual;CP_NAC_HAB;Current prices, units of national currency per capita;P31_S14;Final consumption expenditure of households;PT;Portugal;2014;2014;
A;Annual;CP_PPS_EU27_2020_HAB;Current prices, purchasing power standard (PPS, EU27 from 2020) per capita;P31_S14;Final consumption expenditure of households;PT;Portugal;2014;2014;
A;Annual;CLV_I20_HAB;Chain linked volumes, Index 2020=100, per capita;P31_S14;Final consumption expenditure of households;PT;Portugal;2014;2014;
A;Annual;CLV_I15_HAB;Chain linked volumes, Index 2015=100, per capita;P31_S14;Final consumption expenditure of households;PT;Portugal;2014;2014;
A;Annual;CLV_I10_HAB;Chain linked volumes, Index 2010=100, per capita;P31_S14;Final consumption expenditure of households;PT;Portugal;2014;2014;
A;Annual;CLV20_EUR_HAB;Chain linked volumes (2020), euro per capita;P31_S14;Final consumption expenditure of households;PT;Portugal;2014;2014;
A;Annual;CLV15_EUR_HAB;Chain linked volumes (2015), euro per capita;P31_S14;Final consumption expenditure of households;PT;Portugal;2014;2014;
A;Annual;CLV10_EUR_HAB;Chain linked volumes (2010), euro per capita;P31_S14;Final consumption expenditure of households;PT;Portugal;2014;2014;
A;Annual;CLV_PCH_PRE_HAB;Chain linked volumes, percentage change on previous period, per capita;P31_S14;Final consumption expenditure of households;PT;Portugal;2014;2014;
A;Annual;PC_EU27_2020_HAB_MEUR_CP;Percentage of EU27 (from 2020) total per capita (based on million euro, EU27 from 2020), current prices;P31_S15;Final consumption expenditure of NPISH;PT;Portugal;2014;2014;2890.0
A;Annual;PC_EU27_2020_HAB_MPPS_CP;Percentage of EU27 (from 2020) total per capita (based on million purchasing power standards, EU27 from 2020), current prices;P31_S15;Final consumption expenditure of NPISH;PT;Portugal;2014;2014;2910.0
A;Annual;CP_EUR_HAB;Current prices, euro per capita;P31_S15;Final consumption expenditure of NPISH;PT;Portugal;2014;2014;2860.0
A;Annual;CP_NAC_HAB;Current prices, units of national currency per capita;P31_S15;Final consumption expenditure of NPISH;PT;Portugal;2014;2014;2890.0
A;Annual;CP_PPS_EU27_2020_HAB;Current prices, purchasing power standard (PPS, EU27 from 2020) per capita;P31_S15;Final consumption expenditure of NPISH;PT;Portugal;2014;2014;3010.0
A;Annual;CLV_I20_HAB;Chain linked volumes, Index 2020=100, per capita;P31_S15;Final consumption expenditure of NPISH;PT;Portugal;2014;2014;2970.0
A;Annual;CLV_I15_HAB;Chain linked volumes, Index 2015=100, per capita;P31_S15;Final consumption expenditure of NPISH;PT;Portugal;2014;2014;2900.0
A;Annual;CLV_I10_HAB;Chain linked volumes, Index 2010=100, per capita;P31_S15;Final consumption expenditure of NPISH;PT;Portugal;2014;2014;2810.0
A;Annual;CLV20_EUR_HAB;Chain linked volumes (2020), euro per capita;P31_S15;Final consumption expenditure of NPISH;PT;Portugal;2014;2014;2810.0
A;Annual;CLV15_EUR_HAB;Chain linked volumes (2015), euro per capita;P31_S15;Final consumption expenditure of NPISH;PT;Portugal;2014;2014;2870.0
A;Annual;CLV10_EUR_HAB;Chain linked volumes (2010), euro per capita;P31_S15;Final consumption expenditure of NPISH;PT;Portugal;2014;2014;2930.0
A;Annual;CLV_PCH_PRE_HAB;Chain linked volumes, percentage change on previous period, per capita;P31_S15;Final consumption expenditure of NPISH;PT;Portugal;2014;2014;2990.0
A;Annual;PC_EU27_2020_HAB_MEUR_CP;Percentage of EU27 (from 2020) total per capita (based on million euro, EU27 from 2020), current prices;P41;Actual individual consumption;PT;Portugal;2014;2014;2940.0
A;Annual;PC_EU27_2020_HAB_MPPS_CP;Percentage of EU27 (from 2020) total per capita (based on million purchasing power standards, EU27 from 2020), current prices;P41;Actual individual consumption;PT;Portugal;2014;2014;3070.0
A;Annual;CP_EUR_HAB;Current prices, euro per capita;P41;Actual individual consumption;PT;Portugal;2014;2014;3140.0
A;Annual;CP_NAC_HAB;Current prices, units of national currency per capita;P41;Actual individual consumption;PT;Portugal;2014;2014;3130.0
A;Annual;CP_PPS_EU27_2020_HAB;Current prices, purchasing power standard (PPS, EU27 from 2020) per capita;P41;Actual individual consumption;PT;Portugal;2014;2014;3100.0
A;Annual;CLV_I20_HAB;Chain linked volumes, Index 2020=100, per capita;P41;Actual individual consumption;PT;Portugal;2014;2014;3060.0
A;Annual;CLV_I15_HAB;Chain linked volumes, Index 2015=100, per capita;P41;Actual individual consumption;PT;Portugal;2014;2014;3040.0
A;Annual;CLV_I10_HAB;Chain linked volumes, Index 2010=100, per capita;P41;Actual individual consumption;PT;Portugal;2014;2014;3020.0
A;Annual;CLV20_EUR_HAB;Chain linked volumes (2020), euro per capita;P41;Actual individual consumption;PT;Portugal;2014;2014;3020.0
A;Annual;CLV15_EUR_HAB;Chain linked volumes (2015), euro per capita;P41;Actual individual consumption;PT;Portugal;2014;2014;3010.0
A;Annual;CLV10_EUR_HAB;Chain linked volumes (2010), euro per capita;P41;Actual individual consumption;PT;Portugal;2014;2014;3000.0
A;Annual;CLV_PCH_PRE_HAB;Chain linked volumes, percentage change on previous period, per capita;P41;Actual individual consumption;PT;Portugal;2014;2014;3000.0
A;Annual;PC_EU27_2020_HAB_MEUR_CP;Percentage of EU27 (from 2020) total per capita (based on million euro, EU27 from 2020), current prices;B1GQ;Gross domestic product at market prices;PT;Portugal;2015;2015;7360.0
A;Annual;PC_EU27_2020_HAB_MPPS_CP;Percentage of EU27 (from 2020) total per capita (based on million purchasing power standards, EU27 from 2020), current prices;B1GQ;Gross domestic product at market prices;PT;Portugal;2015;2015;7490.0
A;Annual;CP_EUR_HAB;Current prices, euro per capita;B1GQ;Gross domestic product at market prices;PT;Portugal;2015;2015;7730.0
A;Annual;CP_NAC_HAB;Current prices, units of national currency per capita;B1GQ;Gross domestic product at market prices;PT;Portugal;2015;2015;8000.0
A;Annual;CP_PPS_EU27_2020_HAB;Current prices, purchasing power standard (PPS, EU27 from 2020) per capita;B1GQ;Gross domestic product at market prices;PT;Portugal;2015;2015;8480.0
A;Annual;CLV_I20_HAB;Chain linked volumes, Index 2020=100, per capita;B1GQ;Gross domestic product at market prices;PT;Portugal;2015;2015;8820.0
A;Annual;CLV_I15_HAB;Chain linked volumes, Index 2015=100, per capita;B1GQ;Gross domestic product at market prices;PT;Portugal;2015;2015;9060.0
A;Annual;CLV_I10_HAB;Chain linked volumes, Index 2010=100, per capita;B1GQ;Gross domestic product at market prices;PT;Portugal;2015;2015;9110.0
A;Annual;CLV20_EUR_HAB;Chain linked volumes (2020), euro per capita;B1GQ;Gross domestic product at market prices;PT;Portugal;2015;2015;9420.0
A;Annual;CLV15_EUR_HAB;Chain linked volumes (2015), euro per capita;B1GQ;Gross domestic product at market prices;PT;Portugal;2015;2015;9850.0
A;Annual;CLV10_EUR_HAB;Chain linked volumes (2010), euro per capita;B1GQ;Gross domestic product at market prices;PT;Portugal;2015;2015;9530.0
A;Annual;CLV_PCH_PRE_HAB;Chain linked volumes, percentage change on previous period, per capita;B1GQ;Gross domestic product at market prices;PT;Portugal;2015;2015;9890.0
A;Annual;PC_EU27_2020_HAB_MEUR_CP;Percentage of EU27 (from 2020) total per capita (based on million euro, EU27 from 2020), current prices;P3;Final consumption expenditure;PT;Portugal;2015;2015;
A;Annual;PC_EU27_2020_HAB_MPPS_CP;Percentage of EU27 (from 2020) total per capita (based on million purchasing power standards, EU27 from 2020), current prices;P3;Final consumption expenditure;PT;Portugal;2015;2015;
A;Annual;CP_EUR_HAB;Current prices, euro per capita;P3;Final consumption expenditure;PT;Portugal;2015;2015;
A;Annual;CP_NAC_HAB;Current prices, units of national currency per capita;P3;Final consumption expenditure;PT;Portugal;2015;2015;
A;Annual;CP_PPS_EU27_2020_HAB;Current prices, purchasing power standard (PPS, EU27 from 2020) per capita;P3;Final consumption expenditure;PT;Portugal;2015;2015;
A;Annual;CLV_I20_HAB;Chain linked volumes, Index 2020=100, per capita;P3;Final consumption expenditure;PT;Portugal;2015;2015;10440.0
A;Annual;CLV_I15_HAB;Chain linked volumes, Index 2015=100, per capita;P3;Final consumption expenditure;PT;Portugal;2015;2015;10540.0
A;Annual;CLV_I10_HAB;Chain linked volumes, Index 2010=100, per capita;P3;Final consumption expenditure;PT;Portugal;2015;2015;11020.0
A;Annual;CLV20_EUR_HAB;Chain linked volumes (2020), euro per capita;P3;Final consumption expenditure;PT;Portugal;2015;2015;11300.0
A;Annual;CLV15_EUR_HAB;Chain linked volumes (2015), euro per capita;P3;Final consumption expenditure;PT;Portugal;2015;2015;11640.0
A;Annual;CLV10_EUR_HAB;Chain linked volumes (2010), euro per capita;P3;Final consumption expenditure;PT;Portugal;2015;2015;12060.0
A;Annual;CLV_PCH_PRE_HAB;Chain linked volumes, percentage change on previous period, per capita;P3;Final consumption expenditure;PT;Portugal;2015;2015;12520.0
A;Annual;PC_EU27_2020_HAB_MEUR_CP;Percentage of EU27 (from 2020) total per capita (based on million euro, EU27 from 2020), current prices;P3_S13;Final consumption expenditure of general government;PT;Portugal;2015;2015;13090.0
A;Annual;PC_EU27_2020_HAB_MPPS_CP;Percentage of EU27 (from 2020) total per capita (based on million purchasing power standards, EU27 from 2020), current prices;P3_S13;Final consumption expenditure of general government;PT;Portugal;2015;2015;13790.0
A;Annual;CP_EUR_HAB;Current prices, euro per capita;P3_S13;Final consumption expenditure of general government;PT;Portugal;2015;2015;14390.0
A;Annual;CP_NAC_HAB;Current prices, units of national currency per capita;P3_S13;Final consumption expenditure of general government;PT;Portugal;2015;2015;14270.0
A;Annual;CP_PPS_EU27_2020_HAB;Current prices, purchasing power standard (PPS, EU27 from 2020) per capita;P3_S13;Final consumption expenditure of general government;PT;Portugal;2015;2015;13760.0
A;Annual;CLV_I20_HAB;Chain linked volumes, Index 2020=100, per capita;P3_S13;Final consumption expenditure of general government;PT;Portugal;2015;2015;13080.0
A;Annual;CLV_I15_HAB;Chain linked volumes, Index 2015=100, per capita;P3_S13;Final consumption expenditure of general government;PT;Portugal;2015;2015;12660.0
A;Annual;CLV_I10_HAB;Chain linked volumes, Index 2010=100, per capita;P3_S13;Final consumption expenditure of general government;PT;Portugal;2015;2015;12950.0
A;Annual;CLV20_EUR_HAB;Chain linked volumes (2020), euro per capita;P3_S13;Final consumption expenditure of general government;PT;Portugal;2015;2015;13530.0
A;Annual;CLV15_EUR_HAB;Chain linked volumes (2015), euro per capita;P3_S13;Final consumption expenditure of general government;PT;Portugal;2015;2015;13990.0
A;Annual;CLV10_EUR_HAB;Chain linked volumes (2010), euro per capita;P3_S13;Final consumption expenditure of general government;PT;Portugal;2015;2015;14430.0
A;Annual;CLV_PCH_PRE_HAB;Chain linked volumes, percentage change on previous period, per capita;P3_S13;Final consumption expenditure of general government;PT;Portugal;2015;2015;15070.0
A;Annual;PC_EU27_2020_HAB_MEUR_CP;Percentage of EU27 (from 2020) total per capita (based on million euro, EU27 from 2020), current prices;P31_S13;Individual consumption expenditure of general government;PT;Portugal;2015;2015;15510.0
A;Annual;PC_EU27_2020_HAB_MPPS_CP;Percentage of EU27 (from 2020) total per capita (based on million purchasing power standards, EU27 from 2020), current prices;P31_S13;Individual consumption expenditure of general government;PT;Portugal;2015;2015;15780.0
A;Annual;CP_EUR_HAB;Current prices, euro per capita;P31_S13;Individual consumption expenditure of general government;PT;Portugal;2015;2015;16130.0
A;Annual;CP_NAC_HAB;Current prices, units of national currency per capita;P31_S13;Individual consumption expenditure of general government;PT;Portugal;2015;2015;16480.0
A;Annual;CP_PPS_EU27_2020_HAB;Current prices, purchasing power standard (PPS, EU27 from 2020) per capita;P31_S13;Individual consumption expenditure of general government;PT;Portugal;2015;2015;17100.0
A;Annual;CLV_I20_HAB;Chain linked volumes, Index 2020=100, per capita;P31_S13;Individual consumption expenditure of general government;PT;Portugal;2015;2015;17670.0
A;Annual;CLV_I15_HAB;Chain linked volumes, Index 2015=100, per capita;P31_S13;Individual consumption expenditure of general government;PT;Portugal;2015;2015;18170.0
A;Annual;CLV_I10_HAB;Chain linked volumes, Index 2010=100, per capita;P31_S13;Individual consumption expenditure of general government;PT;Portugal;2015;2015;18820.0
A;Annual;CLV20_EUR_HAB;Chain linked volumes (2020), euro per capita;P31_S13;Individual consumption expenditure of general government;PT;Portugal;2015;2015;19390.0
A;Annual;CLV15_EUR_HAB;Chain linked volumes (2015), euro per capita;P31_S13;Individual consumption expenditure of general government;PT;Portugal;2015;2015;19700.0
A;Annual;CLV10_EUR_HAB;Chain linked volumes (2010), euro per capita;P31_S13;Individual consumption expenditure of general government;PT;Portugal;2015;2015;18960.0
A;Annual;CLV_PCH_PRE_HAB;Chain linked volumes, percentage change on previous period, per capita;P31_S13;Individual consumption expenditure of general government;PT;Portugal;2015;2015;19440.0
A;Annual;PC_EU27_2020_HAB_MEUR_CP;Percentage of EU27 (from 2020) total per capita (based on million euro, EU27 from 2020), current prices;P32_S13;Collective consumption expenditure of general government;PT;Portugal;2015;2015;19950.0
A;Annual;PC_EU27_2020_HAB_MPPS_CP;Percentage of EU27 (from 2020) total per capita (based on million purchasing power standards, EU27 from 2020), current prices;P32_S13;Collective consumption expenditure of general government;PT;Portugal;2015;2015;19930.0
A;Annual;CP_EUR_HAB;Current prices, euro per capita;P32_S13;Collective consumption expenditure of general government;PT;Portugal;2015;2015;19760.0
A;Annual;CP_NAC_HAB;Current prices, units of national currency per capita;P32_S13;Collective consumption expenditure of general government;PT;Portugal;2015;2015;19770.0
A;Annual;CP_PPS_EU27_2020_HAB;Current prices, purchasing power standard (PPS, EU27 from 2020) per capita;P32_S13;Collective consumption expenditure of general government;PT;Portugal;2015;2015;20010.0
A;Annual;CLV_I20_HAB;Chain linked volumes, Index 2020=100, per capita;P32_S13;Collective consumption expenditure of general government;PT;Portugal;2015;2015;20320.0
A;Annual;CLV_I15_HAB;Chain linked volumes, Index 2015=100, per capita;P32_S13;Collective consumption expenditure of general government;PT;Portugal;2015;2015;20340.0
A;Annual;CLV_I10_HAB;Chain linked volumes, Index 2010=100, per capita;P32_S13;Collective consumption expenditure of general government;PT;Portugal;2015;2015;20590.0
A;Annual;CLV20_EUR_HAB;Chain linked volumes (2020), euro per capita;P32_S13;Collective consumption expenditure of general government;PT;Portugal;2015;2015;20650.0
A;Annual;CLV15_EUR_HAB;Chain linked volumes (2015), euro per capita;P32_S13;Collective consumption expenditure of general government;PT;Portugal;2015;2015;19880.0
A;Annual;CLV10_EUR_HAB;Chain linked volumes (2010), euro per capita;P32_S13;Collective consumption expenditure of general government;PT;Portugal;2015;2015;20520.0
A;Annual;CLV_PCH_PRE_HAB;Chain linked volumes, percentage change on previous period, per capita;P32_S13;Collective consumption expenditure of general government;PT;Portugal;2015;2015;20630.0
A;Annual;PC_EU27_2020_HAB_MEUR_CP;Percentage of EU27 (from 2020) total per capita (based on million euro, EU27 from 2020), current prices;P31_S14_S15;Household and NPISH final consumption expenditure;PT;Portugal;2015;2015;20590.0
A;Annual;PC_EU27_2020_HAB_MPPS_CP;Percentage of EU27 (from 2020) total per capita (based on million purchasing power standards, EU27 from 2020), current prices;P31_S14_S15;Household and NPISH final consumption expenditure;PT;Portugal;2015;2015;20330.0
A;Annual;CP_EUR_HAB;Current prices, euro per capita;P31_S14_S15;Household and NPISH final consumption expenditure;PT;Portugal;2015;2015;
A;Annual;CP_NAC_HAB;Current prices, units of national currency per capita;P31_S14_S15;Household and NPISH final consumption expenditure;PT;Portugal;2015;2015;
A;Annual;CP_PPS_EU27_2020_HAB;Current prices, purchasing power standard (PPS, EU27 from 2020) per capita;P31_S14_S15;Household and NPISH final consumption expenditure;PT;Portugal;2015;2015;
A;Annual;CLV_I20_HAB;Chain linked volumes, Index 2020=100, per capita;P31_S14_S15;Household and NPISH final consumption expenditure;PT;Portugal;2015;2015;
A;Annual;CLV_I15_HAB;Chain linked volumes, Index 2015=100, per capita;P31_S14_S15;Household and NPISH final consumption expenditure;PT;Portugal;2015;2015;
A;Annual;CLV_I10_HAB;Chain linked volumes, Index 2010=100, per capita;P31_S14_S15;Household and NPISH final consumption expenditure;PT;Portugal;2015;2015;
A;Annual;CLV20_EUR_HAB;Chain linked volumes (2020), euro per capita;P31_S14_S15;Household and NPISH final consumption expenditure;PT;Portugal;2015;2015;
A;Annual;CLV15_EUR_HAB;Chain linked volumes (2015), euro per capita;P31_S14_S15;Household and NPISH final consumption expenditure;PT;Portugal;2015;2015;
A;Annual;CLV10_EUR_HAB;Chain linked volumes (2010), euro per capita;P31_S14_S15;Household and NPISH final consumption expenditure;PT;Portugal;2015;2015;
A;Annual;CLV_PCH_PRE_HAB;Chain linked volumes, percentage change on previous period, per capita;P31_S14_S15;Household and NPISH final consumption expenditure;PT;Portugal;2015;2015;
A;Annual;PC_EU27_2020_HAB_MEUR_CP;Percentage of EU27 (from 2020) total per capita (based on million euro, EU27 from 2020), current prices;P31_S14;Final consumption expenditure of households;PT;Portugal;2015;2015;
A;Annual;PC_EU27_2020_HAB_MPPS_CP;Percentage of EU27 (from 2020) total per capita (based on million purchasing power standards, EU27 from 2020), current prices;P31_S14;Final consumption expenditure of households;PT;Portugal;2015;2015;
A;Annual;CP_EUR_HAB;Current prices, euro per capita;P31_S14;Final consumption expenditure of households;PT;Portugal;2015;2015;
A;Annual;CP_NAC_HAB;Current prices, units of national currency per capita;P31_S14;Final consumption expenditure of households;PT;Portugal;2015;2015;
A;Annual;CP_PPS_EU27_2020_HAB;Current prices, purchasing power standard (PPS, EU27 from 2020) per capita;P31_S14;Final consumption expenditure of households;PT;Portugal;2015;2015;
A;Annual;CLV_I20_HAB;Chain linked volumes, Index 2020=100, per capita;P31_S14;Final consumption expenditure of households;PT;Portugal;2015;2015;
A;Annual;CLV_I15_HAB;Chain linked volumes, Index 2015=100, per capita;P31_S14;Final consumption expenditure of households;PT;Portugal;2015;2015;
A;Annual;CLV_I10_HAB;Chain linked volumes, Index 2010=100, per capita;P31_S14;Final consumption expenditure of households;PT;Portugal;2015;2015;
A;Annual;CLV20_EUR_HAB;Chain linked volumes (2020), euro per capita;P31_S14;Final consumption expenditure of households;PT;Portugal;2015;2015;13480.0
A;Annual;CLV15_EUR_HAB;Chain linked volumes (2015), euro per capita;P31_S14;Final consumption expenditure of households;PT;Portugal;2015;2015;13630.0
A;Annual;CLV10_EUR_HAB;Chain linked volumes (2010), euro per capita;P31_S14;Final consumption expenditure of households;PT;Portugal;2015;2015;13740.0
A;Annual;CLV_PCH_PRE_HAB;Chain linked volumes, percentage change on previous period, per capita;P31_S14;Final consumption expenditure of households;PT;Portugal;2015;2015;14030.0
A;Annual;PC_EU27_2020_HAB_MEUR_CP;Percentage of EU27 (from 2020) total per capita (based on million euro, EU27 from 2020), current prices;P31_S15;Final consumption expenditure of NPISH;PT;Portugal;2015;2015;14480.0
A;Annual;PC_EU27_2020_HAB_MPPS_CP;Percentage of EU27 (from 2020) total per capita (based on million purchasing power standards, EU27 from 2020), current prices;P31_S15;Final consumption expenditure of NPISH;PT;Portugal;2015;2015;14970.0
A;Annual;CP_EUR_HAB;Current prices, euro per capita;P31_S15;Final consumption expenditure of NPISH;PT;Portugal;2015;2015;15660.0
A;Annual;CP_NAC_HAB;Current prices, units of national currency per capita;P31_S15;Final consumption expenditure of NPISH;PT;Portugal;2015;2015;16500.0
A;Annual;CP_PPS_EU27_2020_HAB;Current prices, purchasing power standard (PPS, EU27 from 2020) per capita;P31_S15;Final consumption expenditure of NPISH;PT;Portugal;2015;2015;16580.0
A;Annual;CLV_I20_HAB;Chain linked volumes, Index 2020=100, per capita;P31_S15;Final consumption expenditure of NPISH;PT;Portugal;2015;2015;16880.0
A;Annual;CLV_I15_HAB;Chain linked volumes, Index 2015=100, per capita;P31_S15;Final consumption expenditure of NPISH;PT;Portugal;2015;2015;17060.0
A;Annual;CLV_I10_HAB;Chain linked volumes, Index 2010=100, per capita;P31_S15;Final consumption expenditure of NPISH;PT;Portugal;2015;2015;17500.0
A;Annual;CLV20_EUR_HAB;Chain linked volumes (2020), euro per capita;P31_S15;Final consumption expenditure of NPISH;PT;Portugal;2015;2015;17980.0
A;Annual;CLV15_EUR_HAB;Chain linked volumes (2015), euro per capita;P31_S15;Final consumption expenditure of NPISH;PT;Portugal;2015;2015;18390.0
A;Annual;CLV10_EUR_HAB;Chain linked volumes (2010), euro per capita;P31_S15;Final consumption expenditure of NPISH;PT;Portugal;2015;2015;19090.0
A;Annual;CLV_PCH_PRE_HAB;Chain linked volumes, percentage change on previous period, per capita;P31_S15;Final consumption expenditure of NPISH;PT;Portugal;2015;2015;18930.0
A;Annual;PC_EU27_2020_HAB_MEUR_CP;Percentage of EU27 (from 2020) total per capita (based on million euro, EU27 from 2020), current prices;P41;Actual individual consumption;PT;Portugal;2015;2015;19000.0
A;Annual;PC_EU27_2020_HAB_MPPS_CP;Percentage of EU27 (from 2020) total per capita (based on million purchasing power standards, EU27 from 2020), current prices;P41;Actual individual consumption;PT;Portugal;2015;2015;19600.0
A;Annual;CP_EUR_HAB;Current prices, euro per capita;P41;Actual individual consumption;PT;Portugal;2015;2015;19850.0
A;Annual;CP_NAC_HAB;Current prices, units of national currency per capita;P41;Actual individual consumption;PT;Portugal;2015;2015;19940.0
A;Annual;CP_PPS_EU27_2020_HAB;Current prices, purchasing power standard (PPS, EU27 from 2020) per capita;P41;Actual individual consumption;PT;Portugal;2015;2015;20170.0
A;Annual;CLV_I20_HAB;Chain linked volumes, Index 2020=100, per capita;P41;Actual individual consumption;PT;Portugal;2015;2015;20530.0
A;Annual;CLV_I15_HAB;Chain linked volumes, Index 2015=100, per capita;P41;Actual individual consumption;PT;Portugal;2015;2015;21170.0
A;Annual;CLV_I10_HAB;Chain linked volumes, Index 2010=100, per capita;P41;Actual individual consumption;PT;Portugal;2015;2015;21390.0
A;Annual;CLV20_EUR_HAB;Chain linked volumes (2020), euro per capita;P41;Actual individual consumption;PT;Portugal;2015;2015;21590.0
A;Annual;CLV15_EUR_HAB;Chain linked volumes (2015), euro per capita;P41;Actual individual consumption;PT;Portugal;2015;2015;21760.0
A;Annual;CLV10_EUR_HAB;Chain linked volumes (2010), euro per capita;P41;Actual individual consumption;PT;Portugal;2015;2015;21700.0
A;Annual;CLV_PCH_PRE_HAB;Chain linked volumes, percentage change on previous period, per capita;P41;Actual individual consumption;PT;Portugal;2015;2015;20900.0
A;Annual;PC_EU27_2020_HAB_MEUR_CP;Percentage of EU27 (from 2020) total per capita (based on million euro, EU27 from 2020), current prices;B1GQ;Gross domestic product at market prices;PT;Portugal;2016;2016;31220.0
A;Annual;PC_EU27_2020_HAB_MPPS_CP;Percentage of EU27 (from 2020) total per capita (based on million purchasing power standards, EU27 from 2020), current prices;B1GQ;Gross domestic product at market prices;PT;Portugal;2016;2016;31940.0
A;Annual;CP_EUR_HAB;Current prices, euro per capita;B1GQ;Gross domestic product at market prices;PT;Portugal;2016;2016;32150.0
A;Annual;CP_NAC_HAB;Current prices, units of national currency per capita;B1GQ;Gross domestic product at market prices;PT;Portugal;2016;2016;32360.0
A;Annual;CP_PPS_EU27_2020_HAB;Current prices, purchasing power standard (PPS, EU27 from 2020) per capita;B1GQ;Gross domestic product at market prices;PT;Portugal;2016;2016;32650.0
A;Annual;CLV_I20_HAB;Chain linked volumes, Index 2020=100, per capita;B1GQ;Gross domestic product at market prices;PT;Portugal;2016;2016;
A;Annual;CLV_I15_HAB;Chain linked volumes, Index 2015=100, per capita;B1GQ;Gross domestic product at market prices;PT;Portugal;2016;2016;
A;Annual;CLV_I10_HAB;Chain linked volumes, Index 2010=100, per capita;B1GQ;Gross domestic product at market prices;PT;Portugal;2016;2016;
A;Annual;CLV20_EUR_HAB;Chain linked volumes (2020), euro per capita;B1GQ;Gross domestic product at market prices;PT;Portugal;2016;2016;
A;Annual;CLV15_EUR_HAB;Chain linked volumes (2015), euro per capita;B1GQ;Gross domestic product at market prices;PT;Portugal;2016;2016;
A;Annual;CLV10_EUR_HAB;Chain linked volumes (2010), euro per capita;B1GQ;Gross domestic product at market prices;PT;Portugal;2016;2016;
A;Annual;CLV_PCH_PRE_HAB;Chain linked volumes, percentage change on previous period, per capita;B1GQ;Gross domestic product at market prices;PT;Portugal;2016;2016;
A;Annual;PC_EU27_2020_HAB_MEUR_CP;Percentage of EU27 (from 2020) total per capita (based on million euro, EU27 from 2020), current prices;P3;Final consumption expenditure;PT;Portugal;2016;2016;
A;Annual;PC_EU27_2020_HAB_MPPS_CP;Percentage of EU27 (from 2020) total per capita (based on million purchasing power standards, EU27 from 2020), current prices;P3;Final consumption expenditure;PT;Portugal;2016;2016;
A;Annual;CP_EUR_HAB;Current prices, euro per capita;P3;Final consumption expenditure;PT;Portugal;2016;2016;
A;Annual;CP_NAC_HAB;Current prices, units of national currency per capita;P3;Final consumption expenditure;PT;Portugal;2016;2016;
A;Annual;CP_PPS_EU27_2020_HAB;Current prices, purchasing power standard (PPS, EU27 from 2020) per capita;P3;Final consumption expenditure;PT;Portugal;2016;2016;
A;Annual;CLV_I20_HAB;Chain linked volumes, Index 2020=100, per capita;P3;Final consumption expenditure;PT;Portugal;2016;2016;
A;Annual;CLV_I15_HAB;Chain linked volumes, Index 2015=100, per capita;P3;Final consumption expenditure;PT;Portugal;2016;2016;
A;Annual;CLV_I10_HAB;Chain linked volumes, Index 2010=100, per capita;P3;Final consumption expenditure;PT;Portugal;2016;2016;
A;Annual;CLV20_EUR_HAB;Chain linked volumes (2020), euro per capita;P3;Final consumption expenditure;PT;Portugal;2016;2016;
A;Annual;CLV15_EUR_HAB;Chain linked volumes (2015), euro per capita;P3;Final consumption expenditure;PT;Portugal;2016;2016;
A;Annual;CLV10_EUR_HAB;Chain linked volumes (2010), euro per capita;P3;Final consumption expenditure;PT;Portugal;2016;2016;
A;Annual;CLV_PCH_PRE_HAB;Chain linked volumes, percentage change on previous period, per capita;P3;Final consumption expenditure;PT;Portugal;2016;2016;
A;Annual;PC_EU27_2020_HAB_MEUR_CP;Percentage of EU27 (from 2020) total per capita (based on million euro, EU27 from 2020), current prices;P3_S13;Final consumption expenditure of general government;PT;Portugal;2016;2016;
A;Annual;PC_EU27_2020_HAB_MPPS_CP;Percentage of EU27 (from 2020) total per capita (based on million purchasing power standards, EU27 from 2020), current prices;P3_S13;Final consumption expenditure of general government;PT;Portugal;2016;2016;
A;Annual;CP_EUR_HAB;Current prices, euro per capita;P3_S13;Final consumption expenditure of general government;PT;Portugal;2016;2016;
A;Annual;CP_NAC_HAB;Current prices, units of national currency per capita;P3_S13;Final consumption expenditure of general government;PT;Portugal;2016;2016;
A;Annual;CP_PPS_EU27_2020_HAB;Current prices, purchasing power standard (PPS, EU27 from 2020) per capita;P3_S13;Final consumption expenditure of general government;PT;Portugal;2016;2016;
A;Annual;CLV_I20_HAB;Chain linked volumes, Index 2020=100, per capita;P3_S13;Final consumption expenditure of general government;PT;Portugal;2016;2016;
A;Annual;CLV_I15_HAB;Chain linked volumes, Index 2015=100, per capita;P3_S13;Final consumption expenditure of general government;PT;Portugal;2016;2016;
A;Annual;CLV_I10_HAB;Chain linked volumes, Index 2010=100, per capita;P3_S13;Final consumption expenditure of general government;PT;Portugal;2016;2016;
A;Annual;CLV20_EUR_HAB;Chain linked volumes (2020), euro per capita;P3_S13;Final consumption expenditure of general government;PT;Portugal;2016;2016;
A;Annual;CLV15_EUR_HAB;Chain linked volumes (2015), euro per capita;P3_S13;Final consumption expenditure of general government;PT;Portugal;2016;2016;
A;Annual;CLV10_EUR_HAB;Chain linked volumes (2010), euro per capita;P3_S13;Final consumption expenditure of general government;PT;Portugal;2016;2016;
A;Annual;CLV_PCH_PRE_HAB;Chain linked volumes, percentage change on previous period, per capita;P3_S13;Final consumption expenditure of general government;PT;Portugal;2016;2016;
A;Annual;PC_EU27_2020_HAB_MEUR_CP;Percentage of EU27 (from 2020) total per capita (based on million euro, EU27 from 2020), current prices;P31_S13;Individual consumption expenditure of general government;PT;Portugal;2016;2016;
A;Annual;PC_EU27_2020_HAB_MPPS_CP;Percentage of EU27 (from 2020) total per capita (based on million purchasing power standards, EU27 from 2020), current prices;P31_S13;Individual consumption expenditure of general government;PT;Portugal;2016;2016;
A;Annual;CP_EUR_HAB;Current prices, euro per capita;P31_S13;Individual consumption expenditure of general government;PT;Portugal;2016;2016;
A;Annual;CP_NAC_HAB;Current prices, units of national currency per capita;P31_S13;Individual consumption expenditure of general government;PT;Portugal;2016;2016;
A;Annual;CP_PPS_EU27_2020_HAB;Current prices, purchasing power standard (PPS, EU27 from 2020) per capita;P31_S13;Individual consumption expenditure of general government;PT;Portugal;2016;2016;
A;Annual;CLV_I20_HAB;Chain linked volumes, Index 2020=100, per capita;P31_S13;Individual consumption expenditure of general government;PT;Portugal;2016;2016;
A;Annual;CLV_I15_HAB;Chain linked volumes, Index 2015=100, per capita;P31_S13;Individual consumption expenditure of general government;PT;Portugal;2016;2016;
A;Annual;CLV_I10_HAB;Chain linked volumes, Index 2010=100, per capita;P31_S13;Individual consumption expenditure of general government;PT;Portugal;2016;2016;
A;Annual;CLV20_EUR_HAB;Chain linked volumes (2020), euro per capita;P31_S13;Individual consumption expenditure of general government;PT;Portugal;2016;2016;
A;Annual;CLV15_EUR_HAB;Chain linked volumes (2015), euro per capita;P31_S13;Individual consumption expenditure of general government;PT;Portugal;2016;2016;
A;Annual;CLV10_EUR_HAB;Chain linked volumes (2010), euro per capita;P31_S13;Individual consumption expenditure of general government;PT;Portugal;2016;2016;
A;Annual;CLV_PCH_PRE_HAB;Chain linked volumes, percentage change on previous period, per capita;P31_S13;Individual consumption expenditure of general government;PT;Portugal;2016;2016;
A;Annual;PC_EU27_2020_HAB_MEUR_CP;Percentage of EU27 (from 2020) total per capita (based on million euro, EU27 from 2020), current prices;P32_S13;Collective consumption expenditure of general government;PT;Portugal;2016;2016;
A;Annual;PC_EU27_2020_HAB_MPPS_CP;Percentage of EU27 (from 2020) total per capita (based on million purchasing power standards, EU27 from 2020), current prices;P32_S13;Collective consumption expenditure of general government;PT;Portugal;2016;2016;
A;Annual;CP_EUR_HAB;Current prices, euro per capita;P32_S13;Collective consumption expenditure of general government;PT;Portugal;2016;2016;
A;Annual;CP_NAC_HAB;Current prices, units of national currency per capita;P32_S13;Collective consumption expenditure of general government;PT;Portugal;2016;2016;
A;Annual;CP_PPS_EU27_2020_HAB;Current prices, purchasing power standard (PPS, EU27 from 2020) per capita;P32_S13;Collective consumption expenditure of general government;PT;Portugal;2016;2016;
A;Annual;CLV_I20_HAB;Chain linked volumes, Index 2020=100, per capita;P32_S13;Collective consumption expenditure of general government;PT;Portugal;2016;2016;
A;Annual;CLV_I15_HAB;Chain linked volumes, Index 2015=100, per capita;P32_S13;Collective consumption expenditure of general government;PT;Portugal;2016;2016;
A;Annual;CLV_I10_HAB;Chain linked volumes, Index 2010=100, per capita;P32_S13;Collective consumption expenditure of general government;PT;Portugal;2016;2016;
A;Annual;CLV20_EUR_HAB;Chain linked volumes (2020), euro per capita;P32_S13;Collective consumption expenditure of general government;PT;Portugal;2016;2016;
A;Annual;CLV15_EUR_HAB;Chain linked volumes (2015), euro per capita;P32_S13;Collective consumption expenditure of general government;PT;Portugal;2016;2016;
A;Annual;CLV10_EUR_HAB;Chain linked volumes (2010), euro per capita;P32_S13;Collective consumption expenditure of general government;PT;Portugal;2016;2016;
A;Annual;CLV_PCH_PRE_HAB;Chain linked volumes, percentage change on previous period, per capita;P32_S13;Collective consumption expenditure of general government;PT;Portugal;2016;2016;
A;Annual;PC_EU27_2020_HAB_MEUR_CP;Percentage of EU27 (from 2020) total per capita (based on million euro, EU27 from 2020), current prices;P31_S14_S15;Household and NPISH final consumption expenditure;PT;Portugal;2016;2016;
A;Annual;PC_EU27_2020_HAB_MPPS_CP;Percentage of EU27 (from 2020) total per capita (based on million purchasing power standards, EU27 from 2020), current prices;P31_S14_S15;Household and NPISH final consumption expenditure;PT;Portugal;2016;2016;
A;Annual;CP_EUR_HAB;Current prices, euro per capita;P31_S14_S15;Household and NPISH final consumption expenditure;PT;Portugal;2016;2016;
A;Annual;CP_NAC_HAB;Current prices, units of national currency per capita;P31_S14_S15;Household and NPISH final consumption expenditure;PT;Portugal;2016;2016;
A;Annual;CP_PPS_EU27_2020_HAB;Current prices, purchasing power standard (PPS, EU27 from 2020) per capita;P31_S14_S15;Household and NPISH final consumption expenditure;PT;Portugal;2016;2016;
A;Annual;CLV_I20_HAB;Chain linked volumes, Index 2020=100, per capita;P31_S14_S15;Household and NPISH final consumption expenditure;PT;Portugal;2016;2016;
A;Annual;CLV_I15_HAB;Chain linked volumes, Index 2015=100, per capita;P31_S14_S15;Household and NPISH final consumption expenditure;PT;Portugal;2016;2016;
A;Annual;CLV_I10_HAB;Chain linked volumes, Index 2010=100, per capita;P31_S14_S15;Household and NPISH final consumption expenditure;PT;Portugal;2016;2016;
A;Annual;CLV20_EUR_HAB;Chain linked volumes (2020), euro per capita;P31_S14_S15;Household and NPISH final consumption expenditure;PT;Portugal;2016;2016;
A;Annual;CLV15_EUR_HAB;Chain linked volumes (2015), euro per capita;P31_S14_S15;Household and NPISH final consumption expenditure;PT;Portugal;2016;2016;
A;Annual;CLV10_EUR_HAB;Chain linked volumes (2010), euro per capita;P31_S14_S15;Household and NPISH final consumption expenditure;PT;Portugal;2016;2016;
A;Annual;CLV_PCH_PRE_HAB;Chain linked volumes, percentage change on previous period, per capita;P31_S14_S15;Household and NPISH final consumption expenditure;PT;Portugal;2016;2016;
A;Annual;PC_EU27_2020_HAB_MEUR_CP;Percentage of EU27 (from 2020) total per capita (based on million euro, EU27 from 2020), current prices;P31_S14;Final consumption expenditure of households;PT;Portugal;2016;2016;
A;Annual;PC_EU27_2020_HAB_MPPS_CP;Percentage of EU27 (from 2020) total per capita (based on million purchasing power standards, EU27 from 2020), current prices;P31_S14;Final consumption expenditure of households;PT;Portugal;2016;2016;
A;Annual;CP_EUR_HAB;Current prices, euro per capita;P31_S14;Final consumption expenditure of households;PT;Portugal;2016;2016;
A;Annual;CP_NAC_HAB;Current prices, units of national currency per capita;P31_S14;Final consumption expenditure of households;PT;Portugal;2016;2016;
A;Annual;CP_PPS_EU27_2020_HAB;Current prices, purchasing power standard (PPS, EU27 from 2020) per capita;P31_S14;Final consumption expenditure of households;PT;Portugal;2016;2016;
A;Annual;CLV_I20_HAB;Chain linked volumes, Index 2020=100, per capita;P31_S14;Final consumption expenditure of households;PT;Portugal;2016;2016;
A;Annual;CLV_I15_HAB;Chain linked volumes, Index 2015=100, per capita;P31_S14;Final consumption expenditure of households;PT;Portugal;2016;2016;
A;Annual;CLV_I10_HAB;Chain linked volumes, Index 2010=100, per capita;P31_S14;Final consumption expenditure of households;PT;Portugal;2016;2016;
A;Annual;CLV20_EUR_HAB;Chain linked volumes (2020), euro per capita;P31_S14;Final consumption expenditure of households;PT;Portugal;2016;2016;
A;Annual;CLV15_EUR_HAB;Chain linked volumes (2015), euro per capita;P31_S14;Final consumption expenditure of households;PT;Portugal;2016;2016;
A;Annual;CLV10_EUR_HAB;Chain linked volumes (2010), euro per capita;P31_S14;Final consumption expenditure of households;PT;Portugal;2016;2016;
A;Annual;CLV_PCH_PRE_HAB;Chain linked volumes, percentage change on previous period, per capita;P31_S14;Final consumption expenditure of households;PT;Portugal;2016;2016;
A;Annual;PC_EU27_2020_HAB_MEUR_CP;Percentage of EU27 (from 2020) total per capita (based on million euro, EU27 from 2020), current prices;P31_S15;Final consumption expenditure of NPISH;PT;Portugal;2016;2016;
A;Annual;PC_EU27_2020_HAB_MPPS_CP;Percentage of EU27 (from 2020) total per capita (based on million purchasing power standards, EU27 from 2020), current prices;P31_S15;Final consumption expenditure of NPISH;PT;Portugal;2016;2016;
A;Annual;CP_EUR_HAB;Current prices, euro per capita;P31_S15;Final consumption expenditure of NPISH;PT;Portugal;2016;2016;
A;Annual;CP_NAC_HAB;Current prices, units of national currency per capita;P31_S15;Final consumption expenditure of NPISH;PT;Portugal;2016;2016;
A;Annual;CP_PPS_EU27_2020_HAB;Current prices, purchasing power standard (PPS, EU27 from 2020) per capita;P31_S15;Final consumption expenditure of NPISH;PT;Portugal;2016;2016;
A;Annual;CLV_I20_HAB;Chain linked volumes, Index 2020=100, per capita;P31_S15;Final consumption expenditure of NPISH;PT;Portugal;2016;2016;
A;Annual;CLV_I15_HAB;Chain linked volumes, Index 2015=100, per capita;P31_S15;Final consumption expenditure of NPISH;PT;Portugal;2016;2016;
A;Annual;CLV_I10_HAB;Chain linked volumes, Index 2010=100, per capita;P31_S15;Final consumption expenditure of NPISH;PT;Portugal;2016;2016;4560.0
A;Annual;CLV20_EUR_HAB;Chain linked volumes (2020), euro per capita;P31_S15;Final consumption expenditure of NPISH;PT;Portugal;2016;2016;5050.0
A;Annual;CLV15_EUR_HAB;Chain linked volumes (2015), euro per capita;P31_S15;Final consumption expenditure of NPISH;PT;Portugal;2016;2016;5560.0
A;Annual;CLV10_EUR_HAB;Chain linked volumes (2010), euro per capita;P31_S15;Final consumption expenditure of NPISH;PT;Portugal;2016;2016;4810.0
A;Annual;CLV_PCH_PRE_HAB;Chain linked volumes, percentage change on previous period, per capita;P31_S15;Final consumption expenditure of NPISH;PT;Portugal;2016;2016;4940.0
A;Annual;PC_EU27_2020_HAB_MEUR_CP;Percentage of EU27 (from 2020) total per capita (based on million euro, EU27 from 2020), current prices;P41;Actual individual consumption;PT;Portugal;2016;2016;4970.0
A;Annual;PC_EU27_2020_HAB_MPPS_CP;Percentage of EU27 (from 2020) total per capita (based on million purchasing power standards, EU27 from 2020), current prices;P41;Actual individual consumption;PT;Portugal;2016;2016;4840.0
A;Annual;CP_EUR_HAB;Current prices, euro per capita;P41;Actual individual consumption;PT;Portugal;2016;2016;4920.0
A;Annual;CP_NAC_HAB;Current prices, units of national currency per capita;P41;Actual individual consumption;PT;Portugal;2016;2016;5070.0
A;Annual;CP_PPS_EU27_2020_HAB;Current prices, purchasing power standard (PPS, EU27 from 2020) per capita;P41;Actual individual consumption;PT;Portugal;2016;2016;5120.0
A;Annual;CLV_I20_HAB;Chain linked volumes, Index 2020=100, per capita;P41;Actual individual consumption;PT;Portugal;2016;2016;5420.0
A;Annual;CLV_I15_HAB;Chain linked volumes, Index 2015=100, per capita;P41;Actual individual consumption;PT;Portugal;2016;2016;5580.0
A;Annual;CLV_I10_HAB;Chain linked volumes, Index 2010=100, per capita;P41;Actual individual consumption;PT;Portugal;2016;2016;5780.0
A;Annual;CLV20_EUR_HAB;Chain linked volumes (2020), euro per capita;P41;Actual individual consumption;PT;Portugal;2016;2016;6010.0
A;Annual;CLV15_EUR_HAB;Chain linked volumes (2015), euro per capita;P41;Actual individual consumption;PT;Portugal;2016;2016;5750.0
A;Annual;CLV10_EUR_HAB;Chain linked volumes (2010), euro per capita;P41;Actual individual consumption;PT;Portugal;2016;2016;6050.0
A;Annual;CLV_PCH_PRE_HAB;Chain linked volumes, percentage change on previous period, per capita;P41;Actual individual consumption;PT;Portugal;2016;2016;6780.0
A;Annual;PC_EU27_2020_HAB_MEUR_CP;Percentage of EU27 (from 2020) total per capita (based on million euro, EU27 from 2020), current prices;B1GQ;Gross domestic product at market prices;PT;Portugal;2017;2017;
A;Annual;PC_EU27_2020_HAB_MPPS_CP;Percentage of EU27 (from 2020) total per capita (based on million purchasing power standards, EU27 from 2020), current prices;B1GQ;Gross domestic product at market prices;PT;Portugal;2017;2017;
A;Annual;CP_EUR_HAB;Current prices, euro per capita;B1GQ;Gross domestic product at market prices;PT;Portugal;2017;2017;
A;Annual;CP_NAC_HAB;Current prices, units of national currency per capita;B1GQ;Gross domestic product at market prices;PT;Portugal;2017;2017;
A;Annual;CP_PPS_EU27_2020_HAB;Current prices, purchasing power standard (PPS, EU27 from 2020) per capita;B1GQ;Gross domestic product at market prices;PT;Portugal;2017;2017;
A;Annual;CLV_I20_HAB;Chain linked volumes, Index 2020=100, per capita;B1GQ;Gross domestic product at market prices;PT;Portugal;2017;2017;
A;Annual;CLV_I15_HAB;Chain linked volumes, Index 2015=100, per capita;B1GQ;Gross domestic product at market prices;PT;Portugal;2017;2017;
A;Annual;CLV_I10_HAB;Chain linked volumes, Index 2010=100, per capita;B1GQ;Gross domestic product at market prices;PT;Portugal;2017;2017;
A;Annual;CLV20_EUR_HAB;Chain linked volumes (2020), euro per capita;B1GQ;Gross domestic product at market prices;PT;Portugal;2017;2017;
A;Annual;CLV15_EUR_HAB;Chain linked volumes (2015), euro per capita;B1GQ;Gross domestic product at market prices;PT;Portugal;2017;2017;
A;Annual;CLV10_EUR_HAB;Chain linked volumes (2010), euro per capita;B1GQ;Gross domestic product at market prices;PT;Portugal;2017;2017;
A;Annual;CLV_PCH_PRE_HAB;Chain linked volumes, percentage change on previous period, per capita;B1GQ;Gross domestic product at market prices;PT;Portugal;2017;2017;
A;Annual;PC_EU27_2020_HAB_MEUR_CP;Percentage of EU27 (from 2020) total per capita (based on million euro, EU27 from 2020), current prices;P3;Final consumption expenditure;PT;Portugal;2017;2017;
A;Annual;PC_EU27_2020_HAB_MPPS_CP;Percentage of EU27 (from 2020) total per capita (based on million purchasing power standards, EU27 from 2020), current prices;P3;Final consumption expenditure;PT;Portugal;2017;2017;
A;Annual;CP_EUR_HAB;Current prices, euro per capita;P3;Final consumption expenditure;PT;Portugal;2017;2017;
A;Annual;CP_NAC_HAB;Current prices, units of national currency per capita;P3;Final consumption expenditure;PT;Portugal;2017;2017;
A;Annual;CP_PPS_EU27_2020_HAB;Current prices, purchasing power standard (PPS, EU27 from 2020) per capita;P3;Final consumption expenditure;PT;Portugal;2017;2017;
A;Annual;CLV_I20_HAB;Chain linked volumes, Index 2020=100, per capita;P3;Final consumption expenditure;PT;Portugal;2017;2017;
A;Annual;CLV_I15_HAB;Chain linked volumes, Index 2015=100, per capita;P3;Final consumption expenditure;PT;Portugal;2017;2017;
A;Annual;CLV_I10_HAB;Chain linked volumes, Index 2010=100, per capita;P3;Final consumption expenditure;PT;Portugal;2017;2017;
A;Annual;CLV20_EUR_HAB;Chain linked volumes (2020), euro per capita;P3;Final consumption expenditure;PT;Portugal;2017;2017;
A;Annual;CLV15_EUR_HAB;Chain linked volumes (2015), euro per capita;P3;Final consumption expenditure;PT;Portugal;2017;2017;
A;Annual;CLV10_EUR_HAB;Chain linked volumes (2010), euro per capita;P3;Final consumption expenditure;PT;Portugal;2017;2017;
A;Annual;CLV_PCH_PRE_HAB;Chain linked volumes, percentage change on previous period, per capita;P3;Final consumption expenditure;PT;Portugal;2017;2017;
A;Annual;PC_EU27_2020_HAB_MEUR_CP;Percentage of EU27 (from 2020) total per capita (based on million euro, EU27 from 2020), current prices;P3_S13;Final consumption expenditure of general government;PT;Portugal;2017;2017;
A;Annual;PC_EU27_2020_HAB_MPPS_CP;Percentage of EU27 (from 2020) total per capita (based on million purchasing power standards, EU27 from 2020), current prices;P3_S13;Final consumption expenditure of general government;PT;Portugal;2017;2017;
A;Annual;CP_EUR_HAB;Current prices, euro per capita;P3_S13;Final consumption expenditure of general government;PT;Portugal;2017;2017;
A;Annual;CP_NAC_HAB;Current prices, units of national currency per capita;P3_S13;Final consumption expenditure of general government;PT;Portugal;2017;2017;
A;Annual;CP_PPS_EU27_2020_HAB;Current prices, purchasing power standard (PPS, EU27 from 2020) per capita;P3_S13;Final consumption expenditure of general government;PT;Portugal;2017;2017;4260.0
A;Annual;CLV_I20_HAB;Chain linked volumes, Index 2020=100, per capita;P3_S13;Final consumption expenditure of general government;PT;Portugal;2017;2017;4320.0
A;Annual;CLV_I15_HAB;Chain linked volumes, Index 2015=100, per capita;P3_S13;Final consumption expenditure of general government;PT;Portugal;2017;2017;4380.0
A;Annual;CLV_I10_HAB;Chain linked volumes, Index 2010=100, per capita;P3_S13;Final consumption expenditure of general government;PT;Portugal;2017;2017;4460.0
A;Annual;CLV20_EUR_HAB;Chain linked volumes (2020), euro per capita;P3_S13;Final consumption expenditure of general government;PT;Portugal;2017;2017;4550.0
A;Annual;CLV15_EUR_HAB;Chain linked volumes (2015), euro per capita;P3_S13;Final consumption expenditure of general government;PT;Portugal;2017;2017;4660.0
A;Annual;CLV10_EUR_HAB;Chain linked volumes (2010), euro per capita;P3_S13;Final consumption expenditure of general government;PT;Portugal;2017;2017;4750.0
A;Annual;CLV_PCH_PRE_HAB;Chain linked volumes, percentage change on previous period, per capita;P3_S13;Final consumption expenditure of general government;PT;Portugal;2017;2017;4840.0
A;Annual;PC_EU27_2020_HAB_MEUR_CP;Percentage of EU27 (from 2020) total per capita (based on million euro, EU27 from 2020), current prices;P31_S13;Individual consumption expenditure of general government;PT;Portugal;2017;2017;4910.0
A;Annual;PC_EU27_2020_HAB_MPPS_CP;Percentage of EU27 (from 2020) total per capita (based on million purchasing power standards, EU27 from 2020), current prices;P31_S13;Individual consumption expenditure of general government;PT;Portugal;2017;2017;4950.0
A;Annual;CP_EUR_HAB;Current prices, euro per capita;P31_S13;Individual consumption expenditure of general government;PT;Portugal;2017;2017;5010.0
A;Annual;CP_NAC_HAB;Current prices, units of national currency per capita;P31_S13;Individual consumption expenditure of general government;PT;Portugal;2017;2017;5100.0
A;Annual;CP_PPS_EU27_2020_HAB;Current prices, purchasing power standard (PPS, EU27 from 2020) per capita;P31_S13;Individual consumption expenditure of general government;PT;Portugal;2017;2017;5180.0
A;Annual;CLV_I20_HAB;Chain linked volumes, Index 2020=100, per capita;P31_S13;Individual consumption expenditure of general government;PT;Portugal;2017;2017;5290.0
A;Annual;CLV_I15_HAB;Chain linked volumes, Index 2015=100, per capita;P31_S13;Individual consumption expenditure of general government;PT;Portugal;2017;2017;5410.0
A;Annual;CLV_I10_HAB;Chain linked volumes, Index 2010=100, per capita;P31_S13;Individual consumption expenditure of general government;PT;Portugal;2017;2017;5430.0
A;Annual;CLV20_EUR_HAB;Chain linked volumes (2020), euro per capita;P31_S13;Individual consumption expenditure of general government;PT;Portugal;2017;2017;5430.0
A;Annual;CLV15_EUR_HAB;Chain linked volumes (2015), euro per capita;P31_S13;Individual consumption expenditure of general government;PT;Portugal;2017;2017;5410.0
A;Annual;CLV10_EUR_HAB;Chain linked volumes (2010), euro per capita;P31_S13;Individual consumption expenditure of general government;PT;Portugal;2017;2017;5430.0
A;Annual;CLV_PCH_PRE_HAB;Chain linked volumes, percentage change on previous period, per capita;P31_S13;Individual consumption expenditure of general government;PT;Portugal;2017;2017;5480.0
A;Annual;PC_EU27_2020_HAB_MEUR_CP;Percentage of EU27 (from 2020) total per capita (based on million euro, EU27 from 2020), current prices;P32_S13;Collective consumption expenditure of general government;PT;Portugal;2017;2017;5550.0
A;Annual;PC_EU27_2020_HAB_MPPS_CP;Percentage of EU27 (from 2020) total per capita (based on million purchasing power standards, EU27 from 2020), current prices;P32_S13;Collective consumption expenditure of general government;PT;Portugal;2017;2017;5660.0
A;Annual;CP_EUR_HAB;Current prices, euro per capita;P32_S13;Collective consumption expenditure of general government;PT;Portugal;2017;2017;5720.0
A;Annual;CP_NAC_HAB;Current prices, units of national currency per capita;P32_S13;Collective consumption expenditure of general government;PT;Portugal;2017;2017;5780.0
A;Annual;CP_PPS_EU27_2020_HAB;Current prices, purchasing power standard (PPS, EU27 from 2020) per capita;P32_S13;Collective consumption expenditure of general government;PT;Portugal;2017;2017;5890.0
A;Annual;CLV_I20_HAB;Chain linked volumes, Index 2020=100, per capita;P32_S13;Collective consumption expenditure of general government;PT;Portugal;2017;2017;5970.0
A;Annual;CLV_I15_HAB;Chain linked volumes, Index 2015=100, per capita;P32_S13;Collective consumption expenditure of general government;PT;Portugal;2017;2017;6220.0
A;Annual;CLV_I10_HAB;Chain linked volumes, Index 2010=100, per capita;P32_S13;Collective consumption expenditure of general government;PT;Portugal;2017;2017;6250.0
A;Annual;CLV20_EUR_HAB;Chain linked volumes (2020), euro per capita;P32_S13;Collective consumption expenditure of general government;PT;Portugal;2017;2017;6320.0
A;Annual;CLV15_EUR_HAB;Chain linked volumes (2015), euro per capita;P32_S13;Collective consumption expenditure of general government;PT;Portugal;2017;2017;6450.0
A;Annual;CLV10_EUR_HAB;Chain linked volumes (2010), euro per capita;P32_S13;Collective consumption expenditure of general government;PT;Portugal;2017;2017;
A;Annual;CLV_PCH_PRE_HAB;Chain linked volumes, percentage change on previous period, per capita;P32_S13;Collective consumption expenditure of general government;PT;Portugal;2017;2017;
A;Annual;PC_EU27_2020_HAB_MEUR_CP;Percentage of EU27 (from 2020) total per capita (based on million euro, EU27 from 2020), current prices;P31_S14_S15;Household and NPISH final consumption expenditure;PT;Portugal;2017;2017;
A;Annual;PC_EU27_2020_HAB_MPPS_CP;Percentage of EU27 (from 2020) total per capita (based on million purchasing power standards, EU27 from 2020), current prices;P31_S14_S15;Household and NPISH final consumption expenditure;PT;Portugal;2017;2017;
A;Annual;CP_EUR_HAB;Current prices, euro per capita;P31_S14_S15;Household and NPISH final consumption expenditure;PT;Portugal;2017;2017;
A;Annual;CP_NAC_HAB;Current prices, units of national currency per capita;P31_S14_S15;Household and NPISH final consumption expenditure;PT;Portugal;2017;2017;
A;Annual;CP_PPS_EU27_2020_HAB;Current prices, purchasing power standard (PPS, EU27 from 2020) per capita;P31_S14_S15;Household and NPISH final consumption expenditure;PT;Portugal;2017;2017;
A;Annual;CLV_I20_HAB;Chain linked volumes, Index 2020=100, per capita;P31_S14_S15;Household and NPISH final consumption expenditure;PT;Portugal;2017;2017;
A;Annual;CLV_I15_HAB;Chain linked volumes, Index 2015=100, per capita;P31_S14_S15;Household and NPISH final consumption expenditure;PT;Portugal;2017;2017;
A;Annual;CLV_I10_HAB;Chain linked volumes, Index 2010=100, per capita;P31_S14_S15;Household and NPISH final consumption expenditure;PT;Portugal;2017;2017;
A;Annual;CLV20_EUR_HAB;Chain linked volumes (2020), euro per capita;P31_S14_S15;Household and NPISH final consumption expenditure;PT;Portugal;2017;2017;
A;Annual;CLV15_EUR_HAB;Chain linked volumes (2015), euro per capita;P31_S14_S15;Household and NPISH final consumption expenditure;PT;Portugal;2017;2017;
A;Annual;CLV10_EUR_HAB;Chain linked volumes (2010), euro per capita;P31_S14_S15;Household and NPISH final consumption expenditure;PT;Portugal;2017;2017;
A;Annual;CLV_PCH_PRE_HAB;Chain linked volumes, percentage change on previous period, per capita;P31_S14_S15;Household and NPISH final consumption expenditure;PT;Portugal;2017;2017;
A;Annual;PC_EU27_2020_HAB_MEUR_CP;Percentage of EU27 (from 2020) total per capita (based on million euro, EU27 from 2020), current prices;P31_S14;Final consumption expenditure of households;PT;Portugal;2017;2017;
A;Annual;PC_EU27_2020_HAB_MPPS_CP;Percentage of EU27 (from 2020) total per capita (based on million purchasing power standards, EU27 from 2020), current prices;P31_S14;Final consumption expenditure of households;PT;Portugal;2017;2017;
A;Annual;CP_EUR_HAB;Current prices, euro per capita;P31_S14;Final consumption expenditure of households;PT;Portugal;2017;2017;
A;Annual;CP_NAC_HAB;Current prices, units of national currency per capita;P31_S14;Final consumption expenditure of households;PT;Portugal;2017;2017;
A;Annual;CP_PPS_EU27_2020_HAB;Current prices, purchasing power standard (PPS, EU27 from 2020) per capita;P31_S14;Final consumption expenditure of households;PT;Portugal;2017;2017;
A;Annual;CLV_I20_HAB;Chain linked volumes, Index 2020=100, per capita;P31_S14;Final consumption expenditure of households;PT;Portugal;2017;2017;
A;Annual;CLV_I15_HAB;Chain linked volumes, Index 2015=100, per capita;P31_S14;Final consumption expenditure of households;PT;Portugal;2017;2017;5180.0
A;Annual;CLV_I10_HAB;Chain linked volumes, Index 2010=100, per capita;P31_S14;Final consumption expenditure of households;PT;Portugal;2017;2017;5260.0
A;Annual;CLV20_EUR_HAB;Chain linked volumes (2020), euro per capita;P31_S14;Final consumption expenditure of households;PT;Portugal;2017;2017;5320.0
A;Annual;CLV15_EUR_HAB;Chain linked volumes (2015), euro per capita;P31_S14;Final consumption expenditure of households;PT;Portugal;2017;2017;5410.0
A;Annual;CLV10_EUR_HAB;Chain linked volumes (2010), euro per capita;P31_S14;Final consumption expenditure of households;PT;Portugal;2017;2017;5520.0
A;Annual;CLV_PCH_PRE_HAB;Chain linked volumes, percentage change on previous period, per capita;P31_S14;Final consumption expenditure of households;PT;Portugal;2017;2017;5640.0
A;Annual;PC_EU27_2020_HAB_MEUR_CP;Percentage of EU27 (from 2020) total per capita (based on million euro, EU27 from 2020), current prices;P31_S15;Final consumption expenditure of NPISH;PT;Portugal;2017;2017;5670.0
A;Annual;PC_EU27_2020_HAB_MPPS_CP;Percentage of EU27 (from 2020) total per capita (based on million purchasing power standards, EU27 from 2020), current prices;P31_S15;Final consumption expenditure of NPISH;PT;Portugal;2017;2017;5760.0
A;Annual;CP_EUR_HAB;Current prices, euro per capita;P31_S15;Final consumption expenditure of NPISH;PT;Portugal;2017;2017;5830.0
A;Annual;CP_NAC_HAB;Current prices, units of national currency per capita;P31_S15;Final consumption expenditure of NPISH;PT;Portugal;2017;2017;5870.0
A;Annual;CP_PPS_EU27_2020_HAB;Current prices, purchasing power standard (PPS, EU27 from 2020) per capita;P31_S15;Final consumption expenditure of NPISH;PT;Portugal;2017;2017;5930.0
A;Annual;CLV_I20_HAB;Chain linked volumes, Index 2020=100, per capita;P31_S15;Final consumption expenditure of NPISH;PT;Portugal;2017;2017;6010.0
A;Annual;CLV_I15_HAB;Chain linked volumes, Index 2015=100, per capita;P31_S15;Final consumption expenditure of NPISH;PT;Portugal;2017;2017;6090.0
A;Annual;CLV_I10_HAB;Chain linked volumes, Index 2010=100, per capita;P31_S15;Final consumption expenditure of NPISH;PT;Portugal;2017;2017;6190.0
A;Annual;CLV20_EUR_HAB;Chain linked volumes (2020), euro per capita;P31_S15;Final consumption expenditure of NPISH;PT;Portugal;2017;2017;6260.0
A;Annual;CLV15_EUR_HAB;Chain linked volumes (2015), euro per capita;P31_S15;Final consumption expenditure of NPISH;PT;Portugal;2017;2017;6280.0
A;Annual;CLV10_EUR_HAB;Chain linked volumes (2010), euro per capita;P31_S15;Final consumption expenditure of NPISH;PT;Portugal;2017;2017;6250.0
A;Annual;CLV_PCH_PRE_HAB;Chain linked volumes, percentage change on previous period, per capita;P31_S15;Final consumption expenditure of NPISH;PT;Portugal;2017;2017;6220.0
A;Annual;PC_EU27_2020_HAB_MEUR_CP;Percentage of EU27 (from 2020) total per capita (based on million euro, EU27 from 2020), current prices;P41;Actual individual consumption;PT;Portugal;2017;2017;6230.0
A;Annual;PC_EU27_2020_HAB_MPPS_CP;Percentage of EU27 (from 2020) total per capita (based on million purchasing power standards, EU27 from 2020), current prices;P41;Actual individual consumption;PT;Portugal;2017;2017;6240.0
A;Annual;CP_EUR_HAB;Current prices, euro per capita;P41;Actual individual consumption;PT;Portugal;2017;2017;6280.0
A;Annual;CP_NAC_HAB;Current prices, units of national currency per capita;P41;Actual individual consumption;PT;Portugal;2017;2017;6380.0
A;Annual;CP_PPS_EU27_2020_HAB;Current prices, purchasing power standard (PPS, EU27 from 2020) per capita;P41;Actual individual consumption;PT;Portugal;2017;2017;6450.0
A;Annual;CLV_I20_HAB;Chain linked volumes, Index 2020=100, per capita;P41;Actual individual consumption;PT;Portugal;2017;2017;6500.0
A;Annual;CLV_I15_HAB;Chain linked volumes, Index 2015=100, per capita;P41;Actual individual consumption;PT;Portugal;2017;2017;6610.0
A;Annual;CLV_I10_HAB;Chain linked volumes, Index 2010=100, per capita;P41;Actual individual consumption;PT;Portugal;2017;2017;6680.0
A;Annual;CLV20_EUR_HAB;Chain linked volumes (2020), euro per capita;P41;Actual individual consumption;PT;Portugal;2017;2017;6960.0
A;Annual;CLV15_EUR_HAB;Chain linked volumes (2015), euro per capita;P41;Actual individual consumption;PT;Portugal;2017;2017;7020.0
A;Annual;CLV10_EUR_HAB;Chain linked volumes (2010), euro per capita;P41;Actual individual consumption;PT;Portugal;2017;2017;7040.0
A;Annual;CLV_PCH_PRE_HAB;Chain linked volumes, percentage change on previous period, per capita;P41;Actual individual consumption;PT;Portugal;2017;2017;7160.0
A;Annual;PC_EU27_2020_HAB_MEUR_CP;Percentage of EU27 (from 2020) total per capita (based on million euro, EU27 from 2020), current prices;B1GQ;Gross domestic product at market prices;PT;Portugal;2018;2018;580.0
A;Annual;PC_EU27_2020_HAB_MPPS_CP;Percentage of EU27 (from 2020) total per capita (based on million purchasing power standards, EU27 from 2020), current prices;B1GQ;Gross domestic product at market prices;PT;Portugal;2018;2018;630.0
A;Annual;CP_EUR_HAB;Current prices, euro per capita;B1GQ;Gross domestic product at market prices;PT;Portugal;2018;2018;610.0
A;Annual;CP_NAC_HAB;Current prices, units of national currency per capita;B1GQ;Gross domestic product at market prices;PT;Portugal;2018;2018;690.0
A;Annual;CP_PPS_EU27_2020_HAB;Current prices, purchasing power standard (PPS, EU27 from 2020) per capita;B1GQ;Gross domestic product at market prices;PT;Portugal;2018;2018;690.0
A;Annual;CLV_I20_HAB;Chain linked volumes, Index 2020=100, per capita;B1GQ;Gross domestic product at market prices;PT;Portugal;2018;2018;710.0
A;Annual;CLV_I15_HAB;Chain linked volumes, Index 2015=100, per capita;B1GQ;Gross domestic product at market prices;PT;Portugal;2018;2018;
A;Annual;CLV_I10_HAB;Chain linked volumes, Index 2010=100, per capita;B1GQ;Gross domestic product at market prices;PT;Portugal;2018;2018;
A;Annual;CLV20_EUR_HAB;Chain linked volumes (2020), euro per capita;B1GQ;Gross domestic product at market prices;PT;Portugal;2018;2018;
A;Annual;CLV15_EUR_HAB;Chain linked volumes (2015), euro per capita;B1GQ;Gross domestic product at market prices;PT;Portugal;2018;2018;
A;Annual;CLV10_EUR_HAB;Chain linked volumes (2010), euro per capita;B1GQ;Gross domestic product at market prices;PT;Portugal;2018;2018;
A;Annual;CLV_PCH_PRE_HAB;Chain linked volumes, percentage change on previous period, per capita;B1GQ;Gross domestic product at market prices;PT;Portugal;2018;2018;
A;Annual;PC_EU27_2020_HAB_MEUR_CP;Percentage of EU27 (from 2020) total per capita (based on million euro, EU27 from 2020), current prices;P3;Final consumption expenditure;PT;Portugal;2018;2018;
A;Annual;PC_EU27_2020_HAB_MPPS_CP;Percentage of EU27 (from 2020) total per capita (based on million purchasing power standards, EU27 from 2020), current prices;P3;Final consumption expenditure;PT;Portugal;2018;2018;
A;Annual;CP_EUR_HAB;Current prices, euro per capita;P3;Final consumption expenditure;PT;Portugal;2018;2018;
A;Annual;CP_NAC_HAB;Current prices, units of national currency per capita;P3;Final consumption expenditure;PT;Portugal;2018;2018;
A;Annual;CP_PPS_EU27_2020_HAB;Current prices, purchasing power standard (PPS, EU27 from 2020) per capita;P3;Final consumption expenditure;PT;Portugal;2018;2018;
A;Annual;CLV_I20_HAB;Chain linked volumes, Index 2020=100, per capita;P3;Final consumption expenditure;PT;Portugal;2018;2018;
A;Annual;CLV_I15_HAB;Chain linked volumes, Index 2015=100, per capita;P3;Final consumption expenditure;PT;Portugal;2018;2018;
A;Annual;CLV_I10_HAB;Chain linked volumes, Index 2010=100, per capita;P3;Final consumption expenditure;PT;Portugal;2018;2018;
A;Annual;CLV20_EUR_HAB;Chain linked volumes (2020), euro per capita;P3;Final consumption expenditure;PT;Portugal;2018;2018;
A;Annual;CLV15_EUR_HAB;Chain linked volumes (2015), euro per capita;P3;Final consumption expenditure;PT;Portugal;2018;2018;
A;Annual;CLV10_EUR_HAB;Chain linked volumes (2010), euro per capita;P3;Final consumption expenditure;PT;Portugal;2018;2018;
A;Annual;CLV_PCH_PRE_HAB;Chain linked volumes, percentage change on previous period, per capita;P3;Final consumption expenditure;PT;Portugal;2018;2018;
A;Annual;PC_EU27_2020_HAB_MEUR_CP;Percentage of EU27 (from 2020) total per capita (based on million euro, EU27 from 2020), current prices;P3_S13;Final consumption expenditure of general government;PT;Portugal;2018;2018;
A;Annual;PC_EU27_2020_HAB_MPPS_CP;Percentage of EU27 (from 2020) total per capita (based on million purchasing power standards, EU27 from 2020), current prices;P3_S13;Final consumption expenditure of general government;PT;Portugal;2018;2018;
A;Annual;CP_EUR_HAB;Current prices, euro per capita;P3_S13;Final consumption expenditure of general government;PT;Portugal;2018;2018;1190.0
A;Annual;CP_NAC_HAB;Current prices, units of national currency per capita;P3_S13;Final consumption expenditure of general government;PT;Portugal;2018;2018;1160.0
A;Annual;CP_PPS_EU27_2020_HAB;Current prices, purchasing power standard (PPS, EU27 from 2020) per capita;P3_S13;Final consumption expenditure of general government;PT;Portugal;2018;2018;1280.0
A;Annual;CLV_I20_HAB;Chain linked volumes, Index 2020=100, per capita;P3_S13;Final consumption expenditure of general government;PT;Portugal;2018;2018;1210.0
A;Annual;CLV_I15_HAB;Chain linked volumes, Index 2015=100, per capita;P3_S13;Final consumption expenditure of general government;PT;Portugal;2018;2018;1300.0
A;Annual;CLV_I10_HAB;Chain linked volumes, Index 2010=100, per capita;P3_S13;Final consumption expenditure of general government;PT;Portugal;2018;2018;1290.0
A;Annual;CLV20_EUR_HAB;Chain linked volumes (2020), euro per capita;P3_S13;Final consumption expenditure of general government;PT;Portugal;2018;2018;1310.0
A;Annual;CLV15_EUR_HAB;Chain linked volumes (2015), euro per capita;P3_S13;Final consumption expenditure of general government;PT;Portugal;2018;2018;1370.0
A;Annual;CLV10_EUR_HAB;Chain linked volumes (2010), euro per capita;P3_S13;Final consumption expenditure of general government;PT;Portugal;2018;2018;1460.0
A;Annual;CLV_PCH_PRE_HAB;Chain linked volumes, percentage change on previous period, per capita;P3_S13;Final consumption expenditure of general government;PT;Portugal;2018;2018;1410.0
A;Annual;PC_EU27_2020_HAB_MEUR_CP;Percentage of EU27 (from 2020) total per capita (based on million euro, EU27 from 2020), current prices;P31_S13;Individual consumption expenditure of general government;PT;Portugal;2018;2018;1480.0
A;Annual;PC_EU27_2020_HAB_MPPS_CP;Percentage of EU27 (from 2020) total per capita (based on million purchasing power standards, EU27 from 2020), current prices;P31_S13;Individual consumption expenditure of general government;PT;Portugal;2018;2018;1520.0
A;Annual;CP_EUR_HAB;Current prices, euro per capita;P31_S13;Individual consumption expenditure of general government;PT;Portugal;2018;2018;1510.0
A;Annual;CP_NAC_HAB;Current prices, units of national currency per capita;P31_S13;Individual consumption expenditure of general government;PT;Portugal;2018;2018;1520.0
A;Annual;CP_PPS_EU27_2020_HAB;Current prices, purchasing power standard (PPS, EU27 from 2020) per capita;P31_S13;Individual consumption expenditure of general government;PT;Portugal;2018;2018;1530.0
A;Annual;CLV_I20_HAB;Chain linked volumes, Index 2020=100, per capita;P31_S13;Individual consumption expenditure of general government;PT;Portugal;2018;2018;1530.0
A;Annual;CLV_I15_HAB;Chain linked volumes, Index 2015=100, per capita;P31_S13;Individual consumption expenditure of general government;PT;Portugal;2018;2018;1430.0
A;Annual;CLV_I10_HAB;Chain linked volumes, Index 2010=100, per capita;P31_S13;Individual consumption expenditure of general government;PT;Portugal;2018;2018;1370.0
A;Annual;CLV20_EUR_HAB;Chain linked volumes (2020), euro per capita;P31_S13;Individual consumption expenditure of general government;PT;Portugal;2018;2018;1410.0
A;Annual;CLV15_EUR_HAB;Chain linked volumes (2015), euro per capita;P31_S13;Individual consumption expenditure of general government;PT;Portugal;2018;2018;1410.0
A;Annual;CLV10_EUR_HAB;Chain linked volumes (2010), euro per capita;P31_S13;Individual consumption expenditure of general government;PT;Portugal;2018;2018;1460.0
A;Annual;CLV_PCH_PRE_HAB;Chain linked volumes, percentage change on previous period, per capita;P31_S13;Individual consumption expenditure of general government;PT;Portugal;2018;2018;1500.0
A;Annual;PC_EU27_2020_HAB_MEUR_CP;Percentage of EU27 (from 2020) total per capita (based on million euro, EU27 from 2020), current prices;P32_S13;Collective consumption expenditure of general government;PT;Portugal;2018;2018;1520.0
A;Annual;PC_EU27_2020_HAB_MPPS_CP;Percentage of EU27 (from 2020) total per capita (based on million purchasing power standards, EU27 from 2020), current prices;P32_S13;Collective consumption expenditure of general government;PT;Portugal;2018;2018;1580.0
A;Annual;CP_EUR_HAB;Current prices, euro per capita;P32_S13;Collective consumption expenditure of general government;PT;Portugal;2018;2018;1600.0
A;Annual;CP_NAC_HAB;Current prices, units of national currency per capita;P32_S13;Collective consumption expenditure of general government;PT;Portugal;2018;2018;1630.0
A;Annual;CP_PPS_EU27_2020_HAB;Current prices, purchasing power standard (PPS, EU27 from 2020) per capita;P32_S13;Collective consumption expenditure of general government;PT;Portugal;2018;2018;1600.0
A;Annual;CLV_I20_HAB;Chain linked volumes, Index 2020=100, per capita;P32_S13;Collective consumption expenditure of general government;PT;Portugal;2018;2018;1560.0
A;Annual;CLV_I15_HAB;Chain linked volumes, Index 2015=100, per capita;P32_S13;Collective consumption expenditure of general government;PT;Portugal;2018;2018;1590.0
A;Annual;CLV_I10_HAB;Chain linked volumes, Index 2010=100, per capita;P32_S13;Collective consumption expenditure of general government;PT;Portugal;2018;2018;1630.0
A;Annual;CLV20_EUR_HAB;Chain linked volumes (2020), euro per capita;P32_S13;Collective consumption expenditure of general government;PT;Portugal;2018;2018;2380.0
A;Annual;CLV15_EUR_HAB;Chain linked volumes (2015), euro per capita;P32_S13;Collective consumption expenditure of general government;PT;Portugal;2018;2018;2600.0
A;Annual;CLV10_EUR_HAB;Chain linked volumes (2010), euro per capita;P32_S13;Collective consumption expenditure of general government;PT;Portugal;2018;2018;2510.0
A;Annual;CLV_PCH_PRE_HAB;Chain linked volumes, percentage change on previous period, per capita;P32_S13;Collective consumption expenditure of general government;PT;Portugal;2018;2018;2670.0
A;Annual;PC_EU27_2020_HAB_MEUR_CP;Percentage of EU27 (from 2020) total per capita (based on million euro, EU27 from 2020), current prices;P31_S14_S15;Household and NPISH final consumption expenditure;PT;Portugal;2018;2018;2800.0
A;Annual;PC_EU27_2020_HAB_MPPS_CP;Percentage of EU27 (from 2020) total per capita (based on million purchasing power standards, EU27 from 2020), current prices;P31_S14_S15;Household and NPISH final consumption expenditure;PT;Portugal;2018;2018;2920.0
A;Annual;CP_EUR_HAB;Current prices, euro per capita;P31_S14_S15;Household and NPISH final consumption expenditure;PT;Portugal;2018;2018;2970.0
A;Annual;CP_NAC_HAB;Current prices, units of national currency per capita;P31_S14_S15;Household and NPISH final consumption expenditure;PT;Portugal;2018;2018;3140.0
A;Annual;CP_PPS_EU27_2020_HAB;Current prices, purchasing power standard (PPS, EU27 from 2020) per capita;P31_S14_S15;Household and NPISH final consumption expenditure;PT;Portugal;2018;2018;3180.0
A;Annual;CLV_I20_HAB;Chain linked volumes, Index 2020=100, per capita;P31_S14_S15;Household and NPISH final consumption expenditure;PT;Portugal;2018;2018;3090.0
A;Annual;CLV_I15_HAB;Chain linked volumes, Index 2015=100, per capita;P31_S14_S15;Household and NPISH final consumption expenditure;PT;Portugal;2018;2018;3110.0
A;Annual;CLV_I10_HAB;Chain linked volumes, Index 2010=100, per capita;P31_S14_S15;Household and NPISH final consumption expenditure;PT;Portugal;2018;2018;3060.0
A;Annual;CLV20_EUR_HAB;Chain linked volumes (2020), euro per capita;P31_S14_S15;Household and NPISH final consumption expenditure;PT;Portugal;2018;2018;3160.0
A;Annual;CLV15_EUR_HAB;Chain linked volumes (2015), euro per capita;P31_S14_S15;Household and NPISH final consumption expenditure;PT;Portugal;2018;2018;2980.0
A;Annual;CLV10_EUR_HAB;Chain linked volumes (2010), euro per capita;P31_S14_S15;Household and NPISH final consumption expenditure;PT;Portugal;2018;2018;3110.0
A;Annual;CLV_PCH_PRE_HAB;Chain linked volumes, percentage change on previous period, per capita;P31_S14_S15;Household and NPISH final consumption expenditure;PT;Portugal;2018;2018;2830.0
A;Annual;PC_EU27_2020_HAB_MEUR_CP;Percentage of EU27 (from 2020) total per capita (based on million euro, EU27 from 2020), current prices;P31_S14;Final consumption expenditure of households;PT;Portugal;2018;2018;2870.0
A;Annual;PC_EU27_2020_HAB_MPPS_CP;Percentage of EU27 (from 2020) total per capita (based on million purchasing power standards, EU27 from 2020), current prices;P31_S14;Final consumption expenditure of households;PT;Portugal;2018;2018;2770.0
A;Annual;CP_EUR_HAB;Current prices, euro per capita;P31_S14;Final consumption expenditure of households;PT;Portugal;2018;2018;2920.0
A;Annual;CP_NAC_HAB;Current prices, units of national currency per capita;P31_S14;Final consumption expenditure of households;PT;Portugal;2018;2018;2940.0
A;Annual;CP_PPS_EU27_2020_HAB;Current prices, purchasing power standard (PPS, EU27 from 2020) per capita;P31_S14;Final consumption expenditure of households;PT;Portugal;2018;2018;3030.0
A;Annual;CLV_I20_HAB;Chain linked volumes, Index 2020=100, per capita;P31_S14;Final consumption expenditure of households;PT;Portugal;2018;2018;3130.0
A;Annual;CLV_I15_HAB;Chain linked volumes, Index 2015=100, per capita;P31_S14;Final consumption expenditure of households;PT;Portugal;2018;2018;3190.0
A;Annual;CLV_I10_HAB;Chain linked volumes, Index 2010=100, per capita;P31_S14;Final consumption expenditure of households;PT;Portugal;2018;2018;3250.0
A;Annual;CLV20_EUR_HAB;Chain linked volumes (2020), euro per capita;P31_S14;Final consumption expenditure of households;PT;Portugal;2018;2018;3360.0
A;Annual;CLV15_EUR_HAB;Chain linked volumes (2015), euro per capita;P31_S14;Final consumption expenditure of households;PT;Portugal;2018;2018;3430.0
A;Annual;CLV10_EUR_HAB;Chain linked volumes (2010), euro per capita;P31_S14;Final consumption expenditure of households;PT;Portugal;2018;2018;3440.0
A;Annual;CLV_PCH_PRE_HAB;Chain linked volumes, percentage change on previous period, per capita;P31_S14;Final consumption expenditure of households;PT;Portugal;2018;2018;3430.0
A;Annual;PC_EU27_2020_HAB_MEUR_CP;Percentage of EU27 (from 2020) total per capita (based on million euro, EU27 from 2020), current prices;P31_S15;Final consumption expenditure of NPISH;PT;Portugal;2018;2018;3390.0
A;Annual;PC_EU27_2020_HAB_MPPS_CP;Percentage of EU27 (from 2020) total per capita (based on million purchasing power standards, EU27 from 2020), current prices;P31_S15;Final consumption expenditure of NPISH;PT;Portugal;2018;2018;3420.0
A;Annual;CP_EUR_HAB;Current prices, euro per capita;P31_S15;Final consumption expenditure of NPISH;PT;Portugal;2018;2018;3500.0
A;Annual;CP_NAC_HAB;Current prices, units of national currency per capita;P31_S15;Final consumption expenditure of NPISH;PT;Portugal;2018;2018;3560.0
A;Annual;CP_PPS_EU27_2020_HAB;Current prices, purchasing power standard (PPS, EU27 from 2020) per capita;P31_S15;Final consumption expenditure of NPISH;PT;Portugal;2018;2018;3570.0
A;Annual;CLV_I20_HAB;Chain linked volumes, Index 2020=100, per capita;P31_S15;Final consumption expenditure of NPISH;PT;Portugal;2018;2018;3610.0
A;Annual;CLV_I15_HAB;Chain linked volumes, Index 2015=100, per capita;P31_S15;Final consumption expenditure of NPISH;PT;Portugal;2018;2018;3690.0
A;Annual;CLV_I10_HAB;Chain linked volumes, Index 2010=100, per capita;P31_S15;Final consumption expenditure of NPISH;PT;Portugal;2018;2018;3640.0
A;Annual;CLV20_EUR_HAB;Chain linked volumes (2020), euro per capita;P31_S15;Final consumption expenditure of NPISH;PT;Portugal;2018;2018;3520.0
A;Annual;CLV15_EUR_HAB;Chain linked volumes (2015), euro per capita;P31_S15;Final consumption expenditure of NPISH;PT;Portugal;2018;2018;3560.0
A;Annual;CLV10_EUR_HAB;Chain linked volumes (2010), euro per capita;P31_S15;Final consumption expenditure of NPISH;PT;Portugal;2018;2018;3460.0
A;Annual;CLV_PCH_PRE_HAB;Chain linked volumes, percentage change on previous period, per capita;P31_S15;Final consumption expenditure of NPISH;PT;Portugal;2018;2018;3400.0
A;Annual;PC_EU27_2020_HAB_MEUR_CP;Percentage of EU27 (from 2020) total per capita (based on million euro, EU27 from 2020), current prices;P41;Actual individual consumption;PT;Portugal;2018;2018;3380.0
A;Annual;PC_EU27_2020_HAB_MPPS_CP;Percentage of EU27 (from 2020) total per capita (based on million purchasing power standards, EU27 from 2020), current prices;P41;Actual individual consumption;PT;Portugal;2018;2018;3330.0
A;Annual;CP_EUR_HAB;Current prices, euro per capita;P41;Actual individual consumption;PT;Portugal;2018;2018;3370.0
A;Annual;CP_NAC_HAB;Current prices, units of national currency per capita;P41;Actual individual consumption;PT;Portugal;2018;2018;3380.0
A;Annual;CP_PPS_EU27_2020_HAB;Current prices, purchasing power standard (PPS, EU27 from 2020) per capita;P41;Actual individual consumption;PT;Portugal;2018;2018;3430.0
A;Annual;CLV_I20_HAB;Chain linked volumes, Index 2020=100, per capita;P41;Actual individual consumption;PT;Portugal;2018;2018;3490.0
A;Annual;CLV_I15_HAB;Chain linked volumes, Index 2015=100, per capita;P41;Actual individual consumption;PT;Portugal;2018;2018;3560.0
A;Annual;CLV_I10_HAB;Chain linked volumes, Index 2010=100, per capita;P41;Actual individual consumption;PT;Portugal;2018;2018;3480.0
A;Annual;CLV20_EUR_HAB;Chain linked volumes (2020), euro per capita;P41;Actual individual consumption;PT;Portugal;2018;2018;3540.0
A;Annual;CLV15_EUR_HAB;Chain linked volumes (2015), euro per capita;P41;Actual individual consumption;PT;Portugal;2018;2018;3630.0
A;Annual;CLV10_EUR_HAB;Chain linked volumes (2010), euro per capita;P41;Actual individual consumption;PT;Portugal;2018;2018;
A;Annual;CLV_PCH_PRE_HAB;Chain linked volumes, percentage change on previous period, per capita;P41;Actual individual consumption;PT;Portugal;2018;2018;
A;Annual;PC_EU27_2020_HAB_MEUR_CP;Percentage of EU27 (from 2020) total per capita (based on million euro, EU27 from 2020), current prices;B1GQ;Gross domestic product at market prices;PT;Portugal;2019;2019;12760.0
A;Annual;PC_EU27_2020_HAB_MPPS_CP;Percentage of EU27 (from 2020) total per capita (based on million purchasing power standards, EU27 from 2020), current prices;B1GQ;Gross domestic product at market prices;PT;Portugal;2019;2019;13260.0
A;Annual;CP_EUR_HAB;Current prices, euro per capita;B1GQ;Gross domestic product at market prices;PT;Portugal;2019;2019;13320.0
A;Annual;CP_NAC_HAB;Current prices, units of national currency per capita;B1GQ;Gross domestic product at market prices;PT;Portugal;2019;2019;13580.0
A;Annual;CP_PPS_EU27_2020_HAB;Current prices, purchasing power standard (PPS, EU27 from 2020) per capita;B1GQ;Gross domestic product at market prices;PT;Portugal;2019;2019;8790.0
A;Annual;CLV_I20_HAB;Chain linked volumes, Index 2020=100, per capita;B1GQ;Gross domestic product at market prices;PT;Portugal;2019;2019;9230.0
A;Annual;CLV_I15_HAB;Chain linked volumes, Index 2015=100, per capita;B1GQ;Gross domestic product at market prices;PT;Portugal;2019;2019;9440.0
A;Annual;CLV_I10_HAB;Chain linked volumes, Index 2010=100, per capita;B1GQ;Gross domestic product at market prices;PT;Portugal;2019;2019;9770.0
A;Annual;CLV20_EUR_HAB;Chain linked volumes (2020), euro per capita;B1GQ;Gross domestic product at market prices;PT;Portugal;2019;2019;10080.0
A;Annual;CLV15_EUR_HAB;Chain linked volumes (2015), euro per capita;B1GQ;Gross domestic product at market prices;PT;Portugal;2019;2019;10180.0
A;Annual;CLV10_EUR_HAB;Chain linked volumes (2010), euro per capita;B1GQ;Gross domestic product at market prices;PT;Portugal;2019;2019;10360.0
A;Annual;CLV_PCH_PRE_HAB;Chain linked volumes, percentage change on previous period, per capita;B1GQ;Gross domestic product at market prices;PT;Portugal;2019;2019;10660.0
A;Annual;PC_EU27_2020_HAB_MEUR_CP;Percentage of EU27 (from 2020) total per capita (based on million euro, EU27 from 2020), current prices;P3;Final consumption expenditure;PT;Portugal;2019;2019;10690.0
A;Annual;PC_EU27_2020_HAB_MPPS_CP;Percentage of EU27 (from 2020) total per capita (based on million purchasing power standards, EU27 from 2020), current prices;P3;Final consumption expenditure;PT;Portugal;2019;2019;10720.0
A;Annual;CP_EUR_HAB;Current prices, euro per capita;P3;Final consumption expenditure;PT;Portugal;2019;2019;10890.0
A;Annual;CP_NAC_HAB;Current prices, units of national currency per capita;P3;Final consumption expenditure;PT;Portugal;2019;2019;11260.0
A;Annual;CP_PPS_EU27_2020_HAB;Current prices, purchasing power standard (PPS, EU27 from 2020) per capita;P3;Final consumption expenditure;PT;Portugal;2019;2019;11570.0
A;Annual;CLV_I20_HAB;Chain linked volumes, Index 2020=100, per capita;P3;Final consumption expenditure;PT;Portugal;2019;2019;11900.0
A;Annual;CLV_I15_HAB;Chain linked volumes, Index 2015=100, per capita;P3;Final consumption expenditure;PT;Portugal;2019;2019;12220.0
A;Annual;CLV_I10_HAB;Chain linked volumes, Index 2010=100, per capita;P3;Final consumption expenditure;PT;Portugal;2019;2019;12480.0
A;Annual;CLV20_EUR_HAB;Chain linked volumes (2020), euro per capita;P3;Final consumption expenditure;PT;Portugal;2019;2019;12510.0
A;Annual;CLV15_EUR_HAB;Chain linked volumes (2015), euro per capita;P3;Final consumption expenditure;PT;Portugal;2019;2019;12580.0
A;Annual;CLV10_EUR_HAB;Chain linked volumes (2010), euro per capita;P3;Final consumption expenditure;PT;Portugal;2019;2019;12560.0
A;Annual;CLV_PCH_PRE_HAB;Chain linked volumes, percentage change on previous period, per capita;P3;Final consumption expenditure;PT;Portugal;2019;2019;12720.0
A;Annual;PC_EU27_2020_HAB_MEUR_CP;Percentage of EU27 (from 2020) total per capita (based on million euro, EU27 from 2020), current prices;P3_S13;Final consumption expenditure of general government;PT;Portugal;2019;2019;12900.0
A;Annual;PC_EU27_2020_HAB_MPPS_CP;Percentage of EU27 (from 2020) total per capita (based on million purchasing power standards, EU27 from 2020), current prices;P3_S13;Final consumption expenditure of general government;PT;Portugal;2019;2019;13110.0
A;Annual;CP_EUR_HAB;Current prices, euro per capita;P3_S13;Final consumption expenditure of general government;PT;Portugal;2019;2019;13180.0
A;Annual;CP_NAC_HAB;Current prices, units of national currency per capita;P3_S13;Final consumption expenditure of general government;PT;Portugal;2019;2019;13670.0
A;Annual;CP_PPS_EU27_2020_HAB;Current prices, purchasing power standard (PPS, EU27 from 2020) per capita;P3_S13;Final consumption expenditure of general government;PT;Portugal;2019;2019;14080.0
A;Annual;CLV_I20_HAB;Chain linked volumes, Index 2020=100, per capita;P3_S13;Final consumption expenditure of general government;PT;Portugal;2019;2019;14530.0
A;Annual;CLV_I15_HAB;Chain linked volumes, Index 2015=100, per capita;P3_S13;Final consumption expenditure of general government;PT;Portugal;2019;2019;14790.0
A;Annual;CLV_I10_HAB;Chain linked volumes, Index 2010=100, per capita;P3_S13;Final consumption expenditure of general government;PT;Portugal;2019;2019;14960.0
A;Annual;CLV20_EUR_HAB;Chain linked volumes (2020), euro per capita;P3_S13;Final consumption expenditure of general government;PT;Portugal;2019;2019;15120.0
A;Annual;CLV15_EUR_HAB;Chain linked volumes (2015), euro per capita;P3_S13;Final consumption expenditure of general government;PT;Portugal;2019;2019;15330.0
A;Annual;CLV10_EUR_HAB;Chain linked volumes (2010), euro per capita;P3_S13;Final consumption expenditure of general government;PT;Portugal;2019;2019;15610.0
A;Annual;CLV_PCH_PRE_HAB;Chain linked volumes, percentage change on previous period, per capita;P3_S13;Final consumption expenditure of general government;PT;Portugal;2019;2019;15930.0
A;Annual;PC_EU27_2020_HAB_MEUR_CP;Percentage of EU27 (from 2020) total per capita (based on million euro, EU27 from 2020), current prices;P31_S13;Individual consumption expenditure of general government;PT;Portugal;2019;2019;16270.0
A;Annual;PC_EU27_2020_HAB_MPPS_CP;Percentage of EU27 (from 2020) total per capita (based on million purchasing power standards, EU27 from 2020), current prices;P31_S13;Individual consumption expenditure of general government;PT;Portugal;2019;2019;16270.0
A;Annual;CP_EUR_HAB;Current prices, euro per capita;P31_S13;Individual consumption expenditure of general government;PT;Portugal;2019;2019;16210.0
A;Annual;CP_NAC_HAB;Current prices, units of national currency per capita;P31_S13;Individual consumption expenditure of general government;PT;Portugal;2019;2019;16430.0
A;Annual;CP_PPS_EU27_2020_HAB;Current prices, purchasing power standard (PPS, EU27 from 2020) per capita;P31_S13;Individual consumption expenditure of general government;PT;Portugal;2019;2019;16480.0
A;Annual;CLV_I20_HAB;Chain linked volumes, Index 2020=100, per capita;P31_S13;Individual consumption expenditure of general government;PT;Portugal;2019;2019;16340.0
A;Annual;CLV_I15_HAB;Chain linked volumes, Index 2015=100, per capita;P31_S13;Individual consumption expenditure of general government;PT;Portugal;2019;2019;16350.0
A;Annual;CLV_I10_HAB;Chain linked volumes, Index 2010=100, per capita;P31_S13;Individual consumption expenditure of general government;PT;Portugal;2019;2019;16430.0
A;Annual;CLV20_EUR_HAB;Chain linked volumes (2020), euro per capita;P31_S13;Individual consumption expenditure of general government;PT;Portugal;2019;2019;16620.0
A;Annual;CLV15_EUR_HAB;Chain linked volumes (2015), euro per capita;P31_S13;Individual consumption expenditure of general government;PT;Portugal;2019;2019;16840.0
A;Annual;CLV10_EUR_HAB;Chain linked volumes (2010), euro per capita;P31_S13;Individual consumption expenditure of general government;PT;Portugal;2019;2019;17020.0
A;Annual;CLV_PCH_PRE_HAB;Chain linked volumes, percentage change on previous period, per capita;P31_S13;Individual consumption expenditure of general government;PT;Portugal;2019;2019;17120.0
A;Annual;PC_EU27_2020_HAB_MEUR_CP;Percentage of EU27 (from 2020) total per capita (based on million euro, EU27 from 2020), current prices;P32_S13;Collective consumption expenditure of general government;PT;Portugal;2019;2019;17350.0
A;Annual;PC_EU27_2020_HAB_MPPS_CP;Percentage of EU27 (from 2020) total per capita (based on million purchasing power standards, EU27 from 2020), current prices;P32_S13;Collective consumption expenditure of general government;PT;Portugal;2019;2019;16170.0
A;Annual;CP_EUR_HAB;Current prices, euro per capita;P32_S13;Collective consumption expenditure of general government;PT;Portugal;2019;2019;16940.0
A;Annual;CP_NAC_HAB;Current prices, units of national currency per capita;P32_S13;Collective consumption expenditure of general government;PT;Portugal;2019;2019;17410.0
A;Annual;CP_PPS_EU27_2020_HAB;Current prices, purchasing power standard (PPS, EU27 from 2020) per capita;P32_S13;Collective consumption expenditure of general government;PT;Portugal;2019;2019;17470.0
A;Annual;CLV_I20_HAB;Chain linked volumes, Index 2020=100, per capita;P32_S13;Collective consumption expenditure of general government;PT;Portugal;2019;2019;17610.0
A;Annual;CLV_I15_HAB;Chain linked volumes, Index 2015=100, per capita;P32_S13;Collective consumption expenditure of general government;PT;Portugal;2019;2019;
A;Annual;CLV_I10_HAB;Chain linked volumes, Index 2010=100, per capita;P32_S13;Collective consumption expenditure of general government;PT;Portugal;2019;2019;
A;Annual;CLV20_EUR_HAB;Chain linked volumes (2020), euro per capita;P32_S13;Collective consumption expenditure of general government;PT;Portugal;2019;2019;
A;Annual;CLV15_EUR_HAB;Chain linked volumes (2015), euro per capita;P32_S13;Collective consumption expenditure of general government;PT;Portugal;2019;2019;
A;Annual;CLV10_EUR_HAB;Chain linked volumes (2010), euro per capita;P32_S13;Collective consumption expenditure of general government;PT;Portugal;2019;2019;
A;Annual;CLV_PCH_PRE_HAB;Chain linked volumes, percentage change on previous period, per capita;P32_S13;Collective consumption expenditure of general government;PT;Portugal;2019;2019;
A;Annual;PC_EU27_2020_HAB_MEUR_CP;Percentage of EU27 (from 2020) total per capita (based on million euro, EU27 from 2020), current prices;P31_S14_S15;Household and NPISH final consumption expenditure;PT;Portugal;2019;2019;
A;Annual;PC_EU27_2020_HAB_MPPS_CP;Percentage of EU27 (from 2020) total per capita (based on million purchasing power standards, EU27 from 2020), current prices;P31_S14_S15;Household and NPISH final consumption expenditure;PT;Portugal;2019;2019;
A;Annual;CP_EUR_HAB;Current prices, euro per capita;P31_S14_S15;Household and NPISH final consumption expenditure;PT;Portugal;2019;2019;
A;Annual;CP_NAC_HAB;Current prices, units of national currency per capita;P31_S14_S15;Household and NPISH final consumption expenditure;PT;Portugal;2019;2019;
A;Annual;CP_PPS_EU27_2020_HAB;Current prices, purchasing power standard (PPS, EU27 from 2020) per capita;P31_S14_S15;Household and NPISH final consumption expenditure;PT;Portugal;2019;2019;
A;Annual;CLV_I20_HAB;Chain linked volumes, Index 2020=100, per capita;P31_S14_S15;Household and NPISH final consumption expenditure;PT;Portugal;2019;2019;
A;Annual;CLV_I15_HAB;Chain linked volumes, Index 2015=100, per capita;P31_S14_S15;Household and NPISH final consumption expenditure;PT;Portugal;2019;2019;
A;Annual;CLV_I10_HAB;Chain linked volumes, Index 2010=100, per capita;P31_S14_S15;Household and NPISH final consumption expenditure;PT;Portugal;2019;2019;
A;Annual;CLV20_EUR_HAB;Chain linked volumes (2020), euro per capita;P31_S14_S15;Household and NPISH final consumption expenditure;PT;Portugal;2019;2019;
A;Annual;CLV15_EUR_HAB;Chain linked volumes (2015), euro per capita;P31_S14_S15;Household and NPISH final consumption expenditure;PT;Portugal;2019;2019;
A;Annual;CLV10_EUR_HAB;Chain linked volumes (2010), euro per capita;P31_S14_S15;Household and NPISH final consumption expenditure;PT;Portugal;2019;2019;
A;Annual;CLV_PCH_PRE_HAB;Chain linked volumes, percentage change on previous period, per capita;P31_S14_S15;Household and NPISH final consumption expenditure;PT;Portugal;2019;2019;
A;Annual;PC_EU27_2020_HAB_MEUR_CP;Percentage of EU27 (from 2020) total per capita (based on million euro, EU27 from 2020), current prices;P31_S14;Final consumption expenditure of households;PT;Portugal;2019;2019;
A;Annual;PC_EU27_2020_HAB_MPPS_CP;Percentage of EU27 (from 2020) total per capita (based on million purchasing power standards, EU27 from 2020), current prices;P31_S14;Final consumption expenditure of households;PT;Portugal;2019;2019;
A;Annual;CP_EUR_HAB;Current prices, euro per capita;P31_S14;Final consumption expenditure of households;PT;Portugal;2019;2019;3870.0
A;Annual;CP_NAC_HAB;Current prices, units of national currency per capita;P31_S14;Final consumption expenditure of households;PT;Portugal;2019;2019;3970.0
A;Annual;CP_PPS_EU27_2020_HAB;Current prices, purchasing power standard (PPS, EU27 from 2020) per capita;P31_S14;Final consumption expenditure of households;PT;Portugal;2019;2019;4460.0
A;Annual;CLV_I20_HAB;Chain linked volumes, Index 2020=100, per capita;P31_S14;Final consumption expenditure of households;PT;Portugal;2019;2019;4440.0
A;Annual;CLV_I15_HAB;Chain linked volumes, Index 2015=100, per capita;P31_S14;Final consumption expenditure of households;PT;Portugal;2019;2019;4320.0
A;Annual;CLV_I10_HAB;Chain linked volumes, Index 2010=100, per capita;P31_S14;Final consumption expenditure of households;PT;Portugal;2019;2019;4570.0
A;Annual;CLV20_EUR_HAB;Chain linked volumes (2020), euro per capita;P31_S14;Final consumption expenditure of households;PT;Portugal;2019;2019;5030.0
A;Annual;CLV15_EUR_HAB;Chain linked volumes (2015), euro per capita;P31_S14;Final consumption expenditure of households;PT;Portugal;2019;2019;5510.0
A;Annual;CLV10_EUR_HAB;Chain linked volumes (2010), euro per capita;P31_S14;Final consumption expenditure of households;PT;Portugal;2019;2019;5760.0
A;Annual;CLV_PCH_PRE_HAB;Chain linked volumes, percentage change on previous period, per capita;P31_S14;Final consumption expenditure of households;PT;Portugal;2019;2019;6030.0
A;Annual;PC_EU27_2020_HAB_MEUR_CP;Percentage of EU27 (from 2020) total per capita (based on million euro, EU27 from 2020), current prices;P31_S15;Final consumption expenditure of NPISH;PT;Portugal;2019;2019;6310.0
A;Annual;PC_EU27_2020_HAB_MPPS_CP;Percentage of EU27 (from 2020) total per capita (based on million purchasing power standards, EU27 from 2020), current prices;P31_S15;Final consumption expenditure of NPISH;PT;Portugal;2019;2019;6390.0
A;Annual;CP_EUR_HAB;Current prices, euro per capita;P31_S15;Final consumption expenditure of NPISH;PT;Portugal;2019;2019;6700.0
A;Annual;CP_NAC_HAB;Current prices, units of national currency per capita;P31_S15;Final consumption expenditure of NPISH;PT;Portugal;2019;2019;6900.0
A;Annual;CP_PPS_EU27_2020_HAB;Current prices, purchasing power standard (PPS, EU27 from 2020) per capita;P31_S15;Final consumption expenditure of NPISH;PT;Portugal;2019;2019;6290.0
A;Annual;CLV_I20_HAB;Chain linked volumes, Index 2020=100, per capita;P31_S15;Final consumption expenditure of NPISH;PT;Portugal;2019;2019;6200.0
A;Annual;CLV_I15_HAB;Chain linked volumes, Index 2015=100, per capita;P31_S15;Final consumption expenditure of NPISH;PT;Portugal;2019;2019;6280.0
A;Annual;CLV_I10_HAB;Chain linked volumes, Index 2010=100, per capita;P31_S15;Final consumption expenditure of NPISH;PT;Portugal;2019;2019;6170.0
A;Annual;CLV20_EUR_HAB;Chain linked volumes (2020), euro per capita;P31_S15;Final consumption expenditure of NPISH;PT;Portugal;2019;2019;6110.0
A;Annual;CLV15_EUR_HAB;Chain linked volumes (2015), euro per capita;P31_S15;Final consumption expenditure of NPISH;PT;Portugal;2019;2019;6000.0
A;Annual;CLV10_EUR_HAB;Chain linked volumes (2010), euro per capita;P31_S15;Final consumption expenditure of NPISH;PT;Portugal;2019;2019;6080.0
A;Annual;CLV_PCH_PRE_HAB;Chain linked volumes, percentage change on previous period, per capita;P31_S15;Final consumption expenditure of NPISH;PT;Portugal;2019;2019;6350.0
A;Annual;PC_EU27_2020_HAB_MEUR_CP;Percentage of EU27 (from 2020) total per capita (based on million euro, EU27 from 2020), current prices;P41;Actual individual consumption;PT;Portugal;2019;2019;6650.0
A;Annual;PC_EU27_2020_HAB_MPPS_CP;Percentage of EU27 (from 2020) total per capita (based on million purchasing power standards, EU27 from 2020), current prices;P41;Actual individual consumption;PT;Portugal;2019;2019;6960.0
A;Annual;CP_EUR_HAB;Current prices, euro per capita;P41;Actual individual consumption;PT;Portugal;2019;2019;7310.0
A;Annual;CP_NAC_HAB;Current prices, units of national currency per capita;P41;Actual individual consumption;PT;Portugal;2019;2019;7000.0
A;Annual;CP_PPS_EU27_2020_HAB;Current prices, purchasing power standard (PPS, EU27 from 2020) per capita;P41;Actual individual consumption;PT;Portugal;2019;2019;7830.0
A;Annual;CLV_I20_HAB;Chain linked volumes, Index 2020=100, per capita;P41;Actual individual consumption;PT;Portugal;2019;2019;8410.0
A;Annual;CLV_I15_HAB;Chain linked volumes, Index 2015=100, per capita;P41;Actual individual consumption;PT;Portugal;2019;2019;8670.0
A;Annual;CLV_I10_HAB;Chain linked volumes, Index 2010=100, per capita;P41;Actual individual consumption;PT;Portugal;2019;2019;9160.0
A;Annual;CLV20_EUR_HAB;Chain linked volumes (2020), euro per capita;P41;Actual individual consumption;PT;Portugal;2019;2019;
A;Annual;CLV15_EUR_HAB;Chain linked volumes (2015), euro per capita;P41;Actual individual consumption;PT;Portugal;2019;2019;
A;Annual;CLV10_EUR_HAB;Chain linked volumes (2010), euro per capita;P41;Actual individual consumption;PT;Portugal;2019;2019;
A;Annual;CLV_PCH_PRE_HAB;Chain linked volumes, percentage change on previous period, per capita;P41;Actual individual consumption;PT;Portugal;2019;2019;
A;Annual;PC_EU27_2020_HAB_MEUR_CP;Percentage of EU27 (from 2020) total per capita (based on million euro, EU27 from 2020), current prices;B1GQ;Gross domestic product at market prices;PT;Portugal;2020;2020;40370.0
A;Annual;PC_EU27_2020_HAB_MPPS_CP;Percentage of EU27 (from 2020) total per capita (based on million purchasing power standards, EU27 from 2020), current prices;B1GQ;Gross domestic product at market prices;PT;Portugal;2020;2020;41220.0
A;Annual;CP_EUR_HAB;Current prices, euro per capita;B1GQ;Gross domestic product at market prices;PT;Portugal;2020;2020;
A;Annual;CP_NAC_HAB;Current prices, units of national currency per capita;B1GQ;Gross domestic product at market prices;PT;Portugal;2020;2020;
A;Annual;CP_PPS_EU27_2020_HAB;Current prices, purchasing power standard (PPS, EU27 from 2020) per capita;B1GQ;Gross domestic product at market prices;PT;Portugal;2020;2020;
A;Annual;CLV_I20_HAB;Chain linked volumes, Index 2020=100, per capita;B1GQ;Gross domestic product at market prices;PT;Portugal;2020;2020;
A;Annual;CLV_I15_HAB;Chain linked volumes, Index 2015=100, per capita;B1GQ;Gross domestic product at market prices;PT;Portugal;2020;2020;
A;Annual;CLV_I10_HAB;Chain linked volumes, Index 2010=100, per capita;B1GQ;Gross domestic product at market prices;PT;Portugal;2020;2020;
A;Annual;CLV20_EUR_HAB;Chain linked volumes (2020), euro per capita;B1GQ;Gross domestic product at market prices;PT;Portugal;2020;2020;
A;Annual;CLV15_EUR_HAB;Chain linked volumes (2015), euro per capita;B1GQ;Gross domestic product at market prices;PT;Portugal;2020;2020;
A;Annual;CLV10_EUR_HAB;Chain linked volumes (2010), euro per capita;B1GQ;Gross domestic product at market prices;PT;Portugal;2020;2020;
A;Annual;CLV_PCH_PRE_HAB;Chain linked volumes, percentage change on previous period, per capita;B1GQ;Gross domestic product at market prices;PT;Portugal;2020;2020;
A;Annual;PC_EU27_2020_HAB_MEUR_CP;Percentage of EU27 (from 2020) total per capita (based on million euro, EU27 from 2020), current prices;P3;Final consumption expenditure;PT;Portugal;2020;2020;
A;Annual;PC_EU27_2020_HAB_MPPS_CP;Percentage of EU27 (from 2020) total per capita (based on million purchasing power standards, EU27 from 2020), current prices;P3;Final consumption expenditure;PT;Portugal;2020;2020;
A;Annual;CP_EUR_HAB;Current prices, euro per capita;P3;Final consumption expenditure;PT;Portugal;2020;2020;
A;Annual;CP_NAC_HAB;Current prices, units of national currency per capita;P3;Final consumption expenditure;PT;Portugal;2020;2020;
A;Annual;CP_PPS_EU27_2020_HAB;Current prices, purchasing power standard (PPS, EU27 from 2020) per capita;P3;Final consumption expenditure;PT;Portugal;2020;2020;
A;Annual;CLV_I20_HAB;Chain linked volumes, Index 2020=100, per capita;P3;Final consumption expenditure;PT;Portugal;2020;2020;
A;Annual;CLV_I15_HAB;Chain linked volumes, Index 2015=100, per capita;P3;Final consumption expenditure;PT;Portugal;2020;2020;
A;Annual;CLV_I10_HAB;Chain linked volumes, Index 2010=100, per capita;P3;Final consumption expenditure;PT;Portugal;2020;2020;
A;Annual;CLV20_EUR_HAB;Chain linked volumes (2020), euro per capita;P3;Final consumption expenditure;PT;Portugal;2020;2020;
A;Annual;CLV15_EUR_HAB;Chain linked volumes (2015), euro per capita;P3;Final consumption expenditure;PT;Portugal;2020;2020;
A;Annual;CLV10_EUR_HAB;Chain linked volumes (2010), euro per capita;P3;Final consumption expenditure;PT;Portugal;2020;2020;4610.0
A;Annual;CLV_PCH_PRE_HAB;Chain linked volumes, percentage change on previous period, per capita;P3;Final consumption expenditure;PT;Portugal;2020;2020;4520.0
A;Annual;PC_EU27_2020_HAB_MEUR_CP;Percentage of EU27 (from 2020) total per capita (based on million euro, EU27 from 2020), current prices;P3_S13;Final consumption expenditure of general government;PT;Portugal;2020;2020;4570.0
A;Annual;PC_EU27_2020_HAB_MPPS_CP;Percentage of EU27 (from 2020) total per capita (based on million purchasing power standards, EU27 from 2020), current prices;P3_S13;Final consumption expenditure of general government;PT;Portugal;2020;2020;4740.0
A;Annual;CP_EUR_HAB;Current prices, euro per capita;P3_S13;Final consumption expenditure of general government;PT;Portugal;2020;2020;5020.0
A;Annual;CP_NAC_HAB;Current prices, units of national currency per capita;P3_S13;Final consumption expenditure of general government;PT;Portugal;2020;2020;5210.0
A;Annual;CP_PPS_EU27_2020_HAB;Current prices, purchasing power standard (PPS, EU27 from 2020) per capita;P3_S13;Final consumption expenditure of general government;PT;Portugal;2020;2020;5470.0
A;Annual;CLV_I20_HAB;Chain linked volumes, Index 2020=100, per capita;P3_S13;Final consumption expenditure of general government;PT;Portugal;2020;2020;5890.0
A;Annual;CLV_I15_HAB;Chain linked volumes, Index 2015=100, per capita;P3_S13;Final consumption expenditure of general government;PT;Portugal;2020;2020;6340.0
A;Annual;CLV_I10_HAB;Chain linked volumes, Index 2010=100, per capita;P3_S13;Final consumption expenditure of general government;PT;Portugal;2020;2020;6490.0
A;Annual;CLV20_EUR_HAB;Chain linked volumes (2020), euro per capita;P3_S13;Final consumption expenditure of general government;PT;Portugal;2020;2020;6700.0
A;Annual;CLV15_EUR_HAB;Chain linked volumes (2015), euro per capita;P3_S13;Final consumption expenditure of general government;PT;Portugal;2020;2020;6860.0
A;Annual;CLV10_EUR_HAB;Chain linked volumes (2010), euro per capita;P3_S13;Final consumption expenditure of general government;PT;Portugal;2020;2020;6800.0
A;Annual;CLV_PCH_PRE_HAB;Chain linked volumes, percentage change on previous period, per capita;P3_S13;Final consumption expenditure of general government;PT;Portugal;2020;2020;6740.0
A;Annual;PC_EU27_2020_HAB_MEUR_CP;Percentage of EU27 (from 2020) total per capita (based on million euro, EU27 from 2020), current prices;P31_S13;Individual consumption expenditure of general government;PT;Portugal;2020;2020;6370.0
A;Annual;PC_EU27_2020_HAB_MPPS_CP;Percentage of EU27 (from 2020) total per capita (based on million purchasing power standards, EU27 from 2020), current prices;P31_S13;Individual consumption expenditure of general government;PT;Portugal;2020;2020;6290.0
A;Annual;CP_EUR_HAB;Current prices, euro per capita;P31_S13;Individual consumption expenditure of general government;PT;Portugal;2020;2020;6340.0
A;Annual;CP_NAC_HAB;Current prices, units of national currency per capita;P31_S13;Individual consumption expenditure of general government;PT;Portugal;2020;2020;6260.0
A;Annual;CP_PPS_EU27_2020_HAB;Current prices, purchasing power standard (PPS, EU27 from 2020) per capita;P31_S13;Individual consumption expenditure of general government;PT;Portugal;2020;2020;6310.0
A;Annual;CLV_I20_HAB;Chain linked volumes, Index 2020=100, per capita;P31_S13;Individual consumption expenditure of general government;PT;Portugal;2020;2020;6480.0
A;Annual;CLV_I15_HAB;Chain linked volumes, Index 2015=100, per capita;P31_S13;Individual consumption expenditure of general government;PT;Portugal;2020;2020;6740.0
A;Annual;CLV_I10_HAB;Chain linked volumes, Index 2010=100, per capita;P31_S13;Individual consumption expenditure of general government;PT;Portugal;2020;2020;7050.0
A;Annual;CLV20_EUR_HAB;Chain linked volumes (2020), euro per capita;P31_S13;Individual consumption expenditure of general government;PT;Portugal;2020;2020;7420.0
A;Annual;CLV15_EUR_HAB;Chain linked volumes (2015), euro per capita;P31_S13;Individual consumption expenditure of general government;PT;Portugal;2020;2020;7740.0
A;Annual;CLV10_EUR_HAB;Chain linked volumes (2010), euro per capita;P31_S13;Individual consumption expenditure of general government;PT;Portugal;2020;2020;8110.0
A;Annual;CLV_PCH_PRE_HAB;Chain linked volumes, percentage change on previous period, per capita;P31_S13;Individual consumption expenditure of general government;PT;Portugal;2020;2020;8070.0
A;Annual;PC_EU27_2020_HAB_MEUR_CP;Percentage of EU27 (from 2020) total per capita (based on million euro, EU27 from 2020), current prices;P32_S13;Collective consumption expenditure of general government;PT;Portugal;2020;2020;8490.0
A;Annual;PC_EU27_2020_HAB_MPPS_CP;Percentage of EU27 (from 2020) total per capita (based on million purchasing power standards, EU27 from 2020), current prices;P32_S13;Collective consumption expenditure of general government;PT;Portugal;2020;2020;9110.0
A;Annual;CP_EUR_HAB;Current prices, euro per capita;P32_S13;Collective consumption expenditure of general government;PT;Portugal;2020;2020;8990.0
A;Annual;CP_NAC_HAB;Current prices, units of national currency per capita;P32_S13;Collective consumption expenditure of general government;PT;Portugal;2020;2020;9460.0
A;Annual;CP_PPS_EU27_2020_HAB;Current prices, purchasing power standard (PPS, EU27 from 2020) per capita;P32_S13;Collective consumption expenditure of general government;PT;Portugal;2020;2020;
A;Annual;CLV_I20_HAB;Chain linked volumes, Index 2020=100, per capita;P32_S13;Collective consumption expenditure of general government;PT;Portugal;2020;2020;
A;Annual;CLV_I15_HAB;Chain linked volumes, Index 2015=100, per capita;P32_S13;Collective consumption expenditure of general government;PT;Portugal;2020;2020;
A;Annual;CLV_I10_HAB;Chain linked volumes, Index 2010=100, per capita;P32_S13;Collective consumption expenditure of general government;PT;Portugal;2020;2020;
A;Annual;CLV20_EUR_HAB;Chain linked volumes (2020), euro per capita;P32_S13;Collective consumption expenditure of general government;PT;Portugal;2020;2020;
A;Annual;CLV15_EUR_HAB;Chain linked volumes (2015), euro per capita;P32_S13;Collective consumption expenditure of general government;PT;Portugal;2020;2020;
A;Annual;CLV10_EUR_HAB;Chain linked volumes (2010), euro per capita;P32_S13;Collective consumption expenditure of general government;PT;Portugal;2020;2020;
A;Annual;CLV_PCH_PRE_HAB;Chain linked volumes, percentage change on previous period, per capita;P32_S13;Collective consumption expenditure of general government;PT;Portugal;2020;2020;
A;Annual;PC_EU27_2020_HAB_MEUR_CP;Percentage of EU27 (from 2020) total per capita (based on million euro, EU27 from 2020), current prices;P31_S14_S15;Household and NPISH final consumption expenditure;PT;Portugal;2020;2020;
A;Annual;PC_EU27_2020_HAB_MPPS_CP;Percentage of EU27 (from 2020) total per capita (based on million purchasing power standards, EU27 from 2020), current prices;P31_S14_S15;Household and NPISH final consumption expenditure;PT;Portugal;2020;2020;
A;Annual;CP_EUR_HAB;Current prices, euro per capita;P31_S14_S15;Household and NPISH final consumption expenditure;PT;Portugal;2020;2020;
A;Annual;CP_NAC_HAB;Current prices, units of national currency per capita;P31_S14_S15;Household and NPISH final consumption expenditure;PT;Portugal;2020;2020;
A;Annual;CP_PPS_EU27_2020_HAB;Current prices, purchasing power standard (PPS, EU27 from 2020) per capita;P31_S14_S15;Household and NPISH final consumption expenditure;PT;Portugal;2020;2020;
A;Annual;CLV_I20_HAB;Chain linked volumes, Index 2020=100, per capita;P31_S14_S15;Household and NPISH final consumption expenditure;PT;Portugal;2020;2020;
A;Annual;CLV_I15_HAB;Chain linked volumes, Index 2015=100, per capita;P31_S14_S15;Household and NPISH final consumption expenditure;PT;Portugal;2020;2020;
A;Annual;CLV_I10_HAB;Chain linked volumes, Index 2010=100, per capita;P31_S14_S15;Household and NPISH final consumption expenditure;PT;Portugal;2020;2020;
A;Annual;CLV20_EUR_HAB;Chain linked volumes (2020), euro per capita;P31_S14_S15;Household and NPISH final consumption expenditure;PT;Portugal;2020;2020;
A;Annual;CLV15_EUR_HAB;Chain linked volumes (2015), euro per capita;P31_S14_S15;Household and NPISH final consumption expenditure;PT;Portugal;2020;2020;
A;Annual;CLV10_EUR_HAB;Chain linked volumes (2010), euro per capita;P31_S14_S15;Household and NPISH final consumption expenditure;PT;Portugal;2020;2020;
A;Annual;CLV_PCH_PRE_HAB;Chain linked volumes, percentage change on previous period, per capita;P31_S14_S15;Household and NPISH final consumption expenditure;PT;Portugal;2020;2020;
A;Annual;PC_EU27_2020_HAB_MEUR_CP;Percentage of EU27 (from 2020) total per capita (based on million euro, EU27 from 2020), current prices;P31_S14;Final consumption expenditure of households;PT;Portugal;2020;2020;
A;Annual;PC_EU27_2020_HAB_MPPS_CP;Percentage of EU27 (from 2020) total per capita (based on million purchasing power standards, EU27 from 2020), current prices;P31_S14;Final consumption expenditure of households;PT;Portugal;2020;2020;
A;Annual;CP_EUR_HAB;Current prices, euro per capita;P31_S14;Final consumption expenditure of households;PT;Portugal;2020;2020;
A;Annual;CP_NAC_HAB;Current prices, units of national currency per capita;P31_S14;Final consumption expenditure of households;PT;Portugal;2020;2020;
A;Annual;CP_PPS_EU27_2020_HAB;Current prices, purchasing power standard (PPS, EU27 from 2020) per capita;P31_S14;Final consumption expenditure of households;PT;Portugal;2020;2020;
A;Annual;CLV_I20_HAB;Chain linked volumes, Index 2020=100, per capita;P31_S14;Final consumption expenditure of households;PT;Portugal;2020;2020;9950.0
A;Annual;CLV_I15_HAB;Chain linked volumes, Index 2015=100, per capita;P31_S14;Final consumption expenditure of households;PT;Portugal;2020;2020;9770.0
A;Annual;CLV_I10_HAB;Chain linked volumes, Index 2010=100, per capita;P31_S14;Final consumption expenditure of households;PT;Portugal;2020;2020;9660.0
A;Annual;CLV20_EUR_HAB;Chain linked volumes (2020), euro per capita;P31_S14;Final consumption expenditure of households;PT;Portugal;2020;2020;10120.0
A;Annual;CLV15_EUR_HAB;Chain linked volumes (2015), euro per capita;P31_S14;Final consumption expenditure of households;PT;Portugal;2020;2020;10300.0
A;Annual;CLV10_EUR_HAB;Chain linked volumes (2010), euro per capita;P31_S14;Final consumption expenditure of households;PT;Portugal;2020;2020;10530.0
A;Annual;CLV_PCH_PRE_HAB;Chain linked volumes, percentage change on previous period, per capita;P31_S14;Final consumption expenditure of households;PT;Portugal;2020;2020;10860.0
A;Annual;PC_EU27_2020_HAB_MEUR_CP;Percentage of EU27 (from 2020) total per capita (based on million euro, EU27 from 2020), current prices;P31_S15;Final consumption expenditure of NPISH;PT;Portugal;2020;2020;11060.0
A;Annual;PC_EU27_2020_HAB_MPPS_CP;Percentage of EU27 (from 2020) total per capita (based on million purchasing power standards, EU27 from 2020), current prices;P31_S15;Final consumption expenditure of NPISH;PT;Portugal;2020;2020;11300.0
A;Annual;CP_EUR_HAB;Current prices, euro per capita;P31_S15;Final consumption expenditure of NPISH;PT;Portugal;2020;2020;11070.0
A;Annual;CP_NAC_HAB;Current prices, units of national currency per capita;P31_S15;Final consumption expenditure of NPISH;PT;Portugal;2020;2020;11310.0
A;Annual;CP_PPS_EU27_2020_HAB;Current prices, purchasing power standard (PPS, EU27 from 2020) per capita;P31_S15;Final consumption expenditure of NPISH;PT;Portugal;2020;2020;11710.0
A;Annual;CLV_I20_HAB;Chain linked volumes, Index 2020=100, per capita;P31_S15;Final consumption expenditure of NPISH;PT;Portugal;2020;2020;11810.0
A;Annual;CLV_I15_HAB;Chain linked volumes, Index 2015=100, per capita;P31_S15;Final consumption expenditure of NPISH;PT;Portugal;2020;2020;12110.0
A;Annual;CLV_I10_HAB;Chain linked volumes, Index 2010=100, per capita;P31_S15;Final consumption expenditure of NPISH;PT;Portugal;2020;2020;12370.0
A;Annual;CLV20_EUR_HAB;Chain linked volumes (2020), euro per capita;P31_S15;Final consumption expenditure of NPISH;PT;Portugal;2020;2020;12580.0
A;Annual;CLV15_EUR_HAB;Chain linked volumes (2015), euro per capita;P31_S15;Final consumption expenditure of NPISH;PT;Portugal;2020;2020;12750.0
A;Annual;CLV10_EUR_HAB;Chain linked volumes (2010), euro per capita;P31_S15;Final consumption expenditure of NPISH;PT;Portugal;2020;2020;13290.0
A;Annual;CLV_PCH_PRE_HAB;Chain linked volumes, percentage change on previous period, per capita;P31_S15;Final consumption expenditure of NPISH;PT;Portugal;2020;2020;14070.0
A;Annual;PC_EU27_2020_HAB_MEUR_CP;Percentage of EU27 (from 2020) total per capita (based on million euro, EU27 from 2020), current prices;P41;Actual individual consumption;PT;Portugal;2020;2020;14310.0
A;Annual;PC_EU27_2020_HAB_MPPS_CP;Percentage of EU27 (from 2020) total per capita (based on million purchasing power standards, EU27 from 2020), current prices;P41;Actual individual consumption;PT;Portugal;2020;2020;13180.0
A;Annual;CP_EUR_HAB;Current prices, euro per capita;P41;Actual individual consumption;PT;Portugal;2020;2020;14470.0
A;Annual;CP_NAC_HAB;Current prices, units of national currency per capita;P41;Actual individual consumption;PT;Portugal;2020;2020;15080.0
A;Annual;CP_PPS_EU27_2020_HAB;Current prices, purchasing power standard (PPS, EU27 from 2020) per capita;P41;Actual individual consumption;PT;Portugal;2020;2020;16120.0
A;Annual;CLV_I20_HAB;Chain linked volumes, Index 2020=100, per capita;P41;Actual individual consumption;PT;Portugal;2020;2020;16730.0
A;Annual;CLV_I15_HAB;Chain linked volumes, Index 2015=100, per capita;P41;Actual individual consumption;PT;Portugal;2020;2020;
A;Annual;CLV_I10_HAB;Chain linked volumes, Index 2010=100, per capita;P41;Actual individual consumption;PT;Portugal;2020;2020;
A;Annual;CLV20_EUR_HAB;Chain linked volumes (2020), euro per capita;P41;Actual individual consumption;PT;Portugal;2020;2020;
A;Annual;CLV15_EUR_HAB;Chain linked volumes (2015), euro per capita;P41;Actual individual consumption;PT;Portugal;2020;2020;
A;Annual;CLV10_EUR_HAB;Chain linked volumes (2010), euro per capita;P41;Actual individual consumption;PT;Portugal;2020;2020;
A;Annual;CLV_PCH_PRE_HAB;Chain linked volumes, percentage change on previous period, per capita;P41;Actual individual consumption;PT;Portugal;2020;2020;
A;Annual;PC_EU27_2020_HAB_MEUR_CP;Percentage of EU27 (from 2020) total per capita (based on million euro, EU27 from 2020), current prices;B1GQ;Gross domestic product at market prices;PT;Portugal;2021;2021;
A;Annual;PC_EU27_2020_HAB_MPPS_CP;Percentage of EU27 (from 2020) total per capita (based on million purchasing power standards, EU27 from 2020), current prices;B1GQ;Gross domestic product at market prices;PT;Portugal;2021;2021;
A;Annual;CP_EUR_HAB;Current prices, euro per capita;B1GQ;Gross domestic product at market prices;PT;Portugal;2021;2021;
A;Annual;CP_NAC_HAB;Current prices, units of national currency per capita;B1GQ;Gross domestic product at market prices;PT;Portugal;2021;2021;
A;Annual;CP_PPS_EU27_2020_HAB;Current prices, purchasing power standard (PPS, EU27 from 2020) per capita;B1GQ;Gross domestic product at market prices;PT;Portugal;2021;2021;
A;Annual;CLV_I20_HAB;Chain linked volumes, Index 2020=100, per capita;B1GQ;Gross domestic product at market prices;PT;Portugal;2021;2021;
A;Annual;CLV_I15_HAB;Chain linked volumes, Index 2015=100, per capita;B1GQ;Gross domestic product at market prices;PT;Portugal;2021;2021;
A;Annual;CLV_I10_HAB;Chain linked volumes, Index 2010=100, per capita;B1GQ;Gross domestic product at market prices;PT;Portugal;2021;2021;
A;Annual;CLV20_EUR_HAB;Chain linked volumes (2020), euro per capita;B1GQ;Gross domestic product at market prices;PT;Portugal;2021;2021;
A;Annual;CLV15_EUR_HAB;Chain linked volumes (2015), euro per capita;B1GQ;Gross domestic product at market prices;PT;Portugal;2021;2021;
A;Annual;CLV10_EUR_HAB;Chain linked volumes (2010), euro per capita;B1GQ;Gross domestic product at market prices;PT;Portugal;2021;2021;
A;Annual;CLV_PCH_PRE_HAB;Chain linked volumes, percentage change on previous period, per capita;B1GQ;Gross domestic product at market prices;PT;Portugal;2021;2021;
A;Annual;PC_EU27_2020_HAB_MEUR_CP;Percentage of EU27 (from 2020) total per capita (based on million euro, EU27 from 2020), current prices;P3;Final consumption expenditure;PT;Portugal;2021;2021;
A;Annual;PC_EU27_2020_HAB_MPPS_CP;Percentage of EU27 (from 2020) total per capita (based on million purchasing power standards, EU27 from 2020), current prices;P3;Final consumption expenditure;PT;Portugal;2021;2021;
A;Annual;CP_EUR_HAB;Current prices, euro per capita;P3;Final consumption expenditure;PT;Portugal;2021;2021;
A;Annual;CP_NAC_HAB;Current prices, units of national currency per capita;P3;Final consumption expenditure;PT;Portugal;2021;2021;
A;Annual;CP_PPS_EU27_2020_HAB;Current prices, purchasing power standard (PPS, EU27 from 2020) per capita;P3;Final consumption expenditure;PT;Portugal;2021;2021;
A;Annual;CLV_I20_HAB;Chain linked volumes, Index 2020=100, per capita;P3;Final consumption expenditure;PT;Portugal;2021;2021;
A;Annual;CLV_I15_HAB;Chain linked volumes, Index 2015=100, per capita;P3;Final consumption expenditure;PT;Portugal;2021;2021;
A;Annual;CLV_I10_HAB;Chain linked volumes, Index 2010=100, per capita;P3;Final consumption expenditure;PT;Portugal;2021;2021;
A;Annual;CLV20_EUR_HAB;Chain linked volumes (2020), euro per capita;P3;Final consumption expenditure;PT;Portugal;2021;2021;
A;Annual;CLV15_EUR_HAB;Chain linked volumes (2015), euro per capita;P3;Final consumption expenditure;PT;Portugal;2021;2021;2.3
A;Annual;CLV10_EUR_HAB;Chain linked volumes (2010), euro per capita;P3;Final consumption expenditure;PT;Portugal;2021;2021;3.4
A;Annual;CLV_PCH_PRE_HAB;Chain linked volumes, percentage change on previous period, per capita;P3;Final consumption expenditure;PT;Portugal;2021;2021;3.1
A;Annual;PC_EU27_2020_HAB_MEUR_CP;Percentage of EU27 (from 2020) total per capita (based on million euro, EU27 from 2020), current prices;P3_S13;Final consumption expenditure of general government;PT;Portugal;2021;2021;5.9
A;Annual;PC_EU27_2020_HAB_MPPS_CP;Percentage of EU27 (from 2020) total per capita (based on million purchasing power standards, EU27 from 2020), current prices;P3_S13;Final consumption expenditure of general government;PT;Portugal;2021;2021;0.2
A;Annual;CP_EUR_HAB;Current prices, euro per capita;P3_S13;Final consumption expenditure of general government;PT;Portugal;2021;2021;2.2
A;Annual;CP_NAC_HAB;Current prices, units of national currency per capita;P3_S13;Final consumption expenditure of general government;PT;Portugal;2021;2021;2.1
A;Annual;CP_PPS_EU27_2020_HAB;Current prices, purchasing power standard (PPS, EU27 from 2020) per capita;P3_S13;Final consumption expenditure of general government;PT;Portugal;2021;2021;3.4
A;Annual;CLV_I20_HAB;Chain linked volumes, Index 2020=100, per capita;P3_S13;Final consumption expenditure of general government;PT;Portugal;2021;2021;3.0
A;Annual;CLV_I15_HAB;Chain linked volumes, Index 2015=100, per capita;P3_S13;Final consumption expenditure of general government;PT;Portugal;2021;2021;2.1
A;Annual;CLV_I10_HAB;Chain linked volumes, Index 2010=100, per capita;P3_S13;Final consumption expenditure of general government;PT;Portugal;2021;2021;1.5
A;Annual;CLV20_EUR_HAB;Chain linked volumes (2020), euro per capita;P3_S13;Final consumption expenditure of general government;PT;Portugal;2021;2021;4.9
A;Annual;CLV15_EUR_HAB;Chain linked volumes (2015), euro per capita;P3_S13;Final consumption expenditure of general government;PT;Portugal;2021;2021;3.1
A;Annual;CLV10_EUR_HAB;Chain linked volumes (2010), euro per capita;P3_S13;Final consumption expenditure of general government;PT;Portugal;2021;2021;1.2
A;Annual;CLV_PCH_PRE_HAB;Chain linked volumes, percentage change on previous period, per capita;P3_S13;Final consumption expenditure of general government;PT;Portugal;2021;2021;0.3
A;Annual;PC_EU27_2020_HAB_MEUR_CP;Percentage of EU27 (from 2020) total per capita (based on million euro, EU27 from 2020), current prices;P31_S13;Individual consumption expenditure of general government;PT;Portugal;2021;2021;0.1
A;Annual;PC_EU27_2020_HAB_MPPS_CP;Percentage of EU27 (from 2020) total per capita (based on million purchasing power standards, EU27 from 2020), current prices;P31_S13;Individual consumption expenditure of general government;PT;Portugal;2021;2021;-2.7
A;Annual;CP_EUR_HAB;Current prices, euro per capita;P31_S13;Individual consumption expenditure of general government;PT;Portugal;2021;2021;-3.5
A;Annual;CP_NAC_HAB;Current prices, units of national currency per capita;P31_S13;Individual consumption expenditure of general government;PT;Portugal;2021;2021;0.7
A;Annual;CP_PPS_EU27_2020_HAB;Current prices, purchasing power standard (PPS, EU27 from 2020) per capita;P31_S13;Individual consumption expenditure of general government;PT;Portugal;2021;2021;2.3
A;Annual;CLV_I20_HAB;Chain linked volumes, Index 2020=100, per capita;P31_S13;Individual consumption expenditure of general government;PT;Portugal;2021;2021;3.6
A;Annual;CLV_I15_HAB;Chain linked volumes, Index 2015=100, per capita;P31_S13;Individual consumption expenditure of general government;PT;Portugal;2021;2021;2.0
A;Annual;CLV_I10_HAB;Chain linked volumes, Index 2010=100, per capita;P31_S13;Individual consumption expenditure of general government;PT;Portugal;2021;2021;2.8
A;Annual;CLV20_EUR_HAB;Chain linked volumes (2020), euro per capita;P31_S13;Individual consumption expenditure of general government;PT;Portugal;2021;2021;3.7
A;Annual;CLV15_EUR_HAB;Chain linked volumes (2015), euro per capita;P31_S13;Individual consumption expenditure of general government;PT;Portugal;2021;2021;-4.1
A;Annual;CLV10_EUR_HAB;Chain linked volumes (2010), euro per capita;P31_S13;Individual consumption expenditure of general government;PT;Portugal;2021;2021;9.5
A;Annual;CLV_PCH_PRE_HAB;Chain linked volumes, percentage change on previous period, per capita;P31_S13;Individual consumption expenditure of general government;PT;Portugal;2021;2021;2.6
A;Annual;PC_EU27_2020_HAB_MEUR_CP;Percentage of EU27 (from 2020) total per capita (based on million euro, EU27 from 2020), current prices;P32_S13;Collective consumption expenditure of general government;PT;Portugal;2021;2021;0.0
A;Annual;PC_EU27_2020_HAB_MPPS_CP;Percentage of EU27 (from 2020) total per capita (based on million purchasing power standards, EU27 from 2020), current prices;P32_S13;Collective consumption expenditure of general government;PT;Portugal;2021;2021;4.5
A;Annual;CP_EUR_HAB;Current prices, euro per capita;P32_S13;Collective consumption expenditure of general government;PT;Portugal;2021;2021;
A;Annual;CP_NAC_HAB;Current prices, units of national currency per capita;P32_S13;Collective consumption expenditure of general government;PT;Portugal;2021;2021;
A;Annual;CP_PPS_EU27_2020_HAB;Current prices, purchasing power standard (PPS, EU27 from 2020) per capita;P32_S13;Collective consumption expenditure of general government;PT;Portugal;2021;2021;
A;Annual;CLV_I20_HAB;Chain linked volumes, Index 2020=100, per capita;P32_S13;Collective consumption expenditure of general government;PT;Portugal;2021;2021;
A;Annual;CLV_I15_HAB;Chain linked volumes, Index 2015=100, per capita;P32_S13;Collective consumption expenditure of general government;PT;Portugal;2021;2021;
A;Annual;CLV_I10_HAB;Chain linked volumes, Index 2010=100, per capita;P32_S13;Collective consumption expenditure of general government;PT;Portugal;2021;2021;
A;Annual;CLV20_EUR_HAB;Chain linked volumes (2020), euro per capita;P32_S13;Collective consumption expenditure of general government;PT;Portugal;2021;2021;
A;Annual;CLV15_EUR_HAB;Chain linked volumes (2015), euro per capita;P32_S13;Collective consumption expenditure of general government;PT;Portugal;2021;2021;
A;Annual;CLV10_EUR_HAB;Chain linked volumes (2010), euro per capita;P32_S13;Collective consumption expenditure of general government;PT;Portugal;2021;2021;
A;Annual;CLV_PCH_PRE_HAB;Chain linked volumes, percentage change on previous period, per capita;P32_S13;Collective consumption expenditure of general government;PT;Portugal;2021;2021;
A;Annual;PC_EU27_2020_HAB_MEUR_CP;Percentage of EU27 (from 2020) total per capita (based on million euro, EU27 from 2020), current prices;P31_S14_S15;Household and NPISH final consumption expenditure;PT;Portugal;2021;2021;
A;Annual;PC_EU27_2020_HAB_MPPS_CP;Percentage of EU27 (from 2020) total per capita (based on million purchasing power standards, EU27 from 2020), current prices;P31_S14_S15;Household and NPISH final consumption expenditure;PT;Portugal;2021;2021;
A;Annual;CP_EUR_HAB;Current prices, euro per capita;P31_S14_S15;Household and NPISH final consumption expenditure;PT;Portugal;2021;2021;
A;Annual;CP_NAC_HAB;Current prices, units of national currency per capita;P31_S14_S15;Household and NPISH final consumption expenditure;PT;Portugal;2021;2021;
A;Annual;CP_PPS_EU27_2020_HAB;Current prices, purchasing power standard (PPS, EU27 from 2020) per capita;P31_S14_S15;Household and NPISH final consumption expenditure;PT;Portugal;2021;2021;
A;Annual;CLV_I20_HAB;Chain linked volumes, Index 2020=100, per capita;P31_S14_S15;Household and NPISH final consumption expenditure;PT;Portugal;2021;2021;
A;Annual;CLV_I15_HAB;Chain linked volumes, Index 2015=100, per capita;P31_S14_S15;Household and NPISH final consumption expenditure;PT;Portugal;2021;2021;
A;Annual;CLV_I10_HAB;Chain linked volumes, Index 2010=100, per capita;P31_S14_S15;Household and NPISH final consumption expenditure;PT;Portugal;2021;2021;
A;Annual;CLV20_EUR_HAB;Chain linked volumes (2020), euro per capita;P31_S14_S15;Household and NPISH final consumption expenditure;PT;Portugal;2021;2021;
A;Annual;CLV15_EUR_HAB;Chain linked volumes (2015), euro per capita;P31_S14_S15;Household and NPISH final consumption expenditure;PT;Portugal;2021;2021;
A;Annual;CLV10_EUR_HAB;Chain linked volumes (2010), euro per capita;P31_S14_S15;Household and NPISH final consumption expenditure;PT;Portugal;2021;2021;
A;Annual;CLV_PCH_PRE_HAB;Chain linked volumes, percentage change on previous period, per capita;P31_S14_S15;Household and NPISH final consumption expenditure;PT;Portugal;2021;2021;6.8
A;Annual;PC_EU27_2020_HAB_MEUR_CP;Percentage of EU27 (from 2020) total per capita (based on million euro, EU27 from 2020), current prices;P31_S14;Final consumption expenditure of households;PT;Portugal;2021;2021;1.8
A;Annual;PC_EU27_2020_HAB_MPPS_CP;Percentage of EU27 (from 2020) total per capita (based on million purchasing power standards, EU27 from 2020), current prices;P31_S14;Final consumption expenditure of households;PT;Portugal;2021;2021;4.3
A;Annual;CP_EUR_HAB;Current prices, euro per capita;P31_S14;Final consumption expenditure of households;PT;Portugal;2021;2021;-3.2
A;Annual;CP_NAC_HAB;Current prices, units of national currency per capita;P31_S14;Final consumption expenditure of households;PT;Portugal;2021;2021;2.3
A;Annual;CP_PPS_EU27_2020_HAB;Current prices, purchasing power standard (PPS, EU27 from 2020) per capita;P31_S14;Final consumption expenditure of households;PT;Portugal;2021;2021;5.1
A;Annual;CLV_I20_HAB;Chain linked volumes, Index 2020=100, per capita;P31_S14;Final consumption expenditure of households;PT;Portugal;2021;2021;4.8
A;Annual;CLV_I15_HAB;Chain linked volumes, Index 2015=100, per capita;P31_S14;Final consumption expenditure of households;PT;Portugal;2021;2021;1.5
A;Annual;CLV_I10_HAB;Chain linked volumes, Index 2010=100, per capita;P31_S14;Final consumption expenditure of households;PT;Portugal;2021;2021;4.2
A;Annual;CLV20_EUR_HAB;Chain linked volumes (2020), euro per capita;P31_S14;Final consumption expenditure of households;PT;Portugal;2021;2021;5.1
A;Annual;CLV15_EUR_HAB;Chain linked volumes (2015), euro per capita;P31_S14;Final consumption expenditure of households;PT;Portugal;2021;2021;7.2
A;Annual;CLV10_EUR_HAB;Chain linked volumes (2010), euro per capita;P31_S14;Final consumption expenditure of households;PT;Portugal;2021;2021;5.8
A;Annual;CLV_PCH_PRE_HAB;Chain linked volumes, percentage change on previous period, per capita;P31_S14;Final consumption expenditure of households;PT;Portugal;2021;2021;6.6
A;Annual;PC_EU27_2020_HAB_MEUR_CP;Percentage of EU27 (from 2020) total per capita (based on million euro, EU27 from 2020), current prices;P31_S15;Final consumption expenditure of NPISH;PT;Portugal;2021;2021;1.2
A;Annual;PC_EU27_2020_HAB_MPPS_CP;Percentage of EU27 (from 2020) total per capita (based on million purchasing power standards, EU27 from 2020), current prices;P31_S15;Final consumption expenditure of NPISH;PT;Portugal;2021;2021;1.3
A;Annual;CP_EUR_HAB;Current prices, euro per capita;P31_S15;Final consumption expenditure of NPISH;PT;Portugal;2021;2021;-1.5
A;Annual;CP_NAC_HAB;Current prices, units of national currency per capita;P31_S15;Final consumption expenditure of NPISH;PT;Portugal;2021;2021;0.2
A;Annual;CP_PPS_EU27_2020_HAB;Current prices, purchasing power standard (PPS, EU27 from 2020) per capita;P31_S15;Final consumption expenditure of NPISH;PT;Portugal;2021;2021;-1.0
A;Annual;CLV_I20_HAB;Chain linked volumes, Index 2020=100, per capita;P31_S15;Final consumption expenditure of NPISH;PT;Portugal;2021;2021;2.6
A;Annual;CLV_I15_HAB;Chain linked volumes, Index 2015=100, per capita;P31_S15;Final consumption expenditure of NPISH;PT;Portugal;2021;2021;3.6
A;Annual;CLV_I10_HAB;Chain linked volumes, Index 2010=100, per capita;P31_S15;Final consumption expenditure of NPISH;PT;Portugal;2021;2021;3.2
A;Annual;CLV20_EUR_HAB;Chain linked volumes (2020), euro per capita;P31_S15;Final consumption expenditure of NPISH;PT;Portugal;2021;2021;4.5
A;Annual;CLV15_EUR_HAB;Chain linked volumes (2015), euro per capita;P31_S15;Final consumption expenditure of NPISH;PT;Portugal;2021;2021;2.9
A;Annual;CLV10_EUR_HAB;Chain linked volumes (2010), euro per capita;P31_S15;Final consumption expenditure of NPISH;PT;Portugal;2021;2021;3.2
A;Annual;CLV_PCH_PRE_HAB;Chain linked volumes, percentage change on previous period, per capita;P31_S15;Final consumption expenditure of NPISH;PT;Portugal;2021;2021;-0.1
A;Annual;PC_EU27_2020_HAB_MEUR_CP;Percentage of EU27 (from 2020) total per capita (based on million euro, EU27 from 2020), current prices;P41;Actual individual consumption;PT;Portugal;2021;2021;3.6
A;Annual;PC_EU27_2020_HAB_MPPS_CP;Percentage of EU27 (from 2020) total per capita (based on million purchasing power standards, EU27 from 2020), current prices;P41;Actual individual consumption;PT;Portugal;2021;2021;2.5
A;Annual;CP_EUR_HAB;Current prices, euro per capita;P41;Actual individual consumption;PT;Portugal;2021;2021;-2.8
A;Annual;CP_NAC_HAB;Current prices, units of national currency per capita;P41;Actual individual consumption;PT;Portugal;2021;2021;3.6
A;Annual;CP_PPS_EU27_2020_HAB;Current prices, purchasing power standard (PPS, EU27 from 2020) per capita;P41;Actual individual consumption;PT;Portugal;2021;2021;
A;Annual;CLV_I20_HAB;Chain linked volumes, Index 2020=100, per capita;P41;Actual individual consumption;PT;Portugal;2021;2021;
A;Annual;CLV_I15_HAB;Chain linked volumes, Index 2015=100, per capita;P41;Actual individual consumption;PT;Portugal;2021;2021;
A;Annual;CLV_I10_HAB;Chain linked volumes, Index 2010=100, per capita;P41;Actual individual consumption;PT;Portugal;2021;2021;
A;Annual;CLV20_EUR_HAB;Chain linked volumes (2020), euro per capita;P41;Actual individual consumption;PT;Portugal;2021;2021;
A;Annual;CLV15_EUR_HAB;Chain linked volumes (2015), euro per capita;P41;Actual individual consumption;PT;Portugal;2021;2021;
A;Annual;CLV10_EUR_HAB;Chain linked volumes (2010), euro per capita;P41;Actual individual consumption;PT;Portugal;2021;2021;1.8
A;Annual;CLV_PCH_PRE_HAB;Chain linked volumes, percentage change on previous period, per capita;P41;Actual individual consumption;PT;Portugal;2021;2021;3.9
A;Annual;PC_EU27_2020_HAB_MEUR_CP;Percentage of EU27 (from 2020) total per capita (based on million euro, EU27 from 2020), current prices;B1GQ;Gross domestic product at market prices;PT;Portugal;2022;2022;
A;Annual;PC_EU27_2020_HAB_MPPS_CP;Percentage of EU27 (from 2020) total per capita (based on million purchasing power standards, EU27 from 2020), current prices;B1GQ;Gross domestic product at market prices;PT;Portugal;2022;2022;
A;Annual;CP_EUR_HAB;Current prices, euro per capita;B1GQ;Gross domestic product at market prices;PT;Portugal;2022;2022;
A;Annual;CP_NAC_HAB;Current prices, units of national currency per capita;B1GQ;Gross domestic product at market prices;PT;Portugal;2022;2022;
A;Annual;CP_PPS_EU27_2020_HAB;Current prices, purchasing power standard (PPS, EU27 from 2020) per capita;B1GQ;Gross domestic product at market prices;PT;Portugal;2022;2022;
A;Annual;CLV_I20_HAB;Chain linked volumes, Index 2020=100, per capita;B1GQ;Gross domestic product at market prices;PT;Portugal;2022;2022;
A;Annual;CLV_I15_HAB;Chain linked volumes, Index 2015=100, per capita;B1GQ;Gross domestic product at market prices;PT;Portugal;2022;2022;
A;Annual;CLV_I10_HAB;Chain linked volumes, Index 2010=100, per capita;B1GQ;Gross domestic product at market prices;PT;Portugal;2022;2022;
A;Annual;CLV20_EUR_HAB;Chain linked volumes (2020), euro per capita;B1GQ;Gross domestic product at market prices;PT;Portugal;2022;2022;
A;Annual;CLV15_EUR_HAB;Chain linked volumes (2015), euro per capita;B1GQ;Gross domestic product at market prices;PT;Portugal;2022;2022;
A;Annual;CLV10_EUR_HAB;Chain linked volumes (2010), euro per capita;B1GQ;Gross domestic product at market prices;PT;Portugal;2022;2022;
A;Annual;CLV_PCH_PRE_HAB;Chain linked volumes, percentage change on previous period, per capita;B1GQ;Gross domestic product at market prices;PT;Portugal;2022;2022;
A;Annual;PC_EU27_2020_HAB_MEUR_CP;Percentage of EU27 (from 2020) total per capita (based on million euro, EU27 from 2020), current prices;P3;Final consumption expenditure;PT;Portugal;2022;2022;
A;Annual;PC_EU27_2020_HAB_MPPS_CP;Percentage of EU27 (from 2020) total per capita (based on million purchasing power standards, EU27 from 2020), current prices;P3;Final consumption expenditure;PT;Portugal;2022;2022;
A;Annual;CP_EUR_HAB;Current prices, euro per capita;P3;Final consumption expenditure;PT;Portugal;2022;2022;
A;Annual;CP_NAC_HAB;Current prices, units of national currency per capita;P3;Final consumption expenditure;PT;Portugal;2022;2022;
A;Annual;CP_PPS_EU27_2020_HAB;Current prices, purchasing power standard (PPS, EU27 from 2020) per capita;P3;Final consumption expenditure;PT;Portugal;2022;2022;
A;Annual;CLV_I20_HAB;Chain linked volumes, Index 2020=100, per capita;P3;Final consumption expenditure;PT;Portugal;2022;2022;
A;Annual;CLV_I15_HAB;Chain linked volumes, Index 2015=100, per capita;P3;Final consumption expenditure;PT;Portugal;2022;2022;
A;Annual;CLV_I10_HAB;Chain linked volumes, Index 2010=100, per capita;P3;Final consumption expenditure;PT;Portugal;2022;2022;1.2
A;Annual;CLV20_EUR_HAB;Chain linked volumes (2020), euro per capita;P3;Final consumption expenditure;PT;Portugal;2022;2022;2.8
A;Annual;CLV15_EUR_HAB;Chain linked volumes (2015), euro per capita;P3;Final consumption expenditure;PT;Portugal;2022;2022;1.3
A;Annual;CLV10_EUR_HAB;Chain linked volumes (2010), euro per capita;P3;Final consumption expenditure;PT;Portugal;2022;2022;3.1
A;Annual;CLV_PCH_PRE_HAB;Chain linked volumes, percentage change on previous period, per capita;P3;Final consumption expenditure;PT;Portugal;2022;2022;0.0
A;Annual;PC_EU27_2020_HAB_MEUR_CP;Percentage of EU27 (from 2020) total per capita (based on million euro, EU27 from 2020), current prices;P3_S13;Final consumption expenditure of general government;PT;Portugal;2022;2022;-0.3
A;Annual;PC_EU27_2020_HAB_MPPS_CP;Percentage of EU27 (from 2020) total per capita (based on million purchasing power standards, EU27 from 2020), current prices;P3_S13;Final consumption expenditure of general government;PT;Portugal;2022;2022;4.0
A;Annual;CP_EUR_HAB;Current prices, euro per capita;P3_S13;Final consumption expenditure of general government;PT;Portugal;2022;2022;1.7
A;Annual;CP_NAC_HAB;Current prices, units of national currency per capita;P3_S13;Final consumption expenditure of general government;PT;Portugal;2022;2022;2.6
A;Annual;CP_PPS_EU27_2020_HAB;Current prices, purchasing power standard (PPS, EU27 from 2020) per capita;P3_S13;Final consumption expenditure of general government;PT;Portugal;2022;2022;1.8
A;Annual;CLV_I20_HAB;Chain linked volumes, Index 2020=100, per capita;P3_S13;Final consumption expenditure of general government;PT;Portugal;2022;2022;0.3
A;Annual;CLV_I15_HAB;Chain linked volumes, Index 2015=100, per capita;P3_S13;Final consumption expenditure of general government;PT;Portugal;2022;2022;-0.1
A;Annual;CLV_I10_HAB;Chain linked volumes, Index 2010=100, per capita;P3_S13;Final consumption expenditure of general government;PT;Portugal;2022;2022;2.4
A;Annual;CLV20_EUR_HAB;Chain linked volumes (2020), euro per capita;P3_S13;Final consumption expenditure of general government;PT;Portugal;2022;2022;1.0
A;Annual;CLV15_EUR_HAB;Chain linked volumes (2015), euro per capita;P3_S13;Final consumption expenditure of general government;PT;Portugal;2022;2022;0.1
A;Annual;CLV10_EUR_HAB;Chain linked volumes (2010), euro per capita;P3_S13;Final consumption expenditure of general government;PT;Portugal;2022;2022;1.0
A;Annual;CLV_PCH_PRE_HAB;Chain linked volumes, percentage change on previous period, per capita;P3_S13;Final consumption expenditure of general government;PT;Portugal;2022;2022;0.1
A;Annual;PC_EU27_2020_HAB_MEUR_CP;Percentage of EU27 (from 2020) total per capita (based on million euro, EU27 from 2020), current prices;P31_S13;Individual consumption expenditure of general government;PT;Portugal;2022;2022;0.5
A;Annual;PC_EU27_2020_HAB_MPPS_CP;Percentage of EU27 (from 2020) total per capita (based on million purchasing power standards, EU27 from 2020), current prices;P31_S13;Individual consumption expenditure of general government;PT;Portugal;2022;2022;1.9
A;Annual;CP_EUR_HAB;Current prices, euro per capita;P31_S13;Individual consumption expenditure of general government;PT;Portugal;2022;2022;0.7
A;Annual;CP_NAC_HAB;Current prices, units of national currency per capita;P31_S13;Individual consumption expenditure of general government;PT;Portugal;2022;2022;0.3
A;Annual;CP_PPS_EU27_2020_HAB;Current prices, purchasing power standard (PPS, EU27 from 2020) per capita;P31_S13;Individual consumption expenditure of general government;PT;Portugal;2022;2022;-0.6
A;Annual;CLV_I20_HAB;Chain linked volumes, Index 2020=100, per capita;P31_S13;Individual consumption expenditure of general government;PT;Portugal;2022;2022;0.8
A;Annual;CLV_I15_HAB;Chain linked volumes, Index 2015=100, per capita;P31_S13;Individual consumption expenditure of general government;PT;Portugal;2022;2022;0.1
A;Annual;CLV_I10_HAB;Chain linked volumes, Index 2010=100, per capita;P31_S13;Individual consumption expenditure of general government;PT;Portugal;2022;2022;2.5
A;Annual;CLV20_EUR_HAB;Chain linked volumes (2020), euro per capita;P31_S13;Individual consumption expenditure of general government;PT;Portugal;2022;2022;5.1
A;Annual;CLV15_EUR_HAB;Chain linked volumes (2015), euro per capita;P31_S13;Individual consumption expenditure of general government;PT;Portugal;2022;2022;-5.0
A;Annual;CLV10_EUR_HAB;Chain linked volumes (2010), euro per capita;P31_S13;Individual consumption expenditure of general government;PT;Portugal;2022;2022;1.1
A;Annual;CLV_PCH_PRE_HAB;Chain linked volumes, percentage change on previous period, per capita;P31_S13;Individual consumption expenditure of general government;PT;Portugal;2022;2022;
A;Annual;PC_EU27_2020_HAB_MEUR_CP;Percentage of EU27 (from 2020) total per capita (based on million euro, EU27 from 2020), current prices;P32_S13;Collective consumption expenditure of general government;PT;Portugal;2022;2022;
A;Annual;PC_EU27_2020_HAB_MPPS_CP;Percentage of EU27 (from 2020) total per capita (based on million purchasing power standards, EU27 from 2020), current prices;P32_S13;Collective consumption expenditure of general government;PT;Portugal;2022;2022;
A;Annual;CP_EUR_HAB;Current prices, euro per capita;P32_S13;Collective consumption expenditure of general government;PT;Portugal;2022;2022;
A;Annual;CP_NAC_HAB;Current prices, units of national currency per capita;P32_S13;Collective consumption expenditure of general government;PT;Portugal;2022;2022;
A;Annual;CP_PPS_EU27_2020_HAB;Current prices, purchasing power standard (PPS, EU27 from 2020) per capita;P32_S13;Collective consumption expenditure of general government;PT;Portugal;2022;2022;
A;Annual;CLV_I20_HAB;Chain linked volumes, Index 2020=100, per capita;P32_S13;Collective consumption expenditure of general government;PT;Portugal;2022;2022;
A;Annual;CLV_I15_HAB;Chain linked volumes, Index 2015=100, per capita;P32_S13;Collective consumption expenditure of general government;PT;Portugal;2022;2022;
A;Annual;CLV_I10_HAB;Chain linked volumes, Index 2010=100, per capita;P32_S13;Collective consumption expenditure of general government;PT;Portugal;2022;2022;
A;Annual;CLV20_EUR_HAB;Chain linked volumes (2020), euro per capita;P32_S13;Collective consumption expenditure of general government;PT;Portugal;2022;2022;
A;Annual;CLV15_EUR_HAB;Chain linked volumes (2015), euro per capita;P32_S13;Collective consumption expenditure of general government;PT;Portugal;2022;2022;
A;Annual;CLV10_EUR_HAB;Chain linked volumes (2010), euro per capita;P32_S13;Collective consumption expenditure of general government;PT;Portugal;2022;2022;
A;Annual;CLV_PCH_PRE_HAB;Chain linked volumes, percentage change on previous period, per capita;P32_S13;Collective consumption expenditure of general government;PT;Portugal;2022;2022;
A;Annual;PC_EU27_2020_HAB_MEUR_CP;Percentage of EU27 (from 2020) total per capita (based on million euro, EU27 from 2020), current prices;P31_S14_S15;Household and NPISH final consumption expenditure;PT;Portugal;2022;2022;
A;Annual;PC_EU27_2020_HAB_MPPS_CP;Percentage of EU27 (from 2020) total per capita (based on million purchasing power standards, EU27 from 2020), current prices;P31_S14_S15;Household and NPISH final consumption expenditure;PT;Portugal;2022;2022;
A;Annual;CP_EUR_HAB;Current prices, euro per capita;P31_S14_S15;Household and NPISH final consumption expenditure;PT;Portugal;2022;2022;
A;Annual;CP_NAC_HAB;Current prices, units of national currency per capita;P31_S14_S15;Household and NPISH final consumption expenditure;PT;Portugal;2022;2022;
A;Annual;CP_PPS_EU27_2020_HAB;Current prices, purchasing power standard (PPS, EU27 from 2020) per capita;P31_S14_S15;Household and NPISH final consumption expenditure;PT;Portugal;2022;2022;
A;Annual;CLV_I20_HAB;Chain linked volumes, Index 2020=100, per capita;P31_S14_S15;Household and NPISH final consumption expenditure;PT;Portugal;2022;2022;
A;Annual;CLV_I15_HAB;Chain linked volumes, Index 2015=100, per capita;P31_S14_S15;Household and NPISH final consumption expenditure;PT;Portugal;2022;2022;
A;Annual;CLV_I10_HAB;Chain linked volumes, Index 2010=100, per capita;P31_S14_S15;Household and NPISH final consumption expenditure;PT;Portugal;2022;2022;
A;Annual;CLV20_EUR_HAB;Chain linked volumes (2020), euro per capita;P31_S14_S15;Household and NPISH final consumption expenditure;PT;Portugal;2022;2022;
A;Annual;CLV15_EUR_HAB;Chain linked volumes (2015), euro per capita;P31_S14_S15;Household and NPISH final consumption expenditure;PT;Portugal;2022;2022;1.9
A;Annual;CLV10_EUR_HAB;Chain linked volumes (2010), euro per capita;P31_S14_S15;Household and NPISH final consumption expenditure;PT;Portugal;2022;2022;2.5
A;Annual;CLV_PCH_PRE_HAB;Chain linked volumes, percentage change on previous period, per capita;P31_S14_S15;Household and NPISH final consumption expenditure;PT;Portugal;2022;2022;3.3
A;Annual;PC_EU27_2020_HAB_MEUR_CP;Percentage of EU27 (from 2020) total per capita (based on million euro, EU27 from 2020), current prices;P31_S14;Final consumption expenditure of households;PT;Portugal;2022;2022;3.7
A;Annual;PC_EU27_2020_HAB_MPPS_CP;Percentage of EU27 (from 2020) total per capita (based on million purchasing power standards, EU27 from 2020), current prices;P31_S14;Final consumption expenditure of households;PT;Portugal;2022;2022;2.7
A;Annual;CP_EUR_HAB;Current prices, euro per capita;P31_S14;Final consumption expenditure of households;PT;Portugal;2022;2022;3.9
A;Annual;CP_NAC_HAB;Current prices, units of national currency per capita;P31_S14;Final consumption expenditure of households;PT;Portugal;2022;2022;3.8
A;Annual;CP_PPS_EU27_2020_HAB;Current prices, purchasing power standard (PPS, EU27 from 2020) per capita;P31_S14;Final consumption expenditure of households;PT;Portugal;2022;2022;2.7
A;Annual;CLV_I20_HAB;Chain linked volumes, Index 2020=100, per capita;P31_S14;Final consumption expenditure of households;PT;Portugal;2022;2022;3.1
A;Annual;CLV_I15_HAB;Chain linked volumes, Index 2015=100, per capita;P31_S14;Final consumption expenditure of households;PT;Portugal;2022;2022;3.6
A;Annual;CLV_I10_HAB;Chain linked volumes, Index 2010=100, per capita;P31_S14;Final consumption expenditure of households;PT;Portugal;2022;2022;1.4
A;Annual;CLV20_EUR_HAB;Chain linked volumes (2020), euro per capita;P31_S14;Final consumption expenditure of households;PT;Portugal;2022;2022;0.4
A;Annual;CLV15_EUR_HAB;Chain linked volumes (2015), euro per capita;P31_S14;Final consumption expenditure of households;PT;Portugal;2022;2022;1.1
A;Annual;CLV10_EUR_HAB;Chain linked volumes (2010), euro per capita;P31_S14;Final consumption expenditure of households;PT;Portugal;2022;2022;1.5
A;Annual;CLV_PCH_PRE_HAB;Chain linked volumes, percentage change on previous period, per capita;P31_S14;Final consumption expenditure of households;PT;Portugal;2022;2022;1.3
A;Annual;PC_EU27_2020_HAB_MEUR_CP;Percentage of EU27 (from 2020) total per capita (based on million euro, EU27 from 2020), current prices;P31_S15;Final consumption expenditure of NPISH;PT;Portugal;2022;2022;0.8
A;Annual;PC_EU27_2020_HAB_MPPS_CP;Percentage of EU27 (from 2020) total per capita (based on million purchasing power standards, EU27 from 2020), current prices;P31_S15;Final consumption expenditure of NPISH;PT;Portugal;2022;2022;0.6
A;Annual;CP_EUR_HAB;Current prices, euro per capita;P31_S15;Final consumption expenditure of NPISH;PT;Portugal;2022;2022;0.8
A;Annual;CP_NAC_HAB;Current prices, units of national currency per capita;P31_S15;Final consumption expenditure of NPISH;PT;Portugal;2022;2022;2.1
A;Annual;CP_PPS_EU27_2020_HAB;Current prices, purchasing power standard (PPS, EU27 from 2020) per capita;P31_S15;Final consumption expenditure of NPISH;PT;Portugal;2022;2022;1.7
A;Annual;CLV_I20_HAB;Chain linked volumes, Index 2020=100, per capita;P31_S15;Final consumption expenditure of NPISH;PT;Portugal;2022;2022;1.2
A;Annual;CLV_I15_HAB;Chain linked volumes, Index 2015=100, per capita;P31_S15;Final consumption expenditure of NPISH;PT;Portugal;2022;2022;1.2
A;Annual;CLV_I10_HAB;Chain linked volumes, Index 2010=100, per capita;P31_S15;Final consumption expenditure of NPISH;PT;Portugal;2022;2022;-0.1
A;Annual;CLV20_EUR_HAB;Chain linked volumes (2020), euro per capita;P31_S15;Final consumption expenditure of NPISH;PT;Portugal;2022;2022;2.6
A;Annual;CLV15_EUR_HAB;Chain linked volumes (2015), euro per capita;P31_S15;Final consumption expenditure of NPISH;PT;Portugal;2022;2022;
A;Annual;CLV10_EUR_HAB;Chain linked volumes (2010), euro per capita;P31_S15;Final consumption expenditure of NPISH;PT;Portugal;2022;2022;
A;Annual;CLV_PCH_PRE_HAB;Chain linked volumes, percentage change on previous period, per capita;P31_S15;Final consumption expenditure of NPISH;PT;Portugal;2022;2022;
A;Annual;PC_EU27_2020_HAB_MEUR_CP;Percentage of EU27 (from 2020) total per capita (based on million euro, EU27 from 2020), current prices;P41;Actual individual consumption;PT;Portugal;2022;2022;
A;Annual;PC_EU27_2020_HAB_MPPS_CP;Percentage of EU27 (from 2020) total per capita (based on million purchasing power standards, EU27 from 2020), current prices;P41;Actual individual consumption;PT;Portugal;2022;2022;
A;Annual;CP_EUR_HAB;Current prices, euro per capita;P41;Actual individual consumption;PT;Portugal;2022;2022;
A;Annual;CP_NAC_HAB;Current prices, units of national currency per capita;P41;Actual individual consumption;PT;Portugal;2022;2022;
A;Annual;CP_PPS_EU27_2020_HAB;Current prices, purchasing power standard (PPS, EU27 from 2020) per capita;P41;Actual individual consumption;PT;Portugal;2022;2022;
A;Annual;CLV_I20_HAB;Chain linked volumes, Index 2020=100, per capita;P41;Actual individual consumption;PT;Portugal;2022;2022;
A;Annual;CLV_I15_HAB;Chain linked volumes, Index 2015=100, per capita;P41;Actual individual consumption;PT;Portugal;2022;2022;
A;Annual;CLV_I10_HAB;Chain linked volumes, Index 2010=100, per capita;P41;Actual individual consumption;PT;Portugal;2022;2022;
A;Annual;CLV20_EUR_HAB;Chain linked volumes (2020), euro per capita;P41;Actual individual consumption;PT;Portugal;2022;2022;
A;Annual;CLV15_EUR_HAB;Chain linked volumes (2015), euro per capita;P41;Actual individual consumption;PT;Portugal;2022;2022;
A;Annual;CLV10_EUR_HAB;Chain linked volumes (2010), euro per capita;P41;Actual individual consumption;PT;Portugal;2022;2022;
A;Annual;CLV_PCH_PRE_HAB;Chain linked volumes, percentage change on previous period, per capita;P41;Actual individual consumption;PT;Portugal;2022;2022;
A;Annual;PC_EU27_2020_HAB_MEUR_CP;Percentage of EU27 (from 2020) total per capita (based on million euro, EU27 from 2020), current prices;B1GQ;Gross domestic product at market prices;PT;Portugal;2023;2023;
A;Annual;PC_EU27_2020_HAB_MPPS_CP;Percentage of EU27 (from 2020) total per capita (based on million purchasing power standards, EU27 from 2020), current prices;B1GQ;Gross domestic product at market prices;PT;Portugal;2023;2023;
A;Annual;CP_EUR_HAB;Current prices, euro per capita;B1GQ;Gross domestic product at market prices;PT;Portugal;2023;2023;
A;Annual;CP_NAC_HAB;Current prices, units of national currency per capita;B1GQ;Gross domestic product at market prices;PT;Portugal;2023;2023;
A;Annual;CP_PPS_EU27_2020_HAB;Current prices, purchasing power standard (PPS, EU27 from 2020) per capita;B1GQ;Gross domestic product at market prices;PT;Portugal;2023;2023;
A;Annual;CLV_I20_HAB;Chain linked volumes, Index 2020=100, per capita;B1GQ;Gross domestic product at market prices;PT;Portugal;2023;2023;
A;Annual;CLV_I15_HAB;Chain linked volumes, Index 2015=100, per capita;B1GQ;Gross domestic product at market prices;PT;Portugal;2023;2023;
A;Annual;CLV_I10_HAB;Chain linked volumes, Index 2010=100, per capita;B1GQ;Gross domestic product at market prices;PT;Portugal;2023;2023;
A;Annual;CLV20_EUR_HAB;Chain linked volumes (2020), euro per capita;B1GQ;Gross domestic product at market prices;PT;Portugal;2023;2023;
A;Annual;CLV15_EUR_HAB;Chain linked volumes (2015), euro per capita;B1GQ;Gross domestic product at market prices;PT;Portugal;2023;2023;
A;Annual;CLV10_EUR_HAB;Chain linked volumes (2010), euro per capita;B1GQ;Gross domestic product at market prices;PT;Portugal;2023;2023;
A;Annual;CLV_PCH_PRE_HAB;Chain linked volumes, percentage change on previous period, per capita;B1GQ;Gross domestic product at market prices;PT;Portugal;2023;2023;
A;Annual;PC_EU27_2020_HAB_MEUR_CP;Percentage of EU27 (from 2020) total per capita (based on million euro, EU27 from 2020), current prices;P3;Final consumption expenditure;PT;Portugal;2023;2023;
A;Annual;PC_EU27_2020_HAB_MPPS_CP;Percentage of EU27 (from 2020) total per capita (based on million purchasing power standards, EU27 from 2020), current prices;P3;Final consumption expenditure;PT;Portugal;2023;2023;
A;Annual;CP_EUR_HAB;Current prices, euro per capita;P3;Final consumption expenditure;PT;Portugal;2023;2023;
A;Annual;CP_NAC_HAB;Current prices, units of national currency per capita;P3;Final consumption expenditure;PT;Portugal;2023;2023;
A;Annual;CP_PPS_EU27_2020_HAB;Current prices, purchasing power standard (PPS, EU27 from 2020) per capita;P3;Final consumption expenditure;PT;Portugal;2023;2023;
A;Annual;CLV_I20_HAB;Chain linked volumes, Index 2020=100, per capita;P3;Final consumption expenditure;PT;Portugal;2023;2023;
A;Annual;CLV_I15_HAB;Chain linked volumes, Index 2015=100, per capita;P3;Final consumption expenditure;PT;Portugal;2023;2023;
A;Annual;CLV_I10_HAB;Chain linked volumes, Index 2010=100, per capita;P3;Final consumption expenditure;PT;Portugal;2023;2023;
A;Annual;CLV20_EUR_HAB;Chain linked volumes (2020), euro per capita;P3;Final consumption expenditure;PT;Portugal;2023;2023;0.2
A;Annual;CLV15_EUR_HAB;Chain linked volumes (2015), euro per capita;P3;Final consumption expenditure;PT;Portugal;2023;2023;3.0
A;Annual;CLV10_EUR_HAB;Chain linked volumes (2010), euro per capita;P3;Final consumption expenditure;PT;Portugal;2023;2023;-9.8
A;Annual;CLV_PCH_PRE_HAB;Chain linked volumes, percentage change on previous period, per capita;P3;Final consumption expenditure;PT;Portugal;2023;2023;4.4
A;Annual;PC_EU27_2020_HAB_MEUR_CP;Percentage of EU27 (from 2020) total per capita (based on million euro, EU27 from 2020), current prices;P3_S13;Final consumption expenditure of general government;PT;Portugal;2023;2023;6.6
A;Annual;PC_EU27_2020_HAB_MPPS_CP;Percentage of EU27 (from 2020) total per capita (based on million purchasing power standards, EU27 from 2020), current prices;P3_S13;Final consumption expenditure of general government;PT;Portugal;2023;2023;8.7
A;Annual;CP_EUR_HAB;Current prices, euro per capita;P3_S13;Final consumption expenditure of general government;PT;Portugal;2023;2023;4.0
A;Annual;CP_NAC_HAB;Current prices, units of national currency per capita;P3_S13;Final consumption expenditure of general government;PT;Portugal;2023;2023;2.1
A;Annual;CP_PPS_EU27_2020_HAB;Current prices, purchasing power standard (PPS, EU27 from 2020) per capita;P3_S13;Final consumption expenditure of general government;PT;Portugal;2023;2023;3.7
A;Annual;CLV_I20_HAB;Chain linked volumes, Index 2020=100, per capita;P3_S13;Final consumption expenditure of general government;PT;Portugal;2023;2023;-1.3
A;Annual;CLV_I15_HAB;Chain linked volumes, Index 2015=100, per capita;P3_S13;Final consumption expenditure of general government;PT;Portugal;2023;2023;-5.0
A;Annual;CLV_I10_HAB;Chain linked volumes, Index 2010=100, per capita;P3_S13;Final consumption expenditure of general government;PT;Portugal;2023;2023;8.6
A;Annual;CLV20_EUR_HAB;Chain linked volumes (2020), euro per capita;P3_S13;Final consumption expenditure of general government;PT;Portugal;2023;2023;10.4
A;Annual;CLV15_EUR_HAB;Chain linked volumes (2015), euro per capita;P3_S13;Final consumption expenditure of general government;PT;Portugal;2023;2023;0.9
A;Annual;CLV10_EUR_HAB;Chain linked volumes (2010), euro per capita;P3_S13;Final consumption expenditure of general government;PT;Portugal;2023;2023;5.5
A;Annual;CLV_PCH_PRE_HAB;Chain linked volumes, percentage change on previous period, per capita;P3_S13;Final consumption expenditure of general government;PT;Portugal;2023;2023;1.9
A;Annual;PC_EU27_2020_HAB_MEUR_CP;Percentage of EU27 (from 2020) total per capita (based on million euro, EU27 from 2020), current prices;P31_S13;Individual consumption expenditure of general government;PT;Portugal;2023;2023;4.6
A;Annual;PC_EU27_2020_HAB_MPPS_CP;Percentage of EU27 (from 2020) total per capita (based on million purchasing power standards, EU27 from 2020), current prices;P31_S13;Individual consumption expenditure of general government;PT;Portugal;2023;2023;2.4
A;Annual;CP_EUR_HAB;Current prices, euro per capita;P31_S13;Individual consumption expenditure of general government;PT;Portugal;2023;2023;4.6
A;Annual;CP_NAC_HAB;Current prices, units of national currency per capita;P31_S13;Individual consumption expenditure of general government;PT;Portugal;2023;2023;-0.6
A;Annual;CP_PPS_EU27_2020_HAB;Current prices, purchasing power standard (PPS, EU27 from 2020) per capita;P31_S13;Individual consumption expenditure of general government;PT;Portugal;2023;2023;-0.1
A;Annual;CLV_I20_HAB;Chain linked volumes, Index 2020=100, per capita;P31_S13;Individual consumption expenditure of general government;PT;Portugal;2023;2023;2.6
A;Annual;CLV_I15_HAB;Chain linked volumes, Index 2015=100, per capita;P31_S13;Individual consumption expenditure of general government;PT;Portugal;2023;2023;14.6
A;Annual;CLV_I10_HAB;Chain linked volumes, Index 2010=100, per capita;P31_S13;Individual consumption expenditure of general government;PT;Portugal;2023;2023;15.0
A;Annual;CLV20_EUR_HAB;Chain linked volumes (2020), euro per capita;P31_S13;Individual consumption expenditure of general government;PT;Portugal;2023;2023;10.0
A;Annual;CLV15_EUR_HAB;Chain linked volumes (2015), euro per capita;P31_S13;Individual consumption expenditure of general government;PT;Portugal;2023;2023;
A;Annual;CLV10_EUR_HAB;Chain linked volumes (2010), euro per capita;P31_S13;Individual consumption expenditure of general government;PT;Portugal;2023;2023;
A;Annual;CLV_PCH_PRE_HAB;Chain linked volumes, percentage change on previous period, per capita;P31_S13;Individual consumption expenditure of general government;PT;Portugal;2023;2023;
A;Annual;PC_EU27_2020_HAB_MEUR_CP;Percentage of EU27 (from 2020) total per capita (based on million euro, EU27 from 2020), current prices;P32_S13;Collective consumption expenditure of general government;PT;Portugal;2023;2023;
A;Annual;PC_EU27_2020_HAB_MPPS_CP;Percentage of EU27 (from 2020) total per capita (based on million purchasing power standards, EU27 from 2020), current prices;P32_S13;Collective consumption expenditure of general government;PT;Portugal;2023;2023;
A;Annual;CP_EUR_HAB;Current prices, euro per capita;P32_S13;Collective consumption expenditure of general government;PT;Portugal;2023;2023;
A;Annual;CP_NAC_HAB;Current prices, units of national currency per capita;P32_S13;Collective consumption expenditure of general government;PT;Portugal;2023;2023;
A;Annual;CP_PPS_EU27_2020_HAB;Current prices, purchasing power standard (PPS, EU27 from 2020) per capita;P32_S13;Collective consumption expenditure of general government;PT;Portugal;2023;2023;
A;Annual;CLV_I20_HAB;Chain linked volumes, Index 2020=100, per capita;P32_S13;Collective consumption expenditure of general government;PT;Portugal;2023;2023;
A;Annual;CLV_I15_HAB;Chain linked volumes, Index 2015=100, per capita;P32_S13;Collective consumption expenditure of general government;PT;Portugal;2023;2023;
A;Annual;CLV_I10_HAB;Chain linked volumes, Index 2010=100, per capita;P32_S13;Collective consumption expenditure of general government;PT;Portugal;2023;2023;
A;Annual;CLV20_EUR_HAB;Chain linked volumes (2020), euro per capita;P32_S13;Collective consumption expenditure of general government;PT;Portugal;2023;2023;
A;Annual;CLV15_EUR_HAB;Chain linked volumes (2015), euro per capita;P32_S13;Collective consumption expenditure of general government;PT;Portugal;2023;2023;
A;Annual;CLV10_EUR_HAB;Chain linked volumes (2010), euro per capita;P32_S13;Collective consumption expenditure of general government;PT;Portugal;2023;2023;
A;Annual;CLV_PCH_PRE_HAB;Chain linked volumes, percentage change on previous period, per capita;P32_S13;Collective consumption expenditure of general government;PT;Portugal;2023;2023;
A;Annual;PC_EU27_2020_HAB_MEUR_CP;Percentage of EU27 (from 2020) total per capita (based on million euro, EU27 from 2020), current prices;P31_S14_S15;Household and NPISH final consumption expenditure;PT;Portugal;2023;2023;
A;Annual;PC_EU27_2020_HAB_MPPS_CP;Percentage of EU27 (from 2020) total per capita (based on million purchasing power standards, EU27 from 2020), current prices;P31_S14_S15;Household and NPISH final consumption expenditure;PT;Portugal;2023;2023;
A;Annual;CP_EUR_HAB;Current prices, euro per capita;P31_S14_S15;Household and NPISH final consumption expenditure;PT;Portugal;2023;2023;
A;Annual;CP_NAC_HAB;Current prices, units of national currency per capita;P31_S14_S15;Household and NPISH final consumption expenditure;PT;Portugal;2023;2023;
A;Annual;CP_PPS_EU27_2020_HAB;Current prices, purchasing power standard (PPS, EU27 from 2020) per capita;P31_S14_S15;Household and NPISH final consumption expenditure;PT;Portugal;2023;2023;
A;Annual;CLV_I20_HAB;Chain linked volumes, Index 2020=100, per capita;P31_S14_S15;Household and NPISH final consumption expenditure;PT;Portugal;2023;2023;
A;Annual;CLV_I15_HAB;Chain linked volumes, Index 2015=100, per capita;P31_S14_S15;Household and NPISH final consumption expenditure;PT;Portugal;2023;2023;
A;Annual;CLV_I10_HAB;Chain linked volumes, Index 2010=100, per capita;P31_S14_S15;Household and NPISH final consumption expenditure;PT;Portugal;2023;2023;
A;Annual;CLV20_EUR_HAB;Chain linked volumes (2020), euro per capita;P31_S14_S15;Household and NPISH final consumption expenditure;PT;Portugal;2023;2023;
A;Annual;CLV15_EUR_HAB;Chain linked volumes (2015), euro per capita;P31_S14_S15;Household and NPISH final consumption expenditure;PT;Portugal;2023;2023;
A;Annual;CLV10_EUR_HAB;Chain linked volumes (2010), euro per capita;P31_S14_S15;Household and NPISH final consumption expenditure;PT;Portugal;2023;2023;
A;Annual;CLV_PCH_PRE_HAB;Chain linked volumes, percentage change on previous period, per capita;P31_S14_S15;Household and NPISH final consumption expenditure;PT;Portugal;2023;2023;
A;Annual;PC_EU27_2020_HAB_MEUR_CP;Percentage of EU27 (from 2020) total per capita (based on million euro, EU27 from 2020), current prices;P31_S14;Final consumption expenditure of households;PT;Portugal;2023;2023;
A;Annual;PC_EU27_2020_HAB_MPPS_CP;Percentage of EU27 (from 2020) total per capita (based on million purchasing power standards, EU27 from 2020), current prices;P31_S14;Final consumption expenditure of households;PT;Portugal;2023;2023;
A;Annual;CP_EUR_HAB;Current prices, euro per capita;P31_S14;Final consumption expenditure of households;PT;Portugal;2023;2023;
A;Annual;CP_NAC_HAB;Current prices, units of national currency per capita;P31_S14;Final consumption expenditure of households;PT;Portugal;2023;2023;
A;Annual;CP_PPS_EU27_2020_HAB;Current prices, purchasing power standard (PPS, EU27 from 2020) per capita;P31_S14;Final consumption expenditure of households;PT;Portugal;2023;2023;
A;Annual;CLV_I20_HAB;Chain linked volumes, Index 2020=100, per capita;P31_S14;Final consumption expenditure of households;PT;Portugal;2023;2023;
A;Annual;CLV_I15_HAB;Chain linked volumes, Index 2015=100, per capita;P31_S14;Final consumption expenditure of households;PT;Portugal;2023;2023;
A;Annual;CLV_I10_HAB;Chain linked volumes, Index 2010=100, per capita;P31_S14;Final consumption expenditure of households;PT;Portugal;2023;2023;
A;Annual;CLV20_EUR_HAB;Chain linked volumes (2020), euro per capita;P31_S14;Final consumption expenditure of households;PT;Portugal;2023;2023;
A;Annual;CLV15_EUR_HAB;Chain linked volumes (2015), euro per capita;P31_S14;Final consumption expenditure of households;PT;Portugal;2023;2023;
A;Annual;CLV10_EUR_HAB;Chain linked volumes (2010), euro per capita;P31_S14;Final consumption expenditure of households;PT;Portugal;2023;2023;
A;Annual;CLV_PCH_PRE_HAB;Chain linked volumes, percentage change on previous period, per capita;P31_S14;Final consumption expenditure of households;PT;Portugal;2023;2023;
A;Annual;PC_EU27_2020_HAB_MEUR_CP;Percentage of EU27 (from 2020) total per capita (based on million euro, EU27 from 2020), current prices;P31_S15;Final consumption expenditure of NPISH;PT;Portugal;2023;2023;
A;Annual;PC_EU27_2020_HAB_MPPS_CP;Percentage of EU27 (from 2020) total per capita (based on million purchasing power standards, EU27 from 2020), current prices;P31_S15;Final consumption expenditure of NPISH;PT;Portugal;2023;2023;
A;Annual;CP_EUR_HAB;Current prices, euro per capita;P31_S15;Final consumption expenditure of NPISH;PT;Portugal;2023;2023;
A;Annual;CP_NAC_HAB;Current prices, units of national currency per capita;P31_S15;Final consumption expenditure of NPISH;PT;Portugal;2023;2023;
A;Annual;CP_PPS_EU27_2020_HAB;Current prices, purchasing power standard (PPS, EU27 from 2020) per capita;P31_S15;Final consumption expenditure of NPISH;PT;Portugal;2023;2023;
A;Annual;CLV_I20_HAB;Chain linked volumes, Index 2020=100, per capita;P31_S15;Final consumption expenditure of NPISH;PT;Portugal;2023;2023;
A;Annual;CLV_I15_HAB;Chain linked volumes, Index 2015=100, per capita;P31_S15;Final consumption expenditure of NPISH;PT;Portugal;2023;2023;
A;Annual;CLV_I10_HAB;Chain linked volumes, Index 2010=100, per capita;P31_S15;Final consumption expenditure of NPISH;PT;Portugal;2023;2023;
A;Annual;CLV20_EUR_HAB;Chain linked volumes (2020), euro per capita;P31_S15;Final consumption expenditure of NPISH;PT;Portugal;2023;2023;
A;Annual;CLV15_EUR_HAB;Chain linked volumes (2015), euro per capita;P31_S15;Final consumption expenditure of NPISH;PT;Portugal;2023;2023;
A;Annual;CLV10_EUR_HAB;Chain linked volumes (2010), euro per capita;P31_S15;Final consumption expenditure of NPISH;PT;Portugal;2023;2023;
A;Annual;CLV_PCH_PRE_HAB;Chain linked volumes, percentage change on previous period, per capita;P31_S15;Final consumption expenditure of NPISH;PT;Portugal;2023;2023;
A;Annual;PC_EU27_2020_HAB_MEUR_CP;Percentage of EU27 (from 2020) total per capita (based on million euro, EU27 from 2020), current prices;P41;Actual individual consumption;PT;Portugal;2023;2023;
A;Annual;PC_EU27_2020_HAB_MPPS_CP;Percentage of EU27 (from 2020) total per capita (based on million purchasing power standards, EU27 from 2020), current prices;P41;Actual individual consumption;PT;Portugal;2023;2023;
A;Annual;CP_EUR_HAB;Current prices, euro per capita;P41;Actual individual consumption;PT;Portugal;2023;2023;
A;Annual;CP_NAC_HAB;Current prices, units of national currency per capita;P41;Actual individual consumption;PT;Portugal;2023;2023;
A;Annual;CP_PPS_EU27_2020_HAB;Current prices, purchasing power standard (PPS, EU27 from 2020) per capita;P41;Actual individual consumption;PT;Portugal;2023;2023;
A;Annual;CLV_I20_HAB;Chain linked volumes, Index 2020=100, per capita;P41;Actual individual consumption;PT;Portugal;2023;2023;
A;Annual;CLV_I15_HAB;Chain linked volumes, Index 2015=100, per capita;P41;Actual individual consumption;PT;Portugal;2023;2023;
A;Annual;CLV_I10_HAB;Chain linked volumes, Index 2010=100, per capita;P41;Actual individual consumption;PT;Portugal;2023;2023;
A;Annual;CLV20_EUR_HAB;Chain linked volumes (2020), euro per capita;P41;Actual individual consumption;PT;Portugal;2023;2023;
A;Annual;CLV15_EUR_HAB;Chain linked volumes (2015), euro per capita;P41;Actual individual consumption;PT;Portugal;2023;2023;
A;Annual;CLV10_EUR_HAB;Chain linked volumes (2010), euro per capita;P41;Actual individual consumption;PT;Portugal;2023;2023;
A;Annual;CLV_PCH_PRE_HAB;Chain linked volumes, percentage change on previous period, per capita;P41;Actual individual consumption;PT;Portugal;2023;2023;
A;Annual;PC_EU27_2020_HAB_MEUR_CP;Percentage of EU27 (from 2020) total per capita (based on million euro, EU27 from 2020), current prices;B1GQ;Gross domestic product at market prices;PT;Portugal;2024;2024;
A;Annual;PC_EU27_2020_HAB_MPPS_CP;Percentage of EU27 (from 2020) total per capita (based on million purchasing power standards, EU27 from 2020), current prices;B1GQ;Gross domestic product at market prices;PT;Portugal;2024;2024;
A;Annual;CP_EUR_HAB;Current prices, euro per capita;B1GQ;Gross domestic product at market prices;PT;Portugal;2024;2024;
A;Annual;CP_NAC_HAB;Current prices, units of national currency per capita;B1GQ;Gross domestic product at market prices;PT;Portugal;2024;2024;
A;Annual;CP_PPS_EU27_2020_HAB;Current prices, purchasing power standard (PPS, EU27 from 2020) per capita;B1GQ;Gross domestic product at market prices;PT;Portugal;2024;2024;
A;Annual;CLV_I20_HAB;Chain linked volumes, Index 2020=100, per capita;B1GQ;Gross domestic product at market prices;PT;Portugal;2024;2024;
A;Annual;CLV_I15_HAB;Chain linked volumes, Index 2015=100, per capita;B1GQ;Gross domestic product at market prices;PT;Portugal;2024;2024;
A;Annual;CLV_I10_HAB;Chain linked volumes, Index 2010=100, per capita;B1GQ;Gross domestic product at market prices;PT;Portugal;2024;2024;
A;Annual;CLV20_EUR_HAB;Chain linked volumes (2020), euro per capita;B1GQ;Gross domestic product at market prices;PT;Portugal;2024;2024;
A;Annual;CLV15_EUR_HAB;Chain linked volumes (2015), euro per capita;B1GQ;Gross domestic product at market prices;PT;Portugal;2024;2024;
A;Annual;CLV10_EUR_HAB;Chain linked volumes (2010), euro per capita;B1GQ;Gross domestic product at market prices;PT;Portugal;2024;2024;
A;Annual;CLV_PCH_PRE_HAB;Chain linked volumes, percentage change on previous period, per capita;B1GQ;Gross domestic product at market prices;PT;Portugal;2024;2024;
A;Annual;PC_EU27_2020_HAB_MEUR_CP;Percentage of EU27 (from 2020) total per capita (based on million euro, EU27 from 2020), current prices;P3;Final consumption expenditure;PT;Portugal;2024;2024;
A;Annual;PC_EU27_2020_HAB_MPPS_CP;Percentage of EU27 (from 2020) total per capita (based on million purchasing power standards, EU27 from 2020), current prices;P3;Final consumption expenditure;PT;Portugal;2024;2024;
A;Annual;CP_EUR_HAB;Current prices, euro per capita;P3;Final consumption expenditure;PT;Portugal;2024;2024;
A;Annual;CP_NAC_HAB;Current prices, units of national currency per capita;P3;Final consumption expenditure;PT;Portugal;2024;2024;2.0
A;Annual;CP_PPS_EU27_2020_HAB;Current prices, purchasing power standard (PPS, EU27 from 2020) per capita;P3;Final consumption expenditure;PT;Portugal;2024;2024;1.2
A;Annual;CLV_I20_HAB;Chain linked volumes, Index 2020=100, per capita;P3;Final consumption expenditure;PT;Portugal;2024;2024;2.8
A;Annual;CLV_I15_HAB;Chain linked volumes, Index 2015=100, per capita;P3;Final consumption expenditure;PT;Portugal;2024;2024;1.7
A;Annual;CLV_I10_HAB;Chain linked volumes, Index 2010=100, per capita;P3;Final consumption expenditure;PT;Portugal;2024;2024;2.3
A;Annual;CLV20_EUR_HAB;Chain linked volumes (2020), euro per capita;P3;Final consumption expenditure;PT;Portugal;2024;2024;0.6
A;Annual;CLV15_EUR_HAB;Chain linked volumes (2015), euro per capita;P3;Final consumption expenditure;PT;Portugal;2024;2024;0.7
A;Annual;CLV10_EUR_HAB;Chain linked volumes (2010), euro per capita;P3;Final consumption expenditure;PT;Portugal;2024;2024;0.7
A;Annual;CLV_PCH_PRE_HAB;Chain linked volumes, percentage change on previous period, per capita;P3;Final consumption expenditure;PT;Portugal;2024;2024;1.0
A;Annual;PC_EU27_2020_HAB_MEUR_CP;Percentage of EU27 (from 2020) total per capita (based on million euro, EU27 from 2020), current prices;P3_S13;Final consumption expenditure of general government;PT;Portugal;2024;2024;0.7
A;Annual;PC_EU27_2020_HAB_MPPS_CP;Percentage of EU27 (from 2020) total per capita (based on million purchasing power standards, EU27 from 2020), current prices;P3_S13;Final consumption expenditure of general government;PT;Portugal;2024;2024;0.9
A;Annual;CP_EUR_HAB;Current prices, euro per capita;P3_S13;Final consumption expenditure of general government;PT;Portugal;2024;2024;1.3
A;Annual;CP_NAC_HAB;Current prices, units of national currency per capita;P3_S13;Final consumption expenditure of general government;PT;Portugal;2024;2024;0.9
A;Annual;CP_PPS_EU27_2020_HAB;Current prices, purchasing power standard (PPS, EU27 from 2020) per capita;P3_S13;Final consumption expenditure of general government;PT;Portugal;2024;2024;0.8
A;Annual;CLV_I20_HAB;Chain linked volumes, Index 2020=100, per capita;P3_S13;Final consumption expenditure of general government;PT;Portugal;2024;2024;2.1
A;Annual;CLV_I15_HAB;Chain linked volumes, Index 2015=100, per capita;P3_S13;Final consumption expenditure of general government;PT;Portugal;2024;2024;-0.6
A;Annual;CLV_I10_HAB;Chain linked volumes, Index 2010=100, per capita;P3_S13;Final consumption expenditure of general government;PT;Portugal;2024;2024;0.7
A;Annual;CLV20_EUR_HAB;Chain linked volumes (2020), euro per capita;P3_S13;Final consumption expenditure of general government;PT;Portugal;2024;2024;0.7
A;Annual;CLV15_EUR_HAB;Chain linked volumes (2015), euro per capita;P3_S13;Final consumption expenditure of general government;PT;Portugal;2024;2024;0.7
A;Annual;CLV10_EUR_HAB;Chain linked volumes (2010), euro per capita;P3_S13;Final consumption expenditure of general government;PT;Portugal;2024;2024;0.9
A;Annual;CLV_PCH_PRE_HAB;Chain linked volumes, percentage change on previous period, per capita;P3_S13;Final consumption expenditure of general government;PT;Portugal;2024;2024;1.0
A;Annual;PC_EU27_2020_HAB_MEUR_CP;Percentage of EU27 (from 2020) total per capita (based on million euro, EU27 from 2020), current prices;P31_S13;Individual consumption expenditure of general government;PT;Portugal;2024;2024;1.3
A;Annual;PC_EU27_2020_HAB_MPPS_CP;Percentage of EU27 (from 2020) total per capita (based on million purchasing power standards, EU27 from 2020), current prices;P31_S13;Individual consumption expenditure of general government;PT;Portugal;2024;2024;1.0
A;Annual;CP_EUR_HAB;Current prices, euro per capita;P31_S13;Individual consumption expenditure of general government;PT;Portugal;2024;2024;1.0
A;Annual;CP_NAC_HAB;Current prices, units of national currency per capita;P31_S13;Individual consumption expenditure of general government;PT;Portugal;2024;2024;-6.4
A;Annual;CP_PPS_EU27_2020_HAB;Current prices, purchasing power standard (PPS, EU27 from 2020) per capita;P31_S13;Individual consumption expenditure of general government;PT;Portugal;2024;2024;5.0
A;Annual;CLV_I20_HAB;Chain linked volumes, Index 2020=100, per capita;P31_S13;Individual consumption expenditure of general government;PT;Portugal;2024;2024;2.8
A;Annual;CLV_I15_HAB;Chain linked volumes, Index 2015=100, per capita;P31_S13;Individual consumption expenditure of general government;PT;Portugal;2024;2024;0.8
A;Annual;CLV_I10_HAB;Chain linked volumes, Index 2010=100, per capita;P31_S13;Individual consumption expenditure of general government;PT;Portugal;2024;2024;1.4
A;Annual;CLV20_EUR_HAB;Chain linked volumes (2020), euro per capita;P31_S13;Individual consumption expenditure of general government;PT;Portugal;2024;2024;
A;Annual;CLV15_EUR_HAB;Chain linked volumes (2015), euro per capita;P31_S13;Individual consumption expenditure of general government;PT;Portugal;2024;2024;
A;Annual;CLV10_EUR_HAB;Chain linked volumes (2010), euro per capita;P31_S13;Individual consumption expenditure of general government;PT;Portugal;2024;2024;
A;Annual;CLV_PCH_PRE_HAB;Chain linked volumes, percentage change on previous period, per capita;P31_S13;Individual consumption expenditure of general government;PT;Portugal;2024;2024;
A;Annual;PC_EU27_2020_HAB_MEUR_CP;Percentage of EU27 (from 2020) total per capita (based on million euro, EU27 from 2020), current prices;P32_S13;Collective consumption expenditure of general government;PT;Portugal;2024;2024;
A;Annual;PC_EU27_2020_HAB_MPPS_CP;Percentage of EU27 (from 2020) total per capita (based on million purchasing power standards, EU27 from 2020), current prices;P32_S13;Collective consumption expenditure of general government;PT;Portugal;2024;2024;
A;Annual;CP_EUR_HAB;Current prices, euro per capita;P32_S13;Collective consumption expenditure of general government;PT;Portugal;2024;2024;
A;Annual;CP_NAC_HAB;Current prices, units of national currency per capita;P32_S13;Collective consumption expenditure of general government;PT;Portugal;2024;2024;
A;Annual;CP_PPS_EU27_2020_HAB;Current prices, purchasing power standard (PPS, EU27 from 2020) per capita;P32_S13;Collective consumption expenditure of general government;PT;Portugal;2024;2024;
A;Annual;CLV_I20_HAB;Chain linked volumes, Index 2020=100, per capita;P32_S13;Collective consumption expenditure of general government;PT;Portugal;2024;2024;
A;Annual;CLV_I15_HAB;Chain linked volumes, Index 2015=100, per capita;P32_S13;Collective consumption expenditure of general government;PT;Portugal;2024;2024;
A;Annual;CLV_I10_HAB;Chain linked volumes, Index 2010=100, per capita;P32_S13;Collective consumption expenditure of general government;PT;Portugal;2024;2024;
A;Annual;CLV20_EUR_HAB;Chain linked volumes (2020), euro per capita;P32_S13;Collective consumption expenditure of general government;PT;Portugal;2024;2024;
A;Annual;CLV15_EUR_HAB;Chain linked volumes (2015), euro per capita;P32_S13;Collective consumption expenditure of general government;PT;Portugal;2024;2024;
A;Annual;CLV10_EUR_HAB;Chain linked volumes (2010), euro per capita;P32_S13;Collective consumption expenditure of general government;PT;Portugal;2024;2024;
A;Annual;CLV_PCH_PRE_HAB;Chain linked volumes, percentage change on previous period, per capita;P32_S13;Collective consumption expenditure of general government;PT;Portugal;2024;2024;
A;Annual;PC_EU27_2020_HAB_MEUR_CP;Percentage of EU27 (from 2020) total per capita (based on million euro, EU27 from 2020), current prices;P31_S14_S15;Household and NPISH final consumption expenditure;PT;Portugal;2024;2024;
A;Annual;PC_EU27_2020_HAB_MPPS_CP;Percentage of EU27 (from 2020) total per capita (based on million purchasing power standards, EU27 from 2020), current prices;P31_S14_S15;Household and NPISH final consumption expenditure;PT;Portugal;2024;2024;
A;Annual;CP_EUR_HAB;Current prices, euro per capita;P31_S14_S15;Household and NPISH final consumption expenditure;PT;Portugal;2024;2024;
A;Annual;CP_NAC_HAB;Current prices, units of national currency per capita;P31_S14_S15;Household and NPISH final consumption expenditure;PT;Portugal;2024;2024;
A;Annual;CP_PPS_EU27_2020_HAB;Current prices, purchasing power standard (PPS, EU27 from 2020) per capita;P31_S14_S15;Household and NPISH final consumption expenditure;PT;Portugal;2024;2024;
A;Annual;CLV_I20_HAB;Chain linked volumes, Index 2020=100, per capita;P31_S14_S15;Household and NPISH final consumption expenditure;PT;Portugal;2024;2024;1.7
A;Annual;CLV_I15_HAB;Chain linked volumes, Index 2015=100, per capita;P31_S14_S15;Household and NPISH final consumption expenditure;PT;Portugal;2024;2024;-31.7
A;Annual;CLV_I10_HAB;Chain linked volumes, Index 2010=100, per capita;P31_S14_S15;Household and NPISH final consumption expenditure;PT;Portugal;2024;2024;1.1
A;Annual;CLV20_EUR_HAB;Chain linked volumes (2020), euro per capita;P31_S14_S15;Household and NPISH final consumption expenditure;PT;Portugal;2024;2024;6.0
A;Annual;CLV15_EUR_HAB;Chain linked volumes (2015), euro per capita;P31_S14_S15;Household and NPISH final consumption expenditure;PT;Portugal;2024;2024;7.4
A;Annual;CLV10_EUR_HAB;Chain linked volumes (2010), euro per capita;P31_S14_S15;Household and NPISH final consumption expenditure;PT;Portugal;2024;2024;11.3
A;Annual;CLV_PCH_PRE_HAB;Chain linked volumes, percentage change on previous period, per capita;P31_S14_S15;Household and NPISH final consumption expenditure;PT;Portugal;2024;2024;5.9
A;Annual;PC_EU27_2020_HAB_MEUR_CP;Percentage of EU27 (from 2020) total per capita (based on million euro, EU27 from 2020), current prices;P31_S14;Final consumption expenditure of households;PT;Portugal;2024;2024;7.3
A;Annual;PC_EU27_2020_HAB_MPPS_CP;Percentage of EU27 (from 2020) total per capita (based on million purchasing power standards, EU27 from 2020), current prices;P31_S14;Final consumption expenditure of households;PT;Portugal;2024;2024;8.8
A;Annual;CP_EUR_HAB;Current prices, euro per capita;P31_S14;Final consumption expenditure of households;PT;Portugal;2024;2024;6.4
A;Annual;CP_NAC_HAB;Current prices, units of national currency per capita;P31_S14;Final consumption expenditure of households;PT;Portugal;2024;2024;8.9
A;Annual;CP_PPS_EU27_2020_HAB;Current prices, purchasing power standard (PPS, EU27 from 2020) per capita;P31_S14;Final consumption expenditure of households;PT;Portugal;2024;2024;10.8
A;Annual;CLV_I20_HAB;Chain linked volumes, Index 2020=100, per capita;P31_S14;Final consumption expenditure of households;PT;Portugal;2024;2024;4.9
A;Annual;CLV_I15_HAB;Chain linked volumes, Index 2015=100, per capita;P31_S14;Final consumption expenditure of households;PT;Portugal;2024;2024;-4.3
A;Annual;CLV_I10_HAB;Chain linked volumes, Index 2010=100, per capita;P31_S14;Final consumption expenditure of households;PT;Portugal;2024;2024;2.5
A;Annual;CLV20_EUR_HAB;Chain linked volumes (2020), euro per capita;P31_S14;Final consumption expenditure of households;PT;Portugal;2024;2024;4.7
A;Annual;CLV15_EUR_HAB;Chain linked volumes (2015), euro per capita;P31_S14;Final consumption expenditure of households;PT;Portugal;2024;2024;4.1
A;Annual;CLV10_EUR_HAB;Chain linked volumes (2010), euro per capita;P31_S14;Final consumption expenditure of households;PT;Portugal;2024;2024;-2.1
A;Annual;CLV_PCH_PRE_HAB;Chain linked volumes, percentage change on previous period, per capita;P31_S14;Final consumption expenditure of households;PT;Portugal;2024;2024;2.7
A;Annual;PC_EU27_2020_HAB_MEUR_CP;Percentage of EU27 (from 2020) total per capita (based on million euro, EU27 from 2020), current prices;P31_S15;Final consumption expenditure of NPISH;PT;Portugal;2024;2024;3.7
A;Annual;PC_EU27_2020_HAB_MPPS_CP;Percentage of EU27 (from 2020) total per capita (based on million purchasing power standards, EU27 from 2020), current prices;P31_S15;Final consumption expenditure of NPISH;PT;Portugal;2024;2024;3.4
A;Annual;CP_EUR_HAB;Current prices, euro per capita;P31_S15;Final consumption expenditure of NPISH;PT;Portugal;2024;2024;3.9
A;Annual;CP_NAC_HAB;Current prices, units of national currency per capita;P31_S15;Final consumption expenditure of NPISH;PT;Portugal;2024;2024;5.0
A;Annual;CP_PPS_EU27_2020_HAB;Current prices, purchasing power standard (PPS, EU27 from 2020) per capita;P31_S15;Final consumption expenditure of NPISH;PT;Portugal;2024;2024;7.1
A;Annual;CLV_I20_HAB;Chain linked volumes, Index 2020=100, per capita;P31_S15;Final consumption expenditure of NPISH;PT;Portugal;2024;2024;2.0
A;Annual;CLV_I15_HAB;Chain linked volumes, Index 2015=100, per capita;P31_S15;Final consumption expenditure of NPISH;PT;Portugal;2024;2024;8.7
A;Annual;CLV_I10_HAB;Chain linked volumes, Index 2010=100, per capita;P31_S15;Final consumption expenditure of NPISH;PT;Portugal;2024;2024;4.7
A;Annual;CLV20_EUR_HAB;Chain linked volumes (2020), euro per capita;P31_S15;Final consumption expenditure of NPISH;PT;Portugal;2024;2024;1.4
A;Annual;CLV15_EUR_HAB;Chain linked volumes (2015), euro per capita;P31_S15;Final consumption expenditure of NPISH;PT;Portugal;2024;2024;4.9
A;Annual;CLV10_EUR_HAB;Chain linked volumes (2010), euro per capita;P31_S15;Final consumption expenditure of NPISH;PT;Portugal;2024;2024;
A;Annual;CLV_PCH_PRE_HAB;Chain linked volumes, percentage change on previous period, per capita;P31_S15;Final consumption expenditure of NPISH;PT;Portugal;2024;2024;
A;Annual;PC_EU27_2020_HAB_MEUR_CP;Percentage of EU27 (from 2020) total per capita (based on million euro, EU27 from 2020), current prices;P41;Actual individual consumption;PT;Portugal;2024;2024;
A;Annual;PC_EU27_2020_HAB_MPPS_CP;Percentage of EU27 (from 2020) total per capita (based on million purchasing power standards, EU27 from 2020), current prices;P41;Actual individual consumption;PT;Portugal;2024;2024;
A;Annual;CP_EUR_HAB;Current prices, euro per capita;P41;Actual individual consumption;PT;Portugal;2024;2024;
A;Annual;CP_NAC_HAB;Current prices, units of national currency per capita;P41;Actual individual consumption;PT;Portugal;2024;2024;
A;Annual;CP_PPS_EU27_2020_HAB;Current prices, purchasing power standard (PPS, EU27 from 2020) per capita;P41;Actual individual consumption;PT;Portugal;2024;2024;
A;Annual;CLV_I20_HAB;Chain linked volumes, Index 2020=100, per capita;P41;Actual individual consumption;PT;Portugal;2024;2024;
A;Annual;CLV_I15_HAB;Chain linked volumes, Index 2015=100, per capita;P41;Actual individual consumption;PT;Portugal;2024;2024;
A;Annual;CLV_I10_HAB;Chain linked volumes, Index 2010=100, per capita;P41;Actual individual consumption;PT;Portugal;2024;2024;
A;Annual;CLV20_EUR_HAB;Chain linked volumes (2020), euro per capita;P41;Actual individual consumption;PT;Portugal;2024;2024;
A;Annual;CLV15_EUR_HAB;Chain linked volumes (2015), euro per capita;P41;Actual individual consumption;PT;Portugal;2024;2024;
A;Annual;CLV10_EUR_HAB;Chain linked volumes (2010), euro per capita;P41;Actual individual consumption;PT;Portugal;2024;2024;
A;Annual;CLV_PCH_PRE_HAB;Chain linked volumes, percentage change on previous period, per capita;P41;Actual individual consumption;PT;Portugal;2024;2024;
