tempo;regiao;instituicao;localizacao_geografica;gastos_com_te_e_suplementos;gastos_com_pessoal;gastos_com_te_e_suplementos_no_total_gastos_com_pessoal
2018-01;Região de Saúde do Alentejo;Unidade Local de Saúde do Baixo Alentejo, EPE;38.014123, -7.8721227;451;4231;10.7
2018-01;Região de Saúde do Alentejo;Unidade Local de Saúde do Litoral Alentejano, EPE;38.0162314, -8.6956768;269;2280;11.8
2018-01;Região de Saúde LVT;Hospital de Vila Franca de Xira, PPP;38.977235, -8.984506;146;2833;5.2
2018-01;Região de Saúde Norte;Centro Hospitalar de São João, EPE;41.1831056, -8.6010558;1884;15469;12.2
2018-01;Região de Saúde Norte;Instituto Português Oncologia do Porto, EPE;41.1785642, -8.6062881;544;4668;11.7
2018-02;Região de Saúde do Alentejo;Hospital Espírito Santo de Évora, EPE;38.5684861, -7.9032848;1084;8169;13.3
2018-02;Região de Saúde do Algarve;Centro Hospitalar Universitário do Algarve,EPE;37.0238973, -7.9281554;2297;19841;11.6
2018-02;Região de Saúde Norte;Centro Hospitalar Entre Douro e Vouga, EPE;40.9293884, -8.5458794;1191;9564;12.5
2018-02;Região de Saúde Norte;Centro Hospitalar Póvoa de Varzim/Vila do Conde, EPE;41.3828711, -8.7589945;465;3787;12.3
2018-02;Região de Saúde Norte;Centro Hospitalar Vila Nova de Gaia/Espinho, EPE;41.1094138, -8.5972617;2260;17535;12.9
2018-02;Região de Saúde Norte;Hospital da Senhora da Oliveira, Guimarães, EPE;41.4387173, -8.3086907;820;8355;9.8
2018-02;Região de Saúde Norte;Unidade Local de Saúde do Nordeste, EPE;41.8056532, -6.7888197;1701;10245;16.6
2018-03;Região de Saúde do Centro;Centro Hospitalar de Leiria, EPE;39.7414812, -8.7982706;1634;15341;10.7
2018-03;Região de Saúde do Centro;Hospital Distrital da Figueira da Foz, EPE;40.117897, -8.8586755;470;4809;9.8
2018-03;Região de Saúde do Centro;Hospital Dr. Francisco Zagalo;40.8571967, -8.6318023;72;934;7.7
2018-03;Região de Saúde LVT;Centro Hospitalar Médio Tejo, EPE;39.478072, -8.5404429;1668;13973;11.9
2018-03;Região de Saúde LVT;Centro Hospitalar Psiquiátrico de Lisboa;38.7569771, -9.1460705;109;3574;3.1
2018-03;Região de Saúde Norte;Centro Hospitalar Entre Douro e Vouga, EPE;40.9293884, -8.5458794;1724;14340;12.0
2018-03;Região de Saúde Norte;Hospital da Senhora da Oliveira, Guimarães, EPE;41.4387173, -8.3086907;1224;12501;9.8
2018-03;Região de Saúde Norte;Hospital de Braga, PPP;41.56785, -8.398982;1274;20361;6.3
2018-03;Região de Saúde Norte;Unidade Local de Saúde de Matosinhos, EPE;41.1794456, -8.6745115;1828;20272;9.0
2018-04;Região de Saúde do Alentejo;Unidade Local de Saúde do Baixo Alentejo, EPE;38.014123, -7.8721227;1934;16987;11.4
2018-04;Região de Saúde do Alentejo;Unidade Local de Saúde do Litoral Alentejano, EPE;38.0162314, -8.6956768;1157;9198;12.6
2018-04;Região de Saúde do Centro;Centro Medicina de Reabilitação da Região Centro Rovisco Pais;40.297919, -8.7707806;88;1462;6.0
2018-04;Região de Saúde do Centro;Hospital Distrital da Figueira da Foz, EPE;40.117897, -8.8586755;618;6444;9.6
2018-04;Região de Saúde do Centro;Instituto Português Oncologia de Coimbra, EPE;40.2162514, -8.4103814;1040;9584;10.9
2018-04;Região de Saúde Norte;Centro Hospitalar de São João, EPE;41.1831056, -8.6010558;6832;60550;11.3
2018-04;Região de Saúde Norte;Centro Hospitalar Vila Nova de Gaia/Espinho, EPE;41.1094138, -8.5972617;4444;35070;12.7
2018-05;Região de Saúde do Alentejo;Unidade Local de Saúde do Baixo Alentejo, EPE;38.014123, -7.8721227;2424;21352;11.4
2018-05;Região de Saúde do Algarve;Centro Hospitalar Universitário do Algarve,EPE;37.0238973, -7.9281554;3693;47215;7.8
2018-05;Região de Saúde do Centro;Centro Hospitalar de Leiria, EPE;39.7414812, -8.7982706;2563;25470;10.1
2018-05;Região de Saúde do Centro;Hospital Arcebispo João Crisóstomo;40.3470015, -8.5933462;28;1024;2.8
2018-05;Região de Saúde do Centro;Hospital Distrital da Figueira da Foz, EPE;40.117897, -8.8586755;763;8057;9.5
2018-05;Região de Saúde Norte;Centro Hospitalar de São João, EPE;41.1831056, -8.6010558;8536;75827;11.3
2018-05;Região de Saúde Norte;Centro Hospitalar do Médio Ave, EPE;41.3423984, -8.4802503;1465;13981;10.5
2018-05;Região de Saúde Norte;Centro Hospitalar Trás-os-Montes e Alto Douro, EPE;41.3031784, -7.7515252;3886;33004;11.8
2018-05;Região de Saúde Norte;Hospital Santa Maria Maior, EPE;41.5324234, -8.6171561;490;6283;7.8
2018-05;Região de Saúde Norte;Unidade Local de Saúde do Nordeste, EPE;41.8056532, -6.7888197;4134;25643;16.1
2018-06;Região de Saúde do Centro;Centro Hospitalar Tondela-Viseu, EPE;40.516364, -8.0827433;3851;36861;10.4
2018-06;Região de Saúde LVT;Centro Hospitalar do Oeste;39.4054629, -9.1258493;2713;20478;13.2
2018-06;Região de Saúde LVT;Instituto Português Oncologia de Lisboa, EPE;38.7396768, -9.1634516;3337;26939;12.4
2018-06;Região de Saúde Norte;Unidade Local de Saúde do Alto Minho, EPE;41.7056054, -8.8252713;5172;43144;12.0
2018-07;Região de Saúde do Alentejo;Hospital Espírito Santo de Évora, EPE;38.5684861, -7.9032848;4156;26832;15.5
2018-07;Região de Saúde do Algarve;Centro Hospitalar Universitário do Algarve,EPE;37.0238973, -7.9281554;6195;60356;10.3
2018-07;Região de Saúde do Centro;Centro Medicina de Reabilitação da Região Centro Rovisco Pais;40.297919, -8.7707806;213;2894;7.4
2018-07;Região de Saúde do Centro;Unidade Local de Saúde da Guarda, EPE;40.5309916, -7.2734793;5835;34027;17.1
2018-07;Região de Saúde LVT;Hospital Distrital de Santarém, EPE;39.2410946, -8.6937515;4059;25643;15.8
2018-08;Região de Saúde do Alentejo;Unidade Local de Saúde do Litoral Alentejano, EPE;38.0162314, -8.6956768;2265;16870;13.4
2018-08;Região de Saúde do Centro;Centro Hospitalar do Baixo Vouga, EPE;40.6362453, -8.6543716;4949;36555;13.5
2018-08;Região de Saúde Norte;Centro Hospitalar do Porto, EPE;41.1472498, -8.6172617;11339;96134;11.8
2018-08;Região de Saúde Norte;Centro Hospitalar Trás-os-Montes e Alto Douro, EPE;41.3031784, -7.7515252;6089;48678;12.5
2018-08;Região de Saúde Norte;Hospital de Braga, PPP;41.56785, -8.398982;3656;55340;6.6
2018-08;Região de Saúde Norte;Hospital Santa Maria Maior, EPE;41.5324234, -8.6171561;752;9134;8.2
2018-08;Região de Saúde Norte;Unidade Local de Saúde do Nordeste, EPE;41.8056532, -6.7888197;6715;37824;17.8
2018-09;Região de Saúde do Centro;Centro Medicina de Reabilitação da Região Centro Rovisco Pais;40.297919, -8.7707806;310;3628;8.6
2018-09;Região de Saúde do Centro;Hospital Distrital da Figueira da Foz, EPE;40.117897, -8.8586755;1517;13530;11.2
2018-09;Região de Saúde LVT;Centro Hospitalar de Lisboa Ocidental, EPE;38.708454, -9.216985;8901;80245;11.1
2018-09;Região de Saúde Norte;Centro Hospitalar do Médio Ave, EPE;41.3423984, -8.4802503;2875;23584;12.2
2018-09;Região de Saúde Norte;Hospital de Braga, PPP;41.56785, -8.398982;4103;62403;6.6
2018-09;Região de Saúde Norte;Hospital Santa Maria Maior, EPE;41.5324234, -8.6171561;843;10235;8.2
2018-09;Região de Saúde Norte;Unidade Local de Saúde de Matosinhos, EPE;41.1794456, -8.6745115;5973;56962;10.5
2018-09;Região de Saúde Norte;Unidade Local de Saúde do Nordeste, EPE;41.8056532, -6.7888197;7655;43267;17.7
2018-10;Região de Saúde do Alentejo;Unidade Local de Saúde do Baixo Alentejo, EPE;38.014123, -7.8721227;5527;40738;13.6
2018-10;Região de Saúde do Centro;Unidade Local de Saúde de Castelo Branco, EPE;39.8212263, -7.4981271;5284;35879;14.7
2018-10;Região de Saúde Norte;Centro Hospitalar de São João, EPE;41.1831056, -8.6010558;18393;144845;12.7
2018-10;Região de Saúde Norte;Centro Hospitalar do Porto, EPE;41.1472498, -8.6172617;14322;121012;11.8
2018-10;Região de Saúde Norte;Hospital de Braga, PPP;41.56785, -8.398982;4672;69738;6.7
2018-10;Região de Saúde Norte;Unidade Local de Saúde de Matosinhos, EPE;41.1794456, -8.6745115;6767;63900;10.6
2018-10;Região de Saúde Norte;Unidade Local de Saúde do Nordeste, EPE;41.8056532, -6.7888197;8557;48755;17.6
2018-11;Região de Saúde do Algarve;Centro Hospitalar Universitário do Algarve,EPE;37.0238973, -7.9281554;12580;109421;11.5
2018-11;Região de Saúde do Centro;Hospital Arcebispo João Crisóstomo;40.3470015, -8.5933462;69;2271;3.0
2018-11;Região de Saúde LVT;Hospital Distrital de Santarém, EPE;39.2410946, -8.6937515;6688;44990;14.9
2018-11;Região de Saúde Norte;Hospital de Magalhães Lemos, EPE;41.1764649, -8.6649823;437;10115;4.3
2018-11;Região de Saúde Norte;Unidade Local de Saúde de Matosinhos, EPE;41.1794456, -8.6745115;7612;70767;10.8
2018-12;Região de Saúde do Centro;Centro Hospitalar do Baixo Vouga, EPE;40.6362453, -8.6543716;7781;57450;13.5
2018-12;Região de Saúde do Centro;Centro Hospitalar Tondela-Viseu, EPE;40.516364, -8.0827433;10518;76361;13.8
2018-12;Região de Saúde do Centro;Instituto Português Oncologia de Coimbra, EPE;40.2162514, -8.4103814;3439;29982;11.5
2018-12;Região de Saúde LVT;Centro Hospitalar Médio Tejo, EPE;39.478072, -8.5404429;7011;53760;13.0
2018-12;Região de Saúde LVT;Hospital de Loures, PPP;38.821455, -9.176296;2592;47516;5.5
2018-12;Região de Saúde LVT;Hospital Distrital de Santarém, EPE;39.2410946, -8.6937515;7219;49052;14.7
2018-12;Região de Saúde LVT;Hospital Garcia de Orta, EPE;38.6658713, -9.1822554;12352;84584;14.6
2018-12;Região de Saúde LVT;Instituto Português Oncologia de Lisboa, EPE;38.7396768, -9.1634516;7102;57881;12.3
2019-01;Região de Saúde do Alentejo;Unidade Local de Saúde do Norte Alentejano, EPE;39.3003425, -7.4263845;1124;4772;23.6
2019-01;Região de Saúde do Centro;Centro Hospitalar Cova da Beira, EPE;40.2804158, -7.4922407;572;3284;17.4
2019-01;Região de Saúde do Centro;Centro Hospitalar de Leiria, EPE;39.7414812, -8.7982706;1019;6068;16.8
2019-01;Região de Saúde do Centro;Centro Hospitalar Tondela-Viseu, EPE;40.516364, -8.0827433;840;6498;12.9
2019-01;Região de Saúde do Centro;Hospital Arcebispo João Crisóstomo;40.3470015, -8.5933462;7;247;3.1
2019-01;Região de Saúde LVT;Centro Hospitalar Médio Tejo, EPE;39.478072, -8.5404429;604;4883;12.4
2019-01;Região de Saúde LVT;Hospital de Vila Franca de Xira, PPP;38.977235, -8.984506;172;3195;5.4
2019-01;Região de Saúde Norte;Centro Hospitalar do Porto, EPE;41.1472498, -8.6172617;1282;12071;10.6
2019-01;Região de Saúde Norte;Centro Hospitalar Tâmega e Sousa, EPE;41.2494561, -8.264901;894;5741;15.6
2019-01;Região de Saúde Norte;Hospital da Senhora da Oliveira, Guimarães, EPE;41.4387173, -8.3086907;602;4657;12.9
2019-01;Região de Saúde Norte;Hospital Santa Maria Maior, EPE;41.5324234, -8.6171561;0;163;0.0
2019-01;Região de Saúde Norte;Instituto Português Oncologia do Porto, EPE;41.1785642, -8.6062881;650;5443;12.0
2019-01;Região de Saúde Norte;Unidade Local de Saúde do Alto Minho, EPE;41.7056054, -8.8252713;990;7553;13.1
2019-02;Região de Saúde do Alentejo;Unidade Local de Saúde do Baixo Alentejo, EPE;38.014123, -7.8721227;1274;8984;14.2
2019-02;Região de Saúde do Centro;Centro Hospitalar do Baixo Vouga, EPE;40.6362453, -8.6543716;1408;10504;13.4
2019-02;Região de Saúde do Centro;Hospital Dr. Francisco Zagalo;40.8571967, -8.6318023;67;786;8.6
2019-02;Região de Saúde do Centro;Unidade Local de Saúde da Guarda, EPE;40.5309916, -7.2734793;2441;13621;17.9
2019-02;Região de Saúde LVT;Centro Hospitalar Barreiro/Montijo, EPE;38.6554005, -9.0592392;1184;9554;12.4
2019-02;Região de Saúde LVT;Centro Hospitalar de Lisboa Central, EPE;38.7166948, -9.1371248;5283;42040;12.6
2019-02;Região de Saúde LVT;Centro Hospitalar de Setúbal, EPE;38.5283754, -8.8818638;1427;10992;13.0
2019-02;Região de Saúde LVT;Hospital Distrital de Santarém, EPE;39.2410946, -8.6937515;1563;8718;17.9
2019-02;Região de Saúde LVT;Hospital Garcia de Orta, EPE;38.6658713, -9.1822554;1531;13408;11.4
2019-02;Região de Saúde LVT;Instituto Gama Pinto;38.7218793, -9.144249;82;595;13.9
2019-02;Região de Saúde Norte;Centro Hospitalar do Médio Ave, EPE;41.3423984, -8.4802503;862;6060;14.2
2019-02;Região de Saúde Norte;Centro Hospitalar Póvoa de Varzim/Vila do Conde, EPE;41.3828711, -8.7589945;624;3822;16.3
2019-02;Região de Saúde Norte;Hospital de Braga, PPP;41.56785, -8.398982;997;14298;7.0
2019-03;Região de Saúde do Alentejo;Hospital Espírito Santo de Évora, EPE;38.5684861, -7.9032848;2565;13751;18.7
2019-03;Região de Saúde do Alentejo;Unidade Local de Saúde do Baixo Alentejo, EPE;38.014123, -7.8721227;1870;13474;13.9
2019-03;Região de Saúde do Alentejo;Unidade Local de Saúde do Norte Alentejano, EPE;39.3003425, -7.4263845;3162;14272;22.2
2019-03;Região de Saúde do Centro;Centro Hospitalar Tondela-Viseu, EPE;40.516364, -8.0827433;2930;20287;14.4
2019-03;Região de Saúde do Centro;Unidade Local de Saúde da Guarda, EPE;40.5309916, -7.2734793;3224;19346;16.7
2019-03;Região de Saúde LVT;Centro Hospitalar de Lisboa Central, EPE;38.7166948, -9.1371248;7295;62398;11.7
2019-03;Região de Saúde LVT;Centro Hospitalar de Lisboa Ocidental, EPE;38.708454, -9.216985;3586;31070;11.5
2019-03;Região de Saúde LVT;Centro Hospitalar de Setúbal, EPE;38.5283754, -8.8818638;2069;16563;12.5
2019-03;Região de Saúde LVT;Centro Hospitalar do Oeste, EPE;39.4054629, -9.1258493;1706;12755;13.4
2019-03;Região de Saúde Norte;Centro Hospitalar do Médio Ave, EPE;41.3423984, -8.4802503;1258;9076;13.9
2019-03;Região de Saúde Norte;Centro Hospitalar Vila Nova de Gaia/Espinho, EPE;41.1094138, -8.5972617;3548;29587;12.0
2019-03;Região de Saúde Norte;Hospital da Senhora da Oliveira, Guimarães, EPE;41.4387173, -8.3086907;1788;13813;13.0
2019-03;Região de Saúde Norte;Unidade Local de Saúde do Alto Minho, EPE;41.7056054, -8.8252713;3320;23212;14.3
2019-03;Região de Saúde Norte;Unidade Local de Saúde do Nordeste, EPE;41.8056532, -6.7888197;2837;16313;17.4
2019-04;Região de Saúde do Alentejo;Hospital Espírito Santo de Évora, EPE;38.5684861, -7.9032848;3278;17862;18.4
2019-04;Região de Saúde do Centro;Centro Hospitalar Tondela-Viseu, EPE;40.516364, -8.0827433;3857;26981;14.3
2019-04;Região de Saúde do Centro;Hospital Arcebispo João Crisóstomo;40.3470015, -8.5933462;44;1020;4.3
2019-04;Região de Saúde do Centro;Hospital Distrital da Figueira da Foz, EPE;40.117897, -8.8586755;915;7483;12.2
2019-04;Região de Saúde do Centro;Unidade Local de Saúde de Castelo Branco, EPE;39.8212263, -7.4981271;2223;14823;15.0
2019-04;Região de Saúde LVT;Centro Hospitalar de Lisboa Central, EPE;38.7166948, -9.1371248;10370;84294;12.3
2019-04;Região de Saúde LVT;Hospital Garcia de Orta, EPE;38.6658713, -9.1822554;4027;28426;14.2
2019-04;Região de Saúde LVT;Instituto Gama Pinto;38.7218793, -9.144249;309;1368;22.6
2019-04;Região de Saúde Norte;Centro Hospitalar do Porto, EPE;41.1472498, -8.6172617;5827;49655;11.7
2019-04;Região de Saúde Norte;Hospital de Braga, PPP;41.56785, -8.398982;2260;29593;7.6
2019-04;Região de Saúde Norte;Hospital Santa Maria Maior, EPE;41.5324234, -8.6171561;357;4278;8.3
2019-04;Região de Saúde Norte;Instituto Português Oncologia do Porto, EPE;41.1785642, -8.6062881;1678;22239;7.5
2019-05;Região de Saúde do Alentejo;Unidade Local de Saúde do Norte Alentejano, EPE;39.3003425, -7.4263845;4522;22964;19.7
2019-05;Região de Saúde do Algarve;Centro Hospitalar Universitário do Algarve,EPE;37.0238973, -7.9281554;5162;35484;14.5
2019-05;Região de Saúde do Centro;Centro Hospitalar Cova da Beira, EPE;40.2804158, -7.4922407;2855;16549;17.3
2019-05;Região de Saúde do Centro;Hospital Distrital da Figueira da Foz, EPE;40.117897, -8.8586755;1227;9487;12.9
2019-05;Região de Saúde do Centro;Hospital Dr. Francisco Zagalo;40.8571967, -8.6318023;146;2035;7.2
2019-05;Região de Saúde LVT;Centro Hospitalar Lisboa Norte, EPE;38.7500861, -9.1616116;13538;86124;15.7
2019-05;Região de Saúde LVT;Centro Hospitalar Médio Tejo, EPE;39.478072, -8.5404429;3582;25431;14.1
2019-05;Região de Saúde LVT;Centro Hospitalar Psiquiátrico de Lisboa;38.7569771, -9.1460705;361;7018;5.2
2019-05;Região de Saúde Norte;Hospital da Senhora da Oliveira, Guimarães, EPE;41.4387173, -8.3086907;3264;23419;13.9
2019-05;Região de Saúde Norte;Hospital Santa Maria Maior, EPE;41.5324234, -8.6171561;479;5643;8.5
2019-05;Região de Saúde Norte;Instituto Português Oncologia do Porto, EPE;41.1785642, -8.6062881;2332;28148;8.3
2019-06;Região de Saúde do Alentejo;Hospital Espírito Santo de Évora, EPE;38.5684861, -7.9032848;4910;25314;19.4
2019-06;Região de Saúde do Algarve;Centro Hospitalar Universitário do Algarve,EPE;37.0238973, -7.9281554;10274;59572;17.2
2019-06;Região de Saúde do Centro;Centro Hospitalar do Baixo Vouga, EPE;40.6362453, -8.6543716;4340;28912;15.0
2019-06;Região de Saúde do Centro;Unidade Local de Saúde de Castelo Branco, EPE;39.8212263, -7.4981271;3456;22426;15.4
2019-06;Região de Saúde LVT;Centro Hospitalar de Lisboa Ocidental, EPE;38.708454, -9.216985;7469;54895;13.6
2019-06;Região de Saúde LVT;Hospital Garcia de Orta, EPE;38.6658713, -9.1822554;6109;43265;14.1
2019-06;Região de Saúde Norte;Hospital Santa Maria Maior, EPE;41.5324234, -8.6171561;707;5940;11.9
2019-07;Região de Saúde do Alentejo;Hospital Espírito Santo de Évora, EPE;38.5684861, -7.9032848;5726;30041;19.1
2019-07;Região de Saúde do Alentejo;Unidade Local de Saúde do Litoral Alentejano, EPE;38.0162314, -8.6956768;2318;15621;14.8
2019-07;Região de Saúde do Centro;Unidade Local de Saúde de Castelo Branco, EPE;39.8212263, -7.4981271;4020;26284;15.3
2019-07;Região de Saúde LVT;Centro Hospitalar de Setúbal, EPE;38.5283754, -8.8818638;5421;35707;15.2
2019-07;Região de Saúde LVT;Hospital de Vila Franca de Xira, PPP;38.977235, -8.984506;1174;21918;5.4
2019-07;Região de Saúde LVT;Instituto Português Oncologia de Lisboa, EPE;38.7396768, -9.1634516;4869;33856;14.4
2019-07;Região de Saúde Norte;Centro Hospitalar Trás-os-Montes e Alto Douro, EPE;41.3031784, -7.7515252;7552;46098;16.4
2019-07;Região de Saúde Norte;Hospital de Braga, PPP;41.56785, -8.398982;4017;49730;8.1
2019-08;Região de Saúde do Alentejo;Unidade Local de Saúde do Litoral Alentejano, EPE;38.0162314, -8.6956768;2728;18283;14.9
2019-08;Região de Saúde do Algarve;Centro Hospitalar Universitário do Algarve,EPE;37.0238973, -7.9281554;13637;81684;16.7
2019-08;Região de Saúde do Centro;Centro Hospitalar do Baixo Vouga, EPE;40.6362453, -8.6543716;6003;39972;15.0
2019-08;Região de Saúde do Centro;Centro Medicina de Reabilitação da Região Centro Rovisco Pais;40.297919, -8.7707806;259;3309;7.8
2019-08;Região de Saúde LVT;Centro Hospitalar Barreiro/Montijo, EPE;38.6554005, -9.0592392;4767;35533;13.4
2019-08;Região de Saúde LVT;Centro Hospitalar de Lisboa Ocidental, EPE;38.708454, -9.216985;10227;77054;13.3
2019-08;Região de Saúde Norte;Centro Hospitalar Entre Douro e Vouga, EPE;40.9293884, -8.5458794;7340;39742;18.5
2019-08;Região de Saúde Norte;Centro Hospitalar Póvoa de Varzim/Vila do Conde, EPE;41.3828711, -8.7589945;2706;15498;17.5
2019-08;Região de Saúde Norte;Unidade Local de Saúde do Nordeste, EPE;41.8056532, -6.7888197;7396;39712;18.6
2019-09;Região de Saúde do Centro;Centro Hospitalar Cova da Beira, EPE;40.2804158, -7.4922407;5222;30226;17.3
2019-09;Região de Saúde do Centro;Centro Hospitalar de Leiria, EPE;39.7414812, -8.7982706;6541;48596;13.5
2019-09;Região de Saúde do Centro;Centro Hospitalar do Baixo Vouga, EPE;40.6362453, -8.6543716;6686;45599;14.7
2019-09;Região de Saúde LVT;Hospital de Vila Franca de Xira, PPP;38.977235, -8.984506;1513;28459;5.3
2019-09;Região de Saúde LVT;Hospital Garcia de Orta, EPE;38.6658713, -9.1822554;9773;67207;14.5
2019-09;Região de Saúde Norte;Hospital da Senhora da Oliveira, Guimarães, EPE;41.4387173, -8.3086907;6006;42527;14.1
2019-09;Região de Saúde Norte;Hospital de Magalhães Lemos, EPE;41.1764649, -8.6649823;571;9102;6.3
2019-10;Região de Saúde do Centro;Centro Hospitalar Cova da Beira, EPE;40.2804158, -7.4922407;5824;33640;17.3
2019-10;Região de Saúde do Centro;Hospital Arcebispo João Crisóstomo;40.3470015, -8.5933462;122;2345;5.2
2019-10;Região de Saúde LVT;Centro Hospitalar do Oeste, EPE;39.4054629, -9.1258493;6051;40373;15.0
2019-10;Região de Saúde LVT;Hospital Garcia de Orta, EPE;38.6658713, -9.1822554;11089;75604;14.7
2019-10;Região de Saúde LVT;Instituto Gama Pinto;38.7218793, -9.144249;895;3375;26.5
2019-10;Região de Saúde Norte;Centro Hospitalar de São João, EPE;41.1831056, -8.6010558;24033;169308;14.2
2019-10;Região de Saúde Norte;Centro Hospitalar Tâmega e Sousa, EPE;41.2494561, -8.264901;8998;54207;16.6
2019-10;Região de Saúde Norte;Centro Hospitalar Trás-os-Montes e Alto Douro, EPE;41.3031784, -7.7515252;10849;69099;15.7
2019-11;Região de Saúde do Alentejo;Hospital Espírito Santo de Évora, EPE;38.5684861, -7.9032848;8922;48478;18.4
2019-11;Região de Saúde do Centro;Centro Hospitalar e Universitário de Coimbra, EPE;40.2191523, -8.4098211;33595;241119;13.9
2019-11;Região de Saúde LVT;Centro Hospitalar de Lisboa Ocidental, EPE;38.708454, -9.216985;14205;116785;12.2
2019-11;Região de Saúde Norte;Unidade Local de Saúde do Nordeste, EPE;41.8056532, -6.7888197;10400;59669;17.4
2019-12;Região de Saúde do Alentejo;Hospital Espírito Santo de Évora, EPE;38.5684861, -7.9032848;9459;54050;17.5
2019-12;Região de Saúde do Alentejo;Unidade Local de Saúde do Norte Alentejano, EPE;39.3003425, -7.4263845;7772;52234;14.9
2019-12;Região de Saúde do Algarve;Centro Hospitalar Universitário do Algarve,EPE;37.0238973, -7.9281554;20937;135426;15.5
2019-12;Região de Saúde do Centro;Instituto Português Oncologia de Coimbra, EPE;40.2162514, -8.4103814;3821;32171;11.9
2019-12;Região de Saúde LVT;Centro Hospitalar de Lisboa Ocidental, EPE;38.708454, -9.216985;15525;127595;12.2
2019-12;Região de Saúde LVT;Hospital de Vila Franca de Xira, PPP;38.977235, -8.984506;2195;38428;5.7
2019-12;Região de Saúde Norte;Centro Hospitalar de São João, EPE;41.1831056, -8.6010558;29769;204871;14.5
2019-12;Região de Saúde Norte;Centro Hospitalar Póvoa de Varzim/Vila do Conde, EPE;41.3828711, -8.7589945;4137;24896;16.6
2019-12;Região de Saúde Norte;Hospital Santa Maria Maior, EPE;41.5324234, -8.6171561;1646;16923;9.7
2020-01;Região de Saúde do Algarve;Centro Hospitalar Universitário do Algarve,EPE;37.0238973, -7.9281554;1817;11528;15.8
2020-01;Região de Saúde do Centro;Hospital Dr. Francisco Zagalo;40.8571967, -8.6318023;44;468;9.5
2020-01;Região de Saúde LVT;Hospital de Vila Franca de Xira, PPP;38.977235, -8.984506;178;3250;5.5
2020-01;Região de Saúde LVT;Hospital Distrital de Santarém, EPE;39.2410946, -8.6937515;755;4422;17.1
2020-02;Região de Saúde LVT;Instituto Gama Pinto;38.7218793, -9.144249;92;675;13.7
2020-02;Região de Saúde Norte;Centro Hospitalar do Porto, EPE;41.1472498, -8.6172617;3994;26816;14.9
2020-02;Região de Saúde Norte;Hospital Santa Maria Maior, EPE;41.5324234, -8.6171561;256;2853;9.0
2020-03;Região de Saúde do Alentejo;Hospital Espírito Santo de Évora, EPE;38.5684861, -7.9032848;2390;14624;16.3
2020-03;Região de Saúde do Alentejo;Unidade Local de Saúde do Baixo Alentejo, EPE;38.014123, -7.8721227;1980;14494;13.7
2020-03;Região de Saúde do Centro;Centro Hospitalar Cova da Beira, EPE;40.2804158, -7.4922407;1835;10613;17.3
2020-03;Região de Saúde do Centro;Hospital Arcebispo João Crisóstomo;40.3470015, -8.5933462;38;778;4.9
2020-03;Região de Saúde LVT;Centro Hospitalar Barreiro/Montijo, EPE;38.6554005, -9.0592392;1905;15004;12.7
2020-03;Região de Saúde LVT;Centro Hospitalar de Lisboa Ocidental, EPE;38.708454, -9.216985;3982;32786;12.1
2020-03;Região de Saúde LVT;Centro Hospitalar de Setúbal, EPE;38.5283754, -8.8818638;2705;17874;15.1
2020-03;Região de Saúde LVT;Centro Hospitalar do Oeste, EPE;39.4054629, -9.1258493;1867;13502;13.8
2020-03;Região de Saúde LVT;Hospital Garcia de Orta, EPE;38.6658713, -9.1822554;3069;23093;13.3
2020-03;Região de Saúde LVT;Instituto Português Oncologia de Lisboa, EPE;38.7396768, -9.1634516;1898;16261;11.7
2020-03;Região de Saúde Norte;Centro Hospitalar Trás-os-Montes e Alto Douro, EPE;41.3031784, -7.7515252;4528;24690;18.3
2020-03;Região de Saúde Norte;Hospital da Senhora da Oliveira, Guimarães, EPE;41.4387173, -8.3086907;2042;14754;13.8
2020-03;Região de Saúde Norte;Hospital de Magalhães Lemos, EPE;41.1764649, -8.6649823;189;3229;5.9
2020-04;Região de Saúde do Centro;Centro Hospitalar Cova da Beira, EPE;40.2804158, -7.4922407;2504;14217;17.6
2020-04;Região de Saúde LVT;Hospital de Vila Franca de Xira, PPP;38.977235, -8.984506;771;12850;6.0
2020-04;Região de Saúde LVT;Instituto Português Oncologia de Lisboa, EPE;38.7396768, -9.1634516;2500;21485;11.6
2020-04;Região de Saúde Norte;Centro Hospitalar de São João, EPE;41.1831056, -8.6010558;9352;70181;13.3
2020-04;Região de Saúde Norte;Hospital da Senhora da Oliveira, Guimarães, EPE;41.4387173, -8.3086907;2498;19420;12.9
2020-04;Região de Saúde Norte;Hospital de Braga, EPE;41.56785, -8.398982;3575;33115;10.8
2020-05;Região de Saúde do Algarve;Centro Hospitalar Universitário do Algarve,EPE;37.0238973, -7.9281554;8588;56579;15.2
2020-05;Região de Saúde do Centro;Centro Hospitalar do Baixo Vouga, EPE;40.6362453, -8.6543716;3259;27554;11.8
2020-05;Região de Saúde do Centro;Hospital Arcebispo João Crisóstomo;40.3470015, -8.5933462;65;1283;5.1
2020-05;Região de Saúde LVT;Centro Hospitalar Barreiro/Montijo, EPE;38.6554005, -9.0592392;3163;24970;12.7
2020-05;Região de Saúde LVT;Centro Hospitalar de Setúbal, EPE;38.5283754, -8.8818638;4637;29727;15.6
2020-05;Região de Saúde LVT;Centro Hospitalar Lisboa Norte, EPE;38.7500861, -9.1616116;15822;89799;17.6
2020-05;Região de Saúde LVT;Centro Hospitalar Médio Tejo, EPE;39.478072, -8.5404429;3838;27229;14.1
2020-05;Região de Saúde LVT;Hospital de Vila Franca de Xira, PPP;38.977235, -8.984506;1004;15991;6.3
2020-05;Região de Saúde LVT;Instituto Gama Pinto;38.7218793, -9.144249;224;1808;12.4
2020-05;Região de Saúde Norte;Hospital da Senhora da Oliveira, Guimarães, EPE;41.4387173, -8.3086907;3177;24568;12.9
2020-05;Região de Saúde Norte;Hospital de Magalhães Lemos, EPE;41.1764649, -8.6649823;348;5416;6.4
2020-06;Região de Saúde do Alentejo;Unidade Local de Saúde do Baixo Alentejo, EPE;38.014123, -7.8721227;4167;26107;16.0
2020-06;Região de Saúde do Algarve;Centro Hospitalar Universitário do Algarve,EPE;37.0238973, -7.9281554;10564;60302;17.5
2020-06;Região de Saúde do Centro;Centro Hospitalar Tondela-Viseu, EPE;40.516364, -8.0827433;6065;42487;14.3
2020-06;Região de Saúde do Centro;Hospital Arcebispo João Crisóstomo;40.3470015, -8.5933462;76;1347;5.7
2020-06;Região de Saúde do Centro;Unidade Local de Saúde da Guarda, EPE;40.5309916, -7.2734793;5702;32965;17.3
2020-06;Região de Saúde do Centro;Unidade Local de Saúde de Castelo Branco, EPE;39.8212263, -7.4981271;3604;23945;15.1
2020-06;Região de Saúde LVT;Centro Hospitalar de Lisboa Central, EPE;38.7166948, -9.1371248;16454;117732;14.0
2020-06;Região de Saúde LVT;Centro Hospitalar Psiquiátrico de Lisboa;38.7569771, -9.1460705;459;7414;6.2
2020-06;Região de Saúde LVT;Hospital de Vila Franca de Xira, PPP;38.977235, -8.984506;1233;19035;6.5
2020-06;Região de Saúde Norte;Centro Hospitalar Vila Nova de Gaia/Espinho, EPE;41.1094138, -8.5972617;7820;62463;12.5
2020-06;Região de Saúde Norte;Hospital de Braga, EPE;41.56785, -8.398982;5592;45210;12.4
2020-07;Região de Saúde do Centro;Centro Hospitalar do Baixo Vouga, EPE;40.6362453, -8.6543716;4823;35283;13.7
2020-07;Região de Saúde do Centro;Centro Hospitalar e Universitário de Coimbra, EPE;40.2191523, -8.4098211;22221;143107;15.5
2020-07;Região de Saúde do Centro;Centro Hospitalar Tondela-Viseu, EPE;40.516364, -8.0827433;7169;49878;14.4
2020-07;Região de Saúde LVT;Centro Hospitalar Barreiro/Montijo, EPE;38.6554005, -9.0592392;4705;31970;14.7
2020-07;Região de Saúde LVT;Centro Hospitalar do Oeste, EPE;39.4054629, -9.1258493;4889;29605;16.5
2020-07;Região de Saúde LVT;Instituto Gama Pinto;38.7218793, -9.144249;226;2175;10.4
2020-07;Região de Saúde Norte;Centro Hospitalar do Médio Ave, EPE;41.3423984, -8.4802503;3134;21124;14.8
2020-07;Região de Saúde Norte;Unidade Local de Saúde do Alto Minho, EPE;41.7056054, -8.8252713;8932;59303;15.1
2020-07;Região de Saúde Norte;Unidade Local de Saúde do Nordeste, EPE;41.8056532, -6.7888197;7707;36429;21.2
2020-08;Região de Saúde do Alentejo;Unidade Local de Saúde do Norte Alentejano, EPE;39.3003425, -7.4263845;5648;32974;17.1
2020-08;Região de Saúde do Centro;Centro Hospitalar e Universitário de Coimbra, EPE;40.2191523, -8.4098211;26236;166862;15.7
2020-08;Região de Saúde do Centro;Unidade Local de Saúde da Guarda, EPE;40.5309916, -7.2734793;8026;46097;17.4
2020-08;Região de Saúde LVT;Centro Hospitalar de Lisboa Ocidental, EPE;38.708454, -9.216985;11983;81220;14.8
2020-08;Região de Saúde LVT;Centro Hospitalar Médio Tejo, EPE;39.478072, -8.5404429;6482;40633;16.0
2020-08;Região de Saúde LVT;Hospital Garcia de Orta, EPE;38.6658713, -9.1822554;10040;64743;15.5
2020-08;Região de Saúde Norte;Centro Hospitalar do Médio Ave, EPE;41.3423984, -8.4802503;3568;24409;14.6
2020-08;Região de Saúde Norte;Centro Hospitalar do Porto, EPE;41.1472498, -8.6172617;16147;108422;14.9
2020-08;Região de Saúde Norte;Centro Hospitalar Tâmega e Sousa, EPE;41.2494561, -8.264901;8003;45849;17.5
2020-08;Região de Saúde Norte;Hospital de Braga, EPE;41.56785, -8.398982;8066;63113;12.8
2020-08;Região de Saúde Norte;Unidade Local de Saúde de Matosinhos, EPE;41.1794456, -8.6745115;8596;58544;14.7
2020-08;Região de Saúde Norte;Unidade Local de Saúde do Nordeste, EPE;41.8056532, -6.7888197;8734;42084;20.8
2020-09;Região de Saúde do Centro;Unidade Local de Saúde da Guarda, EPE;40.5309916, -7.2734793;9019;52357;17.2
2020-09;Região de Saúde LVT;Instituto Português Oncologia de Lisboa, EPE;38.7396768, -9.1634516;5618;46033;12.2
2020-09;Região de Saúde Norte;Centro Hospitalar do Porto, EPE;41.1472498, -8.6172617;17437;121157;14.4
2020-09;Região de Saúde Norte;Hospital Santa Maria Maior, EPE;41.5324234, -8.6171561;1236;11902;10.4
2020-10;Região de Saúde do Centro;Centro Hospitalar Cova da Beira, EPE;40.2804158, -7.4922407;6357;35616;17.8
2020-10;Região de Saúde do Centro;Centro Hospitalar de Leiria, EPE;39.7414812, -8.7982706;8431;57703;14.6
2020-10;Região de Saúde do Centro;Centro Hospitalar do Baixo Vouga, EPE;40.6362453, -8.6543716;7243;52703;13.7
2020-10;Região de Saúde do Centro;Hospital Dr. Francisco Zagalo;40.8571967, -8.6318023;428;4618;9.3
2020-10;Região de Saúde do Centro;Unidade Local de Saúde de Castelo Branco, EPE;39.8212263, -7.4981271;6179;40385;15.3
2020-10;Região de Saúde LVT;Centro Hospitalar Psiquiátrico de Lisboa;38.7569771, -9.1460705;796;13276;6.0
2020-10;Região de Saúde LVT;Instituto Gama Pinto;38.7218793, -9.144249;230;3090;7.5
2020-10;Região de Saúde Norte;Centro Hospitalar do Porto, EPE;41.1472498, -8.6172617;19108;134362;14.2
2020-10;Região de Saúde Norte;Centro Hospitalar Tâmega e Sousa, EPE;41.2494561, -8.264901;10416;59354;17.5
2020-10;Região de Saúde Norte;Instituto Português Oncologia do Porto, EPE;41.1785642, -8.6062881;6388;57121;11.2
2020-11;Região de Saúde do Alentejo;Hospital Espírito Santo de Évora, EPE;38.5684861, -7.9032848;9614;51157;18.8
2020-11;Região de Saúde do Centro;Hospital Arcebispo João Crisóstomo;40.3470015, -8.5933462;145;2987;4.9
2020-11;Região de Saúde do Centro;Hospital Distrital da Figueira da Foz, EPE;40.117897, -8.8586755;2877;21684;13.3
2020-11;Região de Saúde LVT;Centro Hospitalar Barreiro/Montijo, EPE;38.6554005, -9.0592392;7194;52592;13.7
2020-11;Região de Saúde LVT;Centro Hospitalar do Oeste, EPE;39.4054629, -9.1258493;7567;51314;14.7
2020-11;Região de Saúde Norte;Centro Hospitalar de São João, EPE;41.1831056, -8.6010558;30108;198117;15.2
2020-11;Região de Saúde Norte;Hospital da Senhora da Oliveira, Guimarães, EPE;41.4387173, -8.3086907;8793;57193;15.4
2020-12;Região de Saúde do Centro;Hospital Distrital da Figueira da Foz, EPE;40.117897, -8.8586755;3634;24428;14.9
2020-12;Região de Saúde do Centro;Unidade Local de Saúde de Castelo Branco, EPE;39.8212263, -7.4981271;7982;49822;16.0
2020-12;Região de Saúde LVT;Centro Hospitalar Barreiro/Montijo, EPE;38.6554005, -9.0592392;8232;58359;14.1
2020-12;Região de Saúde LVT;Centro Hospitalar Lisboa Norte, EPE;38.7500861, -9.1616116;38477;216188;17.8
2020-12;Região de Saúde LVT;Centro Hospitalar Médio Tejo, EPE;39.478072, -8.5404429;10311;64310;16.0
2020-12;Região de Saúde LVT;Instituto Gama Pinto;38.7218793, -9.144249;441;4156;10.6
2020-12;Região de Saúde Norte;Centro Hospitalar Póvoa de Varzim/Vila do Conde, EPE;41.3828711, -8.7589945;4610;27804;16.6
2020-12;Região de Saúde Norte;Hospital de Braga, EPE;41.56785, -8.398982;13174;103441;12.7
2020-12;Região de Saúde Norte;Instituto Português Oncologia do Porto, EPE;41.1785642, -8.6062881;8176;70618;11.6
2021-01;Região de Saúde do Alentejo;Hospital Espírito Santo de Évora, EPE;38.5684861, -7.9032848;1102;5244;21.0
2021-01;Região de Saúde do Alentejo;Unidade Local de Saúde do Baixo Alentejo, EPE;38.014123, -7.8721227;969;5076;19.1
2021-01;Região de Saúde do Centro;Instituto Português Oncologia de Coimbra, EPE;40.2162514, -8.4103814;424;3041;13.9
2021-01;Região de Saúde LVT;Centro Hospitalar de Lisboa Ocidental, EPE;38.708454, -9.216985;1836;12239;15.0
2021-01;Região de Saúde LVT;Hospital Fernando Fonseca, EPE;38.7422257, -9.2264834;1960;9624;20.4
2021-01;Região de Saúde LVT;Hospital Garcia de Orta, EPE;38.6658713, -9.1822554;1124;8437;13.3
2021-01;Região de Saúde LVT;Instituto Gama Pinto;38.7218793, -9.144249;56;365;15.5
2021-01;Região de Saúde Norte;Centro Hospitalar do Médio Ave, EPE;41.3423984, -8.4802503;691;3451;20.0
2021-01;Região de Saúde Norte;Centro Hospitalar Tâmega e Sousa, EPE;41.2494561, -8.264901;1615;6750;23.9
2021-01;Região de Saúde Norte;Hospital de Braga, EPE;41.56785, -8.398982;828;9873;8.4
2021-01;Região de Saúde Norte;Instituto Português Oncologia do Porto, EPE;41.1785642, -8.6062881;949;6805;14.0
2021-02;Região de Saúde do Centro;Centro Hospitalar do Baixo Vouga, EPE;40.6362453, -8.6543716;2241;12649;17.7
2021-02;Região de Saúde do Centro;Hospital Dr. Francisco Zagalo;40.8571967, -8.6318023;78;996;7.9
2021-02;Região de Saúde do Centro;Instituto Português Oncologia de Coimbra, EPE;40.2162514, -8.4103814;891;6139;14.5
2021-02;Região de Saúde do Centro;Unidade Local de Saúde de Castelo Branco, EPE;39.8212263, -7.4981271;1714;8753;19.6
2021-02;Região de Saúde LVT;Centro Hospitalar de Lisboa Ocidental, EPE;38.708454, -9.216985;3899;24488;15.9
2021-02;Região de Saúde LVT;Centro Hospitalar de Setúbal, EPE;38.5283754, -8.8818638;2526;12927;19.5
2021-02;Região de Saúde LVT;Centro Hospitalar Médio Tejo, EPE;39.478072, -8.5404429;2301;12212;18.8
2021-02;Região de Saúde Norte;Centro Hospitalar do Médio Ave, EPE;41.3423984, -8.4802503;1314;6881;19.1
2021-02;Região de Saúde Norte;Centro Hospitalar Tâmega e Sousa, EPE;41.2494561, -8.264901;2979;14614;20.4
2021-02;Região de Saúde Norte;Centro Hospitalar Vila Nova de Gaia/Espinho, EPE;41.1094138, -8.5972617;3581;22849;15.7
2021-02;Região de Saúde Norte;Hospital da Senhora da Oliveira, Guimarães, EPE;41.4387173, -8.3086907;2614;12593;20.8
2021-02;Região de Saúde Norte;Hospital de Magalhães Lemos, EPE;41.1764649, -8.6649823;177;2238;7.9
2021-02;Região de Saúde Norte;Instituto Português Oncologia do Porto, EPE;41.1785642, -8.6062881;1687;13226;12.8
2021-02;Região de Saúde Norte;Unidade Local de Saúde do Alto Minho, EPE;41.7056054, -8.8252713;3583;18866;19.0
2021-02;Região de Saúde Norte;Unidade Local de Saúde do Nordeste, EPE;41.8056532, -6.7888197;2952;12761;23.1
2021-03;Região de Saúde do Centro;Centro Hospitalar Cova da Beira, EPE;40.2804158, -7.4922407;2486;11492;21.6
2021-03;Região de Saúde do Centro;Centro Hospitalar e Universitário de Coimbra, EPE;40.2191523, -8.4098211;11619;73254;15.9
2021-03;Região de Saúde do Centro;Centro Medicina de Reabilitação da Região Centro Rovisco Pais;40.297919, -8.7707806;129;1514;8.5
2021-03;Região de Saúde do Centro;Hospital Dr. Francisco Zagalo;40.8571967, -8.6318023;125;1508;8.3
2021-03;Região de Saúde LVT;Centro Hospitalar de Lisboa Central, EPE;38.7166948, -9.1371248;9859;71016;13.9
2021-03;Região de Saúde LVT;Centro Hospitalar de Lisboa Ocidental, EPE;38.708454, -9.216985;5976;37260;16.0
2021-03;Região de Saúde LVT;Centro Hospitalar Lisboa Norte, EPE;38.7500861, -9.1616116;11176;57293;19.5
2021-03;Região de Saúde Norte;Hospital Santa Maria Maior, EPE;41.5324234, -8.6171561;581;4664;12.5
2021-04;Região de Saúde do Alentejo;Hospital Espírito Santo de Évora, EPE;38.5684861, -7.9032848;4667;21733;21.5
2021-04;Região de Saúde do Centro;Unidade Local de Saúde da Guarda, EPE;40.5309916, -7.2734793;5395;29341;18.4
2021-04;Região de Saúde LVT;Centro Hospitalar Barreiro/Montijo, EPE;38.6554005, -9.0592392;3037;21829;13.9
2021-04;Região de Saúde LVT;Centro Hospitalar de Lisboa Ocidental, EPE;38.708454, -9.216985;8091;51169;15.8
2021-04;Região de Saúde LVT;Centro Hospitalar Lisboa Norte, EPE;38.7500861, -9.1616116;14721;76759;19.2
2021-04;Região de Saúde LVT;Hospital Distrital de Santarém, EPE;39.2410946, -8.6937515;4395;19984;22.0
2021-04;Região de Saúde Norte;Hospital da Senhora da Oliveira, Guimarães, EPE;41.4387173, -8.3086907;3617;23213;15.6
2021-04;Região de Saúde Norte;Unidade Local de Saúde do Nordeste, EPE;41.8056532, -6.7888197;5307;25510;20.8
2021-05;Região de Saúde do Alentejo;Unidade Local de Saúde do Baixo Alentejo, EPE;38.014123, -7.8721227;4766;27462;17.4
2021-05;Região de Saúde do Centro;Centro Hospitalar Cova da Beira, EPE;40.2804158, -7.4922407;3630;18990;19.1
2021-05;Região de Saúde LVT;Centro Hospitalar Barreiro/Montijo, EPE;38.6554005, -9.0592392;3724;27147;13.7
2021-05;Região de Saúde LVT;Centro Hospitalar Médio Tejo, EPE;39.478072, -8.5404429;4953;30113;16.5
2021-05;Região de Saúde LVT;Hospital Garcia de Orta, EPE;38.6658713, -9.1822554;6708;43155;15.5
2021-05;Região de Saúde Norte;Centro Hospitalar de São João, EPE;41.1831056, -8.6010558;13640;94027;14.5
2021-05;Região de Saúde Norte;Centro Hospitalar do Porto, EPE;41.1472498, -8.6172617;12288;74445;16.5
2021-05;Região de Saúde Norte;Centro Hospitalar Vila Nova de Gaia/Espinho, EPE;41.1094138, -8.5972617;8423;56909;14.8
2021-05;Região de Saúde Norte;Hospital da Senhora da Oliveira, Guimarães, EPE;41.4387173, -8.3086907;4352;28727;15.1
2021-05;Região de Saúde Norte;Hospital de Magalhães Lemos, EPE;41.1764649, -8.6649823;402;5565;7.2
2021-05;Região de Saúde Norte;Hospital Santa Maria Maior, EPE;41.5324234, -8.6171561;848;7938;10.7
2021-06;Região de Saúde do Algarve;Centro Hospitalar Universitário do Algarve,EPE;37.0238973, -7.9281554;11869;66179;17.9
2021-06;Região de Saúde do Centro;Hospital Arcebispo João Crisóstomo;40.3470015, -8.5933462;88;1479;6.0
2021-06;Região de Saúde do Centro;Unidade Local de Saúde de Castelo Branco, EPE;39.8212263, -7.4981271;4617;26044;17.7
2021-06;Região de Saúde LVT;Centro Hospitalar de Lisboa Central, EPE;38.7166948, -9.1371248;18851;126912;14.9
2021-06;Região de Saúde LVT;Centro Hospitalar Lisboa Norte, EPE;38.7500861, -9.1616116;20879;113456;18.4
2021-06;Região de Saúde LVT;Hospital Distrital de Santarém, EPE;39.2410946, -8.6937515;5943;26246;22.6
2021-06;Região de Saúde LVT;Hospital Garcia de Orta, EPE;38.6658713, -9.1822554;8203;51570;15.9
2021-06;Região de Saúde LVT;Instituto Português Oncologia de Lisboa, EPE;38.7396768, -9.1634516;4875;31038;15.7
2021-06;Região de Saúde Norte;Centro Hospitalar de São João, EPE;41.1831056, -8.6010558;16612;112713;14.7
2021-06;Região de Saúde Norte;Hospital de Braga, EPE;41.56785, -8.398982;11614;55732;20.8
2021-07;Região de Saúde do Centro;Centro Hospitalar e Universitário de Coimbra, EPE;40.2191523, -8.4098211;30152;158543;19.0
2021-07;Região de Saúde do Centro;Centro Hospitalar Tondela-Viseu, EPE;40.516364, -8.0827433;8737;53657;16.3
2021-07;Região de Saúde do Centro;Hospital Dr. Francisco Zagalo;40.8571967, -8.6318023;284;3158;9.0
2021-07;Região de Saúde do Centro;Instituto Português Oncologia de Coimbra, EPE;40.2162514, -8.4103814;2775;20543;13.5
2021-07;Região de Saúde LVT;Centro Hospitalar de Lisboa Ocidental, EPE;38.708454, -9.216985;12970;79358;16.3
2021-07;Região de Saúde LVT;Hospital de Vila Franca de Xira, EPE;38.977235, -8.984506;751;10514;7.1
2021-07;Região de Saúde LVT;Hospital Garcia de Orta, EPE;38.6658713, -9.1822554;9662;60270;16.0
2021-07;Região de Saúde Norte;Centro Hospitalar do Porto, EPE;41.1472498, -8.6172617;16386;103337;15.9
2021-07;Região de Saúde Norte;Centro Hospitalar Póvoa de Varzim/Vila do Conde, EPE;41.3828711, -8.7589945;2877;16631;17.3
2021-07;Região de Saúde Norte;Hospital de Magalhães Lemos, EPE;41.1764649, -8.6649823;531;7750;6.9
2021-07;Região de Saúde Norte;Unidade Local de Saúde de Matosinhos, EPE;41.1794456, -8.6745115;7890;55768;14.1
2021-07;Região de Saúde Norte;Unidade Local de Saúde do Alto Minho, EPE;41.7056054, -8.8252713;10854;64704;16.8
2021-08;Região de Saúde do Alentejo;Unidade Local de Saúde do Baixo Alentejo, EPE;38.014123, -7.8721227;7831;40756;19.2
2021-08;Região de Saúde do Alentejo;Unidade Local de Saúde do Norte Alentejano, EPE;39.3003425, -7.4263845;6834;35273;19.4
2021-08;Região de Saúde do Centro;Hospital Dr. Francisco Zagalo;40.8571967, -8.6318023;317;3638;8.7
2021-08;Região de Saúde LVT;Centro Hospitalar de Lisboa Central, EPE;38.7166948, -9.1371248;25252;172642;14.6
2021-08;Região de Saúde LVT;Centro Hospitalar Médio Tejo, EPE;39.478072, -8.5404429;7746;44204;17.5
2021-08;Região de Saúde Norte;Centro Hospitalar do Médio Ave, EPE;41.3423984, -8.4802503;4431;25175;17.6
2021-08;Região de Saúde Norte;Hospital de Braga, EPE;41.56785, -8.398982;16111;77283;20.8
2021-08;Região de Saúde Norte;Instituto Português Oncologia do Porto, EPE;41.1785642, -8.6062881;5968;52051;11.5
2021-08;Região de Saúde Norte;Unidade Local de Saúde de Matosinhos, EPE;41.1794456, -8.6745115;9160;64435;14.2
2021-08;Região de Saúde Norte;Unidade Local de Saúde do Alto Minho, EPE;41.7056054, -8.8252713;12430;73884;16.8
2021-09;Região de Saúde do Alentejo;Unidade Local de Saúde do Baixo Alentejo, EPE;38.014123, -7.8721227;9090;46459;19.6
2021-09;Região de Saúde do Alentejo;Unidade Local de Saúde do Litoral Alentejano, EPE;38.0162314, -8.6956768;5584;26189;21.3
2021-09;Região de Saúde do Centro;Centro Hospitalar do Baixo Vouga, EPE;40.6362453, -8.6543716;7537;51048;14.8
2021-09;Região de Saúde do Centro;Centro Hospitalar e Universitário de Coimbra, EPE;40.2191523, -8.4098211;38223;207801;18.4
2021-09;Região de Saúde do Centro;Hospital Dr. Francisco Zagalo;40.8571967, -8.6318023;361;4133;8.7
2021-09;Região de Saúde do Centro;Instituto Português Oncologia de Coimbra, EPE;40.2162514, -8.4103814;3593;25323;14.2
2021-09;Região de Saúde LVT;Centro Hospitalar Barreiro/Montijo, EPE;38.6554005, -9.0592392;6535;45245;14.4
2021-09;Região de Saúde LVT;Hospital Garcia de Orta, EPE;38.6658713, -9.1822554;12699;77234;16.4
2021-09;Região de Saúde LVT;Instituto Português Oncologia de Lisboa, EPE;38.7396768, -9.1634516;7283;48149;15.1
2021-09;Região de Saúde Norte;Centro Hospitalar do Porto, EPE;41.1472498, -8.6172617;20222;131498;15.4
2021-09;Região de Saúde Norte;Centro Hospitalar Entre Douro e Vouga, EPE;40.9293884, -8.5458794;10097;52435;19.3
2021-10;Região de Saúde do Algarve;Centro Hospitalar Universitário do Algarve,EPE;37.0238973, -7.9281554;19736;115690;17.1
2021-10;Região de Saúde do Centro;Centro Hospitalar Cova da Beira, EPE;40.2804158, -7.4922407;7456;38318;19.5
2021-10;Região de Saúde do Centro;Centro Hospitalar do Baixo Vouga, EPE;40.6362453, -8.6543716;8332;56952;14.6
2021-10;Região de Saúde Norte;Centro Hospitalar do Médio Ave, EPE;41.3423984, -8.4802503;5435;31907;17.0
2021-10;Região de Saúde Norte;Centro Hospitalar Trás-os-Montes e Alto Douro, EPE;41.3031784, -7.7515252;13365;78647;17.0
2021-10;Região de Saúde Norte;Hospital da Senhora da Oliveira, Guimarães, EPE;41.4387173, -8.3086907;11230;60575;18.5
2021-10;Região de Saúde Norte;Hospital Santa Maria Maior, EPE;41.5324234, -8.6171561;1609;15015;10.7
2021-11;Região de Saúde do Centro;Centro Hospitalar e Universitário de Coimbra, EPE;40.2191523, -8.4098211;46014;271713;16.9
2021-11;Região de Saúde LVT;Centro Hospitalar de Lisboa Central, EPE;38.7166948, -9.1371248;34964;247443;14.1
2021-11;Região de Saúde LVT;Centro Hospitalar do Oeste, EPE;39.4054629, -9.1258493;8695;55512;15.7
2021-11;Região de Saúde LVT;Centro Hospitalar Psiquiátrico de Lisboa;38.7569771, -9.1460705;982;16222;6.1
2021-11;Região de Saúde Norte;Centro Hospitalar Vila Nova de Gaia/Espinho, EPE;41.1094138, -8.5972617;18339;126095;14.5
2021-11;Região de Saúde Norte;Hospital da Senhora da Oliveira, Guimarães, EPE;41.4387173, -8.3086907;12301;66591;18.5
2021-12;Região de Saúde do Centro;Centro Hospitalar e Universitário de Coimbra, EPE;40.2191523, -8.4098211;50432;300736;16.8
2021-12;Região de Saúde LVT;Hospital Fernando Fonseca, EPE;38.7422257, -9.2264834;19778;111720;17.7
2021-12;Região de Saúde LVT;Instituto Português Oncologia de Lisboa, EPE;38.7396768, -9.1634516;9684;65575;14.8
2021-12;Região de Saúde Norte;Centro Hospitalar Vila Nova de Gaia/Espinho, EPE;41.1094138, -8.5972617;19571;135607;14.4
2021-12;Região de Saúde Norte;Hospital de Magalhães Lemos, EPE;41.1764649, -8.6649823;855;13160;6.5
2021-12;Região de Saúde Norte;Unidade Local de Saúde de Matosinhos, EPE;41.1794456, -8.6745115;13848;96382;14.4
2022-01;Região de Saúde do Alentejo;Hospital Espírito Santo de Évora, EPE;38.5684861, -7.9032848;1001;5658;17.7
2022-01;Região de Saúde do Alentejo;Unidade Local de Saúde do Litoral Alentejano, EPE;38.0162314, -8.6956768;555;3074;18.1
2022-01;Região de Saúde do Algarve;Centro Hospitalar Universitário do Algarve,EPE;37.0238973, -7.9281554;4000;15057;26.6
2022-01;Região de Saúde do Centro;Centro Hospitalar Cova da Beira, EPE;40.2804158, -7.4922407;728;3921;18.6
2022-01;Região de Saúde do Centro;Instituto Português Oncologia de Coimbra, EPE;40.2162514, -8.4103814;371;2980;12.5
2022-01;Região de Saúde do Centro;Unidade Local de Saúde de Castelo Branco, EPE;39.8212263, -7.4981271;697;3703;18.8
2022-01;Região de Saúde LVT;Centro Hospitalar de Lisboa Central, EPE;38.7166948, -9.1371248;3151;23629;13.3
2022-01;Região de Saúde LVT;Centro Hospitalar do Oeste, EPE;39.4054629, -9.1258493;864;5153;16.8
2022-01;Região de Saúde LVT;Centro Hospitalar Médio Tejo, EPE;39.478072, -8.5404429;916;6000;15.3
2022-01;Região de Saúde LVT;Hospital Fernando Fonseca, EPE;38.7422257, -9.2264834;1849;9662;19.1
2022-01;Região de Saúde Norte;Centro Hospitalar Póvoa de Varzim/Vila do Conde, EPE;41.3828711, -8.7589945;452;2605;17.4
2022-01;Região de Saúde Norte;Hospital da Senhora da Oliveira, Guimarães, EPE;41.4387173, -8.3086907;1237;6463;19.1
2022-01;Região de Saúde Norte;Hospital de Braga, EPE;41.56785, -8.398982;1950;10495;18.6
2022-01;Região de Saúde Norte;Hospital de Magalhães Lemos, EPE;41.1764649, -8.6649823;68;1107;6.2
2022-01;Região de Saúde Norte;Unidade Local de Saúde de Matosinhos, EPE;41.1794456, -8.6745115;1270;9112;13.9
2022-01;Região de Saúde Norte;Unidade Local de Saúde do Alto Minho, EPE;41.7056054, -8.8252713;1608;9274;17.3
2022-01;Região de Saúde Norte;Unidade Local de Saúde do Nordeste, EPE;41.8056532, -6.7888197;1301;6577;19.8
2022-02;Região de Saúde do Algarve;Centro Hospitalar Universitário do Algarve,EPE;37.0238973, -7.9281554;4427;25565;17.3
2022-02;Região de Saúde do Centro;Centro Hospitalar de Leiria, EPE;39.7414812, -8.7982706;2039;13044;15.6
2022-02;Região de Saúde do Centro;Centro Hospitalar do Baixo Vouga, EPE;40.6362453, -8.6543716;784;11081;7.1
2022-02;Região de Saúde do Centro;Centro Hospitalar e Universitário de Coimbra, EPE;40.2191523, -8.4098211;8446;49821;17.0
2022-02;Região de Saúde LVT;Centro Hospitalar de Lisboa Central, EPE;38.7166948, -9.1371248;6300;47193;13.4
2022-02;Região de Saúde LVT;Hospital de Vila Franca de Xira, EPE;38.977235, -8.984506;1451;8550;17.0
2022-02;Região de Saúde LVT;Hospital Fernando Fonseca, EPE;38.7422257, -9.2264834;3678;19366;19.0
2022-02;Região de Saúde LVT;Hospital Garcia de Orta, EPE;38.6658713, -9.1822554;2466;16814;14.7
2022-02;Região de Saúde Norte;Centro Hospitalar de São João, EPE;41.1831056, -8.6010558;5329;36924;14.4
2022-02;Região de Saúde Norte;Centro Hospitalar do Porto, EPE;41.1472498, -8.6172617;4818;29471;16.4
2022-02;Região de Saúde Norte;Hospital de Braga, EPE;41.56785, -8.398982;4087;21103;19.4
2022-02;Região de Saúde Norte;Hospital Santa Maria Maior, EPE;41.5324234, -8.6171561;354;3402;10.4
2022-03;Região de Saúde do Alentejo;Hospital Espírito Santo de Évora, EPE;38.5684861, -7.9032848;2784;16144;17.2
2022-03;Região de Saúde do Alentejo;Unidade Local de Saúde do Norte Alentejano, EPE;39.3003425, -7.4263845;2481;14517;17.1
2022-03;Região de Saúde do Centro;Hospital Arcebispo João Crisóstomo;40.3470015, -8.5933462;38;867;4.4
2022-03;Região de Saúde do Centro;Hospital Dr. Francisco Zagalo;40.8571967, -8.6318023;135;1615;8.4
2022-03;Região de Saúde LVT;Hospital de Loures, EPE;38.821455, -9.176296;178;12519;1.4
2022-03;Região de Saúde Norte;Centro Hospitalar do Médio Ave, EPE;41.3423984, -8.4802503;1765;10555;16.7
2022-03;Região de Saúde Norte;Centro Hospitalar Entre Douro e Vouga, EPE;40.9293884, -8.5458794;3456;19482;17.7
2022-03;Região de Saúde Norte;Centro Hospitalar Tâmega e Sousa, EPE;41.2494561, -8.264901;3984;22615;17.6
2022-03;Região de Saúde Norte;Centro Hospitalar Trás-os-Montes e Alto Douro, EPE;41.3031784, -7.7515252;3931;26247;15.0
2022-03;Região de Saúde Norte;Hospital de Magalhães Lemos, EPE;41.1764649, -8.6649823;250;3415;7.3
2022-03;Região de Saúde Norte;Instituto Português Oncologia do Porto, EPE;41.1785642, -8.6062881;2296;20049;11.5
2022-03;Região de Saúde Norte;Unidade Local de Saúde de Matosinhos, EPE;41.1794456, -8.6745115;3878;26762;14.5
2022-04;Região de Saúde do Algarve;Centro Hospitalar Universitário do Algarve,EPE;37.0238973, -7.9281554;8199;50592;16.2
2022-04;Região de Saúde do Centro;Centro Hospitalar Tondela-Viseu, EPE;40.516364, -8.0827433;5155;31663;16.3
2022-04;Região de Saúde do Centro;Hospital Arcebispo João Crisóstomo;40.3470015, -8.5933462;50;1154;4.3
2022-04;Região de Saúde do Centro;Hospital Distrital da Figueira da Foz, EPE;40.117897, -8.8586755;1125;8909;12.6
2022-04;Região de Saúde do Centro;Unidade Local de Saúde da Guarda, EPE;40.5309916, -7.2734793;4385;26939;16.3
2022-04;Região de Saúde do Centro;Unidade Local de Saúde de Castelo Branco, EPE;39.8212263, -7.4981271;2959;17558;16.9
2022-04;Região de Saúde LVT;Centro Hospitalar de Lisboa Central, EPE;38.7166948, -9.1371248;12619;95123;13.3
2022-04;Região de Saúde Norte;Centro Hospitalar do Médio Ave, EPE;41.3423984, -8.4802503;2242;13918;16.1
2022-04;Região de Saúde Norte;Hospital da Senhora da Oliveira, Guimarães, EPE;41.4387173, -8.3086907;3494;23286;15.0
2022-04;Região de Saúde Norte;Instituto Português Oncologia do Porto, EPE;41.1785642, -8.6062881;3040;26835;11.3
2022-04;Região de Saúde Norte;Unidade Local de Saúde do Nordeste, EPE;41.8056532, -6.7888197;4811;25510;18.9
2022-05;Região de Saúde do Centro;Centro Hospitalar do Baixo Vouga, EPE;40.6362453, -8.6543716;3374;29748;11.3
2022-05;Região de Saúde do Centro;Unidade Local de Saúde de Castelo Branco, EPE;39.8212263, -7.4981271;3638;21804;16.7
2022-05;Região de Saúde LVT;Hospital Distrital de Santarém, EPE;39.2410946, -8.6937515;3902;23366;16.7
2022-05;Região de Saúde LVT;Instituto Português Oncologia de Lisboa, EPE;38.7396768, -9.1634516;4114;28696;14.3
2022-05;Região de Saúde Norte;Centro Hospitalar do Médio Ave, EPE;41.3423984, -8.4802503;2777;17390;16.0
2022-05;Região de Saúde Norte;Centro Hospitalar Trás-os-Montes e Alto Douro, EPE;41.3031784, -7.7515252;6451;43816;14.7
2022-05;Região de Saúde Norte;Unidade Local de Saúde de Matosinhos, EPE;41.1794456, -8.6745115;6060;43987;13.8
2022-05;Região de Saúde Norte;Unidade Local de Saúde do Nordeste, EPE;41.8056532, -6.7888197;6024;31816;18.9
2022-06;Região de Saúde do Alentejo;Hospital Espírito Santo de Évora, EPE;38.5684861, -7.9032848;5592;28968;19.3
2022-06;Região de Saúde do Alentejo;Unidade Local de Saúde do Norte Alentejano, EPE;39.3003425, -7.4263845;4882;26468;18.4
2022-06;Região de Saúde do Centro;Centro Hospitalar Cova da Beira, EPE;40.2804158, -7.4922407;4706;24039;19.6
2022-06;Região de Saúde do Centro;Centro Hospitalar Tondela-Viseu, EPE;40.516364, -8.0827433;7716;47609;16.2
2022-06;Região de Saúde do Centro;Hospital Distrital da Figueira da Foz, EPE;40.117897, -8.8586755;1804;12491;14.4
2022-06;Região de Saúde do Centro;Unidade Local de Saúde da Guarda, EPE;40.5309916, -7.2734793;6486;36522;17.8
2022-06;Região de Saúde LVT;Centro Hospitalar de Lisboa Ocidental, EPE;38.708454, -9.216985;10389;66310;15.7
2022-06;Região de Saúde LVT;Centro Hospitalar de Setúbal, EPE;38.5283754, -8.8818638;7366;36561;20.1
2022-06;Região de Saúde LVT;Centro Hospitalar Lisboa Norte, EPE;38.7500861, -9.1616116;20857;114672;18.2
2022-06;Região de Saúde LVT;Hospital de Loures, EPE;38.821455, -9.176296;1545;30208;5.1
2022-06;Região de Saúde LVT;Hospital Fernando Fonseca, EPE;38.7422257, -9.2264834;10524;58120;18.1
2022-06;Região de Saúde LVT;Instituto Português Oncologia de Lisboa, EPE;38.7396768, -9.1634516;4889;30832;15.9
2022-06;Região de Saúde Norte;Centro Hospitalar do Médio Ave, EPE;41.3423984, -8.4802503;3314;19163;17.3
2022-06;Região de Saúde Norte;Centro Hospitalar do Porto, EPE;41.1472498, -8.6172617;13025;88413;14.7
2022-06;Região de Saúde Norte;Centro Hospitalar Entre Douro e Vouga, EPE;40.9293884, -8.5458794;7156;39294;18.2
2022-06;Região de Saúde Norte;Hospital da Senhora da Oliveira, Guimarães, EPE;41.4387173, -8.3086907;6277;36383;17.3
2022-06;Região de Saúde Norte;Instituto Português Oncologia do Porto, EPE;41.1785642, -8.6062881;4615;40078;11.5
2022-07;Região de Saúde do Alentejo;Unidade Local de Saúde do Litoral Alentejano, EPE;38.0162314, -8.6956768;3845;19744;19.5
2022-07;Região de Saúde do Centro;Centro Hospitalar Tondela-Viseu, EPE;40.516364, -8.0827433;9051;55581;16.3
2022-07;Região de Saúde do Centro;Unidade Local de Saúde de Castelo Branco, EPE;39.8212263, -7.4981271;4939;31073;15.9
2022-07;Região de Saúde LVT;Hospital de Loures, EPE;38.821455, -9.176296;2051;35248;5.8
2022-07;Região de Saúde LVT;Hospital Garcia de Orta, EPE;38.6658713, -9.1822554;9764;62143;15.7
2022-07;Região de Saúde LVT;Instituto Português Oncologia de Lisboa, EPE;38.7396768, -9.1634516;5766;36605;15.8
2022-07;Região de Saúde Norte;Centro Hospitalar de São João, EPE;41.1831056, -8.6010558;19197;131967;14.5
2022-07;Região de Saúde Norte;Hospital de Magalhães Lemos, EPE;41.1764649, -8.6649823;556;7948;7.0
2022-08;Região de Saúde do Alentejo;Hospital Espírito Santo de Évora, EPE;38.5684861, -7.9032848;7592;39663;19.1
2022-08;Região de Saúde do Alentejo;Unidade Local de Saúde do Litoral Alentejano, EPE;38.0162314, -8.6956768;4345;22764;19.1
2022-08;Região de Saúde do Algarve;Centro Hospitalar Universitário do Algarve,EPE;37.0238973, -7.9281554;16357;95639;17.1
2022-08;Região de Saúde do Centro;Centro Hospitalar de Leiria, EPE;39.7414812, -8.7982706;8422;51295;16.4
2022-08;Região de Saúde do Centro;Instituto Português Oncologia de Coimbra, EPE;40.2162514, -8.4103814;3098;23049;13.4
2022-08;Região de Saúde do Centro;Unidade Local de Saúde de Castelo Branco, EPE;39.8212263, -7.4981271;5706;35449;16.1
2022-08;Região de Saúde Norte;Centro Hospitalar Entre Douro e Vouga, EPE;40.9293884, -8.5458794;9700;52653;18.4
2022-08;Região de Saúde Norte;Centro Hospitalar Tâmega e Sousa, EPE;41.2494561, -8.264901;10517;56297;18.7
2022-08;Região de Saúde Norte;Centro Hospitalar Vila Nova de Gaia/Espinho, EPE;41.1094138, -8.5972617;13933;94825;14.7
2022-08;Região de Saúde Norte;Hospital de Magalhães Lemos, EPE;41.1764649, -8.6649823;640;9069;7.1
2022-09;Região de Saúde do Alentejo;Hospital Espírito Santo de Évora, EPE;38.5684861, -7.9032848;8647;45129;19.2
2022-09;Região de Saúde do Alentejo;Unidade Local de Saúde do Litoral Alentejano, EPE;38.0162314, -8.6956768;4992;25945;19.2
2022-09;Região de Saúde do Centro;Centro Hospitalar do Baixo Vouga, EPE;40.6362453, -8.6543716;7338;51450;14.3
2022-09;Região de Saúde do Centro;Centro Hospitalar e Universitário de Coimbra, EPE;40.2191523, -8.4098211;38525;208826;18.4
2022-09;Região de Saúde LVT;Centro Hospitalar de Lisboa Central, EPE;38.7166948, -9.1371248;29247;200755;14.6
2022-09;Região de Saúde LVT;Centro Hospitalar de Lisboa Ocidental, EPE;38.708454, -9.216985;16202;103846;15.6
2022-09;Região de Saúde LVT;Hospital Fernando Fonseca, EPE;38.7422257, -9.2264834;16193;87290;18.6
2022-09;Região de Saúde LVT;Instituto Gama Pinto;38.7218793, -9.144249;489;3238;15.1
2022-09;Região de Saúde Norte;Centro Hospitalar do Médio Ave, EPE;41.3423984, -8.4802503;5362;30179;17.8
2022-09;Região de Saúde Norte;Centro Hospitalar do Porto, EPE;41.1472498, -8.6172617;19963;132566;15.1
2022-09;Região de Saúde Norte;Centro Hospitalar Entre Douro e Vouga, EPE;40.9293884, -8.5458794;11166;59690;18.7
2022-09;Região de Saúde Norte;Hospital de Magalhães Lemos, EPE;41.1764649, -8.6649823;733;10242;7.2
2022-10;Região de Saúde do Centro;Hospital Dr. Francisco Zagalo;40.8571967, -8.6318023;465;5015;9.3
2022-10;Região de Saúde LVT;Hospital de Loures, EPE;38.821455, -9.176296;3734;50338;7.4
2022-10;Região de Saúde LVT;Hospital Distrital de Santarém, EPE;39.2410946, -8.6937515;8666;45159;19.2
2022-10;Região de Saúde LVT;Hospital Garcia de Orta, EPE;38.6658713, -9.1822554;15067;89162;16.9
2022-10;Região de Saúde Norte;Centro Hospitalar de São João, EPE;41.1831056, -8.6010558;28773;190428;15.1
2022-10;Região de Saúde Norte;Centro Hospitalar Póvoa de Varzim/Vila do Conde, EPE;41.3828711, -8.7589945;4941;25845;19.1
2022-10;Região de Saúde Norte;Centro Hospitalar Tâmega e Sousa, EPE;41.2494561, -8.264901;14324;73229;19.6
2022-10;Região de Saúde Norte;Unidade Local de Saúde do Nordeste, EPE;41.8056532, -6.7888197;12602;60439;20.9
2022-11;Região de Saúde do Alentejo;Hospital Espírito Santo de Évora, EPE;38.5684861, -7.9032848;10865;55927;19.4
2022-11;Região de Saúde do Alentejo;Unidade Local de Saúde do Baixo Alentejo, EPE;38.014123, -7.8721227;9959;55345;18.0
2022-11;Região de Saúde do Centro;Centro Medicina de Reabilitação da Região Centro Rovisco Pais;40.297919, -8.7707806;472;6290;7.5
2022-11;Região de Saúde do Centro;Unidade Local de Saúde de Castelo Branco, EPE;39.8212263, -7.4981271;8060;49111;16.4
2022-11;Região de Saúde LVT;Centro Hospitalar de Lisboa Ocidental, EPE;38.708454, -9.216985;20398;136775;14.9
2022-11;Região de Saúde LVT;Centro Hospitalar Médio Tejo, EPE;39.478072, -8.5404429;10984;64137;17.1
2022-11;Região de Saúde LVT;Centro Hospitalar Psiquiátrico de Lisboa;38.7569771, -9.1460705;925;16324;5.7
2022-11;Região de Saúde LVT;Hospital de Loures, EPE;38.821455, -9.176296;4447;54798;8.1
2022-11;Região de Saúde Norte;Centro Hospitalar Entre Douro e Vouga, EPE;40.9293884, -8.5458794;14048;73636;19.1
2022-11;Região de Saúde Norte;Hospital de Magalhães Lemos, EPE;41.1764649, -8.6649823;895;12517;7.2
2022-12;Região de Saúde do Alentejo;Unidade Local de Saúde do Litoral Alentejano, EPE;38.0162314, -8.6956768;7242;37564;19.3
2022-12;Região de Saúde do Centro;Centro Hospitalar Tondela-Viseu, EPE;40.516364, -8.0827433;20059;103098;19.5
2022-12;Região de Saúde do Centro;Hospital Dr. Francisco Zagalo;40.8571967, -8.6318023;570;6484;8.8
2022-12;Região de Saúde do Centro;Instituto Português Oncologia de Coimbra, EPE;40.2162514, -8.4103814;5823;36968;15.8
2022-12;Região de Saúde do Centro;Unidade Local de Saúde da Guarda, EPE;40.5309916, -7.2734793;14115;80772;17.5
2022-12;Região de Saúde LVT;Centro Hospitalar do Oeste, EPE;39.4054629, -9.1258493;10732;64654;16.6
2022-12;Região de Saúde LVT;Hospital de Loures, EPE;38.821455, -9.176296;6128;60470;10.1
2022-12;Região de Saúde LVT;Hospital Distrital de Santarém, EPE;39.2410946, -8.6937515;11005;58979;18.7
2022-12;Região de Saúde LVT;Instituto Gama Pinto;38.7218793, -9.144249;927;5008;18.5
2022-12;Região de Saúde Norte;Centro Hospitalar Trás-os-Montes e Alto Douro, EPE;41.3031784, -7.7515252;21131;113026;18.7
2022-12;Região de Saúde Norte;Hospital da Senhora da Oliveira, Guimarães, EPE;41.4387173, -8.3086907;14104;77617;18.2
2023-01;Região de Saúde do Alentejo;Unidade Local de Saúde do Baixo Alentejo, EPE;38.014123, -7.8721227;1088;5850;18.6
2023-01;Região de Saúde LVT;Centro Hospitalar Lisboa Norte, EPE;38.7500861, -9.1616116;4779;22462;21.3
2023-01;Região de Saúde LVT;Centro Hospitalar Médio Tejo, EPE;39.478072, -8.5404429;1173;6403;18.3
2023-01;Região de Saúde LVT;Hospital Fernando Fonseca, EPE;38.7422257, -9.2264834;2221;10754;20.7
2023-01;Região de Saúde LVT;Instituto Gama Pinto;38.7218793, -9.144249;11;343;3.3
2023-01;Região de Saúde Norte;Centro Hospitalar do Porto, EPE;41.1472498, -8.6172617;2492;14077;17.7
2023-01;Região de Saúde Norte;Hospital da Senhora da Oliveira, Guimarães, EPE;41.4387173, -8.3086907;1444;7179;20.1
2023-01;Região de Saúde Norte;Hospital de Braga, EPE;41.56785, -8.398982;1744;9568;18.2
2023-02;Região de Saúde do Alentejo;Unidade Local de Saúde do Baixo Alentejo, EPE;38.014123, -7.8721227;2211;11611;19.0
2023-02;Região de Saúde do Centro;Hospital Arcebispo João Crisóstomo;40.3470015, -8.5933462;27;632;4.4
2023-02;Região de Saúde do Centro;Unidade Local de Saúde da Guarda, EPE;40.5309916, -7.2734793;2537;14746;17.2
2023-02;Região de Saúde LVT;Centro Hospitalar de Setúbal, EPE;38.5283754, -8.8818638;3248;15445;21.0
2023-03;Região de Saúde do Centro;Centro Hospitalar Tondela-Viseu, EPE;40.516364, -8.0827433;5383;27849;19.3
2023-03;Região de Saúde do Centro;Instituto Português Oncologia de Coimbra, EPE;40.2162514, -8.4103814;1560;10287;15.2
2023-03;Região de Saúde LVT;Centro Hospitalar de Setúbal, EPE;38.5283754, -8.8818638;4742;22849;20.8
2023-03;Região de Saúde LVT;Hospital Fernando Fonseca, EPE;38.7422257, -9.2264834;6537;32426;20.2
2023-03;Região de Saúde Norte;Centro Hospitalar de São João, EPE;41.1831056, -8.6010558;10249;63679;16.1
2023-03;Região de Saúde Norte;Centro Hospitalar Entre Douro e Vouga, EPE;40.9293884, -8.5458794;4541;23732;19.1
2023-03;Região de Saúde Norte;Centro Hospitalar Póvoa de Varzim/Vila do Conde, EPE;41.3828711, -8.7589945;1729;8946;19.3
2023-04;Região de Saúde do Alentejo;Unidade Local de Saúde do Litoral Alentejano, EPE;38.0162314, -8.6956768;2664;13322;20.0
2023-04;Região de Saúde do Centro;Centro Hospitalar Cova da Beira, EPE;40.2804158, -7.4922407;3965;17685;22.4
2023-04;Região de Saúde do Centro;Centro Hospitalar e Universitário de Coimbra, EPE;40.2191523, -8.4098211;22716;117902;19.3
2023-04;Região de Saúde do Centro;Hospital Dr. Francisco Zagalo;40.8571967, -8.6318023;192;2356;8.2
2023-04;Região de Saúde do Centro;Instituto Português Oncologia de Coimbra, EPE;40.2162514, -8.4103814;2124;13852;15.3
2023-04;Região de Saúde LVT;Centro Hospitalar de Lisboa Ocidental, EPE;38.708454, -9.216985;9280;55143;16.8
2023-04;Região de Saúde LVT;Hospital de Loures, EPE;38.821455, -9.176296;3302;21037;15.7
2023-04;Região de Saúde Norte;Hospital de Braga, EPE;41.56785, -8.398982;10459;49366;21.2
2023-04;Região de Saúde Norte;Unidade Local de Saúde do Alto Minho, EPE;41.7056054, -8.8252713;6755;40201;16.8
2023-04;Região de Saúde Norte;Unidade Local de Saúde do Nordeste, EPE;41.8056532, -6.7888197;5861;27877;21.0
2023-05;Região de Saúde do Centro;Centro Hospitalar e Universitário de Coimbra, EPE;40.2191523, -8.4098211;28069;148436;18.9
2023-05;Região de Saúde do Centro;Instituto Português Oncologia de Coimbra, EPE;40.2162514, -8.4103814;2730;17569;15.5
2023-05;Região de Saúde LVT;Centro Hospitalar Médio Tejo, EPE;39.478072, -8.5404429;5890;34129;17.3
2023-05;Região de Saúde LVT;Hospital Distrital de Santarém, EPE;39.2410946, -8.6937515;4693;25372;18.5
2023-05;Região de Saúde LVT;Instituto Gama Pinto;38.7218793, -9.144249;432;2185;19.8
2023-05;Região de Saúde Norte;Centro Hospitalar do Médio Ave, EPE;41.3423984, -8.4802503;3421;19622;17.4
2023-05;Região de Saúde Norte;Centro Hospitalar Entre Douro e Vouga, EPE;40.9293884, -8.5458794;7398;38844;19.0
2023-05;Região de Saúde Norte;Centro Hospitalar Tâmega e Sousa, EPE;41.2494561, -8.264901;10287;46653;22.1
2023-05;Região de Saúde Norte;Hospital Santa Maria Maior, EPE;41.5324234, -8.6171561;1061;9433;11.3
2023-06;Região de Saúde do Alentejo;Hospital Espírito Santo de Évora, EPE;38.5684861, -7.9032848;7267;32737;22.2
2023-06;Região de Saúde do Alentejo;Unidade Local de Saúde do Baixo Alentejo, EPE;38.014123, -7.8721227;6257;31810;19.7
2023-06;Região de Saúde do Alentejo;Unidade Local de Saúde do Norte Alentejano, EPE;39.3003425, -7.4263845;5265;28390;18.5
2023-06;Região de Saúde do Centro;Centro Hospitalar de Leiria, EPE;39.7414812, -8.7982706;7940;43350;18.3
2023-06;Região de Saúde do Centro;Centro Hospitalar e Universitário de Coimbra, EPE;40.2191523, -8.4098211;32904;156897;21.0
2023-06;Região de Saúde do Centro;Hospital Arcebispo João Crisóstomo;40.3470015, -8.5933462;80;1743;4.6
2023-06;Região de Saúde LVT;Centro Hospitalar de Lisboa Ocidental, EPE;38.708454, -9.216985;14152;73971;19.1
2023-06;Região de Saúde LVT;Centro Hospitalar Psiquiátrico de Lisboa;38.7569771, -9.1460705;521;8193;6.4
2023-06;Região de Saúde LVT;Instituto Gama Pinto;38.7218793, -9.144249;537;2391;22.5
2023-06;Região de Saúde LVT;Instituto Português Oncologia de Lisboa, EPE;38.7396768, -9.1634516;6258;37130;16.9
2023-06;Região de Saúde Norte;Centro Hospitalar de São João, EPE;41.1831056, -8.6010558;20040;129986;15.4
2023-07;Região de Saúde do Alentejo;Unidade Local de Saúde do Norte Alentejano, EPE;39.3003425, -7.4263845;6341;33872;18.7
2023-07;Região de Saúde do Centro;Centro Hospitalar Cova da Beira, EPE;40.2804158, -7.4922407;6836;31198;21.9
2023-07;Região de Saúde do Centro;Centro Hospitalar Tondela-Viseu, EPE;40.516364, -8.0827433;12192;63710;19.1
2023-07;Região de Saúde do Centro;Hospital Arcebispo João Crisóstomo;40.3470015, -8.5933462;98;2101;4.7
2023-07;Região de Saúde do Centro;Hospital Dr. Francisco Zagalo;40.8571967, -8.6318023;348;3667;9.5
2023-07;Região de Saúde do Centro;Instituto Português Oncologia de Coimbra, EPE;40.2162514, -8.4103814;4287;24113;17.8
2023-07;Região de Saúde LVT;Centro Hospitalar de Setúbal, EPE;38.5283754, -8.8818638;10802;49256;21.9
2023-07;Região de Saúde LVT;Centro Hospitalar Lisboa Norte, EPE;38.7500861, -9.1616116;33522;155895;21.5
2023-07;Região de Saúde Norte;Centro Hospitalar do Médio Ave, EPE;41.3423984, -8.4802503;4922;25547;19.3
2023-07;Região de Saúde Norte;Hospital Santa Maria Maior, EPE;41.5324234, -8.6171561;1561;12305;12.7
2023-07;Região de Saúde Norte;Unidade Local de Saúde do Alto Minho, EPE;41.7056054, -8.8252713;11803;71110;16.6
2023-08;Região de Saúde do Alentejo;Hospital Espírito Santo de Évora, EPE;38.5684861, -7.9032848;9691;44586;21.7
2023-08;Região de Saúde do Centro;Centro Medicina de Reabilitação da Região Centro Rovisco Pais;40.297919, -8.7707806;455;4627;9.8
2023-08;Região de Saúde LVT;Centro Hospitalar Médio Tejo, EPE;39.478072, -8.5404429;9707;50818;19.1
2023-08;Região de Saúde LVT;Hospital Garcia de Orta, EPE;38.6658713, -9.1822554;14332;79187;18.1
2023-08;Região de Saúde LVT;Instituto Português Oncologia de Lisboa, EPE;38.7396768, -9.1634516;8293;50563;16.4
2023-08;Região de Saúde Norte;Hospital da Senhora da Oliveira, Guimarães, EPE;41.4387173, -8.3086907;11103;56974;19.5
2023-08;Região de Saúde Norte;Unidade Local de Saúde do Nordeste, EPE;41.8056532, -6.7888197;11895;52561;22.6
2023-09;Região de Saúde do Alentejo;Hospital Espírito Santo de Évora, EPE;38.5684861, -7.9032848;10984;50777;21.6
2023-09;Região de Saúde do Alentejo;Unidade Local de Saúde do Norte Alentejano, EPE;39.3003425, -7.4263845;8508;44683;19.0
2023-09;Região de Saúde do Centro;Unidade Local de Saúde de Castelo Branco, EPE;39.8212263, -7.4981271;7855;42525;18.5
2023-09;Região de Saúde LVT;Centro Hospitalar de Lisboa Central, EPE;38.7166948, -9.1371248;35653;221658;16.1
2023-09;Região de Saúde LVT;Centro Hospitalar de Lisboa Ocidental, EPE;38.708454, -9.216985;21364;115298;18.5
2023-09;Região de Saúde LVT;Centro Hospitalar Lisboa Norte, EPE;38.7500861, -9.1616116;43995;200107;22.0
2023-09;Região de Saúde Norte;Centro Hospitalar Entre Douro e Vouga, EPE;40.9293884, -8.5458794;13591;69160;19.7
2023-09;Região de Saúde Norte;Centro Hospitalar Póvoa de Varzim/Vila do Conde, EPE;41.3828711, -8.7589945;5507;26070;21.1
2023-09;Região de Saúde Norte;Hospital de Braga, EPE;41.56785, -8.398982;24614;106437;23.1
2023-09;Região de Saúde Norte;Unidade Local de Saúde de Matosinhos, EPE;41.1794456, -8.6745115;12661;81930;15.5
2023-10;Região de Saúde do Algarve;Centro Hospitalar Universitário do Algarve,EPE;37.0238973, -7.9281554;27188;136096;20.0
2023-10;Região de Saúde do Centro;Unidade Local de Saúde da Guarda, EPE;40.5309916, -7.2734793;12334;70075;17.6
2023-10;Região de Saúde LVT;Hospital de Loures, EPE;38.821455, -9.176296;9168;57979;15.8
2023-10;Região de Saúde LVT;Hospital Distrital de Santarém, EPE;39.2410946, -8.6937515;10032;48811;20.6
2023-10;Região de Saúde LVT;Hospital Fernando Fonseca, EPE;38.7422257, -9.2264834;22065;108661;20.3
2023-10;Região de Saúde LVT;Instituto Português Oncologia de Lisboa, EPE;38.7396768, -9.1634516;10249;63881;16.0
2023-10;Região de Saúde Norte;Centro Hospitalar Universitário de Santo António, EPE;41.1472498, -8.6172617;27522;174919;15.7
2023-10;Região de Saúde Norte;Instituto Português Oncologia do Porto, EPE;41.1785642, -8.6062881;9289;75291;12.3
2023-10;Região de Saúde Norte;Unidade Local de Saúde do Nordeste, EPE;41.8056532, -6.7888197;14927;66676;22.4
2023-11;Região de Saúde do Alentejo;Hospital Espírito Santo de Évora, EPE;38.5684861, -7.9032848;13483;62626;21.5
2023-11;Região de Saúde do Centro;Centro Hospitalar e Universitário de Coimbra, EPE;40.2191523, -8.4098211;60372;309305;19.5
2023-11;Região de Saúde do Centro;Hospital Distrital da Figueira da Foz, EPE;40.117897, -8.8586755;4249;26045;16.3
2023-11;Região de Saúde do Centro;Hospital Dr. Francisco Zagalo;40.8571967, -8.6318023;536;6316;8.5
2023-11;Região de Saúde LVT;Centro Hospitalar Médio Tejo, EPE;39.478072, -8.5404429;13664;71607;19.1
2023-11;Região de Saúde LVT;Hospital Distrital de Santarém, EPE;39.2410946, -8.6937515;11071;57157;19.4
2023-11;Região de Saúde Norte;Centro Hospitalar Tâmega e Sousa, EPE;41.2494561, -8.264901;21946;96985;22.6
2023-11;Região de Saúde Norte;Hospital da Senhora da Oliveira, Guimarães, EPE;41.4387173, -8.3086907;16180;79878;20.3
2023-12;Região de Saúde do Alentejo;Unidade Local de Saúde do Litoral Alentejano, EPE;38.0162314, -8.6956768;8316;40917;20.3
2023-12;Região de Saúde do Centro;Centro Hospitalar do Baixo Vouga, EPE;40.6362453, -8.6543716;11951;81868;14.6
2023-12;Região de Saúde do Centro;Hospital Arcebispo João Crisóstomo;40.3470015, -8.5933462;169;4087;4.2
2023-12;Região de Saúde do Centro;Hospital Dr. Francisco Zagalo;40.8571967, -8.6318023;575;6886;8.4
2023-12;Região de Saúde LVT;Centro Hospitalar Psiquiátrico de Lisboa;38.7569771, -9.1460705;1140;18721;6.1
2023-12;Região de Saúde LVT;Hospital Fernando Fonseca, EPE;38.7422257, -9.2264834;26404;129617;20.4
2023-12;Região de Saúde Norte;Centro Hospitalar Vila Nova de Gaia/Espinho, EPE;41.1094138, -8.5972617;27884;164209;17.0
2023-12;Região de Saúde Norte;Hospital Santa Maria Maior, EPE;41.5324234, -8.6171561;2673;23041;11.6
2024-01;Região de Saúde do Centro;Unidade Local de Saúde Castelo Branco, EPE;39.822737, -7.499876;649;4483;14.5
2024-01;Região de Saúde do Centro;Unidade Local de Saúde da Cova da Beira, EPE;40.2776794433594, -7.0;1199;5607;21.4
2024-01;Região de Saúde do Centro;Unidade Local de Saúde da Região de Aveiro, EPE;40.636332, -8.654388;1533;11701;13.1
2024-01;Região de Saúde LVT;Unidade Local de Saúde de Almada-Seixal, EPE;38.67381, -9.17597;2182;13659;16.0
2024-01;Região de Saúde LVT;Unidade Local de Saúde de Amadora/Sintra, EPE;38.7436332060551, -9.0;2768;16163;17.1
2024-01;Região de Saúde do Centro;Unidade Local de Saúde de Coimbra, EPE;40.217426, -8.410075;5824;36084;16.1
2024-01;Região de Saúde do Centro;Unidade Local de Saúde de Dão-Lafões, EPE;40.6509, -7.91039;1735;12146;14.3
2024-01;Região de Saúde LVT;Unidade Local de Saúde de Loures-Odivelas, EPE;38.821769, -9.176301;1484;7688;19.3
2024-01;Região de Saúde Norte;Unidade Local de Saúde de São João, EPE;41.1833, -8.60193;4857;27097;17.9
2024-01;Região de Saúde LVT;Unidade Local de Saúde do Oeste, EPE;39.4055519104004, -9.0;1408;7799;18.1
2025-01;Região de Saúde do Centro;Instituto Português Oncologia  F. Gentil - Centro, E.P.E.;40.217, -8.40991;875;4570;19.2
2025-01;Região de Saúde Norte;Unidade Local de Saúde da Póvoa de Varzim/Vila do Conde, EPE;41.383183, -8.758784;1457;6150;23.7
2025-01;Região de Saúde do Centro;Unidade Local de Saúde da Região de Leiria, EPE;39.7418, -8.79444;2392;14272;16.8
2025-01;Região de Saúde do Centro;Unidade Local de Saúde de Coimbra, EPE;40.217426, -8.410075;8715;41247;21.1
2025-01;Região de Saúde do Centro;Unidade Local de Saúde de Dão-Lafões, EPE;40.6509, -7.91039;3458;16834;20.5
2025-01;Região de Saúde Norte;Unidade Local de Saúde de Matosinhos, EPE;41.181859, -8.663374;2143;12914;16.6
2025-01;Região de Saúde Norte;Unidade Local de Saúde de Vila Nova de Gaia/Espinho, EPE;41.1254463195801, -8.0;4592;22272;20.6
2025-01;Região de Saúde do Alentejo;Unidade Local de Saúde do Alto Alentejo, EPE;39.2999, -7.4267;1471;6829;21.5
2025-01;Região de Saúde do Alentejo;Unidade Local de Saúde do Baixo Alentejo, EPE;38.0146, -7.86863;1782;7197;24.8
2025-01;Região de Saúde LVT;Unidade Local de Saúde do Estuário do Tejo, EPE;38.977344, -8.984882;1686;7973;21.1
2024-02;Região de Saúde do Centro;Unidade Local de Saúde da Região de Leiria, EPE;39.7418, -8.79444;3344;20902;16.0
2024-02;Região de Saúde LVT;Unidade Local de Saúde de Santa Maria, EPE;38.7500648498535, -9.0;11140;54058;20.6
2024-02;Região de Saúde Norte;Unidade Local de Saúde de Santo António, EPE;41.147283, -8.619536;7235;45827;15.8
2024-02;Região de Saúde Norte;Unidade Local de Saúde de Trás-os-Montes e Alto Douro, EPE;41.310331, -7.760103;4551;28382;16.0
2024-02;Região de Saúde do Algarve;Unidade Local de Saúde do Algarve, EPE;37.024668, -7.928949;5335;40276;13.2
2024-02;Região de Saúde Norte;Unidade Local de Saúde do Alto Minho, EPE;41.697519, -8.832517;3955;21326;18.5
2024-02;Região de Saúde LVT;Unidade Local de Saúde do Arco Ribeirinho, EPE;38.6527214050293, -9.0;2268;16257;14.0
2024-02;Região de Saúde do Alentejo;Unidade Local de Saúde do Baixo Alentejo, EPE;38.0146, -7.86863;2164;12334;17.5
2024-02;Região de Saúde LVT;Unidade Local de Saúde do Médio Tejo, EPE;39.605565, -8.404399;3076;19138;16.1
2024-02;Região de Saúde Norte;Unidade Local de Saúde do Nordeste, EPE;41.802452, -6.768198;3039;15047;20.2
2025-02;Região de Saúde LVT;Unidade Local de Saúde da Lezíria, EPE;39.232503, -8.715083;3658;19410;18.8
2025-02;Região de Saúde LVT;Unidade Local de Saúde de Almada-Seixal, EPE;38.67381, -9.17597;5574;30222;18.4
2025-02;Região de Saúde do Centro;Unidade Local de Saúde de Dão-Lafões, EPE;40.6509, -7.91039;6661;32878;20.3
2025-02;Região de Saúde do Alentejo;Unidade Local de Saúde do Alentejo Central, EPE;38.568838, -7.903064;4319;20587;21.0
2025-02;Região de Saúde LVT;Unidade Local de Saúde do Oeste, EPE;39.4055519104004, -9.0;3483;18240;19.1
2024-03;Região de Saúde do Centro;Unidade Local de Saúde da Cova da Beira, EPE;40.2776794433594, -7.0;2981;16406;18.2
2024-03;Região de Saúde LVT;Unidade Local de Saúde da Lezíria, EPE;39.232503, -8.715083;4126;22697;18.2
2024-03;Região de Saúde LVT;Unidade Local de Saúde de Santa Maria, EPE;38.7500648498535, -9.0;16526;81697;20.2
2024-03;Região de Saúde Norte;Unidade Local de Saúde do Alto Minho, EPE;41.697519, -8.832517;5356;31641;16.9
2024-03;Região de Saúde do Alentejo;Unidade Local de Saúde do Baixo Alentejo, EPE;38.0146, -7.86863;3204;18731;17.1
2024-03;Região de Saúde do Centro;Unidade Local de Saúde do Baixo Mondego, EPE;40.130297609, -8.8606;1230;11056;11.1
2025-03;Região de Saúde LVT;Instituto Português Oncologia  F. Gentil - Lisboa, E.P.E.;38.739946, -9.161139;3687;24376;15.1
2025-03;Região de Saúde LVT;Unidade Local de Saúde da Arrábida, EPE;38.529351, -8.881073;6495;35498;18.3
2025-03;Região de Saúde Norte;Unidade Local de Saúde da Póvoa de Varzim/Vila do Conde, EPE;41.383183, -8.758784;3705;18209;20.4
2025-03;Região de Saúde do Centro;Unidade Local de Saúde da Região de Aveiro, EPE;40.636332, -8.654388;6996;40171;17.4
2025-03;Região de Saúde do Centro;Unidade Local de Saúde da Região de Leiria, EPE;39.7418, -8.79444;6712;37495;17.9
2025-03;Região de Saúde do Algarve;Unidade Local de Saúde do Algarve, EPE;37.024668, -7.928949;13388;70574;19.0
2025-03;Região de Saúde Norte;Unidade Local de Saúde do Alto Minho, EPE;41.697519, -8.832517;6384;34292;18.6
2025-03;Região de Saúde do Alentejo;Unidade Local de Saúde do Litoral Alentejano, EPE;38.039936, -8.731693;2779;13298;20.9
2025-03;Região de Saúde LVT;Unidade Local de Saúde do Médio Tejo, EPE;39.605565, -8.404399;4840;29937;16.2
2024-04;Região de Saúde do Centro;Unidade Local de Saúde da Região de Aveiro, EPE;40.636332, -8.654388;5102;47577;10.7
2024-04;Região de Saúde Norte;Unidade Local de Saúde de Barcelos/Esposende, EPE;41.533438, -8.616604;2004;14643;13.7
2024-04;Região de Saúde Norte;Unidade Local de Saúde de São João, EPE;41.1833, -8.60193;17823;110340;16.2
2024-04;Região de Saúde do Alentejo;Unidade Local de Saúde do Alentejo Central, EPE;38.568838, -7.903064;5766;34586;16.7
2024-04;Região de Saúde Norte;Unidade Local de Saúde do Médio Ave, EPE;41.3422317504883, -8.0;4767;27724;17.2
2024-04;Região de Saúde Norte;Unidade Local de Saúde do Nordeste, EPE;41.802452, -6.768198;5872;30042;19.5
2025-04;Região de Saúde LVT;Instituto Português Oncologia  F. Gentil - Lisboa, E.P.E.;38.739946, -9.161139;4879;32309;15.1
2025-04;Região de Saúde LVT;Unidade Local de Saúde de Almada-Seixal, EPE;38.67381, -9.17597;11416;61143;18.7
2025-04;Região de Saúde LVT;Unidade Local de Saúde de Amadora/Sintra, EPE;38.7436332060551, -9.0;13862;77012;18.0
2025-04;Região de Saúde Norte;Unidade Local de Saúde de Braga, EPE;41.562328338623, -8.3;16752;82329;20.3
2025-04;Região de Saúde Norte;Unidade Local de Saúde de Trás-os-Montes e Alto Douro, EPE;41.310331, -7.760103;10376;68188;15.2
2025-04;Região de Saúde LVT;Unidade Local de Saúde do Estuário do Tejo, EPE;38.977344, -8.984882;6067;31591;19.2
2025-04;Região de Saúde LVT;Unidade Local de Saúde do Oeste, EPE;39.4055519104004, -9.0;6673;35935;18.6
2025-04;Região de Saúde Norte;Unidade Local de Saúde do Tâmega e Sousa, EPE;41.1971153671548, -8.0;14205;71223;19.9
2024-05;Região de Saúde LVT;Hospital de Cascais, PPP;38.730076, -9.418207;;;
2024-05;Região de Saúde do Centro;Unidade Local de Saúde da Guarda, EPE;40.5309943471486, -7.0;6006;38734;15.5
2024-05;Região de Saúde Norte;Unidade Local de Saúde de Entre Douro e Vouga, EPE;40.9295, -8.54567;10490;56318;18.6
2024-05;Região de Saúde Norte;Unidade Local de Saúde de Trás-os-Montes e Alto Douro, EPE;41.310331, -7.760103;11221;71441;15.7
2024-05;Região de Saúde LVT;Unidade Local de Saúde do Arco Ribeirinho, EPE;38.6527214050293, -9.0;5872;41094;14.3
2024-05;Região de Saúde do Alentejo;Unidade Local de Saúde do Baixo Alentejo, EPE;38.0146, -7.86863;5047;31940;15.8
2024-05;Região de Saúde do Alentejo;Unidade Local de Saúde do Litoral Alentejano, EPE;38.039936, -8.731693;3592;17894;20.1
2025-05;Região de Saúde LVT;Unidade Local de Saúde da Lezíria, EPE;39.232503, -8.715083;9230;46366;19.9
2025-05;Região de Saúde do Centro;Unidade Local de Saúde da Região de Aveiro, EPE;40.636332, -8.654388;13314;68914;19.3
2025-05;Região de Saúde LVT;Unidade Local de Saúde de Almada-Seixal, EPE;38.67381, -9.17597;14656;77572;18.9
2025-05;Região de Saúde LVT;Unidade Local de Saúde de Amadora/Sintra, EPE;38.7436332060551, -9.0;17333;96356;18.0
2025-05;Região de Saúde Norte;Unidade Local de Saúde de Braga, EPE;41.562328338623, -8.3;21579;104639;20.6
2025-05;Região de Saúde LVT;Unidade Local de Saúde de Lisboa Ocidental, EPE;38.7084, -9.21711;20193;107228;18.8
2025-05;Região de Saúde Norte;Unidade Local de Saúde de Santo António, EPE;41.147283, -8.619536;23714;136451;17.4
2025-05;Região de Saúde Norte;Unidade Local de Saúde de São João, EPE;41.1833, -8.60193;27232;159962;17.0
2025-05;Região de Saúde Norte;Unidade Local de Saúde de Trás-os-Montes e Alto Douro, EPE;41.310331, -7.760103;13100;85026;15.4
2025-05;Região de Saúde do Algarve;Unidade Local de Saúde do Algarve, EPE;37.024668, -7.928949;21771;119595;18.2
2025-05;Região de Saúde do Alentejo;Unidade Local de Saúde do Alto Alentejo, EPE;39.2999, -7.4267;6338;33041;19.2
2025-05;Região de Saúde Norte;Unidade Local de Saúde do Alto Ave, EPE;41.488574, -8.338685;10482;62902;16.7
2025-05;Região de Saúde LVT;Unidade Local de Saúde do Arco Ribeirinho, EPE;38.6527214050293, -9.0;7737;47723;16.2
2025-05;Região de Saúde LVT;Unidade Local de Saúde do Estuário do Tejo, EPE;38.977344, -8.984882;7504;39321;19.1
2025-05;Região de Saúde do Alentejo;Unidade Local de Saúde do Litoral Alentejano, EPE;38.039936, -8.731693;3907;20134;19.4
2025-05;Região de Saúde Norte;Unidade Local de Saúde do Tâmega e Sousa, EPE;41.1971153671548, -8.0;17927;89076;20.1
2024-06;Região de Saúde LVT;Hospital de Cascais, PPP;38.730076, -9.418207;;;
2024-06;Região de Saúde do Centro;Unidade Local de Saúde da Cova da Beira, EPE;40.2776794433594, -7.0;5673;32791;17.3
2024-06;Região de Saúde Norte;Unidade Local de Saúde da Póvoa de Varzim/Vila do Conde, EPE;41.383183, -8.758784;6543;31555;20.7
2024-06;Região de Saúde Norte;Unidade Local de Saúde de Entre Douro e Vouga, EPE;40.9295, -8.54567;13350;68771;19.4
2024-06;Região de Saúde Norte;Unidade Local de Saúde de Santo António, EPE;41.147283, -8.619536;22623;143811;15.7
2024-06;Região de Saúde Norte;Unidade Local de Saúde de São João, EPE;41.1833, -8.60193;27312;171650;15.9
2024-06;Região de Saúde LVT;Unidade Local de Saúde do Arco Ribeirinho, EPE;38.6527214050293, -9.0;7132;44485;16.0
2024-06;Região de Saúde LVT;Unidade Local de Saúde do Estuário do Tejo, EPE;38.977344, -8.984882;7690;40172;19.1
2024-06;Região de Saúde do Alentejo;Unidade Local de Saúde do Litoral Alentejano, EPE;38.039936, -8.731693;4251;19388;21.9
2024-06;Região de Saúde Norte;Unidade Local de Saúde do Tâmega e Sousa, EPE;41.1971153671548, -8.0;17622;83672;21.1
2025-06;Região de Saúde Norte;Instituto Português Oncologia  F. Gentil - Porto, E.P.E.;41.1811, -8.60469;6655;58381;11.4
2025-06;Região de Saúde do Centro;Unidade Local de Saúde da Cova da Beira, EPE;40.2776794433594, -7.0;7010;37565;18.7
2025-06;Região de Saúde Norte;Unidade Local de Saúde da Póvoa de Varzim/Vila do Conde, EPE;41.383183, -8.758784;7367;33607;21.9
2025-06;Região de Saúde do Centro;Unidade Local de Saúde da Região de Aveiro, EPE;40.636332, -8.654388;12587;70997;17.7
2025-06;Região de Saúde LVT;Unidade Local de Saúde de Lisboa Ocidental, EPE;38.7084, -9.21711;24560;116581;21.1
2025-06;Região de Saúde Norte;Unidade Local de Saúde de Trás-os-Montes e Alto Douro, EPE;41.310331, -7.760103;15899;93083;17.1
2025-06;Região de Saúde Norte;Unidade Local de Saúde do Alto Ave, EPE;41.488574, -8.338685;13167;68996;19.1
2025-06;Região de Saúde LVT;Unidade Local de Saúde do Arco Ribeirinho, EPE;38.6527214050293, -9.0;9215;52507;17.6
2025-06;Região de Saúde Norte;Unidade Local de Saúde do Médio Ave, EPE;41.3422317504883, -8.0;9438;44822;21.1
2025-06;Região de Saúde Norte;Unidade Local de Saúde do Nordeste, EPE;41.802452, -6.768198;11099;47050;23.6
2025-06;Região de Saúde Norte;Unidade Local de Saúde do Tâmega e Sousa, EPE;41.1971153671548, -8.0;21607;97520;22.2
2024-07;Região de Saúde LVT;Hospital de Cascais, PPP;38.730076, -9.418207;;;
2024-07;Região de Saúde do Centro;Instituto Português Oncologia  F. Gentil - Centro, E.P.E.;40.217, -8.40991;3807;25867;14.7
2024-07;Região de Saúde LVT;Unidade Local de Saúde da Arrábida, EPE;38.529351, -8.881073;13580;68926;19.7
2024-07;Região de Saúde Norte;Unidade Local de Saúde da Póvoa de Varzim/Vila do Conde, EPE;41.383183, -8.758784;7601;37026;20.5
2024-07;Região de Saúde Norte;Unidade Local de Saúde de Barcelos/Esposende, EPE;41.533438, -8.616604;4185;24755;16.9
2024-07;Região de Saúde do Centro;Unidade Local de Saúde de Dão-Lafões, EPE;40.6509, -7.91039;18043;93971;19.2
2024-07;Região de Saúde Norte;Unidade Local de Saúde do Alto Minho, EPE;41.697519, -8.832517;13696;77839;17.6
2024-07;Região de Saúde do Alentejo;Unidade Local de Saúde do Litoral Alentejano, EPE;38.039936, -8.731693;5047;23102;21.8
2024-07;Região de Saúde Norte;Unidade Local de Saúde do Nordeste, EPE;41.802452, -6.768198;10405;48579;21.4
2025-07;Região de Saúde do Centro;Instituto Português Oncologia  F. Gentil - Centro, E.P.E.;40.217, -8.40991;4535;29246;15.5
2025-07;Região de Saúde LVT;Unidade Local de Saúde da Arrábida, EPE;38.529351, -8.881073;15219;76346;19.9
2025-07;Região de Saúde LVT;Unidade Local de Saúde da Lezíria, EPE;39.232503, -8.715083;13161;59291;22.2
2025-07;Região de Saúde Norte;Unidade Local de Saúde da Póvoa de Varzim/Vila do Conde, EPE;41.383183, -8.758784;8640;39840;21.7
2025-07;Região de Saúde LVT;Unidade Local de Saúde de Almada-Seixal, EPE;38.67381, -9.17597;21007;106659;19.7
2024-08;Região de Saúde LVT;Instituto Português Oncologia  F. Gentil - Lisboa, E.P.E.;38.739946, -9.161139;8625;55552;15.5
2024-08;Região de Saúde Norte;Instituto Português Oncologia  F. Gentil - Porto, E.P.E.;41.1811, -8.60469;7147;66677;10.7
2024-08;Região de Saúde do Centro;Unidade Local de Saúde da Cova da Beira, EPE;40.2776794433594, -7.0;7458;43831;17.0
2024-08;Região de Saúde Norte;Unidade Local de Saúde da Póvoa de Varzim/Vila do Conde, EPE;41.383183, -8.758784;8651;42328;20.4
2024-08;Região de Saúde do Centro;Unidade Local de Saúde da Região de Leiria, EPE;39.7418, -8.79444;14192;86152;16.5
2024-08;Região de Saúde LVT;Unidade Local de Saúde de Almada-Seixal, EPE;38.67381, -9.17597;21487;115535;18.6
2024-08;Região de Saúde Norte;Unidade Local de Saúde de Barcelos/Esposende, EPE;41.533438, -8.616604;4812;28684;16.8
2024-08;Região de Saúde Norte;Unidade Local de Saúde de Vila Nova de Gaia/Espinho, EPE;41.1254463195801, -8.0;28143;158480;17.8
2024-08;Região de Saúde do Alentejo;Unidade Local de Saúde do Alentejo Central, EPE;38.568838, -7.903064;12228;68061;18.0
2024-08;Região de Saúde do Alentejo;Unidade Local de Saúde do Baixo Alentejo, EPE;38.0146, -7.86863;8056;45545;17.7
2024-08;Região de Saúde Norte;Unidade Local de Saúde do Nordeste, EPE;41.802452, -6.768198;11878;56246;21.1
2024-08;Região de Saúde Norte;Unidade Local de Saúde do Tâmega e Sousa, EPE;41.1971153671548, -8.0;24009;121303;19.8
2024-09;Região de Saúde do Centro;Unidade Local de Saúde Castelo Branco, EPE;39.822737, -7.499876;7803;44797;17.4
2024-09;Região de Saúde do Centro;Unidade Local de Saúde da Cova da Beira, EPE;40.2776794433594, -7.0;8601;49416;17.4
2024-09;Região de Saúde Norte;Unidade Local de Saúde da Póvoa de Varzim/Vila do Conde, EPE;41.383183, -8.758784;9928;48130;20.6
2024-09;Região de Saúde do Centro;Unidade Local de Saúde da Região de Leiria, EPE;39.7418, -8.79444;16453;99842;16.5
2024-09;Região de Saúde Norte;Unidade Local de Saúde de Barcelos/Esposende, EPE;41.533438, -8.616604;5470;32593;16.8
2024-09;Região de Saúde Norte;Unidade Local de Saúde de Matosinhos, EPE;41.181859, -8.663374;15784;96469;16.4
2024-09;Região de Saúde LVT;Unidade Local de Saúde de Santa Maria, EPE;38.7500648498535, -9.0;50663;244188;20.7
2024-09;Região de Saúde LVT;Unidade Local de Saúde do Oeste, EPE;39.4055519104004, -9.0;13057;68809;19.0
2024-10;Região de Saúde LVT;Hospital de Cascais, PPP;38.730076, -9.418207;;;
2024-10;Região de Saúde Norte;Instituto Português Oncologia  F. Gentil - Porto, E.P.E.;41.1811, -8.60469;9288;84632;11.0
2024-10;Região de Saúde do Centro;Unidade Local de Saúde da Guarda, EPE;40.5309943471486, -7.0;13065;74389;17.6
2024-10;Região de Saúde LVT;Unidade Local de Saúde da Lezíria, EPE;39.232503, -8.715083;16177;73545;22.0
2024-10;Região de Saúde do Centro;Unidade Local de Saúde da Região de Aveiro, EPE;40.636332, -8.654388;20870;126661;16.5
2024-10;Região de Saúde do Centro;Unidade Local de Saúde de Dão-Lafões, EPE;40.6509, -7.91039;26867;135986;19.8
2024-10;Região de Saúde LVT;Unidade Local de Saúde de Santa Maria, EPE;38.7500648498535, -9.0;56689;271852;20.9
2024-10;Região de Saúde Norte;Unidade Local de Saúde de Vila Nova de Gaia/Espinho, EPE;41.1254463195801, -8.0;35492;199335;17.8
2024-10;Região de Saúde LVT;Unidade Local de Saúde do Oeste, EPE;39.4055519104004, -9.0;15052;77457;19.4
2024-11;Região de Saúde LVT;Unidade Local de Saúde de Lisboa Ocidental, EPE;38.7084, -9.21711;38100;218015;17.5
2024-11;Região de Saúde Norte;Unidade Local de Saúde de Matosinhos, EPE;41.181859, -8.663374;19413;119203;16.3
2024-11;Região de Saúde Norte;Unidade Local de Saúde de Vila Nova de Gaia/Espinho, EPE;41.1254463195801, -8.0;39534;222721;17.8
2024-11;Região de Saúde Norte;Unidade Local de Saúde do Alto Ave, EPE;41.488574, -8.338685;25592;127954;20.0
2024-11;Região de Saúde LVT;Unidade Local de Saúde do Arco Ribeirinho, EPE;38.6527214050293, -9.0;13882;86933;16.0
2024-11;Região de Saúde do Centro;Unidade Local de Saúde do Baixo Mondego, EPE;40.130297609, -8.8606;6784;41656;16.3
2024-11;Região de Saúde Norte;Unidade Local de Saúde do Médio Ave, EPE;41.3422317504883, -8.0;15938;82012;19.4
2024-12;Região de Saúde LVT;Unidade Local de Saúde de Almada-Seixal, EPE;38.67381, -9.17597;35100;177079;19.8
2024-12;Região de Saúde do Alentejo;Unidade Local de Saúde do Alentejo Central, EPE;38.568838, -7.903064;19399;101478;19.1
2024-12;Região de Saúde do Algarve;Unidade Local de Saúde do Algarve, EPE;37.024668, -7.928949;46061;257796;17.9
2024-12;Região de Saúde Norte;Unidade Local de Saúde do Alto Minho, EPE;41.697519, -8.832517;23705;135423;17.5
2024-12;Região de Saúde do Alentejo;Unidade Local de Saúde do Litoral Alentejano, EPE;38.039936, -8.731693;9198;44156;20.8
2018-01;Região de Saúde do Centro;Centro Hospitalar Cova da Beira, EPE;40.2804158, -7.4922407;435;3073;14.2
2018-01;Região de Saúde do Centro;Centro Hospitalar de Leiria, EPE;39.7414812, -8.7982706;431;4997;8.6
2018-01;Região de Saúde do Centro;Centro Hospitalar do Baixo Vouga, EPE;40.6362453, -8.6543716;610;4853;12.6
2018-01;Região de Saúde LVT;Hospital Distrital de Santarém, EPE;39.2410946, -8.6937515;572;3970;14.4
2018-01;Região de Saúde Norte;Unidade Local de Saúde do Alto Minho, EPE;41.7056054, -8.8252713;490;6610;7.4
2018-01;Região de Saúde Norte;Unidade Local de Saúde do Nordeste, EPE;41.8056532, -6.7888197;879;5158;17.1
2018-02;Região de Saúde do Centro;Instituto Português Oncologia de Coimbra, EPE;40.2162514, -8.4103814;518;4823;10.7
2018-02;Região de Saúde do Centro;Unidade Local de Saúde da Guarda, EPE;40.5309916, -7.2734793;1900;10978;17.3
2018-02;Região de Saúde do Centro;Unidade Local de Saúde de Castelo Branco, EPE;39.8212263, -7.4981271;954;6972;13.7
2018-02;Região de Saúde LVT;Centro Hospitalar de Lisboa Central, EPE;38.7166948, -9.1371248;4269;39748;10.7
2018-02;Região de Saúde LVT;Centro Hospitalar do Oeste;39.4054629, -9.1258493;891;7647;11.7
2018-02;Região de Saúde Norte;Centro Hospitalar do Médio Ave, EPE;41.3423984, -8.4802503;630;5629;11.2
2018-02;Região de Saúde Norte;Centro Hospitalar Trás-os-Montes e Alto Douro, EPE;41.3031784, -7.7515252;1450;13011;11.2
2018-02;Região de Saúde Norte;Hospital de Magalhães Lemos, EPE;41.1764649, -8.6649823;57;1756;3.3
2018-02;Região de Saúde Norte;Instituto Português Oncologia do Porto, EPE;41.1785642, -8.6062881;1017;10703;9.5
2018-03;Região de Saúde do Centro;Unidade Local de Saúde da Guarda, EPE;40.5309916, -7.2734793;2702;15706;17.2
2018-03;Região de Saúde LVT;Centro Hospitalar de Lisboa Central, EPE;38.7166948, -9.1371248;5911;59344;10.0
2018-03;Região de Saúde LVT;Centro Hospitalar do Oeste;39.4054629, -9.1258493;1329;11579;11.5
2018-03;Região de Saúde LVT;Hospital Distrital de Santarém, EPE;39.2410946, -8.6937515;1769;12205;14.5
2018-03;Região de Saúde LVT;Instituto Português Oncologia de Lisboa, EPE;38.7396768, -9.1634516;1631;15128;10.8
2018-03;Região de Saúde Norte;Centro Hospitalar de São João, EPE;41.1831056, -8.6010558;5219;45756;11.4
2018-03;Região de Saúde Norte;Centro Hospitalar Póvoa de Varzim/Vila do Conde, EPE;41.3828711, -8.7589945;791;5798;13.6
2018-03;Região de Saúde Norte;Centro Hospitalar Tâmega e Sousa, EPE;41.2494561, -8.264901;1439;14691;9.8
2018-03;Região de Saúde Norte;Hospital Santa Maria Maior, EPE;41.5324234, -8.6171561;278;3728;7.5
2018-03;Região de Saúde Norte;Unidade Local de Saúde do Nordeste, EPE;41.8056532, -6.7888197;2489;15452;16.1
2018-04;Região de Saúde do Alentejo;Hospital Espírito Santo de Évora, EPE;38.5684861, -7.9032848;2234;16593;13.5
2018-04;Região de Saúde do Centro;Centro Hospitalar Cova da Beira, EPE;40.2804158, -7.4922407;1740;12256;14.2
2018-04;Região de Saúde do Centro;Centro Hospitalar de Leiria, EPE;39.7414812, -8.7982706;2113;20345;10.4
2018-04;Região de Saúde do Centro;Hospital Dr. Francisco Zagalo;40.8571967, -8.6318023;90;1243;7.3
2018-04;Região de Saúde LVT;Hospital de Vila Franca de Xira, PPP;38.977235, -8.984506;546;11563;4.7
2018-04;Região de Saúde Norte;Centro Hospitalar do Médio Ave, EPE;41.3423984, -8.4802503;1111;11028;10.1
2018-04;Região de Saúde Norte;Centro Hospitalar do Porto, EPE;41.1472498, -8.6172617;5314;47108;11.3
2018-04;Região de Saúde Norte;Hospital de Magalhães Lemos, EPE;41.1764649, -8.6649823;117;3774;3.1
2018-04;Região de Saúde Norte;Unidade Local de Saúde de Matosinhos, EPE;41.1794456, -8.6745115;2263;26989;8.4
2018-04;Região de Saúde Norte;Unidade Local de Saúde do Alto Minho, EPE;41.7056054, -8.8252713;3066;28063;10.9
2018-05;Região de Saúde do Alentejo;Unidade Local de Saúde do Norte Alentejano, EPE;39.3003425, -7.4263845;2609;20298;12.9
2018-05;Região de Saúde do Centro;Centro Hospitalar Tondela-Viseu, EPE;40.516364, -8.0827433;3206;29840;10.7
2018-05;Região de Saúde LVT;Centro Hospitalar de Lisboa Central, EPE;38.7166948, -9.1371248;10090;99453;10.1
2018-05;Região de Saúde LVT;Centro Hospitalar Médio Tejo, EPE;39.478072, -8.5404429;2738;23307;11.7
2018-05;Região de Saúde LVT;Hospital Distrital de Santarém, EPE;39.2410946, -8.6937515;2870;20253;14.2
2018-05;Região de Saúde LVT;Instituto Português Oncologia de Lisboa, EPE;38.7396768, -9.1634516;2744;25425;10.8
2018-05;Região de Saúde Norte;Centro Hospitalar Entre Douro e Vouga, EPE;40.9293884, -8.5458794;3092;24033;12.9
2018-05;Região de Saúde Norte;Centro Hospitalar Vila Nova de Gaia/Espinho, EPE;41.1094138, -8.5972617;5512;43987;12.5
2018-05;Região de Saúde Norte;Hospital da Senhora da Oliveira, Guimarães, EPE;41.4387173, -8.3086907;2150;21019;10.2
2018-05;Região de Saúde Norte;Unidade Local de Saúde de Matosinhos, EPE;41.1794456, -8.6745115;2804;33642;8.3
2018-06;Região de Saúde do Alentejo;Unidade Local de Saúde do Norte Alentejano, EPE;39.3003425, -7.4263845;3230;21595;15.0
2018-06;Região de Saúde do Algarve;Centro Hospitalar Universitário do Algarve,EPE;37.0238973, -7.9281554;4883;50139;9.7
2018-06;Região de Saúde do Centro;Centro Hospitalar Cova da Beira, EPE;40.2804158, -7.4922407;2844;18666;15.2
2018-06;Região de Saúde do Centro;Unidade Local de Saúde de Castelo Branco, EPE;39.8212263, -7.4981271;3033;21329;14.2
2018-06;Região de Saúde LVT;Centro Hospitalar de Lisboa Central, EPE;38.7166948, -9.1371248;12320;106595;11.6
2018-06;Região de Saúde LVT;Centro Hospitalar de Lisboa Ocidental, EPE;38.708454, -9.216985;5655;50711;11.2
2018-06;Região de Saúde LVT;Centro Hospitalar Psiquiátrico de Lisboa;38.7569771, -9.1460705;234;6300;3.7
2018-06;Região de Saúde Norte;Centro Hospitalar de São João, EPE;41.1831056, -8.6010558;10381;79171;13.1
2018-06;Região de Saúde Norte;Centro Hospitalar do Porto, EPE;41.1472498, -8.6172617;8233;71559;11.5
2018-06;Região de Saúde Norte;Hospital de Braga, PPP;41.56785, -8.398982;2665;41036;6.5
2018-06;Região de Saúde Norte;Hospital Santa Maria Maior, EPE;41.5324234, -8.6171561;577;6661;8.7
2018-07;Região de Saúde do Alentejo;Unidade Local de Saúde do Litoral Alentejano, EPE;38.0162314, -8.6956768;1981;14489;13.7
2018-07;Região de Saúde do Centro;Centro Hospitalar de Leiria, EPE;39.7414812, -8.7982706;4597;35050;13.1
2018-07;Região de Saúde do Centro;Hospital Arcebispo João Crisóstomo;40.3470015, -8.5933462;42;1291;3.3
2018-07;Região de Saúde LVT;Centro Hospitalar de Lisboa Central, EPE;38.7166948, -9.1371248;14322;126398;11.3
2018-07;Região de Saúde LVT;Hospital de Vila Franca de Xira, PPP;38.977235, -8.984506;975;20539;4.7
2018-07;Região de Saúde LVT;Instituto Português Oncologia de Lisboa, EPE;38.7396768, -9.1634516;3873;31942;12.1
2018-07;Região de Saúde Norte;Centro Hospitalar de São João, EPE;41.1831056, -8.6010558;12486;97032;12.9
2018-07;Região de Saúde Norte;Centro Hospitalar do Médio Ave, EPE;41.3423984, -8.4802503;2120;17639;12.0
2018-07;Região de Saúde Norte;Centro Hospitalar Vila Nova de Gaia/Espinho, EPE;41.1094138, -8.5972617;7823;62064;12.6
2018-07;Região de Saúde Norte;Instituto Português Oncologia do Porto, EPE;41.1785642, -8.6062881;3576;34826;10.3
2018-07;Região de Saúde Norte;Unidade Local de Saúde do Nordeste, EPE;41.8056532, -6.7888197;5830;32662;17.9
2018-08;Região de Saúde do Centro;Centro Hospitalar de Leiria, EPE;39.7414812, -8.7982706;4714;39414;12.0
2018-08;Região de Saúde do Centro;Unidade Local de Saúde de Castelo Branco, EPE;39.8212263, -7.4981271;4249;28683;14.8
2018-08;Região de Saúde LVT;Centro Hospitalar de Lisboa Ocidental, EPE;38.708454, -9.216985;7776;70753;11.0
2018-08;Região de Saúde LVT;Centro Hospitalar Psiquiátrico de Lisboa;38.7569771, -9.1460705;323;8812;3.7
2018-08;Região de Saúde LVT;Instituto Português Oncologia de Lisboa, EPE;38.7396768, -9.1634516;4429;37055;12.0
2018-08;Região de Saúde Norte;Centro Hospitalar do Médio Ave, EPE;41.3423984, -8.4802503;2497;20572;12.1
2018-08;Região de Saúde Norte;Centro Hospitalar Tâmega e Sousa, EPE;41.2494561, -8.264901;4542;37461;12.1
2018-09;Região de Saúde do Centro;Unidade Local de Saúde de Castelo Branco, EPE;39.8212263, -7.4981271;4801;32252;14.9
2018-09;Região de Saúde LVT;Centro Hospitalar Lisboa Norte, EPE;38.7500861, -9.1616116;21379;146436;14.6
2018-09;Região de Saúde LVT;Centro Hospitalar Médio Tejo, EPE;39.478072, -8.5404429;5010;39209;12.8
2018-09;Região de Saúde LVT;Centro Hospitalar Psiquiátrico de Lisboa;38.7569771, -9.1460705;370;10135;3.7
2018-09;Região de Saúde LVT;Instituto Português Oncologia de Lisboa, EPE;38.7396768, -9.1634516;5044;42190;12.0
2018-09;Região de Saúde Norte;Centro Hospitalar do Porto, EPE;41.1472498, -8.6172617;13004;108715;12.0
2018-09;Região de Saúde Norte;Centro Hospitalar Entre Douro e Vouga, EPE;40.9293884, -8.5458794;6176;40525;15.2
2018-09;Região de Saúde Norte;Centro Hospitalar Trás-os-Montes e Alto Douro, EPE;41.3031784, -7.7515252;7111;55800;12.7
2018-09;Região de Saúde Norte;Centro Hospitalar Vila Nova de Gaia/Espinho, EPE;41.1094138, -8.5972617;10244;79871;12.8
2018-10;Região de Saúde do Alentejo;Unidade Local de Saúde do Litoral Alentejano, EPE;38.0162314, -8.6956768;2900;21677;13.4
2018-10;Região de Saúde do Centro;Centro Hospitalar Tondela-Viseu, EPE;40.516364, -8.0827433;6627;60883;10.9
2018-10;Região de Saúde do Centro;Hospital Distrital da Figueira da Foz, EPE;40.117897, -8.8586755;1708;15181;11.3
2018-10;Região de Saúde do Centro;Unidade Local de Saúde da Guarda, EPE;40.5309916, -7.2734793;8441;50695;16.7
2018-10;Região de Saúde LVT;Centro Hospitalar do Oeste, EPE;39.4054629, -9.1258493;4615;36439;12.7
2018-10;Região de Saúde LVT;Centro Hospitalar Lisboa Norte, EPE;38.7500861, -9.1616116;23964;163054;14.7
2018-10;Região de Saúde LVT;Centro Hospitalar Psiquiátrico de Lisboa;38.7569771, -9.1460705;426;11499;3.7
2018-10;Região de Saúde LVT;Hospital de Vila Franca de Xira, PPP;38.977235, -8.984506;1379;29895;4.6
2018-10;Região de Saúde Norte;Instituto Português Oncologia do Porto, EPE;41.1785642, -8.6062881;5210;51819;10.1
2018-10;Região de Saúde Norte;Unidade Local de Saúde do Alto Minho, EPE;41.7056054, -8.8252713;9242;73803;12.5
2018-11;Região de Saúde do Alentejo;Hospital Espírito Santo de Évora, EPE;38.5684861, -7.9032848;6804;44365;15.3
2018-11;Região de Saúde do Alentejo;Unidade Local de Saúde do Litoral Alentejano, EPE;38.0162314, -8.6956768;3213;25680;12.5
2018-11;Região de Saúde do Alentejo;Unidade Local de Saúde do Norte Alentejano, EPE;39.3003425, -7.4263845;6185;44934;13.8
2018-11;Região de Saúde do Centro;Centro Hospitalar do Baixo Vouga, EPE;40.6362453, -8.6543716;6703;52151;12.9
2018-11;Região de Saúde do Centro;Centro Hospitalar Tondela-Viseu, EPE;40.516364, -8.0827433;7599;67074;11.3
2018-11;Região de Saúde do Centro;Centro Medicina de Reabilitação da Região Centro Rovisco Pais;40.297919, -8.7707806;375;4659;8.0
2018-11;Região de Saúde do Centro;Hospital Distrital da Figueira da Foz, EPE;40.117897, -8.8586755;1902;18020;10.6
2018-11;Região de Saúde do Centro;Unidade Local de Saúde da Guarda, EPE;40.5309916, -7.2734793;9790;57580;17.0
2018-11;Região de Saúde do Centro;Unidade Local de Saúde de Castelo Branco, EPE;39.8212263, -7.4981271;5797;39495;14.7
2018-11;Região de Saúde Norte;Centro Hospitalar do Médio Ave, EPE;41.3423984, -8.4802503;3610;31387;11.5
2018-12;Região de Saúde do Alentejo;Hospital Espírito Santo de Évora, EPE;38.5684861, -7.9032848;8006;49736;16.1
2018-12;Região de Saúde do Alentejo;Unidade Local de Saúde do Baixo Alentejo, EPE;38.014123, -7.8721227;6735;52588;12.8
2018-12;Região de Saúde do Alentejo;Unidade Local de Saúde do Litoral Alentejano, EPE;38.0162314, -8.6956768;3577;28122;12.7
2018-12;Região de Saúde do Centro;Centro Hospitalar Cova da Beira, EPE;40.2804158, -7.4922407;5842;37450;15.6
2018-12;Região de Saúde do Centro;Unidade Local de Saúde da Guarda, EPE;40.5309916, -7.2734793;10909;63477;17.2
2018-12;Região de Saúde do Centro;Unidade Local de Saúde de Castelo Branco, EPE;39.8212263, -7.4981271;6511;42960;15.2
2018-12;Região de Saúde LVT;Centro Hospitalar Lisboa Norte, EPE;38.7500861, -9.1616116;28908;196902;14.7
2018-12;Região de Saúde LVT;Centro Hospitalar Psiquiátrico de Lisboa;38.7569771, -9.1460705;522;15172;3.4
2018-12;Região de Saúde LVT;Hospital de Vila Franca de Xira, PPP;38.977235, -8.984506;1675;36282;4.6
2018-12;Região de Saúde Norte;Centro Hospitalar do Porto, EPE;41.1472498, -8.6172617;17294;145348;11.9
2018-12;Região de Saúde Norte;Centro Hospitalar Entre Douro e Vouga, EPE;40.9293884, -8.5458794;9113;61036;14.9
2018-12;Região de Saúde Norte;Centro Hospitalar Trás-os-Montes e Alto Douro, EPE;41.3031784, -7.7515252;9752;80997;12.0
2018-12;Região de Saúde Norte;Unidade Local de Saúde do Alto Minho, EPE;41.7056054, -8.8252713;11657;89654;13.0
2019-01;Região de Saúde do Alentejo;Hospital Espírito Santo de Évora, EPE;38.5684861, -7.9032848;887;4732;18.8
2019-01;Região de Saúde do Alentejo;Unidade Local de Saúde do Baixo Alentejo, EPE;38.014123, -7.8721227;589;4475;13.2
2019-01;Região de Saúde LVT;Centro Hospitalar Barreiro/Montijo, EPE;38.6554005, -9.0592392;527;4684;11.3
2019-01;Região de Saúde LVT;Instituto Gama Pinto;38.7218793, -9.144249;2;247;1.0
2019-01;Região de Saúde Norte;Centro Hospitalar Entre Douro e Vouga, EPE;40.9293884, -8.5458794;781;5169;15.1
2019-01;Região de Saúde Norte;Centro Hospitalar Trás-os-Montes e Alto Douro, EPE;41.3031784, -7.7515252;990;7042;14.1
2019-01;Região de Saúde Norte;Hospital de Braga, PPP;41.56785, -8.398982;537;7280;7.4
2019-02;Região de Saúde do Alentejo;Unidade Local de Saúde do Litoral Alentejano, EPE;38.0162314, -8.6956768;677;4886;13.9
2019-02;Região de Saúde do Centro;Centro Hospitalar Cova da Beira, EPE;40.2804158, -7.4922407;1148;6559;17.5
2019-02;Região de Saúde do Centro;Centro Medicina de Reabilitação da Região Centro Rovisco Pais;40.297919, -8.7707806;68;873;7.8
2019-02;Região de Saúde do Centro;Hospital Arcebispo João Crisóstomo;40.3470015, -8.5933462;20;504;4.2
2019-02;Região de Saúde LVT;Centro Hospitalar de Lisboa Ocidental, EPE;38.708454, -9.216985;2372;20649;11.5
2019-02;Região de Saúde Norte;Unidade Local de Saúde do Alto Minho, EPE;41.7056054, -8.8252713;2072;15271;13.6
2019-03;Região de Saúde do Alentejo;Unidade Local de Saúde do Litoral Alentejano, EPE;38.0162314, -8.6956768;992;7360;13.5
2019-03;Região de Saúde do Algarve;Centro Hospitalar Universitário do Algarve,EPE;37.0238973, -7.9281554;5162;32959;15.7
2019-03;Região de Saúde do Centro;Hospital Dr. Francisco Zagalo;40.8571967, -8.6318023;94;1186;8.0
2019-03;Região de Saúde LVT;Centro Hospitalar Médio Tejo, EPE;39.478072, -8.5404429;2135;15112;14.1
2019-03;Região de Saúde LVT;Hospital de Vila Franca de Xira, PPP;38.977235, -8.984506;476;9369;5.1
2019-03;Região de Saúde LVT;Hospital Garcia de Orta, EPE;38.6658713, -9.1822554;2778;20641;13.5
2019-03;Região de Saúde Norte;Hospital de Braga, PPP;41.56785, -8.398982;1537;21791;7.1
2019-03;Região de Saúde Norte;Unidade Local de Saúde de Matosinhos, EPE;41.1794456, -8.6745115;2635;21645;12.2
2019-04;Região de Saúde do Centro;Unidade Local de Saúde da Guarda, EPE;40.5309916, -7.2734793;3531;22936;15.4
2019-04;Região de Saúde LVT;Centro Hospitalar de Lisboa Ocidental, EPE;38.708454, -9.216985;4775;41359;11.5
2019-04;Região de Saúde Norte;Centro Hospitalar do Médio Ave, EPE;41.3423984, -8.4802503;1620;12039;13.5
2019-04;Região de Saúde Norte;Centro Hospitalar Entre Douro e Vouga, EPE;40.9293884, -8.5458794;3150;20922;15.1
2019-04;Região de Saúde Norte;Centro Hospitalar Póvoa de Varzim/Vila do Conde, EPE;41.3828711, -8.7589945;1368;8395;16.3
2019-04;Região de Saúde Norte;Hospital da Senhora da Oliveira, Guimarães, EPE;41.4387173, -8.3086907;2392;18396;13.0
2019-04;Região de Saúde Norte;Unidade Local de Saúde do Nordeste, EPE;41.8056532, -6.7888197;3787;21678;17.5
2019-05;Região de Saúde LVT;Hospital de Vila Franca de Xira, PPP;38.977235, -8.984506;810;15546;5.2
2019-05;Região de Saúde LVT;Hospital Garcia de Orta, EPE;38.6658713, -9.1822554;5048;35892;14.1
2019-05;Região de Saúde LVT;Instituto Português Oncologia de Lisboa, EPE;38.7396768, -9.1634516;3106;26124;11.9
2019-05;Região de Saúde Norte;Centro Hospitalar do Porto, EPE;41.1472498, -8.6172617;7561;62349;12.1
2019-05;Região de Saúde Norte;Centro Hospitalar Tâmega e Sousa, EPE;41.2494561, -8.264901;4368;28364;15.4
2019-05;Região de Saúde Norte;Unidade Local de Saúde de Matosinhos, EPE;41.1794456, -8.6745115;4506;36282;12.4
2019-06;Região de Saúde do Alentejo;Unidade Local de Saúde do Litoral Alentejano, EPE;38.0162314, -8.6956768;1991;13126;15.2
2019-06;Região de Saúde do Centro;Centro Hospitalar Tondela-Viseu, EPE;40.516364, -8.0827433;5939;36570;16.2
2019-06;Região de Saúde do Centro;Unidade Local de Saúde da Guarda, EPE;40.5309916, -7.2734793;5421;31253;17.3
2019-06;Região de Saúde LVT;Hospital de Vila Franca de Xira, PPP;38.977235, -8.984506;985;18637;5.3
2019-06;Região de Saúde LVT;Instituto Gama Pinto;38.7218793, -9.144249;542;1901;28.5
2019-06;Região de Saúde Norte;Centro Hospitalar Entre Douro e Vouga, EPE;40.9293884, -8.5458794;5086;28263;18.0
2019-06;Região de Saúde Norte;Centro Hospitalar Póvoa de Varzim/Vila do Conde, EPE;41.3828711, -8.7589945;2061;11237;18.3
2019-06;Região de Saúde Norte;Centro Hospitalar Vila Nova de Gaia/Espinho, EPE;41.1094138, -8.5972617;7578;60625;12.5
2019-06;Região de Saúde Norte;Unidade Local de Saúde do Alto Minho, EPE;41.7056054, -8.8252713;6578;46734;14.1
2019-07;Região de Saúde do Alentejo;Unidade Local de Saúde do Norte Alentejano, EPE;39.3003425, -7.4263845;5754;28805;20.0
2019-07;Região de Saúde do Algarve;Centro Hospitalar Universitário do Algarve,EPE;37.0238973, -7.9281554;11853;70642;16.8
2019-07;Região de Saúde do Centro;Centro Hospitalar e Universitário de Coimbra, EPE;40.2191523, -8.4098211;20227;135568;14.9
2019-07;Região de Saúde LVT;Centro Hospitalar do Oeste, EPE;39.4054629, -9.1258493;4210;27252;15.5
2019-07;Região de Saúde Norte;Centro Hospitalar de São João, EPE;41.1831056, -8.6010558;16163;116551;13.9
2019-07;Região de Saúde Norte;Centro Hospitalar do Porto, EPE;41.1472498, -8.6172617;11060;87879;12.6
2019-07;Região de Saúde Norte;Centro Hospitalar Entre Douro e Vouga, EPE;40.9293884, -8.5458794;6316;34123;18.5
2019-07;Região de Saúde Norte;Centro Hospitalar Vila Nova de Gaia/Espinho, EPE;41.1094138, -8.5972617;9197;70832;13.0
2019-07;Região de Saúde Norte;Unidade Local de Saúde de Matosinhos, EPE;41.1794456, -8.6745115;6416;46352;13.8
2019-08;Região de Saúde do Alentejo;Hospital Espírito Santo de Évora, EPE;38.5684861, -7.9032848;6561;34820;18.8
2019-08;Região de Saúde LVT;Centro Hospitalar do Oeste, EPE;39.4054629, -9.1258493;4815;31565;15.3
2019-08;Região de Saúde LVT;Centro Hospitalar Médio Tejo, EPE;39.478072, -8.5404429;5909;38075;15.5
2019-08;Região de Saúde LVT;Hospital Garcia de Orta, EPE;38.6658713, -9.1822554;8641;59124;14.6
2019-08;Região de Saúde LVT;Instituto Gama Pinto;38.7218793, -9.144249;712;2637;27.0
2019-08;Região de Saúde Norte;Centro Hospitalar Tâmega e Sousa, EPE;41.2494561, -8.264901;7132;42277;16.9
2019-08;Região de Saúde Norte;Centro Hospitalar Trás-os-Montes e Alto Douro, EPE;41.3031784, -7.7515252;8810;54119;16.3
2019-08;Região de Saúde Norte;Instituto Português Oncologia do Porto, EPE;41.1785642, -8.6062881;4277;41877;10.2
2019-09;Região de Saúde do Centro;Centro Hospitalar e Universitário de Coimbra, EPE;40.2191523, -8.4098211;26766;181187;14.8
2019-09;Região de Saúde do Centro;Centro Medicina de Reabilitação da Região Centro Rovisco Pais;40.297919, -8.7707806;284;3756;7.6
2019-09;Região de Saúde do Centro;Hospital Arcebispo João Crisóstomo;40.3470015, -8.5933462;110;2084;5.3
2019-09;Região de Saúde do Centro;Hospital Distrital da Figueira da Foz, EPE;40.117897, -8.8586755;2390;16442;14.5
2019-09;Região de Saúde LVT;Centro Hospitalar Médio Tejo, EPE;39.478072, -8.5404429;6594;43264;15.2
2019-09;Região de Saúde Norte;Centro Hospitalar de São João, EPE;41.1831056, -8.6010558;21372;151524;14.1
2019-09;Região de Saúde Norte;Unidade Local de Saúde do Alto Minho, EPE;41.7056054, -8.8252713;10180;70240;14.5
2019-10;Região de Saúde do Alentejo;Unidade Local de Saúde do Norte Alentejano, EPE;39.3003425, -7.4263845;7771;42129;18.4
2019-10;Região de Saúde do Algarve;Centro Hospitalar Universitário do Algarve,EPE;37.0238973, -7.9281554;17142;105016;16.3
2019-10;Região de Saúde do Centro;Centro Hospitalar de Leiria, EPE;39.7414812, -8.7982706;7365;54492;13.5
2019-10;Região de Saúde LVT;Centro Hospitalar de Lisboa Central, EPE;38.7166948, -9.1371248;26084;199932;13.0
2019-10;Região de Saúde Norte;Unidade Local de Saúde de Matosinhos, EPE;41.1794456, -8.6745115;9253;68482;13.5
2019-11;Região de Saúde do Algarve;Centro Hospitalar Universitário do Algarve,EPE;37.0238973, -7.9281554;18948;123557;15.3
2019-11;Região de Saúde do Centro;Hospital Arcebispo João Crisóstomo;40.3470015, -8.5933462;134;2797;4.8
2019-11;Região de Saúde do Centro;Hospital Distrital da Figueira da Foz, EPE;40.117897, -8.8586755;2875;20527;14.0
2019-11;Região de Saúde do Centro;Hospital Dr. Francisco Zagalo;40.8571967, -8.6318023;356;4792;7.4
2019-11;Região de Saúde do Centro;Unidade Local de Saúde da Guarda, EPE;40.5309916, -7.2734793;10392;61378;16.9
2019-11;Região de Saúde LVT;Centro Hospitalar Barreiro/Montijo, EPE;38.6554005, -9.0592392;6501;50889;12.8
2019-11;Região de Saúde LVT;Centro Hospitalar de Lisboa Central, EPE;38.7166948, -9.1371248;28812;225273;12.8
2019-11;Região de Saúde LVT;Centro Hospitalar Médio Tejo, EPE;39.478072, -8.5404429;8012;53953;14.9
2019-11;Região de Saúde LVT;Centro Hospitalar Psiquiátrico de Lisboa;38.7569771, -9.1460705;794;15379;5.2
2019-11;Região de Saúde LVT;Hospital Garcia de Orta, EPE;38.6658713, -9.1822554;12334;83284;14.8
2019-11;Região de Saúde Norte;Centro Hospitalar de São João, EPE;41.1831056, -8.6010558;26436;186824;14.2
2019-11;Região de Saúde Norte;Centro Hospitalar Entre Douro e Vouga, EPE;40.9293884, -8.5458794;10287;60895;16.9
2019-11;Região de Saúde Norte;Instituto Português Oncologia do Porto, EPE;41.1785642, -8.6062881;6015;60134;10.0
2019-12;Região de Saúde do Alentejo;Unidade Local de Saúde do Baixo Alentejo, EPE;38.014123, -7.8721227;8124;54503;14.9
2019-12;Região de Saúde do Centro;Centro Hospitalar Cova da Beira, EPE;40.2804158, -7.4922407;7090;41270;17.2
2019-12;Região de Saúde do Centro;Hospital Distrital da Figueira da Foz, EPE;40.117897, -8.8586755;3221;22627;14.2
2019-12;Região de Saúde do Centro;Unidade Local de Saúde de Castelo Branco, EPE;39.8212263, -7.4981271;7223;46877;15.4
2019-12;Região de Saúde LVT;Centro Hospitalar Médio Tejo, EPE;39.478072, -8.5404429;8883;59204;15.0
2019-12;Região de Saúde LVT;Hospital de Loures, PPP;38.821455, -9.176296;2835;51020;5.6
2019-12;Região de Saúde LVT;Instituto Gama Pinto;38.7218793, -9.144249;1074;4817;22.3
2019-12;Região de Saúde Norte;Centro Hospitalar Trás-os-Montes e Alto Douro, EPE;41.3031784, -7.7515252;13389;90238;14.8
2019-12;Região de Saúde Norte;Hospital de Magalhães Lemos, EPE;41.1764649, -8.6649823;766;12060;6.4
2019-12;Região de Saúde Norte;Unidade Local de Saúde do Alto Minho, EPE;41.7056054, -8.8252713;14296;95390;15.0
2019-12;Região de Saúde Norte;Unidade Local de Saúde do Nordeste, EPE;41.8056532, -6.7888197;11572;65619;17.6
2020-01;Região de Saúde do Alentejo;Unidade Local de Saúde do Baixo Alentejo, EPE;38.014123, -7.8721227;623;4763;13.1
2020-01;Região de Saúde do Centro;Centro Hospitalar do Baixo Vouga, EPE;40.6362453, -8.6543716;843;5654;14.9
2020-01;Região de Saúde do Centro;Centro Hospitalar e Universitário de Coimbra, EPE;40.2191523, -8.4098211;3098;22559;13.7
2020-01;Região de Saúde do Centro;Hospital Arcebispo João Crisóstomo;40.3470015, -8.5933462;12;223;5.4
2020-01;Região de Saúde do Centro;Hospital Distrital da Figueira da Foz, EPE;40.117897, -8.8586755;192;1963;9.8
2020-01;Região de Saúde LVT;Centro Hospitalar Médio Tejo, EPE;39.478072, -8.5404429;780;5438;14.4
2020-01;Região de Saúde LVT;Hospital Garcia de Orta, EPE;38.6658713, -9.1822554;1086;7644;14.2
2020-01;Região de Saúde Norte;Centro Hospitalar de São João, EPE;41.1831056, -8.6010558;2250;17498;12.9
2020-01;Região de Saúde Norte;Centro Hospitalar do Porto, EPE;41.1472498, -8.6172617;1730;13123;13.2
2020-01;Região de Saúde Norte;Hospital da Senhora da Oliveira, Guimarães, EPE;41.4387173, -8.3086907;710;5062;14.0
2020-01;Região de Saúde Norte;Hospital Santa Maria Maior, EPE;41.5324234, -8.6171561;131;1407;9.3
2020-01;Região de Saúde Norte;Instituto Português Oncologia do Porto, EPE;41.1785642, -8.6062881;643;6034;10.7
2020-02;Região de Saúde do Alentejo;Unidade Local de Saúde do Litoral Alentejano, EPE;38.0162314, -8.6956768;809;5260;15.4
2020-02;Região de Saúde do Centro;Unidade Local de Saúde da Guarda, EPE;40.5309916, -7.2734793;1979;12271;16.1
2020-02;Região de Saúde LVT;Centro Hospitalar Barreiro/Montijo, EPE;38.6554005, -9.0592392;1274;10017;12.7
2020-02;Região de Saúde LVT;Centro Hospitalar de Lisboa Ocidental, EPE;38.708454, -9.216985;2649;21874;12.1
2020-02;Região de Saúde LVT;Centro Hospitalar do Oeste, EPE;39.4054629, -9.1258493;1281;9036;14.2
2020-02;Região de Saúde LVT;Centro Hospitalar Lisboa Norte, EPE;38.7500861, -9.1616116;5580;35087;15.9
2020-02;Região de Saúde LVT;Hospital Garcia de Orta, EPE;38.6658713, -9.1822554;2023;15378;13.2
2020-02;Região de Saúde Norte;Centro Hospitalar Trás-os-Montes e Alto Douro, EPE;41.3031784, -7.7515252;2257;15073;15.0
2020-02;Região de Saúde Norte;Unidade Local de Saúde do Nordeste, EPE;41.8056532, -6.7888197;2016;11207;18.0
2020-03;Região de Saúde do Centro;Centro Hospitalar e Universitário de Coimbra, EPE;40.2191523, -8.4098211;9440;66321;14.2
2020-03;Região de Saúde do Centro;Centro Medicina de Reabilitação da Região Centro Rovisco Pais;40.297919, -8.7707806;91;1386;6.6
2020-03;Região de Saúde do Centro;Hospital Dr. Francisco Zagalo;40.8571967, -8.6318023;119;1388;8.6
2020-03;Região de Saúde LVT;Centro Hospitalar de Lisboa Central, EPE;38.7166948, -9.1371248;8006;66420;12.1
2020-03;Região de Saúde LVT;Centro Hospitalar Psiquiátrico de Lisboa;38.7569771, -9.1460705;209;4235;4.9
2020-03;Região de Saúde LVT;Hospital de Vila Franca de Xira, PPP;38.977235, -8.984506;574;9755;5.9
2020-03;Região de Saúde LVT;Hospital Distrital de Santarém, EPE;39.2410946, -8.6937515;2111;13136;16.1
2020-03;Região de Saúde LVT;Instituto Gama Pinto;38.7218793, -9.144249;191;1197;16.0
2020-03;Região de Saúde Norte;Centro Hospitalar Entre Douro e Vouga, EPE;40.9293884, -8.5458794;2573;16949;15.2
2020-03;Região de Saúde Norte;Centro Hospitalar Vila Nova de Gaia/Espinho, EPE;41.1094138, -8.5972617;4590;31283;14.7
2020-03;Região de Saúde Norte;Unidade Local de Saúde de Matosinhos, EPE;41.1794456, -8.6745115;3297;23435;14.1
2020-03;Região de Saúde Norte;Unidade Local de Saúde do Alto Minho, EPE;41.7056054, -8.8252713;3365;24954;13.5
2020-04;Região de Saúde do Centro;Hospital Arcebispo João Crisóstomo;40.3470015, -8.5933462;50;1000;5.1
2020-04;Região de Saúde do Centro;Unidade Local de Saúde da Guarda, EPE;40.5309916, -7.2734793;3754;24312;15.4
2020-04;Região de Saúde LVT;Centro Hospitalar de Setúbal, EPE;38.5283754, -8.8818638;3577;23639;15.1
2020-04;Região de Saúde Norte;Centro Hospitalar do Médio Ave, EPE;41.3423984, -8.4802503;1684;12463;13.5
2020-05;Região de Saúde do Centro;Centro Medicina de Reabilitação da Região Centro Rovisco Pais;40.297919, -8.7707806;162;2334;7.0
2020-05;Região de Saúde LVT;Centro Hospitalar do Oeste, EPE;39.4054629, -9.1258493;3392;22927;14.8
2020-05;Região de Saúde LVT;Instituto Português Oncologia de Lisboa, EPE;38.7396768, -9.1634516;3283;27283;12.0
2020-05;Região de Saúde Norte;Centro Hospitalar Entre Douro e Vouga, EPE;40.9293884, -8.5458794;4796;28450;16.9
2020-05;Região de Saúde Norte;Centro Hospitalar Trás-os-Montes e Alto Douro, EPE;41.3031784, -7.7515252;5671;39206;14.5
2020-05;Região de Saúde Norte;Centro Hospitalar Vila Nova de Gaia/Espinho, EPE;41.1094138, -8.5972617;6284;50648;12.4
2020-05;Região de Saúde Norte;Hospital Santa Maria Maior, EPE;41.5324234, -8.6171561;666;7156;9.3
2020-05;Região de Saúde Norte;Unidade Local de Saúde de Matosinhos, EPE;41.1794456, -8.6745115;5713;39834;14.3
2020-05;Região de Saúde Norte;Unidade Local de Saúde do Alto Minho, EPE;41.7056054, -8.8252713;5997;41753;14.4
2020-06;Região de Saúde do Alentejo;Unidade Local de Saúde do Litoral Alentejano, EPE;38.0162314, -8.6956768;2411;14022;17.2
2020-06;Região de Saúde do Centro;Centro Hospitalar do Baixo Vouga, EPE;40.6362453, -8.6543716;4039;29550;13.7
2020-06;Região de Saúde do Centro;Hospital Distrital da Figueira da Foz, EPE;40.117897, -8.8586755;1343;10812;12.4
2020-06;Região de Saúde do Centro;Instituto Português Oncologia de Coimbra, EPE;40.2162514, -8.4103814;2196;17343;12.7
2020-06;Região de Saúde LVT;Centro Hospitalar Médio Tejo, EPE;39.478072, -8.5404429;4918;29520;16.7
2020-06;Região de Saúde Norte;Centro Hospitalar de São João, EPE;41.1831056, -8.6010558;15355;106735;14.4
2020-06;Região de Saúde Norte;Centro Hospitalar Póvoa de Varzim/Vila do Conde, EPE;41.3828711, -8.7589945;2339;13164;17.8
2020-07;Região de Saúde do Alentejo;Hospital Espírito Santo de Évora, EPE;38.5684861, -7.9032848;5786;31075;18.6
2020-07;Região de Saúde do Alentejo;Unidade Local de Saúde do Baixo Alentejo, EPE;38.014123, -7.8721227;4930;31149;15.8
2020-07;Região de Saúde do Centro;Hospital Arcebispo João Crisóstomo;40.3470015, -8.5933462;91;1638;5.6
2020-07;Região de Saúde do Centro;Hospital Dr. Francisco Zagalo;40.8571967, -8.6318023;320;3122;10.3
2020-07;Região de Saúde do Centro;Instituto Português Oncologia de Coimbra, EPE;40.2162514, -8.4103814;2565;19596;13.1
2020-07;Região de Saúde do Centro;Unidade Local de Saúde de Castelo Branco, EPE;39.8212263, -7.4981271;4249;28194;15.1
2020-07;Região de Saúde LVT;Centro Hospitalar de Lisboa Ocidental, EPE;38.708454, -9.216985;10359;69915;14.8
2020-07;Região de Saúde LVT;Centro Hospitalar de Setúbal, EPE;38.5283754, -8.8818638;6612;37834;17.5
2020-07;Região de Saúde LVT;Hospital Distrital de Santarém, EPE;39.2410946, -8.6937515;5067;27509;18.4
2020-07;Região de Saúde LVT;Instituto Português Oncologia de Lisboa, EPE;38.7396768, -9.1634516;4365;34937;12.5
2020-07;Região de Saúde Norte;Centro Hospitalar de São João, EPE;41.1831056, -8.6010558;18055;124394;14.5
2020-07;Região de Saúde Norte;Centro Hospitalar do Porto, EPE;41.1472498, -8.6172617;14250;94796;15.0
2020-07;Região de Saúde Norte;Centro Hospitalar Póvoa de Varzim/Vila do Conde, EPE;41.3828711, -8.7589945;2731;15625;17.5
2020-07;Região de Saúde Norte;Centro Hospitalar Trás-os-Montes e Alto Douro, EPE;41.3031784, -7.7515252;8102;49302;16.4
2020-07;Região de Saúde Norte;Hospital de Magalhães Lemos, EPE;41.1764649, -8.6649823;513;7666;6.7
2020-08;Região de Saúde do Centro;Centro Hospitalar de Leiria, EPE;39.7414812, -8.7982706;6488;45811;14.2
2020-08;Região de Saúde do Centro;Hospital Arcebispo João Crisóstomo;40.3470015, -8.5933462;105;1919;5.5
2020-08;Região de Saúde LVT;Centro Hospitalar de Setúbal, EPE;38.5283754, -8.8818638;7380;43716;16.9
2020-08;Região de Saúde LVT;Centro Hospitalar do Oeste, EPE;39.4054629, -9.1258493;5570;34281;16.2
2020-08;Região de Saúde Norte;Centro Hospitalar Póvoa de Varzim/Vila do Conde, EPE;41.3828711, -8.7589945;2961;17880;16.6
2020-08;Região de Saúde Norte;Centro Hospitalar Vila Nova de Gaia/Espinho, EPE;41.1094138, -8.5972617;10967;83853;13.1
2020-08;Região de Saúde Norte;Hospital Santa Maria Maior, EPE;41.5324234, -8.6171561;1100;10616;10.4
2020-08;Região de Saúde Norte;Unidade Local de Saúde do Alto Minho, EPE;41.7056054, -8.8252713;10118;67821;14.9
2020-09;Região de Saúde do Algarve;Centro Hospitalar Universitário do Algarve,EPE;37.0238973, -7.9281554;15552;93948;16.6
2020-09;Região de Saúde do Centro;Centro Hospitalar de Leiria, EPE;39.7414812, -8.7982706;7328;51651;14.2
2020-09;Região de Saúde do Centro;Centro Hospitalar Tondela-Viseu, EPE;40.516364, -8.0827433;9121;64344;14.2
2020-09;Região de Saúde do Centro;Hospital Distrital da Figueira da Foz, EPE;40.117897, -8.8586755;2300;17361;13.3
2020-09;Região de Saúde do Centro;Hospital Dr. Francisco Zagalo;40.8571967, -8.6318023;393;4124;9.5
2020-09;Região de Saúde LVT;Centro Hospitalar do Oeste, EPE;39.4054629, -9.1258493;6255;38993;16.0
2020-09;Região de Saúde Norte;Centro Hospitalar de São João, EPE;41.1831056, -8.6010558;24562;161237;15.2
2020-09;Região de Saúde Norte;Centro Hospitalar Tâmega e Sousa, EPE;41.2494561, -8.264901;9292;52546;17.7
2020-09;Região de Saúde Norte;Unidade Local de Saúde do Alto Minho, EPE;41.7056054, -8.8252713;11171;75921;14.7
2020-10;Região de Saúde do Algarve;Centro Hospitalar Universitário do Algarve,EPE;37.0238973, -7.9281554;17350;105506;16.4
2020-10;Região de Saúde do Centro;Centro Hospitalar e Universitário de Coimbra, EPE;40.2191523, -8.4098211;33291;213211;15.6
2020-10;Região de Saúde do Centro;Centro Medicina de Reabilitação da Região Centro Rovisco Pais;40.297919, -8.7707806;344;4334;7.9
2020-10;Região de Saúde LVT;Centro Hospitalar de Lisboa Ocidental, EPE;38.708454, -9.216985;15210;104137;14.6
2020-10;Região de Saúde LVT;Centro Hospitalar Lisboa Norte, EPE;38.7500861, -9.1616116;30416;177976;17.1
2020-10;Região de Saúde LVT;Hospital Garcia de Orta, EPE;38.6658713, -9.1822554;12681;81400;15.6
2020-10;Região de Saúde Norte;Centro Hospitalar Entre Douro e Vouga, EPE;40.9293884, -8.5458794;9583;53715;17.8
2020-10;Região de Saúde Norte;Centro Hospitalar Vila Nova de Gaia/Espinho, EPE;41.1094138, -8.5972617;14199;105665;13.4
2020-10;Região de Saúde Norte;Hospital da Senhora da Oliveira, Guimarães, EPE;41.4387173, -8.3086907;7535;51176;14.7
2020-11;Região de Saúde do Centro;Centro Hospitalar do Baixo Vouga, EPE;40.6362453, -8.6543716;8195;58982;13.9
2020-11;Região de Saúde do Centro;Centro Medicina de Reabilitação da Região Centro Rovisco Pais;40.297919, -8.7707806;380;5172;7.4
2020-11;Região de Saúde do Centro;Unidade Local de Saúde da Guarda, EPE;40.5309916, -7.2734793;11093;65071;17.0
2020-11;Região de Saúde LVT;Centro Hospitalar Lisboa Norte, EPE;38.7500861, -9.1616116;33839;196235;17.2
2020-11;Região de Saúde LVT;Hospital Distrital de Santarém, EPE;39.2410946, -8.6937515;7773;47871;16.2
2020-11;Região de Saúde LVT;Hospital Garcia de Orta, EPE;38.6658713, -9.1822554;14375;89871;16.0
2020-11;Região de Saúde LVT;Instituto Gama Pinto;38.7218793, -9.144249;352;3768;9.4
2020-11;Região de Saúde LVT;Instituto Português Oncologia de Lisboa, EPE;38.7396768, -9.1634516;6939;57323;12.1
2020-11;Região de Saúde Norte;Centro Hospitalar Tâmega e Sousa, EPE;41.2494561, -8.264901;11468;65850;17.4
2020-11;Região de Saúde Norte;Unidade Local de Saúde de Matosinhos, EPE;41.1794456, -8.6745115;12086;83193;14.5
2020-12;Região de Saúde do Algarve;Centro Hospitalar Universitário do Algarve,EPE;37.0238973, -7.9281554;21802;137675;15.8
2020-12;Região de Saúde do Centro;Centro Hospitalar Cova da Beira, EPE;40.2804158, -7.4922407;8078;44069;18.3
2020-12;Região de Saúde do Centro;Centro Hospitalar do Baixo Vouga, EPE;40.6362453, -8.6543716;9862;66421;14.8
2020-12;Região de Saúde do Centro;Hospital Arcebispo João Crisóstomo;40.3470015, -8.5933462;160;3236;5.0
2020-12;Região de Saúde do Centro;Instituto Português Oncologia de Coimbra, EPE;40.2162514, -8.4103814;4628;34654;13.4
2020-12;Região de Saúde LVT;Hospital Garcia de Orta, EPE;38.6658713, -9.1822554;16371;98944;16.5
2020-12;Região de Saúde Norte;Centro Hospitalar Trás-os-Montes e Alto Douro, EPE;41.3031784, -7.7515252;15212;97505;15.6
2020-12;Região de Saúde Norte;Unidade Local de Saúde de Matosinhos, EPE;41.1794456, -8.6745115;13156;94719;13.9
2020-12;Região de Saúde Norte;Unidade Local de Saúde do Alto Minho, EPE;41.7056054, -8.8252713;15558;103500;15.0
2020-12;Região de Saúde Norte;Unidade Local de Saúde do Nordeste, EPE;41.8056532, -6.7888197;14258;73504;19.4
2021-01;Região de Saúde do Algarve;Centro Hospitalar Universitário do Algarve,EPE;37.0238973, -7.9281554;1982;12373;16.0
2021-01;Região de Saúde do Centro;Hospital Dr. Francisco Zagalo;40.8571967, -8.6318023;46;502;9.2
2021-01;Região de Saúde do Centro;Unidade Local de Saúde da Guarda, EPE;40.5309916, -7.2734793;1502;8388;17.9
2021-01;Região de Saúde do Centro;Unidade Local de Saúde de Castelo Branco, EPE;39.8212263, -7.4981271;740;4221;17.5
2021-01;Região de Saúde LVT;Centro Hospitalar Lisboa Norte, EPE;38.7500861, -9.1616116;3858;19083;20.2
2021-01;Região de Saúde LVT;Centro Hospitalar Médio Tejo, EPE;39.478072, -8.5404429;1057;5975;17.7
2021-01;Região de Saúde LVT;Centro Hospitalar Psiquiátrico de Lisboa;38.7569771, -9.1460705;124;1500;8.3
2021-01;Região de Saúde Norte;Centro Hospitalar de São João, EPE;41.1831056, -8.6010558;3345;19076;17.5
2021-01;Região de Saúde Norte;Centro Hospitalar Entre Douro e Vouga, EPE;40.9293884, -8.5458794;1227;6361;19.3
2021-01;Região de Saúde Norte;Centro Hospitalar Póvoa de Varzim/Vila do Conde, EPE;41.3828711, -8.7589945;485;2629;18.5
2021-01;Região de Saúde Norte;Hospital de Magalhães Lemos, EPE;41.1764649, -8.6649823;74;1102;6.7
2021-01;Região de Saúde Norte;Unidade Local de Saúde do Alto Minho, EPE;41.7056054, -8.8252713;1844;9572;19.3
2021-02;Região de Saúde do Alentejo;Hospital Espírito Santo de Évora, EPE;38.5684861, -7.9032848;2279;10664;21.4
2021-02;Região de Saúde do Alentejo;Unidade Local de Saúde do Baixo Alentejo, EPE;38.014123, -7.8721227;2102;10280;20.5
2021-02;Região de Saúde do Alentejo;Unidade Local de Saúde do Norte Alentejano, EPE;39.3003425, -7.4263845;1757;9551;18.4
2021-02;Região de Saúde do Centro;Centro Hospitalar e Universitário de Coimbra, EPE;40.2191523, -8.4098211;7096;48136;14.7
2021-02;Região de Saúde do Centro;Centro Medicina de Reabilitação da Região Centro Rovisco Pais;40.297919, -8.7707806;94;1010;9.3
2021-02;Região de Saúde do Centro;Hospital Distrital da Figueira da Foz, EPE;40.117897, -8.8586755;747;4512;16.6
2021-02;Região de Saúde do Centro;Unidade Local de Saúde da Guarda, EPE;40.5309916, -7.2734793;2815;15305;18.4
2021-02;Região de Saúde LVT;Centro Hospitalar Lisboa Norte, EPE;38.7500861, -9.1616116;7494;37584;19.9
2021-02;Região de Saúde Norte;Centro Hospitalar do Porto, EPE;41.1472498, -8.6172617;5878;30703;19.1
2021-02;Região de Saúde Norte;Centro Hospitalar Trás-os-Montes e Alto Douro, EPE;41.3031784, -7.7515252;3085;16948;18.2
2021-02;Região de Saúde Norte;Hospital Santa Maria Maior, EPE;41.5324234, -8.6171561;444;3281;13.5
2021-03;Região de Saúde do Alentejo;Hospital Espírito Santo de Évora, EPE;38.5684861, -7.9032848;3619;16346;22.1
2021-03;Região de Saúde do Alentejo;Unidade Local de Saúde do Baixo Alentejo, EPE;38.014123, -7.8721227;3313;15824;20.9
2021-03;Região de Saúde do Centro;Centro Hospitalar do Baixo Vouga, EPE;40.6362453, -8.6543716;2117;17693;12.0
2021-03;Região de Saúde do Centro;Hospital Distrital da Figueira da Foz, EPE;40.117897, -8.8586755;833;6430;13.0
2021-03;Região de Saúde LVT;Centro Hospitalar do Oeste, EPE;39.4054629, -9.1258493;2600;15374;16.9
2021-03;Região de Saúde LVT;Hospital Garcia de Orta, EPE;38.6658713, -9.1822554;4261;25687;16.6
2021-03;Região de Saúde LVT;Instituto Português Oncologia de Lisboa, EPE;38.7396768, -9.1634516;2400;17156;14.0
2021-03;Região de Saúde Norte;Centro Hospitalar Tâmega e Sousa, EPE;41.2494561, -8.264901;4181;21977;19.0
2021-03;Região de Saúde Norte;Unidade Local de Saúde do Nordeste, EPE;41.8056532, -6.7888197;4255;19395;21.9
2021-04;Região de Saúde do Alentejo;Unidade Local de Saúde do Baixo Alentejo, EPE;38.014123, -7.8721227;4268;22154;19.3
2021-04;Região de Saúde do Centro;Centro Hospitalar de Leiria, EPE;39.7414812, -8.7982706;3858;24711;15.6
2021-04;Região de Saúde do Centro;Hospital Dr. Francisco Zagalo;40.8571967, -8.6318023;157;2010;7.8
2021-04;Região de Saúde LVT;Centro Hospitalar de Lisboa Central, EPE;38.7166948, -9.1371248;12741;94739;13.4
2021-04;Região de Saúde Norte;Centro Hospitalar Tâmega e Sousa, EPE;41.2494561, -8.264901;5525;29337;18.8
2021-04;Região de Saúde Norte;Centro Hospitalar Trás-os-Montes e Alto Douro, EPE;41.3031784, -7.7515252;5307;33372;15.9
2021-04;Região de Saúde Norte;Unidade Local de Saúde do Alto Minho, EPE;41.7056054, -8.8252713;6448;36862;17.5
2021-05;Região de Saúde do Alentejo;Hospital Espírito Santo de Évora, EPE;38.5684861, -7.9032848;5783;27182;21.3
2021-05;Região de Saúde do Algarve;Centro Hospitalar Universitário do Algarve,EPE;37.0238973, -7.9281554;10285;62603;16.4
2021-05;Região de Saúde do Centro;Hospital Arcebispo João Crisóstomo;40.3470015, -8.5933462;74;1410;5.3
2021-05;Região de Saúde LVT;Hospital Distrital de Santarém, EPE;39.2410946, -8.6937515;5127;24567;20.9
2021-05;Região de Saúde Norte;Unidade Local de Saúde do Alto Minho, EPE;41.7056054, -8.8252713;8101;46221;17.5
2021-06;Região de Saúde do Alentejo;Unidade Local de Saúde do Baixo Alentejo, EPE;38.014123, -7.8721227;5782;29510;19.6
2021-06;Região de Saúde do Alentejo;Unidade Local de Saúde do Litoral Alentejano, EPE;38.0162314, -8.6956768;3816;16884;22.6
2021-06;Região de Saúde do Centro;Centro Hospitalar Cova da Beira, EPE;40.2804158, -7.4922407;4220;22534;18.7
2021-06;Região de Saúde do Centro;Centro Hospitalar do Baixo Vouga, EPE;40.6362453, -8.6543716;4698;32269;14.6
2021-06;Região de Saúde do Centro;Centro Hospitalar Tondela-Viseu, EPE;40.516364, -8.0827433;7483;45911;16.3
2021-06;Região de Saúde do Centro;Centro Medicina de Reabilitação da Região Centro Rovisco Pais;40.297919, -8.7707806;240;2631;9.1
2021-06;Região de Saúde LVT;Centro Hospitalar Barreiro/Montijo, EPE;38.6554005, -9.0592392;4409;29109;15.1
2021-06;Região de Saúde LVT;Hospital de Vila Franca de Xira, EPE;38.977235, -8.984506;1;6082;0.0
2021-06;Região de Saúde LVT;Instituto Gama Pinto;38.7218793, -9.144249;464;2119;21.9
2021-06;Região de Saúde Norte;Hospital Santa Maria Maior, EPE;41.5324234, -8.6171561;1016;8526;11.9
2021-06;Região de Saúde Norte;Unidade Local de Saúde do Nordeste, EPE;41.8056532, -6.7888197;7258;34321;21.1
2021-07;Região de Saúde do Centro;Centro Hospitalar Cova da Beira, EPE;40.2804158, -7.4922407;5154;26678;19.3
2021-07;Região de Saúde do Centro;Centro Hospitalar de Leiria, EPE;39.7414812, -8.7982706;6951;43385;16.0
2021-07;Região de Saúde do Centro;Unidade Local de Saúde de Castelo Branco, EPE;39.8212263, -7.4981271;5296;29910;17.7
2021-07;Região de Saúde Norte;Centro Hospitalar de São João, EPE;41.1831056, -8.6010558;19257;131544;14.6
2021-07;Região de Saúde Norte;Centro Hospitalar do Médio Ave, EPE;41.3423984, -8.4802503;3834;21665;17.7
2021-07;Região de Saúde Norte;Hospital de Braga, EPE;41.56785, -8.398982;14179;66796;21.2
2021-07;Região de Saúde Norte;Hospital Santa Maria Maior, EPE;41.5324234, -8.6171561;1174;10193;11.5
2021-07;Região de Saúde Norte;Instituto Português Oncologia do Porto, EPE;41.1785642, -8.6062881;5274;45546;11.6
2021-08;Região de Saúde do Alentejo;Unidade Local de Saúde do Litoral Alentejano, EPE;38.0162314, -8.6956768;4952;23007;21.5
2021-08;Região de Saúde do Centro;Hospital Arcebispo João Crisóstomo;40.3470015, -8.5933462;120;2119;5.7
2021-08;Região de Saúde do Centro;Unidade Local de Saúde de Castelo Branco, EPE;39.8212263, -7.4981271;6228;34393;18.1
2021-08;Região de Saúde LVT;Centro Hospitalar de Setúbal, EPE;38.5283754, -8.8818638;9656;48636;19.9
2021-08;Região de Saúde LVT;Hospital de Vila Franca de Xira, EPE;38.977235, -8.984506;1271;14690;8.7
2021-08;Região de Saúde LVT;Hospital Garcia de Orta, EPE;38.6658713, -9.1822554;11138;68294;16.3
2021-08;Região de Saúde Norte;Hospital de Magalhães Lemos, EPE;41.1764649, -8.6649823;599;8842;6.8
2021-09;Região de Saúde do Alentejo;Unidade Local de Saúde do Norte Alentejano, EPE;39.3003425, -7.4263845;7679;40054;19.2
2021-09;Região de Saúde LVT;Centro Hospitalar Médio Tejo, EPE;39.478072, -8.5404429;8636;50165;17.2
2021-09;Região de Saúde Norte;Centro Hospitalar de São João, EPE;41.1831056, -8.6010558;24044;168055;14.3
2021-09;Região de Saúde Norte;Hospital de Braga, EPE;41.56785, -8.398982;17623;87125;20.2
2021-09;Região de Saúde Norte;Instituto Português Oncologia do Porto, EPE;41.1785642, -8.6062881;6523;58415;11.2
2021-10;Região de Saúde do Centro;Hospital Dr. Francisco Zagalo;40.8571967, -8.6318023;393;4620;8.5
2021-10;Região de Saúde do Centro;Instituto Português Oncologia de Coimbra, EPE;40.2162514, -8.4103814;3974;28319;14.0
2021-10;Região de Saúde LVT;Hospital Fernando Fonseca, EPE;38.7422257, -9.2264834;16242;93406;17.4
2021-10;Região de Saúde LVT;Hospital Garcia de Orta, EPE;38.6658713, -9.1822554;14002;85549;16.4
2021-10;Região de Saúde Norte;Centro Hospitalar Tâmega e Sousa, EPE;41.2494561, -8.264901;13375;69508;19.2
2021-10;Região de Saúde Norte;Hospital de Braga, EPE;41.56785, -8.398982;19501;97480;20.0
2021-10;Região de Saúde Norte;Hospital de Magalhães Lemos, EPE;41.1764649, -8.6649823;725;11026;6.6
2021-10;Região de Saúde Norte;Unidade Local de Saúde do Nordeste, EPE;41.8056532, -6.7888197;12202;60186;20.3
2021-11;Região de Saúde do Algarve;Centro Hospitalar Universitário do Algarve,EPE;37.0238973, -7.9281554;21663;135917;15.9
2021-11;Região de Saúde do Centro;Centro Hospitalar de Leiria, EPE;39.7414812, -8.7982706;10923;68575;15.9
2021-11;Região de Saúde do Centro;Centro Hospitalar do Baixo Vouga, EPE;40.6362453, -8.6543716;9273;63170;14.7
2021-11;Região de Saúde do Centro;Centro Medicina de Reabilitação da Região Centro Rovisco Pais;40.297919, -8.7707806;423;5682;7.5
2021-11;Região de Saúde do Centro;Hospital Dr. Francisco Zagalo;40.8571967, -8.6318023;469;5554;8.4
2021-11;Região de Saúde LVT;Centro Hospitalar de Lisboa Ocidental, EPE;38.708454, -9.216985;19670;135185;14.6
2021-11;Região de Saúde LVT;Centro Hospitalar Lisboa Norte, EPE;38.7500861, -9.1616116;37427;205935;18.2
2021-11;Região de Saúde LVT;Centro Hospitalar Médio Tejo, EPE;39.478072, -8.5404429;10311;62203;16.6
2021-11;Região de Saúde LVT;Hospital de Vila Franca de Xira, EPE;38.977235, -8.984506;3360;27799;12.1
2021-11;Região de Saúde LVT;Hospital Fernando Fonseca, EPE;38.7422257, -9.2264834;18089;102566;17.6
2021-11;Região de Saúde Norte;Hospital de Magalhães Lemos, EPE;41.1764649, -8.6649823;784;12073;6.5
2021-11;Região de Saúde Norte;Instituto Português Oncologia do Porto, EPE;41.1785642, -8.6062881;7695;71374;10.8
2021-11;Região de Saúde Norte;Unidade Local de Saúde de Matosinhos, EPE;41.1794456, -8.6745115;12643;90490;14.0
2021-11;Região de Saúde Norte;Unidade Local de Saúde do Alto Minho, EPE;41.7056054, -8.8252713;16979;101883;16.7
2021-12;Região de Saúde do Centro;Centro Hospitalar Cova da Beira, EPE;40.2804158, -7.4922407;8941;46139;19.4
2021-12;Região de Saúde do Centro;Unidade Local de Saúde de Castelo Branco, EPE;39.8212263, -7.4981271;8759;50946;17.2
2021-12;Região de Saúde LVT;Centro Hospitalar Barreiro/Montijo, EPE;38.6554005, -9.0592392;8470;61198;13.8
2021-12;Região de Saúde LVT;Centro Hospitalar de Lisboa Central, EPE;38.7166948, -9.1371248;38103;274636;13.9
2021-12;Região de Saúde LVT;Instituto Gama Pinto;38.7218793, -9.144249;1016;4981;20.4
2021-12;Região de Saúde Norte;Centro Hospitalar Entre Douro e Vouga, EPE;40.9293884, -8.5458794;13666;76313;17.9
2021-12;Região de Saúde Norte;Instituto Português Oncologia do Porto, EPE;41.1785642, -8.6062881;8212;73757;11.1
2022-01;Região de Saúde do Centro;Centro Hospitalar de Leiria, EPE;39.7414812, -8.7982706;976;6458;15.1
2022-01;Região de Saúde do Centro;Centro Hospitalar e Universitário de Coimbra, EPE;40.2191523, -8.4098211;3895;24560;15.9
2022-01;Região de Saúde do Centro;Centro Hospitalar Tondela-Viseu, EPE;40.516364, -8.0827433;1164;7701;15.1
2022-01;Região de Saúde do Centro;Centro Medicina de Reabilitação da Região Centro Rovisco Pais;40.297919, -8.7707806;34;542;6.4
2022-01;Região de Saúde do Centro;Hospital Arcebispo João Crisóstomo;40.3470015, -8.5933462;11;285;4.1
2022-01;Região de Saúde do Centro;Hospital Dr. Francisco Zagalo;40.8571967, -8.6318023;58;562;10.5
2022-01;Região de Saúde do Centro;Unidade Local de Saúde da Guarda, EPE;40.5309916, -7.2734793;1036;6709;15.5
2022-01;Região de Saúde LVT;Centro Hospitalar Barreiro/Montijo, EPE;38.6554005, -9.0592392;710;5419;13.1
2022-01;Região de Saúde LVT;Hospital Garcia de Orta, EPE;38.6658713, -9.1822554;1226;8605;14.3
2022-01;Região de Saúde Norte;Centro Hospitalar de São João, EPE;41.1831056, -8.6010558;2576;18524;13.9
2022-01;Região de Saúde Norte;Centro Hospitalar Tâmega e Sousa, EPE;41.2494561, -8.264901;1369;7570;18.1
2022-02;Região de Saúde do Alentejo;Unidade Local de Saúde do Norte Alentejano, EPE;39.3003425, -7.4263845;1713;9761;17.5
2022-02;Região de Saúde do Centro;Centro Hospitalar Cova da Beira, EPE;40.2804158, -7.4922407;1465;7757;18.9
2022-02;Região de Saúde do Centro;Hospital Distrital da Figueira da Foz, EPE;40.117897, -8.8586755;473;4337;10.9
2022-02;Região de Saúde do Centro;Instituto Português Oncologia de Coimbra, EPE;40.2162514, -8.4103814;763;6044;12.6
2022-02;Região de Saúde do Centro;Unidade Local de Saúde da Guarda, EPE;40.5309916, -7.2734793;2231;13694;16.3
2022-02;Região de Saúde LVT;Centro Hospitalar Barreiro/Montijo, EPE;38.6554005, -9.0592392;1455;10823;13.4
2022-02;Região de Saúde LVT;Centro Hospitalar de Setúbal, EPE;38.5283754, -8.8818638;2438;13521;18.0
2022-02;Região de Saúde LVT;Centro Hospitalar Lisboa Norte, EPE;38.7500861, -9.1616116;7040;38171;18.4
2022-02;Região de Saúde LVT;Instituto Gama Pinto;38.7218793, -9.144249;48;677;7.2
2022-02;Região de Saúde Norte;Centro Hospitalar do Médio Ave, EPE;41.3423984, -8.4802503;1336;7197;18.6
2022-02;Região de Saúde Norte;Centro Hospitalar Tâmega e Sousa, EPE;41.2494561, -8.264901;2755;15126;18.2
2022-02;Região de Saúde Norte;Centro Hospitalar Trás-os-Montes e Alto Douro, EPE;41.3031784, -7.7515252;3058;17863;17.1
2022-03;Região de Saúde do Alentejo;Unidade Local de Saúde do Baixo Alentejo, EPE;38.014123, -7.8721227;2964;16428;18.0
2022-03;Região de Saúde do Centro;Centro Hospitalar do Baixo Vouga, EPE;40.6362453, -8.6543716;1500;17285;8.7
2022-03;Região de Saúde LVT;Centro Hospitalar de Setúbal, EPE;38.5283754, -8.8818638;3684;20233;18.2
2022-03;Região de Saúde LVT;Centro Hospitalar Lisboa Norte, EPE;38.7500861, -9.1616116;10174;57074;17.8
2022-03;Região de Saúde LVT;Centro Hospitalar Psiquiátrico de Lisboa;38.7569771, -9.1460705;245;4419;5.5
2022-03;Região de Saúde LVT;Hospital Distrital de Santarém, EPE;39.2410946, -8.6937515;2144;13754;15.6
2022-03;Região de Saúde LVT;Hospital Garcia de Orta, EPE;38.6658713, -9.1822554;3861;25618;15.1
2022-03;Região de Saúde Norte;Centro Hospitalar Póvoa de Varzim/Vila do Conde, EPE;41.3828711, -8.7589945;1349;7955;17.0
2022-03;Região de Saúde Norte;Unidade Local de Saúde do Alto Minho, EPE;41.7056054, -8.8252713;5278;28389;18.6
2022-04;Região de Saúde do Alentejo;Unidade Local de Saúde do Baixo Alentejo, EPE;38.014123, -7.8721227;3708;21593;17.2
2022-04;Região de Saúde do Centro;Centro Hospitalar e Universitário de Coimbra, EPE;40.2191523, -8.4098211;17033;100513;16.9
2022-04;Região de Saúde LVT;Centro Hospitalar do Oeste, EPE;39.4054629, -9.1258493;3374;20724;16.3
2022-04;Região de Saúde LVT;Centro Hospitalar Lisboa Norte, EPE;38.7500861, -9.1616116;13738;76170;18.0
2022-04;Região de Saúde LVT;Hospital de Loures, EPE;38.821455, -9.176296;542;18238;3.0
2022-04;Região de Saúde LVT;Instituto Português Oncologia de Lisboa, EPE;38.7396768, -9.1634516;3220;22851;14.1
2022-04;Região de Saúde Norte;Centro Hospitalar de São João, EPE;41.1831056, -8.6010558;10576;74115;14.3
2022-04;Região de Saúde Norte;Centro Hospitalar do Porto, EPE;41.1472498, -8.6172617;9230;58897;15.7
2022-04;Região de Saúde Norte;Centro Hospitalar Póvoa de Varzim/Vila do Conde, EPE;41.3828711, -8.7589945;1738;10576;16.4
2022-04;Região de Saúde Norte;Centro Hospitalar Tâmega e Sousa, EPE;41.2494561, -8.264901;5324;30288;17.6
2022-04;Região de Saúde Norte;Unidade Local de Saúde de Matosinhos, EPE;41.1794456, -8.6745115;4936;35343;14.0
2022-05;Região de Saúde do Alentejo;Unidade Local de Saúde do Norte Alentejano, EPE;39.3003425, -7.4263845;4097;24079;17.0
2022-05;Região de Saúde do Algarve;Centro Hospitalar Universitário do Algarve,EPE;37.0238973, -7.9281554;10268;63483;16.2
2022-05;Região de Saúde do Centro;Centro Hospitalar Cova da Beira, EPE;40.2804158, -7.4922407;3918;19927;19.7
2022-05;Região de Saúde do Centro;Centro Hospitalar e Universitário de Coimbra, EPE;40.2191523, -8.4098211;21486;127038;16.9
2022-05;Região de Saúde do Centro;Hospital Distrital da Figueira da Foz, EPE;40.117897, -8.8586755;1460;11206;13.0
2022-05;Região de Saúde do Centro;Instituto Português Oncologia de Coimbra, EPE;40.2162514, -8.4103814;1857;15082;12.3
2022-05;Região de Saúde LVT;Centro Hospitalar de Lisboa Ocidental, EPE;38.708454, -9.216985;8489;61167;13.9
2022-05;Região de Saúde LVT;Centro Hospitalar Psiquiátrico de Lisboa;38.7569771, -9.1460705;404;7351;5.5
2022-05;Região de Saúde Norte;Centro Hospitalar Entre Douro e Vouga, EPE;40.9293884, -8.5458794;5937;32767;18.1
2022-05;Região de Saúde Norte;Centro Hospitalar Tâmega e Sousa, EPE;41.2494561, -8.264901;6433;37612;17.1
2022-05;Região de Saúde Norte;Hospital da Senhora da Oliveira, Guimarães, EPE;41.4387173, -8.3086907;4696;29465;15.9
2022-05;Região de Saúde Norte;Unidade Local de Saúde do Alto Minho, EPE;41.7056054, -8.8252713;7916;46379;17.1
2022-06;Região de Saúde do Centro;Centro Medicina de Reabilitação da Região Centro Rovisco Pais;40.297919, -8.7707806;230;2920;7.9
2022-06;Região de Saúde LVT;Centro Hospitalar Barreiro/Montijo, EPE;38.6554005, -9.0592392;4438;29546;15.0
2022-07;Região de Saúde do Alentejo;Unidade Local de Saúde do Norte Alentejano, EPE;39.3003425, -7.4263845;5730;31308;18.3
2022-07;Região de Saúde do Centro;Centro Hospitalar do Baixo Vouga, EPE;40.6362453, -8.6543716;5303;38418;13.8
2022-07;Região de Saúde do Centro;Centro Medicina de Reabilitação da Região Centro Rovisco Pais;40.297919, -8.7707806;266;3468;7.7
2022-07;Região de Saúde do Centro;Hospital Distrital da Figueira da Foz, EPE;40.117897, -8.8586755;2209;14868;14.9
2022-07;Região de Saúde do Centro;Hospital Dr. Francisco Zagalo;40.8571967, -8.6318023;340;3441;9.9
2022-07;Região de Saúde LVT;Centro Hospitalar Barreiro/Montijo, EPE;38.6554005, -9.0592392;5217;34944;14.9
2022-07;Região de Saúde LVT;Centro Hospitalar Psiquiátrico de Lisboa;38.7569771, -9.1460705;579;9415;6.2
2022-07;Região de Saúde Norte;Centro Hospitalar Vila Nova de Gaia/Espinho, EPE;41.1094138, -8.5972617;11906;82736;14.4
2022-07;Região de Saúde Norte;Hospital de Braga, EPE;41.56785, -8.398982;14680;69040;21.3
2022-07;Região de Saúde Norte;Unidade Local de Saúde do Alto Minho, EPE;41.7056054, -8.8252713;10523;64454;16.3
2022-08;Região de Saúde LVT;Centro Hospitalar Barreiro/Montijo, EPE;38.6554005, -9.0592392;5978;40405;14.8
2022-08;Região de Saúde LVT;Centro Hospitalar de Setúbal, EPE;38.5283754, -8.8818638;9931;50104;19.8
2022-08;Região de Saúde LVT;Centro Hospitalar Lisboa Norte, EPE;38.7500861, -9.1616116;28233;153023;18.5
2022-08;Região de Saúde LVT;Centro Hospitalar Médio Tejo, EPE;39.478072, -8.5404429;7734;45384;17.0
2022-08;Região de Saúde LVT;Centro Hospitalar Psiquiátrico de Lisboa;38.7569771, -9.1460705;667;10880;6.1
2022-08;Região de Saúde LVT;Hospital Garcia de Orta, EPE;38.6658713, -9.1822554;11275;70729;15.9
2022-08;Região de Saúde LVT;Instituto Gama Pinto;38.7218793, -9.144249;401;2828;14.2
2022-08;Região de Saúde Norte;Centro Hospitalar de São João, EPE;41.1831056, -8.6010558;22173;151206;14.7
2022-08;Região de Saúde Norte;Centro Hospitalar do Porto, EPE;41.1472498, -8.6172617;17696;117791;15.0
2022-08;Região de Saúde Norte;Hospital de Braga, EPE;41.56785, -8.398982;16466;79909;20.6
2022-08;Região de Saúde Norte;Unidade Local de Saúde do Nordeste, EPE;41.8056532, -6.7888197;9593;47125;20.4
2022-09;Região de Saúde do Algarve;Centro Hospitalar Universitário do Algarve,EPE;37.0238973, -7.9281554;18981;109073;17.4
2022-09;Região de Saúde do Centro;Centro Hospitalar Tondela-Viseu, EPE;40.516364, -8.0827433;11865;72575;16.3
2022-09;Região de Saúde do Centro;Instituto Português Oncologia de Coimbra, EPE;40.2162514, -8.4103814;3537;25747;13.7
2022-09;Região de Saúde LVT;Centro Hospitalar de Setúbal, EPE;38.5283754, -8.8818638;11483;57278;20.0
2022-09;Região de Saúde LVT;Centro Hospitalar Lisboa Norte, EPE;38.7500861, -9.1616116;32813;173245;18.9
2022-09;Região de Saúde LVT;Hospital de Vila Franca de Xira, EPE;38.977235, -8.984506;6380;38488;16.6
2022-09;Região de Saúde LVT;Hospital Garcia de Orta, EPE;38.6658713, -9.1822554;13169;80211;16.4
2022-09;Região de Saúde LVT;Instituto Português Oncologia de Lisboa, EPE;38.7396768, -9.1634516;7547;48570;15.5
2022-09;Região de Saúde Norte;Centro Hospitalar de São João, EPE;41.1831056, -8.6010558;25226;170459;14.8
2022-09;Região de Saúde Norte;Centro Hospitalar Tâmega e Sousa, EPE;41.2494561, -8.264901;12451;64837;19.2
2022-09;Região de Saúde Norte;Centro Hospitalar Vila Nova de Gaia/Espinho, EPE;41.1094138, -8.5972617;15985;107227;14.9
2022-09;Região de Saúde Norte;Hospital Santa Maria Maior, EPE;41.5324234, -8.6171561;1491;14263;10.5
2022-09;Região de Saúde Norte;Unidade Local de Saúde do Alto Minho, EPE;41.7056054, -8.8252713;13655;83303;16.4
2022-10;Região de Saúde do Alentejo;Hospital Espírito Santo de Évora, EPE;38.5684861, -7.9032848;9767;50623;19.3
2022-10;Região de Saúde do Alentejo;Unidade Local de Saúde do Litoral Alentejano, EPE;38.0162314, -8.6956768;5647;29071;19.4
2022-10;Região de Saúde do Alentejo;Unidade Local de Saúde do Norte Alentejano, EPE;39.3003425, -7.4263845;8374;46036;18.2
2022-10;Região de Saúde do Algarve;Centro Hospitalar Universitário do Algarve,EPE;37.0238973, -7.9281554;21426;122223;17.5
2022-10;Região de Saúde do Centro;Centro Hospitalar Cova da Beira, EPE;40.2804158, -7.4922407;8460;40614;20.8
2022-10;Região de Saúde do Centro;Centro Hospitalar e Universitário de Coimbra, EPE;40.2191523, -8.4098211;43170;234163;18.4
2022-10;Região de Saúde do Centro;Unidade Local de Saúde da Guarda, EPE;40.5309916, -7.2734793;11270;65917;17.1
2022-10;Região de Saúde do Centro;Unidade Local de Saúde de Castelo Branco, EPE;39.8212263, -7.4981271;7267;44287;16.4
2022-10;Região de Saúde LVT;Centro Hospitalar de Lisboa Ocidental, EPE;38.708454, -9.216985;18313;116406;15.7
2022-10;Região de Saúde LVT;Hospital de Vila Franca de Xira, EPE;38.977235, -8.984506;7161;42829;16.7
2022-10;Região de Saúde Norte;Hospital de Braga, EPE;41.56785, -8.398982;21294;102363;20.8
2022-10;Região de Saúde Norte;Instituto Português Oncologia do Porto, EPE;41.1785642, -8.6062881;7607;67127;11.3
2022-11;Região de Saúde do Centro;Hospital Distrital da Figueira da Foz, EPE;40.117897, -8.8586755;3680;24013;15.3
2022-11;Região de Saúde do Centro;Hospital Dr. Francisco Zagalo;40.8571967, -8.6318023;515;5928;8.7
2022-11;Região de Saúde LVT;Centro Hospitalar de Setúbal, EPE;38.5283754, -8.8818638;14534;75573;19.2
2022-11;Região de Saúde LVT;Centro Hospitalar Lisboa Norte, EPE;38.7500861, -9.1616116;41871;213814;19.6
2022-11;Região de Saúde Norte;Centro Hospitalar do Porto, EPE;41.1472498, -8.6172617;25261;162241;15.6
2022-11;Região de Saúde Norte;Hospital de Braga, EPE;41.56785, -8.398982;23893;119135;20.1
2022-11;Região de Saúde Norte;Unidade Local de Saúde do Alto Minho, EPE;41.7056054, -8.8252713;17270;103671;16.7
2022-12;Região de Saúde do Alentejo;Unidade Local de Saúde do Norte Alentejano, EPE;39.3003425, -7.4263845;10315;60196;17.1
2022-12;Região de Saúde do Algarve;Centro Hospitalar Universitário do Algarve,EPE;37.0238973, -7.9281554;27777;158981;17.5
2022-12;Região de Saúde do Centro;Centro Hospitalar de Leiria, EPE;39.7414812, -8.7982706;13790;80181;17.2
2022-12;Região de Saúde do Centro;Centro Medicina de Reabilitação da Região Centro Rovisco Pais;40.297919, -8.7707806;554;7046;7.9
2022-12;Região de Saúde do Centro;Unidade Local de Saúde de Castelo Branco, EPE;39.8212263, -7.4981271;9134;52984;17.2
2022-12;Região de Saúde LVT;Centro Hospitalar de Setúbal, EPE;38.5283754, -8.8818638;17291;85146;20.3
2022-12;Região de Saúde LVT;Hospital Garcia de Orta, EPE;38.6658713, -9.1822554;19398;108530;17.9
2022-12;Região de Saúde Norte;Centro Hospitalar de São João, EPE;41.1831056, -8.6010558;37202;238463;15.6
2022-12;Região de Saúde Norte;Centro Hospitalar do Porto, EPE;41.1472498, -8.6172617;29188;182797;16.0
2022-12;Região de Saúde Norte;Centro Hospitalar Entre Douro e Vouga, EPE;40.9293884, -8.5458794;16289;82808;19.7
2023-01;Região de Saúde do Alentejo;Unidade Local de Saúde do Litoral Alentejano, EPE;38.0162314, -8.6956768;661;3333;19.8
2023-01;Região de Saúde do Alentejo;Unidade Local de Saúde do Norte Alentejano, EPE;39.3003425, -7.4263845;985;5320;18.5
2023-01;Região de Saúde do Algarve;Centro Hospitalar Universitário do Algarve,EPE;37.0238973, -7.9281554;1927;13322;14.5
2023-01;Região de Saúde do Centro;Centro Hospitalar Cova da Beira, EPE;40.2804158, -7.4922407;1045;4505;23.2
2023-01;Região de Saúde do Centro;Centro Hospitalar Tondela-Viseu, EPE;40.516364, -8.0827433;1826;8276;22.1
2023-01;Região de Saúde do Centro;Centro Medicina de Reabilitação da Região Centro Rovisco Pais;40.297919, -8.7707806;70;652;10.8
2023-01;Região de Saúde LVT;Hospital de Loures, EPE;38.821455, -9.176296;829;5267;15.7
2023-01;Região de Saúde LVT;Hospital de Vila Franca de Xira, EPE;38.977235, -8.984506;931;4755;19.6
2023-01;Região de Saúde LVT;Hospital Garcia de Orta, EPE;38.6658713, -9.1822554;1820;9624;18.9
2023-01;Região de Saúde Norte;Centro Hospitalar de São João, EPE;41.1831056, -8.6010558;3733;21395;17.4
2023-01;Região de Saúde Norte;Instituto Português Oncologia do Porto, EPE;41.1785642, -8.6062881;917;7707;11.9
2023-01;Região de Saúde Norte;Unidade Local de Saúde de Matosinhos, EPE;41.1794456, -8.6745115;1546;9968;15.5
2023-02;Região de Saúde do Alentejo;Unidade Local de Saúde do Norte Alentejano, EPE;39.3003425, -7.4263845;2053;10803;19.0
2023-02;Região de Saúde do Centro;Centro Hospitalar Cova da Beira, EPE;40.2804158, -7.4922407;2044;8963;22.8
2023-02;Região de Saúde do Centro;Centro Hospitalar de Leiria, EPE;39.7414812, -8.7982706;2911;15259;19.1
2023-02;Região de Saúde do Centro;Hospital Dr. Francisco Zagalo;40.8571967, -8.6318023;93;1254;7.4
2023-02;Região de Saúde LVT;Centro Hospitalar Barreiro/Montijo, EPE;38.6554005, -9.0592392;1994;12106;16.5
2023-02;Região de Saúde LVT;Centro Hospitalar de Lisboa Ocidental, EPE;38.708454, -9.216985;4702;27949;16.8
2023-02;Região de Saúde LVT;Centro Hospitalar Psiquiátrico de Lisboa;38.7569771, -9.1460705;173;3122;5.6
2023-02;Região de Saúde LVT;Hospital Fernando Fonseca, EPE;38.7422257, -9.2264834;4371;21462;20.4
2023-02;Região de Saúde Norte;Centro Hospitalar de São João, EPE;41.1831056, -8.6010558;6979;42547;16.4
2023-02;Região de Saúde Norte;Centro Hospitalar Entre Douro e Vouga, EPE;40.9293884, -8.5458794;3234;16048;20.2
2023-02;Região de Saúde Norte;Centro Hospitalar Trás-os-Montes e Alto Douro, EPE;41.3031784, -7.7515252;3988;20451;19.5
2023-02;Região de Saúde Norte;Centro Hospitalar Universitário de Santo António, EPE;41.1472498, -8.6172617;5785;33791;17.1
2023-02;Região de Saúde Norte;Hospital da Senhora da Oliveira, Guimarães, EPE;41.4387173, -8.3086907;2819;14081;20.0
2023-03;Região de Saúde do Algarve;Centro Hospitalar Universitário do Algarve,EPE;37.0238973, -7.9281554;7714;41154;18.7
2023-03;Região de Saúde do Centro;Centro Hospitalar Cova da Beira, EPE;40.2804158, -7.4922407;2900;13214;21.9
2023-03;Região de Saúde do Centro;Centro Hospitalar e Universitário de Coimbra, EPE;40.2191523, -8.4098211;17166;88621;19.4
2023-03;Região de Saúde do Centro;Centro Medicina de Reabilitação da Região Centro Rovisco Pais;40.297919, -8.7707806;159;1854;8.6
2023-03;Região de Saúde do Centro;Hospital Dr. Francisco Zagalo;40.8571967, -8.6318023;129;1789;7.2
2023-03;Região de Saúde LVT;Centro Hospitalar de Lisboa Central, EPE;38.7166948, -9.1371248;12138;78700;15.4
2023-03;Região de Saúde LVT;Centro Hospitalar Psiquiátrico de Lisboa;38.7569771, -9.1460705;248;4596;5.4
2023-03;Região de Saúde LVT;Instituto Gama Pinto;38.7218793, -9.144249;205;1209;17.0
2023-03;Região de Saúde LVT;Instituto Português Oncologia de Lisboa, EPE;38.7396768, -9.1634516;3260;19983;16.3
2023-03;Região de Saúde Norte;Centro Hospitalar do Médio Ave, EPE;41.3423984, -8.4802503;2181;11803;18.5
2023-03;Região de Saúde Norte;Centro Hospitalar Vila Nova de Gaia/Espinho, EPE;41.1094138, -8.5972617;7018;40843;17.2
2023-03;Região de Saúde Norte;Instituto Português Oncologia do Porto, EPE;41.1785642, -8.6062881;2759;22640;12.2
2023-04;Região de Saúde do Centro;Centro Hospitalar Tondela-Viseu, EPE;40.516364, -8.0827433;6795;36443;18.6
2023-04;Região de Saúde do Centro;Hospital Distrital da Figueira da Foz, EPE;40.117897, -8.8586755;1316;9622;13.7
2023-04;Região de Saúde LVT;Centro Hospitalar do Oeste, EPE;39.4054629, -9.1258493;4050;22212;18.2
2023-04;Região de Saúde LVT;Centro Hospitalar Psiquiátrico de Lisboa;38.7569771, -9.1460705;335;6081;5.5
2023-04;Região de Saúde LVT;Hospital Distrital de Santarém, EPE;39.2410946, -8.6937515;3607;19825;18.2
2023-04;Região de Saúde LVT;Instituto Gama Pinto;38.7218793, -9.144249;315;1694;18.6
2023-05;Região de Saúde do Centro;Centro Hospitalar Tondela-Viseu, EPE;40.516364, -8.0827433;8470;45961;18.4
2023-05;Região de Saúde do Centro;Hospital Arcebispo João Crisóstomo;40.3470015, -8.5933462;64;1648;3.9
2023-05;Região de Saúde do Centro;Hospital Dr. Francisco Zagalo;40.8571967, -8.6318023;238;2942;8.1
2023-05;Região de Saúde LVT;Centro Hospitalar do Oeste, EPE;39.4054629, -9.1258493;5179;28142;18.4
2023-05;Região de Saúde LVT;Hospital Fernando Fonseca, EPE;38.7422257, -9.2264834;10898;54523;20.0
2023-05;Região de Saúde Norte;Centro Hospitalar de São João, EPE;41.1831056, -8.6010558;16836;107411;15.7
2023-05;Região de Saúde Norte;Centro Hospitalar Póvoa de Varzim/Vila do Conde, EPE;41.3828711, -8.7589945;2890;15085;19.2
2023-05;Região de Saúde Norte;Hospital da Senhora da Oliveira, Guimarães, EPE;41.4387173, -8.3086907;7059;35522;19.9
2023-06;Região de Saúde do Centro;Centro Hospitalar Cova da Beira, EPE;40.2804158, -7.4922407;5991;26922;22.3
2023-06;Região de Saúde do Centro;Centro Hospitalar do Baixo Vouga, EPE;40.6362453, -8.6543716;5025;36483;13.8
2023-06;Região de Saúde LVT;Centro Hospitalar Barreiro/Montijo, EPE;38.6554005, -9.0592392;5808;33223;17.5
2023-06;Região de Saúde LVT;Centro Hospitalar de Setúbal, EPE;38.5283754, -8.8818638;9322;41878;22.3
2023-06;Região de Saúde Norte;Centro Hospitalar do Médio Ave, EPE;41.3423984, -8.4802503;4117;21359;19.3
2023-06;Região de Saúde Norte;Centro Hospitalar Entre Douro e Vouga, EPE;40.9293884, -8.5458794;8871;46412;19.1
2023-06;Região de Saúde Norte;Centro Hospitalar Trás-os-Montes e Alto Douro, EPE;41.3031784, -7.7515252;8146;50368;16.2
2023-06;Região de Saúde Norte;Unidade Local de Saúde de Matosinhos, EPE;41.1794456, -8.6745115;8328;52581;15.8
2023-07;Região de Saúde do Centro;Centro Medicina de Reabilitação da Região Centro Rovisco Pais;40.297919, -8.7707806;394;3964;10.0
2023-07;Região de Saúde do Centro;Hospital Distrital da Figueira da Foz, EPE;40.117897, -8.8586755;2557;15895;16.1
2023-07;Região de Saúde LVT;Hospital de Vila Franca de Xira, EPE;38.977235, -8.984506;6294;30950;20.3
2023-07;Região de Saúde LVT;Hospital Fernando Fonseca, EPE;38.7422257, -9.2264834;15323;76607;20.0
2023-07;Região de Saúde LVT;Instituto Gama Pinto;38.7218793, -9.144249;650;2838;22.9
2023-07;Região de Saúde Norte;Centro Hospitalar de São João, EPE;41.1831056, -8.6010558;23638;151434;15.6
2023-07;Região de Saúde Norte;Centro Hospitalar Trás-os-Montes e Alto Douro, EPE;41.3031784, -7.7515252;10165;60690;16.8
2023-07;Região de Saúde Norte;Centro Hospitalar Vila Nova de Gaia/Espinho, EPE;41.1094138, -8.5972617;15922;94993;16.8
2023-08;Região de Saúde do Alentejo;Unidade Local de Saúde do Baixo Alentejo, EPE;38.014123, -7.8721227;8112;43282;18.7
2023-08;Região de Saúde do Centro;Centro Hospitalar Tondela-Viseu, EPE;40.516364, -8.0827433;13920;72809;19.1
2023-08;Região de Saúde do Centro;Hospital Arcebispo João Crisóstomo;40.3470015, -8.5933462;112;2459;4.6
2023-08;Região de Saúde do Centro;Hospital Distrital da Figueira da Foz, EPE;40.117897, -8.8586755;2929;18317;16.0
2023-08;Região de Saúde do Centro;Instituto Português Oncologia de Coimbra, EPE;40.2162514, -8.4103814;4991;27302;18.3
2023-08;Região de Saúde LVT;Centro Hospitalar de Setúbal, EPE;38.5283754, -8.8818638;12023;59120;20.3
2023-08;Região de Saúde LVT;Centro Hospitalar Lisboa Norte, EPE;38.7500861, -9.1616116;38967;178101;21.9
2023-08;Região de Saúde LVT;Hospital Distrital de Santarém, EPE;39.2410946, -8.6937515;7722;38168;20.2
2023-08;Região de Saúde LVT;Instituto Gama Pinto;38.7218793, -9.144249;743;3289;22.6
2023-08;Região de Saúde Norte;Centro Hospitalar Entre Douro e Vouga, EPE;40.9293884, -8.5458794;12056;61677;19.5
2023-08;Região de Saúde Norte;Unidade Local de Saúde do Alto Minho, EPE;41.7056054, -8.8252713;13567;81015;16.7
2023-09;Região de Saúde do Alentejo;Unidade Local de Saúde do Baixo Alentejo, EPE;38.014123, -7.8721227;9187;48703;18.9
2023-09;Região de Saúde do Alentejo;Unidade Local de Saúde do Litoral Alentejano, EPE;38.0162314, -8.6956768;6229;28324;22.0
2023-09;Região de Saúde do Algarve;Centro Hospitalar Universitário do Algarve,EPE;37.0238973, -7.9281554;24411;121646;20.1
2023-09;Região de Saúde do Centro;Centro Medicina de Reabilitação da Região Centro Rovisco Pais;40.297919, -8.7707806;508;5237;9.7
2023-09;Região de Saúde do Centro;Hospital Arcebispo João Crisóstomo;40.3470015, -8.5933462;127;2791;4.6
2023-09;Região de Saúde LVT;Centro Hospitalar Médio Tejo, EPE;39.478072, -8.5404429;10920;57550;19.0
2023-09;Região de Saúde LVT;Hospital de Vila Franca de Xira, EPE;38.977235, -8.984506;8228;40663;20.2
2023-09;Região de Saúde LVT;Instituto Gama Pinto;38.7218793, -9.144249;849;3747;22.7
2023-09;Região de Saúde Norte;Hospital Santa Maria Maior, EPE;41.5324234, -8.6171561;2006;16177;12.4
2023-09;Região de Saúde Norte;Unidade Local de Saúde do Alto Minho, EPE;41.7056054, -8.8252713;15553;91194;17.1
2023-10;Região de Saúde do Centro;Centro Hospitalar de Leiria, EPE;39.7414812, -8.7982706;13262;72091;18.4
2023-10;Região de Saúde do Centro;Centro Hospitalar do Baixo Vouga, EPE;40.6362453, -8.6543716;9467;64514;14.7
2023-10;Região de Saúde do Centro;Centro Hospitalar e Universitário de Coimbra, EPE;40.2191523, -8.4098211;54306;273973;19.8
2023-10;Região de Saúde do Centro;Centro Medicina de Reabilitação da Região Centro Rovisco Pais;40.297919, -8.7707806;559;5838;9.6
2023-10;Região de Saúde LVT;Centro Hospitalar Barreiro/Montijo, EPE;38.6554005, -9.0592392;9797;57366;17.1
2023-10;Região de Saúde LVT;Centro Hospitalar de Setúbal, EPE;38.5283754, -8.8818638;14929;74437;20.1
2023-10;Região de Saúde LVT;Centro Hospitalar Médio Tejo, EPE;39.478072, -8.5404429;12499;64751;19.3
2023-10;Região de Saúde Norte;Centro Hospitalar Tâmega e Sousa, EPE;41.2494561, -8.264901;20145;87611;23.0
2023-10;Região de Saúde Norte;Unidade Local de Saúde de Matosinhos, EPE;41.1794456, -8.6745115;14252;91766;15.5
2023-11;Região de Saúde do Alentejo;Unidade Local de Saúde do Baixo Alentejo, EPE;38.014123, -7.8721227;11055;59447;18.6
2023-11;Região de Saúde do Centro;Centro Hospitalar Tondela-Viseu, EPE;40.516364, -8.0827433;19447;101660;19.1
2023-11;Região de Saúde do Centro;Hospital Arcebispo João Crisóstomo;40.3470015, -8.5933462;153;3704;4.1
2023-11;Região de Saúde LVT;Centro Hospitalar de Setúbal, EPE;38.5283754, -8.8818638;16447;82281;20.0
2023-11;Região de Saúde LVT;Centro Hospitalar Psiquiátrico de Lisboa;38.7569771, -9.1460705;1033;17135;6.0
2023-11;Região de Saúde LVT;Hospital de Vila Franca de Xira, EPE;38.977235, -8.984506;10343;50537;20.5
2023-11;Região de Saúde Norte;Centro Hospitalar de São João, EPE;41.1831056, -8.6010558;38012;239085;15.9
2023-11;Região de Saúde Norte;Centro Hospitalar Universitário de Santo António, EPE;41.1472498, -8.6172617;30221;191524;15.8
2023-11;Região de Saúde Norte;Centro Hospitalar Vila Nova de Gaia/Espinho, EPE;41.1094138, -8.5972617;26289;151182;17.4
2023-11;Região de Saúde Norte;Instituto Português Oncologia do Porto, EPE;41.1785642, -8.6062881;10419;83210;12.5
2023-11;Região de Saúde Norte;Unidade Local de Saúde do Alto Minho, EPE;41.7056054, -8.8252713;19145;111347;17.2
2023-12;Região de Saúde do Alentejo;Hospital Espírito Santo de Évora, EPE;38.5684861, -7.9032848;14858;69594;21.3
2023-12;Região de Saúde do Alentejo;Unidade Local de Saúde do Norte Alentejano, EPE;39.3003425, -7.4263845;11355;65981;17.2
2023-12;Região de Saúde do Centro;Centro Hospitalar de Leiria, EPE;39.7414812, -8.7982706;16006;86680;18.5
2023-12;Região de Saúde do Centro;Centro Medicina de Reabilitação da Região Centro Rovisco Pais;40.297919, -8.7707806;675;7541;9.0
2023-12;Região de Saúde LVT;Hospital de Vila Franca de Xira, EPE;38.977235, -8.984506;11448;55196;20.7
2023-12;Região de Saúde LVT;Instituto Português Oncologia de Lisboa, EPE;38.7396768, -9.1634516;12333;79175;15.6
2023-12;Região de Saúde Norte;Centro Hospitalar do Médio Ave, EPE;41.3423984, -8.4802503;8827;48640;18.1
2023-12;Região de Saúde Norte;Centro Hospitalar Universitário de Santo António, EPE;41.1472498, -8.6172617;33529;209841;16.0
2023-12;Região de Saúde Norte;Hospital de Braga, EPE;41.56785, -8.398982;32389;143204;22.6
2023-12;Região de Saúde Norte;Unidade Local de Saúde do Nordeste, EPE;41.8056532, -6.7888197;17780;84388;21.1
2024-01;Região de Saúde LVT;Unidade Local de Saúde da Lezíria, EPE;39.232503, -8.715083;1497;7695;19.5
2024-01;Região de Saúde do Centro;Unidade Local de Saúde da Região de Leiria, EPE;39.7418, -8.79444;1142;10903;10.5
2024-01;Região de Saúde Norte;Unidade Local de Saúde de Braga, EPE;41.562328338623, -8.3;4472;18498;24.2
2024-01;Região de Saúde LVT;Unidade Local de Saúde de São José, EPE;38.7169, -9.13654;5553;34399;16.1
2024-01;Região de Saúde Norte;Unidade Local de Saúde de Trás-os-Montes e Alto Douro, EPE;41.310331, -7.760103;2443;14421;16.9
2024-01;Região de Saúde Norte;Unidade Local de Saúde de Vila Nova de Gaia/Espinho, EPE;41.1254463195801, -8.0;2741;17862;15.3
2024-01;Região de Saúde LVT;Unidade Local de Saúde do Estuário do Tejo, EPE;38.977344, -8.984882;1309;6973;18.8
2024-01;Região de Saúde LVT;Unidade Local de Saúde do Médio Tejo, EPE;39.605565, -8.404399;1405;8827;15.9
2024-01;Região de Saúde Norte;Unidade Local de Saúde do Nordeste, EPE;41.802452, -6.768198;1619;7380;21.9
2025-01;Região de Saúde LVT;Hospital de Cascais, PPP;38.730076, -9.418207;;;
2025-01;Região de Saúde LVT;Unidade Local de Saúde da Arrábida, EPE;38.529351, -8.881073;2558;12314;20.8
2025-01;Região de Saúde do Centro;Unidade Local de Saúde da Região de Aveiro, EPE;40.636332, -8.654388;2729;14070;19.4
2025-01;Região de Saúde Norte;Unidade Local de Saúde de Barcelos/Esposende, EPE;41.533438, -8.616604;690;4601;15.0
2025-01;Região de Saúde Norte;Unidade Local de Saúde de Braga, EPE;41.562328338623, -8.3;4966;20452;24.3
2025-01;Região de Saúde Norte;Unidade Local de Saúde de Entre Douro e Vouga, EPE;40.9295, -8.54567;3291;15013;21.9
2025-01;Região de Saúde Norte;Unidade Local de Saúde de Santo António, EPE;41.147283, -8.619536;5000;27279;18.3
2025-01;Região de Saúde Norte;Unidade Local de Saúde de São João, EPE;41.1833, -8.60193;5661;30608;18.5
2025-01;Região de Saúde do Algarve;Unidade Local de Saúde do Algarve, EPE;37.024668, -7.928949;4902;22866;21.4
2025-01;Região de Saúde Norte;Unidade Local de Saúde do Alto Ave, EPE;41.488574, -8.338685;2461;11006;22.4
2025-01;Região de Saúde Norte;Unidade Local de Saúde do Alto Minho, EPE;41.697519, -8.832517;2180;11043;19.7
2025-01;Região de Saúde do Alentejo;Unidade Local de Saúde do Litoral Alentejano, EPE;38.039936, -8.731693;1006;4640;21.7
2025-01;Região de Saúde Norte;Unidade Local de Saúde do Nordeste, EPE;41.802452, -6.768198;1889;8064;23.4
2025-01;Região de Saúde LVT;Unidade Local de Saúde do Oeste, EPE;39.4055519104004, -9.0;1873;9347;20.0
2024-02;Região de Saúde LVT;Unidade Local de Saúde da Arrábida, EPE;38.529351, -8.881073;3738;20827;17.9
2024-02;Região de Saúde do Centro;Unidade Local de Saúde da Guarda, EPE;40.5309943471486, -7.0;2471;15497;15.9
2024-02;Região de Saúde LVT;Unidade Local de Saúde da Lezíria, EPE;39.232503, -8.715083;2917;15422;18.9
2024-02;Região de Saúde LVT;Unidade Local de Saúde de Amadora/Sintra, EPE;38.7436332060551, -9.0;5201;32270;16.1
2024-02;Região de Saúde do Centro;Unidade Local de Saúde de Coimbra, EPE;40.217426, -8.410075;11970;72835;16.4
2024-02;Região de Saúde LVT;Unidade Local de Saúde do Estuário do Tejo, EPE;38.977344, -8.984882;2458;13666;18.0
2025-02;Região de Saúde do Centro;Instituto Português Oncologia  F. Gentil - Centro, E.P.E.;40.217, -8.40991;1792;9189;19.5
2025-02;Região de Saúde do Centro;Unidade Local de Saúde da Guarda, EPE;40.5309943471486, -7.0;3456;17973;19.2
2025-02;Região de Saúde do Centro;Unidade Local de Saúde da Região de Aveiro, EPE;40.636332, -8.654388;4974;27210;18.3
2025-02;Região de Saúde do Centro;Unidade Local de Saúde da Região de Leiria, EPE;39.7418, -8.79444;5028;27597;18.2
2025-02;Região de Saúde LVT;Unidade Local de Saúde de Amadora/Sintra, EPE;38.7436332060551, -9.0;7027;37331;18.8
2025-02;Região de Saúde Norte;Unidade Local de Saúde de Entre Douro e Vouga, EPE;40.9295, -8.54567;6207;29456;21.1
2025-02;Região de Saúde Norte;Unidade Local de Saúde de São João, EPE;41.1833, -8.60193;10904;64608;16.9
2025-02;Região de Saúde LVT;Unidade Local de Saúde do Arco Ribeirinho, EPE;38.6527214050293, -9.0;3267;19297;16.9
2024-03;Região de Saúde LVT;Hospital de Cascais, PPP;38.730076, -9.418207;;;
2024-03;Região de Saúde LVT;Unidade Local de Saúde de Almada-Seixal, EPE;38.67381, -9.17597;6490;41571;15.6
2024-03;Região de Saúde Norte;Unidade Local de Saúde de Entre Douro e Vouga, EPE;40.9295, -8.54567;5960;33080;18.0
2024-03;Região de Saúde LVT;Unidade Local de Saúde de Lisboa Ocidental, EPE;38.7084, -9.21711;9074;56835;16.0
2024-03;Região de Saúde Norte;Unidade Local de Saúde de São João, EPE;41.1833, -8.60193;13227;82175;16.1
2024-03;Região de Saúde Norte;Unidade Local de Saúde do Médio Ave, EPE;41.3422317504883, -8.0;3617;20842;17.4
2024-03;Região de Saúde Norte;Unidade Local de Saúde do Nordeste, EPE;41.802452, -6.768198;4238;22014;19.3
2025-03;Região de Saúde LVT;Hospital de Cascais, PPP;38.730076, -9.418207;;;
2025-03;Região de Saúde LVT;Unidade Local de Saúde de Amadora/Sintra, EPE;38.7436332060551, -9.0;10298;57180;18.0
2025-03;Região de Saúde LVT;Unidade Local de Saúde de Lisboa Ocidental, EPE;38.7084, -9.21711;11760;64519;18.2
2025-03;Região de Saúde Norte;Unidade Local de Saúde de São João, EPE;41.1833, -8.60193;15824;95111;16.6
2025-03;Região de Saúde do Alentejo;Unidade Local de Saúde do Alentejo Central, EPE;38.568838, -7.903064;6023;30089;20.0
2025-03;Região de Saúde LVT;Unidade Local de Saúde do Arco Ribeirinho, EPE;38.6527214050293, -9.0;4880;30007;16.3
2024-04;Região de Saúde LVT;Unidade Local de Saúde da Arrábida, EPE;38.529351, -8.881073;7352;42487;17.3
2024-04;Região de Saúde Norte;Unidade Local de Saúde da Póvoa de Varzim/Vila do Conde, EPE;41.383183, -8.758784;2792;19750;14.1
2024-04;Região de Saúde do Centro;Unidade Local de Saúde da Região de Leiria, EPE;39.7418, -8.79444;6295;41692;15.1
2024-04;Região de Saúde Norte;Unidade Local de Saúde de Braga, EPE;41.562328338623, -8.3;11142;66500;16.8
2024-04;Região de Saúde Norte;Unidade Local de Saúde de Vila Nova de Gaia/Espinho, EPE;41.1254463195801, -8.0;10332;74049;14.0
2024-04;Região de Saúde do Alentejo;Unidade Local de Saúde do Alto Alentejo, EPE;39.2999, -7.4267;4202;23771;17.7
2024-04;Região de Saúde Norte;Unidade Local de Saúde do Alto Minho, EPE;41.697519, -8.832517;7243;42579;17.0
2024-04;Região de Saúde LVT;Unidade Local de Saúde do Estuário do Tejo, EPE;38.977344, -8.984882;4646;27023;17.2
2025-04;Região de Saúde do Centro;Unidade Local de Saúde Castelo Branco, EPE;39.822737, -7.499876;4169;22410;18.6
2025-04;Região de Saúde LVT;Unidade Local de Saúde da Lezíria, EPE;39.232503, -8.715083;7523;37239;20.2
2025-04;Região de Saúde Norte;Unidade Local de Saúde da Póvoa de Varzim/Vila do Conde, EPE;41.383183, -8.758784;4827;24071;20.1
2025-04;Região de Saúde Norte;Unidade Local de Saúde de Entre Douro e Vouga, EPE;40.9295, -8.54567;11970;58404;20.5
2025-04;Região de Saúde Norte;Unidade Local de Saúde de Matosinhos, EPE;41.181859, -8.663374;7593;50801;14.9
2025-04;Região de Saúde Norte;Unidade Local de Saúde de São João, EPE;41.1833, -8.60193;21480;127846;16.8
2025-04;Região de Saúde LVT;Unidade Local de Saúde de São José, EPE;38.7169, -9.13654;22485;152997;14.7
2025-04;Região de Saúde do Alentejo;Unidade Local de Saúde do Alentejo Central, EPE;38.568838, -7.903064;7692;40102;19.2
2025-04;Região de Saúde LVT;Unidade Local de Saúde do Médio Tejo, EPE;39.605565, -8.404399;6040;38750;15.6
2024-05;Região de Saúde Norte;Instituto Português Oncologia  F. Gentil - Porto, E.P.E.;41.1811, -8.60469;3702;41272;9.0
2024-05;Região de Saúde do Centro;Unidade Local de Saúde da Cova da Beira, EPE;40.2776794433594, -7.0;4960;27622;18.0
2024-05;Região de Saúde do Centro;Unidade Local de Saúde da Região de Aveiro, EPE;40.636332, -8.654388;9092;62861;14.5
2024-05;Região de Saúde LVT;Unidade Local de Saúde de Almada-Seixal, EPE;38.67381, -9.17597;12630;71663;17.6
2024-05;Região de Saúde Norte;Unidade Local de Saúde de Braga, EPE;41.562328338623, -8.3;18037;87780;20.5
2024-05;Região de Saúde Norte;Unidade Local de Saúde de Santo António, EPE;41.147283, -8.619536;18418;117914;15.6
2024-05;Região de Saúde Norte;Unidade Local de Saúde de São João, EPE;41.1833, -8.60193;22128;138669;16.0
2024-05;Região de Saúde LVT;Unidade Local de Saúde do Estuário do Tejo, EPE;38.977344, -8.984882;5806;33779;17.2
2024-05;Região de Saúde Norte;Unidade Local de Saúde do Médio Ave, EPE;41.3422317504883, -8.0;6042;35070;17.2
2024-05;Região de Saúde Norte;Unidade Local de Saúde do Tâmega e Sousa, EPE;41.1971153671548, -8.0;13963;76542;18.2
2025-05;Região de Saúde LVT;Hospital de Cascais, PPP;38.730076, -9.418207;;;
2025-05;Região de Saúde do Centro;Unidade Local de Saúde Castelo Branco, EPE;39.822737, -7.499876;4966;27647;18.0
2025-05;Região de Saúde Norte;Unidade Local de Saúde de Barcelos/Esposende, EPE;41.533438, -8.616604;3462;22521;15.4
2025-05;Região de Saúde do Centro;Unidade Local de Saúde de Coimbra, EPE;40.217426, -8.410075;41423;218088;19.0
2025-05;Região de Saúde Norte;Unidade Local de Saúde de Matosinhos, EPE;41.181859, -8.663374;10011;64084;15.6
2025-05;Região de Saúde LVT;Unidade Local de Saúde de Santa Maria, EPE;38.7500648498535, -9.0;29156;149404;19.5
2025-05;Região de Saúde LVT;Unidade Local de Saúde de São José, EPE;38.7169, -9.13654;30174;194497;15.5
2025-05;Região de Saúde Norte;Unidade Local de Saúde de Vila Nova de Gaia/Espinho, EPE;41.1254463195801, -8.0;18956;110307;17.2
2025-05;Região de Saúde Norte;Unidade Local de Saúde do Alto Minho, EPE;41.697519, -8.832517;11362;60049;18.9
2025-05;Região de Saúde do Alentejo;Unidade Local de Saúde do Baixo Alentejo, EPE;38.0146, -7.86863;5245;34114;15.4
2025-05;Região de Saúde LVT;Unidade Local de Saúde do Médio Tejo, EPE;39.605565, -8.404399;8237;48296;17.1
2024-06;Região de Saúde do Centro;Unidade Local de Saúde Castelo Branco, EPE;39.822737, -7.499876;4827;29319;16.5
2024-06;Região de Saúde LVT;Unidade Local de Saúde da Lezíria, EPE;39.232503, -8.715083;9151;42832;21.4
2024-06;Região de Saúde Norte;Unidade Local de Saúde de Braga, EPE;41.562328338623, -8.3;21582;95236;22.7
2024-06;Região de Saúde do Centro;Unidade Local de Saúde de Dão-Lafões, EPE;40.6509, -7.91039;13766;77685;17.7
2024-06;Região de Saúde LVT;Unidade Local de Saúde de Lisboa Ocidental, EPE;38.7084, -9.21711;19102;104911;18.2
2024-06;Região de Saúde LVT;Unidade Local de Saúde de Loures-Odivelas, EPE;38.821769, -9.176301;7567;41171;18.4
2024-06;Região de Saúde LVT;Unidade Local de Saúde de São José, EPE;38.7169, -9.13654;33400;190676;17.5
2024-06;Região de Saúde Norte;Unidade Local de Saúde do Alto Ave, EPE;41.488574, -8.338685;13707;68400;20.0
2024-06;Região de Saúde LVT;Unidade Local de Saúde do Médio Tejo, EPE;39.605565, -8.404399;8669;50927;17.0
2025-06;Região de Saúde do Centro;Instituto Português Oncologia  F. Gentil - Centro, E.P.E.;40.217, -8.40991;3867;25389;15.2
2025-06;Região de Saúde do Centro;Unidade Local de Saúde da Região de Leiria, EPE;39.7418, -8.79444;12428;75582;16.4
2025-06;Região de Saúde Norte;Unidade Local de Saúde de Braga, EPE;41.562328338623, -8.3;26021;114758;22.7
2025-06;Região de Saúde do Centro;Unidade Local de Saúde de Coimbra, EPE;40.217426, -8.410075;49418;233674;21.1
2025-06;Região de Saúde do Alentejo;Unidade Local de Saúde do Alentejo Central, EPE;38.568838, -7.903064;11379;54980;20.7
2025-06;Região de Saúde LVT;Unidade Local de Saúde do Estuário do Tejo, EPE;38.977344, -8.984882;8896;43326;20.5
2025-06;Região de Saúde do Alentejo;Unidade Local de Saúde do Litoral Alentejano, EPE;38.039936, -8.731693;4676;21837;21.4
2024-07;Região de Saúde LVT;Instituto Português Oncologia  F. Gentil - Lisboa, E.P.E.;38.739946, -9.161139;7503;48131;15.6
2024-07;Região de Saúde do Alentejo;Unidade Local de Saúde do Alto Alentejo, EPE;39.2999, -7.4267;7293;37786;19.3
2024-07;Região de Saúde Norte;Unidade Local de Saúde do Alto Ave, EPE;41.488574, -8.338685;15698;79765;19.7
2024-07;Região de Saúde LVT;Unidade Local de Saúde do Estuário do Tejo, EPE;38.977344, -8.984882;9028;47314;19.1
2024-07;Região de Saúde Norte;Unidade Local de Saúde do Médio Ave, EPE;41.3422317504883, -8.0;9451;46521;20.3
2024-07;Região de Saúde LVT;Unidade Local de Saúde do Médio Tejo, EPE;39.605565, -8.404399;10579;61195;17.3
2025-07;Região de Saúde LVT;Hospital de Cascais, PPP;38.730076, -9.418207;;;
2025-07;Região de Saúde do Centro;Unidade Local de Saúde Castelo Branco, EPE;39.822737, -7.499876;6882;39061;17.6
2025-07;Região de Saúde do Centro;Unidade Local de Saúde da Guarda, EPE;40.5309943471486, -7.0;9807;54449;18.0
2025-07;Região de Saúde LVT;Unidade Local de Saúde de Amadora/Sintra, EPE;38.7436332060551, -9.0;23902;134907;17.7
2025-07;Região de Saúde Norte;Unidade Local de Saúde de Entre Douro e Vouga, EPE;40.9295, -8.54567;21304;103058;20.7
2025-07;Região de Saúde Norte;Unidade Local de Saúde de Matosinhos, EPE;41.181859, -8.663374;13481;83485;16.1
2025-07;Região de Saúde Norte;Unidade Local de Saúde do Nordeste, EPE;41.802452, -6.768198;13084;55948;23.4
2024-08;Região de Saúde LVT;Hospital de Cascais, PPP;38.730076, -9.418207;;;
2024-08;Região de Saúde do Centro;Instituto Português Oncologia  F. Gentil - Centro, E.P.E.;40.217, -8.40991;4407;29197;15.1
2024-08;Região de Saúde LVT;Unidade Local de Saúde da Arrábida, EPE;38.529351, -8.881073;15552;79522;19.6
2024-08;Região de Saúde Norte;Unidade Local de Saúde de Braga, EPE;41.562328338623, -8.3;29820;133199;22.4
2024-08;Região de Saúde do Centro;Unidade Local de Saúde de Coimbra, EPE;40.217426, -8.410075;51647;285205;18.1
2024-08;Região de Saúde LVT;Unidade Local de Saúde de Lisboa Ocidental, EPE;38.7084, -9.21711;26148;143881;18.2
2024-08;Região de Saúde LVT;Unidade Local de Saúde de Loures-Odivelas, EPE;38.821769, -9.176301;10601;56037;18.9
2024-08;Região de Saúde LVT;Unidade Local de Saúde de Santa Maria, EPE;38.7500648498535, -9.0;43399;215188;20.2
2024-08;Região de Saúde do Algarve;Unidade Local de Saúde do Algarve, EPE;37.024668, -7.928949;27896;154861;18.0
2024-08;Região de Saúde LVT;Unidade Local de Saúde do Arco Ribeirinho, EPE;38.6527214050293, -9.0;9578;60883;15.7
2024-08;Região de Saúde LVT;Unidade Local de Saúde do Estuário do Tejo, EPE;38.977344, -8.984882;10388;54224;19.2
2024-08;Região de Saúde LVT;Unidade Local de Saúde do Médio Tejo, EPE;39.605565, -8.404399;12140;70453;17.2
2024-09;Região de Saúde LVT;Hospital de Cascais, PPP;38.730076, -9.418207;;;
2024-09;Região de Saúde Norte;Unidade Local de Saúde de Braga, EPE;41.562328338623, -8.3;34534;152746;22.6
2024-09;Região de Saúde LVT;Unidade Local de Saúde de São José, EPE;38.7169, -9.13654;51844;302465;17.1
2024-09;Região de Saúde Norte;Unidade Local de Saúde de Vila Nova de Gaia/Espinho, EPE;41.1254463195801, -8.0;34248;181353;18.9
2024-09;Região de Saúde do Alentejo;Unidade Local de Saúde do Alentejo Central, EPE;38.568838, -7.903064;13810;76834;18.0
2024-09;Região de Saúde do Algarve;Unidade Local de Saúde do Algarve, EPE;37.024668, -7.928949;31949;176380;18.1
2024-09;Região de Saúde Norte;Unidade Local de Saúde do Alto Minho, EPE;41.697519, -8.832517;17483;99628;17.5
2024-09;Região de Saúde LVT;Unidade Local de Saúde do Médio Tejo, EPE;39.605565, -8.404399;13688;79662;17.2
2024-09;Região de Saúde Norte;Unidade Local de Saúde do Tâmega e Sousa, EPE;41.1971153671548, -8.0;27202;137076;19.8
2024-10;Região de Saúde do Centro;Unidade Local de Saúde da Região de Leiria, EPE;39.7418, -8.79444;19410;112797;17.2
2024-10;Região de Saúde do Alentejo;Unidade Local de Saúde do Alentejo Central, EPE;38.568838, -7.903064;15621;85960;18.2
2024-11;Região de Saúde LVT;Unidade Local de Saúde de Almada-Seixal, EPE;38.67381, -9.17597;31668;162397;19.5
2024-11;Região de Saúde do Centro;Unidade Local de Saúde de Dão-Lafões, EPE;40.6509, -7.91039;29403;150054;19.6
2024-11;Região de Saúde Norte;Unidade Local de Saúde de São João, EPE;41.1833, -8.60193;54556;323504;16.9
2024-11;Região de Saúde LVT;Unidade Local de Saúde de São José, EPE;38.7169, -9.13654;65585;386097;17.0
2024-11;Região de Saúde Norte;Unidade Local de Saúde de Trás-os-Montes e Alto Douro, EPE;41.310331, -7.760103;27799;168128;16.5
2024-11;Região de Saúde Norte;Unidade Local de Saúde do Alto Minho, EPE;41.697519, -8.832517;21787;123472;17.6
2024-11;Região de Saúde LVT;Unidade Local de Saúde do Estuário do Tejo, EPE;38.977344, -8.984882;14685;76019;19.3
2024-11;Região de Saúde Norte;Unidade Local de Saúde do Nordeste, EPE;41.802452, -6.768198;17848;85250;20.9
2024-12;Região de Saúde do Centro;Unidade Local de Saúde Castelo Branco, EPE;39.822737, -7.499876;10795;59724;18.1
2024-12;Região de Saúde do Centro;Unidade Local de Saúde da Região de Aveiro, EPE;40.636332, -8.654388;26079;156097;16.7
2024-12;Região de Saúde do Centro;Unidade Local de Saúde de Coimbra, EPE;40.217426, -8.410075;86441;456225;18.9
2024-12;Região de Saúde LVT;Unidade Local de Saúde de Lisboa Ocidental, EPE;38.7084, -9.21711;42243;238431;17.7
2024-12;Região de Saúde LVT;Unidade Local de Saúde de Loures-Odivelas, EPE;38.821769, -9.176301;18123;92755;19.5
2024-12;Região de Saúde Norte;Unidade Local de Saúde de São João, EPE;41.1833, -8.60193;60056;351878;17.1
2024-12;Região de Saúde Norte;Unidade Local de Saúde de Trás-os-Montes e Alto Douro, EPE;41.310331, -7.760103;30606;183588;16.7
2024-12;Região de Saúde Norte;Unidade Local de Saúde de Vila Nova de Gaia/Espinho, EPE;41.1254463195801, -8.0;43463;243684;17.8
2024-12;Região de Saúde LVT;Unidade Local de Saúde do Arco Ribeirinho, EPE;38.6527214050293, -9.0;15474;94388;16.4
2024-12;Região de Saúde do Alentejo;Unidade Local de Saúde do Baixo Alentejo, EPE;38.0146, -7.86863;13510;72858;18.5
2024-12;Região de Saúde Norte;Unidade Local de Saúde do Médio Ave, EPE;41.3422317504883, -8.0;17476;89868;19.4
2024-01;Região de Saúde LVT;Hospital de Cascais, PPP;38.730076, -9.418207;;;
2024-01;Região de Saúde Norte;Unidade Local de Saúde de Santo António, EPE;41.147283, -8.619536;3044;22059;13.8
2024-01;Região de Saúde do Alentejo;Unidade Local de Saúde do Alto Alentejo, EPE;39.2999, -7.4267;888;5385;16.5
2024-01;Região de Saúde Norte;Unidade Local de Saúde do Alto Ave, EPE;41.488574, -8.338685;2077;11011;18.9
2024-01;Região de Saúde do Alentejo;Unidade Local de Saúde do Baixo Alentejo, EPE;38.0146, -7.86863;1030;6015;17.1
2024-01;Região de Saúde Norte;Unidade Local de Saúde do Médio Ave, EPE;41.3422317504883, -8.0;1357;7058;19.2
2025-01;Região de Saúde LVT;Unidade Local de Saúde de Almada-Seixal, EPE;38.67381, -9.17597;3354;15631;21.5
2025-01;Região de Saúde LVT;Unidade Local de Saúde de Amadora/Sintra, EPE;38.7436332060551, -9.0;3728;18223;20.5
2025-01;Região de Saúde LVT;Unidade Local de Saúde de Loures-Odivelas, EPE;38.821769, -9.176301;;;
2025-01;Região de Saúde LVT;Unidade Local de Saúde de Santa Maria, EPE;38.7500648498535, -9.0;7140;30071;23.7
2025-01;Região de Saúde Norte;Unidade Local de Saúde do Médio Ave, EPE;41.3422317504883, -8.0;1583;7672;20.6
2024-02;Região de Saúde LVT;Instituto Português Oncologia  F. Gentil - Lisboa, E.P.E.;38.739946, -9.161139;2133;14836;14.4
2024-02;Região de Saúde do Centro;Unidade Local de Saúde Castelo Branco, EPE;39.822737, -7.499876;1611;9510;16.9
2024-02;Região de Saúde LVT;Unidade Local de Saúde de Almada-Seixal, EPE;38.67381, -9.17597;4446;27633;16.1
2024-02;Região de Saúde Norte;Unidade Local de Saúde de Barcelos/Esposende, EPE;41.533438, -8.616604;1062;7175;14.8
2024-02;Região de Saúde do Centro;Unidade Local de Saúde de Dão-Lafões, EPE;40.6509, -7.91039;4478;25774;17.4
2024-02;Região de Saúde LVT;Unidade Local de Saúde de Loures-Odivelas, EPE;38.821769, -9.176301;2737;15081;18.2
2024-02;Região de Saúde Norte;Unidade Local de Saúde de Matosinhos, EPE;41.181859, -8.663374;3278;20215;16.2
2024-02;Região de Saúde LVT;Unidade Local de Saúde de São José, EPE;38.7169, -9.13654;11614;70323;16.5
2024-02;Região de Saúde do Alentejo;Unidade Local de Saúde do Alto Alentejo, EPE;39.2999, -7.4267;2038;11558;17.6
2024-02;Região de Saúde do Centro;Unidade Local de Saúde do Baixo Mondego, EPE;40.130297609, -8.8606;789;7367;10.7
2025-02;Região de Saúde Norte;Unidade Local de Saúde de Braga, EPE;41.562328338623, -8.3;9206;42222;21.8
2025-02;Região de Saúde LVT;Unidade Local de Saúde de Loures-Odivelas, EPE;38.821769, -9.176301;3756;17640;21.3
2025-02;Região de Saúde Norte;Unidade Local de Saúde de Trás-os-Montes e Alto Douro, EPE;41.310331, -7.760103;5981;33784;17.7
2025-02;Região de Saúde do Alentejo;Unidade Local de Saúde do Alto Alentejo, EPE;39.2999, -7.4267;2934;13761;21.3
2025-02;Região de Saúde do Centro;Unidade Local de Saúde do Baixo Mondego, EPE;40.130297609, -8.8606;1185;8819;13.4
2025-02;Região de Saúde LVT;Unidade Local de Saúde do Estuário do Tejo, EPE;38.977344, -8.984882;3158;16288;19.4
2025-02;Região de Saúde Norte;Unidade Local de Saúde do Médio Ave, EPE;41.3422317504883, -8.0;3117;15376;20.3
2025-02;Região de Saúde LVT;Unidade Local de Saúde do Médio Tejo, EPE;39.605565, -8.404399;4078;21183;19.3
2025-02;Região de Saúde Norte;Unidade Local de Saúde do Nordeste, EPE;41.802452, -6.768198;4010;17840;22.5
2024-03;Região de Saúde do Centro;Instituto Português Oncologia  F. Gentil - Centro, E.P.E.;40.217, -8.40991;1685;11607;14.5
2024-03;Região de Saúde LVT;Instituto Português Oncologia  F. Gentil - Lisboa, E.P.E.;38.739946, -9.161139;3202;22198;14.4
2024-03;Região de Saúde Norte;Instituto Português Oncologia  F. Gentil - Porto, E.P.E.;41.1811, -8.60469;2721;24068;11.3
2024-03;Região de Saúde do Centro;Unidade Local de Saúde Castelo Branco, EPE;39.822737, -7.499876;2301;14219;16.2
2024-03;Região de Saúde LVT;Unidade Local de Saúde da Arrábida, EPE;38.529351, -8.881073;5602;31827;17.6
2024-03;Região de Saúde do Centro;Unidade Local de Saúde da Região de Aveiro, EPE;40.636332, -8.654388;4539;36410;12.5
2024-03;Região de Saúde do Centro;Unidade Local de Saúde da Região de Leiria, EPE;39.7418, -8.79444;5280;32032;16.5
2024-03;Região de Saúde do Centro;Unidade Local de Saúde de Dão-Lafões, EPE;40.6509, -7.91039;6991;39817;17.6
2024-03;Região de Saúde LVT;Unidade Local de Saúde de Loures-Odivelas, EPE;38.821769, -9.176301;4040;22685;17.8
2024-03;Região de Saúde Norte;Unidade Local de Saúde de Matosinhos, EPE;41.181859, -8.663374;5081;33733;15.1
2024-03;Região de Saúde LVT;Unidade Local de Saúde de São José, EPE;38.7169, -9.13654;16542;104515;15.8
2024-03;Região de Saúde Norte;Unidade Local de Saúde de Trás-os-Montes e Alto Douro, EPE;41.310331, -7.760103;6619;42319;15.6
2024-03;Região de Saúde Norte;Unidade Local de Saúde de Vila Nova de Gaia/Espinho, EPE;41.1254463195801, -8.0;7981;53801;14.8
2024-03;Região de Saúde LVT;Unidade Local de Saúde do Arco Ribeirinho, EPE;38.6527214050293, -9.0;3390;24359;13.9
2024-03;Região de Saúde LVT;Unidade Local de Saúde do Estuário do Tejo, EPE;38.977344, -8.984882;3477;20191;17.2
2024-03;Região de Saúde LVT;Unidade Local de Saúde do Médio Tejo, EPE;39.605565, -8.404399;4418;28007;15.8
2025-03;Região de Saúde do Centro;Unidade Local de Saúde Castelo Branco, EPE;39.822737, -7.499876;3120;16815;18.6
2025-03;Região de Saúde Norte;Unidade Local de Saúde de Barcelos/Esposende, EPE;41.533438, -8.616604;2011;13348;15.1
2025-03;Região de Saúde Norte;Unidade Local de Saúde de Matosinhos, EPE;41.181859, -8.663374;5833;37819;15.4
2025-03;Região de Saúde Norte;Unidade Local de Saúde do Alto Ave, EPE;41.488574, -8.338685;5318;36284;14.7
2025-03;Região de Saúde do Alentejo;Unidade Local de Saúde do Baixo Alentejo, EPE;38.0146, -7.86863;3919;21536;18.2
2025-03;Região de Saúde do Centro;Unidade Local de Saúde do Baixo Mondego, EPE;40.130297609, -8.8606;1716;13004;13.2
2025-03;Região de Saúde LVT;Unidade Local de Saúde do Oeste, EPE;39.4055519104004, -9.0;4961;26739;18.6
2024-04;Região de Saúde do Centro;Instituto Português Oncologia  F. Gentil - Centro, E.P.E.;40.217, -8.40991;2190;15448;14.2
2024-04;Região de Saúde do Centro;Unidade Local de Saúde da Cova da Beira, EPE;40.2776794433594, -7.0;4081;22120;18.5
2024-04;Região de Saúde LVT;Unidade Local de Saúde da Lezíria, EPE;39.232503, -8.715083;5725;30991;18.5
2024-04;Região de Saúde do Centro;Unidade Local de Saúde de Coimbra, EPE;40.217426, -8.410075;25081;152144;16.5
2024-04;Região de Saúde LVT;Unidade Local de Saúde de Lisboa Ocidental, EPE;38.7084, -9.21711;12084;75924;15.9
2024-04;Região de Saúde LVT;Unidade Local de Saúde de Loures-Odivelas, EPE;38.821769, -9.176301;5566;30690;18.1
2024-04;Região de Saúde LVT;Unidade Local de Saúde de Santa Maria, EPE;38.7500648498535, -9.0;21142;107443;19.7
2024-04;Região de Saúde Norte;Unidade Local de Saúde de Trás-os-Montes e Alto Douro, EPE;41.310331, -7.760103;8968;56701;15.8
2024-04;Região de Saúde Norte;Unidade Local de Saúde do Alto Ave, EPE;41.488574, -8.338685;8542;44432;19.2
2024-04;Região de Saúde do Alentejo;Unidade Local de Saúde do Baixo Alentejo, EPE;38.0146, -7.86863;4138;25428;16.3
2024-04;Região de Saúde do Centro;Unidade Local de Saúde do Baixo Mondego, EPE;40.130297609, -8.8606;1943;15177;12.8
2024-04;Região de Saúde do Alentejo;Unidade Local de Saúde do Litoral Alentejano, EPE;38.039936, -8.731693;2907;14330;20.3
2025-04;Região de Saúde LVT;Hospital de Cascais, PPP;38.730076, -9.418207;;;
2025-04;Região de Saúde LVT;Unidade Local de Saúde da Arrábida, EPE;38.529351, -8.881073;8570;46987;18.2
2025-04;Região de Saúde do Centro;Unidade Local de Saúde da Guarda, EPE;40.5309943471486, -7.0;5275;33031;16.0
2025-04;Região de Saúde Norte;Unidade Local de Saúde de Barcelos/Esposende, EPE;41.533438, -8.616604;2735;17997;15.2
2025-04;Região de Saúde Norte;Unidade Local de Saúde do Alto Ave, EPE;41.488574, -8.338685;7732;49344;15.7
2025-04;Região de Saúde LVT;Unidade Local de Saúde do Arco Ribeirinho, EPE;38.6527214050293, -9.0;6239;38578;16.2
2025-04;Região de Saúde do Alentejo;Unidade Local de Saúde do Baixo Alentejo, EPE;38.0146, -7.86863;4058;27157;14.9
2025-04;Região de Saúde Norte;Unidade Local de Saúde do Médio Ave, EPE;41.3422317504883, -8.0;6072;32636;18.6
2024-05;Região de Saúde LVT;Instituto Português Oncologia  F. Gentil - Lisboa, E.P.E.;38.739946, -9.161139;5365;37357;14.4
2024-05;Região de Saúde LVT;Unidade Local de Saúde da Arrábida, EPE;38.529351, -8.881073;9330;53197;17.5
2024-05;Região de Saúde Norte;Unidade Local de Saúde da Póvoa de Varzim/Vila do Conde, EPE;41.383183, -8.758784;5045;27914;18.1
2024-05;Região de Saúde LVT;Unidade Local de Saúde de Amadora/Sintra, EPE;38.7436332060551, -9.0;14453;81222;17.8
2024-05;Região de Saúde do Centro;Unidade Local de Saúde de Coimbra, EPE;40.217426, -8.410075;31589;190251;16.6
2024-05;Região de Saúde LVT;Unidade Local de Saúde de São José, EPE;38.7169, -9.13654;27227;174757;15.6
2024-05;Região de Saúde Norte;Unidade Local de Saúde de Vila Nova de Gaia/Espinho, EPE;41.1254463195801, -8.0;14385;93636;15.4
2024-05;Região de Saúde do Alentejo;Unidade Local de Saúde do Alentejo Central, EPE;38.568838, -7.903064;7472;43533;17.2
2024-05;Região de Saúde Norte;Unidade Local de Saúde do Alto Ave, EPE;41.488574, -8.338685;11260;56494;19.9
2024-05;Região de Saúde do Centro;Unidade Local de Saúde do Baixo Mondego, EPE;40.130297609, -8.8606;2557;19113;13.4
2024-05;Região de Saúde LVT;Unidade Local de Saúde do Oeste, EPE;39.4055519104004, -9.0;6923;40496;17.1
2025-05;Região de Saúde LVT;Unidade Local de Saúde da Arrábida, EPE;38.529351, -8.881073;10753;59289;18.1
2025-05;Região de Saúde Norte;Unidade Local de Saúde da Póvoa de Varzim/Vila do Conde, EPE;41.383183, -8.758784;6087;30337;20.1
2025-05;Região de Saúde Norte;Unidade Local de Saúde de Entre Douro e Vouga, EPE;40.9295, -8.54567;15129;73450;20.6
2025-05;Região de Saúde do Alentejo;Unidade Local de Saúde do Alentejo Central, EPE;38.568838, -7.903064;9582;50617;18.9
2025-05;Região de Saúde do Centro;Unidade Local de Saúde do Baixo Mondego, EPE;40.130297609, -8.8606;3454;22450;15.4
2025-05;Região de Saúde Norte;Unidade Local de Saúde do Nordeste, EPE;41.802452, -6.768198;9241;42767;21.6
2024-06;Região de Saúde LVT;Instituto Português Oncologia  F. Gentil - Lisboa, E.P.E.;38.739946, -9.161139;6437;40826;15.8
2024-06;Região de Saúde do Centro;Unidade Local de Saúde da Guarda, EPE;40.5309943471486, -7.0;7214;42048;17.2
2024-06;Região de Saúde do Centro;Unidade Local de Saúde da Região de Aveiro, EPE;40.636332, -8.654388;11148;74858;14.9
2024-06;Região de Saúde Norte;Unidade Local de Saúde de Barcelos/Esposende, EPE;41.533438, -8.616604;3477;20845;16.7
2024-06;Região de Saúde Norte;Unidade Local de Saúde de Trás-os-Montes e Alto Douro, EPE;41.310331, -7.760103;13598;82070;16.6
2024-06;Região de Saúde do Alentejo;Unidade Local de Saúde do Alentejo Central, EPE;38.568838, -7.903064;9025;50373;17.9
2024-06;Região de Saúde Norte;Unidade Local de Saúde do Médio Ave, EPE;41.3422317504883, -8.0;7373;38276;19.3
2025-06;Região de Saúde LVT;Instituto Português Oncologia  F. Gentil - Lisboa, E.P.E.;38.739946, -9.161139;7163;43705;16.4
2025-06;Região de Saúde do Centro;Unidade Local de Saúde Castelo Branco, EPE;39.822737, -7.499876;5973;33651;17.7
2025-06;Região de Saúde do Centro;Unidade Local de Saúde da Guarda, EPE;40.5309943471486, -7.0;8250;45583;18.1
2025-06;Região de Saúde LVT;Unidade Local de Saúde da Lezíria, EPE;39.232503, -8.715083;11326;50304;22.5
2025-06;Região de Saúde LVT;Unidade Local de Saúde de Almada-Seixal, EPE;38.67381, -9.17597;17784;90898;19.6
2025-06;Região de Saúde LVT;Unidade Local de Saúde de Loures-Odivelas, EPE;38.821769, -9.176301;11079;62150;17.8
2025-06;Região de Saúde Norte;Unidade Local de Saúde de Matosinhos, EPE;41.181859, -8.663374;11533;70470;16.4
2025-06;Região de Saúde LVT;Unidade Local de Saúde de Santa Maria, EPE;38.7500648498535, -9.0;34636;179395;19.3
2025-06;Região de Saúde LVT;Unidade Local de Saúde de São José, EPE;38.7169, -9.13654;36582;211846;17.3
2025-06;Região de Saúde Norte;Unidade Local de Saúde de Vila Nova de Gaia/Espinho, EPE;41.1254463195801, -8.0;22595;134835;16.8
2025-06;Região de Saúde do Alentejo;Unidade Local de Saúde do Baixo Alentejo, EPE;38.0146, -7.86863;6139;36182;17.0
2024-07;Região de Saúde do Centro;Unidade Local de Saúde da Guarda, EPE;40.5309943471486, -7.0;8836;50316;17.6
2024-07;Região de Saúde do Centro;Unidade Local de Saúde da Região de Aveiro, EPE;40.636332, -8.654388;13541;87973;15.4
2024-07;Região de Saúde do Centro;Unidade Local de Saúde da Região de Leiria, EPE;39.7418, -8.79444;12437;76062;16.4
2024-07;Região de Saúde LVT;Unidade Local de Saúde de Amadora/Sintra, EPE;38.7436332060551, -9.0;20962;117051;17.9
2024-07;Região de Saúde LVT;Unidade Local de Saúde de Lisboa Ocidental, EPE;38.7084, -9.21711;22541;124390;18.1
2024-07;Região de Saúde LVT;Unidade Local de Saúde de Loures-Odivelas, EPE;38.821769, -9.176301;9036;49015;18.4
2024-07;Região de Saúde Norte;Unidade Local de Saúde de Matosinhos, EPE;41.181859, -8.663374;11874;73294;16.2
2024-07;Região de Saúde LVT;Unidade Local de Saúde de São José, EPE;38.7169, -9.13654;38884;225844;17.2
2024-07;Região de Saúde do Centro;Unidade Local de Saúde do Baixo Mondego, EPE;40.130297609, -8.8606;3906;24830;15.7
2024-07;Região de Saúde LVT;Unidade Local de Saúde do Oeste, EPE;39.4055519104004, -9.0;10133;52232;19.4
2025-07;Região de Saúde do Centro;Unidade Local de Saúde da Região de Aveiro, EPE;40.636332, -8.654388;15373;85209;18.0
2025-07;Região de Saúde Norte;Unidade Local de Saúde de Barcelos/Esposende, EPE;41.533438, -8.616604;4561;28651;15.9
2025-07;Região de Saúde do Centro;Unidade Local de Saúde de Dão-Lafões, EPE;40.6509, -7.91039;22265;110794;20.1
2025-07;Região de Saúde LVT;Unidade Local de Saúde de Lisboa Ocidental, EPE;38.7084, -9.21711;29259;140216;20.9
2025-07;Região de Saúde LVT;Unidade Local de Saúde de Santa Maria, EPE;38.7500648498535, -9.0;39971;208507;19.2
2025-07;Região de Saúde LVT;Unidade Local de Saúde de São José, EPE;38.7169, -9.13654;45629;253828;18.0
2025-07;Região de Saúde Norte;Unidade Local de Saúde de Vila Nova de Gaia/Espinho, EPE;41.1254463195801, -8.0;26152;159453;16.4
2025-07;Região de Saúde do Alentejo;Unidade Local de Saúde do Alto Alentejo, EPE;39.2999, -7.4267;8627;41406;20.8
2025-07;Região de Saúde LVT;Unidade Local de Saúde do Estuário do Tejo, EPE;38.977344, -8.984882;10296;50968;20.2
2025-07;Região de Saúde do Alentejo;Unidade Local de Saúde do Litoral Alentejano, EPE;38.039936, -8.731693;5492;25856;21.2
2025-07;Região de Saúde Norte;Unidade Local de Saúde do Tâmega e Sousa, EPE;41.1971153671548, -8.0;25443;115779;22.0
2024-08;Região de Saúde LVT;Unidade Local de Saúde da Lezíria, EPE;39.232503, -8.715083;12250;58597;20.9
2024-08;Região de Saúde LVT;Unidade Local de Saúde de Amadora/Sintra, EPE;38.7436332060551, -9.0;23940;133189;18.0
2024-08;Região de Saúde Norte;Unidade Local de Saúde de Entre Douro e Vouga, EPE;40.9295, -8.54567;18845;93284;20.2
2024-08;Região de Saúde Norte;Unidade Local de Saúde de Santo António, EPE;41.147283, -8.619536;31697;193169;16.4
2024-08;Região de Saúde Norte;Unidade Local de Saúde do Alto Ave, EPE;41.488574, -8.338685;18380;91791;20.0
2024-08;Região de Saúde do Alentejo;Unidade Local de Saúde do Litoral Alentejano, EPE;38.039936, -8.731693;5844;26777;21.8
2024-09;Região de Saúde LVT;Instituto Português Oncologia  F. Gentil - Lisboa, E.P.E.;38.739946, -9.161139;10081;62498;16.1
2024-09;Região de Saúde Norte;Instituto Português Oncologia  F. Gentil - Porto, E.P.E.;41.1811, -8.60469;8247;75566;10.9
2024-09;Região de Saúde LVT;Unidade Local de Saúde da Arrábida, EPE;38.529351, -8.881073;17704;90313;19.6
2024-09;Região de Saúde LVT;Unidade Local de Saúde de Almada-Seixal, EPE;38.67381, -9.17597;25158;130757;19.2
2024-09;Região de Saúde do Centro;Unidade Local de Saúde de Coimbra, EPE;40.217426, -8.410075;58302;323085;18.0
2024-09;Região de Saúde Norte;Unidade Local de Saúde de Santo António, EPE;41.147283, -8.619536;36109;217263;16.6
2024-09;Região de Saúde Norte;Unidade Local de Saúde do Alto Ave, EPE;41.488574, -8.338685;20637;103370;20.0
2024-10;Região de Saúde do Centro;Instituto Português Oncologia  F. Gentil - Centro, E.P.E.;40.217, -8.40991;6519;37592;17.3
2024-10;Região de Saúde LVT;Unidade Local de Saúde de Amadora/Sintra, EPE;38.7436332060551, -9.0;30738;168574;18.2
2024-10;Região de Saúde Norte;Unidade Local de Saúde de Barcelos/Esposende, EPE;41.533438, -8.616604;6157;36621;16.8
2024-10;Região de Saúde do Centro;Unidade Local de Saúde de Coimbra, EPE;40.217426, -8.410075;69681;367533;19.0
2024-10;Região de Saúde Norte;Unidade Local de Saúde de Entre Douro e Vouga, EPE;40.9295, -8.54567;24218;117850;20.5
2024-10;Região de Saúde Norte;Unidade Local de Saúde de Matosinhos, EPE;41.181859, -8.663374;17484;107732;16.2
2024-10;Região de Saúde Norte;Unidade Local de Saúde de Santo António, EPE;41.147283, -8.619536;41271;244023;16.9
2024-10;Região de Saúde Norte;Unidade Local de Saúde de São João, EPE;41.1833, -8.60193;48917;290004;16.9
2024-10;Região de Saúde do Alentejo;Unidade Local de Saúde do Baixo Alentejo, EPE;38.0146, -7.86863;10630;58429;18.2
2024-10;Região de Saúde Norte;Unidade Local de Saúde do Médio Ave, EPE;41.3422317504883, -8.0;14339;69352;20.7
2024-10;Região de Saúde LVT;Unidade Local de Saúde do Médio Tejo, EPE;39.605565, -8.404399;15490;89351;17.3
2024-11;Região de Saúde LVT;Instituto Português Oncologia  F. Gentil - Lisboa, E.P.E.;38.739946, -9.161139;12487;79412;15.7
2024-11;Região de Saúde Norte;Instituto Português Oncologia  F. Gentil - Porto, E.P.E.;41.1811, -8.60469;10162;93978;10.8
2024-11;Região de Saúde LVT;Unidade Local de Saúde da Arrábida, EPE;38.529351, -8.881073;23078;114630;20.1
2024-11;Região de Saúde do Centro;Unidade Local de Saúde da Cova da Beira, EPE;40.2776794433594, -7.0;10835;60768;17.8
2024-11;Região de Saúde Norte;Unidade Local de Saúde da Póvoa de Varzim/Vila do Conde, EPE;41.383183, -8.758784;12608;59948;21.0
2024-11;Região de Saúde do Centro;Unidade Local de Saúde da Região de Aveiro, EPE;40.636332, -8.654388;22997;142153;16.2
2024-11;Região de Saúde Norte;Unidade Local de Saúde de Braga, EPE;41.562328338623, -8.3;43287;191504;22.6
2024-11;Região de Saúde do Centro;Unidade Local de Saúde de Coimbra, EPE;40.217426, -8.410075;78069;414608;18.8
2024-11;Região de Saúde Norte;Unidade Local de Saúde de Entre Douro e Vouga, EPE;40.9295, -8.54567;27004;133070;20.3
2024-11;Região de Saúde do Alentejo;Unidade Local de Saúde do Alto Alentejo, EPE;39.2999, -7.4267;12150;65483;18.6
2024-11;Região de Saúde do Alentejo;Unidade Local de Saúde do Baixo Alentejo, EPE;38.0146, -7.86863;12029;66043;18.2
2024-11;Região de Saúde do Alentejo;Unidade Local de Saúde do Litoral Alentejano, EPE;38.039936, -8.731693;8310;40126;20.7
2024-11;Região de Saúde LVT;Unidade Local de Saúde do Oeste, EPE;39.4055519104004, -9.0;16708;90947;18.4
2024-12;Região de Saúde Norte;Instituto Português Oncologia  F. Gentil - Porto, E.P.E.;41.1811, -8.60469;11486;102870;11.2
2024-12;Região de Saúde do Centro;Unidade Local de Saúde da Guarda, EPE;40.5309943471486, -7.0;16291;90756;18.0
2024-12;Região de Saúde do Centro;Unidade Local de Saúde da Região de Leiria, EPE;39.7418, -8.79444;24241;137130;17.7
2024-12;Região de Saúde Norte;Unidade Local de Saúde de Barcelos/Esposende, EPE;41.533438, -8.616604;7545;47464;15.9
2024-12;Região de Saúde Norte;Unidade Local de Saúde de Braga, EPE;41.562328338623, -8.3;48941;216538;22.6
2024-12;Região de Saúde do Centro;Unidade Local de Saúde de Dão-Lafões, EPE;40.6509, -7.91039;32652;167024;19.5
2024-12;Região de Saúde do Alentejo;Unidade Local de Saúde do Alto Alentejo, EPE;39.2999, -7.4267;13515;71709;18.8
2024-12;Região de Saúde do Centro;Unidade Local de Saúde do Baixo Mondego, EPE;40.130297609, -8.8606;7573;45977;16.5
2024-12;Região de Saúde LVT;Unidade Local de Saúde do Médio Tejo, EPE;39.605565, -8.404399;19194;108342;17.7
2018-01;Região de Saúde do Alentejo;Unidade Local de Saúde do Norte Alentejano, EPE;39.3003425, -7.4263845;457;3963;11.5
2018-01;Região de Saúde do Centro;Centro Hospitalar Tondela-Viseu, EPE;40.516364, -8.0827433;655;5940;11.0
2018-01;Região de Saúde do Centro;Centro Medicina de Reabilitação da Região Centro Rovisco Pais;40.297919, -8.7707806;25;365;7.1
2018-01;Região de Saúde do Centro;Hospital Dr. Francisco Zagalo;40.8571967, -8.6318023;22;312;7.3
2018-01;Região de Saúde do Centro;Instituto Português Oncologia de Coimbra, EPE;40.2162514, -8.4103814;210;2362;8.9
2018-01;Região de Saúde do Centro;Unidade Local de Saúde da Guarda, EPE;40.5309916, -7.2734793;795;5355;14.9
2018-01;Região de Saúde LVT;Centro Hospitalar de Lisboa Central, EPE;38.7166948, -9.1371248;2081;19936;10.4
2018-01;Região de Saúde LVT;Centro Hospitalar de Lisboa Ocidental, EPE;38.708454, -9.216985;810;9452;8.6
2018-01;Região de Saúde LVT;Centro Hospitalar Lisboa Norte, EPE;38.7500861, -9.1616116;2425;16498;14.7
2018-01;Região de Saúde LVT;Centro Hospitalar Médio Tejo, EPE;39.478072, -8.5404429;557;4418;12.6
2018-01;Região de Saúde LVT;Centro Hospitalar Psiquiátrico de Lisboa;38.7569771, -9.1460705;33;1188;2.8
2018-01;Região de Saúde Norte;Centro Hospitalar do Médio Ave, EPE;41.3423984, -8.4802503;295;2765;10.7
2018-01;Região de Saúde Norte;Centro Hospitalar Póvoa de Varzim/Vila do Conde, EPE;41.3828711, -8.7589945;228;1876;12.2
2018-01;Região de Saúde Norte;Centro Hospitalar Trás-os-Montes e Alto Douro, EPE;41.3031784, -7.7515252;637;6366;10.0
2018-01;Região de Saúde Norte;Centro Hospitalar Vila Nova de Gaia/Espinho, EPE;41.1094138, -8.5972617;949;8593;11.0
2018-01;Região de Saúde Norte;Hospital da Senhora da Oliveira, Guimarães, EPE;41.4387173, -8.3086907;364;4189;8.7
2018-01;Região de Saúde Norte;Hospital de Braga, PPP;41.56785, -8.398982;455;6733;6.8
2018-01;Região de Saúde Norte;Hospital Santa Maria Maior, EPE;41.5324234, -8.6171561;87;1284;6.8
2018-01;Região de Saúde Norte;Unidade Local de Saúde de Matosinhos, EPE;41.1794456, -8.6745115;732;7208;10.2
2018-02;Região de Saúde do Alentejo;Unidade Local de Saúde do Baixo Alentejo, EPE;38.014123, -7.8721227;1018;8656;11.8
2018-02;Região de Saúde do Centro;Centro Hospitalar Cova da Beira, EPE;40.2804158, -7.4922407;887;6124;14.5
2018-02;Região de Saúde do Centro;Centro Hospitalar de Leiria, EPE;39.7414812, -8.7982706;934;10055;9.3
2018-02;Região de Saúde do Centro;Centro Hospitalar do Baixo Vouga, EPE;40.6362453, -8.6543716;1141;9622;11.9
2018-02;Região de Saúde do Centro;Centro Hospitalar Tondela-Viseu, EPE;40.516364, -8.0827433;1541;12163;12.7
2018-02;Região de Saúde LVT;Centro Hospitalar de Lisboa Ocidental, EPE;38.708454, -9.216985;1840;19046;9.7
2018-02;Região de Saúde LVT;Centro Hospitalar Lisboa Norte, EPE;38.7500861, -9.1616116;4817;32881;14.7
2018-02;Região de Saúde LVT;Centro Hospitalar Psiquiátrico de Lisboa;38.7569771, -9.1460705;74;2387;3.1
2018-02;Região de Saúde LVT;Instituto Português Oncologia de Lisboa, EPE;38.7396768, -9.1634516;1070;10051;10.6
2018-02;Região de Saúde Norte;Centro Hospitalar de São João, EPE;41.1831056, -8.6010558;3604;30486;11.8
2018-02;Região de Saúde Norte;Centro Hospitalar Tâmega e Sousa, EPE;41.2494561, -8.264901;938;9490;9.9
2018-03;Região de Saúde do Alentejo;Unidade Local de Saúde do Norte Alentejano, EPE;39.3003425, -7.4263845;2448;13095;18.7
2018-03;Região de Saúde do Algarve;Centro Hospitalar Universitário do Algarve,EPE;37.0238973, -7.9281554;2711;28793;9.4
2018-03;Região de Saúde do Centro;Centro Hospitalar Cova da Beira, EPE;40.2804158, -7.4922407;1284;9190;14.0
2018-03;Região de Saúde do Centro;Centro Hospitalar do Baixo Vouga, EPE;40.6362453, -8.6543716;1771;14812;12.0
2018-03;Região de Saúde do Centro;Centro Hospitalar Tondela-Viseu, EPE;40.516364, -8.0827433;2157;18082;11.9
2018-03;Região de Saúde do Centro;Centro Medicina de Reabilitação da Região Centro Rovisco Pais;40.297919, -8.7707806;66;1097;6.0
2018-03;Região de Saúde do Centro;Instituto Português Oncologia de Coimbra, EPE;40.2162514, -8.4103814;805;7358;11.0
2018-03;Região de Saúde LVT;Centro Hospitalar de Lisboa Ocidental, EPE;38.708454, -9.216985;2762;28594;9.7
2018-03;Região de Saúde Norte;Centro Hospitalar Trás-os-Montes e Alto Douro, EPE;41.3031784, -7.7515252;2602;19987;13.0
2018-04;Região de Saúde do Centro;Centro Hospitalar Tondela-Viseu, EPE;40.516364, -8.0827433;2648;23849;11.1
2018-04;Região de Saúde do Centro;Unidade Local de Saúde da Guarda, EPE;40.5309916, -7.2734793;3335;20835;16.0
2018-04;Região de Saúde Norte;Centro Hospitalar Tâmega e Sousa, EPE;41.2494561, -8.264901;1885;19681;9.6
2018-04;Região de Saúde Norte;Centro Hospitalar Trás-os-Montes e Alto Douro, EPE;41.3031784, -7.7515252;3141;26285;12.0
2018-04;Região de Saúde Norte;Hospital de Braga, PPP;41.56785, -8.398982;1736;27200;6.4
2018-04;Região de Saúde Norte;Unidade Local de Saúde do Nordeste, EPE;41.8056532, -6.7888197;3278;20531;16.0
2018-05;Região de Saúde do Alentejo;Hospital Espírito Santo de Évora, EPE;38.5684861, -7.9032848;2883;20992;13.7
2018-05;Região de Saúde do Centro;Centro Hospitalar Cova da Beira, EPE;40.2804158, -7.4922407;2310;15489;14.9
2018-05;Região de Saúde do Centro;Centro Medicina de Reabilitação da Região Centro Rovisco Pais;40.297919, -8.7707806;114;1828;6.2
2018-05;Região de Saúde do Centro;Instituto Português Oncologia de Coimbra, EPE;40.2162514, -8.4103814;1294;12054;10.7
2018-05;Região de Saúde do Centro;Unidade Local de Saúde da Guarda, EPE;40.5309916, -7.2734793;4089;26209;15.6
2018-05;Região de Saúde do Centro;Unidade Local de Saúde de Castelo Branco, EPE;39.8212263, -7.4981271;2386;17444;13.7
2018-05;Região de Saúde LVT;Centro Hospitalar de Lisboa Ocidental, EPE;38.708454, -9.216985;4675;48091;9.7
2018-05;Região de Saúde LVT;Centro Hospitalar Lisboa Norte, EPE;38.7500861, -9.1616116;11913;81690;14.6
2018-05;Região de Saúde Norte;Centro Hospitalar do Porto, EPE;41.1472498, -8.6172617;6724;59142;11.4
2018-05;Região de Saúde Norte;Centro Hospitalar Póvoa de Varzim/Vila do Conde, EPE;41.3828711, -8.7589945;1406;9785;14.4
2018-05;Região de Saúde Norte;Instituto Português Oncologia do Porto, EPE;41.1785642, -8.6062881;2546;27233;9.3
2018-06;Região de Saúde do Alentejo;Unidade Local de Saúde do Litoral Alentejano, EPE;38.0162314, -8.6956768;1708;12199;14.0
2018-06;Região de Saúde do Centro;Centro Hospitalar do Baixo Vouga, EPE;40.6362453, -8.6543716;3669;26690;13.7
2018-06;Região de Saúde do Centro;Hospital Dr. Francisco Zagalo;40.8571967, -8.6318023;132;1639;8.1
2018-06;Região de Saúde do Centro;Unidade Local de Saúde da Guarda, EPE;40.5309916, -7.2734793;4943;28558;17.3
2018-06;Região de Saúde LVT;Hospital de Vila Franca de Xira, PPP;38.977235, -8.984506;847;17467;4.9
2018-06;Região de Saúde LVT;Hospital Distrital de Santarém, EPE;39.2410946, -8.6937515;3453;21574;16.0
2018-06;Região de Saúde Norte;Centro Hospitalar Póvoa de Varzim/Vila do Conde, EPE;41.3828711, -8.7589945;1700;10527;16.1
2018-06;Região de Saúde Norte;Centro Hospitalar Tâmega e Sousa, EPE;41.2494561, -8.264901;3443;27354;12.6
2018-06;Região de Saúde Norte;Centro Hospitalar Trás-os-Montes e Alto Douro, EPE;41.3031784, -7.7515252;4646;38857;12.0
2018-06;Região de Saúde Norte;Hospital de Magalhães Lemos, EPE;41.1764649, -8.6649823;191;5442;3.5
2018-07;Região de Saúde do Centro;Hospital Dr. Francisco Zagalo;40.8571967, -8.6318023;178;1993;9.0
2018-07;Região de Saúde LVT;Centro Hospitalar Lisboa Norte, EPE;38.7500861, -9.1616116;16497;113894;14.5
2018-07;Região de Saúde LVT;Centro Hospitalar Psiquiátrico de Lisboa;38.7569771, -9.1460705;277;7545;3.7
2018-07;Região de Saúde Norte;Centro Hospitalar Entre Douro e Vouga, EPE;40.9293884, -8.5458794;4513;30327;14.9
2018-07;Região de Saúde Norte;Centro Hospitalar Póvoa de Varzim/Vila do Conde, EPE;41.3828711, -8.7589945;1990;12544;15.9
2018-07;Região de Saúde Norte;Centro Hospitalar Tâmega e Sousa, EPE;41.2494561, -8.264901;3948;32384;12.2
2018-07;Região de Saúde Norte;Centro Hospitalar Trás-os-Montes e Alto Douro, EPE;41.3031784, -7.7515252;5485;45710;12.0
2018-07;Região de Saúde Norte;Hospital de Magalhães Lemos, EPE;41.1764649, -8.6649823;226;6378;3.5
2018-07;Região de Saúde Norte;Unidade Local de Saúde de Matosinhos, EPE;41.1794456, -8.6745115;4366;42805;10.2
2018-08;Região de Saúde do Algarve;Centro Hospitalar Universitário do Algarve,EPE;37.0238973, -7.9281554;7634;70794;10.8
2018-08;Região de Saúde do Centro;Centro Hospitalar Cova da Beira, EPE;40.2804158, -7.4922407;3918;24896;15.7
2018-08;Região de Saúde do Centro;Centro Hospitalar Tondela-Viseu, EPE;40.516364, -8.0827433;5122;48928;10.5
2018-08;Região de Saúde LVT;Centro Hospitalar do Oeste, EPE;39.4054629, -9.1258493;3635;28291;12.9
2018-08;Região de Saúde LVT;Centro Hospitalar Lisboa Norte, EPE;38.7500861, -9.1616116;19072;130294;14.6
2018-08;Região de Saúde LVT;Centro Hospitalar Médio Tejo, EPE;39.478072, -8.5404429;4419;34411;12.8
2018-08;Região de Saúde Norte;Instituto Português Oncologia do Porto, EPE;41.1785642, -8.6062881;4129;40406;10.2
2018-08;Região de Saúde Norte;Unidade Local de Saúde do Alto Minho, EPE;41.7056054, -8.8252713;7155;58139;12.3
2018-09;Região de Saúde do Algarve;Centro Hospitalar Universitário do Algarve,EPE;37.0238973, -7.9281554;9245;81357;11.4
2018-09;Região de Saúde do Centro;Centro Hospitalar Tondela-Viseu, EPE;40.516364, -8.0827433;5866;55210;10.6
2018-09;Região de Saúde do Centro;Instituto Português Oncologia de Coimbra, EPE;40.2162514, -8.4103814;2405;22498;10.7
2018-09;Região de Saúde LVT;Centro Hospitalar de Lisboa Central, EPE;38.7166948, -9.1371248;18704;167112;11.2
2018-09;Região de Saúde LVT;Centro Hospitalar do Oeste, EPE;39.4054629, -9.1258493;4068;32132;12.7
2018-09;Região de Saúde LVT;Hospital de Vila Franca de Xira, PPP;38.977235, -8.984506;1238;26750;4.6
2018-09;Região de Saúde Norte;Centro Hospitalar Tâmega e Sousa, EPE;41.2494561, -8.264901;5256;42696;12.3
2018-09;Região de Saúde Norte;Hospital da Senhora da Oliveira, Guimarães, EPE;41.4387173, -8.3086907;4434;38090;11.6
2018-09;Região de Saúde Norte;Hospital de Magalhães Lemos, EPE;41.1764649, -8.6649823;322;8242;3.9
2018-09;Região de Saúde Norte;Unidade Local de Saúde do Alto Minho, EPE;41.7056054, -8.8252713;8189;65822;12.4
2018-10;Região de Saúde do Centro;Centro Hospitalar Cova da Beira, EPE;40.2804158, -7.4922407;4947;31209;15.9
2018-10;Região de Saúde do Centro;Centro Hospitalar de Leiria, EPE;39.7414812, -8.7982706;6092;49620;12.3
2018-10;Região de Saúde do Centro;Hospital Dr. Francisco Zagalo;40.8571967, -8.6318023;239;2959;8.1
2018-10;Região de Saúde do Centro;Instituto Português Oncologia de Coimbra, EPE;40.2162514, -8.4103814;2637;25030;10.5
2018-10;Região de Saúde LVT;Centro Hospitalar de Lisboa Central, EPE;38.7166948, -9.1371248;20973;187379;11.2
2018-10;Região de Saúde LVT;Hospital Distrital de Santarém, EPE;39.2410946, -8.6937515;5990;38127;15.7
2018-10;Região de Saúde Norte;Centro Hospitalar Tâmega e Sousa, EPE;41.2494561, -8.264901;5925;47937;12.4
2018-10;Região de Saúde Norte;Centro Hospitalar Vila Nova de Gaia/Espinho, EPE;41.1094138, -8.5972617;11755;89100;13.2
2018-10;Região de Saúde Norte;Hospital da Senhora da Oliveira, Guimarães, EPE;41.4387173, -8.3086907;4915;42389;11.6
2018-10;Região de Saúde Norte;Hospital de Magalhães Lemos, EPE;41.1764649, -8.6649823;378;9181;4.1
2018-11;Região de Saúde do Centro;Centro Hospitalar Cova da Beira, EPE;40.2804158, -7.4922407;5479;34307;16.0
2018-11;Região de Saúde do Centro;Instituto Português Oncologia de Coimbra, EPE;40.2162514, -8.4103814;3001;27356;11.0
2018-11;Região de Saúde Norte;Centro Hospitalar de São João, EPE;41.1831056, -8.6010558;19658;170027;11.6
2018-11;Região de Saúde Norte;Centro Hospitalar do Porto, EPE;41.1472498, -8.6172617;15730;132883;11.8
2018-11;Região de Saúde Norte;Centro Hospitalar Vila Nova de Gaia/Espinho, EPE;41.1094138, -8.5972617;13057;98727;13.2
2018-11;Região de Saúde Norte;Hospital da Senhora da Oliveira, Guimarães, EPE;41.4387173, -8.3086907;5493;46839;11.7
2018-11;Região de Saúde Norte;Hospital de Braga, PPP;41.56785, -8.398982;5195;76814;6.8
2018-11;Região de Saúde Norte;Unidade Local de Saúde do Nordeste, EPE;41.8056532, -6.7888197;9460;57283;16.5
2018-12;Região de Saúde do Centro;Centro Hospitalar de Leiria, EPE;39.7414812, -8.7982706;7255;60115;12.1
2018-12;Região de Saúde do Centro;Hospital Arcebispo João Crisóstomo;40.3470015, -8.5933462;75;2534;3.0
2018-12;Região de Saúde LVT;Centro Hospitalar de Lisboa Ocidental, EPE;38.708454, -9.216985;12265;117225;10.5
2018-12;Região de Saúde LVT;Centro Hospitalar de Setúbal, EPE;38.5283754, -8.8818638;8370;63867;13.1
2018-12;Região de Saúde LVT;Centro Hospitalar do Oeste, EPE;39.4054629, -9.1258493;5590;47295;11.8
2018-12;Região de Saúde LVT;Instituto Gama Pinto;38.7218793, -9.144249;0;0;
2018-12;Região de Saúde Norte;Centro Hospitalar de São João, EPE;41.1831056, -8.6010558;22323;187062;11.9
2018-12;Região de Saúde Norte;Centro Hospitalar Vila Nova de Gaia/Espinho, EPE;41.1094138, -8.5972617;0;109204;0.0
2018-12;Região de Saúde Norte;Unidade Local de Saúde de Matosinhos, EPE;41.1794456, -8.6745115;1705;78577;2.2
2018-12;Região de Saúde Norte;Unidade Local de Saúde do Nordeste, EPE;41.8056532, -6.7888197;10689;63119;16.9
2019-01;Região de Saúde do Algarve;Centro Hospitalar Universitário do Algarve,EPE;37.0238973, -7.9281554;1569;10871;14.4
2019-01;Região de Saúde LVT;Centro Hospitalar de Lisboa Ocidental, EPE;38.708454, -9.216985;1037;10062;10.3
2019-01;Região de Saúde LVT;Centro Hospitalar do Oeste, EPE;39.4054629, -9.1258493;587;4230;13.9
2019-01;Região de Saúde Norte;Unidade Local de Saúde de Matosinhos, EPE;41.1794456, -8.6745115;939;7591;12.4
2019-02;Região de Saúde do Alentejo;Hospital Espírito Santo de Évora, EPE;38.5684861, -7.9032848;1780;9572;18.6
2019-02;Região de Saúde do Centro;Centro Hospitalar Tondela-Viseu, EPE;40.516364, -8.0827433;2020;13545;14.9
2019-02;Região de Saúde LVT;Centro Hospitalar do Oeste, EPE;39.4054629, -9.1258493;1202;8513;14.1
2019-02;Região de Saúde LVT;Centro Hospitalar Lisboa Norte, EPE;38.7500861, -9.1616116;5468;33915;16.1
2019-02;Região de Saúde Norte;Centro Hospitalar de São João, EPE;41.1831056, -8.6010558;4242;32628;13.0
2019-02;Região de Saúde Norte;Centro Hospitalar Trás-os-Montes e Alto Douro, EPE;41.3031784, -7.7515252;2071;14236;14.6
2019-03;Região de Saúde do Centro;Centro Hospitalar e Universitário de Coimbra, EPE;40.2191523, -8.4098211;8187;63443;12.9
2019-03;Região de Saúde LVT;Centro Hospitalar Psiquiátrico de Lisboa;38.7569771, -9.1460705;216;4146;5.2
2019-03;Região de Saúde LVT;Instituto Português Oncologia de Lisboa, EPE;38.7396768, -9.1634516;1918;15677;12.2
2019-03;Região de Saúde Norte;Centro Hospitalar Entre Douro e Vouga, EPE;40.9293884, -8.5458794;2343;15650;15.0
2019-03;Região de Saúde Norte;Centro Hospitalar Póvoa de Varzim/Vila do Conde, EPE;41.3828711, -8.7589945;1012;6242;16.2
2019-03;Região de Saúde Norte;Centro Hospitalar Trás-os-Montes e Alto Douro, EPE;41.3031784, -7.7515252;3466;21854;15.9
2019-03;Região de Saúde Norte;Hospital Santa Maria Maior, EPE;41.5324234, -8.6171561;216;2805;7.7
2019-04;Região de Saúde do Alentejo;Unidade Local de Saúde do Baixo Alentejo, EPE;38.014123, -7.8721227;2465;17447;14.1
2019-04;Região de Saúde do Centro;Centro Hospitalar do Baixo Vouga, EPE;40.6362453, -8.6543716;2871;21325;13.5
2019-04;Região de Saúde do Centro;Hospital Dr. Francisco Zagalo;40.8571967, -8.6318023;118;1614;7.3
2019-04;Região de Saúde LVT;Centro Hospitalar de Setúbal, EPE;38.5283754, -8.8818638;2830;22123;12.8
2019-04;Região de Saúde LVT;Centro Hospitalar Psiquiátrico de Lisboa;38.7569771, -9.1460705;292;5581;5.2
2019-04;Região de Saúde LVT;Hospital de Vila Franca de Xira, PPP;38.977235, -8.984506;633;12342;5.1
2019-04;Região de Saúde LVT;Instituto Português Oncologia de Lisboa, EPE;38.7396768, -9.1634516;2505;20904;12.0
2019-04;Região de Saúde Norte;Centro Hospitalar Vila Nova de Gaia/Espinho, EPE;41.1094138, -8.5972617;5463;40099;13.6
2019-04;Região de Saúde Norte;Unidade Local de Saúde de Matosinhos, EPE;41.1794456, -8.6745115;3552;29004;12.2
2019-05;Região de Saúde do Alentejo;Unidade Local de Saúde do Baixo Alentejo, EPE;38.014123, -7.8721227;3122;22456;13.9
2019-05;Região de Saúde do Centro;Centro Hospitalar de Leiria, EPE;39.7414812, -8.7982706;3506;26591;13.2
2019-05;Região de Saúde do Centro;Centro Hospitalar Tondela-Viseu, EPE;40.516364, -8.0827433;4988;34158;14.6
2019-05;Região de Saúde do Centro;Instituto Português Oncologia de Coimbra, EPE;40.2162514, -8.4103814;1487;12749;11.7
2019-05;Região de Saúde do Centro;Unidade Local de Saúde da Guarda, EPE;40.5309916, -7.2734793;4520;29142;15.5
2019-05;Região de Saúde LVT;Centro Hospitalar Barreiro/Montijo, EPE;38.6554005, -9.0592392;2889;24032;12.0
2019-05;Região de Saúde LVT;Centro Hospitalar do Oeste, EPE;39.4054629, -9.1258493;2941;21476;13.7
2019-05;Região de Saúde LVT;Hospital Distrital de Santarém, EPE;39.2410946, -8.6937515;3612;21745;16.6
2019-05;Região de Saúde Norte;Centro Hospitalar Trás-os-Montes e Alto Douro, EPE;41.3031784, -7.7515252;5365;36394;14.7
2019-05;Região de Saúde Norte;Centro Hospitalar Vila Nova de Gaia/Espinho, EPE;41.1094138, -8.5972617;6140;49452;12.4
2019-05;Região de Saúde Norte;Unidade Local de Saúde do Nordeste, EPE;41.8056532, -6.7888197;4718;27112;17.4
2019-06;Região de Saúde do Centro;Centro Hospitalar de Leiria, EPE;39.7414812, -8.7982706;4642;32516;14.3
2019-06;Região de Saúde do Centro;Centro Medicina de Reabilitação da Região Centro Rovisco Pais;40.297919, -8.7707806;195;2359;8.3
2019-06;Região de Saúde do Centro;Hospital Arcebispo João Crisóstomo;40.3470015, -8.5933462;70;1308;5.4
2019-06;Região de Saúde do Centro;Instituto Português Oncologia de Coimbra, EPE;40.2162514, -8.4103814;1803;15374;11.7
2019-06;Região de Saúde LVT;Centro Hospitalar Psiquiátrico de Lisboa;38.7569771, -9.1460705;437;7323;6.0
2019-06;Região de Saúde LVT;Hospital Distrital de Santarém, EPE;39.2410946, -8.6937515;4308;23155;18.6
2019-06;Região de Saúde Norte;Centro Hospitalar do Médio Ave, EPE;41.3423984, -8.4802503;2469;15972;15.5
2019-06;Região de Saúde Norte;Centro Hospitalar Tâmega e Sousa, EPE;41.2494561, -8.264901;5321;30738;17.3
2019-06;Região de Saúde Norte;Hospital da Senhora da Oliveira, Guimarães, EPE;41.4387173, -8.3086907;3934;27989;14.1
2019-06;Região de Saúde Norte;Hospital de Magalhães Lemos, EPE;41.1764649, -8.6649823;365;5797;6.3
2019-06;Região de Saúde Norte;Unidade Local de Saúde do Nordeste, EPE;41.8056532, -6.7888197;5413;28744;18.8
2019-07;Região de Saúde do Centro;Centro Hospitalar Cova da Beira, EPE;40.2804158, -7.4922407;4049;23329;17.4
2019-07;Região de Saúde do Centro;Centro Hospitalar de Leiria, EPE;39.7414812, -8.7982706;5360;37985;14.1
2019-07;Região de Saúde do Centro;Hospital Distrital da Figueira da Foz, EPE;40.117897, -8.8586755;1837;12249;15.0
2019-07;Região de Saúde do Centro;Hospital Dr. Francisco Zagalo;40.8571967, -8.6318023;203;2573;7.9
2019-07;Região de Saúde do Centro;Instituto Português Oncologia de Coimbra, EPE;40.2162514, -8.4103814;2106;18214;11.6
2019-07;Região de Saúde do Centro;Unidade Local de Saúde da Guarda, EPE;40.5309916, -7.2734793;6408;37176;17.2
2019-07;Região de Saúde LVT;Centro Hospitalar de Lisboa Ocidental, EPE;38.708454, -9.216985;8743;66033;13.2
2019-07;Região de Saúde LVT;Centro Hospitalar Lisboa Norte, EPE;38.7500861, -9.1616116;19328;120927;16.0
2019-07;Região de Saúde LVT;Centro Hospitalar Psiquiátrico de Lisboa;38.7569771, -9.1460705;517;8771;5.9
2019-07;Região de Saúde LVT;Hospital Garcia de Orta, EPE;38.6658713, -9.1822554;7545;51582;14.6
2019-07;Região de Saúde Norte;Centro Hospitalar Póvoa de Varzim/Vila do Conde, EPE;41.3828711, -8.7589945;2375;13361;17.8
2019-07;Região de Saúde Norte;Hospital da Senhora da Oliveira, Guimarães, EPE;41.4387173, -8.3086907;4521;32764;13.8
2019-07;Região de Saúde Norte;Instituto Português Oncologia do Porto, EPE;41.1785642, -8.6062881;3671;36079;10.2
2019-07;Região de Saúde Norte;Unidade Local de Saúde do Nordeste, EPE;41.8056532, -6.7888197;6449;34356;18.8
2019-08;Região de Saúde do Centro;Centro Hospitalar Tondela-Viseu, EPE;40.516364, -8.0827433;8058;54958;14.7
2019-08;Região de Saúde do Centro;Hospital Distrital da Figueira da Foz, EPE;40.117897, -8.8586755;2106;14216;14.8
2019-08;Região de Saúde do Centro;Instituto Português Oncologia de Coimbra, EPE;40.2162514, -8.4103814;2451;20752;11.8
2019-08;Região de Saúde do Centro;Unidade Local de Saúde da Guarda, EPE;40.5309916, -7.2734793;7500;43122;17.4
2019-08;Região de Saúde LVT;Centro Hospitalar Lisboa Norte, EPE;38.7500861, -9.1616116;22013;138057;15.9
2019-08;Região de Saúde LVT;Centro Hospitalar Psiquiátrico de Lisboa;38.7569771, -9.1460705;582;10144;5.7
2019-08;Região de Saúde LVT;Instituto Português Oncologia de Lisboa, EPE;38.7396768, -9.1634516;5458;38981;14.0
2019-08;Região de Saúde Norte;Centro Hospitalar do Médio Ave, EPE;41.3423984, -8.4802503;3415;22182;15.4
2019-08;Região de Saúde Norte;Centro Hospitalar do Porto, EPE;41.1472498, -8.6172617;13199;101195;13.0
2019-09;Região de Saúde do Alentejo;Hospital Espírito Santo de Évora, EPE;38.5684861, -7.9032848;7356;39696;18.5
2019-09;Região de Saúde do Alentejo;Unidade Local de Saúde do Litoral Alentejano, EPE;38.0162314, -8.6956768;3102;21270;14.6
2019-09;Região de Saúde do Centro;Instituto Português Oncologia de Coimbra, EPE;40.2162514, -8.4103814;2794;23633;11.8
2019-09;Região de Saúde do Centro;Unidade Local de Saúde da Guarda, EPE;40.5309916, -7.2734793;8451;49056;17.2
2019-09;Região de Saúde do Centro;Unidade Local de Saúde de Castelo Branco, EPE;39.8212263, -7.4981271;5219;33861;15.4
2019-09;Região de Saúde LVT;Centro Hospitalar de Lisboa Central, EPE;38.7166948, -9.1371248;23677;178471;13.3
2019-09;Região de Saúde LVT;Centro Hospitalar de Lisboa Ocidental, EPE;38.708454, -9.216985;11483;87791;13.1
2019-09;Região de Saúde LVT;Centro Hospitalar de Setúbal, EPE;38.5283754, -8.8818638;7245;47313;15.3
2019-09;Região de Saúde LVT;Centro Hospitalar do Oeste, EPE;39.4054629, -9.1258493;5449;35969;15.1
2019-09;Região de Saúde LVT;Instituto Português Oncologia de Lisboa, EPE;38.7396768, -9.1634516;6108;44075;13.9
2019-09;Região de Saúde Norte;Centro Hospitalar do Médio Ave, EPE;41.3423984, -8.4802503;3813;25165;15.2
2019-09;Região de Saúde Norte;Centro Hospitalar do Porto, EPE;41.1472498, -8.6172617;14756;114434;12.9
2019-09;Região de Saúde Norte;Centro Hospitalar Póvoa de Varzim/Vila do Conde, EPE;41.3828711, -8.7589945;3025;17625;17.2
2019-09;Região de Saúde Norte;Centro Hospitalar Tâmega e Sousa, EPE;41.2494561, -8.264901;8038;48173;16.7
2019-09;Região de Saúde Norte;Centro Hospitalar Trás-os-Montes e Alto Douro, EPE;41.3031784, -7.7515252;9808;61457;16.0
2019-09;Região de Saúde Norte;Centro Hospitalar Vila Nova de Gaia/Espinho, EPE;41.1094138, -8.5972617;12228;91056;13.4
2019-09;Região de Saúde Norte;Hospital de Braga, EPE;41.56785, -8.398982;5210;63140;8.3
2019-10;Região de Saúde do Alentejo;Hospital Espírito Santo de Évora, EPE;38.5684861, -7.9032848;8113;44346;18.3
2019-10;Região de Saúde do Alentejo;Unidade Local de Saúde do Litoral Alentejano, EPE;38.0162314, -8.6956768;3493;23797;14.7
2019-10;Região de Saúde do Centro;Centro Hospitalar do Baixo Vouga, EPE;40.6362453, -8.6543716;7429;51409;14.5
2019-10;Região de Saúde do Centro;Centro Medicina de Reabilitação da Região Centro Rovisco Pais;40.297919, -8.7707806;309;4207;7.3
2019-10;Região de Saúde do Centro;Hospital Dr. Francisco Zagalo;40.8571967, -8.6318023;315;3999;7.9
2019-10;Região de Saúde LVT;Centro Hospitalar Barreiro/Montijo, EPE;38.6554005, -9.0592392;5919;45592;13.0
2019-10;Região de Saúde LVT;Centro Hospitalar Lisboa Norte, EPE;38.7500861, -9.1616116;27917;173756;16.1
2019-10;Região de Saúde LVT;Centro Hospitalar Psiquiátrico de Lisboa;38.7569771, -9.1460705;727;12941;5.6
2019-10;Região de Saúde LVT;Hospital Distrital de Santarém, EPE;39.2410946, -8.6937515;7172;40724;17.6
2019-10;Região de Saúde Norte;Centro Hospitalar Póvoa de Varzim/Vila do Conde, EPE;41.3828711, -8.7589945;3374;20159;16.7
2019-10;Região de Saúde Norte;Hospital de Braga, EPE;41.56785, -8.398982;5867;71165;8.2
2019-10;Região de Saúde Norte;Hospital de Magalhães Lemos, EPE;41.1764649, -8.6649823;640;10176;6.3
2019-10;Região de Saúde Norte;Hospital Santa Maria Maior, EPE;41.5324234, -8.6171561;1134;10249;11.1
2019-10;Região de Saúde Norte;Unidade Local de Saúde do Alto Minho, EPE;41.7056054, -8.8252713;11324;78155;14.5
2019-11;Região de Saúde do Centro;Centro Hospitalar Cova da Beira, EPE;40.2804158, -7.4922407;6398;37012;17.3
2019-11;Região de Saúde do Centro;Centro Hospitalar de Leiria, EPE;39.7414812, -8.7982706;8263;60477;13.7
2019-11;Região de Saúde do Centro;Centro Hospitalar do Baixo Vouga, EPE;40.6362453, -8.6543716;8124;60233;13.5
2019-11;Região de Saúde LVT;Centro Hospitalar de Setúbal, EPE;38.5283754, -8.8818638;9036;62804;14.4
2019-11;Região de Saúde LVT;Centro Hospitalar do Oeste, EPE;39.4054629, -9.1258493;6641;47843;13.9
2019-11;Região de Saúde LVT;Centro Hospitalar Lisboa Norte, EPE;38.7500861, -9.1616116;30693;191098;16.1
2019-11;Região de Saúde LVT;Hospital de Vila Franca de Xira, PPP;38.977235, -8.984506;1837;34876;5.3
2019-11;Região de Saúde LVT;Hospital Distrital de Santarém, EPE;39.2410946, -8.6937515;7878;47687;16.5
2019-11;Região de Saúde LVT;Instituto Português Oncologia de Lisboa, EPE;38.7396768, -9.1634516;7354;54783;13.4
2019-11;Região de Saúde Norte;Centro Hospitalar do Porto, EPE;41.1472498, -8.6172617;18537;140859;13.2
2019-11;Região de Saúde Norte;Centro Hospitalar Vila Nova de Gaia/Espinho, EPE;41.1094138, -8.5972617;15295;113085;13.5
2019-11;Região de Saúde Norte;Hospital da Senhora da Oliveira, Guimarães, EPE;41.4387173, -8.3086907;7279;52113;14.0
2019-11;Região de Saúde Norte;Hospital de Magalhães Lemos, EPE;41.1764649, -8.6649823;707;10965;6.5
2019-11;Região de Saúde Norte;Hospital Santa Maria Maior, EPE;41.5324234, -8.6171561;1134;10258;11.1
2019-12;Região de Saúde do Centro;Centro Hospitalar Tondela-Viseu, EPE;40.516364, -8.0827433;12592;83932;15.0
2019-12;Região de Saúde LVT;Centro Hospitalar de Setúbal, EPE;38.5283754, -8.8818638;11147;70250;15.9
2019-12;Região de Saúde LVT;Centro Hospitalar do Oeste, EPE;39.4054629, -9.1258493;7289;52371;13.9
2019-12;Região de Saúde LVT;Hospital Distrital de Santarém, EPE;39.2410946, -8.6937515;8641;52233;16.5
2019-12;Região de Saúde LVT;Hospital Garcia de Orta, EPE;38.6658713, -9.1822554;13927;91272;15.3
2019-12;Região de Saúde Norte;Centro Hospitalar do Médio Ave, EPE;41.3423984, -8.4802503;5309;36775;14.4
2019-12;Região de Saúde Norte;Centro Hospitalar Tâmega e Sousa, EPE;41.2494561, -8.264901;11066;67584;16.4
2020-01;Região de Saúde do Centro;Centro Hospitalar Cova da Beira, EPE;40.2804158, -7.4922407;622;3560;17.5
2020-01;Região de Saúde LVT;Centro Hospitalar de Setúbal, EPE;38.5283754, -8.8818638;936;5888;15.9
2020-01;Região de Saúde LVT;Instituto Português Oncologia de Lisboa, EPE;38.7396768, -9.1634516;669;5360;12.5
2020-01;Região de Saúde Norte;Centro Hospitalar Entre Douro e Vouga, EPE;40.9293884, -8.5458794;779;5513;14.1
2020-01;Região de Saúde Norte;Unidade Local de Saúde do Alto Minho, EPE;41.7056054, -8.8252713;1390;8449;16.5
2020-02;Região de Saúde do Alentejo;Unidade Local de Saúde do Baixo Alentejo, EPE;38.014123, -7.8721227;1345;9427;14.3
2020-02;Região de Saúde do Centro;Centro Hospitalar Cova da Beira, EPE;40.2804158, -7.4922407;1245;7096;17.5
2020-02;Região de Saúde do Centro;Centro Hospitalar de Leiria, EPE;39.7414812, -8.7982706;3624;14649;24.7
2020-02;Região de Saúde do Centro;Centro Hospitalar e Universitário de Coimbra, EPE;40.2191523, -8.4098211;6130;42481;14.4
2020-02;Região de Saúde do Centro;Centro Hospitalar Tondela-Viseu, EPE;40.516364, -8.0827433;2471;14745;16.8
2020-02;Região de Saúde do Centro;Centro Medicina de Reabilitação da Região Centro Rovisco Pais;40.297919, -8.7707806;61;924;6.7
2020-02;Região de Saúde do Centro;Hospital Distrital da Figueira da Foz, EPE;40.117897, -8.8586755;429;3992;10.8
2020-02;Região de Saúde LVT;Centro Hospitalar de Setúbal, EPE;38.5283754, -8.8818638;1881;11838;15.9
2020-02;Região de Saúde LVT;Hospital Distrital de Santarém, EPE;39.2410946, -8.6937515;1453;8787;16.5
2020-02;Região de Saúde Norte;Centro Hospitalar de São João, EPE;41.1831056, -8.6010558;4450;35346;12.6
2020-02;Região de Saúde Norte;Hospital de Magalhães Lemos, EPE;41.1764649, -8.6649823;121;2150;5.6
2020-03;Região de Saúde do Alentejo;Unidade Local de Saúde do Litoral Alentejano, EPE;38.0162314, -8.6956768;1166;7876;14.8
2020-03;Região de Saúde do Centro;Centro Hospitalar Tondela-Viseu, EPE;40.516364, -8.0827433;3658;22091;16.6
2020-03;Região de Saúde do Centro;Hospital Distrital da Figueira da Foz, EPE;40.117897, -8.8586755;620;5966;10.4
2020-03;Região de Saúde do Centro;Instituto Português Oncologia de Coimbra, EPE;40.2162514, -8.4103814;982;8164;12.0
2020-03;Região de Saúde do Centro;Unidade Local de Saúde da Guarda, EPE;40.5309916, -7.2734793;2886;18306;15.8
2020-03;Região de Saúde Norte;Hospital Santa Maria Maior, EPE;41.5324234, -8.6171561;381;4268;8.9
2020-04;Região de Saúde do Centro;Centro Hospitalar do Baixo Vouga, EPE;40.6362453, -8.6543716;3185;22556;14.1
2020-04;Região de Saúde do Centro;Centro Medicina de Reabilitação da Região Centro Rovisco Pais;40.297919, -8.7707806;122;1851;6.6
2020-04;Região de Saúde do Centro;Hospital Dr. Francisco Zagalo;40.8571967, -8.6318023;159;1894;8.4
2020-04;Região de Saúde LVT;Centro Hospitalar do Oeste, EPE;39.4054629, -9.1258493;2510;17966;14.0
2020-04;Região de Saúde LVT;Centro Hospitalar Médio Tejo, EPE;39.478072, -8.5404429;3024;21659;14.0
2020-04;Região de Saúde LVT;Centro Hospitalar Psiquiátrico de Lisboa;38.7569771, -9.1460705;278;5613;5.0
2020-04;Região de Saúde Norte;Centro Hospitalar Entre Douro e Vouga, EPE;40.9293884, -8.5458794;3639;22562;16.1
2020-04;Região de Saúde Norte;Centro Hospitalar Tâmega e Sousa, EPE;41.2494561, -8.264901;3666;24367;15.0
2020-04;Região de Saúde Norte;Hospital Santa Maria Maior, EPE;41.5324234, -8.6171561;510;5681;9.0
2020-04;Região de Saúde Norte;Unidade Local de Saúde de Matosinhos, EPE;41.1794456, -8.6745115;4318;31201;13.8
2020-05;Região de Saúde do Alentejo;Unidade Local de Saúde do Baixo Alentejo, EPE;38.014123, -7.8721227;3210;24130;13.3
2020-05;Região de Saúde do Alentejo;Unidade Local de Saúde do Litoral Alentejano, EPE;38.0162314, -8.6956768;1948;13136;14.8
2020-05;Região de Saúde do Alentejo;Unidade Local de Saúde do Norte Alentejano, EPE;39.3003425, -7.4263845;3289;22196;14.8
2020-05;Região de Saúde do Centro;Centro Hospitalar de Leiria, EPE;39.7414812, -8.7982706;3497;27910;12.5
2020-05;Região de Saúde do Centro;Centro Hospitalar e Universitário de Coimbra, EPE;40.2191523, -8.4098211;16004;111234;14.4
2020-05;Região de Saúde do Centro;Instituto Português Oncologia de Coimbra, EPE;40.2162514, -8.4103814;1672;14143;11.8
2020-05;Região de Saúde LVT;Hospital Garcia de Orta, EPE;38.6658713, -9.1822554;6172;40070;15.4
2020-05;Região de Saúde Norte;Centro Hospitalar de São João, EPE;41.1831056, -8.6010558;12813;89220;14.4
2020-05;Região de Saúde Norte;Centro Hospitalar do Médio Ave, EPE;41.3423984, -8.4802503;2141;16445;13.0
2020-05;Região de Saúde Norte;Centro Hospitalar Tâmega e Sousa, EPE;41.2494561, -8.264901;4735;30609;15.5
2020-05;Região de Saúde Norte;Unidade Local de Saúde do Nordeste, EPE;41.8056532, -6.7888197;5386;28625;18.8
2020-06;Região de Saúde do Alentejo;Hospital Espírito Santo de Évora, EPE;38.5684861, -7.9032848;4849;26062;18.6
2020-06;Região de Saúde do Centro;Centro Hospitalar de Leiria, EPE;39.7414812, -8.7982706;4801;34270;14.0
2020-06;Região de Saúde LVT;Centro Hospitalar Barreiro/Montijo, EPE;38.6554005, -9.0592392;3989;26811;14.9
2020-06;Região de Saúde Norte;Centro Hospitalar do Médio Ave, EPE;41.3423984, -8.4802503;2677;17505;15.3
2020-06;Região de Saúde Norte;Centro Hospitalar Entre Douro e Vouga, EPE;40.9293884, -8.5458794;5681;30276;18.8
2020-06;Região de Saúde Norte;Instituto Português Oncologia do Porto, EPE;41.1785642, -8.6062881;3970;32502;12.2
2020-06;Região de Saúde Norte;Unidade Local de Saúde de Matosinhos, EPE;41.1794456, -8.6745115;6562;42806;15.3
2020-07;Região de Saúde do Alentejo;Unidade Local de Saúde do Litoral Alentejano, EPE;38.0162314, -8.6956768;2875;16737;17.2
2020-07;Região de Saúde do Algarve;Centro Hospitalar Universitário do Algarve,EPE;37.0238973, -7.9281554;12397;71847;17.3
2020-07;Região de Saúde do Centro;Centro Hospitalar de Leiria, EPE;39.7414812, -8.7982706;5836;40254;14.5
2020-07;Região de Saúde LVT;Hospital de Vila Franca de Xira, PPP;38.977235, -8.984506;1465;22283;6.6
2020-07;Região de Saúde Norte;Centro Hospitalar Tâmega e Sousa, EPE;41.2494561, -8.264901;7015;39492;17.8
2020-07;Região de Saúde Norte;Hospital de Braga, EPE;41.56785, -8.398982;6862;54209;12.7
2020-08;Região de Saúde do Alentejo;Hospital Espírito Santo de Évora, EPE;38.5684861, -7.9032848;6799;36187;18.8
2020-08;Região de Saúde do Alentejo;Unidade Local de Saúde do Litoral Alentejano, EPE;38.0162314, -8.6956768;3359;19539;17.2
2020-08;Região de Saúde do Algarve;Centro Hospitalar Universitário do Algarve,EPE;37.0238973, -7.9281554;14032;82971;16.9
2020-08;Região de Saúde do Centro;Centro Hospitalar Cova da Beira, EPE;40.2804158, -7.4922407;5171;28575;18.1
2020-08;Região de Saúde do Centro;Centro Hospitalar do Baixo Vouga, EPE;40.6362453, -8.6543716;5664;41141;13.8
2020-08;Região de Saúde do Centro;Hospital Distrital da Figueira da Foz, EPE;40.117897, -8.8586755;1937;15111;12.8
2020-08;Região de Saúde do Centro;Instituto Português Oncologia de Coimbra, EPE;40.2162514, -8.4103814;2928;22098;13.3
2020-08;Região de Saúde do Centro;Unidade Local de Saúde de Castelo Branco, EPE;39.8212263, -7.4981271;4891;32229;15.2
2020-08;Região de Saúde LVT;Centro Hospitalar de Lisboa Central, EPE;38.7166948, -9.1371248;22240;162961;13.6
2020-08;Região de Saúde LVT;Centro Hospitalar Lisboa Norte, EPE;38.7500861, -9.1616116;24647;142859;17.3
2020-08;Região de Saúde LVT;Hospital Distrital de Santarém, EPE;39.2410946, -8.6937515;5692;31873;17.9
2020-08;Região de Saúde Norte;Centro Hospitalar de São João, EPE;41.1831056, -8.6010558;20797;142196;14.6
2020-08;Região de Saúde Norte;Centro Hospitalar Trás-os-Montes e Alto Douro, EPE;41.3031784, -7.7515252;8880;56762;15.6
2020-08;Região de Saúde Norte;Instituto Português Oncologia do Porto, EPE;41.1785642, -8.6062881;5134;44825;11.5
2020-09;Região de Saúde do Alentejo;Hospital Espírito Santo de Évora, EPE;38.5684861, -7.9032848;7744;41245;18.8
2020-09;Região de Saúde do Centro;Centro Hospitalar do Baixo Vouga, EPE;40.6362453, -8.6543716;6531;46969;13.9
2020-09;Região de Saúde do Centro;Instituto Português Oncologia de Coimbra, EPE;40.2162514, -8.4103814;3302;25229;13.1
2020-09;Região de Saúde LVT;Centro Hospitalar de Setúbal, EPE;38.5283754, -8.8818638;8242;49622;16.6
2020-09;Região de Saúde LVT;Hospital Distrital de Santarém, EPE;39.2410946, -8.6937515;6337;36224;17.5
2020-09;Região de Saúde Norte;Centro Hospitalar do Médio Ave, EPE;41.3423984, -8.4802503;4026;27848;14.5
2020-09;Região de Saúde Norte;Centro Hospitalar Trás-os-Montes e Alto Douro, EPE;41.3031784, -7.7515252;9911;64499;15.4
2020-09;Região de Saúde Norte;Hospital da Senhora da Oliveira, Guimarães, EPE;41.4387173, -8.3086907;6304;45308;13.9
2020-09;Região de Saúde Norte;Unidade Local de Saúde de Matosinhos, EPE;41.1794456, -8.6745115;9655;66720;14.5
2020-09;Região de Saúde Norte;Unidade Local de Saúde do Nordeste, EPE;41.8056532, -6.7888197;9841;47780;20.6
2020-10;Região de Saúde do Alentejo;Unidade Local de Saúde do Baixo Alentejo, EPE;38.014123, -7.8721227;7608;46713;16.3
2020-10;Região de Saúde do Centro;Centro Hospitalar Tondela-Viseu, EPE;40.516364, -8.0827433;10179;69926;14.6
2020-10;Região de Saúde do Centro;Instituto Português Oncologia de Coimbra, EPE;40.2162514, -8.4103814;3659;28071;13.0
2020-10;Região de Saúde do Centro;Unidade Local de Saúde da Guarda, EPE;40.5309916, -7.2734793;10111;58761;17.2
2020-10;Região de Saúde LVT;Centro Hospitalar de Setúbal, EPE;38.5283754, -8.8818638;9247;55729;16.6
2020-10;Região de Saúde LVT;Centro Hospitalar do Oeste, EPE;39.4054629, -9.1258493;6878;43569;15.8
2020-10;Região de Saúde LVT;Hospital Distrital de Santarém, EPE;39.2410946, -8.6937515;7055;40647;17.4
2020-10;Região de Saúde LVT;Instituto Português Oncologia de Lisboa, EPE;38.7396768, -9.1634516;6255;51526;12.1
2020-10;Região de Saúde Norte;Centro Hospitalar de São João, EPE;41.1831056, -8.6010558;27043;178732;15.1
2020-10;Região de Saúde Norte;Centro Hospitalar do Médio Ave, EPE;41.3423984, -8.4802503;4509;31178;14.5
2020-10;Região de Saúde Norte;Unidade Local de Saúde do Alto Minho, EPE;41.7056054, -8.8252713;12662;84603;15.0
2020-11;Região de Saúde do Alentejo;Unidade Local de Saúde do Norte Alentejano, EPE;39.3003425, -7.4263845;8085;49849;16.2
2020-11;Região de Saúde do Centro;Centro Hospitalar Cova da Beira, EPE;40.2804158, -7.4922407;7051;39255;18.0
2020-11;Região de Saúde do Centro;Centro Hospitalar de Leiria, EPE;39.7414812, -8.7982706;9441;63875;14.8
2020-11;Região de Saúde LVT;Centro Hospitalar de Lisboa Ocidental, EPE;38.708454, -9.216985;16712;122963;13.6
2020-11;Região de Saúde LVT;Centro Hospitalar de Setúbal, EPE;38.5283754, -8.8818638;10225;65518;15.6
2020-11;Região de Saúde Norte;Centro Hospitalar do Porto, EPE;41.1472498, -8.6172617;20484;146921;13.9
2020-11;Região de Saúde Norte;Centro Hospitalar Entre Douro e Vouga, EPE;40.9293884, -8.5458794;10747;63272;17.0
2020-11;Região de Saúde Norte;Centro Hospitalar Póvoa de Varzim/Vila do Conde, EPE;41.3828711, -8.7589945;4012;25109;16.0
2020-11;Região de Saúde Norte;Hospital de Magalhães Lemos, EPE;41.1764649, -8.6649823;779;12086;6.4
2020-11;Região de Saúde Norte;Instituto Português Oncologia do Porto, EPE;41.1785642, -8.6062881;7092;63570;11.2
2020-12;Região de Saúde do Alentejo;Unidade Local de Saúde do Norte Alentejano, EPE;39.3003425, -7.4263845;8911;54773;16.3
2020-12;Região de Saúde do Centro;Centro Hospitalar de Leiria, EPE;39.7414812, -8.7982706;10734;70461;15.2
2020-12;Região de Saúde do Centro;Centro Hospitalar Tondela-Viseu, EPE;40.516364, -8.0827433;13260;87862;15.1
2020-12;Região de Saúde do Centro;Centro Medicina de Reabilitação da Região Centro Rovisco Pais;40.297919, -8.7707806;426;5678;7.5
2020-12;Região de Saúde do Centro;Hospital Dr. Francisco Zagalo;40.8571967, -8.6318023;511;6122;8.4
2020-12;Região de Saúde do Centro;Unidade Local de Saúde da Guarda, EPE;40.5309916, -7.2734793;13063;76574;17.1
2020-12;Região de Saúde LVT;Hospital Distrital de Santarém, EPE;39.2410946, -8.6937515;9343;53719;17.4
2020-12;Região de Saúde LVT;Instituto Português Oncologia de Lisboa, EPE;38.7396768, -9.1634516;8012;63247;12.7
2020-12;Região de Saúde Norte;Centro Hospitalar do Médio Ave, EPE;41.3423984, -8.4802503;5769;38828;14.9
2020-12;Região de Saúde Norte;Centro Hospitalar do Porto, EPE;41.1472498, -8.6172617;23318;163489;14.3
2020-12;Região de Saúde Norte;Centro Hospitalar Entre Douro e Vouga, EPE;40.9293884, -8.5458794;13010;72576;17.9
2020-12;Região de Saúde Norte;Centro Hospitalar Tâmega e Sousa, EPE;41.2494561, -8.264901;13858;75455;18.4
2021-01;Região de Saúde do Alentejo;Unidade Local de Saúde do Norte Alentejano, EPE;39.3003425, -7.4263845;792;4634;17.1
2021-01;Região de Saúde do Centro;Centro Hospitalar Cova da Beira, EPE;40.2804158, -7.4922407;883;3985;22.2
2021-01;Região de Saúde do Centro;Hospital Arcebispo João Crisóstomo;40.3470015, -8.5933462;13;287;4.6
2021-01;Região de Saúde do Centro;Hospital Distrital da Figueira da Foz, EPE;40.117897, -8.8586755;419;2302;18.2
2021-01;Região de Saúde LVT;Centro Hospitalar do Oeste, EPE;39.4054629, -9.1258493;973;5209;18.7
2021-01;Região de Saúde LVT;Hospital Distrital de Santarém, EPE;39.2410946, -8.6937515;970;4866;19.9
2021-01;Região de Saúde Norte;Hospital da Senhora da Oliveira, Guimarães, EPE;41.4387173, -8.3086907;1249;6360;19.6
2021-02;Região de Saúde do Centro;Centro Hospitalar Cova da Beira, EPE;40.2804158, -7.4922407;1769;7570;23.4
2021-02;Região de Saúde do Centro;Centro Hospitalar Tondela-Viseu, EPE;40.516364, -8.0827433;2938;15861;18.5
2021-02;Região de Saúde do Centro;Hospital Arcebispo João Crisóstomo;40.3470015, -8.5933462;29;561;5.3
2021-02;Região de Saúde LVT;Centro Hospitalar do Oeste, EPE;39.4054629, -9.1258493;1860;10259;18.1
2021-02;Região de Saúde LVT;Hospital Garcia de Orta, EPE;38.6658713, -9.1822554;2631;16877;15.6
2021-02;Região de Saúde Norte;Centro Hospitalar Póvoa de Varzim/Vila do Conde, EPE;41.3828711, -8.7589945;1024;5326;19.2
2021-02;Região de Saúde Norte;Unidade Local de Saúde de Matosinhos, EPE;41.1794456, -8.6745115;2540;17861;14.2
2021-03;Região de Saúde do Algarve;Centro Hospitalar Universitário do Algarve,EPE;37.0238973, -7.9281554;6665;37906;17.6
2021-03;Região de Saúde do Centro;Centro Hospitalar de Leiria, EPE;39.7414812, -8.7982706;3277;18846;17.4
2021-03;Região de Saúde do Centro;Centro Hospitalar Tondela-Viseu, EPE;40.516364, -8.0827433;4494;23971;18.7
2021-03;Região de Saúde do Centro;Hospital Arcebispo João Crisóstomo;40.3470015, -8.5933462;45;842;5.4
2021-03;Região de Saúde do Centro;Unidade Local de Saúde de Castelo Branco, EPE;39.8212263, -7.4981271;2589;13353;19.4
2021-03;Região de Saúde LVT;Centro Hospitalar Médio Tejo, EPE;39.478072, -8.5404429;3430;18503;18.5
2021-03;Região de Saúde LVT;Centro Hospitalar Psiquiátrico de Lisboa;38.7569771, -9.1460705;306;4439;6.9
2021-03;Região de Saúde LVT;Instituto Gama Pinto;38.7218793, -9.144249;176;1108;15.9
2021-03;Região de Saúde Norte;Centro Hospitalar de São João, EPE;41.1831056, -8.6010558;9316;57732;16.1
2021-03;Região de Saúde Norte;Centro Hospitalar do Porto, EPE;41.1472498, -8.6172617;8181;45405;18.0
2021-03;Região de Saúde Norte;Centro Hospitalar Póvoa de Varzim/Vila do Conde, EPE;41.3828711, -8.7589945;1415;7866;18.0
2021-03;Região de Saúde Norte;Centro Hospitalar Vila Nova de Gaia/Espinho, EPE;41.1094138, -8.5972617;5215;34126;15.3
2021-03;Região de Saúde Norte;Hospital de Magalhães Lemos, EPE;41.1764649, -8.6649823;269;3358;8.0
2021-03;Região de Saúde Norte;Instituto Português Oncologia do Porto, EPE;41.1785642, -8.6062881;2325;19630;11.8
2021-03;Região de Saúde Norte;Unidade Local de Saúde de Matosinhos, EPE;41.1794456, -8.6745115;3524;26218;13.4
2021-03;Região de Saúde Norte;Unidade Local de Saúde do Alto Minho, EPE;41.7056054, -8.8252713;5142;28044;18.3
2021-04;Região de Saúde do Algarve;Centro Hospitalar Universitário do Algarve,EPE;37.0238973, -7.9281554;8624;50518;17.1
2021-04;Região de Saúde do Centro;Centro Hospitalar do Baixo Vouga, EPE;40.6362453, -8.6543716;2851;23841;12.0
2021-04;Região de Saúde do Centro;Hospital Arcebispo João Crisóstomo;40.3470015, -8.5933462;60;1134;5.3
2021-04;Região de Saúde LVT;Centro Hospitalar do Oeste, EPE;39.4054629, -9.1258493;3285;20378;16.1
2021-04;Região de Saúde LVT;Hospital Garcia de Orta, EPE;38.6658713, -9.1822554;5466;34459;15.9
2021-04;Região de Saúde Norte;Centro Hospitalar Póvoa de Varzim/Vila do Conde, EPE;41.3828711, -8.7589945;1724;10393;16.6
2021-05;Região de Saúde do Alentejo;Unidade Local de Saúde do Litoral Alentejano, EPE;38.0162314, -8.6956768;3215;15794;20.4
2021-05;Região de Saúde do Centro;Centro Hospitalar de Leiria, EPE;39.7414812, -8.7982706;4870;30972;15.7
2021-05;Região de Saúde do Centro;Hospital Dr. Francisco Zagalo;40.8571967, -8.6318023;186;2502;7.4
2021-05;Região de Saúde do Centro;Unidade Local de Saúde da Guarda, EPE;40.5309916, -7.2734793;6675;36479;18.3
2021-05;Região de Saúde LVT;Centro Hospitalar de Lisboa Central, EPE;38.7166948, -9.1371248;15752;118232;13.3
2021-05;Região de Saúde LVT;Centro Hospitalar de Lisboa Ocidental, EPE;38.708454, -9.216985;9713;63441;15.3
2021-05;Região de Saúde LVT;Instituto Gama Pinto;38.7218793, -9.144249;372;1964;19.0
2021-05;Região de Saúde Norte;Centro Hospitalar do Médio Ave, EPE;41.3423984, -8.4802503;2781;17127;16.2
2021-05;Região de Saúde Norte;Centro Hospitalar Entre Douro e Vouga, EPE;40.9293884, -8.5458794;5327;31240;17.1
2021-06;Região de Saúde do Alentejo;Hospital Espírito Santo de Évora, EPE;38.5684861, -7.9032848;6678;29133;22.9
2021-06;Região de Saúde do Centro;Hospital Distrital da Figueira da Foz, EPE;40.117897, -8.8586755;1780;11755;15.1
2021-06;Região de Saúde do Centro;Hospital Dr. Francisco Zagalo;40.8571967, -8.6318023;218;2623;8.3
2021-06;Região de Saúde LVT;Centro Hospitalar de Lisboa Ocidental, EPE;38.708454, -9.216985;11322;67384;16.8
2021-06;Região de Saúde LVT;Centro Hospitalar de Setúbal, EPE;38.5283754, -8.8818638;7012;35274;19.9
2021-06;Região de Saúde LVT;Hospital Fernando Fonseca, EPE;38.7422257, -9.2264834;9571;56373;17.0
2021-06;Região de Saúde Norte;Centro Hospitalar do Porto, EPE;41.1472498, -8.6172617;14023;88324;15.9
2021-06;Região de Saúde Norte;Centro Hospitalar Póvoa de Varzim/Vila do Conde, EPE;41.3828711, -8.7589945;2439;13948;17.5
2021-06;Região de Saúde Norte;Unidade Local de Saúde de Matosinhos, EPE;41.1794456, -8.6745115;6776;47050;14.4
2021-06;Região de Saúde Norte;Unidade Local de Saúde do Alto Minho, EPE;41.7056054, -8.8252713;9508;55536;17.1
2021-07;Região de Saúde do Alentejo;Hospital Espírito Santo de Évora, EPE;38.5684861, -7.9032848;7686;34429;22.3
2021-07;Região de Saúde do Centro;Centro Hospitalar do Baixo Vouga, EPE;40.6362453, -8.6543716;5702;38786;14.7
2021-07;Região de Saúde do Centro;Hospital Arcebispo João Crisóstomo;40.3470015, -8.5933462;105;1844;5.7
2021-07;Região de Saúde LVT;Centro Hospitalar Barreiro/Montijo, EPE;38.6554005, -9.0592392;5136;34451;14.9
2021-07;Região de Saúde LVT;Centro Hospitalar de Lisboa Central, EPE;38.7166948, -9.1371248;21944;150170;14.6
2021-07;Região de Saúde LVT;Centro Hospitalar de Setúbal, EPE;38.5283754, -8.8818638;8356;42055;19.9
2021-07;Região de Saúde LVT;Centro Hospitalar Psiquiátrico de Lisboa;38.7569771, -9.1460705;665;9282;7.2
2021-07;Região de Saúde LVT;Hospital Distrital de Santarém, EPE;39.2410946, -8.6937515;6856;31159;22.0
2021-07;Região de Saúde LVT;Hospital Fernando Fonseca, EPE;38.7422257, -9.2264834;11263;65227;17.3
2021-07;Região de Saúde LVT;Instituto Gama Pinto;38.7218793, -9.144249;544;2515;21.7
2021-07;Região de Saúde LVT;Instituto Português Oncologia de Lisboa, EPE;38.7396768, -9.1634516;5666;36733;15.4
2021-07;Região de Saúde Norte;Centro Hospitalar Entre Douro e Vouga, EPE;40.9293884, -8.5458794;7833;40014;19.6
2021-07;Região de Saúde Norte;Centro Hospitalar Tâmega e Sousa, EPE;41.2494561, -8.264901;9472;47186;20.1
2021-08;Região de Saúde do Centro;Centro Hospitalar Cova da Beira, EPE;40.2804158, -7.4922407;5974;30618;19.5
2021-08;Região de Saúde do Centro;Centro Hospitalar e Universitário de Coimbra, EPE;40.2191523, -8.4098211;33818;182619;18.5
2021-08;Região de Saúde do Centro;Unidade Local de Saúde da Guarda, EPE;40.5309916, -7.2734793;9000;50536;17.8
2021-08;Região de Saúde Norte;Centro Hospitalar Entre Douro e Vouga, EPE;40.9293884, -8.5458794;8956;46084;19.4
2021-08;Região de Saúde Norte;Centro Hospitalar Trás-os-Montes e Alto Douro, EPE;41.3031784, -7.7515252;10628;61327;17.3
2021-08;Região de Saúde Norte;Centro Hospitalar Vila Nova de Gaia/Espinho, EPE;41.1094138, -8.5972617;13572;92180;14.7
2021-08;Região de Saúde Norte;Hospital Santa Maria Maior, EPE;41.5324234, -8.6171561;1319;11786;11.2
2021-09;Região de Saúde do Centro;Centro Hospitalar Cova da Beira, EPE;40.2804158, -7.4922407;6728;34515;19.5
2021-09;Região de Saúde do Centro;Centro Hospitalar Tondela-Viseu, EPE;40.516364, -8.0827433;11053;69157;16.0
2021-09;Região de Saúde LVT;Centro Hospitalar de Lisboa Central, EPE;38.7166948, -9.1371248;28475;197203;14.4
2021-09;Região de Saúde LVT;Hospital Fernando Fonseca, EPE;38.7422257, -9.2264834;14669;84155;17.4
2021-09;Região de Saúde Norte;Centro Hospitalar Póvoa de Varzim/Vila do Conde, EPE;41.3828711, -8.7589945;3685;21787;16.9
2021-09;Região de Saúde Norte;Centro Hospitalar Tâmega e Sousa, EPE;41.2494561, -8.264901;12037;61589;19.5
2021-10;Região de Saúde do Alentejo;Hospital Espírito Santo de Évora, EPE;38.5684861, -7.9032848;10449;49908;20.9
2021-10;Região de Saúde do Alentejo;Unidade Local de Saúde do Norte Alentejano, EPE;39.3003425, -7.4263845;8654;45332;19.1
2021-10;Região de Saúde do Centro;Centro Hospitalar e Universitário de Coimbra, EPE;40.2191523, -8.4098211;41908;231766;18.1
2021-10;Região de Saúde do Centro;Centro Hospitalar Tondela-Viseu, EPE;40.516364, -8.0827433;12380;76991;16.1
2021-10;Região de Saúde do Centro;Unidade Local de Saúde da Guarda, EPE;40.5309916, -7.2734793;11298;64010;17.7
2021-10;Região de Saúde do Centro;Unidade Local de Saúde de Castelo Branco, EPE;39.8212263, -7.4981271;7643;42802;17.9
2021-10;Região de Saúde LVT;Centro Hospitalar Barreiro/Montijo, EPE;38.6554005, -9.0592392;7179;50672;14.2
2021-10;Região de Saúde LVT;Centro Hospitalar Médio Tejo, EPE;39.478072, -8.5404429;9543;56305;16.9
2021-10;Região de Saúde LVT;Centro Hospitalar Psiquiátrico de Lisboa;38.7569771, -9.1460705;899;13650;6.6
2021-10;Região de Saúde LVT;Hospital de Vila Franca de Xira, EPE;38.977235, -8.984506;2547;23286;10.9
2021-10;Região de Saúde LVT;Instituto Gama Pinto;38.7218793, -9.144249;826;3873;21.3
2021-10;Região de Saúde LVT;Instituto Português Oncologia de Lisboa, EPE;38.7396768, -9.1634516;7995;53928;14.8
2021-10;Região de Saúde Norte;Unidade Local de Saúde de Matosinhos, EPE;41.1794456, -8.6745115;11372;82012;13.9
2021-10;Região de Saúde Norte;Unidade Local de Saúde do Alto Minho, EPE;41.7056054, -8.8252713;15685;92341;17.0
2021-11;Região de Saúde do Centro;Hospital Arcebispo João Crisóstomo;40.3470015, -8.5933462;160;3194;5.0
2021-11;Região de Saúde do Centro;Unidade Local de Saúde da Guarda, EPE;40.5309916, -7.2734793;12317;70291;17.5
2021-11;Região de Saúde LVT;Hospital Distrital de Santarém, EPE;39.2410946, -8.6937515;10310;52535;19.6
2021-11;Região de Saúde LVT;Instituto Português Oncologia de Lisboa, EPE;38.7396768, -9.1634516;8793;59871;14.7
2021-11;Região de Saúde Norte;Centro Hospitalar de São João, EPE;41.1831056, -8.6010558;29248;207249;14.1
2021-11;Região de Saúde Norte;Hospital de Braga, EPE;41.56785, -8.398982;21763;108410;20.1
2021-12;Região de Saúde do Alentejo;Hospital Espírito Santo de Évora, EPE;38.5684861, -7.9032848;12362;60091;20.6
2021-12;Região de Saúde do Alentejo;Unidade Local de Saúde do Norte Alentejano, EPE;39.3003425, -7.4263845;10378;58191;17.8
2021-12;Região de Saúde do Centro;Centro Hospitalar de Leiria, EPE;39.7414812, -8.7982706;12263;74897;16.4
2021-12;Região de Saúde do Centro;Centro Hospitalar Tondela-Viseu, EPE;40.516364, -8.0827433;16932;95299;17.8
2021-12;Região de Saúde do Centro;Centro Medicina de Reabilitação da Região Centro Rovisco Pais;40.297919, -8.7707806;455;6218;7.3
2021-12;Região de Saúde do Centro;Hospital Distrital da Figueira da Foz, EPE;40.117897, -8.8586755;4208;25978;16.2
2021-12;Região de Saúde do Centro;Hospital Dr. Francisco Zagalo;40.8571967, -8.6318023;544;6182;8.8
2021-12;Região de Saúde do Centro;Instituto Português Oncologia de Coimbra, EPE;40.2162514, -8.4103814;4572;34218;13.4
2021-12;Região de Saúde LVT;Hospital Garcia de Orta, EPE;38.6658713, -9.1822554;16952;102162;16.6
2021-12;Região de Saúde Norte;Hospital da Senhora da Oliveira, Guimarães, EPE;41.4387173, -8.3086907;13962;73723;18.9
2021-12;Região de Saúde Norte;Hospital Santa Maria Maior, EPE;41.5324234, -8.6171561;1861;19537;9.5
2022-01;Região de Saúde do Centro;Centro Hospitalar do Baixo Vouga, EPE;40.6362453, -8.6543716;932;6279;14.8
2022-01;Região de Saúde LVT;Centro Hospitalar de Lisboa Ocidental, EPE;38.708454, -9.216985;1658;12089;13.7
2022-01;Região de Saúde LVT;Centro Hospitalar Lisboa Norte, EPE;38.7500861, -9.1616116;3267;18730;17.4
2022-01;Região de Saúde LVT;Hospital de Loures, EPE;38.821455, -9.176296;0;1542;0.0
2022-01;Região de Saúde Norte;Centro Hospitalar do Médio Ave, EPE;41.3423984, -8.4802503;647;3567;18.1
2022-01;Região de Saúde Norte;Centro Hospitalar do Porto, EPE;41.1472498, -8.6172617;2377;14757;16.1
2022-01;Região de Saúde Norte;Centro Hospitalar Vila Nova de Gaia/Espinho, EPE;41.1094138, -8.5972617;1781;11443;15.6
2022-02;Região de Saúde do Alentejo;Hospital Espírito Santo de Évora, EPE;38.5684861, -7.9032848;2056;11070;18.6
2022-02;Região de Saúde do Alentejo;Unidade Local de Saúde do Baixo Alentejo, EPE;38.014123, -7.8721227;1986;10984;18.1
2022-02;Região de Saúde LVT;Centro Hospitalar do Oeste, EPE;39.4054629, -9.1258493;1793;10398;17.2
2022-02;Região de Saúde LVT;Centro Hospitalar Psiquiátrico de Lisboa;38.7569771, -9.1460705;171;2940;5.8
2022-02;Região de Saúde LVT;Hospital de Loures, EPE;38.821455, -9.176296;0;6878;0.0
2022-02;Região de Saúde Norte;Centro Hospitalar Póvoa de Varzim/Vila do Conde, EPE;41.3828711, -8.7589945;943;5320;17.7
2022-02;Região de Saúde Norte;Hospital de Magalhães Lemos, EPE;41.1764649, -8.6649823;148;2283;6.5
2022-02;Região de Saúde Norte;Instituto Português Oncologia do Porto, EPE;41.1785642, -8.6062881;1566;13387;11.7
2022-03;Região de Saúde do Centro;Hospital Distrital da Figueira da Foz, EPE;40.117897, -8.8586755;759;6585;11.5
2022-03;Região de Saúde do Centro;Unidade Local de Saúde da Guarda, EPE;40.5309916, -7.2734793;3457;20615;16.8
2022-03;Região de Saúde LVT;Centro Hospitalar de Lisboa Central, EPE;38.7166948, -9.1371248;9364;70958;13.2
2022-03;Região de Saúde LVT;Centro Hospitalar Médio Tejo, EPE;39.478072, -8.5404429;3002;18463;16.3
2022-04;Região de Saúde do Alentejo;Hospital Espírito Santo de Évora, EPE;38.5684861, -7.9032848;3674;21447;17.1
2022-04;Região de Saúde do Alentejo;Unidade Local de Saúde do Litoral Alentejano, EPE;38.0162314, -8.6956768;2288;12381;18.5
2022-04;Região de Saúde do Centro;Centro Hospitalar Cova da Beira, EPE;40.2804158, -7.4922407;3161;15946;19.8
2022-04;Região de Saúde do Centro;Centro Hospitalar do Baixo Vouga, EPE;40.6362453, -8.6543716;2378;23497;10.1
2022-04;Região de Saúde do Centro;Instituto Português Oncologia de Coimbra, EPE;40.2162514, -8.4103814;1495;12087;12.4
2022-04;Região de Saúde LVT;Hospital Fernando Fonseca, EPE;38.7422257, -9.2264834;6940;38628;18.0
2022-04;Região de Saúde LVT;Hospital Garcia de Orta, EPE;38.6658713, -9.1822554;5211;34748;15.0
2022-04;Região de Saúde LVT;Instituto Gama Pinto;38.7218793, -9.144249;197;1500;13.2
2022-04;Região de Saúde Norte;Centro Hospitalar Trás-os-Montes e Alto Douro, EPE;41.3031784, -7.7515252;5141;34984;14.7
2022-04;Região de Saúde Norte;Centro Hospitalar Vila Nova de Gaia/Espinho, EPE;41.1094138, -8.5972617;6668;45070;14.8
2022-04;Região de Saúde Norte;Hospital de Magalhães Lemos, EPE;41.1764649, -8.6649823;321;4520;7.1
2022-05;Região de Saúde do Alentejo;Unidade Local de Saúde do Baixo Alentejo, EPE;38.014123, -7.8721227;4155;26330;15.8
2022-05;Região de Saúde do Centro;Centro Hospitalar Tondela-Viseu, EPE;40.516364, -8.0827433;6406;39604;16.2
2022-05;Região de Saúde do Centro;Hospital Arcebispo João Crisóstomo;40.3470015, -8.5933462;62;1451;4.3
2022-05;Região de Saúde do Centro;Hospital Dr. Francisco Zagalo;40.8571967, -8.6318023;237;2703;8.8
2022-05;Região de Saúde LVT;Centro Hospitalar de Setúbal, EPE;38.5283754, -8.8818638;6093;33590;18.1
2022-05;Região de Saúde LVT;Hospital Fernando Fonseca, EPE;38.7422257, -9.2264834;8780;48304;18.2
2022-05;Região de Saúde LVT;Hospital Garcia de Orta, EPE;38.6658713, -9.1822554;6761;43720;15.5
2022-05;Região de Saúde Norte;Hospital de Braga, EPE;41.56785, -8.398982;10113;53061;19.1
2022-05;Região de Saúde Norte;Hospital de Magalhães Lemos, EPE;41.1764649, -8.6649823;388;5784;6.7
2022-05;Região de Saúde Norte;Hospital Santa Maria Maior, EPE;41.5324234, -8.6171561;790;8371;9.4
2022-06;Região de Saúde do Alentejo;Unidade Local de Saúde do Baixo Alentejo, EPE;38.014123, -7.8721227;4998;28590;17.5
2022-06;Região de Saúde do Alentejo;Unidade Local de Saúde do Litoral Alentejano, EPE;38.0162314, -8.6956768;3338;16782;19.9
2022-06;Região de Saúde do Algarve;Centro Hospitalar Universitário do Algarve,EPE;37.0238973, -7.9281554;12243;70097;17.5
2022-06;Região de Saúde do Centro;Hospital Arcebispo João Crisóstomo;40.3470015, -8.5933462;76;1547;4.9
2022-06;Região de Saúde do Centro;Unidade Local de Saúde de Castelo Branco, EPE;39.8212263, -7.4981271;4273;26910;15.9
2022-06;Região de Saúde LVT;Centro Hospitalar Médio Tejo, EPE;39.478072, -8.5404429;5718;33033;17.3
2022-06;Região de Saúde LVT;Hospital Distrital de Santarém, EPE;39.2410946, -8.6937515;4826;25757;18.7
2022-06;Região de Saúde LVT;Hospital Garcia de Orta, EPE;38.6658713, -9.1822554;8146;53006;15.4
2022-06;Região de Saúde Norte;Centro Hospitalar Póvoa de Varzim/Vila do Conde, EPE;41.3828711, -8.7589945;2657;14667;18.1
2022-06;Região de Saúde Norte;Centro Hospitalar Tâmega e Sousa, EPE;41.2494561, -8.264901;7733;40869;18.9
2022-06;Região de Saúde Norte;Hospital de Braga, EPE;41.56785, -8.398982;12216;57891;21.1
2022-06;Região de Saúde Norte;Hospital de Magalhães Lemos, EPE;41.1764649, -8.6649823;465;6836;6.8
2022-06;Região de Saúde Norte;Unidade Local de Saúde do Alto Minho, EPE;41.7056054, -8.8252713;9107;55498;16.4
2022-07;Região de Saúde do Centro;Hospital Arcebispo João Crisóstomo;40.3470015, -8.5933462;89;1837;4.9
2022-07;Região de Saúde LVT;Centro Hospitalar do Oeste, EPE;39.4054629, -9.1258493;5993;34757;17.2
2022-07;Região de Saúde LVT;Centro Hospitalar Médio Tejo, EPE;39.478072, -8.5404429;6715;39209;17.1
2022-07;Região de Saúde LVT;Hospital de Vila Franca de Xira, EPE;38.977235, -8.984506;4808;29691;16.2
2022-07;Região de Saúde Norte;Hospital da Senhora da Oliveira, Guimarães, EPE;41.4387173, -8.3086907;7692;42882;17.9
2022-07;Região de Saúde Norte;Unidade Local de Saúde de Matosinhos, EPE;41.1794456, -8.6745115;8198;55406;14.8
2022-07;Região de Saúde Norte;Unidade Local de Saúde do Nordeste, EPE;41.8056532, -6.7888197;8332;40845;20.4
2022-08;Região de Saúde do Alentejo;Unidade Local de Saúde do Norte Alentejano, EPE;39.3003425, -7.4263845;6648;36313;18.3
2022-08;Região de Saúde do Centro;Hospital Distrital da Figueira da Foz, EPE;40.117897, -8.8586755;2506;17104;14.7
2022-08;Região de Saúde LVT;Centro Hospitalar de Lisboa Central, EPE;38.7166948, -9.1371248;25835;176686;14.6
2022-08;Região de Saúde LVT;Hospital Distrital de Santarém, EPE;39.2410946, -8.6937515;6766;35508;19.1
2022-08;Região de Saúde Norte;Centro Hospitalar Póvoa de Varzim/Vila do Conde, EPE;41.3828711, -8.7589945;3752;20184;18.6
2022-08;Região de Saúde Norte;Hospital da Senhora da Oliveira, Guimarães, EPE;41.4387173, -8.3086907;8915;49165;18.1
2022-09;Região de Saúde do Centro;Centro Hospitalar de Leiria, EPE;39.7414812, -8.7982706;9133;57293;15.9
2022-09;Região de Saúde do Centro;Hospital Distrital da Figueira da Foz, EPE;40.117897, -8.8586755;2902;19599;14.8
2022-09;Região de Saúde LVT;Centro Hospitalar Barreiro/Montijo, EPE;38.6554005, -9.0592392;6845;45952;14.9
2022-09;Região de Saúde LVT;Centro Hospitalar do Oeste, EPE;39.4054629, -9.1258493;7865;45366;17.3
2022-09;Região de Saúde LVT;Centro Hospitalar Médio Tejo, EPE;39.478072, -8.5404429;8888;51694;17.2
2022-09;Região de Saúde Norte;Centro Hospitalar Trás-os-Montes e Alto Douro, EPE;41.3031784, -7.7515252;12552;75015;16.7
2022-09;Região de Saúde Norte;Instituto Português Oncologia do Porto, EPE;41.1785642, -8.6062881;6958;60570;11.5
2022-09;Região de Saúde Norte;Unidade Local de Saúde de Matosinhos, EPE;41.1794456, -8.6745115;10786;73546;14.7
2022-10;Região de Saúde do Alentejo;Unidade Local de Saúde do Baixo Alentejo, EPE;38.014123, -7.8721227;8908;49883;17.9
2022-10;Região de Saúde do Centro;Centro Hospitalar do Baixo Vouga, EPE;40.6362453, -8.6543716;8251;58043;14.2
2022-10;Região de Saúde do Centro;Hospital Arcebispo João Crisóstomo;40.3470015, -8.5933462;130;2689;4.9
2022-10;Região de Saúde LVT;Centro Hospitalar Médio Tejo, EPE;39.478072, -8.5404429;9955;57887;17.2
2022-10;Região de Saúde Norte;Centro Hospitalar do Médio Ave, EPE;41.3423984, -8.4802503;5978;33742;17.7
2022-10;Região de Saúde Norte;Centro Hospitalar do Porto, EPE;41.1472498, -8.6172617;22423;147555;15.2
2022-10;Região de Saúde Norte;Hospital de Magalhães Lemos, EPE;41.1764649, -8.6649823;823;11360;7.2
2022-11;Região de Saúde do Alentejo;Unidade Local de Saúde do Litoral Alentejano, EPE;38.0162314, -8.6956768;6239;33924;18.4
2022-11;Região de Saúde LVT;Centro Hospitalar do Oeste, EPE;39.4054629, -9.1258493;9703;59091;16.4
2022-11;Região de Saúde LVT;Hospital Fernando Fonseca, EPE;38.7422257, -9.2264834;20581;107276;19.2
2022-11;Região de Saúde LVT;Hospital Garcia de Orta, EPE;38.6658713, -9.1822554;16944;97400;17.4
2022-11;Região de Saúde LVT;Instituto Gama Pinto;38.7218793, -9.144249;699;4372;16.0
2022-11;Região de Saúde LVT;Instituto Português Oncologia de Lisboa, EPE;38.7396768, -9.1634516;9938;60993;16.3
2022-11;Região de Saúde Norte;Centro Hospitalar de São João, EPE;41.1831056, -8.6010558;32338;210795;15.3
2022-11;Região de Saúde Norte;Centro Hospitalar Póvoa de Varzim/Vila do Conde, EPE;41.3828711, -8.7589945;5710;28864;19.8
2022-11;Região de Saúde Norte;Centro Hospitalar Tâmega e Sousa, EPE;41.2494561, -8.264901;16488;82277;20.0
2022-12;Região de Saúde do Centro;Centro Hospitalar Cova da Beira, EPE;40.2804158, -7.4922407;10972;51101;21.5
2022-12;Região de Saúde do Centro;Centro Hospitalar do Baixo Vouga, EPE;40.6362453, -8.6543716;12309;75266;16.4
2022-12;Região de Saúde do Centro;Hospital Arcebispo João Crisóstomo;40.3470015, -8.5933462;157;3488;4.5
2022-12;Região de Saúde do Centro;Hospital Distrital da Figueira da Foz, EPE;40.117897, -8.8586755;4802;27894;17.2
2022-12;Região de Saúde LVT;Centro Hospitalar Barreiro/Montijo, EPE;38.6554005, -9.0592392;10429;64353;16.2
2022-12;Região de Saúde LVT;Hospital Fernando Fonseca, EPE;38.7422257, -9.2264834;23098;117692;19.6
2022-12;Região de Saúde Norte;Hospital de Magalhães Lemos, EPE;41.1764649, -8.6649823;1014;13812;7.3
2023-01;Região de Saúde do Centro;Centro Hospitalar de Leiria, EPE;39.7414812, -8.7982706;1506;7610;19.8
2023-01;Região de Saúde do Centro;Instituto Português Oncologia de Coimbra, EPE;40.2162514, -8.4103814;453;3266;13.9
2023-01;Região de Saúde LVT;Centro Hospitalar de Setúbal, EPE;38.5283754, -8.8818638;1619;7726;21.0
2023-01;Região de Saúde LVT;Centro Hospitalar do Oeste, EPE;39.4054629, -9.1258493;1091;5557;19.6
2023-01;Região de Saúde Norte;Centro Hospitalar Entre Douro e Vouga, EPE;40.9293884, -8.5458794;1683;8365;20.1
2023-01;Região de Saúde Norte;Centro Hospitalar Póvoa de Varzim/Vila do Conde, EPE;41.3828711, -8.7589945;682;3102;22.0
2023-01;Região de Saúde Norte;Centro Hospitalar Tâmega e Sousa, EPE;41.2494561, -8.264901;1883;9011;20.9
2023-01;Região de Saúde Norte;Hospital de Magalhães Lemos, EPE;41.1764649, -8.6649823;90;1258;7.2
2023-01;Região de Saúde Norte;Unidade Local de Saúde do Alto Minho, EPE;41.7056054, -8.8252713;1605;9703;16.5
2023-01;Região de Saúde Norte;Unidade Local de Saúde do Nordeste, EPE;41.8056532, -6.7888197;1617;7143;22.6
2023-02;Região de Saúde do Centro;Centro Hospitalar do Baixo Vouga, EPE;40.6362453, -8.6543716;838;12389;6.8
2023-02;Região de Saúde do Centro;Centro Hospitalar e Universitário de Coimbra, EPE;40.2191523, -8.4098211;11654;58035;20.1
2023-02;Região de Saúde do Centro;Centro Hospitalar Tondela-Viseu, EPE;40.516364, -8.0827433;3738;18460;20.2
2023-02;Região de Saúde do Centro;Centro Medicina de Reabilitação da Região Centro Rovisco Pais;40.297919, -8.7707806;120;1252;9.6
2023-02;Região de Saúde do Centro;Unidade Local de Saúde de Castelo Branco, EPE;39.8212263, -7.4981271;1660;9066;18.3
2023-02;Região de Saúde LVT;Centro Hospitalar Lisboa Norte, EPE;38.7500861, -9.1616116;9999;45144;22.1
2023-02;Região de Saúde LVT;Hospital de Vila Franca de Xira, EPE;38.977235, -8.984506;1851;9727;19.0
2023-02;Região de Saúde LVT;Instituto Gama Pinto;38.7218793, -9.144249;125;811;15.5
2023-02;Região de Saúde Norte;Centro Hospitalar do Médio Ave, EPE;41.3423984, -8.4802503;1561;7985;19.6
2023-02;Região de Saúde Norte;Centro Hospitalar Vila Nova de Gaia/Espinho, EPE;41.1094138, -8.5972617;4657;27059;17.2
2023-02;Região de Saúde Norte;Hospital de Braga, EPE;41.56785, -8.398982;5432;24872;21.8
2023-02;Região de Saúde Norte;Hospital Santa Maria Maior, EPE;41.5324234, -8.6171561;448;3713;12.1
2023-02;Região de Saúde Norte;Unidade Local de Saúde de Matosinhos, EPE;41.1794456, -8.6745115;2933;19343;15.2
2023-02;Região de Saúde Norte;Unidade Local de Saúde do Nordeste, EPE;41.8056532, -6.7888197;3125;14083;22.2
2023-03;Região de Saúde do Alentejo;Unidade Local de Saúde do Litoral Alentejano, EPE;38.0162314, -8.6956768;2037;10126;20.1
2023-03;Região de Saúde do Centro;Hospital Arcebispo João Crisóstomo;40.3470015, -8.5933462;40;960;4.2
2023-03;Região de Saúde LVT;Hospital de Vila Franca de Xira, EPE;38.977235, -8.984506;2696;14409;18.7
2023-03;Região de Saúde Norte;Centro Hospitalar Trás-os-Montes e Alto Douro, EPE;41.3031784, -7.7515252;3847;27523;14.0
2023-03;Região de Saúde Norte;Hospital da Senhora da Oliveira, Guimarães, EPE;41.4387173, -8.3086907;4385;21360;20.5
2023-04;Região de Saúde do Alentejo;Hospital Espírito Santo de Évora, EPE;38.5684861, -7.9032848;4859;23889;20.3
2023-04;Região de Saúde do Alentejo;Unidade Local de Saúde do Norte Alentejano, EPE;39.3003425, -7.4263845;3556;20917;17.0
2023-04;Região de Saúde do Centro;Centro Hospitalar do Baixo Vouga, EPE;40.6362453, -8.6543716;2637;25682;10.3
2023-04;Região de Saúde do Centro;Unidade Local de Saúde da Guarda, EPE;40.5309916, -7.2734793;4866;29177;16.7
2023-04;Região de Saúde LVT;Centro Hospitalar de Lisboa Central, EPE;38.7166948, -9.1371248;15839;104320;15.2
2023-04;Região de Saúde LVT;Centro Hospitalar Lisboa Norte, EPE;38.7500861, -9.1616116;19177;88470;21.7
2023-04;Região de Saúde LVT;Hospital de Vila Franca de Xira, EPE;38.977235, -8.984506;3432;18887;18.2
2023-04;Região de Saúde LVT;Hospital Fernando Fonseca, EPE;38.7422257, -9.2264834;8475;42831;19.8
2023-04;Região de Saúde Norte;Centro Hospitalar de São João, EPE;41.1831056, -8.6010558;13345;84562;15.8
2023-04;Região de Saúde Norte;Centro Hospitalar do Médio Ave, EPE;41.3423984, -8.4802503;2532;15267;16.6
2023-04;Região de Saúde Norte;Centro Hospitalar Póvoa de Varzim/Vila do Conde, EPE;41.3828711, -8.7589945;2247;11855;19.0
2023-04;Região de Saúde Norte;Centro Hospitalar Trás-os-Montes e Alto Douro, EPE;41.3031784, -7.7515252;5376;37032;14.5
2023-04;Região de Saúde Norte;Centro Hospitalar Vila Nova de Gaia/Espinho, EPE;41.1094138, -8.5972617;9277;53991;17.2
2023-04;Região de Saúde Norte;Hospital Santa Maria Maior, EPE;41.5324234, -8.6171561;817;7418;11.0
2023-05;Região de Saúde do Alentejo;Hospital Espírito Santo de Évora, EPE;38.5684861, -7.9032848;5995;29982;20.0
2023-05;Região de Saúde do Alentejo;Unidade Local de Saúde do Baixo Alentejo, EPE;38.014123, -7.8721227;5120;29079;17.6
2023-05;Região de Saúde do Centro;Unidade Local de Saúde da Guarda, EPE;40.5309916, -7.2734793;6041;37221;16.2
2023-05;Região de Saúde LVT;Centro Hospitalar de Setúbal, EPE;38.5283754, -8.8818638;7735;38363;20.2
2023-05;Região de Saúde LVT;Hospital de Vila Franca de Xira, EPE;38.977235, -8.984506;4366;23919;18.3
2023-05;Região de Saúde Norte;Centro Hospitalar Trás-os-Montes e Alto Douro, EPE;41.3031784, -7.7515252;7099;47518;14.9
2023-05;Região de Saúde Norte;Instituto Português Oncologia do Porto, EPE;41.1785642, -8.6062881;4605;37929;12.1
2023-05;Região de Saúde Norte;Unidade Local de Saúde do Alto Minho, EPE;41.7056054, -8.8252713;8283;50397;16.4
2023-06;Região de Saúde do Centro;Instituto Português Oncologia de Coimbra, EPE;40.2162514, -8.4103814;3378;20738;16.3
2023-06;Região de Saúde LVT;Centro Hospitalar de Lisboa Central, EPE;38.7166948, -9.1371248;23405;143211;16.3
2023-06;Região de Saúde LVT;Centro Hospitalar do Oeste, EPE;39.4054629, -9.1258493;6230;30526;20.4
2023-06;Região de Saúde LVT;Hospital de Loures, EPE;38.821455, -9.176296;5134;33951;15.1
2023-06;Região de Saúde LVT;Hospital de Vila Franca de Xira, EPE;38.977235, -8.984506;5377;26214;20.5
2023-06;Região de Saúde LVT;Hospital Fernando Fonseca, EPE;38.7422257, -9.2264834;13011;65583;19.8
2023-06;Região de Saúde Norte;Centro Hospitalar Póvoa de Varzim/Vila do Conde, EPE;41.3828711, -8.7589945;3544;16674;21.3
2023-06;Região de Saúde Norte;Hospital Santa Maria Maior, EPE;41.5324234, -8.6171561;1283;10308;12.4
2023-06;Região de Saúde Norte;Unidade Local de Saúde do Alto Minho, EPE;41.7056054, -8.8252713;9999;61085;16.4
2023-07;Região de Saúde do Centro;Centro Hospitalar do Baixo Vouga, EPE;40.6362453, -8.6543716;6077;43375;14.0
2023-07;Região de Saúde do Centro;Centro Hospitalar e Universitário de Coimbra, EPE;40.2191523, -8.4098211;37714;185844;20.3
2023-07;Região de Saúde LVT;Centro Hospitalar Barreiro/Montijo, EPE;38.6554005, -9.0592392;6808;39350;17.3
2023-07;Região de Saúde LVT;Centro Hospitalar do Oeste, EPE;39.4054629, -9.1258493;7258;36017;20.2
2023-07;Região de Saúde LVT;Centro Hospitalar Médio Tejo, EPE;39.478072, -8.5404429;8483;44046;19.3
2023-07;Região de Saúde LVT;Centro Hospitalar Psiquiátrico de Lisboa;38.7569771, -9.1460705;620;9744;6.4
2023-07;Região de Saúde LVT;Hospital de Loures, EPE;38.821455, -9.176296;6162;41587;14.8
2023-07;Região de Saúde LVT;Hospital Distrital de Santarém, EPE;39.2410946, -8.6937515;6779;33157;20.4
2023-07;Região de Saúde LVT;Instituto Português Oncologia de Lisboa, EPE;38.7396768, -9.1634516;7196;43781;16.4
2023-08;Região de Saúde do Centro;Centro Hospitalar de Leiria, EPE;39.7414812, -8.7982706;10460;57541;18.2
2023-08;Região de Saúde do Centro;Centro Hospitalar do Baixo Vouga, EPE;40.6362453, -8.6543716;7328;50538;14.5
2023-08;Região de Saúde do Centro;Unidade Local de Saúde da Guarda, EPE;40.5309916, -7.2734793;9758;55328;17.6
2023-08;Região de Saúde do Centro;Unidade Local de Saúde de Castelo Branco, EPE;39.8212263, -7.4981271;6916;37847;18.3
2023-08;Região de Saúde LVT;Centro Hospitalar do Oeste, EPE;39.4054629, -9.1258493;8286;41554;19.9
2023-08;Região de Saúde LVT;Centro Hospitalar Psiquiátrico de Lisboa;38.7569771, -9.1460705;717;11108;6.5
2023-08;Região de Saúde LVT;Hospital de Loures, EPE;38.821455, -9.176296;7086;46976;15.1
2023-08;Região de Saúde LVT;Hospital Fernando Fonseca, EPE;38.7422257, -9.2264834;17510;87316;20.1
2023-08;Região de Saúde Norte;Unidade Local de Saúde de Matosinhos, EPE;41.1794456, -8.6745115;11089;71953;15.4
2023-09;Região de Saúde do Centro;Centro Hospitalar Cova da Beira, EPE;40.2804158, -7.4922407;8867;40150;22.1
2023-09;Região de Saúde do Centro;Centro Hospitalar de Leiria, EPE;39.7414812, -8.7982706;12048;65076;18.5
2023-09;Região de Saúde LVT;Centro Hospitalar de Setúbal, EPE;38.5283754, -8.8818638;13458;66712;20.2
2023-09;Região de Saúde LVT;Centro Hospitalar do Oeste, EPE;39.4054629, -9.1258493;9235;46955;19.7
2023-09;Região de Saúde LVT;Centro Hospitalar Psiquiátrico de Lisboa;38.7569771, -9.1460705;817;12630;6.5
2023-09;Região de Saúde LVT;Hospital de Loures, EPE;38.821455, -9.176296;8285;52638;15.7
2023-09;Região de Saúde LVT;Instituto Português Oncologia de Lisboa, EPE;38.7396768, -9.1634516;9290;57291;16.2
2023-09;Região de Saúde Norte;Centro Hospitalar Tâmega e Sousa, EPE;41.2494561, -8.264901;17987;78339;23.0
2023-09;Região de Saúde Norte;Centro Hospitalar Trás-os-Montes e Alto Douro, EPE;41.3031784, -7.7515252;14149;81092;17.4
2023-09;Região de Saúde Norte;Centro Hospitalar Vila Nova de Gaia/Espinho, EPE;41.1094138, -8.5972617;20675;122270;16.9
2023-09;Região de Saúde Norte;Unidade Local de Saúde do Nordeste, EPE;41.8056532, -6.7888197;13440;59658;22.5
2023-10;Região de Saúde do Alentejo;Unidade Local de Saúde do Litoral Alentejano, EPE;38.0162314, -8.6956768;6901;31670;21.8
2023-10;Região de Saúde do Centro;Centro Hospitalar Cova da Beira, EPE;40.2804158, -7.4922407;9824;44491;22.1
2023-10;Região de Saúde LVT;Centro Hospitalar de Lisboa Central, EPE;38.7166948, -9.1371248;39648;247849;16.0
2023-10;Região de Saúde LVT;Centro Hospitalar Psiquiátrico de Lisboa;38.7569771, -9.1460705;918;14117;6.5
2023-10;Região de Saúde LVT;Hospital Garcia de Orta, EPE;38.6658713, -9.1822554;18091;98613;18.3
2023-10;Região de Saúde Norte;Centro Hospitalar do Médio Ave, EPE;41.3423984, -8.4802503;7494;37948;19.7
2023-10;Região de Saúde Norte;Centro Hospitalar Entre Douro e Vouga, EPE;40.9293884, -8.5458794;15012;76733;19.6
2023-10;Região de Saúde Norte;Centro Hospitalar Póvoa de Varzim/Vila do Conde, EPE;41.3828711, -8.7589945;6194;29265;21.2
2023-10;Região de Saúde Norte;Centro Hospitalar Trás-os-Montes e Alto Douro, EPE;41.3031784, -7.7515252;16225;91364;17.8
2023-10;Região de Saúde Norte;Hospital da Senhora da Oliveira, Guimarães, EPE;41.4387173, -8.3086907;14377;71961;20.0
2023-11;Região de Saúde do Alentejo;Unidade Local de Saúde do Norte Alentejano, EPE;39.3003425, -7.4263845;10348;58417;17.7
2023-11;Região de Saúde do Centro;Centro Hospitalar de Leiria, EPE;39.7414812, -8.7982706;14737;79318;18.6
2023-11;Região de Saúde do Centro;Unidade Local de Saúde da Guarda, EPE;40.5309916, -7.2734793;13570;77265;17.6
2023-11;Região de Saúde LVT;Centro Hospitalar Barreiro/Montijo, EPE;38.6554005, -9.0592392;10747;63167;17.0
2023-11;Região de Saúde LVT;Centro Hospitalar Lisboa Norte, EPE;38.7500861, -9.1616116;53722;243218;22.1
2023-11;Região de Saúde LVT;Hospital Fernando Fonseca, EPE;38.7422257, -9.2264834;24382;119079;20.5
2023-11;Região de Saúde LVT;Hospital Garcia de Orta, EPE;38.6658713, -9.1822554;20318;108001;18.8
2023-11;Região de Saúde LVT;Instituto Gama Pinto;38.7218793, -9.144249;1085;4917;22.1
2023-11;Região de Saúde Norte;Centro Hospitalar Entre Douro e Vouga, EPE;40.9293884, -8.5458794;16635;84398;19.7
2023-11;Região de Saúde Norte;Centro Hospitalar Trás-os-Montes e Alto Douro, EPE;41.3031784, -7.7515252;18012;107423;16.8
2023-12;Região de Saúde do Algarve;Centro Hospitalar Universitário do Algarve,EPE;37.0238973, -7.9281554;33104;176763;18.7
2023-12;Região de Saúde do Centro;Centro Hospitalar Cova da Beira, EPE;40.2804158, -7.4922407;11830;53762;22.0
2023-12;Região de Saúde do Centro;Centro Hospitalar Tondela-Viseu, EPE;40.516364, -8.0827433;21781;113989;19.1
2023-12;Região de Saúde do Centro;Unidade Local de Saúde da Guarda, EPE;40.5309916, -7.2734793;14872;84723;17.6
2023-12;Região de Saúde do Centro;Unidade Local de Saúde de Castelo Branco, EPE;39.8212263, -7.4981271;10322;56292;18.3
2023-12;Região de Saúde LVT;Centro Hospitalar de Setúbal, EPE;38.5283754, -8.8818638;18182;91605;19.8
2023-12;Região de Saúde LVT;Centro Hospitalar Médio Tejo, EPE;39.478072, -8.5404429;15016;78674;19.1
2023-12;Região de Saúde LVT;Hospital de Loures, EPE;38.821455, -9.176296;11335;72316;15.7
2023-12;Região de Saúde LVT;Hospital Garcia de Orta, EPE;38.6658713, -9.1822554;22407;118451;18.9
2023-12;Região de Saúde LVT;Instituto Gama Pinto;38.7218793, -9.144249;1233;5429;22.7
2023-12;Região de Saúde Norte;Centro Hospitalar de São João, EPE;41.1831056, -8.6010558;41774;260414;16.0
2023-12;Região de Saúde Norte;Centro Hospitalar Entre Douro e Vouga, EPE;40.9293884, -8.5458794;18132;92107;19.7
2023-12;Região de Saúde Norte;Hospital da Senhora da Oliveira, Guimarães, EPE;41.4387173, -8.3086907;17938;87652;20.5
2023-12;Região de Saúde Norte;Instituto Português Oncologia do Porto, EPE;41.1785642, -8.6062881;11464;91026;12.6
2023-12;Região de Saúde Norte;Unidade Local de Saúde do Alto Minho, EPE;41.7056054, -8.8252713;20947;121505;17.2
2018-01;Região de Saúde do Alentejo;Hospital Espírito Santo de Évora, EPE;38.5684861, -7.9032848;523;4081;12.8
2018-01;Região de Saúde do Algarve;Centro Hospitalar Universitário do Algarve,EPE;37.0238973, -7.9281554;1063;8670;12.3
2018-01;Região de Saúde do Centro;Hospital Arcebispo João Crisóstomo;40.3470015, -8.5933462;4;205;2.4
2018-01;Região de Saúde do Centro;Hospital Distrital da Figueira da Foz, EPE;40.117897, -8.8586755;150;1583;9.5
2018-01;Região de Saúde do Centro;Unidade Local de Saúde de Castelo Branco, EPE;39.8212263, -7.4981271;439;3427;12.8
2018-01;Região de Saúde LVT;Centro Hospitalar do Oeste;39.4054629, -9.1258493;441;3779;11.7
2018-01;Região de Saúde LVT;Instituto Português Oncologia de Lisboa, EPE;38.7396768, -9.1634516;512;4977;10.3
2018-01;Região de Saúde Norte;Centro Hospitalar do Porto, EPE;41.1472498, -8.6172617;1309;11700;11.2
2018-02;Região de Saúde do Alentejo;Unidade Local de Saúde do Norte Alentejano, EPE;39.3003425, -7.4263845;1786;8939;20.0
2018-02;Região de Saúde do Centro;Centro Medicina de Reabilitação da Região Centro Rovisco Pais;40.297919, -8.7707806;46;728;6.3
2018-02;Região de Saúde do Centro;Hospital Arcebispo João Crisóstomo;40.3470015, -8.5933462;10;411;2.5
2018-02;Região de Saúde do Centro;Hospital Distrital da Figueira da Foz, EPE;40.117897, -8.8586755;299;3177;9.4
2018-02;Região de Saúde do Centro;Hospital Dr. Francisco Zagalo;40.8571967, -8.6318023;53;632;8.4
2018-02;Região de Saúde LVT;Centro Hospitalar Médio Tejo, EPE;39.478072, -8.5404429;1129;9354;12.1
2018-02;Região de Saúde LVT;Hospital de Vila Franca de Xira, PPP;38.977235, -8.984506;284;5768;4.9
2018-02;Região de Saúde Norte;Centro Hospitalar do Porto, EPE;41.1472498, -8.6172617;2644;23556;11.2
2018-02;Região de Saúde Norte;Hospital de Braga, PPP;41.56785, -8.398982;840;13438;6.3
2018-02;Região de Saúde Norte;Hospital Santa Maria Maior, EPE;41.5324234, -8.6171561;171;2507;6.8
2018-02;Região de Saúde Norte;Unidade Local de Saúde de Matosinhos, EPE;41.1794456, -8.6745115;1349;13797;9.8
2018-02;Região de Saúde Norte;Unidade Local de Saúde do Alto Minho, EPE;41.7056054, -8.8252713;1618;14095;11.5
2018-03;Região de Saúde do Alentejo;Hospital Espírito Santo de Évora, EPE;38.5684861, -7.9032848;1693;12472;13.6
2018-03;Região de Saúde do Alentejo;Unidade Local de Saúde do Baixo Alentejo, EPE;38.014123, -7.8721227;1481;12819;11.6
2018-03;Região de Saúde do Centro;Unidade Local de Saúde de Castelo Branco, EPE;39.8212263, -7.4981271;1404;10391;13.5
2018-03;Região de Saúde LVT;Centro Hospitalar Lisboa Norte, EPE;38.7500861, -9.1616116;7004;49086;14.3
2018-03;Região de Saúde Norte;Centro Hospitalar do Porto, EPE;41.1472498, -8.6172617;4223;35718;11.8
2018-03;Região de Saúde Norte;Instituto Português Oncologia do Porto, EPE;41.1785642, -8.6062881;1525;16093;9.5
2018-03;Região de Saúde Norte;Unidade Local de Saúde do Alto Minho, EPE;41.7056054, -8.8252713;2267;21039;10.8
2018-04;Região de Saúde LVT;Centro Hospitalar de Lisboa Central, EPE;38.7166948, -9.1371248;7961;79123;10.1
2018-04;Região de Saúde LVT;Centro Hospitalar de Lisboa Ocidental, EPE;38.708454, -9.216985;3661;38163;9.6
2018-04;Região de Saúde LVT;Centro Hospitalar do Oeste;39.4054629, -9.1258493;1771;15392;11.5
2018-04;Região de Saúde LVT;Centro Hospitalar Médio Tejo, EPE;39.478072, -8.5404429;2162;18438;11.7
2018-04;Região de Saúde LVT;Centro Hospitalar Psiquiátrico de Lisboa;38.7569771, -9.1460705;149;4762;3.1
2018-04;Região de Saúde Norte;Instituto Português Oncologia do Porto, EPE;41.1785642, -8.6062881;2034;21750;9.4
2018-05;Região de Saúde do Alentejo;Unidade Local de Saúde do Litoral Alentejano, EPE;38.0162314, -8.6956768;1435;11517;12.5
2018-05;Região de Saúde do Centro;Hospital Dr. Francisco Zagalo;40.8571967, -8.6318023;112;1562;7.2
2018-05;Região de Saúde Norte;Centro Hospitalar Tâmega e Sousa, EPE;41.2494561, -8.264901;2374;24741;9.6
2018-05;Região de Saúde Norte;Hospital de Magalhães Lemos, EPE;41.1764649, -8.6649823;153;4726;3.3
2018-06;Região de Saúde do Alentejo;Hospital Espírito Santo de Évora, EPE;38.5684861, -7.9032848;3515;22498;15.6
2018-06;Região de Saúde do Alentejo;Unidade Local de Saúde do Baixo Alentejo, EPE;38.014123, -7.8721227;3022;22818;13.2
2018-06;Região de Saúde do Centro;Centro Hospitalar de Leiria, EPE;39.7414812, -8.7982706;3864;29889;12.9
2018-06;Região de Saúde do Centro;Instituto Português Oncologia de Coimbra, EPE;40.2162514, -8.4103814;1589;14209;11.2
2018-06;Região de Saúde LVT;Centro Hospitalar Lisboa Norte, EPE;38.7500861, -9.1616116;14212;97606;14.6
2018-06;Região de Saúde Norte;Centro Hospitalar do Médio Ave, EPE;41.3423984, -8.4802503;1767;14776;12.0
2018-06;Região de Saúde Norte;Centro Hospitalar Entre Douro e Vouga, EPE;40.9293884, -8.5458794;3787;25467;14.9
2018-06;Região de Saúde Norte;Centro Hospitalar Vila Nova de Gaia/Espinho, EPE;41.1094138, -8.5972617;6590;53179;12.4
2018-06;Região de Saúde Norte;Hospital da Senhora da Oliveira, Guimarães, EPE;41.4387173, -8.3086907;2594;24762;10.5
2018-07;Região de Saúde do Alentejo;Unidade Local de Saúde do Norte Alentejano, EPE;39.3003425, -7.4263845;3840;25669;15.0
2018-07;Região de Saúde do Centro;Hospital Distrital da Figueira da Foz, EPE;40.117897, -8.8586755;1096;10169;10.8
2018-07;Região de Saúde LVT;Centro Hospitalar de Lisboa Ocidental, EPE;38.708454, -9.216985;6657;60439;11.0
2018-07;Região de Saúde LVT;Centro Hospitalar do Oeste, EPE;39.4054629, -9.1258493;3139;24363;12.9
2018-07;Região de Saúde LVT;Centro Hospitalar Médio Tejo, EPE;39.478072, -8.5404429;3865;29658;13.0
2018-08;Região de Saúde do Alentejo;Hospital Espírito Santo de Évora, EPE;38.5684861, -7.9032848;4797;31233;15.4
2018-08;Região de Saúde do Alentejo;Unidade Local de Saúde do Norte Alentejano, EPE;39.3003425, -7.4263845;4352;29639;14.7
2018-08;Região de Saúde do Centro;Hospital Distrital da Figueira da Foz, EPE;40.117897, -8.8586755;1349;11894;11.3
2018-08;Região de Saúde LVT;Centro Hospitalar de Lisboa Central, EPE;38.7166948, -9.1371248;16513;146566;11.3
2018-08;Região de Saúde LVT;Hospital de Vila Franca de Xira, PPP;38.977235, -8.984506;1103;23594;4.7
2018-08;Região de Saúde LVT;Hospital Distrital de Santarém, EPE;39.2410946, -8.6937515;4575;29682;15.4
2018-08;Região de Saúde Norte;Centro Hospitalar de São João, EPE;41.1831056, -8.6010558;14570;112980;12.9
2018-08;Região de Saúde Norte;Centro Hospitalar Póvoa de Varzim/Vila do Conde, EPE;41.3828711, -8.7589945;2258;14479;15.6
2018-08;Região de Saúde Norte;Centro Hospitalar Vila Nova de Gaia/Espinho, EPE;41.1094138, -8.5972617;8981;71015;12.6
2018-09;Região de Saúde do Alentejo;Unidade Local de Saúde do Baixo Alentejo, EPE;38.014123, -7.8721227;4717;35917;13.1
2018-09;Região de Saúde do Alentejo;Unidade Local de Saúde do Litoral Alentejano, EPE;38.0162314, -8.6956768;2586;19295;13.4
2018-09;Região de Saúde do Alentejo;Unidade Local de Saúde do Norte Alentejano, EPE;39.3003425, -7.4263845;4978;33855;14.7
2018-09;Região de Saúde do Centro;Centro Hospitalar de Leiria, EPE;39.7414812, -8.7982706;5397;44482;12.1
2018-09;Região de Saúde do Centro;Hospital Arcebispo João Crisóstomo;40.3470015, -8.5933462;55;1673;3.3
2018-09;Região de Saúde do Centro;Hospital Dr. Francisco Zagalo;40.8571967, -8.6318023;219;2626;8.4
2018-09;Região de Saúde do Centro;Unidade Local de Saúde da Guarda, EPE;40.5309916, -7.2734793;7530;44843;16.8
2018-09;Região de Saúde LVT;Hospital Distrital de Santarém, EPE;39.2410946, -8.6937515;5234;33860;15.5
2018-09;Região de Saúde Norte;Centro Hospitalar de São João, EPE;41.1831056, -8.6010558;16667;128828;12.9
2018-09;Região de Saúde Norte;Instituto Português Oncologia do Porto, EPE;41.1785642, -8.6062881;4698;46057;10.2
2018-10;Região de Saúde do Alentejo;Unidade Local de Saúde do Norte Alentejano, EPE;39.3003425, -7.4263845;5540;37977;14.6
2018-10;Região de Saúde do Algarve;Centro Hospitalar Universitário do Algarve,EPE;37.0238973, -7.9281554;10860;91960;11.8
2018-10;Região de Saúde do Centro;Centro Hospitalar do Baixo Vouga, EPE;40.6362453, -8.6543716;6097;46534;13.1
2018-10;Região de Saúde do Centro;Hospital Arcebispo João Crisóstomo;40.3470015, -8.5933462;62;1898;3.3
2018-10;Região de Saúde LVT;Centro Hospitalar Médio Tejo, EPE;39.478072, -8.5404429;5585;44016;12.7
2018-10;Região de Saúde LVT;Instituto Português Oncologia de Lisboa, EPE;38.7396768, -9.1634516;5642;47391;11.9
2018-10;Região de Saúde Norte;Centro Hospitalar Póvoa de Varzim/Vila do Conde, EPE;41.3828711, -8.7589945;2875;18772;15.3
2018-11;Região de Saúde do Alentejo;Unidade Local de Saúde do Baixo Alentejo, EPE;38.014123, -7.8721227;6125;48122;12.7
2018-11;Região de Saúde Norte;Centro Hospitalar Entre Douro e Vouga, EPE;40.9293884, -8.5458794;7800;54068;14.4
2018-11;Região de Saúde Norte;Centro Hospitalar Póvoa de Varzim/Vila do Conde, EPE;41.3828711, -8.7589945;3243;20975;15.5
2018-11;Região de Saúde Norte;Centro Hospitalar Tâmega e Sousa, EPE;41.2494561, -8.264901;6761;53258;12.7
2018-11;Região de Saúde Norte;Hospital Santa Maria Maior, EPE;41.5324234, -8.6171561;1021;13720;7.4
2018-11;Região de Saúde Norte;Instituto Português Oncologia do Porto, EPE;41.1785642, -8.6062881;5774;57783;10.0
2018-11;Região de Saúde Norte;Unidade Local de Saúde do Alto Minho, EPE;41.7056054, -8.8252713;10112;81131;12.5
2018-12;Região de Saúde do Centro;Centro Medicina de Reabilitação da Região Centro Rovisco Pais;40.297919, -8.7707806;405;4975;8.2
2018-12;Região de Saúde do Centro;Hospital Dr. Francisco Zagalo;40.8571967, -8.6318023;265;3946;6.7
2018-12;Região de Saúde LVT;Hospital Fernando Fonseca, EPE;38.7422257, -9.2264834;10755;96875;11.1
2018-12;Região de Saúde Norte;Centro Hospitalar do Médio Ave, EPE;41.3423984, -8.4802503;4113;34487;11.9
2018-12;Região de Saúde Norte;Centro Hospitalar Póvoa de Varzim/Vila do Conde, EPE;41.3828711, -8.7589945;3612;23265;15.5
2018-12;Região de Saúde Norte;Hospital de Braga, PPP;41.56785, -8.398982;5788;81954;7.1
2018-12;Região de Saúde Norte;Hospital Santa Maria Maior, EPE;41.5324234, -8.6171561;1029;15059;6.8
2018-12;Região de Saúde Norte;Instituto Português Oncologia do Porto, EPE;41.1785642, -8.6062881;7116;64383;11.1
2019-01;Região de Saúde do Centro;Centro Hospitalar do Baixo Vouga, EPE;40.6362453, -8.6543716;809;5384;15.0
2019-01;Região de Saúde do Centro;Centro Hospitalar e Universitário de Coimbra, EPE;40.2191523, -8.4098211;2789;21280;13.1
2019-01;Região de Saúde do Centro;Centro Medicina de Reabilitação da Região Centro Rovisco Pais;40.297919, -8.7707806;32;430;7.6
2019-01;Região de Saúde do Centro;Hospital Dr. Francisco Zagalo;40.8571967, -8.6318023;21;368;5.7
2019-01;Região de Saúde do Centro;Instituto Português Oncologia de Coimbra, EPE;40.2162514, -8.4103814;293;2557;11.5
2019-01;Região de Saúde do Centro;Unidade Local de Saúde da Guarda, EPE;40.5309916, -7.2734793;1101;6592;16.7
2019-01;Região de Saúde LVT;Centro Hospitalar de Setúbal, EPE;38.5283754, -8.8818638;685;5468;12.5
2019-01;Região de Saúde LVT;Centro Hospitalar Psiquiátrico de Lisboa;38.7569771, -9.1460705;82;1400;5.9
2019-01;Região de Saúde LVT;Hospital Distrital de Santarém, EPE;39.2410946, -8.6937515;775;4315;18.0
2019-01;Região de Saúde LVT;Hospital Garcia de Orta, EPE;38.6658713, -9.1822554;667;6414;10.4
2019-01;Região de Saúde Norte;Centro Hospitalar de São João, EPE;41.1831056, -8.6010558;2182;16408;13.3
2019-01;Região de Saúde Norte;Centro Hospitalar Póvoa de Varzim/Vila do Conde, EPE;41.3828711, -8.7589945;294;1813;16.2
2019-01;Região de Saúde Norte;Hospital de Magalhães Lemos, EPE;41.1764649, -8.6649823;47;1003;4.7
2019-01;Região de Saúde Norte;Unidade Local de Saúde do Nordeste, EPE;41.8056532, -6.7888197;1051;5586;18.8
2019-02;Região de Saúde do Alentejo;Unidade Local de Saúde do Norte Alentejano, EPE;39.3003425, -7.4263845;2351;9769;24.1
2019-02;Região de Saúde do Algarve;Centro Hospitalar Universitário do Algarve,EPE;37.0238973, -7.9281554;3702;22319;16.6
2019-02;Região de Saúde do Centro;Centro Hospitalar e Universitário de Coimbra, EPE;40.2191523, -8.4098211;5531;42248;13.1
2019-02;Região de Saúde do Centro;Hospital Distrital da Figueira da Foz, EPE;40.117897, -8.8586755;385;3630;10.6
2019-02;Região de Saúde do Centro;Unidade Local de Saúde de Castelo Branco, EPE;39.8212263, -7.4981271;1136;7410;15.3
2019-02;Região de Saúde Norte;Centro Hospitalar Entre Douro e Vouga, EPE;40.9293884, -8.5458794;1510;10343;14.6
2019-02;Região de Saúde Norte;Centro Hospitalar Tâmega e Sousa, EPE;41.2494561, -8.264901;1751;11339;15.4
2019-02;Região de Saúde Norte;Hospital Santa Maria Maior, EPE;41.5324234, -8.6171561;109;1499;7.3
2019-02;Região de Saúde Norte;Instituto Português Oncologia do Porto, EPE;41.1785642, -8.6062881;1228;10864;11.3
2019-02;Região de Saúde Norte;Unidade Local de Saúde de Matosinhos, EPE;41.1794456, -8.6745115;1755;14513;12.1
2019-03;Região de Saúde do Centro;Centro Hospitalar do Baixo Vouga, EPE;40.6362453, -8.6543716;2053;15720;13.1
2019-03;Região de Saúde do Centro;Centro Medicina de Reabilitação da Região Centro Rovisco Pais;40.297919, -8.7707806;99;1333;7.5
2019-03;Região de Saúde do Centro;Hospital Arcebispo João Crisóstomo;40.3470015, -8.5933462;33;768;4.3
2019-03;Região de Saúde do Centro;Instituto Português Oncologia de Coimbra, EPE;40.2162514, -8.4103814;902;7746;11.7
2019-03;Região de Saúde Norte;Centro Hospitalar Tâmega e Sousa, EPE;41.2494561, -8.264901;2547;16950;15.0
2019-04;Região de Saúde do Alentejo;Unidade Local de Saúde do Norte Alentejano, EPE;39.3003425, -7.4263845;3863;18624;20.7
2019-04;Região de Saúde do Algarve;Centro Hospitalar Universitário do Algarve,EPE;37.0238973, -7.9281554;5162;34223;15.1
2019-04;Região de Saúde do Centro;Centro Hospitalar de Leiria, EPE;39.7414812, -8.7982706;2678;21003;12.8
2019-04;Região de Saúde LVT;Centro Hospitalar Barreiro/Montijo, EPE;38.6554005, -9.0592392;2260;19092;11.8
2019-04;Região de Saúde LVT;Centro Hospitalar Lisboa Norte, EPE;38.7500861, -9.1616116;10682;68338;15.6
2019-04;Região de Saúde LVT;Hospital Distrital de Santarém, EPE;39.2410946, -8.6937515;2882;17367;16.6
2019-04;Região de Saúde Norte;Centro Hospitalar de São João, EPE;41.1831056, -8.6010558;8721;65474;13.3
2019-04;Região de Saúde Norte;Centro Hospitalar Tâmega e Sousa, EPE;41.2494561, -8.264901;3419;22589;15.1
2019-04;Região de Saúde Norte;Centro Hospitalar Trás-os-Montes e Alto Douro, EPE;41.3031784, -7.7515252;4244;28945;14.7
2019-04;Região de Saúde Norte;Hospital de Magalhães Lemos, EPE;41.1764649, -8.6649823;228;4058;5.6
2019-05;Região de Saúde do Alentejo;Hospital Espírito Santo de Évora, EPE;38.5684861, -7.9032848;4122;22134;18.6
2019-05;Região de Saúde do Alentejo;Unidade Local de Saúde do Litoral Alentejano, EPE;38.0162314, -8.6956768;1641;12281;13.4
2019-05;Região de Saúde do Centro;Centro Hospitalar do Baixo Vouga, EPE;40.6362453, -8.6543716;3631;26822;13.5
2019-05;Região de Saúde do Centro;Centro Hospitalar e Universitário de Coimbra, EPE;40.2191523, -8.4098211;14455;106994;13.5
2019-05;Região de Saúde LVT;Centro Hospitalar de Lisboa Central, EPE;38.7166948, -9.1371248;13082;106514;12.3
2019-05;Região de Saúde LVT;Centro Hospitalar de Lisboa Ocidental, EPE;38.708454, -9.216985;6122;52007;11.8
2019-05;Região de Saúde Norte;Centro Hospitalar Entre Douro e Vouga, EPE;40.9293884, -8.5458794;4195;26555;15.8
2019-05;Região de Saúde Norte;Hospital de Braga, PPP;41.56785, -8.398982;2810;37017;7.6
2019-05;Região de Saúde Norte;Hospital de Magalhães Lemos, EPE;41.1764649, -8.6649823;291;5104;5.7
2019-05;Região de Saúde Norte;Unidade Local de Saúde do Alto Minho, EPE;41.7056054, -8.8252713;5487;38642;14.2
2019-06;Região de Saúde do Alentejo;Unidade Local de Saúde do Baixo Alentejo, EPE;38.014123, -7.8721227;4014;24045;16.7
2019-06;Região de Saúde do Alentejo;Unidade Local de Saúde do Norte Alentejano, EPE;39.3003425, -7.4263845;5122;24249;21.1
2019-06;Região de Saúde do Centro;Centro Hospitalar Cova da Beira, EPE;40.2804158, -7.4922407;3440;19893;17.3
2019-06;Região de Saúde do Centro;Centro Hospitalar e Universitário de Coimbra, EPE;40.2191523, -8.4098211;17147;113453;15.1
2019-06;Região de Saúde LVT;Centro Hospitalar Barreiro/Montijo, EPE;38.6554005, -9.0592392;3504;25718;13.6
2019-06;Região de Saúde LVT;Centro Hospitalar de Setúbal, EPE;38.5283754, -8.8818638;4480;29677;15.1
2019-06;Região de Saúde Norte;Centro Hospitalar do Porto, EPE;41.1472498, -8.6172617;8991;74731;12.0
2019-06;Região de Saúde Norte;Instituto Português Oncologia do Porto, EPE;41.1785642, -8.6062881;2977;30064;9.9
2019-06;Região de Saúde Norte;Unidade Local de Saúde de Matosinhos, EPE;41.1794456, -8.6745115;5531;38964;14.2
2019-07;Região de Saúde do Alentejo;Unidade Local de Saúde do Baixo Alentejo, EPE;38.014123, -7.8721227;4751;28641;16.6
2019-07;Região de Saúde do Centro;Centro Hospitalar do Baixo Vouga, EPE;40.6362453, -8.6543716;5239;34488;15.2
2019-07;Região de Saúde do Centro;Centro Hospitalar Tondela-Viseu, EPE;40.516364, -8.0827433;6820;47710;14.3
2019-07;Região de Saúde do Centro;Centro Medicina de Reabilitação da Região Centro Rovisco Pais;40.297919, -8.7707806;230;2854;8.1
2019-07;Região de Saúde LVT;Centro Hospitalar Barreiro/Montijo, EPE;38.6554005, -9.0592392;4108;30590;13.4
2019-07;Região de Saúde LVT;Centro Hospitalar de Lisboa Central, EPE;38.7166948, -9.1371248;18516;135574;13.7
2019-07;Região de Saúde LVT;Instituto Gama Pinto;38.7218793, -9.144249;593;2210;26.8
2019-07;Região de Saúde Norte;Centro Hospitalar do Médio Ave, EPE;41.3423984, -8.4802503;2947;19080;15.4
2019-07;Região de Saúde Norte;Hospital de Magalhães Lemos, EPE;41.1764649, -8.6649823;430;6851;6.3
2019-07;Região de Saúde Norte;Unidade Local de Saúde do Alto Minho, EPE;41.7056054, -8.8252713;7800;54627;14.3
2019-08;Região de Saúde do Alentejo;Unidade Local de Saúde do Norte Alentejano, EPE;39.3003425, -7.4263845;6444;33283;19.4
2019-08;Região de Saúde do Centro;Centro Hospitalar Cova da Beira, EPE;40.2804158, -7.4922407;4610;26676;17.3
2019-08;Região de Saúde do Centro;Centro Hospitalar e Universitário de Coimbra, EPE;40.2191523, -8.4098211;23690;158878;14.9
2019-08;Região de Saúde do Centro;Unidade Local de Saúde de Castelo Branco, EPE;39.8212263, -7.4981271;4660;30133;15.5
2019-08;Região de Saúde LVT;Centro Hospitalar de Setúbal, EPE;38.5283754, -8.8818638;6289;41448;15.2
2019-08;Região de Saúde LVT;Hospital de Vila Franca de Xira, PPP;38.977235, -8.984506;1339;25147;5.3
2019-08;Região de Saúde LVT;Hospital Distrital de Santarém, EPE;39.2410946, -8.6937515;5849;32029;18.3
2019-08;Região de Saúde Norte;Centro Hospitalar de São João, EPE;41.1831056, -8.6010558;18942;133773;14.2
2019-08;Região de Saúde Norte;Hospital da Senhora da Oliveira, Guimarães, EPE;41.4387173, -8.3086907;5367;37677;14.2
2019-08;Região de Saúde Norte;Hospital de Braga, PPP;41.56785, -8.398982;4654;54967;8.5
2019-08;Região de Saúde Norte;Hospital de Magalhães Lemos, EPE;41.1764649, -8.6649823;510;8032;6.3
2019-08;Região de Saúde Norte;Unidade Local de Saúde de Matosinhos, EPE;41.1794456, -8.6745115;7378;53535;13.8
2019-09;Região de Saúde do Algarve;Centro Hospitalar Universitário do Algarve,EPE;37.0238973, -7.9281554;15298;92723;16.5
2019-09;Região de Saúde do Centro;Hospital Dr. Francisco Zagalo;40.8571967, -8.6318023;277;3536;7.8
2019-09;Região de Saúde LVT;Hospital de Loures, PPP;38.821455, -9.176296;2051;37502;5.5
2019-10;Região de Saúde do Alentejo;Unidade Local de Saúde do Baixo Alentejo, EPE;38.014123, -7.8721227;7040;42699;16.5
2019-10;Região de Saúde do Centro;Instituto Português Oncologia de Coimbra, EPE;40.2162514, -8.4103814;3120;26484;11.8
2019-10;Região de Saúde do Centro;Unidade Local de Saúde da Guarda, EPE;40.5309916, -7.2734793;9447;55101;17.1
2019-10;Região de Saúde LVT;Centro Hospitalar de Setúbal, EPE;38.5283754, -8.8818638;8149;53197;15.3
2019-10;Região de Saúde LVT;Centro Hospitalar Médio Tejo, EPE;39.478072, -8.5404429;7318;48578;15.1
2019-10;Região de Saúde LVT;Instituto Português Oncologia de Lisboa, EPE;38.7396768, -9.1634516;6768;49426;13.7
2019-10;Região de Saúde Norte;Centro Hospitalar Entre Douro e Vouga, EPE;40.9293884, -8.5458794;9278;51754;17.9
2019-10;Região de Saúde Norte;Centro Hospitalar Vila Nova de Gaia/Espinho, EPE;41.1094138, -8.5972617;13687;101952;13.4
2019-10;Região de Saúde Norte;Hospital da Senhora da Oliveira, Guimarães, EPE;41.4387173, -8.3086907;6632;47293;14.0
2019-10;Região de Saúde Norte;Instituto Português Oncologia do Porto, EPE;41.1785642, -8.6062881;5365;53643;10.0
2019-10;Região de Saúde Norte;Unidade Local de Saúde do Nordeste, EPE;41.8056532, -6.7888197;9407;50803;18.5
2019-11;Região de Saúde do Alentejo;Unidade Local de Saúde do Litoral Alentejano, EPE;38.0162314, -8.6956768;3902;27961;14.0
2019-11;Região de Saúde do Alentejo;Unidade Local de Saúde do Norte Alentejano, EPE;39.3003425, -7.4263845;8404;49313;17.0
2019-11;Região de Saúde LVT;Instituto Gama Pinto;38.7218793, -9.144249;991;3988;24.9
2019-11;Região de Saúde Norte;Centro Hospitalar do Médio Ave, EPE;41.3423984, -8.4802503;4715;33249;14.2
2019-11;Região de Saúde Norte;Centro Hospitalar Tâmega e Sousa, EPE;41.2494561, -8.264901;9914;60158;16.5
2019-11;Região de Saúde Norte;Centro Hospitalar Trás-os-Montes e Alto Douro, EPE;41.3031784, -7.7515252;11878;81284;14.6
2019-11;Região de Saúde Norte;Hospital de Braga, EPE;41.56785, -8.398982;6546;79429;8.2
2019-11;Região de Saúde Norte;Unidade Local de Saúde do Alto Minho, EPE;41.7056054, -8.8252713;12343;86000;14.4
2019-12;Região de Saúde do Alentejo;Unidade Local de Saúde do Litoral Alentejano, EPE;38.0162314, -8.6956768;4245;30676;13.8
2019-12;Região de Saúde do Centro;Centro Hospitalar de Leiria, EPE;39.7414812, -8.7982706;9056;66548;13.6
2019-12;Região de Saúde do Centro;Centro Hospitalar e Universitário de Coimbra, EPE;40.2191523, -8.4098211;38673;266927;14.5
2019-12;Região de Saúde do Centro;Centro Medicina de Reabilitação da Região Centro Rovisco Pais;40.297919, -8.7707806;366;5528;6.6
2019-12;Região de Saúde do Centro;Hospital Arcebispo João Crisóstomo;40.3470015, -8.5933462;146;3148;4.7
2019-12;Região de Saúde do Centro;Hospital Dr. Francisco Zagalo;40.8571967, -8.6318023;401;5261;7.6
2019-12;Região de Saúde LVT;Centro Hospitalar Lisboa Norte, EPE;38.7500861, -9.1616116;33912;210630;16.1
2019-12;Região de Saúde LVT;Instituto Português Oncologia de Lisboa, EPE;38.7396768, -9.1634516;7492;59541;12.6
2019-12;Região de Saúde Norte;Centro Hospitalar do Porto, EPE;41.1472498, -8.6172617;22876;158160;14.5
2019-12;Região de Saúde Norte;Hospital da Senhora da Oliveira, Guimarães, EPE;41.4387173, -8.3086907;8538;58536;14.6
2019-12;Região de Saúde Norte;Hospital de Braga, EPE;41.56785, -8.398982;7265;87156;8.3
2020-01;Região de Saúde do Centro;Centro Hospitalar de Leiria, EPE;39.7414812, -8.7982706;1871;7479;25.0
2020-01;Região de Saúde do Centro;Centro Medicina de Reabilitação da Região Centro Rovisco Pais;40.297919, -8.7707806;31;464;6.8
2020-01;Região de Saúde do Centro;Unidade Local de Saúde da Guarda, EPE;40.5309916, -7.2734793;1005;6233;16.1
2020-01;Região de Saúde LVT;Centro Hospitalar Barreiro/Montijo, EPE;38.6554005, -9.0592392;633;4997;12.7
2020-01;Região de Saúde LVT;Centro Hospitalar de Lisboa Ocidental, EPE;38.708454, -9.216985;1320;10786;12.2
2020-01;Região de Saúde LVT;Centro Hospitalar Lisboa Norte, EPE;38.7500861, -9.1616116;2631;17344;15.2
2020-01;Região de Saúde LVT;Instituto Gama Pinto;38.7218793, -9.144249;2;263;0.8
2020-01;Região de Saúde Norte;Centro Hospitalar Tâmega e Sousa, EPE;41.2494561, -8.264901;980;6116;16.0
2020-01;Região de Saúde Norte;Centro Hospitalar Trás-os-Montes e Alto Douro, EPE;41.3031784, -7.7515252;1125;6692;16.8
2020-01;Região de Saúde Norte;Centro Hospitalar Vila Nova de Gaia/Espinho, EPE;41.1094138, -8.5972617;1543;10465;14.7
2020-01;Região de Saúde Norte;Unidade Local de Saúde de Matosinhos, EPE;41.1794456, -8.6745115;872;7713;11.3
2020-01;Região de Saúde Norte;Unidade Local de Saúde do Nordeste, EPE;41.8056532, -6.7888197;941;5492;17.1
2020-02;Região de Saúde do Alentejo;Hospital Espírito Santo de Évora, EPE;38.5684861, -7.9032848;1614;9868;16.4
2020-02;Região de Saúde do Alentejo;Unidade Local de Saúde do Norte Alentejano, EPE;39.3003425, -7.4263845;1354;8902;15.2
2020-02;Região de Saúde do Centro;Centro Hospitalar do Baixo Vouga, EPE;40.6362453, -8.6543716;1621;11341;14.3
2020-02;Região de Saúde do Centro;Instituto Português Oncologia de Coimbra, EPE;40.2162514, -8.4103814;669;5431;12.3
2020-02;Região de Saúde do Centro;Unidade Local de Saúde de Castelo Branco, EPE;39.8212263, -7.4981271;1210;7911;15.3
2020-02;Região de Saúde LVT;Centro Hospitalar Psiquiátrico de Lisboa;38.7569771, -9.1460705;143;2829;5.1
2020-02;Região de Saúde LVT;Hospital de Vila Franca de Xira, PPP;38.977235, -8.984506;365;6512;5.6
2020-02;Região de Saúde LVT;Instituto Português Oncologia de Lisboa, EPE;38.7396768, -9.1634516;1288;10679;12.1
2020-02;Região de Saúde Norte;Centro Hospitalar do Médio Ave, EPE;41.3423984, -8.4802503;864;6280;13.8
2020-02;Região de Saúde Norte;Centro Hospitalar Entre Douro e Vouga, EPE;40.9293884, -8.5458794;1563;11012;14.2
2020-02;Região de Saúde Norte;Centro Hospitalar Póvoa de Varzim/Vila do Conde, EPE;41.3828711, -8.7589945;660;4574;14.4
2020-02;Região de Saúde Norte;Centro Hospitalar Tâmega e Sousa, EPE;41.2494561, -8.264901;2034;12354;16.5
2020-02;Região de Saúde Norte;Centro Hospitalar Vila Nova de Gaia/Espinho, EPE;41.1094138, -8.5972617;3196;20969;15.2
2020-02;Região de Saúde Norte;Hospital de Braga, EPE;41.56785, -8.398982;1659;16202;10.2
2020-02;Região de Saúde Norte;Unidade Local de Saúde de Matosinhos, EPE;41.1794456, -8.6745115;1747;15079;11.6
2020-03;Região de Saúde do Algarve;Centro Hospitalar Universitário do Algarve,EPE;37.0238973, -7.9281554;5230;34179;15.3
2020-03;Região de Saúde do Centro;Unidade Local de Saúde de Castelo Branco, EPE;39.8212263, -7.4981271;1787;11867;15.1
2020-03;Região de Saúde LVT;Centro Hospitalar Lisboa Norte, EPE;38.7500861, -9.1616116;8687;53196;16.3
2020-03;Região de Saúde LVT;Centro Hospitalar Médio Tejo, EPE;39.478072, -8.5404429;2268;16251;14.0
2020-03;Região de Saúde Norte;Hospital de Braga, EPE;41.56785, -8.398982;2583;24823;10.4
2020-04;Região de Saúde do Alentejo;Hospital Espírito Santo de Évora, EPE;38.5684861, -7.9032848;3177;19379;16.4
2020-04;Região de Saúde do Alentejo;Unidade Local de Saúde do Litoral Alentejano, EPE;38.0162314, -8.6956768;1503;10411;14.4
2020-04;Região de Saúde do Alentejo;Unidade Local de Saúde do Norte Alentejano, EPE;39.3003425, -7.4263845;2586;17711;14.6
2020-04;Região de Saúde do Centro;Centro Hospitalar Tondela-Viseu, EPE;40.516364, -8.0827433;4746;29301;16.2
2020-04;Região de Saúde do Centro;Hospital Distrital da Figueira da Foz, EPE;40.117897, -8.8586755;801;7973;10.0
2020-04;Região de Saúde LVT;Centro Hospitalar Barreiro/Montijo, EPE;38.6554005, -9.0592392;2508;19964;12.6
2020-04;Região de Saúde LVT;Centro Hospitalar Lisboa Norte, EPE;38.7500861, -9.1616116;11708;70706;16.6
2020-04;Região de Saúde LVT;Hospital Distrital de Santarém, EPE;39.2410946, -8.6937515;2746;17377;15.8
2020-04;Região de Saúde LVT;Hospital Garcia de Orta, EPE;38.6658713, -9.1822554;4663;31590;14.8
2020-04;Região de Saúde Norte;Centro Hospitalar Trás-os-Montes e Alto Douro, EPE;41.3031784, -7.7515252;4750;31594;15.0
2020-04;Região de Saúde Norte;Centro Hospitalar Vila Nova de Gaia/Espinho, EPE;41.1094138, -8.5972617;5608;41086;13.6
2020-04;Região de Saúde Norte;Instituto Português Oncologia do Porto, EPE;41.1785642, -8.6062881;2514;24086;10.4
2020-04;Região de Saúde Norte;Unidade Local de Saúde do Alto Minho, EPE;41.7056054, -8.8252713;4910;33646;14.6
2020-04;Região de Saúde Norte;Unidade Local de Saúde do Nordeste, EPE;41.8056532, -6.7888197;3989;22548;17.7
2020-05;Região de Saúde do Alentejo;Hospital Espírito Santo de Évora, EPE;38.5684861, -7.9032848;3886;24066;16.1
2020-05;Região de Saúde do Centro;Centro Hospitalar Cova da Beira, EPE;40.2804158, -7.4922407;3285;18003;18.3
2020-05;Região de Saúde do Centro;Hospital Distrital da Figueira da Foz, EPE;40.117897, -8.8586755;1187;10221;11.6
2020-05;Região de Saúde LVT;Centro Hospitalar Psiquiátrico de Lisboa;38.7569771, -9.1460705;377;7082;5.3
2020-05;Região de Saúde LVT;Hospital Distrital de Santarém, EPE;39.2410946, -8.6937515;3517;21502;16.4
2020-05;Região de Saúde Norte;Centro Hospitalar do Porto, EPE;41.1472498, -8.6172617;10165;67498;15.1
2020-05;Região de Saúde Norte;Centro Hospitalar Póvoa de Varzim/Vila do Conde, EPE;41.3828711, -8.7589945;1882;11868;15.9
2020-05;Região de Saúde Norte;Hospital de Braga, EPE;41.56785, -8.398982;4548;41667;10.9
2020-06;Região de Saúde do Centro;Centro Hospitalar Cova da Beira, EPE;40.2804158, -7.4922407;3955;21470;18.4
2020-06;Região de Saúde do Centro;Centro Medicina de Reabilitação da Região Centro Rovisco Pais;40.297919, -8.7707806;218;2415;9.0
2020-06;Região de Saúde LVT;Centro Hospitalar de Lisboa Ocidental, EPE;38.708454, -9.216985;8600;58426;14.7
2020-06;Região de Saúde LVT;Centro Hospitalar do Oeste, EPE;39.4054629, -9.1258493;4138;24453;16.9
2020-06;Região de Saúde LVT;Centro Hospitalar Lisboa Norte, EPE;38.7500861, -9.1616116;18922;107465;17.6
2020-06;Região de Saúde LVT;Hospital Garcia de Orta, EPE;38.6658713, -9.1822554;7472;47737;15.7
2020-06;Região de Saúde Norte;Centro Hospitalar do Porto, EPE;41.1472498, -8.6172617;12189;80824;15.1
2020-06;Região de Saúde Norte;Centro Hospitalar Trás-os-Montes e Alto Douro, EPE;41.3031784, -7.7515252;6882;41715;16.5
2020-06;Região de Saúde Norte;Hospital da Senhora da Oliveira, Guimarães, EPE;41.4387173, -8.3086907;4001;29557;13.5
2020-06;Região de Saúde Norte;Hospital de Magalhães Lemos, EPE;41.1764649, -8.6649823;429;6540;6.6
2020-06;Região de Saúde Norte;Hospital Santa Maria Maior, EPE;41.5324234, -8.6171561;831;7589;11.0
2020-06;Região de Saúde Norte;Unidade Local de Saúde do Alto Minho, EPE;41.7056054, -8.8252713;7536;50780;14.8
2020-06;Região de Saúde Norte;Unidade Local de Saúde do Nordeste, EPE;41.8056532, -6.7888197;6660;30767;21.6
2020-07;Região de Saúde do Centro;Centro Medicina de Reabilitação da Região Centro Rovisco Pais;40.297919, -8.7707806;251;2895;8.7
2020-07;Região de Saúde LVT;Centro Hospitalar Lisboa Norte, EPE;38.7500861, -9.1616116;21913;125341;17.5
2020-07;Região de Saúde LVT;Centro Hospitalar Médio Tejo, EPE;39.478072, -8.5404429;5716;35098;16.3
2020-07;Região de Saúde Norte;Hospital Santa Maria Maior, EPE;41.5324234, -8.6171561;975;9024;10.8
2020-07;Região de Saúde Norte;Instituto Português Oncologia do Porto, EPE;41.1785642, -8.6062881;4549;38669;11.8
2020-07;Região de Saúde Norte;Unidade Local de Saúde de Matosinhos, EPE;41.1794456, -8.6745115;7570;50681;14.9
2020-08;Região de Saúde do Alentejo;Unidade Local de Saúde do Baixo Alentejo, EPE;38.014123, -7.8721227;5677;36187;15.7
2020-08;Região de Saúde do Centro;Centro Medicina de Reabilitação da Região Centro Rovisco Pais;40.297919, -8.7707806;280;3384;8.3
2020-08;Região de Saúde LVT;Centro Hospitalar Psiquiátrico de Lisboa;38.7569771, -9.1460705;620;10313;6.0
2020-08;Região de Saúde LVT;Instituto Gama Pinto;38.7218793, -9.144249;228;2461;9.3
2020-08;Região de Saúde LVT;Instituto Português Oncologia de Lisboa, EPE;38.7396768, -9.1634516;4986;40622;12.3
2020-08;Região de Saúde Norte;Hospital de Magalhães Lemos, EPE;41.1764649, -8.6649823;589;8749;6.7
2020-09;Região de Saúde do Alentejo;Unidade Local de Saúde do Baixo Alentejo, EPE;38.014123, -7.8721227;6473;41232;15.7
2020-09;Região de Saúde do Alentejo;Unidade Local de Saúde do Litoral Alentejano, EPE;38.0162314, -8.6956768;3825;22326;17.1
2020-09;Região de Saúde do Alentejo;Unidade Local de Saúde do Norte Alentejano, EPE;39.3003425, -7.4263845;6453;37598;17.2
2020-09;Região de Saúde do Centro;Centro Hospitalar Cova da Beira, EPE;40.2804158, -7.4922407;5772;32101;18.0
2020-09;Região de Saúde LVT;Centro Hospitalar Barreiro/Montijo, EPE;38.6554005, -9.0592392;5968;42102;14.2
2020-09;Região de Saúde LVT;Centro Hospitalar de Lisboa Central, EPE;38.7166948, -9.1371248;25119;185300;13.6
2020-09;Região de Saúde LVT;Centro Hospitalar de Lisboa Ocidental, EPE;38.708454, -9.216985;13534;92594;14.6
2020-09;Região de Saúde LVT;Hospital de Vila Franca de Xira, PPP;38.977235, -8.984506;1885;28819;6.5
2020-09;Região de Saúde LVT;Hospital Garcia de Orta, EPE;38.6658713, -9.1822554;11381;73369;15.5
2020-09;Região de Saúde Norte;Instituto Português Oncologia do Porto, EPE;41.1785642, -8.6062881;5827;51054;11.4
2020-10;Região de Saúde do Alentejo;Unidade Local de Saúde do Litoral Alentejano, EPE;38.0162314, -8.6956768;4276;25078;17.1
2020-10;Região de Saúde do Alentejo;Unidade Local de Saúde do Norte Alentejano, EPE;39.3003425, -7.4263845;7268;42296;17.2
2020-10;Região de Saúde do Centro;Hospital Arcebispo João Crisóstomo;40.3470015, -8.5933462;133;2523;5.3
2020-10;Região de Saúde LVT;Centro Hospitalar Médio Tejo, EPE;39.478072, -8.5404429;7989;51696;15.5
2020-10;Região de Saúde Norte;Centro Hospitalar Trás-os-Montes e Alto Douro, EPE;41.3031784, -7.7515252;11369;72629;15.7
2020-10;Região de Saúde Norte;Hospital de Magalhães Lemos, EPE;41.1764649, -8.6649823;721;10989;6.6
2020-10;Região de Saúde Norte;Hospital Santa Maria Maior, EPE;41.5324234, -8.6171561;1358;13571;10.0
2020-11;Região de Saúde do Alentejo;Unidade Local de Saúde do Baixo Alentejo, EPE;38.014123, -7.8721227;8522;52030;16.4
2020-11;Região de Saúde do Algarve;Centro Hospitalar Universitário do Algarve,EPE;37.0238973, -7.9281554;19227;124425;15.5
2020-11;Região de Saúde do Centro;Centro Hospitalar e Universitário de Coimbra, EPE;40.2191523, -8.4098211;36403;250525;14.5
2020-11;Região de Saúde do Centro;Instituto Português Oncologia de Coimbra, EPE;40.2162514, -8.4103814;3980;31140;12.8
2020-11;Região de Saúde do Centro;Unidade Local de Saúde de Castelo Branco, EPE;39.8212263, -7.4981271;6692;44730;15.0
2020-11;Região de Saúde LVT;Centro Hospitalar de Lisboa Central, EPE;38.7166948, -9.1371248;30533;233637;13.1
2020-11;Região de Saúde LVT;Centro Hospitalar Médio Tejo, EPE;39.478072, -8.5404429;8707;57380;15.2
2020-11;Região de Saúde LVT;Hospital de Vila Franca de Xira, PPP;38.977235, -8.984506;2301;35537;6.5
2020-11;Região de Saúde Norte;Centro Hospitalar do Médio Ave, EPE;41.3423984, -8.4802503;4988;34922;14.3
2020-11;Região de Saúde Norte;Hospital Santa Maria Maior, EPE;41.5324234, -8.6171561;1515;16026;9.5
2020-11;Região de Saúde Norte;Unidade Local de Saúde do Nordeste, EPE;41.8056532, -6.7888197;12235;64019;19.1
2020-12;Região de Saúde do Alentejo;Hospital Espírito Santo de Évora, EPE;38.5684861, -7.9032848;10724;56743;18.9
2020-12;Região de Saúde do Alentejo;Unidade Local de Saúde do Litoral Alentejano, EPE;38.0162314, -8.6956768;6159;33802;18.2
2020-12;Região de Saúde do Centro;Centro Hospitalar e Universitário de Coimbra, EPE;40.2191523, -8.4098211;42187;278827;15.1
2020-12;Região de Saúde LVT;Centro Hospitalar do Oeste, EPE;39.4054629, -9.1258493;8436;56559;14.9
2020-12;Região de Saúde LVT;Centro Hospitalar Psiquiátrico de Lisboa;38.7569771, -9.1460705;981;17246;5.7
2020-12;Região de Saúde LVT;Hospital de Vila Franca de Xira, PPP;38.977235, -8.984506;2627;38192;6.9
2020-12;Região de Saúde Norte;Centro Hospitalar de São João, EPE;41.1831056, -8.6010558;34169;221834;15.4
2021-01;Região de Saúde do Centro;Centro Hospitalar do Baixo Vouga, EPE;40.6362453, -8.6543716;1194;6073;19.7
2021-01;Região de Saúde do Centro;Centro Hospitalar e Universitário de Coimbra, EPE;40.2191523, -8.4098211;3263;23775;13.7
2021-01;Região de Saúde do Centro;Centro Hospitalar Tondela-Viseu, EPE;40.516364, -8.0827433;1362;7815;17.4
2021-01;Região de Saúde Norte;Centro Hospitalar do Porto, EPE;41.1472498, -8.6172617;2842;15538;18.3
2021-01;Região de Saúde Norte;Hospital Santa Maria Maior, EPE;41.5324234, -8.6171561;245;1700;14.4
2021-01;Região de Saúde Norte;Unidade Local de Saúde de Matosinhos, EPE;41.1794456, -8.6745115;1410;9350;15.1
2021-02;Região de Saúde do Alentejo;Unidade Local de Saúde do Litoral Alentejano, EPE;38.0162314, -8.6956768;1318;6195;21.3
2021-02;Região de Saúde LVT;Centro Hospitalar Psiquiátrico de Lisboa;38.7569771, -9.1460705;218;2966;7.4
2021-02;Região de Saúde LVT;Hospital Distrital de Santarém, EPE;39.2410946, -8.6937515;2067;9809;21.1
2021-02;Região de Saúde LVT;Instituto Gama Pinto;38.7218793, -9.144249;87;699;12.5
2021-02;Região de Saúde LVT;Instituto Português Oncologia de Lisboa, EPE;38.7396768, -9.1634516;1719;11528;14.9
2021-03;Região de Saúde do Alentejo;Unidade Local de Saúde do Norte Alentejano, EPE;39.3003425, -7.4263845;2765;14486;19.1
2021-03;Região de Saúde do Centro;Instituto Português Oncologia de Coimbra, EPE;40.2162514, -8.4103814;1272;9260;13.7
2021-03;Região de Saúde LVT;Centro Hospitalar Barreiro/Montijo, EPE;38.6554005, -9.0592392;2351;16216;14.5
2021-03;Região de Saúde LVT;Hospital Distrital de Santarém, EPE;39.2410946, -8.6937515;2977;14590;20.4
2021-03;Região de Saúde LVT;Hospital Fernando Fonseca, EPE;38.7422257, -9.2264834;5085;27899;18.2
2021-03;Região de Saúde Norte;Centro Hospitalar do Médio Ave, EPE;41.3423984, -8.4802503;1804;10251;17.6
2021-03;Região de Saúde Norte;Hospital da Senhora da Oliveira, Guimarães, EPE;41.4387173, -8.3086907;3397;18393;18.5
2021-04;Região de Saúde do Alentejo;Unidade Local de Saúde do Norte Alentejano, EPE;39.3003425, -7.4263845;3801;19443;19.6
2021-04;Região de Saúde do Centro;Centro Hospitalar Cova da Beira, EPE;40.2804158, -7.4922407;3068;15290;20.1
2021-04;Região de Saúde do Centro;Centro Hospitalar Tondela-Viseu, EPE;40.516364, -8.0827433;5697;31774;17.9
2021-04;Região de Saúde do Centro;Centro Medicina de Reabilitação da Região Centro Rovisco Pais;40.297919, -8.7707806;166;2004;8.3
2021-04;Região de Saúde do Centro;Instituto Português Oncologia de Coimbra, EPE;40.2162514, -8.4103814;1560;12194;12.8
2021-04;Região de Saúde LVT;Centro Hospitalar Psiquiátrico de Lisboa;38.7569771, -9.1460705;396;5952;6.7
2021-04;Região de Saúde LVT;Instituto Português Oncologia de Lisboa, EPE;38.7396768, -9.1634516;3217;22934;14.0
2021-04;Região de Saúde Norte;Centro Hospitalar de São João, EPE;41.1831056, -8.6010558;11650;76116;15.3
2021-04;Região de Saúde Norte;Centro Hospitalar do Porto, EPE;41.1472498, -8.6172617;9960;59556;16.7
2021-04;Região de Saúde Norte;Centro Hospitalar Vila Nova de Gaia/Espinho, EPE;41.1094138, -8.5972617;6725;45387;14.8
2021-04;Região de Saúde Norte;Hospital de Braga, EPE;41.56785, -8.398982;7465;41102;18.2
2021-04;Região de Saúde Norte;Hospital de Magalhães Lemos, EPE;41.1764649, -8.6649823;340;4471;7.6
2021-04;Região de Saúde Norte;Hospital Santa Maria Maior, EPE;41.5324234, -8.6171561;714;6274;11.4
2021-04;Região de Saúde Norte;Instituto Português Oncologia do Porto, EPE;41.1785642, -8.6062881;2987;26100;11.4
2021-05;Região de Saúde do Centro;Centro Hospitalar e Universitário de Coimbra, EPE;40.2191523, -8.4098211;22279;127394;17.5
2021-05;Região de Saúde do Centro;Hospital Distrital da Figueira da Foz, EPE;40.117897, -8.8586755;1470;10982;13.4
2021-05;Região de Saúde LVT;Centro Hospitalar de Setúbal, EPE;38.5283754, -8.8818638;5902;33149;17.8
2021-05;Região de Saúde LVT;Centro Hospitalar Psiquiátrico de Lisboa;38.7569771, -9.1460705;491;7452;6.6
2021-05;Região de Saúde Norte;Centro Hospitalar Póvoa de Varzim/Vila do Conde, EPE;41.3828711, -8.7589945;2091;12958;16.1
2021-05;Região de Saúde Norte;Centro Hospitalar Tâmega e Sousa, EPE;41.2494561, -8.264901;6847;36603;18.7
2021-05;Região de Saúde Norte;Unidade Local de Saúde de Matosinhos, EPE;41.1794456, -8.6745115;5658;43565;13.0
2021-05;Região de Saúde Norte;Unidade Local de Saúde do Nordeste, EPE;41.8056532, -6.7888197;6555;32607;20.1
2021-06;Região de Saúde do Alentejo;Unidade Local de Saúde do Norte Alentejano, EPE;39.3003425, -7.4263845;5338;25794;20.7
2021-06;Região de Saúde do Centro;Centro Hospitalar de Leiria, EPE;39.7414812, -8.7982706;5770;37034;15.6
2021-06;Região de Saúde do Centro;Instituto Português Oncologia de Coimbra, EPE;40.2162514, -8.4103814;2384;17926;13.3
2021-06;Região de Saúde do Centro;Unidade Local de Saúde da Guarda, EPE;40.5309916, -7.2734793;6617;36849;18.0
2021-06;Região de Saúde Norte;Centro Hospitalar Entre Douro e Vouga, EPE;40.9293884, -8.5458794;6557;33446;19.6
2021-06;Região de Saúde Norte;Centro Hospitalar Tâmega e Sousa, EPE;41.2494561, -8.264901;8105;39306;20.6
2021-06;Região de Saúde Norte;Centro Hospitalar Vila Nova de Gaia/Espinho, EPE;41.1094138, -8.5972617;10102;69430;14.5
2021-06;Região de Saúde Norte;Hospital da Senhora da Oliveira, Guimarães, EPE;41.4387173, -8.3086907;5659;34800;16.3
2021-06;Região de Saúde Norte;Hospital de Magalhães Lemos, EPE;41.1764649, -8.6649823;463;6640;7.0
2021-07;Região de Saúde do Alentejo;Unidade Local de Saúde do Baixo Alentejo, EPE;38.014123, -7.8721227;6773;35331;19.2
2021-07;Região de Saúde do Alentejo;Unidade Local de Saúde do Litoral Alentejano, EPE;38.0162314, -8.6956768;4372;20030;21.8
2021-07;Região de Saúde do Alentejo;Unidade Local de Saúde do Norte Alentejano, EPE;39.3003425, -7.4263845;6008;30441;19.7
2021-07;Região de Saúde do Algarve;Centro Hospitalar Universitário do Algarve,EPE;37.0238973, -7.9281554;13633;78477;17.4
2021-07;Região de Saúde LVT;Centro Hospitalar do Oeste, EPE;39.4054629, -9.1258493;5579;32014;17.4
2021-07;Região de Saúde LVT;Centro Hospitalar Médio Tejo, EPE;39.478072, -8.5404429;6698;37523;17.9
2021-08;Região de Saúde do Alentejo;Hospital Espírito Santo de Évora, EPE;38.5684861, -7.9032848;8694;39679;21.9
2021-08;Região de Saúde do Centro;Centro Hospitalar de Leiria, EPE;39.7414812, -8.7982706;7924;50197;15.8
2021-08;Região de Saúde do Centro;Centro Hospitalar do Baixo Vouga, EPE;40.6362453, -8.6543716;6576;44802;14.7
2021-08;Região de Saúde do Centro;Instituto Português Oncologia de Coimbra, EPE;40.2162514, -8.4103814;3195;23053;13.9
2021-08;Região de Saúde LVT;Centro Hospitalar Barreiro/Montijo, EPE;38.6554005, -9.0592392;5850;39942;14.6
2021-08;Região de Saúde LVT;Centro Hospitalar Lisboa Norte, EPE;38.7500861, -9.1616116;27781;150743;18.4
2021-08;Região de Saúde LVT;Centro Hospitalar Psiquiátrico de Lisboa;38.7569771, -9.1460705;744;10740;6.9
2021-08;Região de Saúde LVT;Instituto Gama Pinto;38.7218793, -9.144249;651;2949;22.1
2021-08;Região de Saúde Norte;Hospital da Senhora da Oliveira, Guimarães, EPE;41.4387173, -8.3086907;9067;48394;18.7
2021-08;Região de Saúde Norte;Unidade Local de Saúde do Nordeste, EPE;41.8056532, -6.7888197;9810;47697;20.6
2021-09;Região de Saúde do Alentejo;Hospital Espírito Santo de Évora, EPE;38.5684861, -7.9032848;9691;45003;21.5
2021-09;Região de Saúde do Centro;Centro Hospitalar de Leiria, EPE;39.7414812, -8.7982706;9015;55844;16.1
2021-09;Região de Saúde do Centro;Hospital Arcebispo João Crisóstomo;40.3470015, -8.5933462;133;2396;5.6
2021-09;Região de Saúde LVT;Centro Hospitalar de Lisboa Ocidental, EPE;38.708454, -9.216985;16461;103725;15.9
2021-09;Região de Saúde LVT;Centro Hospitalar de Setúbal, EPE;38.5283754, -8.8818638;11027;55429;19.9
2021-09;Região de Saúde LVT;Centro Hospitalar do Oeste, EPE;39.4054629, -9.1258493;7170;41938;17.1
2021-09;Região de Saúde LVT;Centro Hospitalar Psiquiátrico de Lisboa;38.7569771, -9.1460705;825;12201;6.8
2021-09;Região de Saúde LVT;Hospital de Vila Franca de Xira, EPE;38.977235, -8.984506;1955;19034;10.3
2021-09;Região de Saúde LVT;Hospital Distrital de Santarém, EPE;39.2410946, -8.6937515;8673;40530;21.4
2021-09;Região de Saúde Norte;Centro Hospitalar do Médio Ave, EPE;41.3423984, -8.4802503;4946;28561;17.3
2021-09;Região de Saúde Norte;Centro Hospitalar Trás-os-Montes e Alto Douro, EPE;41.3031784, -7.7515252;12032;70087;17.2
2021-09;Região de Saúde Norte;Centro Hospitalar Vila Nova de Gaia/Espinho, EPE;41.1094138, -8.5972617;15313;103598;14.8
2021-09;Região de Saúde Norte;Unidade Local de Saúde de Matosinhos, EPE;41.1794456, -8.6745115;10309;73548;14.0
2021-10;Região de Saúde do Alentejo;Unidade Local de Saúde do Baixo Alentejo, EPE;38.014123, -7.8721227;10109;51801;19.5
2021-10;Região de Saúde do Centro;Centro Hospitalar de Leiria, EPE;39.7414812, -8.7982706;10057;62106;16.2
2021-10;Região de Saúde do Centro;Centro Medicina de Reabilitação da Região Centro Rovisco Pais;40.297919, -8.7707806;387;4679;8.3
2021-10;Região de Saúde do Centro;Hospital Arcebispo João Crisóstomo;40.3470015, -8.5933462;147;2680;5.5
2021-10;Região de Saúde LVT;Centro Hospitalar de Lisboa Ocidental, EPE;38.708454, -9.216985;18061;115412;15.6
2021-10;Região de Saúde LVT;Centro Hospitalar do Oeste, EPE;39.4054629, -9.1258493;7897;47325;16.7
2021-10;Região de Saúde Norte;Centro Hospitalar de São João, EPE;41.1831056, -8.6010558;26079;185703;14.0
2021-10;Região de Saúde Norte;Centro Hospitalar do Porto, EPE;41.1472498, -8.6172617;22373;145783;15.3
2021-10;Região de Saúde Norte;Centro Hospitalar Póvoa de Varzim/Vila do Conde, EPE;41.3828711, -8.7589945;4064;24300;16.7
2021-10;Região de Saúde Norte;Centro Hospitalar Vila Nova de Gaia/Espinho, EPE;41.1094138, -8.5972617;16846;114540;14.7
2021-11;Região de Saúde do Alentejo;Unidade Local de Saúde do Baixo Alentejo, EPE;38.014123, -7.8721227;10977;57219;19.2
2021-11;Região de Saúde do Alentejo;Unidade Local de Saúde do Norte Alentejano, EPE;39.3003425, -7.4263845;9506;53074;17.9
2021-11;Região de Saúde do Centro;Centro Hospitalar Cova da Beira, EPE;40.2804158, -7.4922407;8353;42293;19.8
2021-11;Região de Saúde do Centro;Centro Hospitalar Tondela-Viseu, EPE;40.516364, -8.0827433;13598;84678;16.1
2021-11;Região de Saúde do Centro;Instituto Português Oncologia de Coimbra, EPE;40.2162514, -8.4103814;4302;31285;13.8
2021-11;Região de Saúde LVT;Centro Hospitalar Barreiro/Montijo, EPE;38.6554005, -9.0592392;7865;55858;14.1
2021-11;Região de Saúde Norte;Centro Hospitalar do Porto, EPE;41.1472498, -8.6172617;24855;159910;15.5
2021-11;Região de Saúde Norte;Centro Hospitalar Entre Douro e Vouga, EPE;40.9293884, -8.5458794;12264;68874;17.8
2021-11;Região de Saúde Norte;Centro Hospitalar Póvoa de Varzim/Vila do Conde, EPE;41.3828711, -8.7589945;4467;26863;16.6
2021-11;Região de Saúde Norte;Unidade Local de Saúde do Nordeste, EPE;41.8056532, -6.7888197;13444;70071;19.2
2021-12;Região de Saúde do Alentejo;Unidade Local de Saúde do Baixo Alentejo, EPE;38.014123, -7.8721227;11568;62305;18.6
2021-12;Região de Saúde do Alentejo;Unidade Local de Saúde do Litoral Alentejano, EPE;38.0162314, -8.6956768;6843;36541;18.7
2021-12;Região de Saúde do Algarve;Centro Hospitalar Universitário do Algarve,EPE;37.0238973, -7.9281554;23209;148112;15.7
2021-12;Região de Saúde do Centro;Centro Hospitalar do Baixo Vouga, EPE;40.6362453, -8.6543716;11236;70520;15.9
2021-12;Região de Saúde do Centro;Unidade Local de Saúde da Guarda, EPE;40.5309916, -7.2734793;13544;76911;17.6
2021-12;Região de Saúde LVT;Centro Hospitalar de Lisboa Ocidental, EPE;38.708454, -9.216985;20865;146672;14.2
2021-12;Região de Saúde LVT;Centro Hospitalar do Oeste, EPE;39.4054629, -9.1258493;9463;60476;15.6
2021-12;Região de Saúde LVT;Centro Hospitalar Médio Tejo, EPE;39.478072, -8.5404429;10887;67597;16.1
2021-12;Região de Saúde LVT;Hospital de Vila Franca de Xira, EPE;38.977235, -8.984506;4394;32291;13.6
2021-12;Região de Saúde LVT;Hospital Distrital de Santarém, EPE;39.2410946, -8.6937515;9867;56252;17.5
2021-12;Região de Saúde Norte;Centro Hospitalar de São João, EPE;41.1831056, -8.6010558;31656;224721;14.1
2021-12;Região de Saúde Norte;Centro Hospitalar do Porto, EPE;41.1472498, -8.6172617;26862;175188;15.3
2021-12;Região de Saúde Norte;Centro Hospitalar Póvoa de Varzim/Vila do Conde, EPE;41.3828711, -8.7589945;4866;29354;16.6
2021-12;Região de Saúde Norte;Centro Hospitalar Tâmega e Sousa, EPE;41.2494561, -8.264901;17268;87240;19.8
2022-01;Região de Saúde do Alentejo;Unidade Local de Saúde do Baixo Alentejo, EPE;38.014123, -7.8721227;961;5450;17.6
2022-01;Região de Saúde do Alentejo;Unidade Local de Saúde do Norte Alentejano, EPE;39.3003425, -7.4263845;982;5021;19.6
2022-01;Região de Saúde LVT;Centro Hospitalar Psiquiátrico de Lisboa;38.7569771, -9.1460705;83;1469;5.6
2022-01;Região de Saúde LVT;Hospital de Vila Franca de Xira, EPE;38.977235, -8.984506;730;4273;17.1
2022-01;Região de Saúde LVT;Hospital Distrital de Santarém, EPE;39.2410946, -8.6937515;797;4680;17.0
2022-01;Região de Saúde LVT;Instituto Gama Pinto;38.7218793, -9.144249;6;317;2.0
2022-01;Região de Saúde LVT;Instituto Português Oncologia de Lisboa, EPE;38.7396768, -9.1634516;813;5685;14.3
2022-01;Região de Saúde Norte;Centro Hospitalar Entre Douro e Vouga, EPE;40.9293884, -8.5458794;963;6242;15.4
2022-02;Região de Saúde do Alentejo;Unidade Local de Saúde do Litoral Alentejano, EPE;38.0162314, -8.6956768;1187;6217;19.1
2022-02;Região de Saúde do Centro;Centro Medicina de Reabilitação da Região Centro Rovisco Pais;40.297919, -8.7707806;75;1087;7.0
2022-02;Região de Saúde LVT;Centro Hospitalar Médio Tejo, EPE;39.478072, -8.5404429;1922;12178;15.8
2022-02;Região de Saúde Norte;Centro Hospitalar Entre Douro e Vouga, EPE;40.9293884, -8.5458794;2390;13011;18.4
2022-02;Região de Saúde Norte;Unidade Local de Saúde de Matosinhos, EPE;41.1794456, -8.6745115;2796;18282;15.3
2022-03;Região de Saúde do Alentejo;Unidade Local de Saúde do Litoral Alentejano, EPE;38.0162314, -8.6956768;1799;9436;19.1
2022-03;Região de Saúde do Centro;Centro Hospitalar Cova da Beira, EPE;40.2804158, -7.4922407;2092;11562;18.1
2022-03;Região de Saúde do Centro;Centro Hospitalar e Universitário de Coimbra, EPE;40.2191523, -8.4098211;12748;75342;16.9
2022-03;Região de Saúde do Centro;Centro Hospitalar Tondela-Viseu, EPE;40.516364, -8.0827433;3923;23874;16.4
2022-03;Região de Saúde do Centro;Unidade Local de Saúde de Castelo Branco, EPE;39.8212263, -7.4981271;2348;13221;17.8
2022-03;Região de Saúde LVT;Centro Hospitalar Barreiro/Montijo, EPE;38.6554005, -9.0592392;2236;16443;13.6
2022-03;Região de Saúde LVT;Hospital Fernando Fonseca, EPE;38.7422257, -9.2264834;5271;29023;18.2
2022-03;Região de Saúde LVT;Instituto Gama Pinto;38.7218793, -9.144249;139;1129;12.4
2022-03;Região de Saúde LVT;Instituto Português Oncologia de Lisboa, EPE;38.7396768, -9.1634516;2437;17142;14.2
2022-03;Região de Saúde Norte;Centro Hospitalar de São João, EPE;41.1831056, -8.6010558;7945;55715;14.3
2022-03;Região de Saúde Norte;Centro Hospitalar Vila Nova de Gaia/Espinho, EPE;41.1094138, -8.5972617;5005;33726;14.8
2022-03;Região de Saúde Norte;Hospital da Senhora da Oliveira, Guimarães, EPE;41.4387173, -8.3086907;3459;18535;18.7
2022-03;Região de Saúde Norte;Hospital de Braga, EPE;41.56785, -8.398982;6072;31682;19.2
2022-03;Região de Saúde Norte;Hospital Santa Maria Maior, EPE;41.5324234, -8.6171561;495;5042;9.8
2022-03;Região de Saúde Norte;Unidade Local de Saúde do Nordeste, EPE;41.8056532, -6.7888197;3696;19357;19.1
2022-04;Região de Saúde do Alentejo;Unidade Local de Saúde do Norte Alentejano, EPE;39.3003425, -7.4263845;3313;19312;17.2
2022-04;Região de Saúde LVT;Centro Hospitalar de Lisboa Ocidental, EPE;38.708454, -9.216985;6890;48766;14.1
2022-04;Região de Saúde LVT;Centro Hospitalar de Setúbal, EPE;38.5283754, -8.8818638;4863;26877;18.1
2022-04;Região de Saúde LVT;Hospital de Vila Franca de Xira, EPE;38.977235, -8.984506;2710;16922;16.0
2022-04;Região de Saúde LVT;Hospital Distrital de Santarém, EPE;39.2410946, -8.6937515;2972;18488;16.1
2022-04;Região de Saúde Norte;Centro Hospitalar Entre Douro e Vouga, EPE;40.9293884, -8.5458794;4600;25992;17.7
2022-04;Região de Saúde Norte;Hospital de Braga, EPE;41.56785, -8.398982;7969;42050;19.0
2022-04;Região de Saúde Norte;Hospital Santa Maria Maior, EPE;41.5324234, -8.6171561;630;6722;9.4
2022-05;Região de Saúde do Centro;Centro Hospitalar de Leiria, EPE;39.7414812, -8.7982706;4648;29972;15.5
2022-05;Região de Saúde LVT;Centro Hospitalar Barreiro/Montijo, EPE;38.6554005, -9.0592392;3643;27271;13.4
2022-05;Região de Saúde LVT;Centro Hospitalar Médio Tejo, EPE;39.478072, -8.5404429;4751;30513;15.6
2022-05;Região de Saúde LVT;Hospital de Loures, EPE;38.821455, -9.176296;1048;24391;4.3
2022-05;Região de Saúde Norte;Centro Hospitalar de São João, EPE;41.1831056, -8.6010558;13423;93268;14.4
2022-05;Região de Saúde Norte;Centro Hospitalar do Porto, EPE;41.1472498, -8.6172617;11080;73139;15.2
2022-05;Região de Saúde Norte;Centro Hospitalar Póvoa de Varzim/Vila do Conde, EPE;41.3828711, -8.7589945;2194;13205;16.6
2022-05;Região de Saúde Norte;Instituto Português Oncologia do Porto, EPE;41.1785642, -8.6062881;3848;33633;11.4
2022-06;Região de Saúde do Centro;Centro Hospitalar de Leiria, EPE;39.7414812, -8.7982706;5775;37042;15.6
2022-06;Região de Saúde do Centro;Centro Hospitalar do Baixo Vouga, EPE;40.6362453, -8.6543716;4365;32135;13.6
2022-06;Região de Saúde do Centro;Centro Hospitalar e Universitário de Coimbra, EPE;40.2191523, -8.4098211;25506;133377;19.1
2022-06;Região de Saúde LVT;Centro Hospitalar de Lisboa Central, EPE;38.7166948, -9.1371248;19288;129090;14.9
2022-06;Região de Saúde LVT;Centro Hospitalar do Oeste, EPE;39.4054629, -9.1258493;5115;28662;17.8
2022-06;Região de Saúde Norte;Centro Hospitalar de São João, EPE;41.1831056, -8.6010558;16040;111792;14.3
2022-06;Região de Saúde Norte;Centro Hospitalar Vila Nova de Gaia/Espinho, EPE;41.1094138, -8.5972617;9972;70010;14.2
2022-06;Região de Saúde Norte;Hospital Santa Maria Maior, EPE;41.5324234, -8.6171561;972;9266;10.5
2022-06;Região de Saúde Norte;Unidade Local de Saúde de Matosinhos, EPE;41.1794456, -8.6745115;7036;46828;15.0
2022-07;Região de Saúde do Alentejo;Unidade Local de Saúde do Baixo Alentejo, EPE;38.014123, -7.8721227;5869;33809;17.4
2022-07;Região de Saúde do Centro;Centro Hospitalar e Universitário de Coimbra, EPE;40.2191523, -8.4098211;29595;158182;18.7
2022-07;Região de Saúde LVT;Centro Hospitalar de Lisboa Ocidental, EPE;38.708454, -9.216985;12327;78913;15.6
2022-07;Região de Saúde LVT;Centro Hospitalar de Setúbal, EPE;38.5283754, -8.8818638;8654;43301;20.0
2022-07;Região de Saúde LVT;Centro Hospitalar Lisboa Norte, EPE;38.7500861, -9.1616116;24883;134222;18.5
2022-07;Região de Saúde Norte;Centro Hospitalar do Porto, EPE;41.1472498, -8.6172617;15553;103342;15.0
2022-08;Região de Saúde do Centro;Centro Hospitalar Cova da Beira, EPE;40.2804158, -7.4922407;6411;32166;19.9
2022-08;Região de Saúde do Centro;Centro Hospitalar do Baixo Vouga, EPE;40.6362453, -8.6543716;6279;44704;14.0
2022-08;Região de Saúde do Centro;Centro Hospitalar Tondela-Viseu, EPE;40.516364, -8.0827433;10430;63789;16.4
2022-08;Região de Saúde do Centro;Centro Medicina de Reabilitação da Região Centro Rovisco Pais;40.297919, -8.7707806;310;4131;7.5
2022-08;Região de Saúde do Centro;Hospital Dr. Francisco Zagalo;40.8571967, -8.6318023;377;3967;9.5
2022-08;Região de Saúde LVT;Centro Hospitalar do Oeste, EPE;39.4054629, -9.1258493;6923;39959;17.3
2022-08;Região de Saúde LVT;Instituto Português Oncologia de Lisboa, EPE;38.7396768, -9.1634516;6717;42594;15.8
2022-08;Região de Saúde Norte;Centro Hospitalar do Médio Ave, EPE;41.3423984, -8.4802503;4612;26404;17.5
2022-08;Região de Saúde Norte;Centro Hospitalar Trás-os-Montes e Alto Douro, EPE;41.3031784, -7.7515252;10955;65520;16.7
2022-08;Região de Saúde Norte;Hospital Santa Maria Maior, EPE;41.5324234, -8.6171561;1311;12582;10.4
2022-08;Região de Saúde Norte;Unidade Local de Saúde de Matosinhos, EPE;41.1794456, -8.6745115;9339;64218;14.5
2022-08;Região de Saúde Norte;Unidade Local de Saúde do Alto Minho, EPE;41.7056054, -8.8252713;12076;74005;16.3
2022-09;Região de Saúde do Alentejo;Unidade Local de Saúde do Baixo Alentejo, EPE;38.014123, -7.8721227;7881;44549;17.7
2022-09;Região de Saúde do Alentejo;Unidade Local de Saúde do Norte Alentejano, EPE;39.3003425, -7.4263845;7481;41156;18.2
2022-09;Região de Saúde do Centro;Centro Hospitalar Cova da Beira, EPE;40.2804158, -7.4922407;7472;36441;20.5
2022-09;Região de Saúde do Centro;Centro Medicina de Reabilitação da Região Centro Rovisco Pais;40.297919, -8.7707806;344;4679;7.4
2022-09;Região de Saúde do Centro;Hospital Dr. Francisco Zagalo;40.8571967, -8.6318023;408;4479;9.1
2022-09;Região de Saúde do Centro;Unidade Local de Saúde da Guarda, EPE;40.5309916, -7.2734793;9914;58375;17.0
2022-09;Região de Saúde LVT;Hospital de Loures, EPE;38.821455, -9.176296;3203;45351;7.1
2022-09;Região de Saúde LVT;Hospital Distrital de Santarém, EPE;39.2410946, -8.6937515;7733;40385;19.1
2022-09;Região de Saúde Norte;Centro Hospitalar Póvoa de Varzim/Vila do Conde, EPE;41.3828711, -8.7589945;4343;23001;18.9
2022-09;Região de Saúde Norte;Hospital da Senhora da Oliveira, Guimarães, EPE;41.4387173, -8.3086907;10322;55918;18.5
2022-09;Região de Saúde Norte;Hospital de Braga, EPE;41.56785, -8.398982;18583;90785;20.5
2022-10;Região de Saúde do Centro;Instituto Português Oncologia de Coimbra, EPE;40.2162514, -8.4103814;3982;28884;13.8
2022-10;Região de Saúde LVT;Centro Hospitalar de Lisboa Central, EPE;38.7166948, -9.1371248;32737;224910;14.6
2022-10;Região de Saúde LVT;Centro Hospitalar de Setúbal, EPE;38.5283754, -8.8818638;13025;64341;20.2
2022-10;Região de Saúde LVT;Centro Hospitalar do Oeste, EPE;39.4054629, -9.1258493;8779;50672;17.3
2022-10;Região de Saúde LVT;Instituto Gama Pinto;38.7218793, -9.144249;588;3672;16.0
2022-10;Região de Saúde LVT;Instituto Português Oncologia de Lisboa, EPE;38.7396768, -9.1634516;8780;54964;16.0
2022-10;Região de Saúde Norte;Centro Hospitalar Entre Douro e Vouga, EPE;40.9293884, -8.5458794;12511;66535;18.8
2022-10;Região de Saúde Norte;Centro Hospitalar Trás-os-Montes e Alto Douro, EPE;41.3031784, -7.7515252;13650;80527;17.0
2022-10;Região de Saúde Norte;Centro Hospitalar Vila Nova de Gaia/Espinho, EPE;41.1094138, -8.5972617;18360;120074;15.3
2022-10;Região de Saúde Norte;Hospital da Senhora da Oliveira, Guimarães, EPE;41.4387173, -8.3086907;11521;62415;18.5
2022-10;Região de Saúde Norte;Unidade Local de Saúde do Alto Minho, EPE;41.7056054, -8.8252713;15581;92968;16.8
2022-11;Região de Saúde do Alentejo;Unidade Local de Saúde do Norte Alentejano, EPE;39.3003425, -7.4263845;9227;53934;17.1
2022-11;Região de Saúde do Centro;Centro Hospitalar Cova da Beira, EPE;40.2804158, -7.4922407;9445;44712;21.1
2022-11;Região de Saúde do Centro;Centro Hospitalar Tondela-Viseu, EPE;40.516364, -8.0827433;15459;89731;17.2
2022-11;Região de Saúde do Centro;Hospital Arcebispo João Crisóstomo;40.3470015, -8.5933462;141;3160;4.5
2022-11;Região de Saúde do Centro;Unidade Local de Saúde da Guarda, EPE;40.5309916, -7.2734793;12460;72805;17.1
2022-11;Região de Saúde LVT;Centro Hospitalar Barreiro/Montijo, EPE;38.6554005, -9.0592392;8752;57113;15.3
2022-11;Região de Saúde LVT;Centro Hospitalar de Lisboa Central, EPE;38.7166948, -9.1371248;36702;251856;14.6
2022-11;Região de Saúde LVT;Hospital de Vila Franca de Xira, EPE;38.977235, -8.984506;8071;47377;17.0
2022-11;Região de Saúde Norte;Centro Hospitalar Trás-os-Montes e Alto Douro, EPE;41.3031784, -7.7515252;15663;95819;16.3
2022-11;Região de Saúde Norte;Hospital Santa Maria Maior, EPE;41.5324234, -8.6171561;1915;18799;10.2
2022-11;Região de Saúde Norte;Unidade Local de Saúde de Matosinhos, EPE;41.1794456, -8.6745115;13450;91008;14.8
2022-12;Região de Saúde do Centro;Centro Hospitalar e Universitário de Coimbra, EPE;40.2191523, -8.4098211;60396;320231;18.9
2022-12;Região de Saúde LVT;Centro Hospitalar de Lisboa Central, EPE;38.7166948, -9.1371248;42040;281592;14.9
2022-12;Região de Saúde LVT;Instituto Português Oncologia de Lisboa, EPE;38.7396768, -9.1634516;11512;68709;16.8
2022-12;Região de Saúde Norte;Centro Hospitalar do Médio Ave, EPE;41.3423984, -8.4802503;7997;44607;17.9
2022-12;Região de Saúde Norte;Centro Hospitalar Tâmega e Sousa, EPE;41.2494561, -8.264901;20260;99481;20.4
2022-12;Região de Saúde Norte;Hospital de Braga, EPE;41.56785, -8.398982;26106;125402;20.8
2022-12;Região de Saúde Norte;Hospital Santa Maria Maior, EPE;41.5324234, -8.6171561;2296;21134;10.9
2022-12;Região de Saúde Norte;Instituto Português Oncologia do Porto, EPE;41.1785642, -8.6062881;11912;80622;14.8
2022-12;Região de Saúde Norte;Unidade Local de Saúde de Matosinhos, EPE;41.1794456, -8.6745115;15060;101166;14.9
2022-12;Região de Saúde Norte;Unidade Local de Saúde do Alto Minho, EPE;41.7056054, -8.8252713;20273;115800;17.5
2023-01;Região de Saúde do Alentejo;Hospital Espírito Santo de Évora, EPE;38.5684861, -7.9032848;1250;6184;20.2
2023-01;Região de Saúde do Centro;Centro Hospitalar e Universitário de Coimbra, EPE;40.2191523, -8.4098211;5103;27451;18.6
2023-01;Região de Saúde do Centro;Hospital Arcebispo João Crisóstomo;40.3470015, -8.5933462;11;295;4.0
2023-01;Região de Saúde do Centro;Hospital Distrital da Figueira da Foz, EPE;40.117897, -8.8586755;535;2642;20.3
2023-01;Região de Saúde Norte;Centro Hospitalar do Médio Ave, EPE;41.3423984, -8.4802503;736;3900;18.9
2023-01;Região de Saúde Norte;Hospital Santa Maria Maior, EPE;41.5324234, -8.6171561;228;1867;12.3
2023-02;Região de Saúde do Alentejo;Unidade Local de Saúde do Litoral Alentejano, EPE;38.0162314, -8.6956768;1376;6742;20.4
2023-02;Região de Saúde LVT;Centro Hospitalar de Lisboa Central, EPE;38.7166948, -9.1371248;8530;52887;16.1
2023-02;Região de Saúde LVT;Centro Hospitalar Médio Tejo, EPE;39.478072, -8.5404429;2475;13721;18.0
2023-02;Região de Saúde LVT;Hospital Garcia de Orta, EPE;38.6658713, -9.1822554;3236;18870;17.2
2023-02;Região de Saúde Norte;Instituto Português Oncologia do Porto, EPE;41.1785642, -8.6062881;1782;15154;11.8
2023-02;Região de Saúde Norte;Unidade Local de Saúde do Alto Minho, EPE;41.7056054, -8.8252713;3530;20077;17.6
2023-03;Região de Saúde do Centro;Hospital Distrital da Figueira da Foz, EPE;40.117897, -8.8586755;938;7170;13.1
2023-03;Região de Saúde do Centro;Unidade Local de Saúde da Guarda, EPE;40.5309916, -7.2734793;3751;22029;17.0
2023-03;Região de Saúde LVT;Centro Hospitalar Barreiro/Montijo, EPE;38.6554005, -9.0592392;3104;18461;16.8
2023-03;Região de Saúde LVT;Centro Hospitalar de Lisboa Ocidental, EPE;38.708454, -9.216985;6937;41544;16.7
2023-03;Região de Saúde LVT;Centro Hospitalar do Oeste, EPE;39.4054629, -9.1258493;3081;16728;18.4
2023-03;Região de Saúde LVT;Centro Hospitalar Médio Tejo, EPE;39.478072, -8.5404429;3565;20350;17.5
2023-03;Região de Saúde LVT;Hospital de Loures, EPE;38.821455, -9.176296;2547;15930;16.0
2023-03;Região de Saúde LVT;Hospital Distrital de Santarém, EPE;39.2410946, -8.6937515;2809;14976;18.8
2023-03;Região de Saúde Norte;Centro Hospitalar Tâmega e Sousa, EPE;41.2494561, -8.264901;6019;27495;21.9
2023-03;Região de Saúde Norte;Hospital Santa Maria Maior, EPE;41.5324234, -8.6171561;642;5574;11.5
2023-04;Região de Saúde do Centro;Hospital Arcebispo João Crisóstomo;40.3470015, -8.5933462;52;1294;4.0
2023-04;Região de Saúde do Centro;Unidade Local de Saúde de Castelo Branco, EPE;39.8212263, -7.4981271;3313;18410;18.0
2023-04;Região de Saúde LVT;Centro Hospitalar de Setúbal, EPE;38.5283754, -8.8818638;6276;30472;20.6
2023-04;Região de Saúde LVT;Centro Hospitalar Médio Tejo, EPE;39.478072, -8.5404429;4911;27198;18.1
2023-04;Região de Saúde Norte;Centro Hospitalar Tâmega e Sousa, EPE;41.2494561, -8.264901;7769;36198;21.5
2023-04;Região de Saúde Norte;Hospital da Senhora da Oliveira, Guimarães, EPE;41.4387173, -8.3086907;5934;28468;20.8
2023-04;Região de Saúde Norte;Instituto Português Oncologia do Porto, EPE;41.1785642, -8.6062881;3567;29939;11.9
2023-04;Região de Saúde Norte;Unidade Local de Saúde de Matosinhos, EPE;41.1794456, -8.6745115;5605;38253;14.7
2023-05;Região de Saúde do Alentejo;Unidade Local de Saúde do Litoral Alentejano, EPE;38.0162314, -8.6956768;3285;16778;19.6
2023-05;Região de Saúde do Centro;Centro Hospitalar Cova da Beira, EPE;40.2804158, -7.4922407;4967;22376;22.2
2023-05;Região de Saúde do Centro;Unidade Local de Saúde de Castelo Branco, EPE;39.8212263, -7.4981271;4130;23286;17.7
2023-05;Região de Saúde LVT;Centro Hospitalar Barreiro/Montijo, EPE;38.6554005, -9.0592392;4825;30461;15.8
2023-05;Região de Saúde LVT;Centro Hospitalar de Lisboa Ocidental, EPE;38.708454, -9.216985;11643;69514;16.8
2023-05;Região de Saúde LVT;Centro Hospitalar Psiquiátrico de Lisboa;38.7569771, -9.1460705;428;7718;5.5
2023-05;Região de Saúde LVT;Instituto Português Oncologia de Lisboa, EPE;38.7396768, -9.1634516;5305;33733;15.7
2023-05;Região de Saúde Norte;Centro Hospitalar Vila Nova de Gaia/Espinho, EPE;41.1094138, -8.5972617;11317;67935;16.7
2023-05;Região de Saúde Norte;Hospital de Braga, EPE;41.56785, -8.398982;13074;62212;21.0
2023-06;Região de Saúde do Algarve;Centro Hospitalar Universitário do Algarve,EPE;37.0238973, -7.9281554;15584;77636;20.1
2023-06;Região de Saúde do Centro;Centro Medicina de Reabilitação da Região Centro Rovisco Pais;40.297919, -8.7707806;336;3323;10.1
2023-06;Região de Saúde do Centro;Hospital Distrital da Figueira da Foz, EPE;40.117897, -8.8586755;2075;13381;15.5
2023-06;Região de Saúde do Centro;Unidade Local de Saúde da Guarda, EPE;40.5309916, -7.2734793;7461;40805;18.3
2023-06;Região de Saúde do Centro;Unidade Local de Saúde de Castelo Branco, EPE;39.8212263, -7.4981271;5019;28377;17.7
2023-06;Região de Saúde LVT;Centro Hospitalar Lisboa Norte, EPE;38.7500861, -9.1616116;28488;133745;21.3
2023-06;Região de Saúde LVT;Hospital Garcia de Orta, EPE;38.6658713, -9.1822554;10504;59439;17.7
2023-06;Região de Saúde Norte;Centro Hospitalar Tâmega e Sousa, EPE;41.2494561, -8.264901;11906;50788;23.4
2023-06;Região de Saúde Norte;Hospital da Senhora da Oliveira, Guimarães, EPE;41.4387173, -8.3086907;8402;42821;19.6
2023-06;Região de Saúde Norte;Hospital de Braga, EPE;41.56785, -8.398982;15978;67817;23.6
2023-06;Região de Saúde Norte;Instituto Português Oncologia do Porto, EPE;41.1785642, -8.6062881;5515;45520;12.1
2023-06;Região de Saúde Norte;Unidade Local de Saúde do Nordeste, EPE;41.8056532, -6.7888197;8907;38663;23.0
2023-07;Região de Saúde do Alentejo;Hospital Espírito Santo de Évora, EPE;38.5684861, -7.9032848;8461;38612;21.9
2023-07;Região de Saúde do Centro;Unidade Local de Saúde da Guarda, EPE;40.5309916, -7.2734793;8619;48059;17.9
2023-07;Região de Saúde do Centro;Unidade Local de Saúde de Castelo Branco, EPE;39.8212263, -7.4981271;5898;33018;17.9
2023-07;Região de Saúde LVT;Centro Hospitalar de Lisboa Central, EPE;38.7166948, -9.1371248;27501;169427;16.2
2023-07;Região de Saúde LVT;Centro Hospitalar de Lisboa Ocidental, EPE;38.708454, -9.216985;17058;88511;19.3
2023-07;Região de Saúde Norte;Centro Hospitalar Entre Douro e Vouga, EPE;40.9293884, -8.5458794;10432;54039;19.3
2023-07;Região de Saúde Norte;Centro Hospitalar Póvoa de Varzim/Vila do Conde, EPE;41.3828711, -8.7589945;4190;19806;21.2
2023-07;Região de Saúde Norte;Hospital da Senhora da Oliveira, Guimarães, EPE;41.4387173, -8.3086907;9827;50091;19.6
2023-07;Região de Saúde Norte;Unidade Local de Saúde do Nordeste, EPE;41.8056532, -6.7888197;10356;45537;22.7
2023-08;Região de Saúde do Alentejo;Unidade Local de Saúde do Litoral Alentejano, EPE;38.0162314, -8.6956768;5492;24921;22.0
2023-08;Região de Saúde LVT;Centro Hospitalar Barreiro/Montijo, EPE;38.6554005, -9.0592392;7820;45313;17.3
2023-08;Região de Saúde LVT;Centro Hospitalar de Lisboa Central, EPE;38.7166948, -9.1371248;31343;195236;16.1
2023-08;Região de Saúde LVT;Hospital de Vila Franca de Xira, EPE;38.977235, -8.984506;7275;35891;20.3
2023-08;Região de Saúde Norte;Centro Hospitalar do Médio Ave, EPE;41.3423984, -8.4802503;5682;29570;19.2
2023-08;Região de Saúde Norte;Centro Hospitalar Póvoa de Varzim/Vila do Conde, EPE;41.3828711, -8.7589945;4837;22937;21.1
2023-08;Região de Saúde Norte;Centro Hospitalar Vila Nova de Gaia/Espinho, EPE;41.1094138, -8.5972617;17788;108087;16.5
2023-08;Região de Saúde Norte;Hospital de Braga, EPE;41.56785, -8.398982;21564;93352;23.1
2023-09;Região de Saúde do Centro;Centro Hospitalar e Universitário de Coimbra, EPE;40.2191523, -8.4098211;48966;245405;20.0
2023-09;Região de Saúde do Centro;Centro Hospitalar Tondela-Viseu, EPE;40.516364, -8.0827433;15555;81850;19.0
2023-09;Região de Saúde do Centro;Hospital Dr. Francisco Zagalo;40.8571967, -8.6318023;445;4758;9.4
2023-09;Região de Saúde do Centro;Instituto Português Oncologia de Coimbra, EPE;40.2162514, -8.4103814;5063;29630;17.1
2023-09;Região de Saúde LVT;Centro Hospitalar Barreiro/Montijo, EPE;38.6554005, -9.0592392;8844;51291;17.2
2023-09;Região de Saúde LVT;Hospital Distrital de Santarém, EPE;39.2410946, -8.6937515;8975;43609;20.6
2023-09;Região de Saúde Norte;Centro Hospitalar de São João, EPE;41.1831056, -8.6010558;30988;195297;15.9
2023-09;Região de Saúde Norte;Centro Hospitalar Universitário de Santo António, EPE;41.1472498, -8.6172617;24589;157290;15.6
2023-09;Região de Saúde Norte;Hospital da Senhora da Oliveira, Guimarães, EPE;41.4387173, -8.3086907;12972;64598;20.1
2023-10;Região de Saúde do Alentejo;Hospital Espírito Santo de Évora, EPE;38.5684861, -7.9032848;12307;56866;21.6
2023-10;Região de Saúde do Alentejo;Unidade Local de Saúde do Baixo Alentejo, EPE;38.014123, -7.8721227;10215;54379;18.8
2023-10;Região de Saúde do Alentejo;Unidade Local de Saúde do Norte Alentejano, EPE;39.3003425, -7.4263845;9529;49978;19.1
2023-10;Região de Saúde do Centro;Centro Hospitalar Tondela-Viseu, EPE;40.516364, -8.0827433;17424;92202;18.9
2023-10;Região de Saúde do Centro;Instituto Português Oncologia de Coimbra, EPE;40.2162514, -8.4103814;5593;33156;16.9
2023-10;Região de Saúde LVT;Centro Hospitalar do Oeste, EPE;39.4054629, -9.1258493;10366;52594;19.7
2023-10;Região de Saúde LVT;Hospital de Vila Franca de Xira, EPE;38.977235, -8.984506;9238;45598;20.3
2023-10;Região de Saúde Norte;Centro Hospitalar Vila Nova de Gaia/Espinho, EPE;41.1094138, -8.5972617;22619;135585;16.7
2023-10;Região de Saúde Norte;Hospital de Braga, EPE;41.56785, -8.398982;27422;119195;23.0
2023-11;Região de Saúde do Centro;Centro Hospitalar Cova da Beira, EPE;40.2804158, -7.4922407;10913;48879;22.3
2023-11;Região de Saúde do Centro;Centro Hospitalar do Baixo Vouga, EPE;40.6362453, -8.6543716;10837;72611;14.9
2023-11;Região de Saúde do Centro;Instituto Português Oncologia de Coimbra, EPE;40.2162514, -8.4103814;6117;36804;16.6
2023-11;Região de Saúde do Centro;Unidade Local de Saúde de Castelo Branco, EPE;39.8212263, -7.4981271;9494;51941;18.3
2023-11;Região de Saúde LVT;Centro Hospitalar de Lisboa Central, EPE;38.7166948, -9.1371248;44185;279451;15.8
2023-11;Região de Saúde LVT;Centro Hospitalar do Oeste, EPE;39.4054629, -9.1258493;11444;61520;18.6
2023-11;Região de Saúde LVT;Hospital de Loures, EPE;38.821455, -9.176296;10438;66999;15.6
2023-11;Região de Saúde Norte;Centro Hospitalar Póvoa de Varzim/Vila do Conde, EPE;41.3828711, -8.7589945;6871;32430;21.2
2023-11;Região de Saúde Norte;Hospital Santa Maria Maior, EPE;41.5324234, -8.6171561;2460;20889;11.8
2023-12;Região de Saúde do Alentejo;Unidade Local de Saúde do Baixo Alentejo, EPE;38.014123, -7.8721227;11983;64893;18.5
2023-12;Região de Saúde LVT;Centro Hospitalar de Lisboa Central, EPE;38.7166948, -9.1371248;48386;305688;15.8
2023-12;Região de Saúde LVT;Centro Hospitalar do Oeste, EPE;39.4054629, -9.1258493;12511;67395;18.6
2023-12;Região de Saúde LVT;Hospital Distrital de Santarém, EPE;39.2410946, -8.6937515;12043;62612;19.2
2024-01;Região de Saúde do Centro;Instituto Português Oncologia  F. Gentil - Centro, E.P.E.;40.217, -8.40991;538;3724;14.4
2024-01;Região de Saúde LVT;Instituto Português Oncologia  F. Gentil - Lisboa, E.P.E.;38.739946, -9.161139;1075;7317;14.7
2024-01;Região de Saúde LVT;Unidade Local de Saúde da Arrábida, EPE;38.529351, -8.881073;1802;10289;17.5
2024-01;Região de Saúde Norte;Unidade Local de Saúde de Barcelos/Esposende, EPE;41.533438, -8.616604;613;3740;16.4
2024-01;Região de Saúde LVT;Unidade Local de Saúde de Lisboa Ocidental, EPE;38.7084, -9.21711;3155;19159;16.5
2024-01;Região de Saúde Norte;Unidade Local de Saúde de Matosinhos, EPE;41.181859, -8.663374;1593;10732;14.8
2024-01;Região de Saúde LVT;Unidade Local de Saúde de Santa Maria, EPE;38.7500648498535, -9.0;5387;26060;20.7
2024-01;Região de Saúde do Algarve;Unidade Local de Saúde do Algarve, EPE;37.024668, -7.928949;2260;19664;11.5
2024-01;Região de Saúde LVT;Unidade Local de Saúde do Arco Ribeirinho, EPE;38.6527214050293, -9.0;1112;8095;13.7
2024-01;Região de Saúde do Centro;Unidade Local de Saúde do Baixo Mondego, EPE;40.130297609, -8.8606;677;3983;17.0
2025-01;Região de Saúde LVT;Instituto Português Oncologia  F. Gentil - Lisboa, E.P.E.;38.739946, -9.161139;1356;8339;16.3
2025-01;Região de Saúde Norte;Instituto Português Oncologia  F. Gentil - Porto, E.P.E.;41.1811, -8.60469;1314;8295;15.8
2025-01;Região de Saúde do Centro;Unidade Local de Saúde da Cova da Beira, EPE;40.2776794433594, -7.0;1159;6262;18.5
2025-01;Região de Saúde Norte;Unidade Local de Saúde de Trás-os-Montes e Alto Douro, EPE;41.310331, -7.760103;3359;17474;19.2
2025-01;Região de Saúde do Centro;Unidade Local de Saúde do Baixo Mondego, EPE;40.130297609, -8.8606;578;4401;13.1
2025-01;Região de Saúde Norte;Unidade Local de Saúde do Tâmega e Sousa, EPE;41.1971153671548, -8.0;3862;18293;21.1
2024-02;Região de Saúde do Centro;Instituto Português Oncologia  F. Gentil - Centro, E.P.E.;40.217, -8.40991;1160;7625;15.2
2024-02;Região de Saúde Norte;Instituto Português Oncologia  F. Gentil - Porto, E.P.E.;41.1811, -8.60469;2075;16632;12.5
2024-02;Região de Saúde do Centro;Unidade Local de Saúde da Cova da Beira, EPE;40.2776794433594, -7.0;2148;11082;19.4
2024-02;Região de Saúde do Centro;Unidade Local de Saúde da Região de Aveiro, EPE;40.636332, -8.654388;3162;24066;13.1
2024-02;Região de Saúde Norte;Unidade Local de Saúde de Entre Douro e Vouga, EPE;40.9295, -8.54567;4159;21951;18.9
2024-02;Região de Saúde LVT;Unidade Local de Saúde de Lisboa Ocidental, EPE;38.7084, -9.21711;6077;37776;16.1
2024-02;Região de Saúde Norte;Unidade Local de Saúde de São João, EPE;41.1833, -8.60193;8690;54322;16.0
2024-02;Região de Saúde Norte;Unidade Local de Saúde de Vila Nova de Gaia/Espinho, EPE;41.1254463195801, -8.0;5418;35993;15.1
2024-02;Região de Saúde Norte;Unidade Local de Saúde do Alto Ave, EPE;41.488574, -8.338685;4307;22180;19.4
2024-02;Região de Saúde LVT;Unidade Local de Saúde do Oeste, EPE;39.4055519104004, -9.0;2677;15208;17.6
2024-02;Região de Saúde Norte;Unidade Local de Saúde do Tâmega e Sousa, EPE;41.1971153671548, -8.0;5570;30024;18.6
2025-02;Região de Saúde LVT;Instituto Português Oncologia  F. Gentil - Lisboa, E.P.E.;38.739946, -9.161139;2565;16488;15.6
2025-02;Região de Saúde Norte;Instituto Português Oncologia  F. Gentil - Porto, E.P.E.;41.1811, -8.60469;2341;19951;11.7
2025-02;Região de Saúde do Centro;Unidade Local de Saúde Castelo Branco, EPE;39.822737, -7.499876;2342;11498;20.4
2025-02;Região de Saúde Norte;Unidade Local de Saúde de Matosinhos, EPE;41.181859, -8.663374;4036;25443;15.9
2025-02;Região de Saúde LVT;Unidade Local de Saúde de Santa Maria, EPE;38.7500648498535, -9.0;12582;60516;20.8
2025-02;Região de Saúde Norte;Unidade Local de Saúde de Santo António, EPE;41.147283, -8.619536;10231;55454;18.5
2025-02;Região de Saúde Norte;Unidade Local de Saúde do Alto Ave, EPE;41.488574, -8.338685;5252;23936;21.9
2025-02;Região de Saúde Norte;Unidade Local de Saúde do Alto Minho, EPE;41.697519, -8.832517;2167;20468;10.6
2025-02;Região de Saúde do Alentejo;Unidade Local de Saúde do Baixo Alentejo, EPE;38.0146, -7.86863;2600;14649;17.7
2025-02;Região de Saúde do Alentejo;Unidade Local de Saúde do Litoral Alentejano, EPE;38.039936, -8.731693;2002;9371;21.4
2024-03;Região de Saúde Norte;Unidade Local de Saúde da Póvoa de Varzim/Vila do Conde, EPE;41.383183, -8.758784;3126;15614;20.0
2024-03;Região de Saúde Norte;Unidade Local de Saúde de Braga, EPE;41.562328338623, -8.3;7752;49010;15.8
2024-03;Região de Saúde Norte;Unidade Local de Saúde de Santo António, EPE;41.147283, -8.619536;10674;70058;15.2
2024-03;Região de Saúde Norte;Unidade Local de Saúde do Alto Ave, EPE;41.488574, -8.338685;6505;33305;19.5
2024-03;Região de Saúde LVT;Unidade Local de Saúde do Oeste, EPE;39.4055519104004, -9.0;3865;23341;16.6
2025-03;Região de Saúde LVT;Unidade Local de Saúde da Lezíria, EPE;39.232503, -8.715083;5502;28060;19.6
2025-03;Região de Saúde LVT;Unidade Local de Saúde de Almada-Seixal, EPE;38.67381, -9.17597;8310;45428;18.3
2025-03;Região de Saúde Norte;Unidade Local de Saúde de Braga, EPE;41.562328338623, -8.3;12289;58068;21.2
2025-03;Região de Saúde Norte;Unidade Local de Saúde de Entre Douro e Vouga, EPE;40.9295, -8.54567;8951;43782;20.4
2025-03;Região de Saúde LVT;Unidade Local de Saúde de Santa Maria, EPE;38.7500648498535, -9.0;17564;88940;19.7
2025-03;Região de Saúde LVT;Unidade Local de Saúde de São José, EPE;38.7169, -9.13654;15204;111382;13.7
2025-03;Região de Saúde Norte;Unidade Local de Saúde de Trás-os-Montes e Alto Douro, EPE;41.310331, -7.760103;7407;48633;15.2
2025-03;Região de Saúde Norte;Unidade Local de Saúde de Vila Nova de Gaia/Espinho, EPE;41.1254463195801, -8.0;11533;66745;17.3
2025-03;Região de Saúde do Alentejo;Unidade Local de Saúde do Alto Alentejo, EPE;39.2999, -7.4267;3741;19775;18.9
2025-03;Região de Saúde Norte;Unidade Local de Saúde do Nordeste, EPE;41.802452, -6.768198;5660;25952;21.8
2025-03;Região de Saúde Norte;Unidade Local de Saúde do Tâmega e Sousa, EPE;41.1971153671548, -8.0;10560;53162;19.9
2024-04;Região de Saúde do Centro;Unidade Local de Saúde Castelo Branco, EPE;39.822737, -7.499876;3046;18993;16.0
2024-04;Região de Saúde do Centro;Unidade Local de Saúde da Guarda, EPE;40.5309943471486, -7.0;4648;30590;15.2
2024-04;Região de Saúde LVT;Unidade Local de Saúde de Almada-Seixal, EPE;38.67381, -9.17597;9267;56114;16.5
2024-04;Região de Saúde Norte;Unidade Local de Saúde de Entre Douro e Vouga, EPE;40.9295, -8.54567;8191;44781;18.3
2024-04;Região de Saúde LVT;Unidade Local de Saúde de São José, EPE;38.7169, -9.13654;21558;139307;15.5
2024-04;Região de Saúde LVT;Unidade Local de Saúde do Médio Tejo, EPE;39.605565, -8.404399;4992;34562;14.4
2025-04;Região de Saúde do Centro;Unidade Local de Saúde de Coimbra, EPE;40.217426, -8.410075;34156;176319;19.4
2025-04;Região de Saúde do Centro;Unidade Local de Saúde de Dão-Lafões, EPE;40.6509, -7.91039;12783;63864;20.0
2025-04;Região de Saúde LVT;Unidade Local de Saúde de Lisboa Ocidental, EPE;38.7084, -9.21711;12069;78925;15.3
2025-04;Região de Saúde LVT;Unidade Local de Saúde de Loures-Odivelas, EPE;38.821769, -9.176301;7479;36984;20.2
2025-04;Região de Saúde LVT;Unidade Local de Saúde de Santa Maria, EPE;38.7500648498535, -9.0;23832;119789;19.9
2025-04;Região de Saúde Norte;Unidade Local de Saúde de Santo António, EPE;41.147283, -8.619536;19058;108600;17.5
2025-04;Região de Saúde Norte;Unidade Local de Saúde de Vila Nova de Gaia/Espinho, EPE;41.1254463195801, -8.0;14461;87582;16.5
2025-04;Região de Saúde do Alentejo;Unidade Local de Saúde do Alto Alentejo, EPE;39.2999, -7.4267;4831;25975;18.6
2025-04;Região de Saúde Norte;Unidade Local de Saúde do Alto Minho, EPE;41.697519, -8.832517;9846;48897;20.1
2025-04;Região de Saúde do Centro;Unidade Local de Saúde do Baixo Mondego, EPE;40.130297609, -8.8606;2570;17699;14.5
2025-04;Região de Saúde do Alentejo;Unidade Local de Saúde do Litoral Alentejano, EPE;38.039936, -8.731693;3155;16165;19.5
2024-05;Região de Saúde do Centro;Unidade Local de Saúde de Dão-Lafões, EPE;40.6509, -7.91039;11633;65120;17.9
2024-05;Região de Saúde LVT;Unidade Local de Saúde de Loures-Odivelas, EPE;38.821769, -9.176301;7272;38748;18.8
2024-05;Região de Saúde Norte;Unidade Local de Saúde de Matosinhos, EPE;41.181859, -8.663374;8635;56245;15.4
2024-05;Região de Saúde do Alentejo;Unidade Local de Saúde do Alto Alentejo, EPE;39.2999, -7.4267;5222;29510;17.7
2025-05;Região de Saúde LVT;Instituto Português Oncologia  F. Gentil - Lisboa, E.P.E.;38.739946, -9.161139;6023;40464;14.9
2025-05;Região de Saúde Norte;Instituto Português Oncologia  F. Gentil - Porto, E.P.E.;41.1811, -8.60469;5514;47041;11.7
2025-05;Região de Saúde do Centro;Unidade Local de Saúde da Cova da Beira, EPE;40.2776794433594, -7.0;5813;31068;18.7
2025-05;Região de Saúde do Centro;Unidade Local de Saúde da Guarda, EPE;40.5309943471486, -7.0;6792;41902;16.2
2025-05;Região de Saúde do Centro;Unidade Local de Saúde da Região de Leiria, EPE;39.7418, -8.79444;10078;62915;16.0
2024-06;Região de Saúde Norte;Instituto Português Oncologia  F. Gentil - Porto, E.P.E.;41.1811, -8.60469;4872;49014;9.9
2024-06;Região de Saúde LVT;Unidade Local de Saúde da Arrábida, EPE;38.529351, -8.881073;11546;58300;19.8
2024-06;Região de Saúde do Centro;Unidade Local de Saúde da Região de Leiria, EPE;39.7418, -8.79444;10344;64128;16.1
2024-06;Região de Saúde LVT;Unidade Local de Saúde de Santa Maria, EPE;38.7500648498535, -9.0;30661;159556;19.2
2024-06;Região de Saúde Norte;Unidade Local de Saúde de Vila Nova de Gaia/Espinho, EPE;41.1254463195801, -8.0;18645;115768;16.1
2024-06;Região de Saúde do Alentejo;Unidade Local de Saúde do Baixo Alentejo, EPE;38.0146, -7.86863;6120;33203;18.4
2024-06;Região de Saúde do Centro;Unidade Local de Saúde do Baixo Mondego, EPE;40.130297609, -8.8606;3208;20767;15.4
2024-06;Região de Saúde LVT;Unidade Local de Saúde do Oeste, EPE;39.4055519104004, -9.0;8441;43969;19.2
2025-06;Região de Saúde LVT;Unidade Local de Saúde da Arrábida, EPE;38.529351, -8.881073;12979;64433;20.1
2025-06;Região de Saúde LVT;Unidade Local de Saúde de Amadora/Sintra, EPE;38.7436332060551, -9.0;20274;115011;17.6
2025-06;Região de Saúde do Centro;Unidade Local de Saúde de Dão-Lafões, EPE;40.6509, -7.91039;18774;94883;19.8
2025-06;Região de Saúde Norte;Unidade Local de Saúde de Entre Douro e Vouga, EPE;40.9295, -8.54567;18133;88123;20.6
2025-06;Região de Saúde Norte;Unidade Local de Saúde de Santo António, EPE;41.147283, -8.619536;28088;165064;17.0
2025-06;Região de Saúde Norte;Unidade Local de Saúde de São João, EPE;41.1833, -8.60193;32850;197014;16.7
2025-06;Região de Saúde do Algarve;Unidade Local de Saúde do Algarve, EPE;37.024668, -7.928949;25580;128086;20.0
2025-06;Região de Saúde do Alentejo;Unidade Local de Saúde do Alto Alentejo, EPE;39.2999, -7.4267;7556;35716;21.2
2025-06;Região de Saúde Norte;Unidade Local de Saúde do Alto Minho, EPE;41.697519, -8.832517;13623;73413;18.6
2025-06;Região de Saúde LVT;Unidade Local de Saúde do Oeste, EPE;39.4055519104004, -9.0;10252;48722;21.0
2024-07;Região de Saúde Norte;Instituto Português Oncologia  F. Gentil - Porto, E.P.E.;41.1811, -8.60469;6103;58087;10.5
2024-07;Região de Saúde do Centro;Unidade Local de Saúde Castelo Branco, EPE;39.822737, -7.499876;6118;34798;17.6
2024-07;Região de Saúde LVT;Unidade Local de Saúde da Lezíria, EPE;39.232503, -8.715083;10748;50759;21.2
2024-07;Região de Saúde LVT;Unidade Local de Saúde de Almada-Seixal, EPE;38.67381, -9.17597;18804;101206;18.6
2024-07;Região de Saúde do Centro;Unidade Local de Saúde de Coimbra, EPE;40.217426, -8.410075;45139;244799;18.4
2024-07;Região de Saúde Norte;Unidade Local de Saúde de Entre Douro e Vouga, EPE;40.9295, -8.54567;15970;80996;19.7
2024-07;Região de Saúde LVT;Unidade Local de Saúde de Santa Maria, EPE;38.7500648498535, -9.0;37993;188945;20.1
2024-07;Região de Saúde Norte;Unidade Local de Saúde de Santo António, EPE;41.147283, -8.619536;26980;168144;16.0
2024-07;Região de Saúde Norte;Unidade Local de Saúde de São João, EPE;41.1833, -8.60193;32469;201294;16.1
2024-07;Região de Saúde Norte;Unidade Local de Saúde de Vila Nova de Gaia/Espinho, EPE;41.1254463195801, -8.0;24161;138154;17.5
2024-07;Região de Saúde LVT;Unidade Local de Saúde do Arco Ribeirinho, EPE;38.6527214050293, -9.0;8352;52698;15.8
2024-07;Região de Saúde Norte;Unidade Local de Saúde do Tâmega e Sousa, EPE;41.1971153671548, -8.0;21533;106548;20.2
2025-07;Região de Saúde LVT;Instituto Português Oncologia  F. Gentil - Lisboa, E.P.E.;38.739946, -9.161139;8367;51773;16.2
2025-07;Região de Saúde Norte;Instituto Português Oncologia  F. Gentil - Porto, E.P.E.;41.1811, -8.60469;7908;68285;11.6
2025-07;Região de Saúde LVT;Unidade Local de Saúde de Loures-Odivelas, EPE;38.821769, -9.176301;12982;67227;19.3
2025-07;Região de Saúde Norte;Unidade Local de Saúde de São João, EPE;41.1833, -8.60193;38274;229006;16.7
2025-07;Região de Saúde do Alentejo;Unidade Local de Saúde do Alentejo Central, EPE;38.568838, -7.903064;13200;65494;20.2
2025-07;Região de Saúde LVT;Unidade Local de Saúde do Arco Ribeirinho, EPE;38.6527214050293, -9.0;10709;61917;17.3
2025-07;Região de Saúde LVT;Unidade Local de Saúde do Médio Tejo, EPE;39.605565, -8.404399;12017;63862;18.8
2025-07;Região de Saúde LVT;Unidade Local de Saúde do Oeste, EPE;39.4055519104004, -9.0;11831;57501;20.6
2024-08;Região de Saúde do Centro;Unidade Local de Saúde Castelo Branco, EPE;39.822737, -7.499876;7002;39872;17.6
2024-08;Região de Saúde do Centro;Unidade Local de Saúde da Guarda, EPE;40.5309943471486, -7.0;10194;58293;17.5
2024-08;Região de Saúde do Centro;Unidade Local de Saúde de Dão-Lafões, EPE;40.6509, -7.91039;21060;108143;19.5
2024-08;Região de Saúde LVT;Unidade Local de Saúde de São José, EPE;38.7169, -9.13654;44573;264103;16.9
2024-08;Região de Saúde do Centro;Unidade Local de Saúde do Baixo Mondego, EPE;40.130297609, -8.8606;4548;28783;15.8
2024-08;Região de Saúde LVT;Unidade Local de Saúde do Oeste, EPE;39.4055519104004, -9.0;11529;60161;19.2
2024-09;Região de Saúde do Centro;Instituto Português Oncologia  F. Gentil - Centro, E.P.E.;40.217, -8.40991;5831;33547;17.4
2024-09;Região de Saúde do Centro;Unidade Local de Saúde da Guarda, EPE;40.5309943471486, -7.0;11551;66232;17.4
2024-09;Região de Saúde LVT;Unidade Local de Saúde da Lezíria, EPE;39.232503, -8.715083;14100;64803;21.8
2024-09;Região de Saúde do Centro;Unidade Local de Saúde de Dão-Lafões, EPE;40.6509, -7.91039;23412;119914;19.5
2024-09;Região de Saúde Norte;Unidade Local de Saúde de Trás-os-Montes e Alto Douro, EPE;41.310331, -7.760103;22993;129152;17.8
2024-09;Região de Saúde do Centro;Unidade Local de Saúde do Baixo Mondego, EPE;40.130297609, -8.8606;5239;32981;15.9
2024-09;Região de Saúde do Alentejo;Unidade Local de Saúde do Litoral Alentejano, EPE;38.039936, -8.731693;6645;30474;21.8
2024-09;Região de Saúde Norte;Unidade Local de Saúde do Nordeste, EPE;41.802452, -6.768198;13638;64103;21.3
2024-10;Região de Saúde LVT;Unidade Local de Saúde de Loures-Odivelas, EPE;38.821769, -9.176301;14224;72220;19.7
2024-10;Região de Saúde LVT;Unidade Local de Saúde de São José, EPE;38.7169, -9.13654;58715;343546;17.1
2024-10;Região de Saúde do Algarve;Unidade Local de Saúde do Algarve, EPE;37.024668, -7.928949;36799;198749;18.5
2024-10;Região de Saúde LVT;Unidade Local de Saúde do Arco Ribeirinho, EPE;38.6527214050293, -9.0;12291;78171;15.7
2024-10;Região de Saúde do Centro;Unidade Local de Saúde do Baixo Mondego, EPE;40.130297609, -8.8606;5875;37066;15.9
2024-10;Região de Saúde Norte;Unidade Local de Saúde do Nordeste, EPE;41.802452, -6.768198;15812;72573;21.8
2024-10;Região de Saúde Norte;Unidade Local de Saúde do Tâmega e Sousa, EPE;41.1971153671548, -8.0;30606;153169;20.0
2024-11;Região de Saúde LVT;Hospital de Cascais, PPP;38.730076, -9.418207;;;
2024-11;Região de Saúde do Centro;Unidade Local de Saúde Castelo Branco, EPE;39.822737, -7.499876;9881;55006;18.0
2024-11;Região de Saúde LVT;Unidade Local de Saúde da Lezíria, EPE;39.232503, -8.715083;17809;87103;20.4
2024-11;Região de Saúde LVT;Unidade Local de Saúde de Loures-Odivelas, EPE;38.821769, -9.176301;16054;84672;19.0
2024-11;Região de Saúde LVT;Unidade Local de Saúde de Santa Maria, EPE;38.7500648498535, -9.0;62908;301172;20.9
2024-12;Região de Saúde LVT;Hospital de Cascais, PPP;38.730076, -9.418207;;;
2024-12;Região de Saúde LVT;Instituto Português Oncologia  F. Gentil - Lisboa, E.P.E.;38.739946, -9.161139;14036;87902;16.0
2024-12;Região de Saúde LVT;Unidade Local de Saúde da Arrábida, EPE;38.529351, -8.881073;25468;126793;20.1
2024-12;Região de Saúde LVT;Unidade Local de Saúde da Lezíria, EPE;39.232503, -8.715083;19965;95922;20.8
2024-12;Região de Saúde LVT;Unidade Local de Saúde de Amadora/Sintra, EPE;38.7436332060551, -9.0;37537;201648;18.6
2024-12;Região de Saúde Norte;Unidade Local de Saúde do Alto Ave, EPE;41.488574, -8.338685;28104;138652;20.3
2024-12;Região de Saúde LVT;Unidade Local de Saúde do Oeste, EPE;39.4055519104004, -9.0;18478;99394;18.6
2024-01;Região de Saúde Norte;Instituto Português Oncologia  F. Gentil - Porto, E.P.E.;41.1811, -8.60469;1184;8371;14.1
2024-01;Região de Saúde do Centro;Unidade Local de Saúde da Guarda, EPE;40.5309943471486, -7.0;1121;7604;14.8
2024-01;Região de Saúde Norte;Unidade Local de Saúde da Póvoa de Varzim/Vila do Conde, EPE;41.383183, -8.758784;1187;5280;22.5
2024-01;Região de Saúde Norte;Unidade Local de Saúde de Entre Douro e Vouga, EPE;40.9295, -8.54567;2185;11274;19.4
2024-01;Região de Saúde do Alentejo;Unidade Local de Saúde do Alentejo Central, EPE;38.568838, -7.903064;1316;8417;15.6
2024-01;Região de Saúde Norte;Unidade Local de Saúde do Alto Minho, EPE;41.697519, -8.832517;1707;10345;16.5
2024-01;Região de Saúde do Alentejo;Unidade Local de Saúde do Litoral Alentejano, EPE;38.039936, -8.731693;696;3194;21.8
2024-01;Região de Saúde Norte;Unidade Local de Saúde do Tâmega e Sousa, EPE;41.1971153671548, -8.0;2854;15228;18.7
2025-01;Região de Saúde do Centro;Unidade Local de Saúde Castelo Branco, EPE;39.822737, -7.499876;1099;5732;19.2
2025-01;Região de Saúde do Centro;Unidade Local de Saúde da Guarda, EPE;40.5309943471486, -7.0;1647;8860;18.6
2025-01;Região de Saúde LVT;Unidade Local de Saúde da Lezíria, EPE;39.232503, -8.715083;2013;8876;22.7
2025-01;Região de Saúde LVT;Unidade Local de Saúde de Lisboa Ocidental, EPE;38.7084, -9.21711;4097;22058;18.6
2025-01;Região de Saúde LVT;Unidade Local de Saúde de São José, EPE;38.7169, -9.13654;7593;41389;18.3
2025-01;Região de Saúde do Alentejo;Unidade Local de Saúde do Alentejo Central, EPE;38.568838, -7.903064;2062;10227;20.2
2025-01;Região de Saúde LVT;Unidade Local de Saúde do Arco Ribeirinho, EPE;38.6527214050293, -9.0;1661;9155;18.2
2025-01;Região de Saúde LVT;Unidade Local de Saúde do Médio Tejo, EPE;39.605565, -8.404399;2041;10624;19.2
2024-02;Região de Saúde LVT;Hospital de Cascais, PPP;38.730076, -9.418207;;;
2024-02;Região de Saúde Norte;Unidade Local de Saúde da Póvoa de Varzim/Vila do Conde, EPE;41.383183, -8.758784;2097;10332;20.3
2024-02;Região de Saúde Norte;Unidade Local de Saúde de Braga, EPE;41.562328338623, -8.3;5877;33509;17.5
2024-02;Região de Saúde do Alentejo;Unidade Local de Saúde do Alentejo Central, EPE;38.568838, -7.903064;2736;17149;16.0
2024-02;Região de Saúde do Alentejo;Unidade Local de Saúde do Litoral Alentejano, EPE;38.039936, -8.731693;1537;6995;22.0
2024-02;Região de Saúde Norte;Unidade Local de Saúde do Médio Ave, EPE;41.3422317504883, -8.0;2524;14049;18.0
2025-02;Região de Saúde LVT;Hospital de Cascais, PPP;38.730076, -9.418207;;;
2025-02;Região de Saúde LVT;Unidade Local de Saúde da Arrábida, EPE;38.529351, -8.881073;5122;24727;20.7
2025-02;Região de Saúde do Centro;Unidade Local de Saúde da Cova da Beira, EPE;40.2776794433594, -7.0;2176;12288;17.7
2025-02;Região de Saúde Norte;Unidade Local de Saúde da Póvoa de Varzim/Vila do Conde, EPE;41.383183, -8.758784;2623;12416;21.1
2025-02;Região de Saúde Norte;Unidade Local de Saúde de Barcelos/Esposende, EPE;41.533438, -8.616604;1353;8988;15.1
2025-02;Região de Saúde do Centro;Unidade Local de Saúde de Coimbra, EPE;40.217426, -8.410075;17420;85345;20.4
2025-02;Região de Saúde LVT;Unidade Local de Saúde de Lisboa Ocidental, EPE;38.7084, -9.21711;8008;43172;18.5
2025-02;Região de Saúde LVT;Unidade Local de Saúde de São José, EPE;38.7169, -9.13654;13609;80422;16.9
2025-02;Região de Saúde Norte;Unidade Local de Saúde de Vila Nova de Gaia/Espinho, EPE;41.1254463195801, -8.0;7646;43735;17.5
2025-02;Região de Saúde do Algarve;Unidade Local de Saúde do Algarve, EPE;37.024668, -7.928949;10425;48698;21.4
2025-02;Região de Saúde Norte;Unidade Local de Saúde do Tâmega e Sousa, EPE;41.1971153671548, -8.0;7067;35592;19.9
2024-03;Região de Saúde do Centro;Unidade Local de Saúde da Guarda, EPE;40.5309943471486, -7.0;3636;23324;15.6
2024-03;Região de Saúde LVT;Unidade Local de Saúde de Amadora/Sintra, EPE;38.7436332060551, -9.0;9302;48909;19.0
2024-03;Região de Saúde Norte;Unidade Local de Saúde de Barcelos/Esposende, EPE;41.533438, -8.616604;1517;10929;13.9
2024-03;Região de Saúde do Centro;Unidade Local de Saúde de Coimbra, EPE;40.217426, -8.410075;18328;114529;16.0
2024-03;Região de Saúde do Alentejo;Unidade Local de Saúde do Alentejo Central, EPE;38.568838, -7.903064;4254;25846;16.5
2024-03;Região de Saúde do Algarve;Unidade Local de Saúde do Algarve, EPE;37.024668, -7.928949;9016;61143;14.7
2024-03;Região de Saúde do Alentejo;Unidade Local de Saúde do Alto Alentejo, EPE;39.2999, -7.4267;3041;17863;17.0
2024-03;Região de Saúde do Alentejo;Unidade Local de Saúde do Litoral Alentejano, EPE;38.039936, -8.731693;2185;10540;20.7
2024-03;Região de Saúde Norte;Unidade Local de Saúde do Tâmega e Sousa, EPE;41.1971153671548, -8.0;8359;44948;18.6
2025-03;Região de Saúde do Centro;Instituto Português Oncologia  F. Gentil - Centro, E.P.E.;40.217, -8.40991;2141;13293;16.1
2025-03;Região de Saúde Norte;Instituto Português Oncologia  F. Gentil - Porto, E.P.E.;41.1811, -8.60469;2152;27574;7.8
2025-03;Região de Saúde do Centro;Unidade Local de Saúde da Cova da Beira, EPE;40.2776794433594, -7.0;3218;18157;17.7
2025-03;Região de Saúde do Centro;Unidade Local de Saúde da Guarda, EPE;40.5309943471486, -7.0;4953;26570;18.6
2025-03;Região de Saúde do Centro;Unidade Local de Saúde de Coimbra, EPE;40.217426, -8.410075;26788;134391;19.9
2025-03;Região de Saúde do Centro;Unidade Local de Saúde de Dão-Lafões, EPE;40.6509, -7.91039;9738;48315;20.2
2025-03;Região de Saúde LVT;Unidade Local de Saúde de Loures-Odivelas, EPE;38.821769, -9.176301;5516;26908;20.5
2025-03;Região de Saúde Norte;Unidade Local de Saúde de Santo António, EPE;41.147283, -8.619536;14628;81790;17.9
2025-03;Região de Saúde LVT;Unidade Local de Saúde do Estuário do Tejo, EPE;38.977344, -8.984882;4572;23834;19.2
2025-03;Região de Saúde Norte;Unidade Local de Saúde do Médio Ave, EPE;41.3422317504883, -8.0;4489;24370;18.4
2024-04;Região de Saúde LVT;Hospital de Cascais, PPP;38.730076, -9.418207;;;
2024-04;Região de Saúde LVT;Instituto Português Oncologia  F. Gentil - Lisboa, E.P.E.;38.739946, -9.161139;4328;29625;14.6
2024-04;Região de Saúde Norte;Instituto Português Oncologia  F. Gentil - Porto, E.P.E.;41.1811, -8.60469;2683;32724;8.2
2024-04;Região de Saúde LVT;Unidade Local de Saúde de Amadora/Sintra, EPE;38.7436332060551, -9.0;12554;66087;19.0
2024-04;Região de Saúde do Centro;Unidade Local de Saúde de Dão-Lafões, EPE;40.6509, -7.91039;9396;53297;17.6
2024-04;Região de Saúde Norte;Unidade Local de Saúde de Matosinhos, EPE;41.181859, -8.663374;6983;45169;15.5
2024-04;Região de Saúde Norte;Unidade Local de Saúde de Santo António, EPE;41.147283, -8.619536;14323;93683;15.3
2024-04;Região de Saúde do Algarve;Unidade Local de Saúde do Algarve, EPE;37.024668, -7.928949;11952;81121;14.7
2024-04;Região de Saúde LVT;Unidade Local de Saúde do Arco Ribeirinho, EPE;38.6527214050293, -9.0;4410;32457;13.6
2024-04;Região de Saúde LVT;Unidade Local de Saúde do Oeste, EPE;39.4055519104004, -9.0;5479;32432;16.9
2024-04;Região de Saúde Norte;Unidade Local de Saúde do Tâmega e Sousa, EPE;41.1971153671548, -8.0;11156;59998;18.6
2025-04;Região de Saúde do Centro;Instituto Português Oncologia  F. Gentil - Centro, E.P.E.;40.217, -8.40991;2681;17187;15.6
2025-04;Região de Saúde Norte;Instituto Português Oncologia  F. Gentil - Porto, E.P.E.;41.1811, -8.60469;4533;39006;11.6
2025-04;Região de Saúde do Centro;Unidade Local de Saúde da Cova da Beira, EPE;40.2776794433594, -7.0;4495;24547;18.3
2025-04;Região de Saúde do Centro;Unidade Local de Saúde da Região de Aveiro, EPE;40.636332, -8.654388;9321;53521;17.4
2025-04;Região de Saúde do Centro;Unidade Local de Saúde da Região de Leiria, EPE;39.7418, -8.79444;7795;49383;15.8
2025-04;Região de Saúde do Algarve;Unidade Local de Saúde do Algarve, EPE;37.024668, -7.928949;17531;93192;18.8
2025-04;Região de Saúde Norte;Unidade Local de Saúde do Nordeste, EPE;41.802452, -6.768198;7459;34360;21.7
2024-05;Região de Saúde do Centro;Instituto Português Oncologia  F. Gentil - Centro, E.P.E.;40.217, -8.40991;2742;19297;14.2
2024-05;Região de Saúde do Centro;Unidade Local de Saúde Castelo Branco, EPE;39.822737, -7.499876;3983;24116;16.5
2024-05;Região de Saúde LVT;Unidade Local de Saúde da Lezíria, EPE;39.232503, -8.715083;7561;39406;19.2
2024-05;Região de Saúde do Centro;Unidade Local de Saúde da Região de Leiria, EPE;39.7418, -8.79444;8433;52935;15.9
2024-05;Região de Saúde Norte;Unidade Local de Saúde de Barcelos/Esposende, EPE;41.533438, -8.616604;2865;18820;15.2
2024-05;Região de Saúde LVT;Unidade Local de Saúde de Lisboa Ocidental, EPE;38.7084, -9.21711;15109;95398;15.8
2024-05;Região de Saúde LVT;Unidade Local de Saúde de Santa Maria, EPE;38.7500648498535, -9.0;26388;134063;19.7
2024-05;Região de Saúde do Algarve;Unidade Local de Saúde do Algarve, EPE;37.024668, -7.928949;15592;102141;15.3
2024-05;Região de Saúde Norte;Unidade Local de Saúde do Alto Minho, EPE;41.697519, -8.832517;9030;53375;16.9
2024-05;Região de Saúde LVT;Unidade Local de Saúde do Médio Tejo, EPE;39.605565, -8.404399;6750;44083;15.3
2024-05;Região de Saúde Norte;Unidade Local de Saúde do Nordeste, EPE;41.802452, -6.768198;7330;37719;19.4
2025-05;Região de Saúde do Centro;Instituto Português Oncologia  F. Gentil - Centro, E.P.E.;40.217, -8.40991;3394;21692;15.6
2025-05;Região de Saúde do Centro;Unidade Local de Saúde de Dão-Lafões, EPE;40.6509, -7.91039;15910;79840;19.9
2025-05;Região de Saúde LVT;Unidade Local de Saúde de Loures-Odivelas, EPE;38.821769, -9.176301;9461;46967;20.1
2025-05;Região de Saúde Norte;Unidade Local de Saúde do Médio Ave, EPE;41.3422317504883, -8.0;7806;41205;18.9
2025-05;Região de Saúde LVT;Unidade Local de Saúde do Oeste, EPE;39.4055519104004, -9.0;8433;44600;18.9
2024-06;Região de Saúde do Centro;Instituto Português Oncologia  F. Gentil - Centro, E.P.E.;40.217, -8.40991;3167;22392;14.1
2024-06;Região de Saúde LVT;Unidade Local de Saúde de Almada-Seixal, EPE;38.67381, -9.17597;15974;86962;18.4
2024-06;Região de Saúde LVT;Unidade Local de Saúde de Amadora/Sintra, EPE;38.7436332060551, -9.0;17368;99598;17.4
2024-06;Região de Saúde do Centro;Unidade Local de Saúde de Coimbra, EPE;40.217426, -8.410075;38355;205632;18.7
2024-06;Região de Saúde Norte;Unidade Local de Saúde de Matosinhos, EPE;41.181859, -8.663374;10195;62219;16.4
2024-06;Região de Saúde do Algarve;Unidade Local de Saúde do Algarve, EPE;37.024668, -7.928949;19176;110769;17.3
2024-06;Região de Saúde do Alentejo;Unidade Local de Saúde do Alto Alentejo, EPE;39.2999, -7.4267;6251;31895;19.6
2024-06;Região de Saúde Norte;Unidade Local de Saúde do Alto Minho, EPE;41.697519, -8.832517;11723;66397;17.7
2024-06;Região de Saúde Norte;Unidade Local de Saúde do Nordeste, EPE;41.802452, -6.768198;8874;41147;21.6
2025-06;Região de Saúde LVT;Hospital de Cascais, PPP;38.730076, -9.418207;;;
2025-06;Região de Saúde Norte;Unidade Local de Saúde de Barcelos/Esposende, EPE;41.533438, -8.616604;4175;24650;16.9
2025-06;Região de Saúde do Centro;Unidade Local de Saúde do Baixo Mondego, EPE;40.130297609, -8.8606;4049;23988;16.9
2025-06;Região de Saúde LVT;Unidade Local de Saúde do Médio Tejo, EPE;39.605565, -8.404399;10012;52572;19.0
2024-07;Região de Saúde do Centro;Unidade Local de Saúde da Cova da Beira, EPE;40.2776794433594, -7.0;6503;38363;17.0
2024-07;Região de Saúde Norte;Unidade Local de Saúde de Braga, EPE;41.562328338623, -8.3;26083;114863;22.7
2024-07;Região de Saúde Norte;Unidade Local de Saúde de Trás-os-Montes e Alto Douro, EPE;41.310331, -7.760103;16608;97487;17.0
2024-07;Região de Saúde do Alentejo;Unidade Local de Saúde do Alentejo Central, EPE;38.568838, -7.903064;10643;59283;18.0
2024-07;Região de Saúde do Algarve;Unidade Local de Saúde do Algarve, EPE;37.024668, -7.928949;23654;132866;17.8
2024-07;Região de Saúde do Alentejo;Unidade Local de Saúde do Baixo Alentejo, EPE;38.0146, -7.86863;7000;38914;18.0
2025-07;Região de Saúde do Centro;Unidade Local de Saúde da Cova da Beira, EPE;40.2776794433594, -7.0;8128;44269;18.4
2025-07;Região de Saúde do Centro;Unidade Local de Saúde da Região de Leiria, EPE;39.7418, -8.79444;16449;91199;18.0
2025-07;Região de Saúde Norte;Unidade Local de Saúde de Braga, EPE;41.562328338623, -8.3;30175;135534;22.3
2025-07;Região de Saúde do Centro;Unidade Local de Saúde de Coimbra, EPE;40.217426, -8.410075;57161;276830;20.6
2025-07;Região de Saúde Norte;Unidade Local de Saúde de Santo António, EPE;41.147283, -8.619536;33694;193498;17.4
2025-07;Região de Saúde Norte;Unidade Local de Saúde de Trás-os-Montes e Alto Douro, EPE;41.310331, -7.760103;18841;110251;17.1
2025-07;Região de Saúde do Algarve;Unidade Local de Saúde do Algarve, EPE;37.024668, -7.928949;36422;159837;22.8
2025-07;Região de Saúde Norte;Unidade Local de Saúde do Alto Ave, EPE;41.488574, -8.338685;15953;82656;19.3
2025-07;Região de Saúde Norte;Unidade Local de Saúde do Alto Minho, EPE;41.697519, -8.832517;15933;86578;18.4
2025-07;Região de Saúde do Alentejo;Unidade Local de Saúde do Baixo Alentejo, EPE;38.0146, -7.86863;7315;43015;17.0
2025-07;Região de Saúde do Centro;Unidade Local de Saúde do Baixo Mondego, EPE;40.130297609, -8.8606;4964;28810;17.2
2025-07;Região de Saúde Norte;Unidade Local de Saúde do Médio Ave, EPE;41.3422317504883, -8.0;11089;53123;20.9
2024-08;Região de Saúde do Centro;Unidade Local de Saúde da Região de Aveiro, EPE;40.636332, -8.654388;15703;100556;15.6
2024-08;Região de Saúde Norte;Unidade Local de Saúde de Matosinhos, EPE;41.181859, -8.663374;13609;84560;16.1
2024-08;Região de Saúde Norte;Unidade Local de Saúde de São João, EPE;41.1833, -8.60193;37305;229702;16.2
2024-08;Região de Saúde Norte;Unidade Local de Saúde de Trás-os-Montes e Alto Douro, EPE;41.310331, -7.760103;18978;112419;16.9
2024-08;Região de Saúde do Alentejo;Unidade Local de Saúde do Alto Alentejo, EPE;39.2999, -7.4267;8420;43697;19.3
2024-08;Região de Saúde Norte;Unidade Local de Saúde do Alto Minho, EPE;41.697519, -8.832517;15736;89059;17.7
2024-08;Região de Saúde Norte;Unidade Local de Saúde do Médio Ave, EPE;41.3422317504883, -8.0;11170;54191;20.6
2024-09;Região de Saúde do Centro;Unidade Local de Saúde da Região de Aveiro, EPE;40.636332, -8.654388;18003;113427;15.9
2024-09;Região de Saúde LVT;Unidade Local de Saúde de Amadora/Sintra, EPE;38.7436332060551, -9.0;27356;150737;18.1
2024-09;Região de Saúde Norte;Unidade Local de Saúde de Entre Douro e Vouga, EPE;40.9295, -8.54567;21567;105454;20.5
2024-09;Região de Saúde LVT;Unidade Local de Saúde de Lisboa Ocidental, EPE;38.7084, -9.21711;30001;164319;18.3
2024-09;Região de Saúde LVT;Unidade Local de Saúde de Loures-Odivelas, EPE;38.821769, -9.176301;12533;64718;19.4
2024-09;Região de Saúde Norte;Unidade Local de Saúde de São João, EPE;41.1833, -8.60193;43961;261088;16.8
2024-09;Região de Saúde do Alentejo;Unidade Local de Saúde do Alto Alentejo, EPE;39.2999, -7.4267;9515;49489;19.2
2024-09;Região de Saúde LVT;Unidade Local de Saúde do Arco Ribeirinho, EPE;38.6527214050293, -9.0;10870;69442;15.7
2024-09;Região de Saúde do Alentejo;Unidade Local de Saúde do Baixo Alentejo, EPE;38.0146, -7.86863;9220;51824;17.8
2024-09;Região de Saúde LVT;Unidade Local de Saúde do Estuário do Tejo, EPE;38.977344, -8.984882;12031;61637;19.5
2024-09;Região de Saúde Norte;Unidade Local de Saúde do Médio Ave, EPE;41.3422317504883, -8.0;12767;61747;20.7
2024-10;Região de Saúde LVT;Instituto Português Oncologia  F. Gentil - Lisboa, E.P.E.;38.739946, -9.161139;11325;70891;16.0
2024-10;Região de Saúde do Centro;Unidade Local de Saúde Castelo Branco, EPE;39.822737, -7.499876;8761;49824;17.6
2024-10;Região de Saúde LVT;Unidade Local de Saúde da Arrábida, EPE;38.529351, -8.881073;20034;103217;19.4
2024-10;Região de Saúde do Centro;Unidade Local de Saúde da Cova da Beira, EPE;40.2776794433594, -7.0;9707;54996;17.7
2024-10;Região de Saúde Norte;Unidade Local de Saúde da Póvoa de Varzim/Vila do Conde, EPE;41.383183, -8.758784;11205;53825;20.8
2024-10;Região de Saúde LVT;Unidade Local de Saúde de Almada-Seixal, EPE;38.67381, -9.17597;28332;146983;19.3
2024-10;Região de Saúde Norte;Unidade Local de Saúde de Braga, EPE;41.562328338623, -8.3;39788;173091;23.0
2024-10;Região de Saúde LVT;Unidade Local de Saúde de Lisboa Ocidental, EPE;38.7084, -9.21711;34366;185399;18.5
2024-10;Região de Saúde Norte;Unidade Local de Saúde de Trás-os-Montes e Alto Douro, EPE;41.310331, -7.760103;24808;143462;17.3
2024-10;Região de Saúde do Alentejo;Unidade Local de Saúde do Alto Alentejo, EPE;39.2999, -7.4267;10679;55483;19.2
2024-10;Região de Saúde Norte;Unidade Local de Saúde do Alto Ave, EPE;41.488574, -8.338685;23143;115385;20.1
2024-10;Região de Saúde Norte;Unidade Local de Saúde do Alto Minho, EPE;41.697519, -8.832517;19652;111190;17.7
2024-10;Região de Saúde LVT;Unidade Local de Saúde do Estuário do Tejo, EPE;38.977344, -8.984882;13518;68868;19.6
2024-10;Região de Saúde do Alentejo;Unidade Local de Saúde do Litoral Alentejano, EPE;38.039936, -8.731693;7421;34244;21.7
2024-11;Região de Saúde do Centro;Instituto Português Oncologia  F. Gentil - Centro, E.P.E.;40.217, -8.40991;7337;42081;17.4
2024-11;Região de Saúde do Centro;Unidade Local de Saúde da Guarda, EPE;40.5309943471486, -7.0;14693;82481;17.8
2024-11;Região de Saúde do Centro;Unidade Local de Saúde da Região de Leiria, EPE;39.7418, -8.79444;21871;125342;17.4
2024-11;Região de Saúde LVT;Unidade Local de Saúde de Amadora/Sintra, EPE;38.7436332060551, -9.0;34231;185144;18.5
2024-11;Região de Saúde Norte;Unidade Local de Saúde de Barcelos/Esposende, EPE;41.533438, -8.616604;6787;43296;15.7
2024-11;Região de Saúde Norte;Unidade Local de Saúde de Santo António, EPE;41.147283, -8.619536;45619;268242;17.0
2024-11;Região de Saúde do Alentejo;Unidade Local de Saúde do Alentejo Central, EPE;38.568838, -7.903064;17555;95477;18.4
2024-11;Região de Saúde do Algarve;Unidade Local de Saúde do Algarve, EPE;37.024668, -7.928949;41569;235274;17.7
2024-11;Região de Saúde LVT;Unidade Local de Saúde do Médio Tejo, EPE;39.605565, -8.404399;17473;99334;17.6
2024-11;Região de Saúde Norte;Unidade Local de Saúde do Tâmega e Sousa, EPE;41.1971153671548, -8.0;34024;169773;20.0
2024-12;Região de Saúde do Centro;Instituto Português Oncologia  F. Gentil - Centro, E.P.E.;40.217, -8.40991;8126;45994;17.7
2024-12;Região de Saúde do Centro;Unidade Local de Saúde da Cova da Beira, EPE;40.2776794433594, -7.0;11911;66344;18.0
2024-12;Região de Saúde Norte;Unidade Local de Saúde da Póvoa de Varzim/Vila do Conde, EPE;41.383183, -8.758784;13853;65319;21.2
2024-12;Região de Saúde Norte;Unidade Local de Saúde de Entre Douro e Vouga, EPE;40.9295, -8.54567;30541;148900;20.5
2024-12;Região de Saúde Norte;Unidade Local de Saúde de Matosinhos, EPE;41.181859, -8.663374;21538;131113;16.4
2024-12;Região de Saúde LVT;Unidade Local de Saúde de Santa Maria, EPE;38.7500648498535, -9.0;69609;330957;21.0
2024-12;Região de Saúde Norte;Unidade Local de Saúde de Santo António, EPE;41.147283, -8.619536;49998;294198;17.0
2024-12;Região de Saúde LVT;Unidade Local de Saúde de São José, EPE;38.7169, -9.13654;72866;422078;17.3
2024-12;Região de Saúde LVT;Unidade Local de Saúde do Estuário do Tejo, EPE;38.977344, -8.984882;16390;83119;19.7
2024-12;Região de Saúde Norte;Unidade Local de Saúde do Nordeste, EPE;41.802452, -6.768198;19985;93595;21.4
2024-12;Região de Saúde Norte;Unidade Local de Saúde do Tâmega e Sousa, EPE;41.1971153671548, -8.0;37590;186124;20.2
2018-01;Região de Saúde Norte;Centro Hospitalar Entre Douro e Vouga, EPE;40.9293884, -8.5458794;710;4918;14.5
2018-01;Região de Saúde Norte;Centro Hospitalar Tâmega e Sousa, EPE;41.2494561, -8.264901;410;4799;8.6
2018-01;Região de Saúde Norte;Hospital de Magalhães Lemos, EPE;41.1764649, -8.6649823;25;872;3.0
2018-02;Região de Saúde do Alentejo;Unidade Local de Saúde do Litoral Alentejano, EPE;38.0162314, -8.6956768;575;4578;12.6
2018-02;Região de Saúde LVT;Hospital Distrital de Santarém, EPE;39.2410946, -8.6937515;1215;8122;15.0
2018-03;Região de Saúde do Alentejo;Unidade Local de Saúde do Litoral Alentejano, EPE;38.0162314, -8.6956768;868;6898;12.6
2018-03;Região de Saúde do Centro;Hospital Arcebispo João Crisóstomo;40.3470015, -8.5933462;16;621;2.6
2018-03;Região de Saúde LVT;Hospital de Vila Franca de Xira, PPP;38.977235, -8.984506;411;8633;4.8
2018-03;Região de Saúde Norte;Centro Hospitalar do Médio Ave, EPE;41.3423984, -8.4802503;871;8339;10.5
2018-03;Região de Saúde Norte;Centro Hospitalar Vila Nova de Gaia/Espinho, EPE;41.1094138, -8.5972617;3311;26263;12.6
2018-03;Região de Saúde Norte;Hospital de Magalhães Lemos, EPE;41.1764649, -8.6649823;86;2655;3.3
2018-04;Região de Saúde do Alentejo;Unidade Local de Saúde do Norte Alentejano, EPE;39.3003425, -7.4263845;3009;17180;17.5
2018-04;Região de Saúde do Algarve;Centro Hospitalar Universitário do Algarve,EPE;37.0238973, -7.9281554;2501;37007;6.8
2018-04;Região de Saúde do Centro;Centro Hospitalar do Baixo Vouga, EPE;40.6362453, -8.6543716;2336;19545;12.0
2018-04;Região de Saúde do Centro;Hospital Arcebispo João Crisóstomo;40.3470015, -8.5933462;21;799;2.7
2018-04;Região de Saúde do Centro;Unidade Local de Saúde de Castelo Branco, EPE;39.8212263, -7.4981271;1892;13859;13.7
2018-04;Região de Saúde LVT;Centro Hospitalar Lisboa Norte, EPE;38.7500861, -9.1616116;9483;65351;14.5
2018-04;Região de Saúde LVT;Hospital Distrital de Santarém, EPE;39.2410946, -8.6937515;2280;16163;14.1
2018-04;Região de Saúde LVT;Instituto Português Oncologia de Lisboa, EPE;38.7396768, -9.1634516;2207;20189;10.9
2018-04;Região de Saúde Norte;Centro Hospitalar Entre Douro e Vouga, EPE;40.9293884, -8.5458794;2368;19062;12.4
2018-04;Região de Saúde Norte;Centro Hospitalar Póvoa de Varzim/Vila do Conde, EPE;41.3828711, -8.7589945;1111;7794;14.3
2018-04;Região de Saúde Norte;Hospital da Senhora da Oliveira, Guimarães, EPE;41.4387173, -8.3086907;1641;16665;9.9
2018-04;Região de Saúde Norte;Hospital Santa Maria Maior, EPE;41.5324234, -8.6171561;396;4829;8.2
2018-05;Região de Saúde do Centro;Centro Hospitalar do Baixo Vouga, EPE;40.6362453, -8.6543716;3031;24577;12.3
2018-05;Região de Saúde LVT;Centro Hospitalar do Oeste;39.4054629, -9.1258493;2222;19338;11.5
2018-05;Região de Saúde LVT;Centro Hospitalar Psiquiátrico de Lisboa;38.7569771, -9.1460705;192;6030;3.2
2018-05;Região de Saúde LVT;Hospital de Vila Franca de Xira, PPP;38.977235, -8.984506;696;14590;4.8
2018-05;Região de Saúde Norte;Hospital de Braga, PPP;41.56785, -8.398982;2207;34215;6.5
2018-05;Região de Saúde Norte;Unidade Local de Saúde do Alto Minho, EPE;41.7056054, -8.8252713;4149;35576;11.7
2018-06;Região de Saúde do Centro;Centro Medicina de Reabilitação da Região Centro Rovisco Pais;40.297919, -8.7707806;136;2454;5.6
2018-06;Região de Saúde do Centro;Hospital Arcebispo João Crisóstomo;40.3470015, -8.5933462;35;1082;3.3
2018-06;Região de Saúde do Centro;Hospital Distrital da Figueira da Foz, EPE;40.117897, -8.8586755;935;8553;10.9
2018-06;Região de Saúde LVT;Centro Hospitalar Médio Tejo, EPE;39.478072, -8.5404429;3286;24902;13.2
2018-06;Região de Saúde Norte;Instituto Português Oncologia do Porto, EPE;41.1785642, -8.6062881;3077;29221;10.5
2018-06;Região de Saúde Norte;Unidade Local de Saúde de Matosinhos, EPE;41.1794456, -8.6745115;3538;35972;9.8
2018-06;Região de Saúde Norte;Unidade Local de Saúde do Nordeste, EPE;41.8056532, -6.7888197;4942;27411;18.0
2018-07;Região de Saúde do Alentejo;Unidade Local de Saúde do Baixo Alentejo, EPE;38.014123, -7.8721227;3512;27134;12.9
2018-07;Região de Saúde do Centro;Centro Hospitalar Cova da Beira, EPE;40.2804158, -7.4922407;3366;21789;15.4
2018-07;Região de Saúde do Centro;Centro Hospitalar do Baixo Vouga, EPE;40.6362453, -8.6543716;4253;31518;13.5
2018-07;Região de Saúde do Centro;Centro Hospitalar Tondela-Viseu, EPE;40.516364, -8.0827433;4575;43064;10.6
2018-07;Região de Saúde do Centro;Instituto Português Oncologia de Coimbra, EPE;40.2162514, -8.4103814;1863;16670;11.2
2018-07;Região de Saúde do Centro;Unidade Local de Saúde de Castelo Branco, EPE;39.8212263, -7.4981271;3711;25087;14.8
2018-07;Região de Saúde Norte;Centro Hospitalar do Porto, EPE;41.1472498, -8.6172617;9807;83950;11.7
2018-07;Região de Saúde Norte;Hospital da Senhora da Oliveira, Guimarães, EPE;41.4387173, -8.3086907;3213;29242;11.0
2018-07;Região de Saúde Norte;Hospital de Braga, PPP;41.56785, -8.398982;3101;48214;6.4
2018-07;Região de Saúde Norte;Hospital Santa Maria Maior, EPE;41.5324234, -8.6171561;656;7894;8.3
2018-07;Região de Saúde Norte;Unidade Local de Saúde do Alto Minho, EPE;41.7056054, -8.8252713;6139;50514;12.2
2018-08;Região de Saúde do Alentejo;Unidade Local de Saúde do Baixo Alentejo, EPE;38.014123, -7.8721227;4090;31499;13.0
2018-08;Região de Saúde do Centro;Centro Medicina de Reabilitação da Região Centro Rovisco Pais;40.297919, -8.7707806;252;3270;7.7
2018-08;Região de Saúde do Centro;Hospital Arcebispo João Crisóstomo;40.3470015, -8.5933462;48;1482;3.2
2018-08;Região de Saúde do Centro;Hospital Dr. Francisco Zagalo;40.8571967, -8.6318023;198;2312;8.6
2018-08;Região de Saúde do Centro;Instituto Português Oncologia de Coimbra, EPE;40.2162514, -8.4103814;2156;19166;11.3
2018-08;Região de Saúde do Centro;Unidade Local de Saúde da Guarda, EPE;40.5309916, -7.2734793;6673;39435;16.9
2018-08;Região de Saúde Norte;Centro Hospitalar Entre Douro e Vouga, EPE;40.9293884, -8.5458794;5173;35241;14.7
2018-08;Região de Saúde Norte;Hospital da Senhora da Oliveira, Guimarães, EPE;41.4387173, -8.3086907;3759;33613;11.2
2018-08;Região de Saúde Norte;Hospital de Magalhães Lemos, EPE;41.1764649, -8.6649823;264;7292;3.6
2018-08;Região de Saúde Norte;Unidade Local de Saúde de Matosinhos, EPE;41.1794456, -8.6745115;5138;49574;10.4
2018-09;Região de Saúde do Alentejo;Hospital Espírito Santo de Évora, EPE;38.5684861, -7.9032848;5468;35116;15.6
2018-09;Região de Saúde do Centro;Centro Hospitalar Cova da Beira, EPE;40.2804158, -7.4922407;4427;28084;15.8
2018-09;Região de Saúde do Centro;Centro Hospitalar do Baixo Vouga, EPE;40.6362453, -8.6543716;5572;41629;13.4
2018-09;Região de Saúde Norte;Centro Hospitalar Póvoa de Varzim/Vila do Conde, EPE;41.3828711, -8.7589945;2598;16555;15.7
2018-10;Região de Saúde do Alentejo;Hospital Espírito Santo de Évora, EPE;38.5684861, -7.9032848;6116;39906;15.3
2018-10;Região de Saúde do Centro;Centro Medicina de Reabilitação da Região Centro Rovisco Pais;40.297919, -8.7707806;342;4000;8.6
2018-10;Região de Saúde LVT;Centro Hospitalar de Lisboa Ocidental, EPE;38.708454, -9.216985;10014;90297;11.1
2018-10;Região de Saúde Norte;Centro Hospitalar do Médio Ave, EPE;41.3423984, -8.4802503;3260;26590;12.3
2018-10;Região de Saúde Norte;Centro Hospitalar Entre Douro e Vouga, EPE;40.9293884, -8.5458794;6960;45753;15.2
2018-10;Região de Saúde Norte;Centro Hospitalar Trás-os-Montes e Alto Douro, EPE;41.3031784, -7.7515252;7997;62614;12.8
2018-10;Região de Saúde Norte;Hospital Santa Maria Maior, EPE;41.5324234, -8.6171561;936;11641;8.0
2018-11;Região de Saúde do Centro;Centro Hospitalar de Leiria, EPE;39.7414812, -8.7982706;6723;54833;12.3
2018-11;Região de Saúde do Centro;Hospital Dr. Francisco Zagalo;40.8571967, -8.6318023;261;3550;7.4
2018-11;Região de Saúde LVT;Centro Hospitalar de Lisboa Central, EPE;38.7166948, -9.1371248;23305;211327;11.0
2018-11;Região de Saúde LVT;Centro Hospitalar de Lisboa Ocidental, EPE;38.708454, -9.216985;11138;107217;10.4
2018-11;Região de Saúde LVT;Centro Hospitalar do Oeste, EPE;39.4054629, -9.1258493;5070;43155;11.8
2018-11;Região de Saúde LVT;Centro Hospitalar Lisboa Norte, EPE;38.7500861, -9.1616116;26405;179325;14.7
2018-11;Região de Saúde LVT;Centro Hospitalar Médio Tejo, EPE;39.478072, -8.5404429;6124;48859;12.5
2018-11;Região de Saúde LVT;Centro Hospitalar Psiquiátrico de Lisboa;38.7569771, -9.1460705;483;13860;3.5
2018-11;Região de Saúde LVT;Hospital de Vila Franca de Xira, PPP;38.977235, -8.984506;1522;33040;4.6
2018-11;Região de Saúde LVT;Instituto Português Oncologia de Lisboa, EPE;38.7396768, -9.1634516;6273;52607;11.9
2018-11;Região de Saúde Norte;Centro Hospitalar Trás-os-Montes e Alto Douro, EPE;41.3031784, -7.7515252;8778;73892;11.9
2018-12;Região de Saúde do Alentejo;Unidade Local de Saúde do Norte Alentejano, EPE;39.3003425, -7.4263845;6924;49334;14.0
2018-12;Região de Saúde do Algarve;Centro Hospitalar Universitário do Algarve,EPE;37.0238973, -7.9281554;16277;122923;13.2
2018-12;Região de Saúde do Centro;Centro Hospitalar e Universitário de Coimbra, EPE;40.2191523, -8.4098211;30952;249881;12.4
2018-12;Região de Saúde do Centro;Hospital Distrital da Figueira da Foz, EPE;40.117897, -8.8586755;2332;20072;11.6
2018-12;Região de Saúde LVT;Centro Hospitalar Barreiro/Montijo, EPE;38.6554005, -9.0592392;5954;51422;11.6
2018-12;Região de Saúde LVT;Centro Hospitalar de Lisboa Central, EPE;38.7166948, -9.1371248;26783;233122;11.5
2018-12;Região de Saúde Norte;Centro Hospitalar Tâmega e Sousa, EPE;41.2494561, -8.264901;7594;59410;12.8
2018-12;Região de Saúde Norte;Hospital da Senhora da Oliveira, Guimarães, EPE;41.4387173, -8.3086907;6637;52416;12.7
2018-12;Região de Saúde Norte;Hospital de Magalhães Lemos, EPE;41.1764649, -8.6649823;494;11046;4.5
2019-01;Região de Saúde do Alentejo;Unidade Local de Saúde do Litoral Alentejano, EPE;38.0162314, -8.6956768;360;2423;14.9
2019-01;Região de Saúde do Centro;Hospital Distrital da Figueira da Foz, EPE;40.117897, -8.8586755;194;1811;10.7
2019-01;Região de Saúde do Centro;Unidade Local de Saúde de Castelo Branco, EPE;39.8212263, -7.4981271;554;3693;15.0
2019-01;Região de Saúde LVT;Centro Hospitalar de Lisboa Central, EPE;38.7166948, -9.1371248;2619;21019;12.5
2019-01;Região de Saúde LVT;Centro Hospitalar Lisboa Norte, EPE;38.7500861, -9.1616116;2685;16798;16.0
2019-01;Região de Saúde LVT;Instituto Português Oncologia de Lisboa, EPE;38.7396768, -9.1634516;611;5144;11.9
2019-01;Região de Saúde Norte;Centro Hospitalar do Médio Ave, EPE;41.3423984, -8.4802503;417;3006;13.9
2019-01;Região de Saúde Norte;Centro Hospitalar Vila Nova de Gaia/Espinho, EPE;41.1094138, -8.5972617;1184;9607;12.3
2019-02;Região de Saúde do Centro;Centro Hospitalar de Leiria, EPE;39.7414812, -8.7982706;1627;10574;15.4
2019-02;Região de Saúde do Centro;Instituto Português Oncologia de Coimbra, EPE;40.2162514, -8.4103814;609;5169;11.8
2019-02;Região de Saúde LVT;Centro Hospitalar Médio Tejo, EPE;39.478072, -8.5404429;1400;9969;14.0
2019-02;Região de Saúde LVT;Centro Hospitalar Psiquiátrico de Lisboa;38.7569771, -9.1460705;153;2776;5.5
2019-02;Região de Saúde LVT;Hospital de Vila Franca de Xira, PPP;38.977235, -8.984506;334;6279;5.3
2019-02;Região de Saúde LVT;Instituto Português Oncologia de Lisboa, EPE;38.7396768, -9.1634516;1172;10275;11.4
2019-02;Região de Saúde Norte;Centro Hospitalar do Porto, EPE;41.1472498, -8.6172617;2829;24549;11.5
2019-02;Região de Saúde Norte;Centro Hospitalar Vila Nova de Gaia/Espinho, EPE;41.1094138, -8.5972617;2729;19722;13.8
2019-02;Região de Saúde Norte;Hospital da Senhora da Oliveira, Guimarães, EPE;41.4387173, -8.3086907;1151;9104;12.6
2019-02;Região de Saúde Norte;Hospital de Magalhães Lemos, EPE;41.1764649, -8.6649823;116;2028;5.7
2019-02;Região de Saúde Norte;Unidade Local de Saúde do Nordeste, EPE;41.8056532, -6.7888197;1996;10950;18.2
2019-03;Região de Saúde do Centro;Centro Hospitalar Cova da Beira, EPE;40.2804158, -7.4922407;1644;9790;16.8
2019-03;Região de Saúde do Centro;Centro Hospitalar de Leiria, EPE;39.7414812, -8.7982706;2057;15833;13.0
2019-03;Região de Saúde do Centro;Hospital Distrital da Figueira da Foz, EPE;40.117897, -8.8586755;662;5591;11.9
2019-03;Região de Saúde do Centro;Unidade Local de Saúde de Castelo Branco, EPE;39.8212263, -7.4981271;1635;11084;14.8
2019-03;Região de Saúde LVT;Centro Hospitalar Barreiro/Montijo, EPE;38.6554005, -9.0592392;1723;14315;12.0
2019-03;Região de Saúde LVT;Centro Hospitalar Lisboa Norte, EPE;38.7500861, -9.1616116;7934;50840;15.6
2019-03;Região de Saúde LVT;Hospital Distrital de Santarém, EPE;39.2410946, -8.6937515;2123;12939;16.4
2019-03;Região de Saúde LVT;Instituto Gama Pinto;38.7218793, -9.144249;198;985;20.1
2019-03;Região de Saúde Norte;Centro Hospitalar de São João, EPE;41.1831056, -8.6010558;6136;48611;12.6
2019-03;Região de Saúde Norte;Centro Hospitalar do Porto, EPE;41.1472498, -8.6172617;4133;36724;11.3
2019-03;Região de Saúde Norte;Hospital de Magalhães Lemos, EPE;41.1764649, -8.6649823;175;3054;5.7
2019-03;Região de Saúde Norte;Instituto Português Oncologia do Porto, EPE;41.1785642, -8.6062881;1820;16410;11.1
2019-04;Região de Saúde do Alentejo;Unidade Local de Saúde do Litoral Alentejano, EPE;38.0162314, -8.6956768;1296;9798;13.2
2019-04;Região de Saúde do Centro;Centro Hospitalar Cova da Beira, EPE;40.2804158, -7.4922407;2246;13146;17.1
2019-04;Região de Saúde do Centro;Centro Hospitalar e Universitário de Coimbra, EPE;40.2191523, -8.4098211;11617;85423;13.6
2019-04;Região de Saúde do Centro;Centro Medicina de Reabilitação da Região Centro Rovisco Pais;40.297919, -8.7707806;132;1785;7.4
2019-04;Região de Saúde do Centro;Instituto Português Oncologia de Coimbra, EPE;40.2162514, -8.4103814;1173;10157;11.6
2019-04;Região de Saúde LVT;Centro Hospitalar do Oeste, EPE;39.4054629, -9.1258493;2338;17125;13.7
2019-04;Região de Saúde LVT;Centro Hospitalar Médio Tejo, EPE;39.478072, -8.5404429;2783;20165;13.8
2019-04;Região de Saúde Norte;Unidade Local de Saúde do Alto Minho, EPE;41.7056054, -8.8252713;4306;30816;14.0
2019-05;Região de Saúde do Centro;Centro Medicina de Reabilitação da Região Centro Rovisco Pais;40.297919, -8.7707806;164;2238;7.4
2019-05;Região de Saúde do Centro;Hospital Arcebispo João Crisóstomo;40.3470015, -8.5933462;57;1276;4.5
2019-05;Região de Saúde do Centro;Unidade Local de Saúde de Castelo Branco, EPE;39.8212263, -7.4981271;2841;18623;15.3
2019-05;Região de Saúde LVT;Centro Hospitalar de Setúbal, EPE;38.5283754, -8.8818638;3598;27810;12.9
2019-05;Região de Saúde LVT;Instituto Gama Pinto;38.7218793, -9.144249;417;1761;23.7
2019-05;Região de Saúde Norte;Centro Hospitalar de São João, EPE;41.1831056, -8.6010558;10828;81785;13.2
2019-05;Região de Saúde Norte;Centro Hospitalar do Médio Ave, EPE;41.3423984, -8.4802503;2048;15084;13.6
2019-05;Região de Saúde Norte;Centro Hospitalar Póvoa de Varzim/Vila do Conde, EPE;41.3828711, -8.7589945;1669;10501;15.9
2019-06;Região de Saúde do Centro;Hospital Distrital da Figueira da Foz, EPE;40.117897, -8.8586755;1483;10351;14.3
2019-06;Região de Saúde do Centro;Hospital Dr. Francisco Zagalo;40.8571967, -8.6318023;172;2135;8.1
2019-06;Região de Saúde LVT;Centro Hospitalar de Lisboa Central, EPE;38.7166948, -9.1371248;15694;112073;14.0
2019-06;Região de Saúde LVT;Centro Hospitalar do Oeste, EPE;39.4054629, -9.1258493;3553;22754;15.6
2019-06;Região de Saúde LVT;Centro Hospitalar Lisboa Norte, EPE;38.7500861, -9.1616116;16360;103304;15.8
2019-06;Região de Saúde LVT;Centro Hospitalar Médio Tejo, EPE;39.478072, -8.5404429;4328;27236;15.9
2019-06;Região de Saúde LVT;Instituto Português Oncologia de Lisboa, EPE;38.7396768, -9.1634516;3706;27834;13.3
2019-06;Região de Saúde Norte;Centro Hospitalar de São João, EPE;41.1831056, -8.6010558;13292;99008;13.4
2019-06;Região de Saúde Norte;Centro Hospitalar Trás-os-Montes e Alto Douro, EPE;41.3031784, -7.7515252;6512;38176;17.1
2019-06;Região de Saúde Norte;Hospital de Braga, PPP;41.56785, -8.398982;3385;43203;7.8
2019-07;Região de Saúde do Centro;Hospital Arcebispo João Crisóstomo;40.3470015, -8.5933462;83;1572;5.3
2019-07;Região de Saúde LVT;Centro Hospitalar Médio Tejo, EPE;39.478072, -8.5404429;5073;32727;15.5
2019-07;Região de Saúde LVT;Hospital Distrital de Santarém, EPE;39.2410946, -8.6937515;5082;27574;18.4
2019-07;Região de Saúde Norte;Centro Hospitalar Tâmega e Sousa, EPE;41.2494561, -8.264901;6320;36611;17.3
2019-07;Região de Saúde Norte;Hospital Santa Maria Maior, EPE;41.5324234, -8.6171561;884;7342;12.1
2019-08;Região de Saúde do Alentejo;Unidade Local de Saúde do Baixo Alentejo, EPE;38.014123, -7.8721227;5602;33368;16.8
2019-08;Região de Saúde do Centro;Centro Hospitalar de Leiria, EPE;39.7414812, -8.7982706;6390;43801;14.6
2019-08;Região de Saúde do Centro;Hospital Arcebispo João Crisóstomo;40.3470015, -8.5933462;97;1829;5.3
2019-08;Região de Saúde do Centro;Hospital Dr. Francisco Zagalo;40.8571967, -8.6318023;240;3040;7.9
2019-08;Região de Saúde LVT;Centro Hospitalar de Lisboa Central, EPE;38.7166948, -9.1371248;20966;156732;13.4
2019-08;Região de Saúde Norte;Centro Hospitalar Vila Nova de Gaia/Espinho, EPE;41.1094138, -8.5972617;10786;80971;13.3
2019-08;Região de Saúde Norte;Hospital Santa Maria Maior, EPE;41.5324234, -8.6171561;1009;8721;11.6
2019-08;Região de Saúde Norte;Unidade Local de Saúde do Alto Minho, EPE;41.7056054, -8.8252713;9079;62515;14.5
2019-09;Região de Saúde do Alentejo;Unidade Local de Saúde do Baixo Alentejo, EPE;38.014123, -7.8721227;6312;38016;16.6
2019-09;Região de Saúde do Alentejo;Unidade Local de Saúde do Norte Alentejano, EPE;39.3003425, -7.4263845;7096;37672;18.8
2019-09;Região de Saúde do Centro;Centro Hospitalar Tondela-Viseu, EPE;40.516364, -8.0827433;9209;62188;14.8
2019-09;Região de Saúde LVT;Centro Hospitalar Barreiro/Montijo, EPE;38.6554005, -9.0592392;5345;40617;13.2
2019-09;Região de Saúde LVT;Centro Hospitalar Lisboa Norte, EPE;38.7500861, -9.1616116;24732;155616;15.9
2019-09;Região de Saúde LVT;Centro Hospitalar Psiquiátrico de Lisboa;38.7569771, -9.1460705;655;11541;5.7
2019-09;Região de Saúde LVT;Hospital Distrital de Santarém, EPE;39.2410946, -8.6937515;6441;36199;17.8
2019-09;Região de Saúde LVT;Instituto Gama Pinto;38.7218793, -9.144249;781;2979;26.2
2019-09;Região de Saúde Norte;Centro Hospitalar Entre Douro e Vouga, EPE;40.9293884, -8.5458794;8344;45753;18.2
2019-09;Região de Saúde Norte;Hospital Santa Maria Maior, EPE;41.5324234, -8.6171561;1134;10226;11.1
2019-09;Região de Saúde Norte;Instituto Português Oncologia do Porto, EPE;41.1785642, -8.6062881;4860;47744;10.2
2019-09;Região de Saúde Norte;Unidade Local de Saúde de Matosinhos, EPE;41.1794456, -8.6745115;8384;61187;13.7
2019-09;Região de Saúde Norte;Unidade Local de Saúde do Nordeste, EPE;41.8056532, -6.7888197;8404;45178;18.6
2019-10;Região de Saúde do Centro;Centro Hospitalar e Universitário de Coimbra, EPE;40.2191523, -8.4098211;30269;204297;14.8
2019-10;Região de Saúde do Centro;Centro Hospitalar Tondela-Viseu, EPE;40.516364, -8.0827433;10502;69561;15.1
2019-10;Região de Saúde do Centro;Hospital Distrital da Figueira da Foz, EPE;40.117897, -8.8586755;2591;18416;14.1
2019-10;Região de Saúde do Centro;Unidade Local de Saúde de Castelo Branco, EPE;39.8212263, -7.4981271;5851;37899;15.4
2019-10;Região de Saúde LVT;Centro Hospitalar de Lisboa Ocidental, EPE;38.708454, -9.216985;12747;98442;12.9
2019-10;Região de Saúde LVT;Hospital de Vila Franca de Xira, PPP;38.977235, -8.984506;1670;31790;5.3
2019-10;Região de Saúde Norte;Centro Hospitalar do Médio Ave, EPE;41.3423984, -8.4802503;4284;28298;15.1
2019-10;Região de Saúde Norte;Centro Hospitalar do Porto, EPE;41.1472498, -8.6172617;16696;128040;13.0
2019-11;Região de Saúde do Alentejo;Unidade Local de Saúde do Baixo Alentejo, EPE;38.014123, -7.8721227;7757;50247;15.4
2019-11;Região de Saúde do Centro;Centro Hospitalar Tondela-Viseu, EPE;40.516364, -8.0827433;11507;76465;15.0
2019-11;Região de Saúde do Centro;Centro Medicina de Reabilitação da Região Centro Rovisco Pais;40.297919, -8.7707806;336;5060;6.7
2019-11;Região de Saúde do Centro;Instituto Português Oncologia de Coimbra, EPE;40.2162514, -8.4103814;3434;29456;11.7
2019-11;Região de Saúde do Centro;Unidade Local de Saúde de Castelo Branco, EPE;39.8212263, -7.4981271;6480;42302;15.3
2019-11;Região de Saúde Norte;Centro Hospitalar Póvoa de Varzim/Vila do Conde, EPE;41.3828711, -8.7589945;3713;22404;16.6
2019-11;Região de Saúde Norte;Unidade Local de Saúde de Matosinhos, EPE;41.1794456, -8.6745115;10122;75642;13.4
2019-12;Região de Saúde do Centro;Centro Hospitalar do Baixo Vouga, EPE;40.6362453, -8.6543716;9279;62897;14.8
2019-12;Região de Saúde do Centro;Unidade Local de Saúde da Guarda, EPE;40.5309916, -7.2734793;11078;67501;16.4
2019-12;Região de Saúde LVT;Centro Hospitalar Barreiro/Montijo, EPE;38.6554005, -9.0592392;7179;55830;12.9
2019-12;Região de Saúde LVT;Centro Hospitalar de Lisboa Central, EPE;38.7166948, -9.1371248;31336;249637;12.6
2019-12;Região de Saúde LVT;Centro Hospitalar Psiquiátrico de Lisboa;38.7569771, -9.1460705;861;16760;5.1
2019-12;Região de Saúde Norte;Centro Hospitalar Entre Douro e Vouga, EPE;40.9293884, -8.5458794;11927;67818;17.6
2019-12;Região de Saúde Norte;Centro Hospitalar Vila Nova de Gaia/Espinho, EPE;41.1094138, -8.5972617;17233;123651;13.9
2019-12;Região de Saúde Norte;Instituto Português Oncologia do Porto, EPE;41.1785642, -8.6062881;6684;66252;10.1
2019-12;Região de Saúde Norte;Unidade Local de Saúde de Matosinhos, EPE;41.1794456, -8.6745115;11188;82895;13.5
2020-01;Região de Saúde do Alentejo;Hospital Espírito Santo de Évora, EPE;38.5684861, -7.9032848;822;4794;17.2
2020-01;Região de Saúde do Alentejo;Unidade Local de Saúde do Litoral Alentejano, EPE;38.0162314, -8.6956768;394;2633;15.0
2020-01;Região de Saúde do Alentejo;Unidade Local de Saúde do Norte Alentejano, EPE;39.3003425, -7.4263845;1301;5054;25.7
2020-01;Região de Saúde do Centro;Centro Hospitalar Tondela-Viseu, EPE;40.516364, -8.0827433;1130;7225;15.6
2020-01;Região de Saúde do Centro;Instituto Português Oncologia de Coimbra, EPE;40.2162514, -8.4103814;331;2757;12.0
2020-01;Região de Saúde do Centro;Unidade Local de Saúde de Castelo Branco, EPE;39.8212263, -7.4981271;518;3860;13.4
2020-01;Região de Saúde LVT;Centro Hospitalar de Lisboa Central, EPE;38.7166948, -9.1371248;2550;21989;11.6
2020-01;Região de Saúde LVT;Centro Hospitalar do Oeste, EPE;39.4054629, -9.1258493;649;4507;14.4
2020-01;Região de Saúde LVT;Centro Hospitalar Psiquiátrico de Lisboa;38.7569771, -9.1460705;71;1409;5.1
2020-01;Região de Saúde Norte;Centro Hospitalar do Médio Ave, EPE;41.3423984, -8.4802503;431;3121;13.8
2020-01;Região de Saúde Norte;Centro Hospitalar Póvoa de Varzim/Vila do Conde, EPE;41.3828711, -8.7589945;284;2237;12.7
2020-01;Região de Saúde Norte;Hospital de Braga, EPE;41.56785, -8.398982;845;8032;10.5
2020-01;Região de Saúde Norte;Hospital de Magalhães Lemos, EPE;41.1764649, -8.6649823;58;1068;5.4
2020-02;Região de Saúde do Algarve;Centro Hospitalar Universitário do Algarve,EPE;37.0238973, -7.9281554;3533;22777;15.5
2020-02;Região de Saúde do Centro;Hospital Arcebispo João Crisóstomo;40.3470015, -8.5933462;24;481;5.2
2020-02;Região de Saúde do Centro;Hospital Dr. Francisco Zagalo;40.8571967, -8.6318023;82;925;8.9
2020-02;Região de Saúde LVT;Centro Hospitalar de Lisboa Central, EPE;38.7166948, -9.1371248;5335;44269;12.1
2020-02;Região de Saúde LVT;Centro Hospitalar Médio Tejo, EPE;39.478072, -8.5404429;1562;10871;14.4
2020-02;Região de Saúde Norte;Hospital da Senhora da Oliveira, Guimarães, EPE;41.4387173, -8.3086907;1306;9782;13.4
2020-02;Região de Saúde Norte;Instituto Português Oncologia do Porto, EPE;41.1785642, -8.6062881;1236;11969;10.3
2020-02;Região de Saúde Norte;Unidade Local de Saúde do Alto Minho, EPE;41.7056054, -8.8252713;2199;16138;13.6
2020-03;Região de Saúde do Alentejo;Unidade Local de Saúde do Norte Alentejano, EPE;39.3003425, -7.4263845;1961;13247;14.8
2020-03;Região de Saúde do Centro;Centro Hospitalar de Leiria, EPE;39.7414812, -8.7982706;2355;17035;13.8
2020-03;Região de Saúde do Centro;Centro Hospitalar do Baixo Vouga, EPE;40.6362453, -8.6543716;2358;17017;13.9
2020-03;Região de Saúde Norte;Centro Hospitalar de São João, EPE;41.1831056, -8.6010558;6852;52863;13.0
2020-03;Região de Saúde Norte;Centro Hospitalar do Médio Ave, EPE;41.3423984, -8.4802503;1257;9402;13.4
2020-03;Região de Saúde Norte;Centro Hospitalar do Porto, EPE;41.1472498, -8.6172617;6266;40766;15.4
2020-03;Região de Saúde Norte;Centro Hospitalar Póvoa de Varzim/Vila do Conde, EPE;41.3828711, -8.7589945;1046;6958;15.0
2020-03;Região de Saúde Norte;Centro Hospitalar Tâmega e Sousa, EPE;41.2494561, -8.264901;2895;18390;15.7
2020-03;Região de Saúde Norte;Instituto Português Oncologia do Porto, EPE;41.1785642, -8.6062881;1856;18043;10.3
2020-03;Região de Saúde Norte;Unidade Local de Saúde do Nordeste, EPE;41.8056532, -6.7888197;2975;16921;17.6
2020-04;Região de Saúde do Alentejo;Unidade Local de Saúde do Baixo Alentejo, EPE;38.014123, -7.8721227;2549;19215;13.3
2020-04;Região de Saúde do Algarve;Centro Hospitalar Universitário do Algarve,EPE;37.0238973, -7.9281554;6885;45253;15.2
2020-04;Região de Saúde do Centro;Centro Hospitalar de Leiria, EPE;39.7414812, -8.7982706;2682;22215;12.1
2020-04;Região de Saúde do Centro;Centro Hospitalar e Universitário de Coimbra, EPE;40.2191523, -8.4098211;12841;88763;14.5
2020-04;Região de Saúde do Centro;Instituto Português Oncologia de Coimbra, EPE;40.2162514, -8.4103814;1313;10730;12.2
2020-04;Região de Saúde do Centro;Unidade Local de Saúde de Castelo Branco, EPE;39.8212263, -7.4981271;2284;15728;14.5
2020-04;Região de Saúde LVT;Centro Hospitalar de Lisboa Central, EPE;38.7166948, -9.1371248;10507;88143;11.9
2020-04;Região de Saúde LVT;Centro Hospitalar de Lisboa Ocidental, EPE;38.708454, -9.216985;5288;43670;12.1
2020-04;Região de Saúde LVT;Instituto Gama Pinto;38.7218793, -9.144249;223;1519;14.7
2020-04;Região de Saúde Norte;Centro Hospitalar do Porto, EPE;41.1472498, -8.6172617;7955;53846;14.8
2020-04;Região de Saúde Norte;Centro Hospitalar Póvoa de Varzim/Vila do Conde, EPE;41.3828711, -8.7589945;1500;9443;15.9
2020-04;Região de Saúde Norte;Hospital de Magalhães Lemos, EPE;41.1764649, -8.6649823;259;4317;6.0
2020-05;Região de Saúde do Centro;Centro Hospitalar Tondela-Viseu, EPE;40.516364, -8.0827433;4779;35325;13.5
2020-05;Região de Saúde do Centro;Hospital Dr. Francisco Zagalo;40.8571967, -8.6318023;236;2464;9.6
2020-05;Região de Saúde do Centro;Unidade Local de Saúde da Guarda, EPE;40.5309916, -7.2734793;4730;30566;15.5
2020-05;Região de Saúde do Centro;Unidade Local de Saúde de Castelo Branco, EPE;39.8212263, -7.4981271;2941;19849;14.8
2020-05;Região de Saúde LVT;Centro Hospitalar de Lisboa Central, EPE;38.7166948, -9.1371248;13437;110146;12.2
2020-05;Região de Saúde LVT;Centro Hospitalar de Lisboa Ocidental, EPE;38.708454, -9.216985;6721;54791;12.3
2020-05;Região de Saúde Norte;Instituto Português Oncologia do Porto, EPE;41.1785642, -8.6062881;3397;30530;11.1
2020-06;Região de Saúde do Alentejo;Unidade Local de Saúde do Norte Alentejano, EPE;39.3003425, -7.4263845;4025;23635;17.0
2020-06;Região de Saúde do Centro;Centro Hospitalar e Universitário de Coimbra, EPE;40.2191523, -8.4098211;18984;120129;15.8
2020-06;Região de Saúde do Centro;Hospital Dr. Francisco Zagalo;40.8571967, -8.6318023;282;2604;10.9
2020-06;Região de Saúde LVT;Centro Hospitalar de Setúbal, EPE;38.5283754, -8.8818638;5787;31848;18.2
2020-06;Região de Saúde LVT;Hospital Distrital de Santarém, EPE;39.2410946, -8.6937515;4391;23081;19.0
2020-06;Região de Saúde LVT;Instituto Gama Pinto;38.7218793, -9.144249;225;1861;12.1
2020-06;Região de Saúde LVT;Instituto Português Oncologia de Lisboa, EPE;38.7396768, -9.1634516;3636;29217;12.4
2020-06;Região de Saúde Norte;Centro Hospitalar Tâmega e Sousa, EPE;41.2494561, -8.264901;5928;33051;17.9
2020-07;Região de Saúde do Alentejo;Unidade Local de Saúde do Norte Alentejano, EPE;39.3003425, -7.4263845;4830;28295;17.1
2020-07;Região de Saúde do Centro;Centro Hospitalar Cova da Beira, EPE;40.2804158, -7.4922407;4599;25065;18.4
2020-07;Região de Saúde do Centro;Hospital Distrital da Figueira da Foz, EPE;40.117897, -8.8586755;1576;12884;12.2
2020-07;Região de Saúde do Centro;Unidade Local de Saúde da Guarda, EPE;40.5309916, -7.2734793;6816;39578;17.2
2020-07;Região de Saúde LVT;Centro Hospitalar de Lisboa Central, EPE;38.7166948, -9.1371248;19376;140683;13.8
2020-07;Região de Saúde LVT;Centro Hospitalar Psiquiátrico de Lisboa;38.7569771, -9.1460705;537;8859;6.1
2020-07;Região de Saúde LVT;Hospital Garcia de Orta, EPE;38.6658713, -9.1822554;8739;55863;15.6
2020-07;Região de Saúde Norte;Centro Hospitalar Entre Douro e Vouga, EPE;40.9293884, -8.5458794;6487;35867;18.1
2020-07;Região de Saúde Norte;Centro Hospitalar Vila Nova de Gaia/Espinho, EPE;41.1094138, -8.5972617;9287;73055;12.7
2020-07;Região de Saúde Norte;Hospital da Senhora da Oliveira, Guimarães, EPE;41.4387173, -8.3086907;5114;35059;14.6
2020-08;Região de Saúde do Centro;Centro Hospitalar Tondela-Viseu, EPE;40.516364, -8.0827433;8213;57135;14.4
2020-08;Região de Saúde do Centro;Hospital Dr. Francisco Zagalo;40.8571967, -8.6318023;359;3641;9.9
2020-08;Região de Saúde LVT;Centro Hospitalar Barreiro/Montijo, EPE;38.6554005, -9.0592392;5357;37061;14.5
2020-08;Região de Saúde LVT;Hospital de Vila Franca de Xira, PPP;38.977235, -8.984506;1666;25514;6.5
2020-08;Região de Saúde Norte;Centro Hospitalar Entre Douro e Vouga, EPE;40.9293884, -8.5458794;7430;41772;17.8
2020-08;Região de Saúde Norte;Hospital da Senhora da Oliveira, Guimarães, EPE;41.4387173, -8.3086907;5585;39924;14.0
2020-09;Região de Saúde do Centro;Centro Hospitalar e Universitário de Coimbra, EPE;40.2191523, -8.4098211;29964;190329;15.7
2020-09;Região de Saúde do Centro;Centro Medicina de Reabilitação da Região Centro Rovisco Pais;40.297919, -8.7707806;313;3858;8.1
2020-09;Região de Saúde do Centro;Hospital Arcebispo João Crisóstomo;40.3470015, -8.5933462;118;2233;5.3
2020-09;Região de Saúde do Centro;Unidade Local de Saúde de Castelo Branco, EPE;39.8212263, -7.4981271;5513;36296;15.2
2020-09;Região de Saúde LVT;Centro Hospitalar Lisboa Norte, EPE;38.7500861, -9.1616116;27569;160021;17.2
2020-09;Região de Saúde LVT;Centro Hospitalar Médio Tejo, EPE;39.478072, -8.5404429;7217;46094;15.7
2020-09;Região de Saúde LVT;Centro Hospitalar Psiquiátrico de Lisboa;38.7569771, -9.1460705;712;11743;6.1
2020-09;Região de Saúde LVT;Instituto Gama Pinto;38.7218793, -9.144249;229;2788;8.2
2020-09;Região de Saúde Norte;Centro Hospitalar Entre Douro e Vouga, EPE;40.9293884, -8.5458794;8641;47938;18.0
2020-09;Região de Saúde Norte;Centro Hospitalar Póvoa de Varzim/Vila do Conde, EPE;41.3828711, -8.7589945;3268;20160;16.2
2020-09;Região de Saúde Norte;Centro Hospitalar Vila Nova de Gaia/Espinho, EPE;41.1094138, -8.5972617;12489;94552;13.2
2020-09;Região de Saúde Norte;Hospital de Magalhães Lemos, EPE;41.1764649, -8.6649823;650;9899;6.6
2020-10;Região de Saúde do Alentejo;Hospital Espírito Santo de Évora, EPE;38.5684861, -7.9032848;8698;46290;18.8
2020-10;Região de Saúde do Centro;Hospital Distrital da Figueira da Foz, EPE;40.117897, -8.8586755;2570;19454;13.2
2020-10;Região de Saúde LVT;Centro Hospitalar Barreiro/Montijo, EPE;38.6554005, -9.0592392;6614;47193;14.0
2020-10;Região de Saúde LVT;Centro Hospitalar de Lisboa Central, EPE;38.7166948, -9.1371248;27773;207285;13.4
2020-10;Região de Saúde Norte;Centro Hospitalar Póvoa de Varzim/Vila do Conde, EPE;41.3828711, -8.7589945;3610;22529;16.0
2020-10;Região de Saúde Norte;Unidade Local de Saúde de Matosinhos, EPE;41.1794456, -8.6745115;10772;74825;14.4
2020-10;Região de Saúde Norte;Unidade Local de Saúde do Nordeste, EPE;41.8056532, -6.7888197;10900;53689;20.3
2020-11;Região de Saúde do Alentejo;Unidade Local de Saúde do Litoral Alentejano, EPE;38.0162314, -8.6956768;4752;29569;16.1
2020-11;Região de Saúde do Centro;Centro Hospitalar Tondela-Viseu, EPE;40.516364, -8.0827433;11174;78066;14.3
2020-11;Região de Saúde do Centro;Hospital Dr. Francisco Zagalo;40.8571967, -8.6318023;465;5445;8.6
2020-11;Região de Saúde LVT;Centro Hospitalar Psiquiátrico de Lisboa;38.7569771, -9.1460705;886;15790;5.6
2020-11;Região de Saúde Norte;Centro Hospitalar Trás-os-Montes e Alto Douro, EPE;41.3031784, -7.7515252;12653;85683;14.8
2020-11;Região de Saúde Norte;Centro Hospitalar Vila Nova de Gaia/Espinho, EPE;41.1094138, -8.5972617;15590;117015;13.3
2020-11;Região de Saúde Norte;Unidade Local de Saúde do Alto Minho, EPE;41.7056054, -8.8252713;13839;98476;14.1
2020-12;Região de Saúde do Alentejo;Unidade Local de Saúde do Baixo Alentejo, EPE;38.014123, -7.8721227;9997;58379;17.1
2020-12;Região de Saúde LVT;Centro Hospitalar de Lisboa Central, EPE;38.7166948, -9.1371248;35654;258820;13.8
2020-12;Região de Saúde LVT;Centro Hospitalar de Lisboa Ocidental, EPE;38.708454, -9.216985;20304;138789;14.6
2020-12;Região de Saúde LVT;Centro Hospitalar de Setúbal, EPE;38.5283754, -8.8818638;11925;73559;16.2
2020-12;Região de Saúde LVT;Hospital Fernando Fonseca, EPE;38.7422257, -9.2264834;18715;105350;17.8
2020-12;Região de Saúde Norte;Centro Hospitalar Vila Nova de Gaia/Espinho, EPE;41.1094138, -8.5972617;18326;130653;14.0
2020-12;Região de Saúde Norte;Hospital da Senhora da Oliveira, Guimarães, EPE;41.4387173, -8.3086907;10037;65073;15.4
2020-12;Região de Saúde Norte;Hospital de Magalhães Lemos, EPE;41.1764649, -8.6649823;845;13280;6.4
2020-12;Região de Saúde Norte;Hospital Santa Maria Maior, EPE;41.5324234, -8.6171561;1829;17859;10.2
2021-01;Região de Saúde do Alentejo;Unidade Local de Saúde do Litoral Alentejano, EPE;38.0162314, -8.6956768;713;3174;22.5
2021-01;Região de Saúde do Centro;Centro Hospitalar de Leiria, EPE;39.7414812, -8.7982706;1743;7423;23.5
2021-01;Região de Saúde do Centro;Centro Medicina de Reabilitação da Região Centro Rovisco Pais;40.297919, -8.7707806;52;517;10.1
2021-01;Região de Saúde LVT;Centro Hospitalar Barreiro/Montijo, EPE;38.6554005, -9.0592392;793;5333;14.9
2021-01;Região de Saúde LVT;Centro Hospitalar de Lisboa Central, EPE;38.7166948, -9.1371248;3602;24568;14.7
2021-01;Região de Saúde LVT;Centro Hospitalar de Setúbal, EPE;38.5283754, -8.8818638;1194;6495;18.4
2021-01;Região de Saúde LVT;Instituto Português Oncologia de Lisboa, EPE;38.7396768, -9.1634516;924;5939;15.6
2021-01;Região de Saúde Norte;Centro Hospitalar Trás-os-Montes e Alto Douro, EPE;41.3031784, -7.7515252;1462;8283;17.7
2021-01;Região de Saúde Norte;Centro Hospitalar Vila Nova de Gaia/Espinho, EPE;41.1094138, -8.5972617;1657;11474;14.4
2021-01;Região de Saúde Norte;Unidade Local de Saúde do Nordeste, EPE;41.8056532, -6.7888197;1581;6477;24.4
2021-02;Região de Saúde do Algarve;Centro Hospitalar Universitário do Algarve,EPE;37.0238973, -7.9281554;2357;22633;10.4
2021-02;Região de Saúde do Centro;Centro Hospitalar de Leiria, EPE;39.7414812, -8.7982706;4226;15737;26.9
2021-02;Região de Saúde LVT;Centro Hospitalar Barreiro/Montijo, EPE;38.6554005, -9.0592392;1595;10687;14.9
2021-02;Região de Saúde LVT;Centro Hospitalar de Lisboa Central, EPE;38.7166948, -9.1371248;6902;47824;14.4
2021-02;Região de Saúde LVT;Hospital Fernando Fonseca, EPE;38.7422257, -9.2264834;3516;18539;19.0
2021-02;Região de Saúde Norte;Centro Hospitalar de São João, EPE;41.1831056, -8.6010558;6798;38487;17.7
2021-02;Região de Saúde Norte;Centro Hospitalar Entre Douro e Vouga, EPE;40.9293884, -8.5458794;2313;12513;18.5
2021-02;Região de Saúde Norte;Hospital de Braga, EPE;41.56785, -8.398982;2830;20318;13.9
2021-03;Região de Saúde do Alentejo;Unidade Local de Saúde do Litoral Alentejano, EPE;38.0162314, -8.6956768;2056;9434;21.8
2021-03;Região de Saúde do Centro;Unidade Local de Saúde da Guarda, EPE;40.5309916, -7.2734793;4096;22339;18.3
2021-03;Região de Saúde LVT;Centro Hospitalar de Setúbal, EPE;38.5283754, -8.8818638;3810;19544;19.5
2021-03;Região de Saúde Norte;Centro Hospitalar Entre Douro e Vouga, EPE;40.9293884, -8.5458794;3305;18777;17.6
2021-03;Região de Saúde Norte;Centro Hospitalar Trás-os-Montes e Alto Douro, EPE;41.3031784, -7.7515252;4731;25716;18.4
2021-03;Região de Saúde Norte;Hospital de Braga, EPE;41.56785, -8.398982;6125;31390;19.5
2021-04;Região de Saúde do Alentejo;Unidade Local de Saúde do Litoral Alentejano, EPE;38.0162314, -8.6956768;2669;12516;21.3
2021-04;Região de Saúde do Centro;Centro Hospitalar e Universitário de Coimbra, EPE;40.2191523, -8.4098211;17102;100949;16.9
2021-04;Região de Saúde do Centro;Hospital Distrital da Figueira da Foz, EPE;40.117897, -8.8586755;1136;8702;13.1
2021-04;Região de Saúde do Centro;Unidade Local de Saúde de Castelo Branco, EPE;39.8212263, -7.4981271;3236;17527;18.5
2021-04;Região de Saúde LVT;Centro Hospitalar de Setúbal, EPE;38.5283754, -8.8818638;4885;25785;18.9
2021-04;Região de Saúde LVT;Centro Hospitalar Médio Tejo, EPE;39.478072, -8.5404429;4235;24327;17.4
2021-04;Região de Saúde LVT;Hospital Fernando Fonseca, EPE;38.7422257, -9.2264834;6376;36840;17.3
2021-04;Região de Saúde LVT;Instituto Gama Pinto;38.7218793, -9.144249;276;1538;18.0
2021-04;Região de Saúde Norte;Centro Hospitalar do Médio Ave, EPE;41.3423984, -8.4802503;2282;13668;16.7
2021-04;Região de Saúde Norte;Centro Hospitalar Entre Douro e Vouga, EPE;40.9293884, -8.5458794;4304;25002;17.2
2021-04;Região de Saúde Norte;Unidade Local de Saúde de Matosinhos, EPE;41.1794456, -8.6745115;4580;35043;13.1
2021-05;Região de Saúde do Alentejo;Unidade Local de Saúde do Norte Alentejano, EPE;39.3003425, -7.4263845;4631;24278;19.1
2021-05;Região de Saúde do Centro;Centro Hospitalar do Baixo Vouga, EPE;40.6362453, -8.6543716;3688;30050;12.3
2021-05;Região de Saúde do Centro;Centro Hospitalar Tondela-Viseu, EPE;40.516364, -8.0827433;6240;38810;16.1
2021-05;Região de Saúde do Centro;Centro Medicina de Reabilitação da Região Centro Rovisco Pais;40.297919, -8.7707806;203;2503;8.1
2021-05;Região de Saúde do Centro;Instituto Português Oncologia de Coimbra, EPE;40.2162514, -8.4103814;2000;15359;13.0
2021-05;Região de Saúde do Centro;Unidade Local de Saúde de Castelo Branco, EPE;39.8212263, -7.4981271;3974;21808;18.2
2021-05;Região de Saúde LVT;Centro Hospitalar do Oeste, EPE;39.4054629, -9.1258493;3972;25339;15.7
2021-05;Região de Saúde LVT;Centro Hospitalar Lisboa Norte, EPE;38.7500861, -9.1616116;17650;95251;18.5
2021-05;Região de Saúde LVT;Hospital Fernando Fonseca, EPE;38.7422257, -9.2264834;7855;46709;16.8
2021-05;Região de Saúde LVT;Instituto Português Oncologia de Lisboa, EPE;38.7396768, -9.1634516;4051;28822;14.1
2021-05;Região de Saúde Norte;Centro Hospitalar Trás-os-Montes e Alto Douro, EPE;41.3031784, -7.7515252;6089;41709;14.6
2021-05;Região de Saúde Norte;Hospital de Braga, EPE;41.56785, -8.398982;9743;51886;18.8
2021-05;Região de Saúde Norte;Instituto Português Oncologia do Porto, EPE;41.1785642, -8.6062881;3694;32557;11.3
2021-06;Região de Saúde do Centro;Centro Hospitalar e Universitário de Coimbra, EPE;40.2191523, -8.4098211;26567;134403;19.8
2021-06;Região de Saúde LVT;Centro Hospitalar do Oeste, EPE;39.4054629, -9.1258493;4777;26900;17.8
2021-06;Região de Saúde LVT;Centro Hospitalar Médio Tejo, EPE;39.478072, -8.5404429;5729;31803;18.0
2021-06;Região de Saúde LVT;Centro Hospitalar Psiquiátrico de Lisboa;38.7569771, -9.1460705;583;7803;7.5
2021-06;Região de Saúde Norte;Centro Hospitalar do Médio Ave, EPE;41.3423984, -8.4802503;3347;18250;18.3
2021-06;Região de Saúde Norte;Centro Hospitalar Trás-os-Montes e Alto Douro, EPE;41.3031784, -7.7515252;7011;42923;16.3
2021-06;Região de Saúde Norte;Instituto Português Oncologia do Porto, EPE;41.1785642, -8.6062881;4486;38856;11.5
2021-07;Região de Saúde do Centro;Centro Medicina de Reabilitação da Região Centro Rovisco Pais;40.297919, -8.7707806;275;3127;8.8
2021-07;Região de Saúde do Centro;Hospital Distrital da Figueira da Foz, EPE;40.117897, -8.8586755;2215;14121;15.7
2021-07;Região de Saúde do Centro;Unidade Local de Saúde da Guarda, EPE;40.5309916, -7.2734793;7836;43798;17.9
2021-07;Região de Saúde LVT;Centro Hospitalar Lisboa Norte, EPE;38.7500861, -9.1616116;24644;132750;18.6
2021-07;Região de Saúde Norte;Centro Hospitalar Trás-os-Montes e Alto Douro, EPE;41.3031784, -7.7515252;8704;52043;16.7
2021-07;Região de Saúde Norte;Centro Hospitalar Vila Nova de Gaia/Espinho, EPE;41.1094138, -8.5972617;11773;80784;14.6
2021-07;Região de Saúde Norte;Hospital da Senhora da Oliveira, Guimarães, EPE;41.4387173, -8.3086907;7672;41999;18.3
2021-07;Região de Saúde Norte;Unidade Local de Saúde do Nordeste, EPE;41.8056532, -6.7888197;8551;40991;20.9
2021-08;Região de Saúde do Algarve;Centro Hospitalar Universitário do Algarve,EPE;37.0238973, -7.9281554;15429;90592;17.0
2021-08;Região de Saúde do Centro;Centro Hospitalar Tondela-Viseu, EPE;40.516364, -8.0827433;9951;61425;16.2
2021-08;Região de Saúde do Centro;Centro Medicina de Reabilitação da Região Centro Rovisco Pais;40.297919, -8.7707806;314;3644;8.6
2021-08;Região de Saúde do Centro;Hospital Distrital da Figueira da Foz, EPE;40.117897, -8.8586755;2612;16407;15.9
2021-08;Região de Saúde LVT;Centro Hospitalar de Lisboa Ocidental, EPE;38.708454, -9.216985;14704;91330;16.1
2021-08;Região de Saúde LVT;Centro Hospitalar do Oeste, EPE;39.4054629, -9.1258493;6387;37001;17.3
2021-08;Região de Saúde LVT;Hospital Distrital de Santarém, EPE;39.2410946, -8.6937515;7812;35900;21.8
2021-08;Região de Saúde LVT;Hospital Fernando Fonseca, EPE;38.7422257, -9.2264834;12958;74614;17.4
2021-08;Região de Saúde LVT;Instituto Português Oncologia de Lisboa, EPE;38.7396768, -9.1634516;6471;42439;15.2
2021-08;Região de Saúde Norte;Centro Hospitalar de São João, EPE;41.1831056, -8.6010558;21644;149960;14.4
2021-08;Região de Saúde Norte;Centro Hospitalar do Porto, EPE;41.1472498, -8.6172617;18482;117654;15.7
2021-08;Região de Saúde Norte;Centro Hospitalar Póvoa de Varzim/Vila do Conde, EPE;41.3828711, -8.7589945;3297;19192;17.2
2021-08;Região de Saúde Norte;Centro Hospitalar Tâmega e Sousa, EPE;41.2494561, -8.264901;10683;54895;19.5
2021-09;Região de Saúde do Algarve;Centro Hospitalar Universitário do Algarve,EPE;37.0238973, -7.9281554;17713;103260;17.2
2021-09;Região de Saúde do Centro;Centro Medicina de Reabilitação da Região Centro Rovisco Pais;40.297919, -8.7707806;354;4185;8.5
2021-09;Região de Saúde do Centro;Hospital Distrital da Figueira da Foz, EPE;40.117897, -8.8586755;2951;18654;15.8
2021-09;Região de Saúde do Centro;Unidade Local de Saúde da Guarda, EPE;40.5309916, -7.2734793;10119;57258;17.7
2021-09;Região de Saúde do Centro;Unidade Local de Saúde de Castelo Branco, EPE;39.8212263, -7.4981271;6940;38575;18.0
2021-09;Região de Saúde LVT;Centro Hospitalar Lisboa Norte, EPE;38.7500861, -9.1616116;31208;169564;18.4
2021-09;Região de Saúde LVT;Instituto Gama Pinto;38.7218793, -9.144249;730;3450;21.2
2021-09;Região de Saúde Norte;Hospital da Senhora da Oliveira, Guimarães, EPE;41.4387173, -8.3086907;10409;54703;19.0
2021-09;Região de Saúde Norte;Hospital de Magalhães Lemos, EPE;41.1764649, -8.6649823;660;9926;6.7
2021-09;Região de Saúde Norte;Hospital Santa Maria Maior, EPE;41.5324234, -8.6171561;1467;13440;10.9
2021-09;Região de Saúde Norte;Unidade Local de Saúde do Alto Minho, EPE;41.7056054, -8.8252713;13965;82989;16.8
2021-09;Região de Saúde Norte;Unidade Local de Saúde do Nordeste, EPE;41.8056532, -6.7888197;11079;54088;20.5
2021-10;Região de Saúde do Alentejo;Unidade Local de Saúde do Litoral Alentejano, EPE;38.0162314, -8.6956768;6179;29224;21.1
2021-10;Região de Saúde do Centro;Hospital Distrital da Figueira da Foz, EPE;40.117897, -8.8586755;3259;20815;15.7
2021-10;Região de Saúde LVT;Centro Hospitalar de Lisboa Central, EPE;38.7166948, -9.1371248;31583;220562;14.3
2021-10;Região de Saúde LVT;Centro Hospitalar de Setúbal, EPE;38.5283754, -8.8818638;12246;61979;19.8
2021-10;Região de Saúde LVT;Centro Hospitalar Lisboa Norte, EPE;38.7500861, -9.1616116;34277;187961;18.2
2021-10;Região de Saúde LVT;Hospital Distrital de Santarém, EPE;39.2410946, -8.6937515;9501;45134;21.1
2021-10;Região de Saúde Norte;Centro Hospitalar Entre Douro e Vouga, EPE;40.9293884, -8.5458794;11037;58617;18.8
2021-10;Região de Saúde Norte;Instituto Português Oncologia do Porto, EPE;41.1785642, -8.6062881;7058;64756;10.9
2021-11;Região de Saúde do Alentejo;Hospital Espírito Santo de Évora, EPE;38.5684861, -7.9032848;11327;54775;20.7
2021-11;Região de Saúde do Alentejo;Unidade Local de Saúde do Litoral Alentejano, EPE;38.0162314, -8.6956768;6673;34019;19.6
2021-11;Região de Saúde do Centro;Hospital Distrital da Figueira da Foz, EPE;40.117897, -8.8586755;3622;23147;15.6
2021-11;Região de Saúde do Centro;Unidade Local de Saúde de Castelo Branco, EPE;39.8212263, -7.4981271;8266;47177;17.5
2021-11;Região de Saúde LVT;Centro Hospitalar de Setúbal, EPE;38.5283754, -8.8818638;13494;72852;18.5
2021-11;Região de Saúde LVT;Hospital Garcia de Orta, EPE;38.6658713, -9.1822554;15390;93898;16.4
2021-11;Região de Saúde LVT;Instituto Gama Pinto;38.7218793, -9.144249;919;4537;20.3
2021-11;Região de Saúde Norte;Centro Hospitalar do Médio Ave, EPE;41.3423984, -8.4802503;5954;37328;16.0
2021-11;Região de Saúde Norte;Centro Hospitalar Tâmega e Sousa, EPE;41.2494561, -8.264901;14895;77129;19.3
2021-11;Região de Saúde Norte;Centro Hospitalar Trás-os-Montes e Alto Douro, EPE;41.3031784, -7.7515252;14262;92046;15.5
2021-11;Região de Saúde Norte;Hospital Santa Maria Maior, EPE;41.5324234, -8.6171561;1771;17695;10.0
2021-12;Região de Saúde do Centro;Hospital Arcebispo João Crisóstomo;40.3470015, -8.5933462;174;3513;5.0
2021-12;Região de Saúde LVT;Centro Hospitalar de Setúbal, EPE;38.5283754, -8.8818638;14842;79846;18.6
2021-12;Região de Saúde LVT;Centro Hospitalar Lisboa Norte, EPE;38.7500861, -9.1616116;41065;225034;18.2
2021-12;Região de Saúde LVT;Centro Hospitalar Psiquiátrico de Lisboa;38.7569771, -9.1460705;1055;17689;6.0
2021-12;Região de Saúde Norte;Centro Hospitalar do Médio Ave, EPE;41.3423984, -8.4802503;7261;41739;17.4
2021-12;Região de Saúde Norte;Centro Hospitalar Trás-os-Montes e Alto Douro, EPE;41.3031784, -7.7515252;18273;106156;17.2
2021-12;Região de Saúde Norte;Hospital de Braga, EPE;41.56785, -8.398982;24127;119818;20.1
2021-12;Região de Saúde Norte;Unidade Local de Saúde do Alto Minho, EPE;41.7056054, -8.8252713;18749;111483;16.8
2021-12;Região de Saúde Norte;Unidade Local de Saúde do Nordeste, EPE;41.8056532, -6.7888197;14780;76448;19.3
2022-01;Região de Saúde do Centro;Hospital Distrital da Figueira da Foz, EPE;40.117897, -8.8586755;243;2189;11.1
2022-01;Região de Saúde LVT;Centro Hospitalar de Setúbal, EPE;38.5283754, -8.8818638;1183;6718;17.6
2022-01;Região de Saúde Norte;Centro Hospitalar Trás-os-Montes e Alto Douro, EPE;41.3031784, -7.7515252;1604;9056;17.7
2022-01;Região de Saúde Norte;Hospital Santa Maria Maior, EPE;41.5324234, -8.6171561;185;1773;10.5
2022-01;Região de Saúde Norte;Instituto Português Oncologia do Porto, EPE;41.1785642, -8.6062881;840;6816;12.3
2022-02;Região de Saúde do Centro;Centro Hospitalar Tondela-Viseu, EPE;40.516364, -8.0827433;2652;15900;16.7
2022-02;Região de Saúde do Centro;Hospital Arcebispo João Crisóstomo;40.3470015, -8.5933462;24;572;4.3
2022-02;Região de Saúde do Centro;Hospital Dr. Francisco Zagalo;40.8571967, -8.6318023;102;1083;9.5
2022-02;Região de Saúde do Centro;Unidade Local de Saúde de Castelo Branco, EPE;39.8212263, -7.4981271;1517;8727;17.4
2022-02;Região de Saúde LVT;Centro Hospitalar de Lisboa Ocidental, EPE;38.708454, -9.216985;3450;24213;14.3
2022-02;Região de Saúde LVT;Hospital Distrital de Santarém, EPE;39.2410946, -8.6937515;1518;9193;16.5
2022-02;Região de Saúde LVT;Instituto Português Oncologia de Lisboa, EPE;38.7396768, -9.1634516;1658;11455;14.5
2022-02;Região de Saúde Norte;Centro Hospitalar Vila Nova de Gaia/Espinho, EPE;41.1094138, -8.5972617;3230;22290;14.5
2022-02;Região de Saúde Norte;Hospital da Senhora da Oliveira, Guimarães, EPE;41.4387173, -8.3086907;2413;12494;19.3
2022-02;Região de Saúde Norte;Unidade Local de Saúde do Alto Minho, EPE;41.7056054, -8.8252713;3307;18589;17.8
2022-02;Região de Saúde Norte;Unidade Local de Saúde do Nordeste, EPE;41.8056532, -6.7888197;2570;12925;19.9
2022-03;Região de Saúde do Algarve;Centro Hospitalar Universitário do Algarve,EPE;37.0238973, -7.9281554;6238;37910;16.5
2022-03;Região de Saúde do Centro;Centro Hospitalar de Leiria, EPE;39.7414812, -8.7982706;5664;22663;25.0
2022-03;Região de Saúde do Centro;Centro Medicina de Reabilitação da Região Centro Rovisco Pais;40.297919, -8.7707806;107;1627;6.6
2022-03;Região de Saúde do Centro;Instituto Português Oncologia de Coimbra, EPE;40.2162514, -8.4103814;1161;9073;12.8
2022-03;Região de Saúde LVT;Centro Hospitalar de Lisboa Ocidental, EPE;38.708454, -9.216985;5257;36703;14.3
2022-03;Região de Saúde LVT;Centro Hospitalar do Oeste, EPE;39.4054629, -9.1258493;2532;15407;16.4
2022-03;Região de Saúde LVT;Hospital de Vila Franca de Xira, EPE;38.977235, -8.984506;2040;12715;16.0
2022-03;Região de Saúde Norte;Centro Hospitalar do Porto, EPE;41.1472498, -8.6172617;7340;44431;16.5
2022-04;Região de Saúde do Centro;Centro Hospitalar de Leiria, EPE;39.7414812, -8.7982706;3940;24722;15.9
2022-04;Região de Saúde do Centro;Centro Medicina de Reabilitação da Região Centro Rovisco Pais;40.297919, -8.7707806;144;2172;6.6
2022-04;Região de Saúde do Centro;Hospital Dr. Francisco Zagalo;40.8571967, -8.6318023;184;2161;8.6
2022-04;Região de Saúde LVT;Centro Hospitalar Barreiro/Montijo, EPE;38.6554005, -9.0592392;2941;21866;13.5
2022-04;Região de Saúde LVT;Centro Hospitalar Médio Tejo, EPE;39.478072, -8.5404429;3839;24396;15.7
2022-04;Região de Saúde LVT;Centro Hospitalar Psiquiátrico de Lisboa;38.7569771, -9.1460705;317;5849;5.4
2022-04;Região de Saúde Norte;Unidade Local de Saúde do Alto Minho, EPE;41.7056054, -8.8252713;6631;37433;17.7
2022-05;Região de Saúde do Alentejo;Hospital Espírito Santo de Évora, EPE;38.5684861, -7.9032848;4640;26777;17.3
2022-05;Região de Saúde do Alentejo;Unidade Local de Saúde do Litoral Alentejano, EPE;38.0162314, -8.6956768;2806;15442;18.2
2022-05;Região de Saúde do Centro;Centro Medicina de Reabilitação da Região Centro Rovisco Pais;40.297919, -8.7707806;192;2746;7.0
2022-05;Região de Saúde do Centro;Unidade Local de Saúde da Guarda, EPE;40.5309916, -7.2734793;5364;33538;16.0
2022-05;Região de Saúde LVT;Centro Hospitalar de Lisboa Central, EPE;38.7166948, -9.1371248;15952;119374;13.4
2022-05;Região de Saúde LVT;Centro Hospitalar do Oeste, EPE;39.4054629, -9.1258493;4265;25961;16.4
2022-05;Região de Saúde LVT;Centro Hospitalar Lisboa Norte, EPE;38.7500861, -9.1616116;17309;95458;18.1
2022-05;Região de Saúde LVT;Hospital de Vila Franca de Xira, EPE;38.977235, -8.984506;3407;21326;16.0
2022-05;Região de Saúde LVT;Instituto Gama Pinto;38.7218793, -9.144249;274;1914;14.3
2022-05;Região de Saúde Norte;Centro Hospitalar Vila Nova de Gaia/Espinho, EPE;41.1094138, -8.5972617;8301;56792;14.6
2022-06;Região de Saúde do Centro;Hospital Dr. Francisco Zagalo;40.8571967, -8.6318023;294;2977;9.9
2022-06;Região de Saúde do Centro;Instituto Português Oncologia de Coimbra, EPE;40.2162514, -8.4103814;2272;17646;12.9
2022-06;Região de Saúde LVT;Centro Hospitalar Psiquiátrico de Lisboa;38.7569771, -9.1460705;487;7953;6.1
2022-06;Região de Saúde LVT;Hospital de Vila Franca de Xira, EPE;38.977235, -8.984506;4121;25475;16.2
2022-06;Região de Saúde LVT;Instituto Gama Pinto;38.7218793, -9.144249;275;2049;13.4
2022-06;Região de Saúde Norte;Centro Hospitalar Trás-os-Montes e Alto Douro, EPE;41.3031784, -7.7515252;8157;47825;17.1
2022-06;Região de Saúde Norte;Unidade Local de Saúde do Nordeste, EPE;41.8056532, -6.7888197;7173;34598;20.7
2022-07;Região de Saúde do Alentejo;Hospital Espírito Santo de Évora, EPE;38.5684861, -7.9032848;6618;34299;19.3
2022-07;Região de Saúde do Algarve;Centro Hospitalar Universitário do Algarve,EPE;37.0238973, -7.9281554;14201;82732;17.2
2022-07;Região de Saúde do Centro;Centro Hospitalar Cova da Beira, EPE;40.2804158, -7.4922407;5500;28026;19.6
2022-07;Região de Saúde do Centro;Centro Hospitalar de Leiria, EPE;39.7414812, -8.7982706;7054;44355;15.9
2022-07;Região de Saúde do Centro;Instituto Português Oncologia de Coimbra, EPE;40.2162514, -8.4103814;2671;20369;13.1
2022-07;Região de Saúde do Centro;Unidade Local de Saúde da Guarda, EPE;40.5309916, -7.2734793;7502;43254;17.3
2022-07;Região de Saúde LVT;Centro Hospitalar de Lisboa Central, EPE;38.7166948, -9.1371248;22554;152642;14.8
2022-07;Região de Saúde LVT;Hospital Distrital de Santarém, EPE;39.2410946, -8.6937515;5749;30571;18.8
2022-07;Região de Saúde LVT;Hospital Fernando Fonseca, EPE;38.7422257, -9.2264834;12283;67407;18.2
2022-07;Região de Saúde LVT;Instituto Gama Pinto;38.7218793, -9.144249;344;2448;14.1
2022-07;Região de Saúde Norte;Centro Hospitalar do Médio Ave, EPE;41.3423984, -8.4802503;4009;22858;17.5
2022-07;Região de Saúde Norte;Centro Hospitalar Entre Douro e Vouga, EPE;40.9293884, -8.5458794;8372;45894;18.2
2022-07;Região de Saúde Norte;Centro Hospitalar Póvoa de Varzim/Vila do Conde, EPE;41.3828711, -8.7589945;3199;17387;18.4
2022-07;Região de Saúde Norte;Centro Hospitalar Tâmega e Sousa, EPE;41.2494561, -8.264901;9111;48540;18.8
2022-07;Região de Saúde Norte;Centro Hospitalar Trás-os-Montes e Alto Douro, EPE;41.3031784, -7.7515252;9536;56659;16.8
2022-07;Região de Saúde Norte;Hospital Santa Maria Maior, EPE;41.5324234, -8.6171561;1145;10912;10.5
2022-07;Região de Saúde Norte;Instituto Português Oncologia do Porto, EPE;41.1785642, -8.6062881;5445;46999;11.6
2022-08;Região de Saúde do Alentejo;Unidade Local de Saúde do Baixo Alentejo, EPE;38.014123, -7.8721227;6875;39225;17.5
2022-08;Região de Saúde do Centro;Centro Hospitalar e Universitário de Coimbra, EPE;40.2191523, -8.4098211;34132;183562;18.6
2022-08;Região de Saúde do Centro;Hospital Arcebispo João Crisóstomo;40.3470015, -8.5933462;103;2129;4.9
2022-08;Região de Saúde do Centro;Unidade Local de Saúde da Guarda, EPE;40.5309916, -7.2734793;8633;50744;17.0
2022-08;Região de Saúde LVT;Centro Hospitalar de Lisboa Ocidental, EPE;38.708454, -9.216985;14059;91132;15.4
2022-08;Região de Saúde LVT;Hospital de Loures, EPE;38.821455, -9.176296;2601;40312;6.5
2022-08;Região de Saúde LVT;Hospital de Vila Franca de Xira, EPE;38.977235, -8.984506;5521;34011;16.2
2022-08;Região de Saúde LVT;Hospital Fernando Fonseca, EPE;38.7422257, -9.2264834;14063;77118;18.2
2022-08;Região de Saúde Norte;Instituto Português Oncologia do Porto, EPE;41.1785642, -8.6062881;6173;53665;11.5
2022-09;Região de Saúde do Centro;Hospital Arcebispo João Crisóstomo;40.3470015, -8.5933462;117;2418;4.9
2022-09;Região de Saúde do Centro;Unidade Local de Saúde de Castelo Branco, EPE;39.8212263, -7.4981271;6520;39870;16.4
2022-09;Região de Saúde LVT;Centro Hospitalar Psiquiátrico de Lisboa;38.7569771, -9.1460705;751;12310;6.1
2022-09;Região de Saúde Norte;Unidade Local de Saúde do Nordeste, EPE;41.8056532, -6.7888197;10962;53666;20.4
2022-10;Região de Saúde do Centro;Centro Hospitalar de Leiria, EPE;39.7414812, -8.7982706;10627;64305;16.5
2022-10;Região de Saúde do Centro;Centro Hospitalar Tondela-Viseu, EPE;40.516364, -8.0827433;13501;81010;16.7
2022-10;Região de Saúde do Centro;Centro Medicina de Reabilitação da Região Centro Rovisco Pais;40.297919, -8.7707806;408;5271;7.8
2022-10;Região de Saúde do Centro;Hospital Distrital da Figueira da Foz, EPE;40.117897, -8.8586755;3267;21585;15.1
2022-10;Região de Saúde LVT;Centro Hospitalar Barreiro/Montijo, EPE;38.6554005, -9.0592392;7820;51616;15.2
2022-10;Região de Saúde LVT;Centro Hospitalar Lisboa Norte, EPE;38.7500861, -9.1616116;37000;193041;19.2
2022-10;Região de Saúde LVT;Centro Hospitalar Psiquiátrico de Lisboa;38.7569771, -9.1460705;829;13713;6.1
2022-10;Região de Saúde LVT;Hospital Fernando Fonseca, EPE;38.7422257, -9.2264834;18234;97360;18.7
2022-10;Região de Saúde Norte;Hospital Santa Maria Maior, EPE;41.5324234, -8.6171561;1705;15994;10.7
2022-10;Região de Saúde Norte;Unidade Local de Saúde de Matosinhos, EPE;41.1794456, -8.6745115;12033;82327;14.6
2022-11;Região de Saúde do Algarve;Centro Hospitalar Universitário do Algarve,EPE;37.0238973, -7.9281554;24062;143597;16.8
2022-11;Região de Saúde do Centro;Centro Hospitalar de Leiria, EPE;39.7414812, -8.7982706;11979;71698;16.7
2022-11;Região de Saúde do Centro;Centro Hospitalar do Baixo Vouga, EPE;40.6362453, -8.6543716;9495;65247;14.6
2022-11;Região de Saúde do Centro;Centro Hospitalar e Universitário de Coimbra, EPE;40.2191523, -8.4098211;48546;276028;17.6
2022-11;Região de Saúde do Centro;Instituto Português Oncologia de Coimbra, EPE;40.2162514, -8.4103814;4364;32049;13.6
2022-11;Região de Saúde LVT;Hospital Distrital de Santarém, EPE;39.2410946, -8.6937515;9694;52967;18.3
2022-11;Região de Saúde Norte;Centro Hospitalar do Médio Ave, EPE;41.3423984, -8.4802503;6656;39604;16.8
2022-11;Região de Saúde Norte;Centro Hospitalar Vila Nova de Gaia/Espinho, EPE;41.1094138, -8.5972617;20522;133507;15.4
2022-11;Região de Saúde Norte;Hospital da Senhora da Oliveira, Guimarães, EPE;41.4387173, -8.3086907;12952;69188;18.7
2022-11;Região de Saúde Norte;Instituto Português Oncologia do Porto, EPE;41.1785642, -8.6062881;8442;73962;11.4
2022-11;Região de Saúde Norte;Unidade Local de Saúde do Nordeste, EPE;41.8056532, -6.7888197;14255;70939;20.1
2022-12;Região de Saúde do Alentejo;Hospital Espírito Santo de Évora, EPE;38.5684861, -7.9032848;12270;62984;19.5
2022-12;Região de Saúde do Alentejo;Unidade Local de Saúde do Baixo Alentejo, EPE;38.014123, -7.8721227;11391;62854;18.1
2022-12;Região de Saúde LVT;Centro Hospitalar de Lisboa Ocidental, EPE;38.708454, -9.216985;23897;153592;15.6
2022-12;Região de Saúde LVT;Centro Hospitalar Lisboa Norte, EPE;38.7500861, -9.1616116;48458;239602;20.2
2022-12;Região de Saúde LVT;Centro Hospitalar Médio Tejo, EPE;39.478072, -8.5404429;13013;72580;17.9
2022-12;Região de Saúde LVT;Centro Hospitalar Psiquiátrico de Lisboa;38.7569771, -9.1460705;1032;17985;5.7
2022-12;Região de Saúde LVT;Hospital de Vila Franca de Xira, EPE;38.977235, -8.984506;9181;51992;17.7
2022-12;Região de Saúde Norte;Centro Hospitalar Póvoa de Varzim/Vila do Conde, EPE;41.3828711, -8.7589945;6397;31940;20.0
2022-12;Região de Saúde Norte;Centro Hospitalar Vila Nova de Gaia/Espinho, EPE;41.1094138, -8.5972617;24245;149562;16.2
2022-12;Região de Saúde Norte;Unidade Local de Saúde do Nordeste, EPE;41.8056532, -6.7888197;16190;77814;20.8
2023-01;Região de Saúde do Centro;Centro Hospitalar do Baixo Vouga, EPE;40.6362453, -8.6543716;1221;7145;17.1
2023-01;Região de Saúde do Centro;Hospital Dr. Francisco Zagalo;40.8571967, -8.6318023;48;697;7.0
2023-01;Região de Saúde do Centro;Unidade Local de Saúde da Guarda, EPE;40.5309916, -7.2734793;1226;7373;16.6
2023-01;Região de Saúde do Centro;Unidade Local de Saúde de Castelo Branco, EPE;39.8212263, -7.4981271;780;4487;17.4
2023-01;Região de Saúde LVT;Centro Hospitalar Barreiro/Montijo, EPE;38.6554005, -9.0592392;957;5994;16.0
2023-01;Região de Saúde LVT;Centro Hospitalar de Lisboa Central, EPE;38.7166948, -9.1371248;4607;26741;17.2
2023-01;Região de Saúde LVT;Centro Hospitalar de Lisboa Ocidental, EPE;38.708454, -9.216985;2310;13839;16.7
2023-01;Região de Saúde LVT;Centro Hospitalar Psiquiátrico de Lisboa;38.7569771, -9.1460705;88;1545;5.7
2023-01;Região de Saúde LVT;Hospital Distrital de Santarém, EPE;39.2410946, -8.6937515;975;5004;19.5
2023-01;Região de Saúde LVT;Instituto Português Oncologia de Lisboa, EPE;38.7396768, -9.1634516;1045;6498;16.1
2023-01;Região de Saúde Norte;Centro Hospitalar Trás-os-Montes e Alto Douro, EPE;41.3031784, -7.7515252;1969;10233;19.2
2023-01;Região de Saúde Norte;Centro Hospitalar Vila Nova de Gaia/Espinho, EPE;41.1094138, -8.5972617;2306;13493;17.1
2023-02;Região de Saúde do Alentejo;Hospital Espírito Santo de Évora, EPE;38.5684861, -7.9032848;2464;12074;20.4
2023-02;Região de Saúde do Algarve;Centro Hospitalar Universitário do Algarve,EPE;37.0238973, -7.9281554;4615;25952;17.8
2023-02;Região de Saúde do Centro;Hospital Distrital da Figueira da Foz, EPE;40.117897, -8.8586755;633;4869;13.0
2023-02;Região de Saúde do Centro;Instituto Português Oncologia de Coimbra, EPE;40.2162514, -8.4103814;922;6622;13.9
2023-02;Região de Saúde LVT;Centro Hospitalar do Oeste, EPE;39.4054629, -9.1258493;2113;11080;19.1
2023-02;Região de Saúde LVT;Hospital de Loures, EPE;38.821455, -9.176296;1709;10651;16.1
2023-02;Região de Saúde LVT;Hospital Distrital de Santarém, EPE;39.2410946, -8.6937515;1966;10093;19.5
2023-02;Região de Saúde LVT;Instituto Português Oncologia de Lisboa, EPE;38.7396768, -9.1634516;2191;12421;17.6
2023-02;Região de Saúde Norte;Centro Hospitalar Póvoa de Varzim/Vila do Conde, EPE;41.3828711, -8.7589945;1224;6042;20.3
2023-02;Região de Saúde Norte;Centro Hospitalar Tâmega e Sousa, EPE;41.2494561, -8.264901;3822;18146;21.1
2023-03;Região de Saúde do Alentejo;Hospital Espírito Santo de Évora, EPE;38.5684861, -7.9032848;3624;18012;20.1
2023-03;Região de Saúde do Alentejo;Unidade Local de Saúde do Baixo Alentejo, EPE;38.014123, -7.8721227;3171;17245;18.4
2023-03;Região de Saúde do Alentejo;Unidade Local de Saúde do Norte Alentejano, EPE;39.3003425, -7.4263845;3068;16192;18.9
2023-03;Região de Saúde do Centro;Centro Hospitalar de Leiria, EPE;39.7414812, -8.7982706;4099;21367;19.2
2023-03;Região de Saúde do Centro;Centro Hospitalar do Baixo Vouga, EPE;40.6362453, -8.6543716;1730;19097;9.1
2023-03;Região de Saúde do Centro;Unidade Local de Saúde de Castelo Branco, EPE;39.8212263, -7.4981271;2532;13946;18.2
2023-03;Região de Saúde LVT;Centro Hospitalar Lisboa Norte, EPE;38.7500861, -9.1616116;14588;66964;21.8
2023-03;Região de Saúde LVT;Hospital Garcia de Orta, EPE;38.6658713, -9.1822554;4795;28314;16.9
2023-03;Região de Saúde Norte;Centro Hospitalar Universitário de Santo António, EPE;41.1472498, -8.6172617;8805;51735;17.0
2023-03;Região de Saúde Norte;Hospital de Braga, EPE;41.56785, -8.398982;7828;37358;21.0
2023-03;Região de Saúde Norte;Unidade Local de Saúde de Matosinhos, EPE;41.1794456, -8.6745115;4291;28792;14.9
2023-03;Região de Saúde Norte;Unidade Local de Saúde do Alto Minho, EPE;41.7056054, -8.8252713;5281;30602;17.3
2023-03;Região de Saúde Norte;Unidade Local de Saúde do Nordeste, EPE;41.8056532, -6.7888197;4501;21129;21.3
2023-04;Região de Saúde do Alentejo;Unidade Local de Saúde do Baixo Alentejo, EPE;38.014123, -7.8721227;4143;23028;18.0
2023-04;Região de Saúde do Algarve;Centro Hospitalar Universitário do Algarve,EPE;37.0238973, -7.9281554;10020;54981;18.2
2023-04;Região de Saúde do Centro;Centro Hospitalar de Leiria, EPE;39.7414812, -8.7982706;5304;28358;18.7
2023-04;Região de Saúde do Centro;Centro Medicina de Reabilitação da Região Centro Rovisco Pais;40.297919, -8.7707806;216;2480;8.7
2023-04;Região de Saúde LVT;Centro Hospitalar Barreiro/Montijo, EPE;38.6554005, -9.0592392;3978;24257;16.4
2023-04;Região de Saúde LVT;Hospital Garcia de Orta, EPE;38.6658713, -9.1822554;6266;37666;16.6
2023-04;Região de Saúde LVT;Instituto Português Oncologia de Lisboa, EPE;38.7396768, -9.1634516;4299;26857;16.0
2023-04;Região de Saúde Norte;Centro Hospitalar Entre Douro e Vouga, EPE;40.9293884, -8.5458794;5762;30807;18.7
2023-04;Região de Saúde Norte;Centro Hospitalar Universitário de Santo António, EPE;41.1472498, -8.6172617;11052;68268;16.2
2023-05;Região de Saúde do Alentejo;Unidade Local de Saúde do Norte Alentejano, EPE;39.3003425, -7.4263845;4231;26127;16.2
2023-05;Região de Saúde do Algarve;Centro Hospitalar Universitário do Algarve,EPE;37.0238973, -7.9281554;12985;71641;18.1
2023-05;Região de Saúde do Centro;Centro Hospitalar de Leiria, EPE;39.7414812, -8.7982706;6499;35706;18.2
2023-05;Região de Saúde do Centro;Centro Hospitalar do Baixo Vouga, EPE;40.6362453, -8.6543716;3874;33145;11.7
2023-05;Região de Saúde do Centro;Centro Medicina de Reabilitação da Região Centro Rovisco Pais;40.297919, -8.7707806;276;3143;8.8
2023-05;Região de Saúde do Centro;Hospital Distrital da Figueira da Foz, EPE;40.117897, -8.8586755;1712;12291;13.9
2023-05;Região de Saúde LVT;Centro Hospitalar de Lisboa Central, EPE;38.7166948, -9.1371248;19636;131705;14.9
2023-05;Região de Saúde LVT;Centro Hospitalar Lisboa Norte, EPE;38.7500861, -9.1616116;23995;111807;21.5
2023-05;Região de Saúde LVT;Hospital de Loures, EPE;38.821455, -9.176296;4173;26926;15.5
2023-05;Região de Saúde LVT;Hospital Garcia de Orta, EPE;38.6658713, -9.1822554;8487;48567;17.5
2023-05;Região de Saúde Norte;Centro Hospitalar Universitário de Santo António, EPE;41.1472498, -8.6172617;13814;86644;15.9
2023-05;Região de Saúde Norte;Unidade Local de Saúde de Matosinhos, EPE;41.1794456, -8.6745115;7040;48244;14.6
2023-05;Região de Saúde Norte;Unidade Local de Saúde do Nordeste, EPE;41.8056532, -6.7888197;7452;35279;21.1
2023-06;Região de Saúde do Alentejo;Unidade Local de Saúde do Litoral Alentejano, EPE;38.0162314, -8.6956768;4077;18454;22.1
2023-06;Região de Saúde do Centro;Centro Hospitalar Tondela-Viseu, EPE;40.516364, -8.0827433;10302;55316;18.6
2023-06;Região de Saúde do Centro;Hospital Dr. Francisco Zagalo;40.8571967, -8.6318023;299;3121;9.6
2023-06;Região de Saúde LVT;Centro Hospitalar Médio Tejo, EPE;39.478072, -8.5404429;7317;37330;19.6
2023-06;Região de Saúde LVT;Hospital Distrital de Santarém, EPE;39.2410946, -8.6937515;5777;27976;20.7
2023-06;Região de Saúde Norte;Centro Hospitalar Universitário de Santo António, EPE;41.1472498, -8.6172617;16287;105118;15.5
2023-06;Região de Saúde Norte;Centro Hospitalar Vila Nova de Gaia/Espinho, EPE;41.1094138, -8.5972617;13550;82809;16.4
2023-07;Região de Saúde do Alentejo;Unidade Local de Saúde do Baixo Alentejo, EPE;38.014123, -7.8721227;7093;37526;18.9
2023-07;Região de Saúde do Alentejo;Unidade Local de Saúde do Litoral Alentejano, EPE;38.0162314, -8.6956768;4814;21531;22.4
2023-07;Região de Saúde do Algarve;Centro Hospitalar Universitário do Algarve,EPE;37.0238973, -7.9281554;18388;92158;20.0
2023-07;Região de Saúde do Centro;Centro Hospitalar de Leiria, EPE;39.7414812, -8.7982706;9335;50607;18.4
2023-07;Região de Saúde LVT;Hospital Garcia de Orta, EPE;38.6658713, -9.1822554;12527;69506;18.0
2023-07;Região de Saúde Norte;Centro Hospitalar Tâmega e Sousa, EPE;41.2494561, -8.264901;13969;60035;23.3
2023-07;Região de Saúde Norte;Centro Hospitalar Universitário de Santo António, EPE;41.1472498, -8.6172617;19087;122804;15.5
2023-07;Região de Saúde Norte;Hospital de Braga, EPE;41.56785, -8.398982;18701;80291;23.3
2023-07;Região de Saúde Norte;Instituto Português Oncologia do Porto, EPE;41.1785642, -8.6062881;6455;52400;12.3
2023-07;Região de Saúde Norte;Unidade Local de Saúde de Matosinhos, EPE;41.1794456, -8.6745115;9760;62442;15.6
2023-08;Região de Saúde do Alentejo;Unidade Local de Saúde do Norte Alentejano, EPE;39.3003425, -7.4263845;7473;39331;19.0
2023-08;Região de Saúde do Algarve;Centro Hospitalar Universitário do Algarve,EPE;37.0238973, -7.9281554;21300;106666;20.0
2023-08;Região de Saúde do Centro;Centro Hospitalar Cova da Beira, EPE;40.2804158, -7.4922407;8025;35903;22.4
2023-08;Região de Saúde do Centro;Centro Hospitalar e Universitário de Coimbra, EPE;40.2191523, -8.4098211;43660;216723;20.1
2023-08;Região de Saúde do Centro;Hospital Dr. Francisco Zagalo;40.8571967, -8.6318023;408;4220;9.7
2023-08;Região de Saúde LVT;Centro Hospitalar de Lisboa Ocidental, EPE;38.708454, -9.216985;18767;101418;18.5
2023-08;Região de Saúde Norte;Centro Hospitalar de São João, EPE;41.1831056, -8.6010558;27202;173719;15.7
2023-08;Região de Saúde Norte;Centro Hospitalar Tâmega e Sousa, EPE;41.2494561, -8.264901;15966;69152;23.1
2023-08;Região de Saúde Norte;Centro Hospitalar Trás-os-Montes e Alto Douro, EPE;41.3031784, -7.7515252;12034;70616;17.0
2023-08;Região de Saúde Norte;Centro Hospitalar Universitário de Santo António, EPE;41.1472498, -8.6172617;21906;140125;15.6
2023-08;Região de Saúde Norte;Hospital Santa Maria Maior, EPE;41.5324234, -8.6171561;1779;14221;12.5
2023-08;Região de Saúde Norte;Instituto Português Oncologia do Porto, EPE;41.1785642, -8.6062881;7419;59905;12.4
2023-09;Região de Saúde do Centro;Centro Hospitalar do Baixo Vouga, EPE;40.6362453, -8.6543716;8428;57539;14.6
2023-09;Região de Saúde do Centro;Hospital Distrital da Figueira da Foz, EPE;40.117897, -8.8586755;3436;20922;16.4
2023-09;Região de Saúde do Centro;Unidade Local de Saúde da Guarda, EPE;40.5309916, -7.2734793;11050;62680;17.6
2023-09;Região de Saúde LVT;Hospital Fernando Fonseca, EPE;38.7422257, -9.2264834;19826;97785;20.3
2023-09;Região de Saúde LVT;Hospital Garcia de Orta, EPE;38.6658713, -9.1822554;16074;88623;18.1
2023-09;Região de Saúde Norte;Centro Hospitalar do Médio Ave, EPE;41.3423984, -8.4802503;6591;33766;19.5
2023-09;Região de Saúde Norte;Instituto Português Oncologia do Porto, EPE;41.1785642, -8.6062881;8397;67655;12.4
2023-10;Região de Saúde do Centro;Hospital Arcebispo João Crisóstomo;40.3470015, -8.5933462;141;3128;4.5
2023-10;Região de Saúde do Centro;Hospital Distrital da Figueira da Foz, EPE;40.117897, -8.8586755;3831;23508;16.3
2023-10;Região de Saúde do Centro;Hospital Dr. Francisco Zagalo;40.8571967, -8.6318023;483;5329;9.1
2023-10;Região de Saúde do Centro;Unidade Local de Saúde de Castelo Branco, EPE;39.8212263, -7.4981271;8718;47320;18.4
2023-10;Região de Saúde LVT;Centro Hospitalar de Lisboa Ocidental, EPE;38.708454, -9.216985;23761;129621;18.3
2023-10;Região de Saúde LVT;Centro Hospitalar Lisboa Norte, EPE;38.7500861, -9.1616116;49189;222343;22.1
2023-10;Região de Saúde LVT;Instituto Gama Pinto;38.7218793, -9.144249;951;4185;22.7
2023-10;Região de Saúde Norte;Centro Hospitalar de São João, EPE;41.1831056, -8.6010558;34597;217195;15.9
2023-10;Região de Saúde Norte;Hospital Santa Maria Maior, EPE;41.5324234, -8.6171561;2246;17853;12.6
2023-10;Região de Saúde Norte;Unidade Local de Saúde do Alto Minho, EPE;41.7056054, -8.8252713;17740;101732;17.4
2023-11;Região de Saúde do Alentejo;Unidade Local de Saúde do Litoral Alentejano, EPE;38.0162314, -8.6956768;7565;36964;20.5
2023-11;Região de Saúde do Algarve;Centro Hospitalar Universitário do Algarve,EPE;37.0238973, -7.9281554;30097;159519;18.9
2023-11;Região de Saúde do Centro;Centro Medicina de Reabilitação da Região Centro Rovisco Pais;40.297919, -8.7707806;617;6938;8.9
2023-11;Região de Saúde LVT;Centro Hospitalar de Lisboa Ocidental, EPE;38.708454, -9.216985;26120;151786;17.2
2023-11;Região de Saúde LVT;Instituto Português Oncologia de Lisboa, EPE;38.7396768, -9.1634516;11287;71223;15.8
2023-11;Região de Saúde Norte;Centro Hospitalar do Médio Ave, EPE;41.3423984, -8.4802503;8121;44177;18.4
2023-11;Região de Saúde Norte;Hospital de Braga, EPE;41.56785, -8.398982;29819;131238;22.7
2023-11;Região de Saúde Norte;Unidade Local de Saúde de Matosinhos, EPE;41.1794456, -8.6745115;15778;101313;15.6
2023-11;Região de Saúde Norte;Unidade Local de Saúde do Nordeste, EPE;41.8056532, -6.7888197;16355;77528;21.1
2023-12;Região de Saúde do Centro;Centro Hospitalar e Universitário de Coimbra, EPE;40.2191523, -8.4098211;65721;337113;19.5
2023-12;Região de Saúde do Centro;Hospital Distrital da Figueira da Foz, EPE;40.117897, -8.8586755;4892;29235;16.7
2023-12;Região de Saúde do Centro;Instituto Português Oncologia de Coimbra, EPE;40.2162514, -8.4103814;6737;41190;16.4
2023-12;Região de Saúde LVT;Centro Hospitalar Barreiro/Montijo, EPE;38.6554005, -9.0592392;11744;68525;17.1
2023-12;Região de Saúde LVT;Centro Hospitalar de Lisboa Ocidental, EPE;38.708454, -9.216985;30571;170115;18.0
2023-12;Região de Saúde LVT;Centro Hospitalar Lisboa Norte, EPE;38.7500861, -9.1616116;59127;269741;21.9
2023-12;Região de Saúde Norte;Centro Hospitalar Póvoa de Varzim/Vila do Conde, EPE;41.3828711, -8.7589945;7445;35455;21.0
2023-12;Região de Saúde Norte;Centro Hospitalar Tâmega e Sousa, EPE;41.2494561, -8.264901;23828;106974;22.3
2023-12;Região de Saúde Norte;Centro Hospitalar Trás-os-Montes e Alto Douro, EPE;41.3031784, -7.7515252;21646;119420;18.1
2023-12;Região de Saúde Norte;Unidade Local de Saúde de Matosinhos, EPE;41.1794456, -8.6745115;17324;111043;15.6
