geocod;geodsg;valor;periodo;indicador_cod;indicador_dsg
2004205;Ribeira Grande;16.7;2011;0008259;"Índice de dependência de idosos (N.º) por Local de residência (NUTS - 2013); Anual - INE, Estimativas anuais da população residente"
2004201;Lagoa;19;2011;0008259;"Índice de dependência de idosos (N.º) por Local de residência (NUTS - 2013); Anual - INE, Estimativas anuais da população residente"
3003108;Santa Cruz;22;2011;0008259;"Índice de dependência de idosos (N.º) por Local de residência (NUTS - 2013); Anual - INE, Estimativas anuais da população residente"
3003102;Câmara de Lobos;23;2011;0008259;"Índice de dependência de idosos (N.º) por Local de residência (NUTS - 2013); Anual - INE, Estimativas anuais da população residente"
2004203;Ponta Delgada;23.3;2011;0008259;"Índice de dependência de idosos (N.º) por Local de residência (NUTS - 2013); Anual - INE, Estimativas anuais da população residente"
2004206;Vila Franca do Campo;23.3;2011;0008259;"Índice de dependência de idosos (N.º) por Local de residência (NUTS - 2013); Anual - INE, Estimativas anuais da população residente"
11C1305;Lousada;24.2;2011;0008259;"Índice de dependência de idosos (N.º) por Local de residência (NUTS - 2013); Anual - INE, Estimativas anuais da população residente"
11C1309;Paços de Ferreira;25.5;2011;0008259;"Índice de dependência de idosos (N.º) por Local de residência (NUTS - 2013); Anual - INE, Estimativas anuais da população residente"
2;Região Autónoma dos Açores;25.6;2011;0008259;"Índice de dependência de idosos (N.º) por Local de residência (NUTS - 2013); Anual - INE, Estimativas anuais da população residente"
20;Região Autónoma dos Açores;25.6;2011;0008259;"Índice de dependência de idosos (N.º) por Local de residência (NUTS - 2013); Anual - INE, Estimativas anuais da população residente"
200;Região Autónoma dos Açores;25.6;2011;0008259;"Índice de dependência de idosos (N.º) por Local de residência (NUTS - 2013); Anual - INE, Estimativas anuais da população residente"
11A1310;Paredes;25.9;2011;0008259;"Índice de dependência de idosos (N.º) por Local de residência (NUTS - 2013); Anual - INE, Estimativas anuais da população residente"
2004204;Povoação;26.1;2011;0008259;"Índice de dependência de idosos (N.º) por Local de residência (NUTS - 2013); Anual - INE, Estimativas anuais da população residente"
2004901;Corvo;27.2;2011;0008259;"Índice de dependência de idosos (N.º) por Local de residência (NUTS - 2013); Anual - INE, Estimativas anuais da população residente"
3003201;Porto Santo;27.2;2011;0008259;"Índice de dependência de idosos (N.º) por Local de residência (NUTS - 2013); Anual - INE, Estimativas anuais da população residente"
2004101;Vila do Porto;27.3;2011;0008259;"Índice de dependência de idosos (N.º) por Local de residência (NUTS - 2013); Anual - INE, Estimativas anuais da população residente"
1701502;Alcochete;27.4;2011;0008259;"Índice de dependência de idosos (N.º) por Local de residência (NUTS - 2013); Anual - INE, Estimativas anuais da população residente"
1701109;Mafra;27.8;2011;0008259;"Índice de dependência de idosos (N.º) por Local de residência (NUTS - 2013); Anual - INE, Estimativas anuais da população residente"
1190314;Vizela;28.1;2011;0008259;"Índice de dependência de idosos (N.º) por Local de residência (NUTS - 2013); Anual - INE, Estimativas anuais da população residente"
11C1311;Penafiel;28.4;2011;0008259;"Índice de dependência de idosos (N.º) por Local de residência (NUTS - 2013); Anual - INE, Estimativas anuais da população residente"
1500801;Albufeira;28.5;2011;0008259;"Índice de dependência de idosos (N.º) por Local de residência (NUTS - 2013); Anual - INE, Estimativas anuais da população residente"
16B1102;Arruda dos Vinhos;28.5;2011;0008259;"Índice de dependência de idosos (N.º) por Local de residência (NUTS - 2013); Anual - INE, Estimativas anuais da população residente"
1701111;Sintra;28.5;2011;0008259;"Índice de dependência de idosos (N.º) por Local de residência (NUTS - 2013); Anual - INE, Estimativas anuais da população residente"
2004802;Santa Cruz das Flores;28.6;2011;0008259;"Índice de dependência de idosos (N.º) por Local de residência (NUTS - 2013); Anual - INE, Estimativas anuais da população residente"
1701507;Montijo;28.8;2011;0008259;"Índice de dependência de idosos (N.º) por Local de residência (NUTS - 2013); Anual - INE, Estimativas anuais da população residente"
11C1307;Marco de Canaveses;29;2011;0008259;"Índice de dependência de idosos (N.º) por Local de residência (NUTS - 2013); Anual - INE, Estimativas anuais da população residente"
1120303;Braga;29.4;2011;0008259;"Índice de dependência de idosos (N.º) por Local de residência (NUTS - 2013); Anual - INE, Estimativas anuais da população residente"
2004302;Vila da Praia da Vitória;29.4;2011;0008259;"Índice de dependência de idosos (N.º) por Local de residência (NUTS - 2013); Anual - INE, Estimativas anuais da população residente"
11C1303;Felgueiras;29.6;2011;0008259;"Índice de dependência de idosos (N.º) por Local de residência (NUTS - 2013); Anual - INE, Estimativas anuais da população residente"
2004602;Madalena;30;2011;0008259;"Índice de dependência de idosos (N.º) por Local de residência (NUTS - 2013); Anual - INE, Estimativas anuais da população residente"
1701114;Vila Franca de Xira;30.2;2011;0008259;"Índice de dependência de idosos (N.º) por Local de residência (NUTS - 2013); Anual - INE, Estimativas anuais da população residente"
16B1112;Sobral de Monte Agraço;30.3;2011;0008259;"Índice de dependência de idosos (N.º) por Local de residência (NUTS - 2013); Anual - INE, Estimativas anuais da população residente"
1851405;Benavente;30.4;2011;0008259;"Índice de dependência de idosos (N.º) por Local de residência (NUTS - 2013); Anual - INE, Estimativas anuais da população residente"
2004301;Angra do Heroísmo;30.4;2011;0008259;"Índice de dependência de idosos (N.º) por Local de residência (NUTS - 2013); Anual - INE, Estimativas anuais da população residente"
11A1306;Maia;30.6;2011;0008259;"Índice de dependência de idosos (N.º) por Local de residência (NUTS - 2013); Anual - INE, Estimativas anuais da população residente"
11C;Tâmega e Sousa;30.7;2011;0008259;"Índice de dependência de idosos (N.º) por Local de residência (NUTS - 2013); Anual - INE, Estimativas anuais da população residente"
11A1315;Valongo;30.9;2011;0008259;"Índice de dependência de idosos (N.º) por Local de residência (NUTS - 2013); Anual - INE, Estimativas anuais da população residente"
16B1101;Alenquer;30.9;2011;0008259;"Índice de dependência de idosos (N.º) por Local de residência (NUTS - 2013); Anual - INE, Estimativas anuais da população residente"
3;Região Autónoma da Madeira;31.2;2011;0008259;"Índice de dependência de idosos (N.º) por Local de residência (NUTS - 2013); Anual - INE, Estimativas anuais da população residente"
30;Região Autónoma da Madeira;31.2;2011;0008259;"Índice de dependência de idosos (N.º) por Local de residência (NUTS - 2013); Anual - INE, Estimativas anuais da população residente"
300;Região Autónoma da Madeira;31.2;2011;0008259;"Índice de dependência de idosos (N.º) por Local de residência (NUTS - 2013); Anual - INE, Estimativas anuais da população residente"
2004202;Nordeste;31.4;2011;0008259;"Índice de dependência de idosos (N.º) por Local de residência (NUTS - 2013); Anual - INE, Estimativas anuais da população residente"
112;Cávado;31.5;2011;0008259;"Índice de dependência de idosos (N.º) por Local de residência (NUTS - 2013); Anual - INE, Estimativas anuais da população residente"
1120306;Esposende;31.9;2011;0008259;"Índice de dependência de idosos (N.º) por Local de residência (NUTS - 2013); Anual - INE, Estimativas anuais da população residente"
11A1318;Trofa;31.9;2011;0008259;"Índice de dependência de idosos (N.º) por Local de residência (NUTS - 2013); Anual - INE, Estimativas anuais da população residente"
2004701;Horta;31.9;2011;0008259;"Índice de dependência de idosos (N.º) por Local de residência (NUTS - 2013); Anual - INE, Estimativas anuais da população residente"
3003107;Ribeira Brava;31.9;2011;0008259;"Índice de dependência de idosos (N.º) por Local de residência (NUTS - 2013); Anual - INE, Estimativas anuais da população residente"
2004502;Velas;32;2011;0008259;"Índice de dependência de idosos (N.º) por Local de residência (NUTS - 2013); Anual - INE, Estimativas anuais da população residente"
1120302;Barcelos;32.2;2011;0008259;"Índice de dependência de idosos (N.º) por Local de residência (NUTS - 2013); Anual - INE, Estimativas anuais da população residente"
1701511;Sesimbra;32.2;2011;0008259;"Índice de dependência de idosos (N.º) por Local de residência (NUTS - 2013); Anual - INE, Estimativas anuais da população residente"
2004801;Lajes das Flores;32.2;2011;0008259;"Índice de dependência de idosos (N.º) por Local de residência (NUTS - 2013); Anual - INE, Estimativas anuais da população residente"
1190312;Vila Nova de Famalicão;32.3;2011;0008259;"Índice de dependência de idosos (N.º) por Local de residência (NUTS - 2013); Anual - INE, Estimativas anuais da população residente"
3003105;Ponta do Sol;32.3;2011;0008259;"Índice de dependência de idosos (N.º) por Local de residência (NUTS - 2013); Anual - INE, Estimativas anuais da população residente"
16I1410;Entroncamento;32.4;2011;0008259;"Índice de dependência de idosos (N.º) por Local de residência (NUTS - 2013); Anual - INE, Estimativas anuais da população residente"
11A1316;Vila do Conde;32.6;2011;0008259;"Índice de dependência de idosos (N.º) por Local de residência (NUTS - 2013); Anual - INE, Estimativas anuais da população residente"
11A1313;Póvoa de Varzim;32.8;2011;0008259;"Índice de dependência de idosos (N.º) por Local de residência (NUTS - 2013); Anual - INE, Estimativas anuais da população residente"
1701508;Palmela;33;2011;0008259;"Índice de dependência de idosos (N.º) por Local de residência (NUTS - 2013); Anual - INE, Estimativas anuais da população residente"
1810211;Odemira;33.1;2011;0008259;"Índice de dependência de idosos (N.º) por Local de residência (NUTS - 2013); Anual - INE, Estimativas anuais da população residente"
3003104;Machico;33.1;2011;0008259;"Índice de dependência de idosos (N.º) por Local de residência (NUTS - 2013); Anual - INE, Estimativas anuais da população residente"
1190308;Guimarães;33.3;2011;0008259;"Índice de dependência de idosos (N.º) por Local de residência (NUTS - 2013); Anual - INE, Estimativas anuais da população residente"
2004603;São Roque do Pico;33.3;2011;0008259;"Índice de dependência de idosos (N.º) por Local de residência (NUTS - 2013); Anual - INE, Estimativas anuais da população residente"
11C0106;Castelo de Paiva;33.5;2011;0008259;"Índice de dependência de idosos (N.º) por Local de residência (NUTS - 2013); Anual - INE, Estimativas anuais da população residente"
16D0105;Aveiro;33.8;2011;0008259;"Índice de dependência de idosos (N.º) por Local de residência (NUTS - 2013); Anual - INE, Estimativas anuais da população residente"
2004401;Santa Cruz da Graciosa;34;2011;0008259;"Índice de dependência de idosos (N.º) por Local de residência (NUTS - 2013); Anual - INE, Estimativas anuais da população residente"
16D0110;Ílhavo;34.1;2011;0008259;"Índice de dependência de idosos (N.º) por Local de residência (NUTS - 2013); Anual - INE, Estimativas anuais da população residente"
119;Ave;34.3;2011;0008259;"Índice de dependência de idosos (N.º) por Local de residência (NUTS - 2013); Anual - INE, Estimativas anuais da população residente"
1701116;Odivelas;34.3;2011;0008259;"Índice de dependência de idosos (N.º) por Local de residência (NUTS - 2013); Anual - INE, Estimativas anuais da população residente"
1120301;Amares;34.5;2011;0008259;"Índice de dependência de idosos (N.º) por Local de residência (NUTS - 2013); Anual - INE, Estimativas anuais da população residente"
1120313;Vila Verde;34.7;2011;0008259;"Índice de dependência de idosos (N.º) por Local de residência (NUTS - 2013); Anual - INE, Estimativas anuais da população residente"
11A0109;Santa Maria da Feira;34.8;2011;0008259;"Índice de dependência de idosos (N.º) por Local de residência (NUTS - 2013); Anual - INE, Estimativas anuais da população residente"
17;Área Metropolitana de Lisboa;34.9;2011;0008259;"Índice de dependência de idosos (N.º) por Local de residência (NUTS - 2013); Anual - INE, Estimativas anuais da população residente"
170;Área Metropolitana de Lisboa;34.9;2011;0008259;"Índice de dependência de idosos (N.º) por Local de residência (NUTS - 2013); Anual - INE, Estimativas anuais da população residente"
3003103;Funchal;34.9;2011;0008259;"Índice de dependência de idosos (N.º) por Local de residência (NUTS - 2013); Anual - INE, Estimativas anuais da população residente"
11A1317;Vila Nova de Gaia;35.1;2011;0008259;"Índice de dependência de idosos (N.º) por Local de residência (NUTS - 2013); Anual - INE, Estimativas anuais da população residente"
11A1304;Gondomar;35.2;2011;0008259;"Índice de dependência de idosos (N.º) por Local de residência (NUTS - 2013); Anual - INE, Estimativas anuais da população residente"
16D0115;Ovar;35.2;2011;0008259;"Índice de dependência de idosos (N.º) por Local de residência (NUTS - 2013); Anual - INE, Estimativas anuais da população residente"
11A0116;São João da Madeira;35.5;2011;0008259;"Índice de dependência de idosos (N.º) por Local de residência (NUTS - 2013); Anual - INE, Estimativas anuais da população residente"
1500805;Faro;35.5;2011;0008259;"Índice de dependência de idosos (N.º) por Local de residência (NUTS - 2013); Anual - INE, Estimativas anuais da população residente"
16B1113;Torres Vedras;35.5;2011;0008259;"Índice de dependência de idosos (N.º) por Local de residência (NUTS - 2013); Anual - INE, Estimativas anuais da população residente"
11A;Área Metropolitana do Porto;35.6;2011;0008259;"Índice de dependência de idosos (N.º) por Local de residência (NUTS - 2013); Anual - INE, Estimativas anuais da população residente"
1840204;Barrancos;35.6;2011;0008259;"Índice de dependência de idosos (N.º) por Local de residência (NUTS - 2013); Anual - INE, Estimativas anuais da população residente"
1701506;Moita;35.7;2011;0008259;"Índice de dependência de idosos (N.º) por Local de residência (NUTS - 2013); Anual - INE, Estimativas anuais da população residente"
1701510;Seixal;35.8;2011;0008259;"Índice de dependência de idosos (N.º) por Local de residência (NUTS - 2013); Anual - INE, Estimativas anuais da população residente"
1500811;Portimão;35.9;2011;0008259;"Índice de dependência de idosos (N.º) por Local de residência (NUTS - 2013); Anual - INE, Estimativas anuais da população residente"
16E0604;Condeixa-a-Nova;35.9;2011;0008259;"Índice de dependência de idosos (N.º) por Local de residência (NUTS - 2013); Anual - INE, Estimativas anuais da população residente"
1190309;Póvoa de Lanhoso;36.2;2011;0008259;"Índice de dependência de idosos (N.º) por Local de residência (NUTS - 2013); Anual - INE, Estimativas anuais da população residente"
1851103;Azambuja;36.2;2011;0008259;"Índice de dependência de idosos (N.º) por Local de residência (NUTS - 2013); Anual - INE, Estimativas anuais da população residente"
16D0102;Albergaria-a-Velha;36.4;2011;0008259;"Índice de dependência de idosos (N.º) por Local de residência (NUTS - 2013); Anual - INE, Estimativas anuais da população residente"
16F1009;Leiria;36.4;2011;0008259;"Índice de dependência de idosos (N.º) por Local de residência (NUTS - 2013); Anual - INE, Estimativas anuais da população residente"
1701107;Loures;36.4;2011;0008259;"Índice de dependência de idosos (N.º) por Local de residência (NUTS - 2013); Anual - INE, Estimativas anuais da população residente"
1701106;Lisboa;36.5;2011;0008259;"Índice de dependência de idosos (N.º) por Local de residência (NUTS - 2013); Anual - INE, Estimativas anuais da população residente"
1701115;Amadora;36.5;2011;0008259;"Índice de dependência de idosos (N.º) por Local de residência (NUTS - 2013); Anual - INE, Estimativas anuais da população residente"
16D0114;Oliveira do Bairro;36.7;2011;0008259;"Índice de dependência de idosos (N.º) por Local de residência (NUTS - 2013); Anual - INE, Estimativas anuais da população residente"
16E0607;Lousã;37;2011;0008259;"Índice de dependência de idosos (N.º) por Local de residência (NUTS - 2013); Anual - INE, Estimativas anuais da população residente"
11;Norte;37.1;2011;0008259;"Índice de dependência de idosos (N.º) por Local de residência (NUTS - 2013); Anual - INE, Estimativas anuais da população residente"
11C1301;Amarante;37.1;2011;0008259;"Índice de dependência de idosos (N.º) por Local de residência (NUTS - 2013); Anual - INE, Estimativas anuais da população residente"
1701105;Cascais;37.1;2011;0008259;"Índice de dependência de idosos (N.º) por Local de residência (NUTS - 2013); Anual - INE, Estimativas anuais da população residente"
16F1010;Marinha Grande;37.3;2011;0008259;"Índice de dependência de idosos (N.º) por Local de residência (NUTS - 2013); Anual - INE, Estimativas anuais da população residente"
1811513;Sines;37.4;2011;0008259;"Índice de dependência de idosos (N.º) por Local de residência (NUTS - 2013); Anual - INE, Estimativas anuais da população residente"
11C1302;Baião;37.5;2011;0008259;"Índice de dependência de idosos (N.º) por Local de residência (NUTS - 2013); Anual - INE, Estimativas anuais da população residente"
1840205;Beja;37.5;2011;0008259;"Índice de dependência de idosos (N.º) por Local de residência (NUTS - 2013); Anual - INE, Estimativas anuais da população residente"
16F1004;Batalha;37.6;2011;0008259;"Índice de dependência de idosos (N.º) por Local de residência (NUTS - 2013); Anual - INE, Estimativas anuais da população residente"
1190304;Cabeceiras de Basto;37.7;2011;0008259;"Índice de dependência de idosos (N.º) por Local de residência (NUTS - 2013); Anual - INE, Estimativas anuais da população residente"
1500810;Olhão;37.7;2011;0008259;"Índice de dependência de idosos (N.º) por Local de residência (NUTS - 2013); Anual - INE, Estimativas anuais da população residente"
2004501;Calheta;37.7;2011;0008259;"Índice de dependência de idosos (N.º) por Local de residência (NUTS - 2013); Anual - INE, Estimativas anuais da população residente"
1851414;Rio Maior;37.8;2011;0008259;"Índice de dependência de idosos (N.º) por Local de residência (NUTS - 2013); Anual - INE, Estimativas anuais da população residente"
11A1308;Matosinhos;38;2011;0008259;"Índice de dependência de idosos (N.º) por Local de residência (NUTS - 2013); Anual - INE, Estimativas anuais da população residente"
16D;Região de Aveiro;38;2011;0008259;"Índice de dependência de idosos (N.º) por Local de residência (NUTS - 2013); Anual - INE, Estimativas anuais da população residente"
1500806;Lagoa;38.2;2011;0008259;"Índice de dependência de idosos (N.º) por Local de residência (NUTS - 2013); Anual - INE, Estimativas anuais da população residente"
PT;Portugal;38.2;2011;0008259;"Índice de dependência de idosos (N.º) por Local de residência (NUTS - 2013); Anual - INE, Estimativas anuais da população residente"
1500808;Loulé;38.3;2011;0008259;"Índice de dependência de idosos (N.º) por Local de residência (NUTS - 2013); Anual - INE, Estimativas anuais da população residente"
16B;Oeste;38.5;2011;0008259;"Índice de dependência de idosos (N.º) por Local de residência (NUTS - 2013); Anual - INE, Estimativas anuais da população residente"
1861204;Campo Maior;38.5;2011;0008259;"Índice de dependência de idosos (N.º) por Local de residência (NUTS - 2013); Anual - INE, Estimativas anuais da população residente"
11A0113;Oliveira de Azeméis;38.6;2011;0008259;"Índice de dependência de idosos (N.º) por Local de residência (NUTS - 2013); Anual - INE, Estimativas anuais da população residente"
16D0118;Vagos;38.6;2011;0008259;"Índice de dependência de idosos (N.º) por Local de residência (NUTS - 2013); Anual - INE, Estimativas anuais da população residente"
1870705;Évora;38.6;2011;0008259;"Índice de dependência de idosos (N.º) por Local de residência (NUTS - 2013); Anual - INE, Estimativas anuais da população residente"
2004601;Lajes do Pico;38.6;2011;0008259;"Índice de dependência de idosos (N.º) por Local de residência (NUTS - 2013); Anual - INE, Estimativas anuais da população residente"
1;Continente;38.7;2011;0008259;"Índice de dependência de idosos (N.º) por Local de residência (NUTS - 2013); Anual - INE, Estimativas anuais da população residente"
11D1714;Vila Real;38.8;2011;0008259;"Índice de dependência de idosos (N.º) por Local de residência (NUTS - 2013); Anual - INE, Estimativas anuais da população residente"
15;Algarve;38.8;2011;0008259;"Índice de dependência de idosos (N.º) por Local de residência (NUTS - 2013); Anual - INE, Estimativas anuais da população residente"
150;Algarve;38.8;2011;0008259;"Índice de dependência de idosos (N.º) por Local de residência (NUTS - 2013); Anual - INE, Estimativas anuais da população residente"
1190307;Fafe;38.9;2011;0008259;"Índice de dependência de idosos (N.º) por Local de residência (NUTS - 2013); Anual - INE, Estimativas anuais da população residente"
16D0112;Murtosa;38.9;2011;0008259;"Índice de dependência de idosos (N.º) por Local de residência (NUTS - 2013); Anual - INE, Estimativas anuais da população residente"
1840207;Cuba;38.9;2011;0008259;"Índice de dependência de idosos (N.º) por Local de residência (NUTS - 2013); Anual - INE, Estimativas anuais da população residente"
1701512;Setúbal;39;2011;0008259;"Índice de dependência de idosos (N.º) por Local de residência (NUTS - 2013); Anual - INE, Estimativas anuais da população residente"
16G1823;Viseu;39.1;2011;0008259;"Índice de dependência de idosos (N.º) por Local de residência (NUTS - 2013); Anual - INE, Estimativas anuais da população residente"
16I1408;Constância;39.4;2011;0008259;"Índice de dependência de idosos (N.º) por Local de residência (NUTS - 2013); Anual - INE, Estimativas anuais da população residente"
16D0108;Estarreja;39.5;2011;0008259;"Índice de dependência de idosos (N.º) por Local de residência (NUTS - 2013); Anual - INE, Estimativas anuais da população residente"
1111607;Ponte de Lima;39.6;2011;0008259;"Índice de dependência de idosos (N.º) por Local de residência (NUTS - 2013); Anual - INE, Estimativas anuais da população residente"
11C0305;Celorico de Basto;39.6;2011;0008259;"Índice de dependência de idosos (N.º) por Local de residência (NUTS - 2013); Anual - INE, Estimativas anuais da população residente"
1701503;Almada;39.6;2011;0008259;"Índice de dependência de idosos (N.º) por Local de residência (NUTS - 2013); Anual - INE, Estimativas anuais da população residente"
1701110;Oeiras;39.8;2011;0008259;"Índice de dependência de idosos (N.º) por Local de residência (NUTS - 2013); Anual - INE, Estimativas anuais da população residente"
16G1810;Oliveira de Frades;40.1;2011;0008259;"Índice de dependência de idosos (N.º) por Local de residência (NUTS - 2013); Anual - INE, Estimativas anuais da população residente"
1851406;Cartaxo;40.2;2011;0008259;"Índice de dependência de idosos (N.º) por Local de residência (NUTS - 2013); Anual - INE, Estimativas anuais da população residente"
11D1820;Tarouca;40.3;2011;0008259;"Índice de dependência de idosos (N.º) por Local de residência (NUTS - 2013); Anual - INE, Estimativas anuais da população residente"
16B1108;Lourinhã;40.4;2011;0008259;"Índice de dependência de idosos (N.º) por Local de residência (NUTS - 2013); Anual - INE, Estimativas anuais da população residente"
1500813;Silves;40.5;2011;0008259;"Índice de dependência de idosos (N.º) por Local de residência (NUTS - 2013); Anual - INE, Estimativas anuais da população residente"
3003101;Calheta;40.5;2011;0008259;"Índice de dependência de idosos (N.º) por Local de residência (NUTS - 2013); Anual - INE, Estimativas anuais da população residente"
16F1016;Porto de Mós;40.7;2011;0008259;"Índice de dependência de idosos (N.º) por Local de residência (NUTS - 2013); Anual - INE, Estimativas anuais da população residente"
11A0104;Arouca;40.8;2011;0008259;"Índice de dependência de idosos (N.º) por Local de residência (NUTS - 2013); Anual - INE, Estimativas anuais da população residente"
1861207;Elvas;40.8;2011;0008259;"Índice de dependência de idosos (N.º) por Local de residência (NUTS - 2013); Anual - INE, Estimativas anuais da população residente"
1870713;Viana do Alentejo;40.9;2011;0008259;"Índice de dependência de idosos (N.º) por Local de residência (NUTS - 2013); Anual - INE, Estimativas anuais da população residente"
11A1312;Porto;41.2;2011;0008259;"Índice de dependência de idosos (N.º) por Local de residência (NUTS - 2013); Anual - INE, Estimativas anuais da população residente"
185;Lezíria do Tejo;41.2;2011;0008259;"Índice de dependência de idosos (N.º) por Local de residência (NUTS - 2013); Anual - INE, Estimativas anuais da população residente"
1851403;Almeirim;41.2;2011;0008259;"Índice de dependência de idosos (N.º) por Local de residência (NUTS - 2013); Anual - INE, Estimativas anuais da população residente"
11A1314;Santo Tirso;41.3;2011;0008259;"Índice de dependência de idosos (N.º) por Local de residência (NUTS - 2013); Anual - INE, Estimativas anuais da população residente"
16F;Região de Leiria;41.5;2011;0008259;"Índice de dependência de idosos (N.º) por Local de residência (NUTS - 2013); Anual - INE, Estimativas anuais da população residente"
16B1006;Caldas da Rainha;41.6;2011;0008259;"Índice de dependência de idosos (N.º) por Local de residência (NUTS - 2013); Anual - INE, Estimativas anuais da população residente"
16E0617;Vila Nova de Poiares;41.7;2011;0008259;"Índice de dependência de idosos (N.º) por Local de residência (NUTS - 2013); Anual - INE, Estimativas anuais da população residente"
1500807;Lagos;42;2011;0008259;"Índice de dependência de idosos (N.º) por Local de residência (NUTS - 2013); Anual - INE, Estimativas anuais da população residente"
16J0907;Guarda;42;2011;0008259;"Índice de dependência de idosos (N.º) por Local de residência (NUTS - 2013); Anual - INE, Estimativas anuais da população residente"
1701504;Barreiro;42.1;2011;0008259;"Índice de dependência de idosos (N.º) por Local de residência (NUTS - 2013); Anual - INE, Estimativas anuais da população residente"
16B1001;Alcobaça;42.2;2011;0008259;"Índice de dependência de idosos (N.º) por Local de residência (NUTS - 2013); Anual - INE, Estimativas anuais da população residente"
16E0603;Coimbra;42.2;2011;0008259;"Índice de dependência de idosos (N.º) por Local de residência (NUTS - 2013); Anual - INE, Estimativas anuais da população residente"
16B1012;Óbidos;42.5;2011;0008259;"Índice de dependência de idosos (N.º) por Local de residência (NUTS - 2013); Anual - INE, Estimativas anuais da população residente"
11C1813;Resende;42.7;2011;0008259;"Índice de dependência de idosos (N.º) por Local de residência (NUTS - 2013); Anual - INE, Estimativas anuais da população residente"
1500812;São Brás de Alportel;42.7;2011;0008259;"Índice de dependência de idosos (N.º) por Local de residência (NUTS - 2013); Anual - INE, Estimativas anuais da população residente"
181;Alentejo Litoral;42.7;2011;0008259;"Índice de dependência de idosos (N.º) por Local de residência (NUTS - 2013); Anual - INE, Estimativas anuais da população residente"
1111609;Viana do Castelo;43;2011;0008259;"Índice de dependência de idosos (N.º) por Local de residência (NUTS - 2013); Anual - INE, Estimativas anuais da população residente"
16D0101;Águeda;43;2011;0008259;"Índice de dependência de idosos (N.º) por Local de residência (NUTS - 2013); Anual - INE, Estimativas anuais da população residente"
1840214;Vidigueira;43;2011;0008259;"Índice de dependência de idosos (N.º) por Local de residência (NUTS - 2013); Anual - INE, Estimativas anuais da população residente"
1851416;Santarém;43;2011;0008259;"Índice de dependência de idosos (N.º) por Local de residência (NUTS - 2013); Anual - INE, Estimativas anuais da população residente"
11C1804;Cinfães;43.1;2011;0008259;"Índice de dependência de idosos (N.º) por Local de residência (NUTS - 2013); Anual - INE, Estimativas anuais da população residente"
1851415;Salvaterra de Magos;43.1;2011;0008259;"Índice de dependência de idosos (N.º) por Local de residência (NUTS - 2013); Anual - INE, Estimativas anuais da população residente"
16B1011;Nazaré;43.2;2011;0008259;"Índice de dependência de idosos (N.º) por Local de residência (NUTS - 2013); Anual - INE, Estimativas anuais da população residente"
16E0111;Mealhada;43.2;2011;0008259;"Índice de dependência de idosos (N.º) por Local de residência (NUTS - 2013); Anual - INE, Estimativas anuais da população residente"
16E0610;Montemor-o-Velho;43.2;2011;0008259;"Índice de dependência de idosos (N.º) por Local de residência (NUTS - 2013); Anual - INE, Estimativas anuais da população residente"
16E0609;Miranda do Corvo;43.3;2011;0008259;"Índice de dependência de idosos (N.º) por Local de residência (NUTS - 2013); Anual - INE, Estimativas anuais da população residente"
1111610;Vila Nova de Cerveira;43.4;2011;0008259;"Índice de dependência de idosos (N.º) por Local de residência (NUTS - 2013); Anual - INE, Estimativas anuais da população residente"
16B1014;Peniche;43.4;2011;0008259;"Índice de dependência de idosos (N.º) por Local de residência (NUTS - 2013); Anual - INE, Estimativas anuais da população residente"
16I1420;Vila Nova da Barquinha;43.4;2011;0008259;"Índice de dependência de idosos (N.º) por Local de residência (NUTS - 2013); Anual - INE, Estimativas anuais da população residente"
1111608;Valença;43.6;2011;0008259;"Índice de dependência de idosos (N.º) por Local de residência (NUTS - 2013); Anual - INE, Estimativas anuais da população residente"
1500803;Aljezur;43.6;2011;0008259;"Índice de dependência de idosos (N.º) por Local de residência (NUTS - 2013); Anual - INE, Estimativas anuais da população residente"
1840206;Castro Verde;43.6;2011;0008259;"Índice de dependência de idosos (N.º) por Local de residência (NUTS - 2013); Anual - INE, Estimativas anuais da população residente"
1870711;Reguengos de Monsaraz;43.6;2011;0008259;"Índice de dependência de idosos (N.º) por Local de residência (NUTS - 2013); Anual - INE, Estimativas anuais da população residente"
16I1421;Ourém;43.7;2011;0008259;"Índice de dependência de idosos (N.º) por Local de residência (NUTS - 2013); Anual - INE, Estimativas anuais da população residente"
11D1805;Lamego;44.1;2011;0008259;"Índice de dependência de idosos (N.º) por Local de residência (NUTS - 2013); Anual - INE, Estimativas anuais da população residente"
16B1005;Bombarral;44.1;2011;0008259;"Índice de dependência de idosos (N.º) por Local de residência (NUTS - 2013); Anual - INE, Estimativas anuais da população residente"
18;Alentejo;44.1;2011;0008259;"Índice de dependência de idosos (N.º) por Local de residência (NUTS - 2013); Anual - INE, Estimativas anuais da população residente"
3003110;São Vicente;44.3;2011;0008259;"Índice de dependência de idosos (N.º) por Local de residência (NUTS - 2013); Anual - INE, Estimativas anuais da população residente"
1500816;Vila Real de Santo António;44.4;2011;0008259;"Índice de dependência de idosos (N.º) por Local de residência (NUTS - 2013); Anual - INE, Estimativas anuais da população residente"
187;Alentejo Central;44.6;2011;0008259;"Índice de dependência de idosos (N.º) por Local de residência (NUTS - 2013); Anual - INE, Estimativas anuais da população residente"
1870710;Redondo;44.7;2011;0008259;"Índice de dependência de idosos (N.º) por Local de residência (NUTS - 2013); Anual - INE, Estimativas anuais da população residente"
1870714;Vila Viçosa;44.8;2011;0008259;"Índice de dependência de idosos (N.º) por Local de residência (NUTS - 2013); Anual - INE, Estimativas anuais da população residente"
16;Centro;45;2011;0008259;"Índice de dependência de idosos (N.º) por Local de residência (NUTS - 2013); Anual - INE, Estimativas anuais da população residente"
1500815;Vila do Bispo;45.3;2011;0008259;"Índice de dependência de idosos (N.º) por Local de residência (NUTS - 2013); Anual - INE, Estimativas anuais da população residente"
184;Baixo Alentejo;45.3;2011;0008259;"Índice de dependência de idosos (N.º) por Local de residência (NUTS - 2013); Anual - INE, Estimativas anuais da população residente"
1870702;Arraiolos;45.4;2011;0008259;"Índice de dependência de idosos (N.º) por Local de residência (NUTS - 2013); Anual - INE, Estimativas anuais da população residente"
1811505;Grândola;45.6;2011;0008259;"Índice de dependência de idosos (N.º) por Local de residência (NUTS - 2013); Anual - INE, Estimativas anuais da população residente"
1870709;Portel;45.6;2011;0008259;"Índice de dependência de idosos (N.º) por Local de residência (NUTS - 2013); Anual - INE, Estimativas anuais da população residente"
1870708;Mourão;45.8;2011;0008259;"Índice de dependência de idosos (N.º) por Local de residência (NUTS - 2013); Anual - INE, Estimativas anuais da população residente"
11D1708;Peso da Régua;45.9;2011;0008259;"Índice de dependência de idosos (N.º) por Local de residência (NUTS - 2013); Anual - INE, Estimativas anuais da população residente"
1840210;Moura;45.9;2011;0008259;"Índice de dependência de idosos (N.º) por Local de residência (NUTS - 2013); Anual - INE, Estimativas anuais da população residente"
1851412;Golegã;46;2011;0008259;"Índice de dependência de idosos (N.º) por Local de residência (NUTS - 2013); Anual - INE, Estimativas anuais da população residente"
3003106;Porto Moniz;46.3;2011;0008259;"Índice de dependência de idosos (N.º) por Local de residência (NUTS - 2013); Anual - INE, Estimativas anuais da população residente"
1840203;Alvito;46.5;2011;0008259;"Índice de dependência de idosos (N.º) por Local de residência (NUTS - 2013); Anual - INE, Estimativas anuais da população residente"
1840208;Ferreira do Alentejo;46.5;2011;0008259;"Índice de dependência de idosos (N.º) por Local de residência (NUTS - 2013); Anual - INE, Estimativas anuais da população residente"
11D1704;Mesão Frio;46.6;2011;0008259;"Índice de dependência de idosos (N.º) por Local de residência (NUTS - 2013); Anual - INE, Estimativas anuais da população residente"
16E;Região de Coimbra;46.8;2011;0008259;"Índice de dependência de idosos (N.º) por Local de residência (NUTS - 2013); Anual - INE, Estimativas anuais da população residente"
1861211;Monforte;47;2011;0008259;"Índice de dependência de idosos (N.º) por Local de residência (NUTS - 2013); Anual - INE, Estimativas anuais da população residente"
11D1815;São João da Pesqueira;47.1;2011;0008259;"Índice de dependência de idosos (N.º) por Local de residência (NUTS - 2013); Anual - INE, Estimativas anuais da população residente"
1851404;Alpiarça;47.1;2011;0008259;"Índice de dependência de idosos (N.º) por Local de residência (NUTS - 2013); Anual - INE, Estimativas anuais da população residente"
11E0402;Bragança;47.2;2011;0008259;"Índice de dependência de idosos (N.º) por Local de residência (NUTS - 2013); Anual - INE, Estimativas anuais da população residente"
1861214;Portalegre;47.6;2011;0008259;"Índice de dependência de idosos (N.º) por Local de residência (NUTS - 2013); Anual - INE, Estimativas anuais da população residente"
1870704;Estremoz;47.6;2011;0008259;"Índice de dependência de idosos (N.º) por Local de residência (NUTS - 2013); Anual - INE, Estimativas anuais da população residente"
16I1419;Torres Novas;47.7;2011;0008259;"Índice de dependência de idosos (N.º) por Local de residência (NUTS - 2013); Anual - INE, Estimativas anuais da população residente"
11A0107;Espinho;47.8;2011;0008259;"Índice de dependência de idosos (N.º) por Local de residência (NUTS - 2013); Anual - INE, Estimativas anuais da população residente"
1840213;Serpa;47.8;2011;0008259;"Índice de dependência de idosos (N.º) por Local de residência (NUTS - 2013); Anual - INE, Estimativas anuais da população residente"
16E0605;Figueira da Foz;48.1;2011;0008259;"Índice de dependência de idosos (N.º) por Local de residência (NUTS - 2013); Anual - INE, Estimativas anuais da população residente"
3003109;Santana;48.1;2011;0008259;"Índice de dependência de idosos (N.º) por Local de residência (NUTS - 2013); Anual - INE, Estimativas anuais da população residente"
111;Alto Minho;48.2;2011;0008259;"Índice de dependência de idosos (N.º) por Local de residência (NUTS - 2013); Anual - INE, Estimativas anuais da população residente"
16H0502;Castelo Branco;48.4;2011;0008259;"Índice de dependência de idosos (N.º) por Local de residência (NUTS - 2013); Anual - INE, Estimativas anuais da população residente"
1870703;Borba;48.4;2011;0008259;"Índice de dependência de idosos (N.º) por Local de residência (NUTS - 2013); Anual - INE, Estimativas anuais da população residente"
1191705;Mondim de Basto;48.5;2011;0008259;"Índice de dependência de idosos (N.º) por Local de residência (NUTS - 2013); Anual - INE, Estimativas anuais da população residente"
16G;Viseu Dão Lafões;48.6;2011;0008259;"Índice de dependência de idosos (N.º) por Local de residência (NUTS - 2013); Anual - INE, Estimativas anuais da população residente"
16I;Médio Tejo;48.7;2011;0008259;"Índice de dependência de idosos (N.º) por Local de residência (NUTS - 2013); Anual - INE, Estimativas anuais da população residente"
16E0611;Oliveira do Hospital;48.8;2011;0008259;"Índice de dependência de idosos (N.º) por Local de residência (NUTS - 2013); Anual - INE, Estimativas anuais da população residente"
1840201;Aljustrel;48.8;2011;0008259;"Índice de dependência de idosos (N.º) por Local de residência (NUTS - 2013); Anual - INE, Estimativas anuais da população residente"
16I1402;Alcanena;48.9;2011;0008259;"Índice de dependência de idosos (N.º) por Local de residência (NUTS - 2013); Anual - INE, Estimativas anuais da população residente"
11A0119;Vale de Cambra;49;2011;0008259;"Índice de dependência de idosos (N.º) por Local de residência (NUTS - 2013); Anual - INE, Estimativas anuais da população residente"
16B1104;Cadaval;49;2011;0008259;"Índice de dependência de idosos (N.º) por Local de residência (NUTS - 2013); Anual - INE, Estimativas anuais da população residente"
1870712;Vendas Novas;49.2;2011;0008259;"Índice de dependência de idosos (N.º) por Local de residência (NUTS - 2013); Anual - INE, Estimativas anuais da população residente"
11D;Douro;49.5;2011;0008259;"Índice de dependência de idosos (N.º) por Local de residência (NUTS - 2013); Anual - INE, Estimativas anuais da população residente"
16F1015;Pombal;49.9;2011;0008259;"Índice de dependência de idosos (N.º) por Local de residência (NUTS - 2013); Anual - INE, Estimativas anuais da população residente"
16D0103;Anadia;50.3;2011;0008259;"Índice de dependência de idosos (N.º) por Local de residência (NUTS - 2013); Anual - INE, Estimativas anuais da população residente"
1120310;Terras de Bouro;50.7;2011;0008259;"Índice de dependência de idosos (N.º) por Local de residência (NUTS - 2013); Anual - INE, Estimativas anuais da população residente"
186;Alto Alentejo;50.7;2011;0008259;"Índice de dependência de idosos (N.º) por Local de residência (NUTS - 2013); Anual - INE, Estimativas anuais da população residente"
11D1801;Armamar;50.9;2011;0008259;"Índice de dependência de idosos (N.º) por Local de residência (NUTS - 2013); Anual - INE, Estimativas anuais da população residente"
1111606;Ponte da Barca;51.1;2011;0008259;"Índice de dependência de idosos (N.º) por Local de residência (NUTS - 2013); Anual - INE, Estimativas anuais da população residente"
16E0616;Tábua;51.1;2011;0008259;"Índice de dependência de idosos (N.º) por Local de residência (NUTS - 2013); Anual - INE, Estimativas anuais da população residente"
1111602;Caminha;51.2;2011;0008259;"Índice de dependência de idosos (N.º) por Local de residência (NUTS - 2013); Anual - INE, Estimativas anuais da população residente"
1861202;Arronches;51.2;2011;0008259;"Índice de dependência de idosos (N.º) por Local de residência (NUTS - 2013); Anual - INE, Estimativas anuais da população residente"
1870706;Montemor-o-Novo;51.2;2011;0008259;"Índice de dependência de idosos (N.º) por Local de residência (NUTS - 2013); Anual - INE, Estimativas anuais da população residente"
16G1806;Mangualde;51.3;2011;0008259;"Índice de dependência de idosos (N.º) por Local de residência (NUTS - 2013); Anual - INE, Estimativas anuais da população residente"
1861213;Ponte de Sor;51.4;2011;0008259;"Índice de dependência de idosos (N.º) por Local de residência (NUTS - 2013); Anual - INE, Estimativas anuais da população residente"
1500814;Tavira;51.8;2011;0008259;"Índice de dependência de idosos (N.º) por Local de residência (NUTS - 2013); Anual - INE, Estimativas anuais da população residente"
16D0117;Sever do Vouga;51.8;2011;0008259;"Índice de dependência de idosos (N.º) por Local de residência (NUTS - 2013); Anual - INE, Estimativas anuais da população residente"
16I1417;Sardoal;51.8;2011;0008259;"Índice de dependência de idosos (N.º) por Local de residência (NUTS - 2013); Anual - INE, Estimativas anuais da população residente"
1811509;Santiago do Cacém;51.8;2011;0008259;"Índice de dependência de idosos (N.º) por Local de residência (NUTS - 2013); Anual - INE, Estimativas anuais da população residente"
1870701;Alandroal;51.8;2011;0008259;"Índice de dependência de idosos (N.º) por Local de residência (NUTS - 2013); Anual - INE, Estimativas anuais da população residente"
11D1807;Moimenta da Beira;51.9;2011;0008259;"Índice de dependência de idosos (N.º) por Local de residência (NUTS - 2013); Anual - INE, Estimativas anuais da população residente"
1861215;Sousel;52;2011;0008259;"Índice de dependência de idosos (N.º) por Local de residência (NUTS - 2013); Anual - INE, Estimativas anuais da população residente"
16E0614;Penela;52.3;2011;0008259;"Índice de dependência de idosos (N.º) por Local de residência (NUTS - 2013); Anual - INE, Estimativas anuais da população residente"
16J0503;Covilhã;52.4;2011;0008259;"Índice de dependência de idosos (N.º) por Local de residência (NUTS - 2013); Anual - INE, Estimativas anuais da população residente"
16E0602;Cantanhede;52.6;2011;0008259;"Índice de dependência de idosos (N.º) por Local de residência (NUTS - 2013); Anual - INE, Estimativas anuais da população residente"
16E0608;Mira;52.8;2011;0008259;"Índice de dependência de idosos (N.º) por Local de residência (NUTS - 2013); Anual - INE, Estimativas anuais da população residente"
1111605;Paredes de Coura;52.9;2011;0008259;"Índice de dependência de idosos (N.º) por Local de residência (NUTS - 2013); Anual - INE, Estimativas anuais da população residente"
16I1418;Tomar;53;2011;0008259;"Índice de dependência de idosos (N.º) por Local de residência (NUTS - 2013); Anual - INE, Estimativas anuais da população residente"
1190311;Vieira do Minho;53.2;2011;0008259;"Índice de dependência de idosos (N.º) por Local de residência (NUTS - 2013); Anual - INE, Estimativas anuais da população residente"
1861208;Fronteira;53.4;2011;0008259;"Índice de dependência de idosos (N.º) por Local de residência (NUTS - 2013); Anual - INE, Estimativas anuais da população residente"
16G1817;Sátão;53.7;2011;0008259;"Índice de dependência de idosos (N.º) por Local de residência (NUTS - 2013); Anual - INE, Estimativas anuais da população residente"
16G1809;Nelas;53.9;2011;0008259;"Índice de dependência de idosos (N.º) por Local de residência (NUTS - 2013); Anual - INE, Estimativas anuais da população residente"
1851407;Chamusca;54.3;2011;0008259;"Índice de dependência de idosos (N.º) por Local de residência (NUTS - 2013); Anual - INE, Estimativas anuais da população residente"
16I1401;Abrantes;54.5;2011;0008259;"Índice de dependência de idosos (N.º) por Local de residência (NUTS - 2013); Anual - INE, Estimativas anuais da população residente"
16G1824;Vouzela;54.6;2011;0008259;"Índice de dependência de idosos (N.º) por Local de residência (NUTS - 2013); Anual - INE, Estimativas anuais da população residente"
16I1411;Ferreira do Zêzere;54.7;2011;0008259;"Índice de dependência de idosos (N.º) por Local de residência (NUTS - 2013); Anual - INE, Estimativas anuais da população residente"
11D1818;Sernancelhe;54.8;2011;0008259;"Índice de dependência de idosos (N.º) por Local de residência (NUTS - 2013); Anual - INE, Estimativas anuais da população residente"
16I0509;Sertã;55.3;2011;0008259;"Índice de dependência de idosos (N.º) por Local de residência (NUTS - 2013); Anual - INE, Estimativas anuais da população residente"
1500804;Castro Marim;55.9;2011;0008259;"Índice de dependência de idosos (N.º) por Local de residência (NUTS - 2013); Anual - INE, Estimativas anuais da população residente"
1861201;Alter do Chão;56;2011;0008259;"Índice de dependência de idosos (N.º) por Local de residência (NUTS - 2013); Anual - INE, Estimativas anuais da população residente"
16F1003;Ansião;56.2;2011;0008259;"Índice de dependência de idosos (N.º) por Local de residência (NUTS - 2013); Anual - INE, Estimativas anuais da população residente"
16G1822;Vila Nova de Paiva;56.2;2011;0008259;"Índice de dependência de idosos (N.º) por Local de residência (NUTS - 2013); Anual - INE, Estimativas anuais da população residente"
16G1821;Tondela;56.5;2011;0008259;"Índice de dependência de idosos (N.º) por Local de residência (NUTS - 2013); Anual - INE, Estimativas anuais da população residente"
11B1709;Ribeira de Pena;56.6;2011;0008259;"Índice de dependência de idosos (N.º) por Local de residência (NUTS - 2013); Anual - INE, Estimativas anuais da população residente"
16G1802;Carregal do Sal;56.6;2011;0008259;"Índice de dependência de idosos (N.º) por Local de residência (NUTS - 2013); Anual - INE, Estimativas anuais da população residente"
1840202;Almodôvar;56.6;2011;0008259;"Índice de dependência de idosos (N.º) por Local de residência (NUTS - 2013); Anual - INE, Estimativas anuais da população residente"
16J0501;Belmonte;56.8;2011;0008259;"Índice de dependência de idosos (N.º) por Local de residência (NUTS - 2013); Anual - INE, Estimativas anuais da população residente"
1811501;Alcácer do Sal;56.9;2011;0008259;"Índice de dependência de idosos (N.º) por Local de residência (NUTS - 2013); Anual - INE, Estimativas anuais da população residente"
11D1711;Santa Marta de Penaguião;57.7;2011;0008259;"Índice de dependência de idosos (N.º) por Local de residência (NUTS - 2013); Anual - INE, Estimativas anuais da população residente"
11D1819;Tabuaço;57.7;2011;0008259;"Índice de dependência de idosos (N.º) por Local de residência (NUTS - 2013); Anual - INE, Estimativas anuais da população residente"
16E0613;Penacova;57.7;2011;0008259;"Índice de dependência de idosos (N.º) por Local de residência (NUTS - 2013); Anual - INE, Estimativas anuais da população residente"
1861203;Avis;57.7;2011;0008259;"Índice de dependência de idosos (N.º) por Local de residência (NUTS - 2013); Anual - INE, Estimativas anuais da população residente"
16G1803;Castro Daire;57.8;2011;0008259;"Índice de dependência de idosos (N.º) por Local de residência (NUTS - 2013); Anual - INE, Estimativas anuais da população residente"
16G1814;Santa Comba Dão;57.8;2011;0008259;"Índice de dependência de idosos (N.º) por Local de residência (NUTS - 2013); Anual - INE, Estimativas anuais da população residente"
11D1710;Sabrosa;57.9;2011;0008259;"Índice de dependência de idosos (N.º) por Local de residência (NUTS - 2013); Anual - INE, Estimativas anuais da população residente"
16J0504;Fundão;57.9;2011;0008259;"Índice de dependência de idosos (N.º) por Local de residência (NUTS - 2013); Anual - INE, Estimativas anuais da população residente"
11E0407;Mirandela;58.4;2011;0008259;"Índice de dependência de idosos (N.º) por Local de residência (NUTS - 2013); Anual - INE, Estimativas anuais da população residente"
16E0601;Arganil;58.8;2011;0008259;"Índice de dependência de idosos (N.º) por Local de residência (NUTS - 2013); Anual - INE, Estimativas anuais da população residente"
1840212;Ourique;58.8;2011;0008259;"Índice de dependência de idosos (N.º) por Local de residência (NUTS - 2013); Anual - INE, Estimativas anuais da população residente"
16G1816;São Pedro do Sul;58.9;2011;0008259;"Índice de dependência de idosos (N.º) por Local de residência (NUTS - 2013); Anual - INE, Estimativas anuais da população residente"
1851409;Coruche;58.9;2011;0008259;"Índice de dependência de idosos (N.º) por Local de residência (NUTS - 2013); Anual - INE, Estimativas anuais da população residente"
16J;Beiras e Serra da Estrela;59.2;2011;0008259;"Índice de dependência de idosos (N.º) por Local de residência (NUTS - 2013); Anual - INE, Estimativas anuais da população residente"
11D1701;Alijó;59.3;2011;0008259;"Índice de dependência de idosos (N.º) por Local de residência (NUTS - 2013); Anual - INE, Estimativas anuais da população residente"
16H;Beira Baixa;59.3;2011;0008259;"Índice de dependência de idosos (N.º) por Local de residência (NUTS - 2013); Anual - INE, Estimativas anuais da população residente"
11B1703;Chaves;59.6;2011;0008259;"Índice de dependência de idosos (N.º) por Local de residência (NUTS - 2013); Anual - INE, Estimativas anuais da população residente"
1861210;Marvão;60.2;2011;0008259;"Índice de dependência de idosos (N.º) por Local de residência (NUTS - 2013); Anual - INE, Estimativas anuais da população residente"
16E0615;Soure;60.7;2011;0008259;"Índice de dependência de idosos (N.º) por Local de residência (NUTS - 2013); Anual - INE, Estimativas anuais da população residente"
16F1013;Pedrógão Grande;60.9;2011;0008259;"Índice de dependência de idosos (N.º) por Local de residência (NUTS - 2013); Anual - INE, Estimativas anuais da população residente"
11E;Terras de Trás-os-Montes;61.3;2011;0008259;"Índice de dependência de idosos (N.º) por Local de residência (NUTS - 2013); Anual - INE, Estimativas anuais da população residente"
11D1812;Penedono;61.4;2011;0008259;"Índice de dependência de idosos (N.º) por Local de residência (NUTS - 2013); Anual - INE, Estimativas anuais da população residente"
1861205;Castelo de Vide;61.4;2011;0008259;"Índice de dependência de idosos (N.º) por Local de residência (NUTS - 2013); Anual - INE, Estimativas anuais da população residente"
1500809;Monchique;61.7;2011;0008259;"Índice de dependência de idosos (N.º) por Local de residência (NUTS - 2013); Anual - INE, Estimativas anuais da população residente"
1111604;Monção;61.8;2011;0008259;"Índice de dependência de idosos (N.º) por Local de residência (NUTS - 2013); Anual - INE, Estimativas anuais da população residente"
11E0405;Macedo de Cavaleiros;63.6;2011;0008259;"Índice de dependência de idosos (N.º) por Local de residência (NUTS - 2013); Anual - INE, Estimativas anuais da população residente"
16G1811;Penalva do Castelo;63.8;2011;0008259;"Índice de dependência de idosos (N.º) por Local de residência (NUTS - 2013); Anual - INE, Estimativas anuais da população residente"
16J0905;Fornos de Algodres;64;2011;0008259;"Índice de dependência de idosos (N.º) por Local de residência (NUTS - 2013); Anual - INE, Estimativas anuais da população residente"
16J0912;Seia;64.3;2011;0008259;"Índice de dependência de idosos (N.º) por Local de residência (NUTS - 2013); Anual - INE, Estimativas anuais da população residente"
16F1008;Figueiró dos Vinhos;64.6;2011;0008259;"Índice de dependência de idosos (N.º) por Local de residência (NUTS - 2013); Anual - INE, Estimativas anuais da população residente"
11B1713;Vila Pouca de Aguiar;64.7;2011;0008259;"Índice de dependência de idosos (N.º) por Local de residência (NUTS - 2013); Anual - INE, Estimativas anuais da população residente"
11E0410;Vila Flor;65.2;2011;0008259;"Índice de dependência de idosos (N.º) por Local de residência (NUTS - 2013); Anual - INE, Estimativas anuais da população residente"
11D1707;Murça;65.7;2011;0008259;"Índice de dependência de idosos (N.º) por Local de residência (NUTS - 2013); Anual - INE, Estimativas anuais da população residente"
16F1007;Castanheira de Pêra;65.9;2011;0008259;"Índice de dependência de idosos (N.º) por Local de residência (NUTS - 2013); Anual - INE, Estimativas anuais da população residente"
16J0903;Celorico da Beira;65.9;2011;0008259;"Índice de dependência de idosos (N.º) por Local de residência (NUTS - 2013); Anual - INE, Estimativas anuais da população residente"
16E1808;Mortágua;66.3;2011;0008259;"Índice de dependência de idosos (N.º) por Local de residência (NUTS - 2013); Anual - INE, Estimativas anuais da população residente"
11B;Alto Tâmega;66.4;2011;0008259;"Índice de dependência de idosos (N.º) por Local de residência (NUTS - 2013); Anual - INE, Estimativas anuais da população residente"
16F1002;Alvaiázere;66.7;2011;0008259;"Índice de dependência de idosos (N.º) por Local de residência (NUTS - 2013); Anual - INE, Estimativas anuais da população residente"
1111601;Arcos de Valdevez;66.8;2011;0008259;"Índice de dependência de idosos (N.º) por Local de residência (NUTS - 2013); Anual - INE, Estimativas anuais da população residente"
1840209;Mértola;66.8;2011;0008259;"Índice de dependência de idosos (N.º) por Local de residência (NUTS - 2013); Anual - INE, Estimativas anuais da população residente"
1861206;Crato;67.1;2011;0008259;"Índice de dependência de idosos (N.º) por Local de residência (NUTS - 2013); Anual - INE, Estimativas anuais da população residente"
11D0914;Vila Nova de Foz Côa;67.6;2011;0008259;"Índice de dependência de idosos (N.º) por Local de residência (NUTS - 2013); Anual - INE, Estimativas anuais da população residente"
16E0606;Góis;68.4;2011;0008259;"Índice de dependência de idosos (N.º) por Local de residência (NUTS - 2013); Anual - INE, Estimativas anuais da população residente"
16J0913;Trancoso;68.4;2011;0008259;"Índice de dependência de idosos (N.º) por Local de residência (NUTS - 2013); Anual - INE, Estimativas anuais da população residente"
16G0901;Aguiar da Beira;69.2;2011;0008259;"Índice de dependência de idosos (N.º) por Local de residência (NUTS - 2013); Anual - INE, Estimativas anuais da população residente"
16J0908;Manteigas;70;2011;0008259;"Índice de dependência de idosos (N.º) por Local de residência (NUTS - 2013); Anual - INE, Estimativas anuais da população residente"
1870707;Mora;70.3;2011;0008259;"Índice de dependência de idosos (N.º) por Local de residência (NUTS - 2013); Anual - INE, Estimativas anuais da população residente"
11E0401;Alfândega da Fé;70.7;2011;0008259;"Índice de dependência de idosos (N.º) por Local de residência (NUTS - 2013); Anual - INE, Estimativas anuais da população residente"
16I0510;Vila de Rei;71.4;2011;0008259;"Índice de dependência de idosos (N.º) por Local de residência (NUTS - 2013); Anual - INE, Estimativas anuais da população residente"
11D0404;Freixo de Espada à Cinta;71.5;2011;0008259;"Índice de dependência de idosos (N.º) por Local de residência (NUTS - 2013); Anual - INE, Estimativas anuais da população residente"
16H0508;Proença-a-Nova;72.2;2011;0008259;"Índice de dependência de idosos (N.º) por Local de residência (NUTS - 2013); Anual - INE, Estimativas anuais da população residente"
16J0904;Figueira de Castelo Rodrigo;72.5;2011;0008259;"Índice de dependência de idosos (N.º) por Local de residência (NUTS - 2013); Anual - INE, Estimativas anuais da população residente"
11D0403;Carrazeda de Ansiães;72.7;2011;0008259;"Índice de dependência de idosos (N.º) por Local de residência (NUTS - 2013); Anual - INE, Estimativas anuais da população residente"
16J0909;Mêda;72.7;2011;0008259;"Índice de dependência de idosos (N.º) por Local de residência (NUTS - 2013); Anual - INE, Estimativas anuais da população residente"
16J0906;Gouveia;73.3;2011;0008259;"Índice de dependência de idosos (N.º) por Local de residência (NUTS - 2013); Anual - INE, Estimativas anuais da população residente"
11B1702;Boticas;73.4;2011;0008259;"Índice de dependência de idosos (N.º) por Local de residência (NUTS - 2013); Anual - INE, Estimativas anuais da população residente"
11E0408;Mogadouro;74;2011;0008259;"Índice de dependência de idosos (N.º) por Local de residência (NUTS - 2013); Anual - INE, Estimativas anuais da população residente"
16J0910;Pinhel;74.5;2011;0008259;"Índice de dependência de idosos (N.º) por Local de residência (NUTS - 2013); Anual - INE, Estimativas anuais da população residente"
1861212;Nisa;76.4;2011;0008259;"Índice de dependência de idosos (N.º) por Local de residência (NUTS - 2013); Anual - INE, Estimativas anuais da população residente"
11E0406;Miranda do Douro;77.9;2011;0008259;"Índice de dependência de idosos (N.º) por Local de residência (NUTS - 2013); Anual - INE, Estimativas anuais da população residente"
11B1706;Montalegre;79;2011;0008259;"Índice de dependência de idosos (N.º) por Local de residência (NUTS - 2013); Anual - INE, Estimativas anuais da população residente"
16I1413;Mação;79.8;2011;0008259;"Índice de dependência de idosos (N.º) por Local de residência (NUTS - 2013); Anual - INE, Estimativas anuais da população residente"
1861209;Gavião;80.2;2011;0008259;"Índice de dependência de idosos (N.º) por Local de residência (NUTS - 2013); Anual - INE, Estimativas anuais da população residente"
11B1712;Valpaços;81;2011;0008259;"Índice de dependência de idosos (N.º) por Local de residência (NUTS - 2013); Anual - INE, Estimativas anuais da população residente"
11D0409;Torre de Moncorvo;81.9;2011;0008259;"Índice de dependência de idosos (N.º) por Local de residência (NUTS - 2013); Anual - INE, Estimativas anuais da população residente"
16H0505;Idanha-a-Nova;82.2;2011;0008259;"Índice de dependência de idosos (N.º) por Local de residência (NUTS - 2013); Anual - INE, Estimativas anuais da população residente"
16H0507;Penamacor;87.4;2011;0008259;"Índice de dependência de idosos (N.º) por Local de residência (NUTS - 2013); Anual - INE, Estimativas anuais da população residente"
1111603;Melgaço;88.3;2011;0008259;"Índice de dependência de idosos (N.º) por Local de residência (NUTS - 2013); Anual - INE, Estimativas anuais da população residente"
11E0411;Vimioso;88.3;2011;0008259;"Índice de dependência de idosos (N.º) por Local de residência (NUTS - 2013); Anual - INE, Estimativas anuais da população residente"
16H0511;Vila Velha de Ródão;88.9;2011;0008259;"Índice de dependência de idosos (N.º) por Local de residência (NUTS - 2013); Anual - INE, Estimativas anuais da população residente"
16J0902;Almeida;90.2;2011;0008259;"Índice de dependência de idosos (N.º) por Local de residência (NUTS - 2013); Anual - INE, Estimativas anuais da população residente"
16J0911;Sabugal;92.2;2011;0008259;"Índice de dependência de idosos (N.º) por Local de residência (NUTS - 2013); Anual - INE, Estimativas anuais da população residente"
16E0612;Pampilhosa da Serra;93.6;2011;0008259;"Índice de dependência de idosos (N.º) por Local de residência (NUTS - 2013); Anual - INE, Estimativas anuais da população residente"
16H0506;Oleiros;94;2011;0008259;"Índice de dependência de idosos (N.º) por Local de residência (NUTS - 2013); Anual - INE, Estimativas anuais da população residente"
11E0412;Vinhais;95.6;2011;0008259;"Índice de dependência de idosos (N.º) por Local de residência (NUTS - 2013); Anual - INE, Estimativas anuais da população residente"
1500802;Alcoutim;97.6;2011;0008259;"Índice de dependência de idosos (N.º) por Local de residência (NUTS - 2013); Anual - INE, Estimativas anuais da população residente"
2004205;Ribeira Grande;16.7;2012;0008259;"Índice de dependência de idosos (N.º) por Local de residência (NUTS - 2013); Anual - INE, Estimativas anuais da população residente"
2004201;Lagoa;19;2012;0008259;"Índice de dependência de idosos (N.º) por Local de residência (NUTS - 2013); Anual - INE, Estimativas anuais da população residente"
3003108;Santa Cruz;22;2012;0008259;"Índice de dependência de idosos (N.º) por Local de residência (NUTS - 2013); Anual - INE, Estimativas anuais da população residente"
3003102;Câmara de Lobos;23;2012;0008259;"Índice de dependência de idosos (N.º) por Local de residência (NUTS - 2013); Anual - INE, Estimativas anuais da população residente"
2004203;Ponta Delgada;23.3;2012;0008259;"Índice de dependência de idosos (N.º) por Local de residência (NUTS - 2013); Anual - INE, Estimativas anuais da população residente"
2004206;Vila Franca do Campo;23.3;2012;0008259;"Índice de dependência de idosos (N.º) por Local de residência (NUTS - 2013); Anual - INE, Estimativas anuais da população residente"
11C1305;Lousada;24.2;2012;0008259;"Índice de dependência de idosos (N.º) por Local de residência (NUTS - 2013); Anual - INE, Estimativas anuais da população residente"
11C1309;Paços de Ferreira;25.5;2012;0008259;"Índice de dependência de idosos (N.º) por Local de residência (NUTS - 2013); Anual - INE, Estimativas anuais da população residente"
2;Região Autónoma dos Açores;25.6;2012;0008259;"Índice de dependência de idosos (N.º) por Local de residência (NUTS - 2013); Anual - INE, Estimativas anuais da população residente"
20;Região Autónoma dos Açores;25.6;2012;0008259;"Índice de dependência de idosos (N.º) por Local de residência (NUTS - 2013); Anual - INE, Estimativas anuais da população residente"
200;Região Autónoma dos Açores;25.6;2012;0008259;"Índice de dependência de idosos (N.º) por Local de residência (NUTS - 2013); Anual - INE, Estimativas anuais da população residente"
11A1310;Paredes;25.9;2012;0008259;"Índice de dependência de idosos (N.º) por Local de residência (NUTS - 2013); Anual - INE, Estimativas anuais da população residente"
2004204;Povoação;26.1;2012;0008259;"Índice de dependência de idosos (N.º) por Local de residência (NUTS - 2013); Anual - INE, Estimativas anuais da população residente"
2004901;Corvo;27.2;2012;0008259;"Índice de dependência de idosos (N.º) por Local de residência (NUTS - 2013); Anual - INE, Estimativas anuais da população residente"
3003201;Porto Santo;27.2;2012;0008259;"Índice de dependência de idosos (N.º) por Local de residência (NUTS - 2013); Anual - INE, Estimativas anuais da população residente"
2004101;Vila do Porto;27.3;2012;0008259;"Índice de dependência de idosos (N.º) por Local de residência (NUTS - 2013); Anual - INE, Estimativas anuais da população residente"
1701502;Alcochete;27.4;2012;0008259;"Índice de dependência de idosos (N.º) por Local de residência (NUTS - 2013); Anual - INE, Estimativas anuais da população residente"
1701109;Mafra;27.8;2012;0008259;"Índice de dependência de idosos (N.º) por Local de residência (NUTS - 2013); Anual - INE, Estimativas anuais da população residente"
1190314;Vizela;28.1;2012;0008259;"Índice de dependência de idosos (N.º) por Local de residência (NUTS - 2013); Anual - INE, Estimativas anuais da população residente"
11C1311;Penafiel;28.4;2012;0008259;"Índice de dependência de idosos (N.º) por Local de residência (NUTS - 2013); Anual - INE, Estimativas anuais da população residente"
1500801;Albufeira;28.5;2012;0008259;"Índice de dependência de idosos (N.º) por Local de residência (NUTS - 2013); Anual - INE, Estimativas anuais da população residente"
16B1102;Arruda dos Vinhos;28.5;2012;0008259;"Índice de dependência de idosos (N.º) por Local de residência (NUTS - 2013); Anual - INE, Estimativas anuais da população residente"
1701111;Sintra;28.5;2012;0008259;"Índice de dependência de idosos (N.º) por Local de residência (NUTS - 2013); Anual - INE, Estimativas anuais da população residente"
2004802;Santa Cruz das Flores;28.6;2012;0008259;"Índice de dependência de idosos (N.º) por Local de residência (NUTS - 2013); Anual - INE, Estimativas anuais da população residente"
1701507;Montijo;28.8;2012;0008259;"Índice de dependência de idosos (N.º) por Local de residência (NUTS - 2013); Anual - INE, Estimativas anuais da população residente"
11C1307;Marco de Canaveses;29;2012;0008259;"Índice de dependência de idosos (N.º) por Local de residência (NUTS - 2013); Anual - INE, Estimativas anuais da população residente"
1120303;Braga;29.4;2012;0008259;"Índice de dependência de idosos (N.º) por Local de residência (NUTS - 2013); Anual - INE, Estimativas anuais da população residente"
2004302;Vila da Praia da Vitória;29.4;2012;0008259;"Índice de dependência de idosos (N.º) por Local de residência (NUTS - 2013); Anual - INE, Estimativas anuais da população residente"
11C1303;Felgueiras;29.6;2012;0008259;"Índice de dependência de idosos (N.º) por Local de residência (NUTS - 2013); Anual - INE, Estimativas anuais da população residente"
2004602;Madalena;30;2012;0008259;"Índice de dependência de idosos (N.º) por Local de residência (NUTS - 2013); Anual - INE, Estimativas anuais da população residente"
1701114;Vila Franca de Xira;30.2;2012;0008259;"Índice de dependência de idosos (N.º) por Local de residência (NUTS - 2013); Anual - INE, Estimativas anuais da população residente"
16B1112;Sobral de Monte Agraço;30.3;2012;0008259;"Índice de dependência de idosos (N.º) por Local de residência (NUTS - 2013); Anual - INE, Estimativas anuais da população residente"
1851405;Benavente;30.4;2012;0008259;"Índice de dependência de idosos (N.º) por Local de residência (NUTS - 2013); Anual - INE, Estimativas anuais da população residente"
2004301;Angra do Heroísmo;30.4;2012;0008259;"Índice de dependência de idosos (N.º) por Local de residência (NUTS - 2013); Anual - INE, Estimativas anuais da população residente"
11A1306;Maia;30.6;2012;0008259;"Índice de dependência de idosos (N.º) por Local de residência (NUTS - 2013); Anual - INE, Estimativas anuais da população residente"
11C;Tâmega e Sousa;30.7;2012;0008259;"Índice de dependência de idosos (N.º) por Local de residência (NUTS - 2013); Anual - INE, Estimativas anuais da população residente"
11A1315;Valongo;30.9;2012;0008259;"Índice de dependência de idosos (N.º) por Local de residência (NUTS - 2013); Anual - INE, Estimativas anuais da população residente"
16B1101;Alenquer;30.9;2012;0008259;"Índice de dependência de idosos (N.º) por Local de residência (NUTS - 2013); Anual - INE, Estimativas anuais da população residente"
3;Região Autónoma da Madeira;31.2;2012;0008259;"Índice de dependência de idosos (N.º) por Local de residência (NUTS - 2013); Anual - INE, Estimativas anuais da população residente"
30;Região Autónoma da Madeira;31.2;2012;0008259;"Índice de dependência de idosos (N.º) por Local de residência (NUTS - 2013); Anual - INE, Estimativas anuais da população residente"
300;Região Autónoma da Madeira;31.2;2012;0008259;"Índice de dependência de idosos (N.º) por Local de residência (NUTS - 2013); Anual - INE, Estimativas anuais da população residente"
2004202;Nordeste;31.4;2012;0008259;"Índice de dependência de idosos (N.º) por Local de residência (NUTS - 2013); Anual - INE, Estimativas anuais da população residente"
112;Cávado;31.5;2012;0008259;"Índice de dependência de idosos (N.º) por Local de residência (NUTS - 2013); Anual - INE, Estimativas anuais da população residente"
1120306;Esposende;31.9;2012;0008259;"Índice de dependência de idosos (N.º) por Local de residência (NUTS - 2013); Anual - INE, Estimativas anuais da população residente"
11A1318;Trofa;31.9;2012;0008259;"Índice de dependência de idosos (N.º) por Local de residência (NUTS - 2013); Anual - INE, Estimativas anuais da população residente"
2004701;Horta;31.9;2012;0008259;"Índice de dependência de idosos (N.º) por Local de residência (NUTS - 2013); Anual - INE, Estimativas anuais da população residente"
3003107;Ribeira Brava;31.9;2012;0008259;"Índice de dependência de idosos (N.º) por Local de residência (NUTS - 2013); Anual - INE, Estimativas anuais da população residente"
2004502;Velas;32;2012;0008259;"Índice de dependência de idosos (N.º) por Local de residência (NUTS - 2013); Anual - INE, Estimativas anuais da população residente"
1120302;Barcelos;32.2;2012;0008259;"Índice de dependência de idosos (N.º) por Local de residência (NUTS - 2013); Anual - INE, Estimativas anuais da população residente"
1701511;Sesimbra;32.2;2012;0008259;"Índice de dependência de idosos (N.º) por Local de residência (NUTS - 2013); Anual - INE, Estimativas anuais da população residente"
2004801;Lajes das Flores;32.2;2012;0008259;"Índice de dependência de idosos (N.º) por Local de residência (NUTS - 2013); Anual - INE, Estimativas anuais da população residente"
1190312;Vila Nova de Famalicão;32.3;2012;0008259;"Índice de dependência de idosos (N.º) por Local de residência (NUTS - 2013); Anual - INE, Estimativas anuais da população residente"
3003105;Ponta do Sol;32.3;2012;0008259;"Índice de dependência de idosos (N.º) por Local de residência (NUTS - 2013); Anual - INE, Estimativas anuais da população residente"
16I1410;Entroncamento;32.4;2012;0008259;"Índice de dependência de idosos (N.º) por Local de residência (NUTS - 2013); Anual - INE, Estimativas anuais da população residente"
11A1316;Vila do Conde;32.6;2012;0008259;"Índice de dependência de idosos (N.º) por Local de residência (NUTS - 2013); Anual - INE, Estimativas anuais da população residente"
11A1313;Póvoa de Varzim;32.8;2012;0008259;"Índice de dependência de idosos (N.º) por Local de residência (NUTS - 2013); Anual - INE, Estimativas anuais da população residente"
1701508;Palmela;33;2012;0008259;"Índice de dependência de idosos (N.º) por Local de residência (NUTS - 2013); Anual - INE, Estimativas anuais da população residente"
1810211;Odemira;33.1;2012;0008259;"Índice de dependência de idosos (N.º) por Local de residência (NUTS - 2013); Anual - INE, Estimativas anuais da população residente"
3003104;Machico;33.1;2012;0008259;"Índice de dependência de idosos (N.º) por Local de residência (NUTS - 2013); Anual - INE, Estimativas anuais da população residente"
1190308;Guimarães;33.3;2012;0008259;"Índice de dependência de idosos (N.º) por Local de residência (NUTS - 2013); Anual - INE, Estimativas anuais da população residente"
2004603;São Roque do Pico;33.3;2012;0008259;"Índice de dependência de idosos (N.º) por Local de residência (NUTS - 2013); Anual - INE, Estimativas anuais da população residente"
11C0106;Castelo de Paiva;33.5;2012;0008259;"Índice de dependência de idosos (N.º) por Local de residência (NUTS - 2013); Anual - INE, Estimativas anuais da população residente"
16D0105;Aveiro;33.8;2012;0008259;"Índice de dependência de idosos (N.º) por Local de residência (NUTS - 2013); Anual - INE, Estimativas anuais da população residente"
2004401;Santa Cruz da Graciosa;34;2012;0008259;"Índice de dependência de idosos (N.º) por Local de residência (NUTS - 2013); Anual - INE, Estimativas anuais da população residente"
16D0110;Ílhavo;34.1;2012;0008259;"Índice de dependência de idosos (N.º) por Local de residência (NUTS - 2013); Anual - INE, Estimativas anuais da população residente"
119;Ave;34.3;2012;0008259;"Índice de dependência de idosos (N.º) por Local de residência (NUTS - 2013); Anual - INE, Estimativas anuais da população residente"
1701116;Odivelas;34.3;2012;0008259;"Índice de dependência de idosos (N.º) por Local de residência (NUTS - 2013); Anual - INE, Estimativas anuais da população residente"
1120301;Amares;34.5;2012;0008259;"Índice de dependência de idosos (N.º) por Local de residência (NUTS - 2013); Anual - INE, Estimativas anuais da população residente"
1120313;Vila Verde;34.7;2012;0008259;"Índice de dependência de idosos (N.º) por Local de residência (NUTS - 2013); Anual - INE, Estimativas anuais da população residente"
11A0109;Santa Maria da Feira;34.8;2012;0008259;"Índice de dependência de idosos (N.º) por Local de residência (NUTS - 2013); Anual - INE, Estimativas anuais da população residente"
17;Área Metropolitana de Lisboa;34.9;2012;0008259;"Índice de dependência de idosos (N.º) por Local de residência (NUTS - 2013); Anual - INE, Estimativas anuais da população residente"
170;Área Metropolitana de Lisboa;34.9;2012;0008259;"Índice de dependência de idosos (N.º) por Local de residência (NUTS - 2013); Anual - INE, Estimativas anuais da população residente"
3003103;Funchal;34.9;2012;0008259;"Índice de dependência de idosos (N.º) por Local de residência (NUTS - 2013); Anual - INE, Estimativas anuais da população residente"
11A1317;Vila Nova de Gaia;35.1;2012;0008259;"Índice de dependência de idosos (N.º) por Local de residência (NUTS - 2013); Anual - INE, Estimativas anuais da população residente"
11A1304;Gondomar;35.2;2012;0008259;"Índice de dependência de idosos (N.º) por Local de residência (NUTS - 2013); Anual - INE, Estimativas anuais da população residente"
16D0115;Ovar;35.2;2012;0008259;"Índice de dependência de idosos (N.º) por Local de residência (NUTS - 2013); Anual - INE, Estimativas anuais da população residente"
11A0116;São João da Madeira;35.5;2012;0008259;"Índice de dependência de idosos (N.º) por Local de residência (NUTS - 2013); Anual - INE, Estimativas anuais da população residente"
1500805;Faro;35.5;2012;0008259;"Índice de dependência de idosos (N.º) por Local de residência (NUTS - 2013); Anual - INE, Estimativas anuais da população residente"
16B1113;Torres Vedras;35.5;2012;0008259;"Índice de dependência de idosos (N.º) por Local de residência (NUTS - 2013); Anual - INE, Estimativas anuais da população residente"
11A;Área Metropolitana do Porto;35.6;2012;0008259;"Índice de dependência de idosos (N.º) por Local de residência (NUTS - 2013); Anual - INE, Estimativas anuais da população residente"
1840204;Barrancos;35.6;2012;0008259;"Índice de dependência de idosos (N.º) por Local de residência (NUTS - 2013); Anual - INE, Estimativas anuais da população residente"
1701506;Moita;35.7;2012;0008259;"Índice de dependência de idosos (N.º) por Local de residência (NUTS - 2013); Anual - INE, Estimativas anuais da população residente"
1701510;Seixal;35.8;2012;0008259;"Índice de dependência de idosos (N.º) por Local de residência (NUTS - 2013); Anual - INE, Estimativas anuais da população residente"
1500811;Portimão;35.9;2012;0008259;"Índice de dependência de idosos (N.º) por Local de residência (NUTS - 2013); Anual - INE, Estimativas anuais da população residente"
16E0604;Condeixa-a-Nova;35.9;2012;0008259;"Índice de dependência de idosos (N.º) por Local de residência (NUTS - 2013); Anual - INE, Estimativas anuais da população residente"
1190309;Póvoa de Lanhoso;36.2;2012;0008259;"Índice de dependência de idosos (N.º) por Local de residência (NUTS - 2013); Anual - INE, Estimativas anuais da população residente"
1851103;Azambuja;36.2;2012;0008259;"Índice de dependência de idosos (N.º) por Local de residência (NUTS - 2013); Anual - INE, Estimativas anuais da população residente"
16D0102;Albergaria-a-Velha;36.4;2012;0008259;"Índice de dependência de idosos (N.º) por Local de residência (NUTS - 2013); Anual - INE, Estimativas anuais da população residente"
16F1009;Leiria;36.4;2012;0008259;"Índice de dependência de idosos (N.º) por Local de residência (NUTS - 2013); Anual - INE, Estimativas anuais da população residente"
1701107;Loures;36.4;2012;0008259;"Índice de dependência de idosos (N.º) por Local de residência (NUTS - 2013); Anual - INE, Estimativas anuais da população residente"
1701106;Lisboa;36.5;2012;0008259;"Índice de dependência de idosos (N.º) por Local de residência (NUTS - 2013); Anual - INE, Estimativas anuais da população residente"
1701115;Amadora;36.5;2012;0008259;"Índice de dependência de idosos (N.º) por Local de residência (NUTS - 2013); Anual - INE, Estimativas anuais da população residente"
16D0114;Oliveira do Bairro;36.7;2012;0008259;"Índice de dependência de idosos (N.º) por Local de residência (NUTS - 2013); Anual - INE, Estimativas anuais da população residente"
16E0607;Lousã;37;2012;0008259;"Índice de dependência de idosos (N.º) por Local de residência (NUTS - 2013); Anual - INE, Estimativas anuais da população residente"
11;Norte;37.1;2012;0008259;"Índice de dependência de idosos (N.º) por Local de residência (NUTS - 2013); Anual - INE, Estimativas anuais da população residente"
11C1301;Amarante;37.1;2012;0008259;"Índice de dependência de idosos (N.º) por Local de residência (NUTS - 2013); Anual - INE, Estimativas anuais da população residente"
1701105;Cascais;37.1;2012;0008259;"Índice de dependência de idosos (N.º) por Local de residência (NUTS - 2013); Anual - INE, Estimativas anuais da população residente"
16F1010;Marinha Grande;37.3;2012;0008259;"Índice de dependência de idosos (N.º) por Local de residência (NUTS - 2013); Anual - INE, Estimativas anuais da população residente"
1811513;Sines;37.4;2012;0008259;"Índice de dependência de idosos (N.º) por Local de residência (NUTS - 2013); Anual - INE, Estimativas anuais da população residente"
11C1302;Baião;37.5;2012;0008259;"Índice de dependência de idosos (N.º) por Local de residência (NUTS - 2013); Anual - INE, Estimativas anuais da população residente"
1840205;Beja;37.5;2012;0008259;"Índice de dependência de idosos (N.º) por Local de residência (NUTS - 2013); Anual - INE, Estimativas anuais da população residente"
16F1004;Batalha;37.6;2012;0008259;"Índice de dependência de idosos (N.º) por Local de residência (NUTS - 2013); Anual - INE, Estimativas anuais da população residente"
1190304;Cabeceiras de Basto;37.7;2012;0008259;"Índice de dependência de idosos (N.º) por Local de residência (NUTS - 2013); Anual - INE, Estimativas anuais da população residente"
1500810;Olhão;37.7;2012;0008259;"Índice de dependência de idosos (N.º) por Local de residência (NUTS - 2013); Anual - INE, Estimativas anuais da população residente"
2004501;Calheta;37.7;2012;0008259;"Índice de dependência de idosos (N.º) por Local de residência (NUTS - 2013); Anual - INE, Estimativas anuais da população residente"
1851414;Rio Maior;37.8;2012;0008259;"Índice de dependência de idosos (N.º) por Local de residência (NUTS - 2013); Anual - INE, Estimativas anuais da população residente"
11A1308;Matosinhos;38;2012;0008259;"Índice de dependência de idosos (N.º) por Local de residência (NUTS - 2013); Anual - INE, Estimativas anuais da população residente"
16D;Região de Aveiro;38;2012;0008259;"Índice de dependência de idosos (N.º) por Local de residência (NUTS - 2013); Anual - INE, Estimativas anuais da população residente"
1500806;Lagoa;38.2;2012;0008259;"Índice de dependência de idosos (N.º) por Local de residência (NUTS - 2013); Anual - INE, Estimativas anuais da população residente"
PT;Portugal;38.2;2012;0008259;"Índice de dependência de idosos (N.º) por Local de residência (NUTS - 2013); Anual - INE, Estimativas anuais da população residente"
1500808;Loulé;38.3;2012;0008259;"Índice de dependência de idosos (N.º) por Local de residência (NUTS - 2013); Anual - INE, Estimativas anuais da população residente"
16B;Oeste;38.5;2012;0008259;"Índice de dependência de idosos (N.º) por Local de residência (NUTS - 2013); Anual - INE, Estimativas anuais da população residente"
1861204;Campo Maior;38.5;2012;0008259;"Índice de dependência de idosos (N.º) por Local de residência (NUTS - 2013); Anual - INE, Estimativas anuais da população residente"
11A0113;Oliveira de Azeméis;38.6;2012;0008259;"Índice de dependência de idosos (N.º) por Local de residência (NUTS - 2013); Anual - INE, Estimativas anuais da população residente"
16D0118;Vagos;38.6;2012;0008259;"Índice de dependência de idosos (N.º) por Local de residência (NUTS - 2013); Anual - INE, Estimativas anuais da população residente"
1870705;Évora;38.6;2012;0008259;"Índice de dependência de idosos (N.º) por Local de residência (NUTS - 2013); Anual - INE, Estimativas anuais da população residente"
2004601;Lajes do Pico;38.6;2012;0008259;"Índice de dependência de idosos (N.º) por Local de residência (NUTS - 2013); Anual - INE, Estimativas anuais da população residente"
1;Continente;38.7;2012;0008259;"Índice de dependência de idosos (N.º) por Local de residência (NUTS - 2013); Anual - INE, Estimativas anuais da população residente"
11D1714;Vila Real;38.8;2012;0008259;"Índice de dependência de idosos (N.º) por Local de residência (NUTS - 2013); Anual - INE, Estimativas anuais da população residente"
15;Algarve;38.8;2012;0008259;"Índice de dependência de idosos (N.º) por Local de residência (NUTS - 2013); Anual - INE, Estimativas anuais da população residente"
150;Algarve;38.8;2012;0008259;"Índice de dependência de idosos (N.º) por Local de residência (NUTS - 2013); Anual - INE, Estimativas anuais da população residente"
1190307;Fafe;38.9;2012;0008259;"Índice de dependência de idosos (N.º) por Local de residência (NUTS - 2013); Anual - INE, Estimativas anuais da população residente"
16D0112;Murtosa;38.9;2012;0008259;"Índice de dependência de idosos (N.º) por Local de residência (NUTS - 2013); Anual - INE, Estimativas anuais da população residente"
1840207;Cuba;38.9;2012;0008259;"Índice de dependência de idosos (N.º) por Local de residência (NUTS - 2013); Anual - INE, Estimativas anuais da população residente"
1701512;Setúbal;39;2012;0008259;"Índice de dependência de idosos (N.º) por Local de residência (NUTS - 2013); Anual - INE, Estimativas anuais da população residente"
16G1823;Viseu;39.1;2012;0008259;"Índice de dependência de idosos (N.º) por Local de residência (NUTS - 2013); Anual - INE, Estimativas anuais da população residente"
16I1408;Constância;39.4;2012;0008259;"Índice de dependência de idosos (N.º) por Local de residência (NUTS - 2013); Anual - INE, Estimativas anuais da população residente"
16D0108;Estarreja;39.5;2012;0008259;"Índice de dependência de idosos (N.º) por Local de residência (NUTS - 2013); Anual - INE, Estimativas anuais da população residente"
1111607;Ponte de Lima;39.6;2012;0008259;"Índice de dependência de idosos (N.º) por Local de residência (NUTS - 2013); Anual - INE, Estimativas anuais da população residente"
11C0305;Celorico de Basto;39.6;2012;0008259;"Índice de dependência de idosos (N.º) por Local de residência (NUTS - 2013); Anual - INE, Estimativas anuais da população residente"
1701503;Almada;39.6;2012;0008259;"Índice de dependência de idosos (N.º) por Local de residência (NUTS - 2013); Anual - INE, Estimativas anuais da população residente"
1701110;Oeiras;39.8;2012;0008259;"Índice de dependência de idosos (N.º) por Local de residência (NUTS - 2013); Anual - INE, Estimativas anuais da população residente"
16G1810;Oliveira de Frades;40.1;2012;0008259;"Índice de dependência de idosos (N.º) por Local de residência (NUTS - 2013); Anual - INE, Estimativas anuais da população residente"
1851406;Cartaxo;40.2;2012;0008259;"Índice de dependência de idosos (N.º) por Local de residência (NUTS - 2013); Anual - INE, Estimativas anuais da população residente"
11D1820;Tarouca;40.3;2012;0008259;"Índice de dependência de idosos (N.º) por Local de residência (NUTS - 2013); Anual - INE, Estimativas anuais da população residente"
16B1108;Lourinhã;40.4;2012;0008259;"Índice de dependência de idosos (N.º) por Local de residência (NUTS - 2013); Anual - INE, Estimativas anuais da população residente"
1500813;Silves;40.5;2012;0008259;"Índice de dependência de idosos (N.º) por Local de residência (NUTS - 2013); Anual - INE, Estimativas anuais da população residente"
3003101;Calheta;40.5;2012;0008259;"Índice de dependência de idosos (N.º) por Local de residência (NUTS - 2013); Anual - INE, Estimativas anuais da população residente"
16F1016;Porto de Mós;40.7;2012;0008259;"Índice de dependência de idosos (N.º) por Local de residência (NUTS - 2013); Anual - INE, Estimativas anuais da população residente"
11A0104;Arouca;40.8;2012;0008259;"Índice de dependência de idosos (N.º) por Local de residência (NUTS - 2013); Anual - INE, Estimativas anuais da população residente"
1861207;Elvas;40.8;2012;0008259;"Índice de dependência de idosos (N.º) por Local de residência (NUTS - 2013); Anual - INE, Estimativas anuais da população residente"
1870713;Viana do Alentejo;40.9;2012;0008259;"Índice de dependência de idosos (N.º) por Local de residência (NUTS - 2013); Anual - INE, Estimativas anuais da população residente"
11A1312;Porto;41.2;2012;0008259;"Índice de dependência de idosos (N.º) por Local de residência (NUTS - 2013); Anual - INE, Estimativas anuais da população residente"
185;Lezíria do Tejo;41.2;2012;0008259;"Índice de dependência de idosos (N.º) por Local de residência (NUTS - 2013); Anual - INE, Estimativas anuais da população residente"
1851403;Almeirim;41.2;2012;0008259;"Índice de dependência de idosos (N.º) por Local de residência (NUTS - 2013); Anual - INE, Estimativas anuais da população residente"
11A1314;Santo Tirso;41.3;2012;0008259;"Índice de dependência de idosos (N.º) por Local de residência (NUTS - 2013); Anual - INE, Estimativas anuais da população residente"
16F;Região de Leiria;41.5;2012;0008259;"Índice de dependência de idosos (N.º) por Local de residência (NUTS - 2013); Anual - INE, Estimativas anuais da população residente"
16B1006;Caldas da Rainha;41.6;2012;0008259;"Índice de dependência de idosos (N.º) por Local de residência (NUTS - 2013); Anual - INE, Estimativas anuais da população residente"
16E0617;Vila Nova de Poiares;41.7;2012;0008259;"Índice de dependência de idosos (N.º) por Local de residência (NUTS - 2013); Anual - INE, Estimativas anuais da população residente"
1500807;Lagos;42;2012;0008259;"Índice de dependência de idosos (N.º) por Local de residência (NUTS - 2013); Anual - INE, Estimativas anuais da população residente"
16J0907;Guarda;42;2012;0008259;"Índice de dependência de idosos (N.º) por Local de residência (NUTS - 2013); Anual - INE, Estimativas anuais da população residente"
1701504;Barreiro;42.1;2012;0008259;"Índice de dependência de idosos (N.º) por Local de residência (NUTS - 2013); Anual - INE, Estimativas anuais da população residente"
16B1001;Alcobaça;42.2;2012;0008259;"Índice de dependência de idosos (N.º) por Local de residência (NUTS - 2013); Anual - INE, Estimativas anuais da população residente"
16E0603;Coimbra;42.2;2012;0008259;"Índice de dependência de idosos (N.º) por Local de residência (NUTS - 2013); Anual - INE, Estimativas anuais da população residente"
16B1012;Óbidos;42.5;2012;0008259;"Índice de dependência de idosos (N.º) por Local de residência (NUTS - 2013); Anual - INE, Estimativas anuais da população residente"
11C1813;Resende;42.7;2012;0008259;"Índice de dependência de idosos (N.º) por Local de residência (NUTS - 2013); Anual - INE, Estimativas anuais da população residente"
1500812;São Brás de Alportel;42.7;2012;0008259;"Índice de dependência de idosos (N.º) por Local de residência (NUTS - 2013); Anual - INE, Estimativas anuais da população residente"
181;Alentejo Litoral;42.7;2012;0008259;"Índice de dependência de idosos (N.º) por Local de residência (NUTS - 2013); Anual - INE, Estimativas anuais da população residente"
1111609;Viana do Castelo;43;2012;0008259;"Índice de dependência de idosos (N.º) por Local de residência (NUTS - 2013); Anual - INE, Estimativas anuais da população residente"
16D0101;Águeda;43;2012;0008259;"Índice de dependência de idosos (N.º) por Local de residência (NUTS - 2013); Anual - INE, Estimativas anuais da população residente"
1840214;Vidigueira;43;2012;0008259;"Índice de dependência de idosos (N.º) por Local de residência (NUTS - 2013); Anual - INE, Estimativas anuais da população residente"
1851416;Santarém;43;2012;0008259;"Índice de dependência de idosos (N.º) por Local de residência (NUTS - 2013); Anual - INE, Estimativas anuais da população residente"
11C1804;Cinfães;43.1;2012;0008259;"Índice de dependência de idosos (N.º) por Local de residência (NUTS - 2013); Anual - INE, Estimativas anuais da população residente"
1851415;Salvaterra de Magos;43.1;2012;0008259;"Índice de dependência de idosos (N.º) por Local de residência (NUTS - 2013); Anual - INE, Estimativas anuais da população residente"
16B1011;Nazaré;43.2;2012;0008259;"Índice de dependência de idosos (N.º) por Local de residência (NUTS - 2013); Anual - INE, Estimativas anuais da população residente"
16E0111;Mealhada;43.2;2012;0008259;"Índice de dependência de idosos (N.º) por Local de residência (NUTS - 2013); Anual - INE, Estimativas anuais da população residente"
16E0610;Montemor-o-Velho;43.2;2012;0008259;"Índice de dependência de idosos (N.º) por Local de residência (NUTS - 2013); Anual - INE, Estimativas anuais da população residente"
16E0609;Miranda do Corvo;43.3;2012;0008259;"Índice de dependência de idosos (N.º) por Local de residência (NUTS - 2013); Anual - INE, Estimativas anuais da população residente"
1111610;Vila Nova de Cerveira;43.4;2012;0008259;"Índice de dependência de idosos (N.º) por Local de residência (NUTS - 2013); Anual - INE, Estimativas anuais da população residente"
16B1014;Peniche;43.4;2012;0008259;"Índice de dependência de idosos (N.º) por Local de residência (NUTS - 2013); Anual - INE, Estimativas anuais da população residente"
16I1420;Vila Nova da Barquinha;43.4;2012;0008259;"Índice de dependência de idosos (N.º) por Local de residência (NUTS - 2013); Anual - INE, Estimativas anuais da população residente"
1111608;Valença;43.6;2012;0008259;"Índice de dependência de idosos (N.º) por Local de residência (NUTS - 2013); Anual - INE, Estimativas anuais da população residente"
1500803;Aljezur;43.6;2012;0008259;"Índice de dependência de idosos (N.º) por Local de residência (NUTS - 2013); Anual - INE, Estimativas anuais da população residente"
1840206;Castro Verde;43.6;2012;0008259;"Índice de dependência de idosos (N.º) por Local de residência (NUTS - 2013); Anual - INE, Estimativas anuais da população residente"
1870711;Reguengos de Monsaraz;43.6;2012;0008259;"Índice de dependência de idosos (N.º) por Local de residência (NUTS - 2013); Anual - INE, Estimativas anuais da população residente"
16I1421;Ourém;43.7;2012;0008259;"Índice de dependência de idosos (N.º) por Local de residência (NUTS - 2013); Anual - INE, Estimativas anuais da população residente"
11D1805;Lamego;44.1;2012;0008259;"Índice de dependência de idosos (N.º) por Local de residência (NUTS - 2013); Anual - INE, Estimativas anuais da população residente"
16B1005;Bombarral;44.1;2012;0008259;"Índice de dependência de idosos (N.º) por Local de residência (NUTS - 2013); Anual - INE, Estimativas anuais da população residente"
18;Alentejo;44.1;2012;0008259;"Índice de dependência de idosos (N.º) por Local de residência (NUTS - 2013); Anual - INE, Estimativas anuais da população residente"
3003110;São Vicente;44.3;2012;0008259;"Índice de dependência de idosos (N.º) por Local de residência (NUTS - 2013); Anual - INE, Estimativas anuais da população residente"
1500816;Vila Real de Santo António;44.4;2012;0008259;"Índice de dependência de idosos (N.º) por Local de residência (NUTS - 2013); Anual - INE, Estimativas anuais da população residente"
187;Alentejo Central;44.6;2012;0008259;"Índice de dependência de idosos (N.º) por Local de residência (NUTS - 2013); Anual - INE, Estimativas anuais da população residente"
1870710;Redondo;44.7;2012;0008259;"Índice de dependência de idosos (N.º) por Local de residência (NUTS - 2013); Anual - INE, Estimativas anuais da população residente"
1870714;Vila Viçosa;44.8;2012;0008259;"Índice de dependência de idosos (N.º) por Local de residência (NUTS - 2013); Anual - INE, Estimativas anuais da população residente"
16;Centro;45;2012;0008259;"Índice de dependência de idosos (N.º) por Local de residência (NUTS - 2013); Anual - INE, Estimativas anuais da população residente"
1500815;Vila do Bispo;45.3;2012;0008259;"Índice de dependência de idosos (N.º) por Local de residência (NUTS - 2013); Anual - INE, Estimativas anuais da população residente"
184;Baixo Alentejo;45.3;2012;0008259;"Índice de dependência de idosos (N.º) por Local de residência (NUTS - 2013); Anual - INE, Estimativas anuais da população residente"
1870702;Arraiolos;45.4;2012;0008259;"Índice de dependência de idosos (N.º) por Local de residência (NUTS - 2013); Anual - INE, Estimativas anuais da população residente"
1811505;Grândola;45.6;2012;0008259;"Índice de dependência de idosos (N.º) por Local de residência (NUTS - 2013); Anual - INE, Estimativas anuais da população residente"
1870709;Portel;45.6;2012;0008259;"Índice de dependência de idosos (N.º) por Local de residência (NUTS - 2013); Anual - INE, Estimativas anuais da população residente"
1870708;Mourão;45.8;2012;0008259;"Índice de dependência de idosos (N.º) por Local de residência (NUTS - 2013); Anual - INE, Estimativas anuais da população residente"
11D1708;Peso da Régua;45.9;2012;0008259;"Índice de dependência de idosos (N.º) por Local de residência (NUTS - 2013); Anual - INE, Estimativas anuais da população residente"
1840210;Moura;45.9;2012;0008259;"Índice de dependência de idosos (N.º) por Local de residência (NUTS - 2013); Anual - INE, Estimativas anuais da população residente"
1851412;Golegã;46;2012;0008259;"Índice de dependência de idosos (N.º) por Local de residência (NUTS - 2013); Anual - INE, Estimativas anuais da população residente"
3003106;Porto Moniz;46.3;2012;0008259;"Índice de dependência de idosos (N.º) por Local de residência (NUTS - 2013); Anual - INE, Estimativas anuais da população residente"
1840203;Alvito;46.5;2012;0008259;"Índice de dependência de idosos (N.º) por Local de residência (NUTS - 2013); Anual - INE, Estimativas anuais da população residente"
1840208;Ferreira do Alentejo;46.5;2012;0008259;"Índice de dependência de idosos (N.º) por Local de residência (NUTS - 2013); Anual - INE, Estimativas anuais da população residente"
11D1704;Mesão Frio;46.6;2012;0008259;"Índice de dependência de idosos (N.º) por Local de residência (NUTS - 2013); Anual - INE, Estimativas anuais da população residente"
16E;Região de Coimbra;46.8;2012;0008259;"Índice de dependência de idosos (N.º) por Local de residência (NUTS - 2013); Anual - INE, Estimativas anuais da população residente"
1861211;Monforte;47;2012;0008259;"Índice de dependência de idosos (N.º) por Local de residência (NUTS - 2013); Anual - INE, Estimativas anuais da população residente"
11D1815;São João da Pesqueira;47.1;2012;0008259;"Índice de dependência de idosos (N.º) por Local de residência (NUTS - 2013); Anual - INE, Estimativas anuais da população residente"
1851404;Alpiarça;47.1;2012;0008259;"Índice de dependência de idosos (N.º) por Local de residência (NUTS - 2013); Anual - INE, Estimativas anuais da população residente"
11E0402;Bragança;47.2;2012;0008259;"Índice de dependência de idosos (N.º) por Local de residência (NUTS - 2013); Anual - INE, Estimativas anuais da população residente"
1861214;Portalegre;47.6;2012;0008259;"Índice de dependência de idosos (N.º) por Local de residência (NUTS - 2013); Anual - INE, Estimativas anuais da população residente"
1870704;Estremoz;47.6;2012;0008259;"Índice de dependência de idosos (N.º) por Local de residência (NUTS - 2013); Anual - INE, Estimativas anuais da população residente"
16I1419;Torres Novas;47.7;2012;0008259;"Índice de dependência de idosos (N.º) por Local de residência (NUTS - 2013); Anual - INE, Estimativas anuais da população residente"
11A0107;Espinho;47.8;2012;0008259;"Índice de dependência de idosos (N.º) por Local de residência (NUTS - 2013); Anual - INE, Estimativas anuais da população residente"
1840213;Serpa;47.8;2012;0008259;"Índice de dependência de idosos (N.º) por Local de residência (NUTS - 2013); Anual - INE, Estimativas anuais da população residente"
16E0605;Figueira da Foz;48.1;2012;0008259;"Índice de dependência de idosos (N.º) por Local de residência (NUTS - 2013); Anual - INE, Estimativas anuais da população residente"
3003109;Santana;48.1;2012;0008259;"Índice de dependência de idosos (N.º) por Local de residência (NUTS - 2013); Anual - INE, Estimativas anuais da população residente"
111;Alto Minho;48.2;2012;0008259;"Índice de dependência de idosos (N.º) por Local de residência (NUTS - 2013); Anual - INE, Estimativas anuais da população residente"
16H0502;Castelo Branco;48.4;2012;0008259;"Índice de dependência de idosos (N.º) por Local de residência (NUTS - 2013); Anual - INE, Estimativas anuais da população residente"
1870703;Borba;48.4;2012;0008259;"Índice de dependência de idosos (N.º) por Local de residência (NUTS - 2013); Anual - INE, Estimativas anuais da população residente"
1191705;Mondim de Basto;48.5;2012;0008259;"Índice de dependência de idosos (N.º) por Local de residência (NUTS - 2013); Anual - INE, Estimativas anuais da população residente"
16G;Viseu Dão Lafões;48.6;2012;0008259;"Índice de dependência de idosos (N.º) por Local de residência (NUTS - 2013); Anual - INE, Estimativas anuais da população residente"
16I;Médio Tejo;48.7;2012;0008259;"Índice de dependência de idosos (N.º) por Local de residência (NUTS - 2013); Anual - INE, Estimativas anuais da população residente"
16E0611;Oliveira do Hospital;48.8;2012;0008259;"Índice de dependência de idosos (N.º) por Local de residência (NUTS - 2013); Anual - INE, Estimativas anuais da população residente"
1840201;Aljustrel;48.8;2012;0008259;"Índice de dependência de idosos (N.º) por Local de residência (NUTS - 2013); Anual - INE, Estimativas anuais da população residente"
16I1402;Alcanena;48.9;2012;0008259;"Índice de dependência de idosos (N.º) por Local de residência (NUTS - 2013); Anual - INE, Estimativas anuais da população residente"
11A0119;Vale de Cambra;49;2012;0008259;"Índice de dependência de idosos (N.º) por Local de residência (NUTS - 2013); Anual - INE, Estimativas anuais da população residente"
16B1104;Cadaval;49;2012;0008259;"Índice de dependência de idosos (N.º) por Local de residência (NUTS - 2013); Anual - INE, Estimativas anuais da população residente"
1870712;Vendas Novas;49.2;2012;0008259;"Índice de dependência de idosos (N.º) por Local de residência (NUTS - 2013); Anual - INE, Estimativas anuais da população residente"
11D;Douro;49.5;2012;0008259;"Índice de dependência de idosos (N.º) por Local de residência (NUTS - 2013); Anual - INE, Estimativas anuais da população residente"
16F1015;Pombal;49.9;2012;0008259;"Índice de dependência de idosos (N.º) por Local de residência (NUTS - 2013); Anual - INE, Estimativas anuais da população residente"
16D0103;Anadia;50.3;2012;0008259;"Índice de dependência de idosos (N.º) por Local de residência (NUTS - 2013); Anual - INE, Estimativas anuais da população residente"
1120310;Terras de Bouro;50.7;2012;0008259;"Índice de dependência de idosos (N.º) por Local de residência (NUTS - 2013); Anual - INE, Estimativas anuais da população residente"
186;Alto Alentejo;50.7;2012;0008259;"Índice de dependência de idosos (N.º) por Local de residência (NUTS - 2013); Anual - INE, Estimativas anuais da população residente"
11D1801;Armamar;50.9;2012;0008259;"Índice de dependência de idosos (N.º) por Local de residência (NUTS - 2013); Anual - INE, Estimativas anuais da população residente"
1111606;Ponte da Barca;51.1;2012;0008259;"Índice de dependência de idosos (N.º) por Local de residência (NUTS - 2013); Anual - INE, Estimativas anuais da população residente"
16E0616;Tábua;51.1;2012;0008259;"Índice de dependência de idosos (N.º) por Local de residência (NUTS - 2013); Anual - INE, Estimativas anuais da população residente"
1111602;Caminha;51.2;2012;0008259;"Índice de dependência de idosos (N.º) por Local de residência (NUTS - 2013); Anual - INE, Estimativas anuais da população residente"
1861202;Arronches;51.2;2012;0008259;"Índice de dependência de idosos (N.º) por Local de residência (NUTS - 2013); Anual - INE, Estimativas anuais da população residente"
1870706;Montemor-o-Novo;51.2;2012;0008259;"Índice de dependência de idosos (N.º) por Local de residência (NUTS - 2013); Anual - INE, Estimativas anuais da população residente"
16G1806;Mangualde;51.3;2012;0008259;"Índice de dependência de idosos (N.º) por Local de residência (NUTS - 2013); Anual - INE, Estimativas anuais da população residente"
1861213;Ponte de Sor;51.4;2012;0008259;"Índice de dependência de idosos (N.º) por Local de residência (NUTS - 2013); Anual - INE, Estimativas anuais da população residente"
1500814;Tavira;51.8;2012;0008259;"Índice de dependência de idosos (N.º) por Local de residência (NUTS - 2013); Anual - INE, Estimativas anuais da população residente"
16D0117;Sever do Vouga;51.8;2012;0008259;"Índice de dependência de idosos (N.º) por Local de residência (NUTS - 2013); Anual - INE, Estimativas anuais da população residente"
16I1417;Sardoal;51.8;2012;0008259;"Índice de dependência de idosos (N.º) por Local de residência (NUTS - 2013); Anual - INE, Estimativas anuais da população residente"
1811509;Santiago do Cacém;51.8;2012;0008259;"Índice de dependência de idosos (N.º) por Local de residência (NUTS - 2013); Anual - INE, Estimativas anuais da população residente"
1870701;Alandroal;51.8;2012;0008259;"Índice de dependência de idosos (N.º) por Local de residência (NUTS - 2013); Anual - INE, Estimativas anuais da população residente"
11D1807;Moimenta da Beira;51.9;2012;0008259;"Índice de dependência de idosos (N.º) por Local de residência (NUTS - 2013); Anual - INE, Estimativas anuais da população residente"
1861215;Sousel;52;2012;0008259;"Índice de dependência de idosos (N.º) por Local de residência (NUTS - 2013); Anual - INE, Estimativas anuais da população residente"
16E0614;Penela;52.3;2012;0008259;"Índice de dependência de idosos (N.º) por Local de residência (NUTS - 2013); Anual - INE, Estimativas anuais da população residente"
16J0503;Covilhã;52.4;2012;0008259;"Índice de dependência de idosos (N.º) por Local de residência (NUTS - 2013); Anual - INE, Estimativas anuais da população residente"
16E0602;Cantanhede;52.6;2012;0008259;"Índice de dependência de idosos (N.º) por Local de residência (NUTS - 2013); Anual - INE, Estimativas anuais da população residente"
16E0608;Mira;52.8;2012;0008259;"Índice de dependência de idosos (N.º) por Local de residência (NUTS - 2013); Anual - INE, Estimativas anuais da população residente"
1111605;Paredes de Coura;52.9;2012;0008259;"Índice de dependência de idosos (N.º) por Local de residência (NUTS - 2013); Anual - INE, Estimativas anuais da população residente"
16I1418;Tomar;53;2012;0008259;"Índice de dependência de idosos (N.º) por Local de residência (NUTS - 2013); Anual - INE, Estimativas anuais da população residente"
1190311;Vieira do Minho;53.2;2012;0008259;"Índice de dependência de idosos (N.º) por Local de residência (NUTS - 2013); Anual - INE, Estimativas anuais da população residente"
1861208;Fronteira;53.4;2012;0008259;"Índice de dependência de idosos (N.º) por Local de residência (NUTS - 2013); Anual - INE, Estimativas anuais da população residente"
16G1817;Sátão;53.7;2012;0008259;"Índice de dependência de idosos (N.º) por Local de residência (NUTS - 2013); Anual - INE, Estimativas anuais da população residente"
16G1809;Nelas;53.9;2012;0008259;"Índice de dependência de idosos (N.º) por Local de residência (NUTS - 2013); Anual - INE, Estimativas anuais da população residente"
1851407;Chamusca;54.3;2012;0008259;"Índice de dependência de idosos (N.º) por Local de residência (NUTS - 2013); Anual - INE, Estimativas anuais da população residente"
16I1401;Abrantes;54.5;2012;0008259;"Índice de dependência de idosos (N.º) por Local de residência (NUTS - 2013); Anual - INE, Estimativas anuais da população residente"
16G1824;Vouzela;54.6;2012;0008259;"Índice de dependência de idosos (N.º) por Local de residência (NUTS - 2013); Anual - INE, Estimativas anuais da população residente"
16I1411;Ferreira do Zêzere;54.7;2012;0008259;"Índice de dependência de idosos (N.º) por Local de residência (NUTS - 2013); Anual - INE, Estimativas anuais da população residente"
11D1818;Sernancelhe;54.8;2012;0008259;"Índice de dependência de idosos (N.º) por Local de residência (NUTS - 2013); Anual - INE, Estimativas anuais da população residente"
16I0509;Sertã;55.3;2012;0008259;"Índice de dependência de idosos (N.º) por Local de residência (NUTS - 2013); Anual - INE, Estimativas anuais da população residente"
1500804;Castro Marim;55.9;2012;0008259;"Índice de dependência de idosos (N.º) por Local de residência (NUTS - 2013); Anual - INE, Estimativas anuais da população residente"
1861201;Alter do Chão;56;2012;0008259;"Índice de dependência de idosos (N.º) por Local de residência (NUTS - 2013); Anual - INE, Estimativas anuais da população residente"
16F1003;Ansião;56.2;2012;0008259;"Índice de dependência de idosos (N.º) por Local de residência (NUTS - 2013); Anual - INE, Estimativas anuais da população residente"
16G1822;Vila Nova de Paiva;56.2;2012;0008259;"Índice de dependência de idosos (N.º) por Local de residência (NUTS - 2013); Anual - INE, Estimativas anuais da população residente"
16G1821;Tondela;56.5;2012;0008259;"Índice de dependência de idosos (N.º) por Local de residência (NUTS - 2013); Anual - INE, Estimativas anuais da população residente"
11B1709;Ribeira de Pena;56.6;2012;0008259;"Índice de dependência de idosos (N.º) por Local de residência (NUTS - 2013); Anual - INE, Estimativas anuais da população residente"
16G1802;Carregal do Sal;56.6;2012;0008259;"Índice de dependência de idosos (N.º) por Local de residência (NUTS - 2013); Anual - INE, Estimativas anuais da população residente"
1840202;Almodôvar;56.6;2012;0008259;"Índice de dependência de idosos (N.º) por Local de residência (NUTS - 2013); Anual - INE, Estimativas anuais da população residente"
16J0501;Belmonte;56.8;2012;0008259;"Índice de dependência de idosos (N.º) por Local de residência (NUTS - 2013); Anual - INE, Estimativas anuais da população residente"
1811501;Alcácer do Sal;56.9;2012;0008259;"Índice de dependência de idosos (N.º) por Local de residência (NUTS - 2013); Anual - INE, Estimativas anuais da população residente"
11D1711;Santa Marta de Penaguião;57.7;2012;0008259;"Índice de dependência de idosos (N.º) por Local de residência (NUTS - 2013); Anual - INE, Estimativas anuais da população residente"
11D1819;Tabuaço;57.7;2012;0008259;"Índice de dependência de idosos (N.º) por Local de residência (NUTS - 2013); Anual - INE, Estimativas anuais da população residente"
16E0613;Penacova;57.7;2012;0008259;"Índice de dependência de idosos (N.º) por Local de residência (NUTS - 2013); Anual - INE, Estimativas anuais da população residente"
1861203;Avis;57.7;2012;0008259;"Índice de dependência de idosos (N.º) por Local de residência (NUTS - 2013); Anual - INE, Estimativas anuais da população residente"
16G1803;Castro Daire;57.8;2012;0008259;"Índice de dependência de idosos (N.º) por Local de residência (NUTS - 2013); Anual - INE, Estimativas anuais da população residente"
16G1814;Santa Comba Dão;57.8;2012;0008259;"Índice de dependência de idosos (N.º) por Local de residência (NUTS - 2013); Anual - INE, Estimativas anuais da população residente"
11D1710;Sabrosa;57.9;2012;0008259;"Índice de dependência de idosos (N.º) por Local de residência (NUTS - 2013); Anual - INE, Estimativas anuais da população residente"
16J0504;Fundão;57.9;2012;0008259;"Índice de dependência de idosos (N.º) por Local de residência (NUTS - 2013); Anual - INE, Estimativas anuais da população residente"
11E0407;Mirandela;58.4;2012;0008259;"Índice de dependência de idosos (N.º) por Local de residência (NUTS - 2013); Anual - INE, Estimativas anuais da população residente"
16E0601;Arganil;58.8;2012;0008259;"Índice de dependência de idosos (N.º) por Local de residência (NUTS - 2013); Anual - INE, Estimativas anuais da população residente"
1840212;Ourique;58.8;2012;0008259;"Índice de dependência de idosos (N.º) por Local de residência (NUTS - 2013); Anual - INE, Estimativas anuais da população residente"
16G1816;São Pedro do Sul;58.9;2012;0008259;"Índice de dependência de idosos (N.º) por Local de residência (NUTS - 2013); Anual - INE, Estimativas anuais da população residente"
1851409;Coruche;58.9;2012;0008259;"Índice de dependência de idosos (N.º) por Local de residência (NUTS - 2013); Anual - INE, Estimativas anuais da população residente"
16J;Beiras e Serra da Estrela;59.2;2012;0008259;"Índice de dependência de idosos (N.º) por Local de residência (NUTS - 2013); Anual - INE, Estimativas anuais da população residente"
11D1701;Alijó;59.3;2012;0008259;"Índice de dependência de idosos (N.º) por Local de residência (NUTS - 2013); Anual - INE, Estimativas anuais da população residente"
16H;Beira Baixa;59.3;2012;0008259;"Índice de dependência de idosos (N.º) por Local de residência (NUTS - 2013); Anual - INE, Estimativas anuais da população residente"
11B1703;Chaves;59.6;2012;0008259;"Índice de dependência de idosos (N.º) por Local de residência (NUTS - 2013); Anual - INE, Estimativas anuais da população residente"
1861210;Marvão;60.2;2012;0008259;"Índice de dependência de idosos (N.º) por Local de residência (NUTS - 2013); Anual - INE, Estimativas anuais da população residente"
16E0615;Soure;60.7;2012;0008259;"Índice de dependência de idosos (N.º) por Local de residência (NUTS - 2013); Anual - INE, Estimativas anuais da população residente"
16F1013;Pedrógão Grande;60.9;2012;0008259;"Índice de dependência de idosos (N.º) por Local de residência (NUTS - 2013); Anual - INE, Estimativas anuais da população residente"
11E;Terras de Trás-os-Montes;61.3;2012;0008259;"Índice de dependência de idosos (N.º) por Local de residência (NUTS - 2013); Anual - INE, Estimativas anuais da população residente"
11D1812;Penedono;61.4;2012;0008259;"Índice de dependência de idosos (N.º) por Local de residência (NUTS - 2013); Anual - INE, Estimativas anuais da população residente"
1861205;Castelo de Vide;61.4;2012;0008259;"Índice de dependência de idosos (N.º) por Local de residência (NUTS - 2013); Anual - INE, Estimativas anuais da população residente"
1500809;Monchique;61.7;2012;0008259;"Índice de dependência de idosos (N.º) por Local de residência (NUTS - 2013); Anual - INE, Estimativas anuais da população residente"
1111604;Monção;61.8;2012;0008259;"Índice de dependência de idosos (N.º) por Local de residência (NUTS - 2013); Anual - INE, Estimativas anuais da população residente"
11E0405;Macedo de Cavaleiros;63.6;2012;0008259;"Índice de dependência de idosos (N.º) por Local de residência (NUTS - 2013); Anual - INE, Estimativas anuais da população residente"
16G1811;Penalva do Castelo;63.8;2012;0008259;"Índice de dependência de idosos (N.º) por Local de residência (NUTS - 2013); Anual - INE, Estimativas anuais da população residente"
16J0905;Fornos de Algodres;64;2012;0008259;"Índice de dependência de idosos (N.º) por Local de residência (NUTS - 2013); Anual - INE, Estimativas anuais da população residente"
16J0912;Seia;64.3;2012;0008259;"Índice de dependência de idosos (N.º) por Local de residência (NUTS - 2013); Anual - INE, Estimativas anuais da população residente"
16F1008;Figueiró dos Vinhos;64.6;2012;0008259;"Índice de dependência de idosos (N.º) por Local de residência (NUTS - 2013); Anual - INE, Estimativas anuais da população residente"
11B1713;Vila Pouca de Aguiar;64.7;2012;0008259;"Índice de dependência de idosos (N.º) por Local de residência (NUTS - 2013); Anual - INE, Estimativas anuais da população residente"
11E0410;Vila Flor;65.2;2012;0008259;"Índice de dependência de idosos (N.º) por Local de residência (NUTS - 2013); Anual - INE, Estimativas anuais da população residente"
11D1707;Murça;65.7;2012;0008259;"Índice de dependência de idosos (N.º) por Local de residência (NUTS - 2013); Anual - INE, Estimativas anuais da população residente"
16F1007;Castanheira de Pêra;65.9;2012;0008259;"Índice de dependência de idosos (N.º) por Local de residência (NUTS - 2013); Anual - INE, Estimativas anuais da população residente"
16J0903;Celorico da Beira;65.9;2012;0008259;"Índice de dependência de idosos (N.º) por Local de residência (NUTS - 2013); Anual - INE, Estimativas anuais da população residente"
16E1808;Mortágua;66.3;2012;0008259;"Índice de dependência de idosos (N.º) por Local de residência (NUTS - 2013); Anual - INE, Estimativas anuais da população residente"
11B;Alto Tâmega;66.4;2012;0008259;"Índice de dependência de idosos (N.º) por Local de residência (NUTS - 2013); Anual - INE, Estimativas anuais da população residente"
16F1002;Alvaiázere;66.7;2012;0008259;"Índice de dependência de idosos (N.º) por Local de residência (NUTS - 2013); Anual - INE, Estimativas anuais da população residente"
1111601;Arcos de Valdevez;66.8;2012;0008259;"Índice de dependência de idosos (N.º) por Local de residência (NUTS - 2013); Anual - INE, Estimativas anuais da população residente"
1840209;Mértola;66.8;2012;0008259;"Índice de dependência de idosos (N.º) por Local de residência (NUTS - 2013); Anual - INE, Estimativas anuais da população residente"
1861206;Crato;67.1;2012;0008259;"Índice de dependência de idosos (N.º) por Local de residência (NUTS - 2013); Anual - INE, Estimativas anuais da população residente"
11D0914;Vila Nova de Foz Côa;67.6;2012;0008259;"Índice de dependência de idosos (N.º) por Local de residência (NUTS - 2013); Anual - INE, Estimativas anuais da população residente"
16E0606;Góis;68.4;2012;0008259;"Índice de dependência de idosos (N.º) por Local de residência (NUTS - 2013); Anual - INE, Estimativas anuais da população residente"
16J0913;Trancoso;68.4;2012;0008259;"Índice de dependência de idosos (N.º) por Local de residência (NUTS - 2013); Anual - INE, Estimativas anuais da população residente"
16G0901;Aguiar da Beira;69.2;2012;0008259;"Índice de dependência de idosos (N.º) por Local de residência (NUTS - 2013); Anual - INE, Estimativas anuais da população residente"
16J0908;Manteigas;70;2012;0008259;"Índice de dependência de idosos (N.º) por Local de residência (NUTS - 2013); Anual - INE, Estimativas anuais da população residente"
1870707;Mora;70.3;2012;0008259;"Índice de dependência de idosos (N.º) por Local de residência (NUTS - 2013); Anual - INE, Estimativas anuais da população residente"
11E0401;Alfândega da Fé;70.7;2012;0008259;"Índice de dependência de idosos (N.º) por Local de residência (NUTS - 2013); Anual - INE, Estimativas anuais da população residente"
16I0510;Vila de Rei;71.4;2012;0008259;"Índice de dependência de idosos (N.º) por Local de residência (NUTS - 2013); Anual - INE, Estimativas anuais da população residente"
11D0404;Freixo de Espada à Cinta;71.5;2012;0008259;"Índice de dependência de idosos (N.º) por Local de residência (NUTS - 2013); Anual - INE, Estimativas anuais da população residente"
16H0508;Proença-a-Nova;72.2;2012;0008259;"Índice de dependência de idosos (N.º) por Local de residência (NUTS - 2013); Anual - INE, Estimativas anuais da população residente"
16J0904;Figueira de Castelo Rodrigo;72.5;2012;0008259;"Índice de dependência de idosos (N.º) por Local de residência (NUTS - 2013); Anual - INE, Estimativas anuais da população residente"
11D0403;Carrazeda de Ansiães;72.7;2012;0008259;"Índice de dependência de idosos (N.º) por Local de residência (NUTS - 2013); Anual - INE, Estimativas anuais da população residente"
16J0909;Mêda;72.7;2012;0008259;"Índice de dependência de idosos (N.º) por Local de residência (NUTS - 2013); Anual - INE, Estimativas anuais da população residente"
16J0906;Gouveia;73.3;2012;0008259;"Índice de dependência de idosos (N.º) por Local de residência (NUTS - 2013); Anual - INE, Estimativas anuais da população residente"
11B1702;Boticas;73.4;2012;0008259;"Índice de dependência de idosos (N.º) por Local de residência (NUTS - 2013); Anual - INE, Estimativas anuais da população residente"
11E0408;Mogadouro;74;2012;0008259;"Índice de dependência de idosos (N.º) por Local de residência (NUTS - 2013); Anual - INE, Estimativas anuais da população residente"
16J0910;Pinhel;74.5;2012;0008259;"Índice de dependência de idosos (N.º) por Local de residência (NUTS - 2013); Anual - INE, Estimativas anuais da população residente"
1861212;Nisa;76.4;2012;0008259;"Índice de dependência de idosos (N.º) por Local de residência (NUTS - 2013); Anual - INE, Estimativas anuais da população residente"
11E0406;Miranda do Douro;77.9;2012;0008259;"Índice de dependência de idosos (N.º) por Local de residência (NUTS - 2013); Anual - INE, Estimativas anuais da população residente"
11B1706;Montalegre;79;2012;0008259;"Índice de dependência de idosos (N.º) por Local de residência (NUTS - 2013); Anual - INE, Estimativas anuais da população residente"
16I1413;Mação;79.8;2012;0008259;"Índice de dependência de idosos (N.º) por Local de residência (NUTS - 2013); Anual - INE, Estimativas anuais da população residente"
1861209;Gavião;80.2;2012;0008259;"Índice de dependência de idosos (N.º) por Local de residência (NUTS - 2013); Anual - INE, Estimativas anuais da população residente"
11B1712;Valpaços;81;2012;0008259;"Índice de dependência de idosos (N.º) por Local de residência (NUTS - 2013); Anual - INE, Estimativas anuais da população residente"
11D0409;Torre de Moncorvo;81.9;2012;0008259;"Índice de dependência de idosos (N.º) por Local de residência (NUTS - 2013); Anual - INE, Estimativas anuais da população residente"
16H0505;Idanha-a-Nova;82.2;2012;0008259;"Índice de dependência de idosos (N.º) por Local de residência (NUTS - 2013); Anual - INE, Estimativas anuais da população residente"
16H0507;Penamacor;87.4;2012;0008259;"Índice de dependência de idosos (N.º) por Local de residência (NUTS - 2013); Anual - INE, Estimativas anuais da população residente"
1111603;Melgaço;88.3;2012;0008259;"Índice de dependência de idosos (N.º) por Local de residência (NUTS - 2013); Anual - INE, Estimativas anuais da população residente"
11E0411;Vimioso;88.3;2012;0008259;"Índice de dependência de idosos (N.º) por Local de residência (NUTS - 2013); Anual - INE, Estimativas anuais da população residente"
16H0511;Vila Velha de Ródão;88.9;2012;0008259;"Índice de dependência de idosos (N.º) por Local de residência (NUTS - 2013); Anual - INE, Estimativas anuais da população residente"
16J0902;Almeida;90.2;2012;0008259;"Índice de dependência de idosos (N.º) por Local de residência (NUTS - 2013); Anual - INE, Estimativas anuais da população residente"
16J0911;Sabugal;92.2;2012;0008259;"Índice de dependência de idosos (N.º) por Local de residência (NUTS - 2013); Anual - INE, Estimativas anuais da população residente"
16E0612;Pampilhosa da Serra;93.6;2012;0008259;"Índice de dependência de idosos (N.º) por Local de residência (NUTS - 2013); Anual - INE, Estimativas anuais da população residente"
16H0506;Oleiros;94;2012;0008259;"Índice de dependência de idosos (N.º) por Local de residência (NUTS - 2013); Anual - INE, Estimativas anuais da população residente"
11E0412;Vinhais;95.6;2012;0008259;"Índice de dependência de idosos (N.º) por Local de residência (NUTS - 2013); Anual - INE, Estimativas anuais da população residente"
1500802;Alcoutim;97.6;2012;0008259;"Índice de dependência de idosos (N.º) por Local de residência (NUTS - 2013); Anual - INE, Estimativas anuais da população residente"
2004205;Ribeira Grande;16.7;2013;0008259;"Índice de dependência de idosos (N.º) por Local de residência (NUTS - 2013); Anual - INE, Estimativas anuais da população residente"
2004201;Lagoa;19;2013;0008259;"Índice de dependência de idosos (N.º) por Local de residência (NUTS - 2013); Anual - INE, Estimativas anuais da população residente"
3003108;Santa Cruz;22;2013;0008259;"Índice de dependência de idosos (N.º) por Local de residência (NUTS - 2013); Anual - INE, Estimativas anuais da população residente"
3003102;Câmara de Lobos;23;2013;0008259;"Índice de dependência de idosos (N.º) por Local de residência (NUTS - 2013); Anual - INE, Estimativas anuais da população residente"
2004203;Ponta Delgada;23.3;2013;0008259;"Índice de dependência de idosos (N.º) por Local de residência (NUTS - 2013); Anual - INE, Estimativas anuais da população residente"
2004206;Vila Franca do Campo;23.3;2013;0008259;"Índice de dependência de idosos (N.º) por Local de residência (NUTS - 2013); Anual - INE, Estimativas anuais da população residente"
11C1305;Lousada;24.2;2013;0008259;"Índice de dependência de idosos (N.º) por Local de residência (NUTS - 2013); Anual - INE, Estimativas anuais da população residente"
11C1309;Paços de Ferreira;25.5;2013;0008259;"Índice de dependência de idosos (N.º) por Local de residência (NUTS - 2013); Anual - INE, Estimativas anuais da população residente"
2;Região Autónoma dos Açores;25.6;2013;0008259;"Índice de dependência de idosos (N.º) por Local de residência (NUTS - 2013); Anual - INE, Estimativas anuais da população residente"
20;Região Autónoma dos Açores;25.6;2013;0008259;"Índice de dependência de idosos (N.º) por Local de residência (NUTS - 2013); Anual - INE, Estimativas anuais da população residente"
200;Região Autónoma dos Açores;25.6;2013;0008259;"Índice de dependência de idosos (N.º) por Local de residência (NUTS - 2013); Anual - INE, Estimativas anuais da população residente"
11A1310;Paredes;25.9;2013;0008259;"Índice de dependência de idosos (N.º) por Local de residência (NUTS - 2013); Anual - INE, Estimativas anuais da população residente"
2004204;Povoação;26.1;2013;0008259;"Índice de dependência de idosos (N.º) por Local de residência (NUTS - 2013); Anual - INE, Estimativas anuais da população residente"
2004901;Corvo;27.2;2013;0008259;"Índice de dependência de idosos (N.º) por Local de residência (NUTS - 2013); Anual - INE, Estimativas anuais da população residente"
3003201;Porto Santo;27.2;2013;0008259;"Índice de dependência de idosos (N.º) por Local de residência (NUTS - 2013); Anual - INE, Estimativas anuais da população residente"
2004101;Vila do Porto;27.3;2013;0008259;"Índice de dependência de idosos (N.º) por Local de residência (NUTS - 2013); Anual - INE, Estimativas anuais da população residente"
1701502;Alcochete;27.4;2013;0008259;"Índice de dependência de idosos (N.º) por Local de residência (NUTS - 2013); Anual - INE, Estimativas anuais da população residente"
1701109;Mafra;27.8;2013;0008259;"Índice de dependência de idosos (N.º) por Local de residência (NUTS - 2013); Anual - INE, Estimativas anuais da população residente"
1190314;Vizela;28.1;2013;0008259;"Índice de dependência de idosos (N.º) por Local de residência (NUTS - 2013); Anual - INE, Estimativas anuais da população residente"
11C1311;Penafiel;28.4;2013;0008259;"Índice de dependência de idosos (N.º) por Local de residência (NUTS - 2013); Anual - INE, Estimativas anuais da população residente"
1500801;Albufeira;28.5;2013;0008259;"Índice de dependência de idosos (N.º) por Local de residência (NUTS - 2013); Anual - INE, Estimativas anuais da população residente"
16B1102;Arruda dos Vinhos;28.5;2013;0008259;"Índice de dependência de idosos (N.º) por Local de residência (NUTS - 2013); Anual - INE, Estimativas anuais da população residente"
1701111;Sintra;28.5;2013;0008259;"Índice de dependência de idosos (N.º) por Local de residência (NUTS - 2013); Anual - INE, Estimativas anuais da população residente"
2004802;Santa Cruz das Flores;28.6;2013;0008259;"Índice de dependência de idosos (N.º) por Local de residência (NUTS - 2013); Anual - INE, Estimativas anuais da população residente"
1701507;Montijo;28.8;2013;0008259;"Índice de dependência de idosos (N.º) por Local de residência (NUTS - 2013); Anual - INE, Estimativas anuais da população residente"
11C1307;Marco de Canaveses;29;2013;0008259;"Índice de dependência de idosos (N.º) por Local de residência (NUTS - 2013); Anual - INE, Estimativas anuais da população residente"
1120303;Braga;29.4;2013;0008259;"Índice de dependência de idosos (N.º) por Local de residência (NUTS - 2013); Anual - INE, Estimativas anuais da população residente"
2004302;Vila da Praia da Vitória;29.4;2013;0008259;"Índice de dependência de idosos (N.º) por Local de residência (NUTS - 2013); Anual - INE, Estimativas anuais da população residente"
11C1303;Felgueiras;29.6;2013;0008259;"Índice de dependência de idosos (N.º) por Local de residência (NUTS - 2013); Anual - INE, Estimativas anuais da população residente"
2004602;Madalena;30;2013;0008259;"Índice de dependência de idosos (N.º) por Local de residência (NUTS - 2013); Anual - INE, Estimativas anuais da população residente"
1701114;Vila Franca de Xira;30.2;2013;0008259;"Índice de dependência de idosos (N.º) por Local de residência (NUTS - 2013); Anual - INE, Estimativas anuais da população residente"
16B1112;Sobral de Monte Agraço;30.3;2013;0008259;"Índice de dependência de idosos (N.º) por Local de residência (NUTS - 2013); Anual - INE, Estimativas anuais da população residente"
1851405;Benavente;30.4;2013;0008259;"Índice de dependência de idosos (N.º) por Local de residência (NUTS - 2013); Anual - INE, Estimativas anuais da população residente"
2004301;Angra do Heroísmo;30.4;2013;0008259;"Índice de dependência de idosos (N.º) por Local de residência (NUTS - 2013); Anual - INE, Estimativas anuais da população residente"
11A1306;Maia;30.6;2013;0008259;"Índice de dependência de idosos (N.º) por Local de residência (NUTS - 2013); Anual - INE, Estimativas anuais da população residente"
11C;Tâmega e Sousa;30.7;2013;0008259;"Índice de dependência de idosos (N.º) por Local de residência (NUTS - 2013); Anual - INE, Estimativas anuais da população residente"
11A1315;Valongo;30.9;2013;0008259;"Índice de dependência de idosos (N.º) por Local de residência (NUTS - 2013); Anual - INE, Estimativas anuais da população residente"
16B1101;Alenquer;30.9;2013;0008259;"Índice de dependência de idosos (N.º) por Local de residência (NUTS - 2013); Anual - INE, Estimativas anuais da população residente"
3;Região Autónoma da Madeira;31.2;2013;0008259;"Índice de dependência de idosos (N.º) por Local de residência (NUTS - 2013); Anual - INE, Estimativas anuais da população residente"
30;Região Autónoma da Madeira;31.2;2013;0008259;"Índice de dependência de idosos (N.º) por Local de residência (NUTS - 2013); Anual - INE, Estimativas anuais da população residente"
300;Região Autónoma da Madeira;31.2;2013;0008259;"Índice de dependência de idosos (N.º) por Local de residência (NUTS - 2013); Anual - INE, Estimativas anuais da população residente"
2004202;Nordeste;31.4;2013;0008259;"Índice de dependência de idosos (N.º) por Local de residência (NUTS - 2013); Anual - INE, Estimativas anuais da população residente"
112;Cávado;31.5;2013;0008259;"Índice de dependência de idosos (N.º) por Local de residência (NUTS - 2013); Anual - INE, Estimativas anuais da população residente"
1120306;Esposende;31.9;2013;0008259;"Índice de dependência de idosos (N.º) por Local de residência (NUTS - 2013); Anual - INE, Estimativas anuais da população residente"
11A1318;Trofa;31.9;2013;0008259;"Índice de dependência de idosos (N.º) por Local de residência (NUTS - 2013); Anual - INE, Estimativas anuais da população residente"
2004701;Horta;31.9;2013;0008259;"Índice de dependência de idosos (N.º) por Local de residência (NUTS - 2013); Anual - INE, Estimativas anuais da população residente"
3003107;Ribeira Brava;31.9;2013;0008259;"Índice de dependência de idosos (N.º) por Local de residência (NUTS - 2013); Anual - INE, Estimativas anuais da população residente"
2004502;Velas;32;2013;0008259;"Índice de dependência de idosos (N.º) por Local de residência (NUTS - 2013); Anual - INE, Estimativas anuais da população residente"
1120302;Barcelos;32.2;2013;0008259;"Índice de dependência de idosos (N.º) por Local de residência (NUTS - 2013); Anual - INE, Estimativas anuais da população residente"
1701511;Sesimbra;32.2;2013;0008259;"Índice de dependência de idosos (N.º) por Local de residência (NUTS - 2013); Anual - INE, Estimativas anuais da população residente"
2004801;Lajes das Flores;32.2;2013;0008259;"Índice de dependência de idosos (N.º) por Local de residência (NUTS - 2013); Anual - INE, Estimativas anuais da população residente"
1190312;Vila Nova de Famalicão;32.3;2013;0008259;"Índice de dependência de idosos (N.º) por Local de residência (NUTS - 2013); Anual - INE, Estimativas anuais da população residente"
3003105;Ponta do Sol;32.3;2013;0008259;"Índice de dependência de idosos (N.º) por Local de residência (NUTS - 2013); Anual - INE, Estimativas anuais da população residente"
16I1410;Entroncamento;32.4;2013;0008259;"Índice de dependência de idosos (N.º) por Local de residência (NUTS - 2013); Anual - INE, Estimativas anuais da população residente"
11A1316;Vila do Conde;32.6;2013;0008259;"Índice de dependência de idosos (N.º) por Local de residência (NUTS - 2013); Anual - INE, Estimativas anuais da população residente"
11A1313;Póvoa de Varzim;32.8;2013;0008259;"Índice de dependência de idosos (N.º) por Local de residência (NUTS - 2013); Anual - INE, Estimativas anuais da população residente"
1701508;Palmela;33;2013;0008259;"Índice de dependência de idosos (N.º) por Local de residência (NUTS - 2013); Anual - INE, Estimativas anuais da população residente"
1810211;Odemira;33.1;2013;0008259;"Índice de dependência de idosos (N.º) por Local de residência (NUTS - 2013); Anual - INE, Estimativas anuais da população residente"
3003104;Machico;33.1;2013;0008259;"Índice de dependência de idosos (N.º) por Local de residência (NUTS - 2013); Anual - INE, Estimativas anuais da população residente"
1190308;Guimarães;33.3;2013;0008259;"Índice de dependência de idosos (N.º) por Local de residência (NUTS - 2013); Anual - INE, Estimativas anuais da população residente"
2004603;São Roque do Pico;33.3;2013;0008259;"Índice de dependência de idosos (N.º) por Local de residência (NUTS - 2013); Anual - INE, Estimativas anuais da população residente"
11C0106;Castelo de Paiva;33.5;2013;0008259;"Índice de dependência de idosos (N.º) por Local de residência (NUTS - 2013); Anual - INE, Estimativas anuais da população residente"
16D0105;Aveiro;33.8;2013;0008259;"Índice de dependência de idosos (N.º) por Local de residência (NUTS - 2013); Anual - INE, Estimativas anuais da população residente"
2004401;Santa Cruz da Graciosa;34;2013;0008259;"Índice de dependência de idosos (N.º) por Local de residência (NUTS - 2013); Anual - INE, Estimativas anuais da população residente"
16D0110;Ílhavo;34.1;2013;0008259;"Índice de dependência de idosos (N.º) por Local de residência (NUTS - 2013); Anual - INE, Estimativas anuais da população residente"
119;Ave;34.3;2013;0008259;"Índice de dependência de idosos (N.º) por Local de residência (NUTS - 2013); Anual - INE, Estimativas anuais da população residente"
1701116;Odivelas;34.3;2013;0008259;"Índice de dependência de idosos (N.º) por Local de residência (NUTS - 2013); Anual - INE, Estimativas anuais da população residente"
1120301;Amares;34.5;2013;0008259;"Índice de dependência de idosos (N.º) por Local de residência (NUTS - 2013); Anual - INE, Estimativas anuais da população residente"
1120313;Vila Verde;34.7;2013;0008259;"Índice de dependência de idosos (N.º) por Local de residência (NUTS - 2013); Anual - INE, Estimativas anuais da população residente"
11A0109;Santa Maria da Feira;34.8;2013;0008259;"Índice de dependência de idosos (N.º) por Local de residência (NUTS - 2013); Anual - INE, Estimativas anuais da população residente"
17;Área Metropolitana de Lisboa;34.9;2013;0008259;"Índice de dependência de idosos (N.º) por Local de residência (NUTS - 2013); Anual - INE, Estimativas anuais da população residente"
170;Área Metropolitana de Lisboa;34.9;2013;0008259;"Índice de dependência de idosos (N.º) por Local de residência (NUTS - 2013); Anual - INE, Estimativas anuais da população residente"
3003103;Funchal;34.9;2013;0008259;"Índice de dependência de idosos (N.º) por Local de residência (NUTS - 2013); Anual - INE, Estimativas anuais da população residente"
11A1317;Vila Nova de Gaia;35.1;2013;0008259;"Índice de dependência de idosos (N.º) por Local de residência (NUTS - 2013); Anual - INE, Estimativas anuais da população residente"
11A1304;Gondomar;35.2;2013;0008259;"Índice de dependência de idosos (N.º) por Local de residência (NUTS - 2013); Anual - INE, Estimativas anuais da população residente"
16D0115;Ovar;35.2;2013;0008259;"Índice de dependência de idosos (N.º) por Local de residência (NUTS - 2013); Anual - INE, Estimativas anuais da população residente"
11A0116;São João da Madeira;35.5;2013;0008259;"Índice de dependência de idosos (N.º) por Local de residência (NUTS - 2013); Anual - INE, Estimativas anuais da população residente"
1500805;Faro;35.5;2013;0008259;"Índice de dependência de idosos (N.º) por Local de residência (NUTS - 2013); Anual - INE, Estimativas anuais da população residente"
16B1113;Torres Vedras;35.5;2013;0008259;"Índice de dependência de idosos (N.º) por Local de residência (NUTS - 2013); Anual - INE, Estimativas anuais da população residente"
11A;Área Metropolitana do Porto;35.6;2013;0008259;"Índice de dependência de idosos (N.º) por Local de residência (NUTS - 2013); Anual - INE, Estimativas anuais da população residente"
1840204;Barrancos;35.6;2013;0008259;"Índice de dependência de idosos (N.º) por Local de residência (NUTS - 2013); Anual - INE, Estimativas anuais da população residente"
1701506;Moita;35.7;2013;0008259;"Índice de dependência de idosos (N.º) por Local de residência (NUTS - 2013); Anual - INE, Estimativas anuais da população residente"
1701510;Seixal;35.8;2013;0008259;"Índice de dependência de idosos (N.º) por Local de residência (NUTS - 2013); Anual - INE, Estimativas anuais da população residente"
1500811;Portimão;35.9;2013;0008259;"Índice de dependência de idosos (N.º) por Local de residência (NUTS - 2013); Anual - INE, Estimativas anuais da população residente"
16E0604;Condeixa-a-Nova;35.9;2013;0008259;"Índice de dependência de idosos (N.º) por Local de residência (NUTS - 2013); Anual - INE, Estimativas anuais da população residente"
1190309;Póvoa de Lanhoso;36.2;2013;0008259;"Índice de dependência de idosos (N.º) por Local de residência (NUTS - 2013); Anual - INE, Estimativas anuais da população residente"
1851103;Azambuja;36.2;2013;0008259;"Índice de dependência de idosos (N.º) por Local de residência (NUTS - 2013); Anual - INE, Estimativas anuais da população residente"
16D0102;Albergaria-a-Velha;36.4;2013;0008259;"Índice de dependência de idosos (N.º) por Local de residência (NUTS - 2013); Anual - INE, Estimativas anuais da população residente"
16F1009;Leiria;36.4;2013;0008259;"Índice de dependência de idosos (N.º) por Local de residência (NUTS - 2013); Anual - INE, Estimativas anuais da população residente"
1701107;Loures;36.4;2013;0008259;"Índice de dependência de idosos (N.º) por Local de residência (NUTS - 2013); Anual - INE, Estimativas anuais da população residente"
1701106;Lisboa;36.5;2013;0008259;"Índice de dependência de idosos (N.º) por Local de residência (NUTS - 2013); Anual - INE, Estimativas anuais da população residente"
1701115;Amadora;36.5;2013;0008259;"Índice de dependência de idosos (N.º) por Local de residência (NUTS - 2013); Anual - INE, Estimativas anuais da população residente"
16D0114;Oliveira do Bairro;36.7;2013;0008259;"Índice de dependência de idosos (N.º) por Local de residência (NUTS - 2013); Anual - INE, Estimativas anuais da população residente"
16E0607;Lousã;37;2013;0008259;"Índice de dependência de idosos (N.º) por Local de residência (NUTS - 2013); Anual - INE, Estimativas anuais da população residente"
11;Norte;37.1;2013;0008259;"Índice de dependência de idosos (N.º) por Local de residência (NUTS - 2013); Anual - INE, Estimativas anuais da população residente"
11C1301;Amarante;37.1;2013;0008259;"Índice de dependência de idosos (N.º) por Local de residência (NUTS - 2013); Anual - INE, Estimativas anuais da população residente"
1701105;Cascais;37.1;2013;0008259;"Índice de dependência de idosos (N.º) por Local de residência (NUTS - 2013); Anual - INE, Estimativas anuais da população residente"
16F1010;Marinha Grande;37.3;2013;0008259;"Índice de dependência de idosos (N.º) por Local de residência (NUTS - 2013); Anual - INE, Estimativas anuais da população residente"
1811513;Sines;37.4;2013;0008259;"Índice de dependência de idosos (N.º) por Local de residência (NUTS - 2013); Anual - INE, Estimativas anuais da população residente"
11C1302;Baião;37.5;2013;0008259;"Índice de dependência de idosos (N.º) por Local de residência (NUTS - 2013); Anual - INE, Estimativas anuais da população residente"
1840205;Beja;37.5;2013;0008259;"Índice de dependência de idosos (N.º) por Local de residência (NUTS - 2013); Anual - INE, Estimativas anuais da população residente"
16F1004;Batalha;37.6;2013;0008259;"Índice de dependência de idosos (N.º) por Local de residência (NUTS - 2013); Anual - INE, Estimativas anuais da população residente"
1190304;Cabeceiras de Basto;37.7;2013;0008259;"Índice de dependência de idosos (N.º) por Local de residência (NUTS - 2013); Anual - INE, Estimativas anuais da população residente"
1500810;Olhão;37.7;2013;0008259;"Índice de dependência de idosos (N.º) por Local de residência (NUTS - 2013); Anual - INE, Estimativas anuais da população residente"
2004501;Calheta;37.7;2013;0008259;"Índice de dependência de idosos (N.º) por Local de residência (NUTS - 2013); Anual - INE, Estimativas anuais da população residente"
1851414;Rio Maior;37.8;2013;0008259;"Índice de dependência de idosos (N.º) por Local de residência (NUTS - 2013); Anual - INE, Estimativas anuais da população residente"
11A1308;Matosinhos;38;2013;0008259;"Índice de dependência de idosos (N.º) por Local de residência (NUTS - 2013); Anual - INE, Estimativas anuais da população residente"
16D;Região de Aveiro;38;2013;0008259;"Índice de dependência de idosos (N.º) por Local de residência (NUTS - 2013); Anual - INE, Estimativas anuais da população residente"
1500806;Lagoa;38.2;2013;0008259;"Índice de dependência de idosos (N.º) por Local de residência (NUTS - 2013); Anual - INE, Estimativas anuais da população residente"
PT;Portugal;38.2;2013;0008259;"Índice de dependência de idosos (N.º) por Local de residência (NUTS - 2013); Anual - INE, Estimativas anuais da população residente"
1500808;Loulé;38.3;2013;0008259;"Índice de dependência de idosos (N.º) por Local de residência (NUTS - 2013); Anual - INE, Estimativas anuais da população residente"
16B;Oeste;38.5;2013;0008259;"Índice de dependência de idosos (N.º) por Local de residência (NUTS - 2013); Anual - INE, Estimativas anuais da população residente"
1861204;Campo Maior;38.5;2013;0008259;"Índice de dependência de idosos (N.º) por Local de residência (NUTS - 2013); Anual - INE, Estimativas anuais da população residente"
11A0113;Oliveira de Azeméis;38.6;2013;0008259;"Índice de dependência de idosos (N.º) por Local de residência (NUTS - 2013); Anual - INE, Estimativas anuais da população residente"
16D0118;Vagos;38.6;2013;0008259;"Índice de dependência de idosos (N.º) por Local de residência (NUTS - 2013); Anual - INE, Estimativas anuais da população residente"
1870705;Évora;38.6;2013;0008259;"Índice de dependência de idosos (N.º) por Local de residência (NUTS - 2013); Anual - INE, Estimativas anuais da população residente"
2004601;Lajes do Pico;38.6;2013;0008259;"Índice de dependência de idosos (N.º) por Local de residência (NUTS - 2013); Anual - INE, Estimativas anuais da população residente"
1;Continente;38.7;2013;0008259;"Índice de dependência de idosos (N.º) por Local de residência (NUTS - 2013); Anual - INE, Estimativas anuais da população residente"
11D1714;Vila Real;38.8;2013;0008259;"Índice de dependência de idosos (N.º) por Local de residência (NUTS - 2013); Anual - INE, Estimativas anuais da população residente"
15;Algarve;38.8;2013;0008259;"Índice de dependência de idosos (N.º) por Local de residência (NUTS - 2013); Anual - INE, Estimativas anuais da população residente"
150;Algarve;38.8;2013;0008259;"Índice de dependência de idosos (N.º) por Local de residência (NUTS - 2013); Anual - INE, Estimativas anuais da população residente"
1190307;Fafe;38.9;2013;0008259;"Índice de dependência de idosos (N.º) por Local de residência (NUTS - 2013); Anual - INE, Estimativas anuais da população residente"
16D0112;Murtosa;38.9;2013;0008259;"Índice de dependência de idosos (N.º) por Local de residência (NUTS - 2013); Anual - INE, Estimativas anuais da população residente"
1840207;Cuba;38.9;2013;0008259;"Índice de dependência de idosos (N.º) por Local de residência (NUTS - 2013); Anual - INE, Estimativas anuais da população residente"
1701512;Setúbal;39;2013;0008259;"Índice de dependência de idosos (N.º) por Local de residência (NUTS - 2013); Anual - INE, Estimativas anuais da população residente"
16G1823;Viseu;39.1;2013;0008259;"Índice de dependência de idosos (N.º) por Local de residência (NUTS - 2013); Anual - INE, Estimativas anuais da população residente"
16I1408;Constância;39.4;2013;0008259;"Índice de dependência de idosos (N.º) por Local de residência (NUTS - 2013); Anual - INE, Estimativas anuais da população residente"
16D0108;Estarreja;39.5;2013;0008259;"Índice de dependência de idosos (N.º) por Local de residência (NUTS - 2013); Anual - INE, Estimativas anuais da população residente"
1111607;Ponte de Lima;39.6;2013;0008259;"Índice de dependência de idosos (N.º) por Local de residência (NUTS - 2013); Anual - INE, Estimativas anuais da população residente"
11C0305;Celorico de Basto;39.6;2013;0008259;"Índice de dependência de idosos (N.º) por Local de residência (NUTS - 2013); Anual - INE, Estimativas anuais da população residente"
1701503;Almada;39.6;2013;0008259;"Índice de dependência de idosos (N.º) por Local de residência (NUTS - 2013); Anual - INE, Estimativas anuais da população residente"
1701110;Oeiras;39.8;2013;0008259;"Índice de dependência de idosos (N.º) por Local de residência (NUTS - 2013); Anual - INE, Estimativas anuais da população residente"
16G1810;Oliveira de Frades;40.1;2013;0008259;"Índice de dependência de idosos (N.º) por Local de residência (NUTS - 2013); Anual - INE, Estimativas anuais da população residente"
1851406;Cartaxo;40.2;2013;0008259;"Índice de dependência de idosos (N.º) por Local de residência (NUTS - 2013); Anual - INE, Estimativas anuais da população residente"
11D1820;Tarouca;40.3;2013;0008259;"Índice de dependência de idosos (N.º) por Local de residência (NUTS - 2013); Anual - INE, Estimativas anuais da população residente"
16B1108;Lourinhã;40.4;2013;0008259;"Índice de dependência de idosos (N.º) por Local de residência (NUTS - 2013); Anual - INE, Estimativas anuais da população residente"
1500813;Silves;40.5;2013;0008259;"Índice de dependência de idosos (N.º) por Local de residência (NUTS - 2013); Anual - INE, Estimativas anuais da população residente"
3003101;Calheta;40.5;2013;0008259;"Índice de dependência de idosos (N.º) por Local de residência (NUTS - 2013); Anual - INE, Estimativas anuais da população residente"
16F1016;Porto de Mós;40.7;2013;0008259;"Índice de dependência de idosos (N.º) por Local de residência (NUTS - 2013); Anual - INE, Estimativas anuais da população residente"
11A0104;Arouca;40.8;2013;0008259;"Índice de dependência de idosos (N.º) por Local de residência (NUTS - 2013); Anual - INE, Estimativas anuais da população residente"
1861207;Elvas;40.8;2013;0008259;"Índice de dependência de idosos (N.º) por Local de residência (NUTS - 2013); Anual - INE, Estimativas anuais da população residente"
1870713;Viana do Alentejo;40.9;2013;0008259;"Índice de dependência de idosos (N.º) por Local de residência (NUTS - 2013); Anual - INE, Estimativas anuais da população residente"
11A1312;Porto;41.2;2013;0008259;"Índice de dependência de idosos (N.º) por Local de residência (NUTS - 2013); Anual - INE, Estimativas anuais da população residente"
185;Lezíria do Tejo;41.2;2013;0008259;"Índice de dependência de idosos (N.º) por Local de residência (NUTS - 2013); Anual - INE, Estimativas anuais da população residente"
1851403;Almeirim;41.2;2013;0008259;"Índice de dependência de idosos (N.º) por Local de residência (NUTS - 2013); Anual - INE, Estimativas anuais da população residente"
11A1314;Santo Tirso;41.3;2013;0008259;"Índice de dependência de idosos (N.º) por Local de residência (NUTS - 2013); Anual - INE, Estimativas anuais da população residente"
16F;Região de Leiria;41.5;2013;0008259;"Índice de dependência de idosos (N.º) por Local de residência (NUTS - 2013); Anual - INE, Estimativas anuais da população residente"
16B1006;Caldas da Rainha;41.6;2013;0008259;"Índice de dependência de idosos (N.º) por Local de residência (NUTS - 2013); Anual - INE, Estimativas anuais da população residente"
16E0617;Vila Nova de Poiares;41.7;2013;0008259;"Índice de dependência de idosos (N.º) por Local de residência (NUTS - 2013); Anual - INE, Estimativas anuais da população residente"
1500807;Lagos;42;2013;0008259;"Índice de dependência de idosos (N.º) por Local de residência (NUTS - 2013); Anual - INE, Estimativas anuais da população residente"
16J0907;Guarda;42;2013;0008259;"Índice de dependência de idosos (N.º) por Local de residência (NUTS - 2013); Anual - INE, Estimativas anuais da população residente"
1701504;Barreiro;42.1;2013;0008259;"Índice de dependência de idosos (N.º) por Local de residência (NUTS - 2013); Anual - INE, Estimativas anuais da população residente"
16B1001;Alcobaça;42.2;2013;0008259;"Índice de dependência de idosos (N.º) por Local de residência (NUTS - 2013); Anual - INE, Estimativas anuais da população residente"
16E0603;Coimbra;42.2;2013;0008259;"Índice de dependência de idosos (N.º) por Local de residência (NUTS - 2013); Anual - INE, Estimativas anuais da população residente"
16B1012;Óbidos;42.5;2013;0008259;"Índice de dependência de idosos (N.º) por Local de residência (NUTS - 2013); Anual - INE, Estimativas anuais da população residente"
11C1813;Resende;42.7;2013;0008259;"Índice de dependência de idosos (N.º) por Local de residência (NUTS - 2013); Anual - INE, Estimativas anuais da população residente"
1500812;São Brás de Alportel;42.7;2013;0008259;"Índice de dependência de idosos (N.º) por Local de residência (NUTS - 2013); Anual - INE, Estimativas anuais da população residente"
181;Alentejo Litoral;42.7;2013;0008259;"Índice de dependência de idosos (N.º) por Local de residência (NUTS - 2013); Anual - INE, Estimativas anuais da população residente"
1111609;Viana do Castelo;43;2013;0008259;"Índice de dependência de idosos (N.º) por Local de residência (NUTS - 2013); Anual - INE, Estimativas anuais da população residente"
16D0101;Águeda;43;2013;0008259;"Índice de dependência de idosos (N.º) por Local de residência (NUTS - 2013); Anual - INE, Estimativas anuais da população residente"
1840214;Vidigueira;43;2013;0008259;"Índice de dependência de idosos (N.º) por Local de residência (NUTS - 2013); Anual - INE, Estimativas anuais da população residente"
1851416;Santarém;43;2013;0008259;"Índice de dependência de idosos (N.º) por Local de residência (NUTS - 2013); Anual - INE, Estimativas anuais da população residente"
11C1804;Cinfães;43.1;2013;0008259;"Índice de dependência de idosos (N.º) por Local de residência (NUTS - 2013); Anual - INE, Estimativas anuais da população residente"
1851415;Salvaterra de Magos;43.1;2013;0008259;"Índice de dependência de idosos (N.º) por Local de residência (NUTS - 2013); Anual - INE, Estimativas anuais da população residente"
16B1011;Nazaré;43.2;2013;0008259;"Índice de dependência de idosos (N.º) por Local de residência (NUTS - 2013); Anual - INE, Estimativas anuais da população residente"
16E0111;Mealhada;43.2;2013;0008259;"Índice de dependência de idosos (N.º) por Local de residência (NUTS - 2013); Anual - INE, Estimativas anuais da população residente"
16E0610;Montemor-o-Velho;43.2;2013;0008259;"Índice de dependência de idosos (N.º) por Local de residência (NUTS - 2013); Anual - INE, Estimativas anuais da população residente"
16E0609;Miranda do Corvo;43.3;2013;0008259;"Índice de dependência de idosos (N.º) por Local de residência (NUTS - 2013); Anual - INE, Estimativas anuais da população residente"
1111610;Vila Nova de Cerveira;43.4;2013;0008259;"Índice de dependência de idosos (N.º) por Local de residência (NUTS - 2013); Anual - INE, Estimativas anuais da população residente"
16B1014;Peniche;43.4;2013;0008259;"Índice de dependência de idosos (N.º) por Local de residência (NUTS - 2013); Anual - INE, Estimativas anuais da população residente"
16I1420;Vila Nova da Barquinha;43.4;2013;0008259;"Índice de dependência de idosos (N.º) por Local de residência (NUTS - 2013); Anual - INE, Estimativas anuais da população residente"
1111608;Valença;43.6;2013;0008259;"Índice de dependência de idosos (N.º) por Local de residência (NUTS - 2013); Anual - INE, Estimativas anuais da população residente"
1500803;Aljezur;43.6;2013;0008259;"Índice de dependência de idosos (N.º) por Local de residência (NUTS - 2013); Anual - INE, Estimativas anuais da população residente"
1840206;Castro Verde;43.6;2013;0008259;"Índice de dependência de idosos (N.º) por Local de residência (NUTS - 2013); Anual - INE, Estimativas anuais da população residente"
1870711;Reguengos de Monsaraz;43.6;2013;0008259;"Índice de dependência de idosos (N.º) por Local de residência (NUTS - 2013); Anual - INE, Estimativas anuais da população residente"
16I1421;Ourém;43.7;2013;0008259;"Índice de dependência de idosos (N.º) por Local de residência (NUTS - 2013); Anual - INE, Estimativas anuais da população residente"
11D1805;Lamego;44.1;2013;0008259;"Índice de dependência de idosos (N.º) por Local de residência (NUTS - 2013); Anual - INE, Estimativas anuais da população residente"
16B1005;Bombarral;44.1;2013;0008259;"Índice de dependência de idosos (N.º) por Local de residência (NUTS - 2013); Anual - INE, Estimativas anuais da população residente"
18;Alentejo;44.1;2013;0008259;"Índice de dependência de idosos (N.º) por Local de residência (NUTS - 2013); Anual - INE, Estimativas anuais da população residente"
3003110;São Vicente;44.3;2013;0008259;"Índice de dependência de idosos (N.º) por Local de residência (NUTS - 2013); Anual - INE, Estimativas anuais da população residente"
1500816;Vila Real de Santo António;44.4;2013;0008259;"Índice de dependência de idosos (N.º) por Local de residência (NUTS - 2013); Anual - INE, Estimativas anuais da população residente"
187;Alentejo Central;44.6;2013;0008259;"Índice de dependência de idosos (N.º) por Local de residência (NUTS - 2013); Anual - INE, Estimativas anuais da população residente"
1870710;Redondo;44.7;2013;0008259;"Índice de dependência de idosos (N.º) por Local de residência (NUTS - 2013); Anual - INE, Estimativas anuais da população residente"
1870714;Vila Viçosa;44.8;2013;0008259;"Índice de dependência de idosos (N.º) por Local de residência (NUTS - 2013); Anual - INE, Estimativas anuais da população residente"
16;Centro;45;2013;0008259;"Índice de dependência de idosos (N.º) por Local de residência (NUTS - 2013); Anual - INE, Estimativas anuais da população residente"
1500815;Vila do Bispo;45.3;2013;0008259;"Índice de dependência de idosos (N.º) por Local de residência (NUTS - 2013); Anual - INE, Estimativas anuais da população residente"
184;Baixo Alentejo;45.3;2013;0008259;"Índice de dependência de idosos (N.º) por Local de residência (NUTS - 2013); Anual - INE, Estimativas anuais da população residente"
1870702;Arraiolos;45.4;2013;0008259;"Índice de dependência de idosos (N.º) por Local de residência (NUTS - 2013); Anual - INE, Estimativas anuais da população residente"
1811505;Grândola;45.6;2013;0008259;"Índice de dependência de idosos (N.º) por Local de residência (NUTS - 2013); Anual - INE, Estimativas anuais da população residente"
1870709;Portel;45.6;2013;0008259;"Índice de dependência de idosos (N.º) por Local de residência (NUTS - 2013); Anual - INE, Estimativas anuais da população residente"
1870708;Mourão;45.8;2013;0008259;"Índice de dependência de idosos (N.º) por Local de residência (NUTS - 2013); Anual - INE, Estimativas anuais da população residente"
11D1708;Peso da Régua;45.9;2013;0008259;"Índice de dependência de idosos (N.º) por Local de residência (NUTS - 2013); Anual - INE, Estimativas anuais da população residente"
1840210;Moura;45.9;2013;0008259;"Índice de dependência de idosos (N.º) por Local de residência (NUTS - 2013); Anual - INE, Estimativas anuais da população residente"
1851412;Golegã;46;2013;0008259;"Índice de dependência de idosos (N.º) por Local de residência (NUTS - 2013); Anual - INE, Estimativas anuais da população residente"
3003106;Porto Moniz;46.3;2013;0008259;"Índice de dependência de idosos (N.º) por Local de residência (NUTS - 2013); Anual - INE, Estimativas anuais da população residente"
1840203;Alvito;46.5;2013;0008259;"Índice de dependência de idosos (N.º) por Local de residência (NUTS - 2013); Anual - INE, Estimativas anuais da população residente"
1840208;Ferreira do Alentejo;46.5;2013;0008259;"Índice de dependência de idosos (N.º) por Local de residência (NUTS - 2013); Anual - INE, Estimativas anuais da população residente"
11D1704;Mesão Frio;46.6;2013;0008259;"Índice de dependência de idosos (N.º) por Local de residência (NUTS - 2013); Anual - INE, Estimativas anuais da população residente"
16E;Região de Coimbra;46.8;2013;0008259;"Índice de dependência de idosos (N.º) por Local de residência (NUTS - 2013); Anual - INE, Estimativas anuais da população residente"
1861211;Monforte;47;2013;0008259;"Índice de dependência de idosos (N.º) por Local de residência (NUTS - 2013); Anual - INE, Estimativas anuais da população residente"
11D1815;São João da Pesqueira;47.1;2013;0008259;"Índice de dependência de idosos (N.º) por Local de residência (NUTS - 2013); Anual - INE, Estimativas anuais da população residente"
1851404;Alpiarça;47.1;2013;0008259;"Índice de dependência de idosos (N.º) por Local de residência (NUTS - 2013); Anual - INE, Estimativas anuais da população residente"
11E0402;Bragança;47.2;2013;0008259;"Índice de dependência de idosos (N.º) por Local de residência (NUTS - 2013); Anual - INE, Estimativas anuais da população residente"
1861214;Portalegre;47.6;2013;0008259;"Índice de dependência de idosos (N.º) por Local de residência (NUTS - 2013); Anual - INE, Estimativas anuais da população residente"
1870704;Estremoz;47.6;2013;0008259;"Índice de dependência de idosos (N.º) por Local de residência (NUTS - 2013); Anual - INE, Estimativas anuais da população residente"
16I1419;Torres Novas;47.7;2013;0008259;"Índice de dependência de idosos (N.º) por Local de residência (NUTS - 2013); Anual - INE, Estimativas anuais da população residente"
11A0107;Espinho;47.8;2013;0008259;"Índice de dependência de idosos (N.º) por Local de residência (NUTS - 2013); Anual - INE, Estimativas anuais da população residente"
1840213;Serpa;47.8;2013;0008259;"Índice de dependência de idosos (N.º) por Local de residência (NUTS - 2013); Anual - INE, Estimativas anuais da população residente"
16E0605;Figueira da Foz;48.1;2013;0008259;"Índice de dependência de idosos (N.º) por Local de residência (NUTS - 2013); Anual - INE, Estimativas anuais da população residente"
3003109;Santana;48.1;2013;0008259;"Índice de dependência de idosos (N.º) por Local de residência (NUTS - 2013); Anual - INE, Estimativas anuais da população residente"
111;Alto Minho;48.2;2013;0008259;"Índice de dependência de idosos (N.º) por Local de residência (NUTS - 2013); Anual - INE, Estimativas anuais da população residente"
16H0502;Castelo Branco;48.4;2013;0008259;"Índice de dependência de idosos (N.º) por Local de residência (NUTS - 2013); Anual - INE, Estimativas anuais da população residente"
1870703;Borba;48.4;2013;0008259;"Índice de dependência de idosos (N.º) por Local de residência (NUTS - 2013); Anual - INE, Estimativas anuais da população residente"
1191705;Mondim de Basto;48.5;2013;0008259;"Índice de dependência de idosos (N.º) por Local de residência (NUTS - 2013); Anual - INE, Estimativas anuais da população residente"
16G;Viseu Dão Lafões;48.6;2013;0008259;"Índice de dependência de idosos (N.º) por Local de residência (NUTS - 2013); Anual - INE, Estimativas anuais da população residente"
16I;Médio Tejo;48.7;2013;0008259;"Índice de dependência de idosos (N.º) por Local de residência (NUTS - 2013); Anual - INE, Estimativas anuais da população residente"
16E0611;Oliveira do Hospital;48.8;2013;0008259;"Índice de dependência de idosos (N.º) por Local de residência (NUTS - 2013); Anual - INE, Estimativas anuais da população residente"
1840201;Aljustrel;48.8;2013;0008259;"Índice de dependência de idosos (N.º) por Local de residência (NUTS - 2013); Anual - INE, Estimativas anuais da população residente"
16I1402;Alcanena;48.9;2013;0008259;"Índice de dependência de idosos (N.º) por Local de residência (NUTS - 2013); Anual - INE, Estimativas anuais da população residente"
11A0119;Vale de Cambra;49;2013;0008259;"Índice de dependência de idosos (N.º) por Local de residência (NUTS - 2013); Anual - INE, Estimativas anuais da população residente"
16B1104;Cadaval;49;2013;0008259;"Índice de dependência de idosos (N.º) por Local de residência (NUTS - 2013); Anual - INE, Estimativas anuais da população residente"
1870712;Vendas Novas;49.2;2013;0008259;"Índice de dependência de idosos (N.º) por Local de residência (NUTS - 2013); Anual - INE, Estimativas anuais da população residente"
11D;Douro;49.5;2013;0008259;"Índice de dependência de idosos (N.º) por Local de residência (NUTS - 2013); Anual - INE, Estimativas anuais da população residente"
16F1015;Pombal;49.9;2013;0008259;"Índice de dependência de idosos (N.º) por Local de residência (NUTS - 2013); Anual - INE, Estimativas anuais da população residente"
16D0103;Anadia;50.3;2013;0008259;"Índice de dependência de idosos (N.º) por Local de residência (NUTS - 2013); Anual - INE, Estimativas anuais da população residente"
1120310;Terras de Bouro;50.7;2013;0008259;"Índice de dependência de idosos (N.º) por Local de residência (NUTS - 2013); Anual - INE, Estimativas anuais da população residente"
186;Alto Alentejo;50.7;2013;0008259;"Índice de dependência de idosos (N.º) por Local de residência (NUTS - 2013); Anual - INE, Estimativas anuais da população residente"
11D1801;Armamar;50.9;2013;0008259;"Índice de dependência de idosos (N.º) por Local de residência (NUTS - 2013); Anual - INE, Estimativas anuais da população residente"
1111606;Ponte da Barca;51.1;2013;0008259;"Índice de dependência de idosos (N.º) por Local de residência (NUTS - 2013); Anual - INE, Estimativas anuais da população residente"
16E0616;Tábua;51.1;2013;0008259;"Índice de dependência de idosos (N.º) por Local de residência (NUTS - 2013); Anual - INE, Estimativas anuais da população residente"
1111602;Caminha;51.2;2013;0008259;"Índice de dependência de idosos (N.º) por Local de residência (NUTS - 2013); Anual - INE, Estimativas anuais da população residente"
1861202;Arronches;51.2;2013;0008259;"Índice de dependência de idosos (N.º) por Local de residência (NUTS - 2013); Anual - INE, Estimativas anuais da população residente"
1870706;Montemor-o-Novo;51.2;2013;0008259;"Índice de dependência de idosos (N.º) por Local de residência (NUTS - 2013); Anual - INE, Estimativas anuais da população residente"
16G1806;Mangualde;51.3;2013;0008259;"Índice de dependência de idosos (N.º) por Local de residência (NUTS - 2013); Anual - INE, Estimativas anuais da população residente"
1861213;Ponte de Sor;51.4;2013;0008259;"Índice de dependência de idosos (N.º) por Local de residência (NUTS - 2013); Anual - INE, Estimativas anuais da população residente"
1500814;Tavira;51.8;2013;0008259;"Índice de dependência de idosos (N.º) por Local de residência (NUTS - 2013); Anual - INE, Estimativas anuais da população residente"
16D0117;Sever do Vouga;51.8;2013;0008259;"Índice de dependência de idosos (N.º) por Local de residência (NUTS - 2013); Anual - INE, Estimativas anuais da população residente"
16I1417;Sardoal;51.8;2013;0008259;"Índice de dependência de idosos (N.º) por Local de residência (NUTS - 2013); Anual - INE, Estimativas anuais da população residente"
1811509;Santiago do Cacém;51.8;2013;0008259;"Índice de dependência de idosos (N.º) por Local de residência (NUTS - 2013); Anual - INE, Estimativas anuais da população residente"
1870701;Alandroal;51.8;2013;0008259;"Índice de dependência de idosos (N.º) por Local de residência (NUTS - 2013); Anual - INE, Estimativas anuais da população residente"
11D1807;Moimenta da Beira;51.9;2013;0008259;"Índice de dependência de idosos (N.º) por Local de residência (NUTS - 2013); Anual - INE, Estimativas anuais da população residente"
1861215;Sousel;52;2013;0008259;"Índice de dependência de idosos (N.º) por Local de residência (NUTS - 2013); Anual - INE, Estimativas anuais da população residente"
16E0614;Penela;52.3;2013;0008259;"Índice de dependência de idosos (N.º) por Local de residência (NUTS - 2013); Anual - INE, Estimativas anuais da população residente"
16J0503;Covilhã;52.4;2013;0008259;"Índice de dependência de idosos (N.º) por Local de residência (NUTS - 2013); Anual - INE, Estimativas anuais da população residente"
16E0602;Cantanhede;52.6;2013;0008259;"Índice de dependência de idosos (N.º) por Local de residência (NUTS - 2013); Anual - INE, Estimativas anuais da população residente"
16E0608;Mira;52.8;2013;0008259;"Índice de dependência de idosos (N.º) por Local de residência (NUTS - 2013); Anual - INE, Estimativas anuais da população residente"
1111605;Paredes de Coura;52.9;2013;0008259;"Índice de dependência de idosos (N.º) por Local de residência (NUTS - 2013); Anual - INE, Estimativas anuais da população residente"
16I1418;Tomar;53;2013;0008259;"Índice de dependência de idosos (N.º) por Local de residência (NUTS - 2013); Anual - INE, Estimativas anuais da população residente"
1190311;Vieira do Minho;53.2;2013;0008259;"Índice de dependência de idosos (N.º) por Local de residência (NUTS - 2013); Anual - INE, Estimativas anuais da população residente"
1861208;Fronteira;53.4;2013;0008259;"Índice de dependência de idosos (N.º) por Local de residência (NUTS - 2013); Anual - INE, Estimativas anuais da população residente"
16G1817;Sátão;53.7;2013;0008259;"Índice de dependência de idosos (N.º) por Local de residência (NUTS - 2013); Anual - INE, Estimativas anuais da população residente"
16G1809;Nelas;53.9;2013;0008259;"Índice de dependência de idosos (N.º) por Local de residência (NUTS - 2013); Anual - INE, Estimativas anuais da população residente"
1851407;Chamusca;54.3;2013;0008259;"Índice de dependência de idosos (N.º) por Local de residência (NUTS - 2013); Anual - INE, Estimativas anuais da população residente"
16I1401;Abrantes;54.5;2013;0008259;"Índice de dependência de idosos (N.º) por Local de residência (NUTS - 2013); Anual - INE, Estimativas anuais da população residente"
16G1824;Vouzela;54.6;2013;0008259;"Índice de dependência de idosos (N.º) por Local de residência (NUTS - 2013); Anual - INE, Estimativas anuais da população residente"
16I1411;Ferreira do Zêzere;54.7;2013;0008259;"Índice de dependência de idosos (N.º) por Local de residência (NUTS - 2013); Anual - INE, Estimativas anuais da população residente"
11D1818;Sernancelhe;54.8;2013;0008259;"Índice de dependência de idosos (N.º) por Local de residência (NUTS - 2013); Anual - INE, Estimativas anuais da população residente"
16I0509;Sertã;55.3;2013;0008259;"Índice de dependência de idosos (N.º) por Local de residência (NUTS - 2013); Anual - INE, Estimativas anuais da população residente"
1500804;Castro Marim;55.9;2013;0008259;"Índice de dependência de idosos (N.º) por Local de residência (NUTS - 2013); Anual - INE, Estimativas anuais da população residente"
1861201;Alter do Chão;56;2013;0008259;"Índice de dependência de idosos (N.º) por Local de residência (NUTS - 2013); Anual - INE, Estimativas anuais da população residente"
16F1003;Ansião;56.2;2013;0008259;"Índice de dependência de idosos (N.º) por Local de residência (NUTS - 2013); Anual - INE, Estimativas anuais da população residente"
16G1822;Vila Nova de Paiva;56.2;2013;0008259;"Índice de dependência de idosos (N.º) por Local de residência (NUTS - 2013); Anual - INE, Estimativas anuais da população residente"
16G1821;Tondela;56.5;2013;0008259;"Índice de dependência de idosos (N.º) por Local de residência (NUTS - 2013); Anual - INE, Estimativas anuais da população residente"
11B1709;Ribeira de Pena;56.6;2013;0008259;"Índice de dependência de idosos (N.º) por Local de residência (NUTS - 2013); Anual - INE, Estimativas anuais da população residente"
16G1802;Carregal do Sal;56.6;2013;0008259;"Índice de dependência de idosos (N.º) por Local de residência (NUTS - 2013); Anual - INE, Estimativas anuais da população residente"
1840202;Almodôvar;56.6;2013;0008259;"Índice de dependência de idosos (N.º) por Local de residência (NUTS - 2013); Anual - INE, Estimativas anuais da população residente"
16J0501;Belmonte;56.8;2013;0008259;"Índice de dependência de idosos (N.º) por Local de residência (NUTS - 2013); Anual - INE, Estimativas anuais da população residente"
1811501;Alcácer do Sal;56.9;2013;0008259;"Índice de dependência de idosos (N.º) por Local de residência (NUTS - 2013); Anual - INE, Estimativas anuais da população residente"
11D1711;Santa Marta de Penaguião;57.7;2013;0008259;"Índice de dependência de idosos (N.º) por Local de residência (NUTS - 2013); Anual - INE, Estimativas anuais da população residente"
11D1819;Tabuaço;57.7;2013;0008259;"Índice de dependência de idosos (N.º) por Local de residência (NUTS - 2013); Anual - INE, Estimativas anuais da população residente"
16E0613;Penacova;57.7;2013;0008259;"Índice de dependência de idosos (N.º) por Local de residência (NUTS - 2013); Anual - INE, Estimativas anuais da população residente"
1861203;Avis;57.7;2013;0008259;"Índice de dependência de idosos (N.º) por Local de residência (NUTS - 2013); Anual - INE, Estimativas anuais da população residente"
16G1803;Castro Daire;57.8;2013;0008259;"Índice de dependência de idosos (N.º) por Local de residência (NUTS - 2013); Anual - INE, Estimativas anuais da população residente"
16G1814;Santa Comba Dão;57.8;2013;0008259;"Índice de dependência de idosos (N.º) por Local de residência (NUTS - 2013); Anual - INE, Estimativas anuais da população residente"
11D1710;Sabrosa;57.9;2013;0008259;"Índice de dependência de idosos (N.º) por Local de residência (NUTS - 2013); Anual - INE, Estimativas anuais da população residente"
16J0504;Fundão;57.9;2013;0008259;"Índice de dependência de idosos (N.º) por Local de residência (NUTS - 2013); Anual - INE, Estimativas anuais da população residente"
11E0407;Mirandela;58.4;2013;0008259;"Índice de dependência de idosos (N.º) por Local de residência (NUTS - 2013); Anual - INE, Estimativas anuais da população residente"
16E0601;Arganil;58.8;2013;0008259;"Índice de dependência de idosos (N.º) por Local de residência (NUTS - 2013); Anual - INE, Estimativas anuais da população residente"
1840212;Ourique;58.8;2013;0008259;"Índice de dependência de idosos (N.º) por Local de residência (NUTS - 2013); Anual - INE, Estimativas anuais da população residente"
16G1816;São Pedro do Sul;58.9;2013;0008259;"Índice de dependência de idosos (N.º) por Local de residência (NUTS - 2013); Anual - INE, Estimativas anuais da população residente"
1851409;Coruche;58.9;2013;0008259;"Índice de dependência de idosos (N.º) por Local de residência (NUTS - 2013); Anual - INE, Estimativas anuais da população residente"
16J;Beiras e Serra da Estrela;59.2;2013;0008259;"Índice de dependência de idosos (N.º) por Local de residência (NUTS - 2013); Anual - INE, Estimativas anuais da população residente"
11D1701;Alijó;59.3;2013;0008259;"Índice de dependência de idosos (N.º) por Local de residência (NUTS - 2013); Anual - INE, Estimativas anuais da população residente"
16H;Beira Baixa;59.3;2013;0008259;"Índice de dependência de idosos (N.º) por Local de residência (NUTS - 2013); Anual - INE, Estimativas anuais da população residente"
11B1703;Chaves;59.6;2013;0008259;"Índice de dependência de idosos (N.º) por Local de residência (NUTS - 2013); Anual - INE, Estimativas anuais da população residente"
1861210;Marvão;60.2;2013;0008259;"Índice de dependência de idosos (N.º) por Local de residência (NUTS - 2013); Anual - INE, Estimativas anuais da população residente"
16E0615;Soure;60.7;2013;0008259;"Índice de dependência de idosos (N.º) por Local de residência (NUTS - 2013); Anual - INE, Estimativas anuais da população residente"
16F1013;Pedrógão Grande;60.9;2013;0008259;"Índice de dependência de idosos (N.º) por Local de residência (NUTS - 2013); Anual - INE, Estimativas anuais da população residente"
11E;Terras de Trás-os-Montes;61.3;2013;0008259;"Índice de dependência de idosos (N.º) por Local de residência (NUTS - 2013); Anual - INE, Estimativas anuais da população residente"
11D1812;Penedono;61.4;2013;0008259;"Índice de dependência de idosos (N.º) por Local de residência (NUTS - 2013); Anual - INE, Estimativas anuais da população residente"
1861205;Castelo de Vide;61.4;2013;0008259;"Índice de dependência de idosos (N.º) por Local de residência (NUTS - 2013); Anual - INE, Estimativas anuais da população residente"
1500809;Monchique;61.7;2013;0008259;"Índice de dependência de idosos (N.º) por Local de residência (NUTS - 2013); Anual - INE, Estimativas anuais da população residente"
1111604;Monção;61.8;2013;0008259;"Índice de dependência de idosos (N.º) por Local de residência (NUTS - 2013); Anual - INE, Estimativas anuais da população residente"
11E0405;Macedo de Cavaleiros;63.6;2013;0008259;"Índice de dependência de idosos (N.º) por Local de residência (NUTS - 2013); Anual - INE, Estimativas anuais da população residente"
16G1811;Penalva do Castelo;63.8;2013;0008259;"Índice de dependência de idosos (N.º) por Local de residência (NUTS - 2013); Anual - INE, Estimativas anuais da população residente"
16J0905;Fornos de Algodres;64;2013;0008259;"Índice de dependência de idosos (N.º) por Local de residência (NUTS - 2013); Anual - INE, Estimativas anuais da população residente"
16J0912;Seia;64.3;2013;0008259;"Índice de dependência de idosos (N.º) por Local de residência (NUTS - 2013); Anual - INE, Estimativas anuais da população residente"
16F1008;Figueiró dos Vinhos;64.6;2013;0008259;"Índice de dependência de idosos (N.º) por Local de residência (NUTS - 2013); Anual - INE, Estimativas anuais da população residente"
11B1713;Vila Pouca de Aguiar;64.7;2013;0008259;"Índice de dependência de idosos (N.º) por Local de residência (NUTS - 2013); Anual - INE, Estimativas anuais da população residente"
11E0410;Vila Flor;65.2;2013;0008259;"Índice de dependência de idosos (N.º) por Local de residência (NUTS - 2013); Anual - INE, Estimativas anuais da população residente"
11D1707;Murça;65.7;2013;0008259;"Índice de dependência de idosos (N.º) por Local de residência (NUTS - 2013); Anual - INE, Estimativas anuais da população residente"
16F1007;Castanheira de Pêra;65.9;2013;0008259;"Índice de dependência de idosos (N.º) por Local de residência (NUTS - 2013); Anual - INE, Estimativas anuais da população residente"
16J0903;Celorico da Beira;65.9;2013;0008259;"Índice de dependência de idosos (N.º) por Local de residência (NUTS - 2013); Anual - INE, Estimativas anuais da população residente"
16E1808;Mortágua;66.3;2013;0008259;"Índice de dependência de idosos (N.º) por Local de residência (NUTS - 2013); Anual - INE, Estimativas anuais da população residente"
11B;Alto Tâmega;66.4;2013;0008259;"Índice de dependência de idosos (N.º) por Local de residência (NUTS - 2013); Anual - INE, Estimativas anuais da população residente"
16F1002;Alvaiázere;66.7;2013;0008259;"Índice de dependência de idosos (N.º) por Local de residência (NUTS - 2013); Anual - INE, Estimativas anuais da população residente"
1111601;Arcos de Valdevez;66.8;2013;0008259;"Índice de dependência de idosos (N.º) por Local de residência (NUTS - 2013); Anual - INE, Estimativas anuais da população residente"
1840209;Mértola;66.8;2013;0008259;"Índice de dependência de idosos (N.º) por Local de residência (NUTS - 2013); Anual - INE, Estimativas anuais da população residente"
1861206;Crato;67.1;2013;0008259;"Índice de dependência de idosos (N.º) por Local de residência (NUTS - 2013); Anual - INE, Estimativas anuais da população residente"
11D0914;Vila Nova de Foz Côa;67.6;2013;0008259;"Índice de dependência de idosos (N.º) por Local de residência (NUTS - 2013); Anual - INE, Estimativas anuais da população residente"
16E0606;Góis;68.4;2013;0008259;"Índice de dependência de idosos (N.º) por Local de residência (NUTS - 2013); Anual - INE, Estimativas anuais da população residente"
16J0913;Trancoso;68.4;2013;0008259;"Índice de dependência de idosos (N.º) por Local de residência (NUTS - 2013); Anual - INE, Estimativas anuais da população residente"
16G0901;Aguiar da Beira;69.2;2013;0008259;"Índice de dependência de idosos (N.º) por Local de residência (NUTS - 2013); Anual - INE, Estimativas anuais da população residente"
16J0908;Manteigas;70;2013;0008259;"Índice de dependência de idosos (N.º) por Local de residência (NUTS - 2013); Anual - INE, Estimativas anuais da população residente"
1870707;Mora;70.3;2013;0008259;"Índice de dependência de idosos (N.º) por Local de residência (NUTS - 2013); Anual - INE, Estimativas anuais da população residente"
11E0401;Alfândega da Fé;70.7;2013;0008259;"Índice de dependência de idosos (N.º) por Local de residência (NUTS - 2013); Anual - INE, Estimativas anuais da população residente"
16I0510;Vila de Rei;71.4;2013;0008259;"Índice de dependência de idosos (N.º) por Local de residência (NUTS - 2013); Anual - INE, Estimativas anuais da população residente"
11D0404;Freixo de Espada à Cinta;71.5;2013;0008259;"Índice de dependência de idosos (N.º) por Local de residência (NUTS - 2013); Anual - INE, Estimativas anuais da população residente"
16H0508;Proença-a-Nova;72.2;2013;0008259;"Índice de dependência de idosos (N.º) por Local de residência (NUTS - 2013); Anual - INE, Estimativas anuais da população residente"
16J0904;Figueira de Castelo Rodrigo;72.5;2013;0008259;"Índice de dependência de idosos (N.º) por Local de residência (NUTS - 2013); Anual - INE, Estimativas anuais da população residente"
11D0403;Carrazeda de Ansiães;72.7;2013;0008259;"Índice de dependência de idosos (N.º) por Local de residência (NUTS - 2013); Anual - INE, Estimativas anuais da população residente"
16J0909;Mêda;72.7;2013;0008259;"Índice de dependência de idosos (N.º) por Local de residência (NUTS - 2013); Anual - INE, Estimativas anuais da população residente"
16J0906;Gouveia;73.3;2013;0008259;"Índice de dependência de idosos (N.º) por Local de residência (NUTS - 2013); Anual - INE, Estimativas anuais da população residente"
11B1702;Boticas;73.4;2013;0008259;"Índice de dependência de idosos (N.º) por Local de residência (NUTS - 2013); Anual - INE, Estimativas anuais da população residente"
11E0408;Mogadouro;74;2013;0008259;"Índice de dependência de idosos (N.º) por Local de residência (NUTS - 2013); Anual - INE, Estimativas anuais da população residente"
16J0910;Pinhel;74.5;2013;0008259;"Índice de dependência de idosos (N.º) por Local de residência (NUTS - 2013); Anual - INE, Estimativas anuais da população residente"
1861212;Nisa;76.4;2013;0008259;"Índice de dependência de idosos (N.º) por Local de residência (NUTS - 2013); Anual - INE, Estimativas anuais da população residente"
11E0406;Miranda do Douro;77.9;2013;0008259;"Índice de dependência de idosos (N.º) por Local de residência (NUTS - 2013); Anual - INE, Estimativas anuais da população residente"
11B1706;Montalegre;79;2013;0008259;"Índice de dependência de idosos (N.º) por Local de residência (NUTS - 2013); Anual - INE, Estimativas anuais da população residente"
16I1413;Mação;79.8;2013;0008259;"Índice de dependência de idosos (N.º) por Local de residência (NUTS - 2013); Anual - INE, Estimativas anuais da população residente"
1861209;Gavião;80.2;2013;0008259;"Índice de dependência de idosos (N.º) por Local de residência (NUTS - 2013); Anual - INE, Estimativas anuais da população residente"
11B1712;Valpaços;81;2013;0008259;"Índice de dependência de idosos (N.º) por Local de residência (NUTS - 2013); Anual - INE, Estimativas anuais da população residente"
11D0409;Torre de Moncorvo;81.9;2013;0008259;"Índice de dependência de idosos (N.º) por Local de residência (NUTS - 2013); Anual - INE, Estimativas anuais da população residente"
16H0505;Idanha-a-Nova;82.2;2013;0008259;"Índice de dependência de idosos (N.º) por Local de residência (NUTS - 2013); Anual - INE, Estimativas anuais da população residente"
16H0507;Penamacor;87.4;2013;0008259;"Índice de dependência de idosos (N.º) por Local de residência (NUTS - 2013); Anual - INE, Estimativas anuais da população residente"
1111603;Melgaço;88.3;2013;0008259;"Índice de dependência de idosos (N.º) por Local de residência (NUTS - 2013); Anual - INE, Estimativas anuais da população residente"
11E0411;Vimioso;88.3;2013;0008259;"Índice de dependência de idosos (N.º) por Local de residência (NUTS - 2013); Anual - INE, Estimativas anuais da população residente"
16H0511;Vila Velha de Ródão;88.9;2013;0008259;"Índice de dependência de idosos (N.º) por Local de residência (NUTS - 2013); Anual - INE, Estimativas anuais da população residente"
16J0902;Almeida;90.2;2013;0008259;"Índice de dependência de idosos (N.º) por Local de residência (NUTS - 2013); Anual - INE, Estimativas anuais da população residente"
16J0911;Sabugal;92.2;2013;0008259;"Índice de dependência de idosos (N.º) por Local de residência (NUTS - 2013); Anual - INE, Estimativas anuais da população residente"
16E0612;Pampilhosa da Serra;93.6;2013;0008259;"Índice de dependência de idosos (N.º) por Local de residência (NUTS - 2013); Anual - INE, Estimativas anuais da população residente"
16H0506;Oleiros;94;2013;0008259;"Índice de dependência de idosos (N.º) por Local de residência (NUTS - 2013); Anual - INE, Estimativas anuais da população residente"
11E0412;Vinhais;95.6;2013;0008259;"Índice de dependência de idosos (N.º) por Local de residência (NUTS - 2013); Anual - INE, Estimativas anuais da população residente"
1500802;Alcoutim;97.6;2013;0008259;"Índice de dependência de idosos (N.º) por Local de residência (NUTS - 2013); Anual - INE, Estimativas anuais da população residente"
2004205;Ribeira Grande;16.7;2014;0008259;"Índice de dependência de idosos (N.º) por Local de residência (NUTS - 2013); Anual - INE, Estimativas anuais da população residente"
2004201;Lagoa;19;2014;0008259;"Índice de dependência de idosos (N.º) por Local de residência (NUTS - 2013); Anual - INE, Estimativas anuais da população residente"
3003108;Santa Cruz;22;2014;0008259;"Índice de dependência de idosos (N.º) por Local de residência (NUTS - 2013); Anual - INE, Estimativas anuais da população residente"
3003102;Câmara de Lobos;23;2014;0008259;"Índice de dependência de idosos (N.º) por Local de residência (NUTS - 2013); Anual - INE, Estimativas anuais da população residente"
2004203;Ponta Delgada;23.3;2014;0008259;"Índice de dependência de idosos (N.º) por Local de residência (NUTS - 2013); Anual - INE, Estimativas anuais da população residente"
2004206;Vila Franca do Campo;23.3;2014;0008259;"Índice de dependência de idosos (N.º) por Local de residência (NUTS - 2013); Anual - INE, Estimativas anuais da população residente"
11C1305;Lousada;24.2;2014;0008259;"Índice de dependência de idosos (N.º) por Local de residência (NUTS - 2013); Anual - INE, Estimativas anuais da população residente"
11C1309;Paços de Ferreira;25.5;2014;0008259;"Índice de dependência de idosos (N.º) por Local de residência (NUTS - 2013); Anual - INE, Estimativas anuais da população residente"
2;Região Autónoma dos Açores;25.6;2014;0008259;"Índice de dependência de idosos (N.º) por Local de residência (NUTS - 2013); Anual - INE, Estimativas anuais da população residente"
20;Região Autónoma dos Açores;25.6;2014;0008259;"Índice de dependência de idosos (N.º) por Local de residência (NUTS - 2013); Anual - INE, Estimativas anuais da população residente"
200;Região Autónoma dos Açores;25.6;2014;0008259;"Índice de dependência de idosos (N.º) por Local de residência (NUTS - 2013); Anual - INE, Estimativas anuais da população residente"
11A1310;Paredes;25.9;2014;0008259;"Índice de dependência de idosos (N.º) por Local de residência (NUTS - 2013); Anual - INE, Estimativas anuais da população residente"
2004204;Povoação;26.1;2014;0008259;"Índice de dependência de idosos (N.º) por Local de residência (NUTS - 2013); Anual - INE, Estimativas anuais da população residente"
2004901;Corvo;27.2;2014;0008259;"Índice de dependência de idosos (N.º) por Local de residência (NUTS - 2013); Anual - INE, Estimativas anuais da população residente"
3003201;Porto Santo;27.2;2014;0008259;"Índice de dependência de idosos (N.º) por Local de residência (NUTS - 2013); Anual - INE, Estimativas anuais da população residente"
2004101;Vila do Porto;27.3;2014;0008259;"Índice de dependência de idosos (N.º) por Local de residência (NUTS - 2013); Anual - INE, Estimativas anuais da população residente"
1701502;Alcochete;27.4;2014;0008259;"Índice de dependência de idosos (N.º) por Local de residência (NUTS - 2013); Anual - INE, Estimativas anuais da população residente"
1701109;Mafra;27.8;2014;0008259;"Índice de dependência de idosos (N.º) por Local de residência (NUTS - 2013); Anual - INE, Estimativas anuais da população residente"
1190314;Vizela;28.1;2014;0008259;"Índice de dependência de idosos (N.º) por Local de residência (NUTS - 2013); Anual - INE, Estimativas anuais da população residente"
11C1311;Penafiel;28.4;2014;0008259;"Índice de dependência de idosos (N.º) por Local de residência (NUTS - 2013); Anual - INE, Estimativas anuais da população residente"
1500801;Albufeira;28.5;2014;0008259;"Índice de dependência de idosos (N.º) por Local de residência (NUTS - 2013); Anual - INE, Estimativas anuais da população residente"
16B1102;Arruda dos Vinhos;28.5;2014;0008259;"Índice de dependência de idosos (N.º) por Local de residência (NUTS - 2013); Anual - INE, Estimativas anuais da população residente"
1701111;Sintra;28.5;2014;0008259;"Índice de dependência de idosos (N.º) por Local de residência (NUTS - 2013); Anual - INE, Estimativas anuais da população residente"
2004802;Santa Cruz das Flores;28.6;2014;0008259;"Índice de dependência de idosos (N.º) por Local de residência (NUTS - 2013); Anual - INE, Estimativas anuais da população residente"
1701507;Montijo;28.8;2014;0008259;"Índice de dependência de idosos (N.º) por Local de residência (NUTS - 2013); Anual - INE, Estimativas anuais da população residente"
11C1307;Marco de Canaveses;29;2014;0008259;"Índice de dependência de idosos (N.º) por Local de residência (NUTS - 2013); Anual - INE, Estimativas anuais da população residente"
1120303;Braga;29.4;2014;0008259;"Índice de dependência de idosos (N.º) por Local de residência (NUTS - 2013); Anual - INE, Estimativas anuais da população residente"
2004302;Vila da Praia da Vitória;29.4;2014;0008259;"Índice de dependência de idosos (N.º) por Local de residência (NUTS - 2013); Anual - INE, Estimativas anuais da população residente"
11C1303;Felgueiras;29.6;2014;0008259;"Índice de dependência de idosos (N.º) por Local de residência (NUTS - 2013); Anual - INE, Estimativas anuais da população residente"
2004602;Madalena;30;2014;0008259;"Índice de dependência de idosos (N.º) por Local de residência (NUTS - 2013); Anual - INE, Estimativas anuais da população residente"
1701114;Vila Franca de Xira;30.2;2014;0008259;"Índice de dependência de idosos (N.º) por Local de residência (NUTS - 2013); Anual - INE, Estimativas anuais da população residente"
16B1112;Sobral de Monte Agraço;30.3;2014;0008259;"Índice de dependência de idosos (N.º) por Local de residência (NUTS - 2013); Anual - INE, Estimativas anuais da população residente"
1851405;Benavente;30.4;2014;0008259;"Índice de dependência de idosos (N.º) por Local de residência (NUTS - 2013); Anual - INE, Estimativas anuais da população residente"
2004301;Angra do Heroísmo;30.4;2014;0008259;"Índice de dependência de idosos (N.º) por Local de residência (NUTS - 2013); Anual - INE, Estimativas anuais da população residente"
11A1306;Maia;30.6;2014;0008259;"Índice de dependência de idosos (N.º) por Local de residência (NUTS - 2013); Anual - INE, Estimativas anuais da população residente"
11C;Tâmega e Sousa;30.7;2014;0008259;"Índice de dependência de idosos (N.º) por Local de residência (NUTS - 2013); Anual - INE, Estimativas anuais da população residente"
11A1315;Valongo;30.9;2014;0008259;"Índice de dependência de idosos (N.º) por Local de residência (NUTS - 2013); Anual - INE, Estimativas anuais da população residente"
16B1101;Alenquer;30.9;2014;0008259;"Índice de dependência de idosos (N.º) por Local de residência (NUTS - 2013); Anual - INE, Estimativas anuais da população residente"
3;Região Autónoma da Madeira;31.2;2014;0008259;"Índice de dependência de idosos (N.º) por Local de residência (NUTS - 2013); Anual - INE, Estimativas anuais da população residente"
30;Região Autónoma da Madeira;31.2;2014;0008259;"Índice de dependência de idosos (N.º) por Local de residência (NUTS - 2013); Anual - INE, Estimativas anuais da população residente"
300;Região Autónoma da Madeira;31.2;2014;0008259;"Índice de dependência de idosos (N.º) por Local de residência (NUTS - 2013); Anual - INE, Estimativas anuais da população residente"
2004202;Nordeste;31.4;2014;0008259;"Índice de dependência de idosos (N.º) por Local de residência (NUTS - 2013); Anual - INE, Estimativas anuais da população residente"
112;Cávado;31.5;2014;0008259;"Índice de dependência de idosos (N.º) por Local de residência (NUTS - 2013); Anual - INE, Estimativas anuais da população residente"
1120306;Esposende;31.9;2014;0008259;"Índice de dependência de idosos (N.º) por Local de residência (NUTS - 2013); Anual - INE, Estimativas anuais da população residente"
11A1318;Trofa;31.9;2014;0008259;"Índice de dependência de idosos (N.º) por Local de residência (NUTS - 2013); Anual - INE, Estimativas anuais da população residente"
2004701;Horta;31.9;2014;0008259;"Índice de dependência de idosos (N.º) por Local de residência (NUTS - 2013); Anual - INE, Estimativas anuais da população residente"
3003107;Ribeira Brava;31.9;2014;0008259;"Índice de dependência de idosos (N.º) por Local de residência (NUTS - 2013); Anual - INE, Estimativas anuais da população residente"
2004502;Velas;32;2014;0008259;"Índice de dependência de idosos (N.º) por Local de residência (NUTS - 2013); Anual - INE, Estimativas anuais da população residente"
1120302;Barcelos;32.2;2014;0008259;"Índice de dependência de idosos (N.º) por Local de residência (NUTS - 2013); Anual - INE, Estimativas anuais da população residente"
1701511;Sesimbra;32.2;2014;0008259;"Índice de dependência de idosos (N.º) por Local de residência (NUTS - 2013); Anual - INE, Estimativas anuais da população residente"
2004801;Lajes das Flores;32.2;2014;0008259;"Índice de dependência de idosos (N.º) por Local de residência (NUTS - 2013); Anual - INE, Estimativas anuais da população residente"
1190312;Vila Nova de Famalicão;32.3;2014;0008259;"Índice de dependência de idosos (N.º) por Local de residência (NUTS - 2013); Anual - INE, Estimativas anuais da população residente"
3003105;Ponta do Sol;32.3;2014;0008259;"Índice de dependência de idosos (N.º) por Local de residência (NUTS - 2013); Anual - INE, Estimativas anuais da população residente"
16I1410;Entroncamento;32.4;2014;0008259;"Índice de dependência de idosos (N.º) por Local de residência (NUTS - 2013); Anual - INE, Estimativas anuais da população residente"
11A1316;Vila do Conde;32.6;2014;0008259;"Índice de dependência de idosos (N.º) por Local de residência (NUTS - 2013); Anual - INE, Estimativas anuais da população residente"
11A1313;Póvoa de Varzim;32.8;2014;0008259;"Índice de dependência de idosos (N.º) por Local de residência (NUTS - 2013); Anual - INE, Estimativas anuais da população residente"
1701508;Palmela;33;2014;0008259;"Índice de dependência de idosos (N.º) por Local de residência (NUTS - 2013); Anual - INE, Estimativas anuais da população residente"
1810211;Odemira;33.1;2014;0008259;"Índice de dependência de idosos (N.º) por Local de residência (NUTS - 2013); Anual - INE, Estimativas anuais da população residente"
3003104;Machico;33.1;2014;0008259;"Índice de dependência de idosos (N.º) por Local de residência (NUTS - 2013); Anual - INE, Estimativas anuais da população residente"
1190308;Guimarães;33.3;2014;0008259;"Índice de dependência de idosos (N.º) por Local de residência (NUTS - 2013); Anual - INE, Estimativas anuais da população residente"
2004603;São Roque do Pico;33.3;2014;0008259;"Índice de dependência de idosos (N.º) por Local de residência (NUTS - 2013); Anual - INE, Estimativas anuais da população residente"
11C0106;Castelo de Paiva;33.5;2014;0008259;"Índice de dependência de idosos (N.º) por Local de residência (NUTS - 2013); Anual - INE, Estimativas anuais da população residente"
16D0105;Aveiro;33.8;2014;0008259;"Índice de dependência de idosos (N.º) por Local de residência (NUTS - 2013); Anual - INE, Estimativas anuais da população residente"
2004401;Santa Cruz da Graciosa;34;2014;0008259;"Índice de dependência de idosos (N.º) por Local de residência (NUTS - 2013); Anual - INE, Estimativas anuais da população residente"
16D0110;Ílhavo;34.1;2014;0008259;"Índice de dependência de idosos (N.º) por Local de residência (NUTS - 2013); Anual - INE, Estimativas anuais da população residente"
119;Ave;34.3;2014;0008259;"Índice de dependência de idosos (N.º) por Local de residência (NUTS - 2013); Anual - INE, Estimativas anuais da população residente"
1701116;Odivelas;34.3;2014;0008259;"Índice de dependência de idosos (N.º) por Local de residência (NUTS - 2013); Anual - INE, Estimativas anuais da população residente"
1120301;Amares;34.5;2014;0008259;"Índice de dependência de idosos (N.º) por Local de residência (NUTS - 2013); Anual - INE, Estimativas anuais da população residente"
1120313;Vila Verde;34.7;2014;0008259;"Índice de dependência de idosos (N.º) por Local de residência (NUTS - 2013); Anual - INE, Estimativas anuais da população residente"
11A0109;Santa Maria da Feira;34.8;2014;0008259;"Índice de dependência de idosos (N.º) por Local de residência (NUTS - 2013); Anual - INE, Estimativas anuais da população residente"
17;Área Metropolitana de Lisboa;34.9;2014;0008259;"Índice de dependência de idosos (N.º) por Local de residência (NUTS - 2013); Anual - INE, Estimativas anuais da população residente"
170;Área Metropolitana de Lisboa;34.9;2014;0008259;"Índice de dependência de idosos (N.º) por Local de residência (NUTS - 2013); Anual - INE, Estimativas anuais da população residente"
3003103;Funchal;34.9;2014;0008259;"Índice de dependência de idosos (N.º) por Local de residência (NUTS - 2013); Anual - INE, Estimativas anuais da população residente"
11A1317;Vila Nova de Gaia;35.1;2014;0008259;"Índice de dependência de idosos (N.º) por Local de residência (NUTS - 2013); Anual - INE, Estimativas anuais da população residente"
11A1304;Gondomar;35.2;2014;0008259;"Índice de dependência de idosos (N.º) por Local de residência (NUTS - 2013); Anual - INE, Estimativas anuais da população residente"
16D0115;Ovar;35.2;2014;0008259;"Índice de dependência de idosos (N.º) por Local de residência (NUTS - 2013); Anual - INE, Estimativas anuais da população residente"
11A0116;São João da Madeira;35.5;2014;0008259;"Índice de dependência de idosos (N.º) por Local de residência (NUTS - 2013); Anual - INE, Estimativas anuais da população residente"
1500805;Faro;35.5;2014;0008259;"Índice de dependência de idosos (N.º) por Local de residência (NUTS - 2013); Anual - INE, Estimativas anuais da população residente"
16B1113;Torres Vedras;35.5;2014;0008259;"Índice de dependência de idosos (N.º) por Local de residência (NUTS - 2013); Anual - INE, Estimativas anuais da população residente"
11A;Área Metropolitana do Porto;35.6;2014;0008259;"Índice de dependência de idosos (N.º) por Local de residência (NUTS - 2013); Anual - INE, Estimativas anuais da população residente"
1840204;Barrancos;35.6;2014;0008259;"Índice de dependência de idosos (N.º) por Local de residência (NUTS - 2013); Anual - INE, Estimativas anuais da população residente"
1701506;Moita;35.7;2014;0008259;"Índice de dependência de idosos (N.º) por Local de residência (NUTS - 2013); Anual - INE, Estimativas anuais da população residente"
1701510;Seixal;35.8;2014;0008259;"Índice de dependência de idosos (N.º) por Local de residência (NUTS - 2013); Anual - INE, Estimativas anuais da população residente"
1500811;Portimão;35.9;2014;0008259;"Índice de dependência de idosos (N.º) por Local de residência (NUTS - 2013); Anual - INE, Estimativas anuais da população residente"
16E0604;Condeixa-a-Nova;35.9;2014;0008259;"Índice de dependência de idosos (N.º) por Local de residência (NUTS - 2013); Anual - INE, Estimativas anuais da população residente"
1190309;Póvoa de Lanhoso;36.2;2014;0008259;"Índice de dependência de idosos (N.º) por Local de residência (NUTS - 2013); Anual - INE, Estimativas anuais da população residente"
1851103;Azambuja;36.2;2014;0008259;"Índice de dependência de idosos (N.º) por Local de residência (NUTS - 2013); Anual - INE, Estimativas anuais da população residente"
16D0102;Albergaria-a-Velha;36.4;2014;0008259;"Índice de dependência de idosos (N.º) por Local de residência (NUTS - 2013); Anual - INE, Estimativas anuais da população residente"
16F1009;Leiria;36.4;2014;0008259;"Índice de dependência de idosos (N.º) por Local de residência (NUTS - 2013); Anual - INE, Estimativas anuais da população residente"
1701107;Loures;36.4;2014;0008259;"Índice de dependência de idosos (N.º) por Local de residência (NUTS - 2013); Anual - INE, Estimativas anuais da população residente"
1701106;Lisboa;36.5;2014;0008259;"Índice de dependência de idosos (N.º) por Local de residência (NUTS - 2013); Anual - INE, Estimativas anuais da população residente"
1701115;Amadora;36.5;2014;0008259;"Índice de dependência de idosos (N.º) por Local de residência (NUTS - 2013); Anual - INE, Estimativas anuais da população residente"
16D0114;Oliveira do Bairro;36.7;2014;0008259;"Índice de dependência de idosos (N.º) por Local de residência (NUTS - 2013); Anual - INE, Estimativas anuais da população residente"
16E0607;Lousã;37;2014;0008259;"Índice de dependência de idosos (N.º) por Local de residência (NUTS - 2013); Anual - INE, Estimativas anuais da população residente"
11;Norte;37.1;2014;0008259;"Índice de dependência de idosos (N.º) por Local de residência (NUTS - 2013); Anual - INE, Estimativas anuais da população residente"
11C1301;Amarante;37.1;2014;0008259;"Índice de dependência de idosos (N.º) por Local de residência (NUTS - 2013); Anual - INE, Estimativas anuais da população residente"
1701105;Cascais;37.1;2014;0008259;"Índice de dependência de idosos (N.º) por Local de residência (NUTS - 2013); Anual - INE, Estimativas anuais da população residente"
16F1010;Marinha Grande;37.3;2014;0008259;"Índice de dependência de idosos (N.º) por Local de residência (NUTS - 2013); Anual - INE, Estimativas anuais da população residente"
1811513;Sines;37.4;2014;0008259;"Índice de dependência de idosos (N.º) por Local de residência (NUTS - 2013); Anual - INE, Estimativas anuais da população residente"
11C1302;Baião;37.5;2014;0008259;"Índice de dependência de idosos (N.º) por Local de residência (NUTS - 2013); Anual - INE, Estimativas anuais da população residente"
1840205;Beja;37.5;2014;0008259;"Índice de dependência de idosos (N.º) por Local de residência (NUTS - 2013); Anual - INE, Estimativas anuais da população residente"
16F1004;Batalha;37.6;2014;0008259;"Índice de dependência de idosos (N.º) por Local de residência (NUTS - 2013); Anual - INE, Estimativas anuais da população residente"
1190304;Cabeceiras de Basto;37.7;2014;0008259;"Índice de dependência de idosos (N.º) por Local de residência (NUTS - 2013); Anual - INE, Estimativas anuais da população residente"
1500810;Olhão;37.7;2014;0008259;"Índice de dependência de idosos (N.º) por Local de residência (NUTS - 2013); Anual - INE, Estimativas anuais da população residente"
2004501;Calheta;37.7;2014;0008259;"Índice de dependência de idosos (N.º) por Local de residência (NUTS - 2013); Anual - INE, Estimativas anuais da população residente"
1851414;Rio Maior;37.8;2014;0008259;"Índice de dependência de idosos (N.º) por Local de residência (NUTS - 2013); Anual - INE, Estimativas anuais da população residente"
11A1308;Matosinhos;38;2014;0008259;"Índice de dependência de idosos (N.º) por Local de residência (NUTS - 2013); Anual - INE, Estimativas anuais da população residente"
16D;Região de Aveiro;38;2014;0008259;"Índice de dependência de idosos (N.º) por Local de residência (NUTS - 2013); Anual - INE, Estimativas anuais da população residente"
1500806;Lagoa;38.2;2014;0008259;"Índice de dependência de idosos (N.º) por Local de residência (NUTS - 2013); Anual - INE, Estimativas anuais da população residente"
PT;Portugal;38.2;2014;0008259;"Índice de dependência de idosos (N.º) por Local de residência (NUTS - 2013); Anual - INE, Estimativas anuais da população residente"
1500808;Loulé;38.3;2014;0008259;"Índice de dependência de idosos (N.º) por Local de residência (NUTS - 2013); Anual - INE, Estimativas anuais da população residente"
16B;Oeste;38.5;2014;0008259;"Índice de dependência de idosos (N.º) por Local de residência (NUTS - 2013); Anual - INE, Estimativas anuais da população residente"
1861204;Campo Maior;38.5;2014;0008259;"Índice de dependência de idosos (N.º) por Local de residência (NUTS - 2013); Anual - INE, Estimativas anuais da população residente"
11A0113;Oliveira de Azeméis;38.6;2014;0008259;"Índice de dependência de idosos (N.º) por Local de residência (NUTS - 2013); Anual - INE, Estimativas anuais da população residente"
16D0118;Vagos;38.6;2014;0008259;"Índice de dependência de idosos (N.º) por Local de residência (NUTS - 2013); Anual - INE, Estimativas anuais da população residente"
1870705;Évora;38.6;2014;0008259;"Índice de dependência de idosos (N.º) por Local de residência (NUTS - 2013); Anual - INE, Estimativas anuais da população residente"
2004601;Lajes do Pico;38.6;2014;0008259;"Índice de dependência de idosos (N.º) por Local de residência (NUTS - 2013); Anual - INE, Estimativas anuais da população residente"
1;Continente;38.7;2014;0008259;"Índice de dependência de idosos (N.º) por Local de residência (NUTS - 2013); Anual - INE, Estimativas anuais da população residente"
11D1714;Vila Real;38.8;2014;0008259;"Índice de dependência de idosos (N.º) por Local de residência (NUTS - 2013); Anual - INE, Estimativas anuais da população residente"
15;Algarve;38.8;2014;0008259;"Índice de dependência de idosos (N.º) por Local de residência (NUTS - 2013); Anual - INE, Estimativas anuais da população residente"
150;Algarve;38.8;2014;0008259;"Índice de dependência de idosos (N.º) por Local de residência (NUTS - 2013); Anual - INE, Estimativas anuais da população residente"
1190307;Fafe;38.9;2014;0008259;"Índice de dependência de idosos (N.º) por Local de residência (NUTS - 2013); Anual - INE, Estimativas anuais da população residente"
16D0112;Murtosa;38.9;2014;0008259;"Índice de dependência de idosos (N.º) por Local de residência (NUTS - 2013); Anual - INE, Estimativas anuais da população residente"
1840207;Cuba;38.9;2014;0008259;"Índice de dependência de idosos (N.º) por Local de residência (NUTS - 2013); Anual - INE, Estimativas anuais da população residente"
1701512;Setúbal;39;2014;0008259;"Índice de dependência de idosos (N.º) por Local de residência (NUTS - 2013); Anual - INE, Estimativas anuais da população residente"
16G1823;Viseu;39.1;2014;0008259;"Índice de dependência de idosos (N.º) por Local de residência (NUTS - 2013); Anual - INE, Estimativas anuais da população residente"
16I1408;Constância;39.4;2014;0008259;"Índice de dependência de idosos (N.º) por Local de residência (NUTS - 2013); Anual - INE, Estimativas anuais da população residente"
16D0108;Estarreja;39.5;2014;0008259;"Índice de dependência de idosos (N.º) por Local de residência (NUTS - 2013); Anual - INE, Estimativas anuais da população residente"
1111607;Ponte de Lima;39.6;2014;0008259;"Índice de dependência de idosos (N.º) por Local de residência (NUTS - 2013); Anual - INE, Estimativas anuais da população residente"
11C0305;Celorico de Basto;39.6;2014;0008259;"Índice de dependência de idosos (N.º) por Local de residência (NUTS - 2013); Anual - INE, Estimativas anuais da população residente"
1701503;Almada;39.6;2014;0008259;"Índice de dependência de idosos (N.º) por Local de residência (NUTS - 2013); Anual - INE, Estimativas anuais da população residente"
1701110;Oeiras;39.8;2014;0008259;"Índice de dependência de idosos (N.º) por Local de residência (NUTS - 2013); Anual - INE, Estimativas anuais da população residente"
16G1810;Oliveira de Frades;40.1;2014;0008259;"Índice de dependência de idosos (N.º) por Local de residência (NUTS - 2013); Anual - INE, Estimativas anuais da população residente"
1851406;Cartaxo;40.2;2014;0008259;"Índice de dependência de idosos (N.º) por Local de residência (NUTS - 2013); Anual - INE, Estimativas anuais da população residente"
11D1820;Tarouca;40.3;2014;0008259;"Índice de dependência de idosos (N.º) por Local de residência (NUTS - 2013); Anual - INE, Estimativas anuais da população residente"
16B1108;Lourinhã;40.4;2014;0008259;"Índice de dependência de idosos (N.º) por Local de residência (NUTS - 2013); Anual - INE, Estimativas anuais da população residente"
1500813;Silves;40.5;2014;0008259;"Índice de dependência de idosos (N.º) por Local de residência (NUTS - 2013); Anual - INE, Estimativas anuais da população residente"
3003101;Calheta;40.5;2014;0008259;"Índice de dependência de idosos (N.º) por Local de residência (NUTS - 2013); Anual - INE, Estimativas anuais da população residente"
16F1016;Porto de Mós;40.7;2014;0008259;"Índice de dependência de idosos (N.º) por Local de residência (NUTS - 2013); Anual - INE, Estimativas anuais da população residente"
11A0104;Arouca;40.8;2014;0008259;"Índice de dependência de idosos (N.º) por Local de residência (NUTS - 2013); Anual - INE, Estimativas anuais da população residente"
1861207;Elvas;40.8;2014;0008259;"Índice de dependência de idosos (N.º) por Local de residência (NUTS - 2013); Anual - INE, Estimativas anuais da população residente"
1870713;Viana do Alentejo;40.9;2014;0008259;"Índice de dependência de idosos (N.º) por Local de residência (NUTS - 2013); Anual - INE, Estimativas anuais da população residente"
11A1312;Porto;41.2;2014;0008259;"Índice de dependência de idosos (N.º) por Local de residência (NUTS - 2013); Anual - INE, Estimativas anuais da população residente"
185;Lezíria do Tejo;41.2;2014;0008259;"Índice de dependência de idosos (N.º) por Local de residência (NUTS - 2013); Anual - INE, Estimativas anuais da população residente"
1851403;Almeirim;41.2;2014;0008259;"Índice de dependência de idosos (N.º) por Local de residência (NUTS - 2013); Anual - INE, Estimativas anuais da população residente"
11A1314;Santo Tirso;41.3;2014;0008259;"Índice de dependência de idosos (N.º) por Local de residência (NUTS - 2013); Anual - INE, Estimativas anuais da população residente"
16F;Região de Leiria;41.5;2014;0008259;"Índice de dependência de idosos (N.º) por Local de residência (NUTS - 2013); Anual - INE, Estimativas anuais da população residente"
16B1006;Caldas da Rainha;41.6;2014;0008259;"Índice de dependência de idosos (N.º) por Local de residência (NUTS - 2013); Anual - INE, Estimativas anuais da população residente"
16E0617;Vila Nova de Poiares;41.7;2014;0008259;"Índice de dependência de idosos (N.º) por Local de residência (NUTS - 2013); Anual - INE, Estimativas anuais da população residente"
1500807;Lagos;42;2014;0008259;"Índice de dependência de idosos (N.º) por Local de residência (NUTS - 2013); Anual - INE, Estimativas anuais da população residente"
16J0907;Guarda;42;2014;0008259;"Índice de dependência de idosos (N.º) por Local de residência (NUTS - 2013); Anual - INE, Estimativas anuais da população residente"
1701504;Barreiro;42.1;2014;0008259;"Índice de dependência de idosos (N.º) por Local de residência (NUTS - 2013); Anual - INE, Estimativas anuais da população residente"
16B1001;Alcobaça;42.2;2014;0008259;"Índice de dependência de idosos (N.º) por Local de residência (NUTS - 2013); Anual - INE, Estimativas anuais da população residente"
16E0603;Coimbra;42.2;2014;0008259;"Índice de dependência de idosos (N.º) por Local de residência (NUTS - 2013); Anual - INE, Estimativas anuais da população residente"
16B1012;Óbidos;42.5;2014;0008259;"Índice de dependência de idosos (N.º) por Local de residência (NUTS - 2013); Anual - INE, Estimativas anuais da população residente"
11C1813;Resende;42.7;2014;0008259;"Índice de dependência de idosos (N.º) por Local de residência (NUTS - 2013); Anual - INE, Estimativas anuais da população residente"
1500812;São Brás de Alportel;42.7;2014;0008259;"Índice de dependência de idosos (N.º) por Local de residência (NUTS - 2013); Anual - INE, Estimativas anuais da população residente"
181;Alentejo Litoral;42.7;2014;0008259;"Índice de dependência de idosos (N.º) por Local de residência (NUTS - 2013); Anual - INE, Estimativas anuais da população residente"
1111609;Viana do Castelo;43;2014;0008259;"Índice de dependência de idosos (N.º) por Local de residência (NUTS - 2013); Anual - INE, Estimativas anuais da população residente"
16D0101;Águeda;43;2014;0008259;"Índice de dependência de idosos (N.º) por Local de residência (NUTS - 2013); Anual - INE, Estimativas anuais da população residente"
1840214;Vidigueira;43;2014;0008259;"Índice de dependência de idosos (N.º) por Local de residência (NUTS - 2013); Anual - INE, Estimativas anuais da população residente"
1851416;Santarém;43;2014;0008259;"Índice de dependência de idosos (N.º) por Local de residência (NUTS - 2013); Anual - INE, Estimativas anuais da população residente"
11C1804;Cinfães;43.1;2014;0008259;"Índice de dependência de idosos (N.º) por Local de residência (NUTS - 2013); Anual - INE, Estimativas anuais da população residente"
1851415;Salvaterra de Magos;43.1;2014;0008259;"Índice de dependência de idosos (N.º) por Local de residência (NUTS - 2013); Anual - INE, Estimativas anuais da população residente"
16B1011;Nazaré;43.2;2014;0008259;"Índice de dependência de idosos (N.º) por Local de residência (NUTS - 2013); Anual - INE, Estimativas anuais da população residente"
16E0111;Mealhada;43.2;2014;0008259;"Índice de dependência de idosos (N.º) por Local de residência (NUTS - 2013); Anual - INE, Estimativas anuais da população residente"
16E0610;Montemor-o-Velho;43.2;2014;0008259;"Índice de dependência de idosos (N.º) por Local de residência (NUTS - 2013); Anual - INE, Estimativas anuais da população residente"
16E0609;Miranda do Corvo;43.3;2014;0008259;"Índice de dependência de idosos (N.º) por Local de residência (NUTS - 2013); Anual - INE, Estimativas anuais da população residente"
1111610;Vila Nova de Cerveira;43.4;2014;0008259;"Índice de dependência de idosos (N.º) por Local de residência (NUTS - 2013); Anual - INE, Estimativas anuais da população residente"
16B1014;Peniche;43.4;2014;0008259;"Índice de dependência de idosos (N.º) por Local de residência (NUTS - 2013); Anual - INE, Estimativas anuais da população residente"
16I1420;Vila Nova da Barquinha;43.4;2014;0008259;"Índice de dependência de idosos (N.º) por Local de residência (NUTS - 2013); Anual - INE, Estimativas anuais da população residente"
1111608;Valença;43.6;2014;0008259;"Índice de dependência de idosos (N.º) por Local de residência (NUTS - 2013); Anual - INE, Estimativas anuais da população residente"
1500803;Aljezur;43.6;2014;0008259;"Índice de dependência de idosos (N.º) por Local de residência (NUTS - 2013); Anual - INE, Estimativas anuais da população residente"
1840206;Castro Verde;43.6;2014;0008259;"Índice de dependência de idosos (N.º) por Local de residência (NUTS - 2013); Anual - INE, Estimativas anuais da população residente"
1870711;Reguengos de Monsaraz;43.6;2014;0008259;"Índice de dependência de idosos (N.º) por Local de residência (NUTS - 2013); Anual - INE, Estimativas anuais da população residente"
16I1421;Ourém;43.7;2014;0008259;"Índice de dependência de idosos (N.º) por Local de residência (NUTS - 2013); Anual - INE, Estimativas anuais da população residente"
11D1805;Lamego;44.1;2014;0008259;"Índice de dependência de idosos (N.º) por Local de residência (NUTS - 2013); Anual - INE, Estimativas anuais da população residente"
16B1005;Bombarral;44.1;2014;0008259;"Índice de dependência de idosos (N.º) por Local de residência (NUTS - 2013); Anual - INE, Estimativas anuais da população residente"
18;Alentejo;44.1;2014;0008259;"Índice de dependência de idosos (N.º) por Local de residência (NUTS - 2013); Anual - INE, Estimativas anuais da população residente"
3003110;São Vicente;44.3;2014;0008259;"Índice de dependência de idosos (N.º) por Local de residência (NUTS - 2013); Anual - INE, Estimativas anuais da população residente"
1500816;Vila Real de Santo António;44.4;2014;0008259;"Índice de dependência de idosos (N.º) por Local de residência (NUTS - 2013); Anual - INE, Estimativas anuais da população residente"
187;Alentejo Central;44.6;2014;0008259;"Índice de dependência de idosos (N.º) por Local de residência (NUTS - 2013); Anual - INE, Estimativas anuais da população residente"
1870710;Redondo;44.7;2014;0008259;"Índice de dependência de idosos (N.º) por Local de residência (NUTS - 2013); Anual - INE, Estimativas anuais da população residente"
1870714;Vila Viçosa;44.8;2014;0008259;"Índice de dependência de idosos (N.º) por Local de residência (NUTS - 2013); Anual - INE, Estimativas anuais da população residente"
16;Centro;45;2014;0008259;"Índice de dependência de idosos (N.º) por Local de residência (NUTS - 2013); Anual - INE, Estimativas anuais da população residente"
1500815;Vila do Bispo;45.3;2014;0008259;"Índice de dependência de idosos (N.º) por Local de residência (NUTS - 2013); Anual - INE, Estimativas anuais da população residente"
184;Baixo Alentejo;45.3;2014;0008259;"Índice de dependência de idosos (N.º) por Local de residência (NUTS - 2013); Anual - INE, Estimativas anuais da população residente"
1870702;Arraiolos;45.4;2014;0008259;"Índice de dependência de idosos (N.º) por Local de residência (NUTS - 2013); Anual - INE, Estimativas anuais da população residente"
1811505;Grândola;45.6;2014;0008259;"Índice de dependência de idosos (N.º) por Local de residência (NUTS - 2013); Anual - INE, Estimativas anuais da população residente"
1870709;Portel;45.6;2014;0008259;"Índice de dependência de idosos (N.º) por Local de residência (NUTS - 2013); Anual - INE, Estimativas anuais da população residente"
1870708;Mourão;45.8;2014;0008259;"Índice de dependência de idosos (N.º) por Local de residência (NUTS - 2013); Anual - INE, Estimativas anuais da população residente"
11D1708;Peso da Régua;45.9;2014;0008259;"Índice de dependência de idosos (N.º) por Local de residência (NUTS - 2013); Anual - INE, Estimativas anuais da população residente"
1840210;Moura;45.9;2014;0008259;"Índice de dependência de idosos (N.º) por Local de residência (NUTS - 2013); Anual - INE, Estimativas anuais da população residente"
1851412;Golegã;46;2014;0008259;"Índice de dependência de idosos (N.º) por Local de residência (NUTS - 2013); Anual - INE, Estimativas anuais da população residente"
3003106;Porto Moniz;46.3;2014;0008259;"Índice de dependência de idosos (N.º) por Local de residência (NUTS - 2013); Anual - INE, Estimativas anuais da população residente"
1840203;Alvito;46.5;2014;0008259;"Índice de dependência de idosos (N.º) por Local de residência (NUTS - 2013); Anual - INE, Estimativas anuais da população residente"
1840208;Ferreira do Alentejo;46.5;2014;0008259;"Índice de dependência de idosos (N.º) por Local de residência (NUTS - 2013); Anual - INE, Estimativas anuais da população residente"
11D1704;Mesão Frio;46.6;2014;0008259;"Índice de dependência de idosos (N.º) por Local de residência (NUTS - 2013); Anual - INE, Estimativas anuais da população residente"
16E;Região de Coimbra;46.8;2014;0008259;"Índice de dependência de idosos (N.º) por Local de residência (NUTS - 2013); Anual - INE, Estimativas anuais da população residente"
1861211;Monforte;47;2014;0008259;"Índice de dependência de idosos (N.º) por Local de residência (NUTS - 2013); Anual - INE, Estimativas anuais da população residente"
11D1815;São João da Pesqueira;47.1;2014;0008259;"Índice de dependência de idosos (N.º) por Local de residência (NUTS - 2013); Anual - INE, Estimativas anuais da população residente"
1851404;Alpiarça;47.1;2014;0008259;"Índice de dependência de idosos (N.º) por Local de residência (NUTS - 2013); Anual - INE, Estimativas anuais da população residente"
11E0402;Bragança;47.2;2014;0008259;"Índice de dependência de idosos (N.º) por Local de residência (NUTS - 2013); Anual - INE, Estimativas anuais da população residente"
1861214;Portalegre;47.6;2014;0008259;"Índice de dependência de idosos (N.º) por Local de residência (NUTS - 2013); Anual - INE, Estimativas anuais da população residente"
1870704;Estremoz;47.6;2014;0008259;"Índice de dependência de idosos (N.º) por Local de residência (NUTS - 2013); Anual - INE, Estimativas anuais da população residente"
16I1419;Torres Novas;47.7;2014;0008259;"Índice de dependência de idosos (N.º) por Local de residência (NUTS - 2013); Anual - INE, Estimativas anuais da população residente"
11A0107;Espinho;47.8;2014;0008259;"Índice de dependência de idosos (N.º) por Local de residência (NUTS - 2013); Anual - INE, Estimativas anuais da população residente"
1840213;Serpa;47.8;2014;0008259;"Índice de dependência de idosos (N.º) por Local de residência (NUTS - 2013); Anual - INE, Estimativas anuais da população residente"
16E0605;Figueira da Foz;48.1;2014;0008259;"Índice de dependência de idosos (N.º) por Local de residência (NUTS - 2013); Anual - INE, Estimativas anuais da população residente"
3003109;Santana;48.1;2014;0008259;"Índice de dependência de idosos (N.º) por Local de residência (NUTS - 2013); Anual - INE, Estimativas anuais da população residente"
111;Alto Minho;48.2;2014;0008259;"Índice de dependência de idosos (N.º) por Local de residência (NUTS - 2013); Anual - INE, Estimativas anuais da população residente"
16H0502;Castelo Branco;48.4;2014;0008259;"Índice de dependência de idosos (N.º) por Local de residência (NUTS - 2013); Anual - INE, Estimativas anuais da população residente"
1870703;Borba;48.4;2014;0008259;"Índice de dependência de idosos (N.º) por Local de residência (NUTS - 2013); Anual - INE, Estimativas anuais da população residente"
1191705;Mondim de Basto;48.5;2014;0008259;"Índice de dependência de idosos (N.º) por Local de residência (NUTS - 2013); Anual - INE, Estimativas anuais da população residente"
16G;Viseu Dão Lafões;48.6;2014;0008259;"Índice de dependência de idosos (N.º) por Local de residência (NUTS - 2013); Anual - INE, Estimativas anuais da população residente"
16I;Médio Tejo;48.7;2014;0008259;"Índice de dependência de idosos (N.º) por Local de residência (NUTS - 2013); Anual - INE, Estimativas anuais da população residente"
16E0611;Oliveira do Hospital;48.8;2014;0008259;"Índice de dependência de idosos (N.º) por Local de residência (NUTS - 2013); Anual - INE, Estimativas anuais da população residente"
1840201;Aljustrel;48.8;2014;0008259;"Índice de dependência de idosos (N.º) por Local de residência (NUTS - 2013); Anual - INE, Estimativas anuais da população residente"
16I1402;Alcanena;48.9;2014;0008259;"Índice de dependência de idosos (N.º) por Local de residência (NUTS - 2013); Anual - INE, Estimativas anuais da população residente"
11A0119;Vale de Cambra;49;2014;0008259;"Índice de dependência de idosos (N.º) por Local de residência (NUTS - 2013); Anual - INE, Estimativas anuais da população residente"
16B1104;Cadaval;49;2014;0008259;"Índice de dependência de idosos (N.º) por Local de residência (NUTS - 2013); Anual - INE, Estimativas anuais da população residente"
1870712;Vendas Novas;49.2;2014;0008259;"Índice de dependência de idosos (N.º) por Local de residência (NUTS - 2013); Anual - INE, Estimativas anuais da população residente"
11D;Douro;49.5;2014;0008259;"Índice de dependência de idosos (N.º) por Local de residência (NUTS - 2013); Anual - INE, Estimativas anuais da população residente"
16F1015;Pombal;49.9;2014;0008259;"Índice de dependência de idosos (N.º) por Local de residência (NUTS - 2013); Anual - INE, Estimativas anuais da população residente"
16D0103;Anadia;50.3;2014;0008259;"Índice de dependência de idosos (N.º) por Local de residência (NUTS - 2013); Anual - INE, Estimativas anuais da população residente"
1120310;Terras de Bouro;50.7;2014;0008259;"Índice de dependência de idosos (N.º) por Local de residência (NUTS - 2013); Anual - INE, Estimativas anuais da população residente"
186;Alto Alentejo;50.7;2014;0008259;"Índice de dependência de idosos (N.º) por Local de residência (NUTS - 2013); Anual - INE, Estimativas anuais da população residente"
11D1801;Armamar;50.9;2014;0008259;"Índice de dependência de idosos (N.º) por Local de residência (NUTS - 2013); Anual - INE, Estimativas anuais da população residente"
1111606;Ponte da Barca;51.1;2014;0008259;"Índice de dependência de idosos (N.º) por Local de residência (NUTS - 2013); Anual - INE, Estimativas anuais da população residente"
16E0616;Tábua;51.1;2014;0008259;"Índice de dependência de idosos (N.º) por Local de residência (NUTS - 2013); Anual - INE, Estimativas anuais da população residente"
1111602;Caminha;51.2;2014;0008259;"Índice de dependência de idosos (N.º) por Local de residência (NUTS - 2013); Anual - INE, Estimativas anuais da população residente"
1861202;Arronches;51.2;2014;0008259;"Índice de dependência de idosos (N.º) por Local de residência (NUTS - 2013); Anual - INE, Estimativas anuais da população residente"
1870706;Montemor-o-Novo;51.2;2014;0008259;"Índice de dependência de idosos (N.º) por Local de residência (NUTS - 2013); Anual - INE, Estimativas anuais da população residente"
16G1806;Mangualde;51.3;2014;0008259;"Índice de dependência de idosos (N.º) por Local de residência (NUTS - 2013); Anual - INE, Estimativas anuais da população residente"
1861213;Ponte de Sor;51.4;2014;0008259;"Índice de dependência de idosos (N.º) por Local de residência (NUTS - 2013); Anual - INE, Estimativas anuais da população residente"
1500814;Tavira;51.8;2014;0008259;"Índice de dependência de idosos (N.º) por Local de residência (NUTS - 2013); Anual - INE, Estimativas anuais da população residente"
16D0117;Sever do Vouga;51.8;2014;0008259;"Índice de dependência de idosos (N.º) por Local de residência (NUTS - 2013); Anual - INE, Estimativas anuais da população residente"
16I1417;Sardoal;51.8;2014;0008259;"Índice de dependência de idosos (N.º) por Local de residência (NUTS - 2013); Anual - INE, Estimativas anuais da população residente"
1811509;Santiago do Cacém;51.8;2014;0008259;"Índice de dependência de idosos (N.º) por Local de residência (NUTS - 2013); Anual - INE, Estimativas anuais da população residente"
1870701;Alandroal;51.8;2014;0008259;"Índice de dependência de idosos (N.º) por Local de residência (NUTS - 2013); Anual - INE, Estimativas anuais da população residente"
11D1807;Moimenta da Beira;51.9;2014;0008259;"Índice de dependência de idosos (N.º) por Local de residência (NUTS - 2013); Anual - INE, Estimativas anuais da população residente"
1861215;Sousel;52;2014;0008259;"Índice de dependência de idosos (N.º) por Local de residência (NUTS - 2013); Anual - INE, Estimativas anuais da população residente"
16E0614;Penela;52.3;2014;0008259;"Índice de dependência de idosos (N.º) por Local de residência (NUTS - 2013); Anual - INE, Estimativas anuais da população residente"
16J0503;Covilhã;52.4;2014;0008259;"Índice de dependência de idosos (N.º) por Local de residência (NUTS - 2013); Anual - INE, Estimativas anuais da população residente"
16E0602;Cantanhede;52.6;2014;0008259;"Índice de dependência de idosos (N.º) por Local de residência (NUTS - 2013); Anual - INE, Estimativas anuais da população residente"
16E0608;Mira;52.8;2014;0008259;"Índice de dependência de idosos (N.º) por Local de residência (NUTS - 2013); Anual - INE, Estimativas anuais da população residente"
1111605;Paredes de Coura;52.9;2014;0008259;"Índice de dependência de idosos (N.º) por Local de residência (NUTS - 2013); Anual - INE, Estimativas anuais da população residente"
16I1418;Tomar;53;2014;0008259;"Índice de dependência de idosos (N.º) por Local de residência (NUTS - 2013); Anual - INE, Estimativas anuais da população residente"
1190311;Vieira do Minho;53.2;2014;0008259;"Índice de dependência de idosos (N.º) por Local de residência (NUTS - 2013); Anual - INE, Estimativas anuais da população residente"
1861208;Fronteira;53.4;2014;0008259;"Índice de dependência de idosos (N.º) por Local de residência (NUTS - 2013); Anual - INE, Estimativas anuais da população residente"
16G1817;Sátão;53.7;2014;0008259;"Índice de dependência de idosos (N.º) por Local de residência (NUTS - 2013); Anual - INE, Estimativas anuais da população residente"
16G1809;Nelas;53.9;2014;0008259;"Índice de dependência de idosos (N.º) por Local de residência (NUTS - 2013); Anual - INE, Estimativas anuais da população residente"
1851407;Chamusca;54.3;2014;0008259;"Índice de dependência de idosos (N.º) por Local de residência (NUTS - 2013); Anual - INE, Estimativas anuais da população residente"
16I1401;Abrantes;54.5;2014;0008259;"Índice de dependência de idosos (N.º) por Local de residência (NUTS - 2013); Anual - INE, Estimativas anuais da população residente"
16G1824;Vouzela;54.6;2014;0008259;"Índice de dependência de idosos (N.º) por Local de residência (NUTS - 2013); Anual - INE, Estimativas anuais da população residente"
16I1411;Ferreira do Zêzere;54.7;2014;0008259;"Índice de dependência de idosos (N.º) por Local de residência (NUTS - 2013); Anual - INE, Estimativas anuais da população residente"
11D1818;Sernancelhe;54.8;2014;0008259;"Índice de dependência de idosos (N.º) por Local de residência (NUTS - 2013); Anual - INE, Estimativas anuais da população residente"
16I0509;Sertã;55.3;2014;0008259;"Índice de dependência de idosos (N.º) por Local de residência (NUTS - 2013); Anual - INE, Estimativas anuais da população residente"
1500804;Castro Marim;55.9;2014;0008259;"Índice de dependência de idosos (N.º) por Local de residência (NUTS - 2013); Anual - INE, Estimativas anuais da população residente"
1861201;Alter do Chão;56;2014;0008259;"Índice de dependência de idosos (N.º) por Local de residência (NUTS - 2013); Anual - INE, Estimativas anuais da população residente"
16F1003;Ansião;56.2;2014;0008259;"Índice de dependência de idosos (N.º) por Local de residência (NUTS - 2013); Anual - INE, Estimativas anuais da população residente"
16G1822;Vila Nova de Paiva;56.2;2014;0008259;"Índice de dependência de idosos (N.º) por Local de residência (NUTS - 2013); Anual - INE, Estimativas anuais da população residente"
16G1821;Tondela;56.5;2014;0008259;"Índice de dependência de idosos (N.º) por Local de residência (NUTS - 2013); Anual - INE, Estimativas anuais da população residente"
11B1709;Ribeira de Pena;56.6;2014;0008259;"Índice de dependência de idosos (N.º) por Local de residência (NUTS - 2013); Anual - INE, Estimativas anuais da população residente"
16G1802;Carregal do Sal;56.6;2014;0008259;"Índice de dependência de idosos (N.º) por Local de residência (NUTS - 2013); Anual - INE, Estimativas anuais da população residente"
1840202;Almodôvar;56.6;2014;0008259;"Índice de dependência de idosos (N.º) por Local de residência (NUTS - 2013); Anual - INE, Estimativas anuais da população residente"
16J0501;Belmonte;56.8;2014;0008259;"Índice de dependência de idosos (N.º) por Local de residência (NUTS - 2013); Anual - INE, Estimativas anuais da população residente"
1811501;Alcácer do Sal;56.9;2014;0008259;"Índice de dependência de idosos (N.º) por Local de residência (NUTS - 2013); Anual - INE, Estimativas anuais da população residente"
11D1711;Santa Marta de Penaguião;57.7;2014;0008259;"Índice de dependência de idosos (N.º) por Local de residência (NUTS - 2013); Anual - INE, Estimativas anuais da população residente"
11D1819;Tabuaço;57.7;2014;0008259;"Índice de dependência de idosos (N.º) por Local de residência (NUTS - 2013); Anual - INE, Estimativas anuais da população residente"
16E0613;Penacova;57.7;2014;0008259;"Índice de dependência de idosos (N.º) por Local de residência (NUTS - 2013); Anual - INE, Estimativas anuais da população residente"
1861203;Avis;57.7;2014;0008259;"Índice de dependência de idosos (N.º) por Local de residência (NUTS - 2013); Anual - INE, Estimativas anuais da população residente"
16G1803;Castro Daire;57.8;2014;0008259;"Índice de dependência de idosos (N.º) por Local de residência (NUTS - 2013); Anual - INE, Estimativas anuais da população residente"
16G1814;Santa Comba Dão;57.8;2014;0008259;"Índice de dependência de idosos (N.º) por Local de residência (NUTS - 2013); Anual - INE, Estimativas anuais da população residente"
11D1710;Sabrosa;57.9;2014;0008259;"Índice de dependência de idosos (N.º) por Local de residência (NUTS - 2013); Anual - INE, Estimativas anuais da população residente"
16J0504;Fundão;57.9;2014;0008259;"Índice de dependência de idosos (N.º) por Local de residência (NUTS - 2013); Anual - INE, Estimativas anuais da população residente"
11E0407;Mirandela;58.4;2014;0008259;"Índice de dependência de idosos (N.º) por Local de residência (NUTS - 2013); Anual - INE, Estimativas anuais da população residente"
16E0601;Arganil;58.8;2014;0008259;"Índice de dependência de idosos (N.º) por Local de residência (NUTS - 2013); Anual - INE, Estimativas anuais da população residente"
1840212;Ourique;58.8;2014;0008259;"Índice de dependência de idosos (N.º) por Local de residência (NUTS - 2013); Anual - INE, Estimativas anuais da população residente"
16G1816;São Pedro do Sul;58.9;2014;0008259;"Índice de dependência de idosos (N.º) por Local de residência (NUTS - 2013); Anual - INE, Estimativas anuais da população residente"
1851409;Coruche;58.9;2014;0008259;"Índice de dependência de idosos (N.º) por Local de residência (NUTS - 2013); Anual - INE, Estimativas anuais da população residente"
16J;Beiras e Serra da Estrela;59.2;2014;0008259;"Índice de dependência de idosos (N.º) por Local de residência (NUTS - 2013); Anual - INE, Estimativas anuais da população residente"
11D1701;Alijó;59.3;2014;0008259;"Índice de dependência de idosos (N.º) por Local de residência (NUTS - 2013); Anual - INE, Estimativas anuais da população residente"
16H;Beira Baixa;59.3;2014;0008259;"Índice de dependência de idosos (N.º) por Local de residência (NUTS - 2013); Anual - INE, Estimativas anuais da população residente"
11B1703;Chaves;59.6;2014;0008259;"Índice de dependência de idosos (N.º) por Local de residência (NUTS - 2013); Anual - INE, Estimativas anuais da população residente"
1861210;Marvão;60.2;2014;0008259;"Índice de dependência de idosos (N.º) por Local de residência (NUTS - 2013); Anual - INE, Estimativas anuais da população residente"
16E0615;Soure;60.7;2014;0008259;"Índice de dependência de idosos (N.º) por Local de residência (NUTS - 2013); Anual - INE, Estimativas anuais da população residente"
16F1013;Pedrógão Grande;60.9;2014;0008259;"Índice de dependência de idosos (N.º) por Local de residência (NUTS - 2013); Anual - INE, Estimativas anuais da população residente"
11E;Terras de Trás-os-Montes;61.3;2014;0008259;"Índice de dependência de idosos (N.º) por Local de residência (NUTS - 2013); Anual - INE, Estimativas anuais da população residente"
11D1812;Penedono;61.4;2014;0008259;"Índice de dependência de idosos (N.º) por Local de residência (NUTS - 2013); Anual - INE, Estimativas anuais da população residente"
1861205;Castelo de Vide;61.4;2014;0008259;"Índice de dependência de idosos (N.º) por Local de residência (NUTS - 2013); Anual - INE, Estimativas anuais da população residente"
1500809;Monchique;61.7;2014;0008259;"Índice de dependência de idosos (N.º) por Local de residência (NUTS - 2013); Anual - INE, Estimativas anuais da população residente"
1111604;Monção;61.8;2014;0008259;"Índice de dependência de idosos (N.º) por Local de residência (NUTS - 2013); Anual - INE, Estimativas anuais da população residente"
11E0405;Macedo de Cavaleiros;63.6;2014;0008259;"Índice de dependência de idosos (N.º) por Local de residência (NUTS - 2013); Anual - INE, Estimativas anuais da população residente"
16G1811;Penalva do Castelo;63.8;2014;0008259;"Índice de dependência de idosos (N.º) por Local de residência (NUTS - 2013); Anual - INE, Estimativas anuais da população residente"
16J0905;Fornos de Algodres;64;2014;0008259;"Índice de dependência de idosos (N.º) por Local de residência (NUTS - 2013); Anual - INE, Estimativas anuais da população residente"
16J0912;Seia;64.3;2014;0008259;"Índice de dependência de idosos (N.º) por Local de residência (NUTS - 2013); Anual - INE, Estimativas anuais da população residente"
16F1008;Figueiró dos Vinhos;64.6;2014;0008259;"Índice de dependência de idosos (N.º) por Local de residência (NUTS - 2013); Anual - INE, Estimativas anuais da população residente"
11B1713;Vila Pouca de Aguiar;64.7;2014;0008259;"Índice de dependência de idosos (N.º) por Local de residência (NUTS - 2013); Anual - INE, Estimativas anuais da população residente"
11E0410;Vila Flor;65.2;2014;0008259;"Índice de dependência de idosos (N.º) por Local de residência (NUTS - 2013); Anual - INE, Estimativas anuais da população residente"
11D1707;Murça;65.7;2014;0008259;"Índice de dependência de idosos (N.º) por Local de residência (NUTS - 2013); Anual - INE, Estimativas anuais da população residente"
16F1007;Castanheira de Pêra;65.9;2014;0008259;"Índice de dependência de idosos (N.º) por Local de residência (NUTS - 2013); Anual - INE, Estimativas anuais da população residente"
16J0903;Celorico da Beira;65.9;2014;0008259;"Índice de dependência de idosos (N.º) por Local de residência (NUTS - 2013); Anual - INE, Estimativas anuais da população residente"
16E1808;Mortágua;66.3;2014;0008259;"Índice de dependência de idosos (N.º) por Local de residência (NUTS - 2013); Anual - INE, Estimativas anuais da população residente"
11B;Alto Tâmega;66.4;2014;0008259;"Índice de dependência de idosos (N.º) por Local de residência (NUTS - 2013); Anual - INE, Estimativas anuais da população residente"
16F1002;Alvaiázere;66.7;2014;0008259;"Índice de dependência de idosos (N.º) por Local de residência (NUTS - 2013); Anual - INE, Estimativas anuais da população residente"
1111601;Arcos de Valdevez;66.8;2014;0008259;"Índice de dependência de idosos (N.º) por Local de residência (NUTS - 2013); Anual - INE, Estimativas anuais da população residente"
1840209;Mértola;66.8;2014;0008259;"Índice de dependência de idosos (N.º) por Local de residência (NUTS - 2013); Anual - INE, Estimativas anuais da população residente"
1861206;Crato;67.1;2014;0008259;"Índice de dependência de idosos (N.º) por Local de residência (NUTS - 2013); Anual - INE, Estimativas anuais da população residente"
11D0914;Vila Nova de Foz Côa;67.6;2014;0008259;"Índice de dependência de idosos (N.º) por Local de residência (NUTS - 2013); Anual - INE, Estimativas anuais da população residente"
16E0606;Góis;68.4;2014;0008259;"Índice de dependência de idosos (N.º) por Local de residência (NUTS - 2013); Anual - INE, Estimativas anuais da população residente"
16J0913;Trancoso;68.4;2014;0008259;"Índice de dependência de idosos (N.º) por Local de residência (NUTS - 2013); Anual - INE, Estimativas anuais da população residente"
16G0901;Aguiar da Beira;69.2;2014;0008259;"Índice de dependência de idosos (N.º) por Local de residência (NUTS - 2013); Anual - INE, Estimativas anuais da população residente"
16J0908;Manteigas;70;2014;0008259;"Índice de dependência de idosos (N.º) por Local de residência (NUTS - 2013); Anual - INE, Estimativas anuais da população residente"
1870707;Mora;70.3;2014;0008259;"Índice de dependência de idosos (N.º) por Local de residência (NUTS - 2013); Anual - INE, Estimativas anuais da população residente"
11E0401;Alfândega da Fé;70.7;2014;0008259;"Índice de dependência de idosos (N.º) por Local de residência (NUTS - 2013); Anual - INE, Estimativas anuais da população residente"
16I0510;Vila de Rei;71.4;2014;0008259;"Índice de dependência de idosos (N.º) por Local de residência (NUTS - 2013); Anual - INE, Estimativas anuais da população residente"
11D0404;Freixo de Espada à Cinta;71.5;2014;0008259;"Índice de dependência de idosos (N.º) por Local de residência (NUTS - 2013); Anual - INE, Estimativas anuais da população residente"
16H0508;Proença-a-Nova;72.2;2014;0008259;"Índice de dependência de idosos (N.º) por Local de residência (NUTS - 2013); Anual - INE, Estimativas anuais da população residente"
16J0904;Figueira de Castelo Rodrigo;72.5;2014;0008259;"Índice de dependência de idosos (N.º) por Local de residência (NUTS - 2013); Anual - INE, Estimativas anuais da população residente"
11D0403;Carrazeda de Ansiães;72.7;2014;0008259;"Índice de dependência de idosos (N.º) por Local de residência (NUTS - 2013); Anual - INE, Estimativas anuais da população residente"
16J0909;Mêda;72.7;2014;0008259;"Índice de dependência de idosos (N.º) por Local de residência (NUTS - 2013); Anual - INE, Estimativas anuais da população residente"
16J0906;Gouveia;73.3;2014;0008259;"Índice de dependência de idosos (N.º) por Local de residência (NUTS - 2013); Anual - INE, Estimativas anuais da população residente"
11B1702;Boticas;73.4;2014;0008259;"Índice de dependência de idosos (N.º) por Local de residência (NUTS - 2013); Anual - INE, Estimativas anuais da população residente"
11E0408;Mogadouro;74;2014;0008259;"Índice de dependência de idosos (N.º) por Local de residência (NUTS - 2013); Anual - INE, Estimativas anuais da população residente"
16J0910;Pinhel;74.5;2014;0008259;"Índice de dependência de idosos (N.º) por Local de residência (NUTS - 2013); Anual - INE, Estimativas anuais da população residente"
1861212;Nisa;76.4;2014;0008259;"Índice de dependência de idosos (N.º) por Local de residência (NUTS - 2013); Anual - INE, Estimativas anuais da população residente"
11E0406;Miranda do Douro;77.9;2014;0008259;"Índice de dependência de idosos (N.º) por Local de residência (NUTS - 2013); Anual - INE, Estimativas anuais da população residente"
11B1706;Montalegre;79;2014;0008259;"Índice de dependência de idosos (N.º) por Local de residência (NUTS - 2013); Anual - INE, Estimativas anuais da população residente"
16I1413;Mação;79.8;2014;0008259;"Índice de dependência de idosos (N.º) por Local de residência (NUTS - 2013); Anual - INE, Estimativas anuais da população residente"
1861209;Gavião;80.2;2014;0008259;"Índice de dependência de idosos (N.º) por Local de residência (NUTS - 2013); Anual - INE, Estimativas anuais da população residente"
11B1712;Valpaços;81;2014;0008259;"Índice de dependência de idosos (N.º) por Local de residência (NUTS - 2013); Anual - INE, Estimativas anuais da população residente"
11D0409;Torre de Moncorvo;81.9;2014;0008259;"Índice de dependência de idosos (N.º) por Local de residência (NUTS - 2013); Anual - INE, Estimativas anuais da população residente"
16H0505;Idanha-a-Nova;82.2;2014;0008259;"Índice de dependência de idosos (N.º) por Local de residência (NUTS - 2013); Anual - INE, Estimativas anuais da população residente"
16H0507;Penamacor;87.4;2014;0008259;"Índice de dependência de idosos (N.º) por Local de residência (NUTS - 2013); Anual - INE, Estimativas anuais da população residente"
1111603;Melgaço;88.3;2014;0008259;"Índice de dependência de idosos (N.º) por Local de residência (NUTS - 2013); Anual - INE, Estimativas anuais da população residente"
11E0411;Vimioso;88.3;2014;0008259;"Índice de dependência de idosos (N.º) por Local de residência (NUTS - 2013); Anual - INE, Estimativas anuais da população residente"
16H0511;Vila Velha de Ródão;88.9;2014;0008259;"Índice de dependência de idosos (N.º) por Local de residência (NUTS - 2013); Anual - INE, Estimativas anuais da população residente"
16J0902;Almeida;90.2;2014;0008259;"Índice de dependência de idosos (N.º) por Local de residência (NUTS - 2013); Anual - INE, Estimativas anuais da população residente"
16J0911;Sabugal;92.2;2014;0008259;"Índice de dependência de idosos (N.º) por Local de residência (NUTS - 2013); Anual - INE, Estimativas anuais da população residente"
16E0612;Pampilhosa da Serra;93.6;2014;0008259;"Índice de dependência de idosos (N.º) por Local de residência (NUTS - 2013); Anual - INE, Estimativas anuais da população residente"
16H0506;Oleiros;94;2014;0008259;"Índice de dependência de idosos (N.º) por Local de residência (NUTS - 2013); Anual - INE, Estimativas anuais da população residente"
11E0412;Vinhais;95.6;2014;0008259;"Índice de dependência de idosos (N.º) por Local de residência (NUTS - 2013); Anual - INE, Estimativas anuais da população residente"
1500802;Alcoutim;97.6;2014;0008259;"Índice de dependência de idosos (N.º) por Local de residência (NUTS - 2013); Anual - INE, Estimativas anuais da população residente"
2004205;Ribeira Grande;16.7;2015;0008259;"Índice de dependência de idosos (N.º) por Local de residência (NUTS - 2013); Anual - INE, Estimativas anuais da população residente"
2004201;Lagoa;19;2015;0008259;"Índice de dependência de idosos (N.º) por Local de residência (NUTS - 2013); Anual - INE, Estimativas anuais da população residente"
3003108;Santa Cruz;22;2015;0008259;"Índice de dependência de idosos (N.º) por Local de residência (NUTS - 2013); Anual - INE, Estimativas anuais da população residente"
3003102;Câmara de Lobos;23;2015;0008259;"Índice de dependência de idosos (N.º) por Local de residência (NUTS - 2013); Anual - INE, Estimativas anuais da população residente"
2004203;Ponta Delgada;23.3;2015;0008259;"Índice de dependência de idosos (N.º) por Local de residência (NUTS - 2013); Anual - INE, Estimativas anuais da população residente"
2004206;Vila Franca do Campo;23.3;2015;0008259;"Índice de dependência de idosos (N.º) por Local de residência (NUTS - 2013); Anual - INE, Estimativas anuais da população residente"
11C1305;Lousada;24.2;2015;0008259;"Índice de dependência de idosos (N.º) por Local de residência (NUTS - 2013); Anual - INE, Estimativas anuais da população residente"
11C1309;Paços de Ferreira;25.5;2015;0008259;"Índice de dependência de idosos (N.º) por Local de residência (NUTS - 2013); Anual - INE, Estimativas anuais da população residente"
2;Região Autónoma dos Açores;25.6;2015;0008259;"Índice de dependência de idosos (N.º) por Local de residência (NUTS - 2013); Anual - INE, Estimativas anuais da população residente"
20;Região Autónoma dos Açores;25.6;2015;0008259;"Índice de dependência de idosos (N.º) por Local de residência (NUTS - 2013); Anual - INE, Estimativas anuais da população residente"
200;Região Autónoma dos Açores;25.6;2015;0008259;"Índice de dependência de idosos (N.º) por Local de residência (NUTS - 2013); Anual - INE, Estimativas anuais da população residente"
11A1310;Paredes;25.9;2015;0008259;"Índice de dependência de idosos (N.º) por Local de residência (NUTS - 2013); Anual - INE, Estimativas anuais da população residente"
2004204;Povoação;26.1;2015;0008259;"Índice de dependência de idosos (N.º) por Local de residência (NUTS - 2013); Anual - INE, Estimativas anuais da população residente"
2004901;Corvo;27.2;2015;0008259;"Índice de dependência de idosos (N.º) por Local de residência (NUTS - 2013); Anual - INE, Estimativas anuais da população residente"
3003201;Porto Santo;27.2;2015;0008259;"Índice de dependência de idosos (N.º) por Local de residência (NUTS - 2013); Anual - INE, Estimativas anuais da população residente"
2004101;Vila do Porto;27.3;2015;0008259;"Índice de dependência de idosos (N.º) por Local de residência (NUTS - 2013); Anual - INE, Estimativas anuais da população residente"
1701502;Alcochete;27.4;2015;0008259;"Índice de dependência de idosos (N.º) por Local de residência (NUTS - 2013); Anual - INE, Estimativas anuais da população residente"
1701109;Mafra;27.8;2015;0008259;"Índice de dependência de idosos (N.º) por Local de residência (NUTS - 2013); Anual - INE, Estimativas anuais da população residente"
1190314;Vizela;28.1;2015;0008259;"Índice de dependência de idosos (N.º) por Local de residência (NUTS - 2013); Anual - INE, Estimativas anuais da população residente"
11C1311;Penafiel;28.4;2015;0008259;"Índice de dependência de idosos (N.º) por Local de residência (NUTS - 2013); Anual - INE, Estimativas anuais da população residente"
1500801;Albufeira;28.5;2015;0008259;"Índice de dependência de idosos (N.º) por Local de residência (NUTS - 2013); Anual - INE, Estimativas anuais da população residente"
16B1102;Arruda dos Vinhos;28.5;2015;0008259;"Índice de dependência de idosos (N.º) por Local de residência (NUTS - 2013); Anual - INE, Estimativas anuais da população residente"
1701111;Sintra;28.5;2015;0008259;"Índice de dependência de idosos (N.º) por Local de residência (NUTS - 2013); Anual - INE, Estimativas anuais da população residente"
2004802;Santa Cruz das Flores;28.6;2015;0008259;"Índice de dependência de idosos (N.º) por Local de residência (NUTS - 2013); Anual - INE, Estimativas anuais da população residente"
1701507;Montijo;28.8;2015;0008259;"Índice de dependência de idosos (N.º) por Local de residência (NUTS - 2013); Anual - INE, Estimativas anuais da população residente"
11C1307;Marco de Canaveses;29;2015;0008259;"Índice de dependência de idosos (N.º) por Local de residência (NUTS - 2013); Anual - INE, Estimativas anuais da população residente"
1120303;Braga;29.4;2015;0008259;"Índice de dependência de idosos (N.º) por Local de residência (NUTS - 2013); Anual - INE, Estimativas anuais da população residente"
2004302;Vila da Praia da Vitória;29.4;2015;0008259;"Índice de dependência de idosos (N.º) por Local de residência (NUTS - 2013); Anual - INE, Estimativas anuais da população residente"
11C1303;Felgueiras;29.6;2015;0008259;"Índice de dependência de idosos (N.º) por Local de residência (NUTS - 2013); Anual - INE, Estimativas anuais da população residente"
2004602;Madalena;30;2015;0008259;"Índice de dependência de idosos (N.º) por Local de residência (NUTS - 2013); Anual - INE, Estimativas anuais da população residente"
1701114;Vila Franca de Xira;30.2;2015;0008259;"Índice de dependência de idosos (N.º) por Local de residência (NUTS - 2013); Anual - INE, Estimativas anuais da população residente"
16B1112;Sobral de Monte Agraço;30.3;2015;0008259;"Índice de dependência de idosos (N.º) por Local de residência (NUTS - 2013); Anual - INE, Estimativas anuais da população residente"
1851405;Benavente;30.4;2015;0008259;"Índice de dependência de idosos (N.º) por Local de residência (NUTS - 2013); Anual - INE, Estimativas anuais da população residente"
2004301;Angra do Heroísmo;30.4;2015;0008259;"Índice de dependência de idosos (N.º) por Local de residência (NUTS - 2013); Anual - INE, Estimativas anuais da população residente"
11A1306;Maia;30.6;2015;0008259;"Índice de dependência de idosos (N.º) por Local de residência (NUTS - 2013); Anual - INE, Estimativas anuais da população residente"
11C;Tâmega e Sousa;30.7;2015;0008259;"Índice de dependência de idosos (N.º) por Local de residência (NUTS - 2013); Anual - INE, Estimativas anuais da população residente"
11A1315;Valongo;30.9;2015;0008259;"Índice de dependência de idosos (N.º) por Local de residência (NUTS - 2013); Anual - INE, Estimativas anuais da população residente"
16B1101;Alenquer;30.9;2015;0008259;"Índice de dependência de idosos (N.º) por Local de residência (NUTS - 2013); Anual - INE, Estimativas anuais da população residente"
3;Região Autónoma da Madeira;31.2;2015;0008259;"Índice de dependência de idosos (N.º) por Local de residência (NUTS - 2013); Anual - INE, Estimativas anuais da população residente"
30;Região Autónoma da Madeira;31.2;2015;0008259;"Índice de dependência de idosos (N.º) por Local de residência (NUTS - 2013); Anual - INE, Estimativas anuais da população residente"
300;Região Autónoma da Madeira;31.2;2015;0008259;"Índice de dependência de idosos (N.º) por Local de residência (NUTS - 2013); Anual - INE, Estimativas anuais da população residente"
2004202;Nordeste;31.4;2015;0008259;"Índice de dependência de idosos (N.º) por Local de residência (NUTS - 2013); Anual - INE, Estimativas anuais da população residente"
112;Cávado;31.5;2015;0008259;"Índice de dependência de idosos (N.º) por Local de residência (NUTS - 2013); Anual - INE, Estimativas anuais da população residente"
1120306;Esposende;31.9;2015;0008259;"Índice de dependência de idosos (N.º) por Local de residência (NUTS - 2013); Anual - INE, Estimativas anuais da população residente"
11A1318;Trofa;31.9;2015;0008259;"Índice de dependência de idosos (N.º) por Local de residência (NUTS - 2013); Anual - INE, Estimativas anuais da população residente"
2004701;Horta;31.9;2015;0008259;"Índice de dependência de idosos (N.º) por Local de residência (NUTS - 2013); Anual - INE, Estimativas anuais da população residente"
3003107;Ribeira Brava;31.9;2015;0008259;"Índice de dependência de idosos (N.º) por Local de residência (NUTS - 2013); Anual - INE, Estimativas anuais da população residente"
2004502;Velas;32;2015;0008259;"Índice de dependência de idosos (N.º) por Local de residência (NUTS - 2013); Anual - INE, Estimativas anuais da população residente"
1120302;Barcelos;32.2;2015;0008259;"Índice de dependência de idosos (N.º) por Local de residência (NUTS - 2013); Anual - INE, Estimativas anuais da população residente"
1701511;Sesimbra;32.2;2015;0008259;"Índice de dependência de idosos (N.º) por Local de residência (NUTS - 2013); Anual - INE, Estimativas anuais da população residente"
2004801;Lajes das Flores;32.2;2015;0008259;"Índice de dependência de idosos (N.º) por Local de residência (NUTS - 2013); Anual - INE, Estimativas anuais da população residente"
1190312;Vila Nova de Famalicão;32.3;2015;0008259;"Índice de dependência de idosos (N.º) por Local de residência (NUTS - 2013); Anual - INE, Estimativas anuais da população residente"
3003105;Ponta do Sol;32.3;2015;0008259;"Índice de dependência de idosos (N.º) por Local de residência (NUTS - 2013); Anual - INE, Estimativas anuais da população residente"
16I1410;Entroncamento;32.4;2015;0008259;"Índice de dependência de idosos (N.º) por Local de residência (NUTS - 2013); Anual - INE, Estimativas anuais da população residente"
11A1316;Vila do Conde;32.6;2015;0008259;"Índice de dependência de idosos (N.º) por Local de residência (NUTS - 2013); Anual - INE, Estimativas anuais da população residente"
11A1313;Póvoa de Varzim;32.8;2015;0008259;"Índice de dependência de idosos (N.º) por Local de residência (NUTS - 2013); Anual - INE, Estimativas anuais da população residente"
1701508;Palmela;33;2015;0008259;"Índice de dependência de idosos (N.º) por Local de residência (NUTS - 2013); Anual - INE, Estimativas anuais da população residente"
1810211;Odemira;33.1;2015;0008259;"Índice de dependência de idosos (N.º) por Local de residência (NUTS - 2013); Anual - INE, Estimativas anuais da população residente"
3003104;Machico;33.1;2015;0008259;"Índice de dependência de idosos (N.º) por Local de residência (NUTS - 2013); Anual - INE, Estimativas anuais da população residente"
1190308;Guimarães;33.3;2015;0008259;"Índice de dependência de idosos (N.º) por Local de residência (NUTS - 2013); Anual - INE, Estimativas anuais da população residente"
2004603;São Roque do Pico;33.3;2015;0008259;"Índice de dependência de idosos (N.º) por Local de residência (NUTS - 2013); Anual - INE, Estimativas anuais da população residente"
11C0106;Castelo de Paiva;33.5;2015;0008259;"Índice de dependência de idosos (N.º) por Local de residência (NUTS - 2013); Anual - INE, Estimativas anuais da população residente"
16D0105;Aveiro;33.8;2015;0008259;"Índice de dependência de idosos (N.º) por Local de residência (NUTS - 2013); Anual - INE, Estimativas anuais da população residente"
2004401;Santa Cruz da Graciosa;34;2015;0008259;"Índice de dependência de idosos (N.º) por Local de residência (NUTS - 2013); Anual - INE, Estimativas anuais da população residente"
16D0110;Ílhavo;34.1;2015;0008259;"Índice de dependência de idosos (N.º) por Local de residência (NUTS - 2013); Anual - INE, Estimativas anuais da população residente"
119;Ave;34.3;2015;0008259;"Índice de dependência de idosos (N.º) por Local de residência (NUTS - 2013); Anual - INE, Estimativas anuais da população residente"
1701116;Odivelas;34.3;2015;0008259;"Índice de dependência de idosos (N.º) por Local de residência (NUTS - 2013); Anual - INE, Estimativas anuais da população residente"
1120301;Amares;34.5;2015;0008259;"Índice de dependência de idosos (N.º) por Local de residência (NUTS - 2013); Anual - INE, Estimativas anuais da população residente"
1120313;Vila Verde;34.7;2015;0008259;"Índice de dependência de idosos (N.º) por Local de residência (NUTS - 2013); Anual - INE, Estimativas anuais da população residente"
11A0109;Santa Maria da Feira;34.8;2015;0008259;"Índice de dependência de idosos (N.º) por Local de residência (NUTS - 2013); Anual - INE, Estimativas anuais da população residente"
17;Área Metropolitana de Lisboa;34.9;2015;0008259;"Índice de dependência de idosos (N.º) por Local de residência (NUTS - 2013); Anual - INE, Estimativas anuais da população residente"
170;Área Metropolitana de Lisboa;34.9;2015;0008259;"Índice de dependência de idosos (N.º) por Local de residência (NUTS - 2013); Anual - INE, Estimativas anuais da população residente"
3003103;Funchal;34.9;2015;0008259;"Índice de dependência de idosos (N.º) por Local de residência (NUTS - 2013); Anual - INE, Estimativas anuais da população residente"
11A1317;Vila Nova de Gaia;35.1;2015;0008259;"Índice de dependência de idosos (N.º) por Local de residência (NUTS - 2013); Anual - INE, Estimativas anuais da população residente"
11A1304;Gondomar;35.2;2015;0008259;"Índice de dependência de idosos (N.º) por Local de residência (NUTS - 2013); Anual - INE, Estimativas anuais da população residente"
16D0115;Ovar;35.2;2015;0008259;"Índice de dependência de idosos (N.º) por Local de residência (NUTS - 2013); Anual - INE, Estimativas anuais da população residente"
11A0116;São João da Madeira;35.5;2015;0008259;"Índice de dependência de idosos (N.º) por Local de residência (NUTS - 2013); Anual - INE, Estimativas anuais da população residente"
1500805;Faro;35.5;2015;0008259;"Índice de dependência de idosos (N.º) por Local de residência (NUTS - 2013); Anual - INE, Estimativas anuais da população residente"
16B1113;Torres Vedras;35.5;2015;0008259;"Índice de dependência de idosos (N.º) por Local de residência (NUTS - 2013); Anual - INE, Estimativas anuais da população residente"
11A;Área Metropolitana do Porto;35.6;2015;0008259;"Índice de dependência de idosos (N.º) por Local de residência (NUTS - 2013); Anual - INE, Estimativas anuais da população residente"
1840204;Barrancos;35.6;2015;0008259;"Índice de dependência de idosos (N.º) por Local de residência (NUTS - 2013); Anual - INE, Estimativas anuais da população residente"
1701506;Moita;35.7;2015;0008259;"Índice de dependência de idosos (N.º) por Local de residência (NUTS - 2013); Anual - INE, Estimativas anuais da população residente"
1701510;Seixal;35.8;2015;0008259;"Índice de dependência de idosos (N.º) por Local de residência (NUTS - 2013); Anual - INE, Estimativas anuais da população residente"
1500811;Portimão;35.9;2015;0008259;"Índice de dependência de idosos (N.º) por Local de residência (NUTS - 2013); Anual - INE, Estimativas anuais da população residente"
16E0604;Condeixa-a-Nova;35.9;2015;0008259;"Índice de dependência de idosos (N.º) por Local de residência (NUTS - 2013); Anual - INE, Estimativas anuais da população residente"
1190309;Póvoa de Lanhoso;36.2;2015;0008259;"Índice de dependência de idosos (N.º) por Local de residência (NUTS - 2013); Anual - INE, Estimativas anuais da população residente"
1851103;Azambuja;36.2;2015;0008259;"Índice de dependência de idosos (N.º) por Local de residência (NUTS - 2013); Anual - INE, Estimativas anuais da população residente"
16D0102;Albergaria-a-Velha;36.4;2015;0008259;"Índice de dependência de idosos (N.º) por Local de residência (NUTS - 2013); Anual - INE, Estimativas anuais da população residente"
16F1009;Leiria;36.4;2015;0008259;"Índice de dependência de idosos (N.º) por Local de residência (NUTS - 2013); Anual - INE, Estimativas anuais da população residente"
1701107;Loures;36.4;2015;0008259;"Índice de dependência de idosos (N.º) por Local de residência (NUTS - 2013); Anual - INE, Estimativas anuais da população residente"
1701106;Lisboa;36.5;2015;0008259;"Índice de dependência de idosos (N.º) por Local de residência (NUTS - 2013); Anual - INE, Estimativas anuais da população residente"
1701115;Amadora;36.5;2015;0008259;"Índice de dependência de idosos (N.º) por Local de residência (NUTS - 2013); Anual - INE, Estimativas anuais da população residente"
16D0114;Oliveira do Bairro;36.7;2015;0008259;"Índice de dependência de idosos (N.º) por Local de residência (NUTS - 2013); Anual - INE, Estimativas anuais da população residente"
16E0607;Lousã;37;2015;0008259;"Índice de dependência de idosos (N.º) por Local de residência (NUTS - 2013); Anual - INE, Estimativas anuais da população residente"
11;Norte;37.1;2015;0008259;"Índice de dependência de idosos (N.º) por Local de residência (NUTS - 2013); Anual - INE, Estimativas anuais da população residente"
11C1301;Amarante;37.1;2015;0008259;"Índice de dependência de idosos (N.º) por Local de residência (NUTS - 2013); Anual - INE, Estimativas anuais da população residente"
1701105;Cascais;37.1;2015;0008259;"Índice de dependência de idosos (N.º) por Local de residência (NUTS - 2013); Anual - INE, Estimativas anuais da população residente"
16F1010;Marinha Grande;37.3;2015;0008259;"Índice de dependência de idosos (N.º) por Local de residência (NUTS - 2013); Anual - INE, Estimativas anuais da população residente"
1811513;Sines;37.4;2015;0008259;"Índice de dependência de idosos (N.º) por Local de residência (NUTS - 2013); Anual - INE, Estimativas anuais da população residente"
11C1302;Baião;37.5;2015;0008259;"Índice de dependência de idosos (N.º) por Local de residência (NUTS - 2013); Anual - INE, Estimativas anuais da população residente"
1840205;Beja;37.5;2015;0008259;"Índice de dependência de idosos (N.º) por Local de residência (NUTS - 2013); Anual - INE, Estimativas anuais da população residente"
16F1004;Batalha;37.6;2015;0008259;"Índice de dependência de idosos (N.º) por Local de residência (NUTS - 2013); Anual - INE, Estimativas anuais da população residente"
1190304;Cabeceiras de Basto;37.7;2015;0008259;"Índice de dependência de idosos (N.º) por Local de residência (NUTS - 2013); Anual - INE, Estimativas anuais da população residente"
1500810;Olhão;37.7;2015;0008259;"Índice de dependência de idosos (N.º) por Local de residência (NUTS - 2013); Anual - INE, Estimativas anuais da população residente"
2004501;Calheta;37.7;2015;0008259;"Índice de dependência de idosos (N.º) por Local de residência (NUTS - 2013); Anual - INE, Estimativas anuais da população residente"
1851414;Rio Maior;37.8;2015;0008259;"Índice de dependência de idosos (N.º) por Local de residência (NUTS - 2013); Anual - INE, Estimativas anuais da população residente"
11A1308;Matosinhos;38;2015;0008259;"Índice de dependência de idosos (N.º) por Local de residência (NUTS - 2013); Anual - INE, Estimativas anuais da população residente"
16D;Região de Aveiro;38;2015;0008259;"Índice de dependência de idosos (N.º) por Local de residência (NUTS - 2013); Anual - INE, Estimativas anuais da população residente"
1500806;Lagoa;38.2;2015;0008259;"Índice de dependência de idosos (N.º) por Local de residência (NUTS - 2013); Anual - INE, Estimativas anuais da população residente"
PT;Portugal;38.2;2015;0008259;"Índice de dependência de idosos (N.º) por Local de residência (NUTS - 2013); Anual - INE, Estimativas anuais da população residente"
1500808;Loulé;38.3;2015;0008259;"Índice de dependência de idosos (N.º) por Local de residência (NUTS - 2013); Anual - INE, Estimativas anuais da população residente"
16B;Oeste;38.5;2015;0008259;"Índice de dependência de idosos (N.º) por Local de residência (NUTS - 2013); Anual - INE, Estimativas anuais da população residente"
1861204;Campo Maior;38.5;2015;0008259;"Índice de dependência de idosos (N.º) por Local de residência (NUTS - 2013); Anual - INE, Estimativas anuais da população residente"
11A0113;Oliveira de Azeméis;38.6;2015;0008259;"Índice de dependência de idosos (N.º) por Local de residência (NUTS - 2013); Anual - INE, Estimativas anuais da população residente"
16D0118;Vagos;38.6;2015;0008259;"Índice de dependência de idosos (N.º) por Local de residência (NUTS - 2013); Anual - INE, Estimativas anuais da população residente"
1870705;Évora;38.6;2015;0008259;"Índice de dependência de idosos (N.º) por Local de residência (NUTS - 2013); Anual - INE, Estimativas anuais da população residente"
2004601;Lajes do Pico;38.6;2015;0008259;"Índice de dependência de idosos (N.º) por Local de residência (NUTS - 2013); Anual - INE, Estimativas anuais da população residente"
1;Continente;38.7;2015;0008259;"Índice de dependência de idosos (N.º) por Local de residência (NUTS - 2013); Anual - INE, Estimativas anuais da população residente"
11D1714;Vila Real;38.8;2015;0008259;"Índice de dependência de idosos (N.º) por Local de residência (NUTS - 2013); Anual - INE, Estimativas anuais da população residente"
15;Algarve;38.8;2015;0008259;"Índice de dependência de idosos (N.º) por Local de residência (NUTS - 2013); Anual - INE, Estimativas anuais da população residente"
150;Algarve;38.8;2015;0008259;"Índice de dependência de idosos (N.º) por Local de residência (NUTS - 2013); Anual - INE, Estimativas anuais da população residente"
1190307;Fafe;38.9;2015;0008259;"Índice de dependência de idosos (N.º) por Local de residência (NUTS - 2013); Anual - INE, Estimativas anuais da população residente"
16D0112;Murtosa;38.9;2015;0008259;"Índice de dependência de idosos (N.º) por Local de residência (NUTS - 2013); Anual - INE, Estimativas anuais da população residente"
1840207;Cuba;38.9;2015;0008259;"Índice de dependência de idosos (N.º) por Local de residência (NUTS - 2013); Anual - INE, Estimativas anuais da população residente"
1701512;Setúbal;39;2015;0008259;"Índice de dependência de idosos (N.º) por Local de residência (NUTS - 2013); Anual - INE, Estimativas anuais da população residente"
16G1823;Viseu;39.1;2015;0008259;"Índice de dependência de idosos (N.º) por Local de residência (NUTS - 2013); Anual - INE, Estimativas anuais da população residente"
16I1408;Constância;39.4;2015;0008259;"Índice de dependência de idosos (N.º) por Local de residência (NUTS - 2013); Anual - INE, Estimativas anuais da população residente"
16D0108;Estarreja;39.5;2015;0008259;"Índice de dependência de idosos (N.º) por Local de residência (NUTS - 2013); Anual - INE, Estimativas anuais da população residente"
1111607;Ponte de Lima;39.6;2015;0008259;"Índice de dependência de idosos (N.º) por Local de residência (NUTS - 2013); Anual - INE, Estimativas anuais da população residente"
11C0305;Celorico de Basto;39.6;2015;0008259;"Índice de dependência de idosos (N.º) por Local de residência (NUTS - 2013); Anual - INE, Estimativas anuais da população residente"
1701503;Almada;39.6;2015;0008259;"Índice de dependência de idosos (N.º) por Local de residência (NUTS - 2013); Anual - INE, Estimativas anuais da população residente"
1701110;Oeiras;39.8;2015;0008259;"Índice de dependência de idosos (N.º) por Local de residência (NUTS - 2013); Anual - INE, Estimativas anuais da população residente"
16G1810;Oliveira de Frades;40.1;2015;0008259;"Índice de dependência de idosos (N.º) por Local de residência (NUTS - 2013); Anual - INE, Estimativas anuais da população residente"
1851406;Cartaxo;40.2;2015;0008259;"Índice de dependência de idosos (N.º) por Local de residência (NUTS - 2013); Anual - INE, Estimativas anuais da população residente"
11D1820;Tarouca;40.3;2015;0008259;"Índice de dependência de idosos (N.º) por Local de residência (NUTS - 2013); Anual - INE, Estimativas anuais da população residente"
16B1108;Lourinhã;40.4;2015;0008259;"Índice de dependência de idosos (N.º) por Local de residência (NUTS - 2013); Anual - INE, Estimativas anuais da população residente"
1500813;Silves;40.5;2015;0008259;"Índice de dependência de idosos (N.º) por Local de residência (NUTS - 2013); Anual - INE, Estimativas anuais da população residente"
3003101;Calheta;40.5;2015;0008259;"Índice de dependência de idosos (N.º) por Local de residência (NUTS - 2013); Anual - INE, Estimativas anuais da população residente"
16F1016;Porto de Mós;40.7;2015;0008259;"Índice de dependência de idosos (N.º) por Local de residência (NUTS - 2013); Anual - INE, Estimativas anuais da população residente"
11A0104;Arouca;40.8;2015;0008259;"Índice de dependência de idosos (N.º) por Local de residência (NUTS - 2013); Anual - INE, Estimativas anuais da população residente"
1861207;Elvas;40.8;2015;0008259;"Índice de dependência de idosos (N.º) por Local de residência (NUTS - 2013); Anual - INE, Estimativas anuais da população residente"
1870713;Viana do Alentejo;40.9;2015;0008259;"Índice de dependência de idosos (N.º) por Local de residência (NUTS - 2013); Anual - INE, Estimativas anuais da população residente"
11A1312;Porto;41.2;2015;0008259;"Índice de dependência de idosos (N.º) por Local de residência (NUTS - 2013); Anual - INE, Estimativas anuais da população residente"
185;Lezíria do Tejo;41.2;2015;0008259;"Índice de dependência de idosos (N.º) por Local de residência (NUTS - 2013); Anual - INE, Estimativas anuais da população residente"
1851403;Almeirim;41.2;2015;0008259;"Índice de dependência de idosos (N.º) por Local de residência (NUTS - 2013); Anual - INE, Estimativas anuais da população residente"
11A1314;Santo Tirso;41.3;2015;0008259;"Índice de dependência de idosos (N.º) por Local de residência (NUTS - 2013); Anual - INE, Estimativas anuais da população residente"
16F;Região de Leiria;41.5;2015;0008259;"Índice de dependência de idosos (N.º) por Local de residência (NUTS - 2013); Anual - INE, Estimativas anuais da população residente"
16B1006;Caldas da Rainha;41.6;2015;0008259;"Índice de dependência de idosos (N.º) por Local de residência (NUTS - 2013); Anual - INE, Estimativas anuais da população residente"
16E0617;Vila Nova de Poiares;41.7;2015;0008259;"Índice de dependência de idosos (N.º) por Local de residência (NUTS - 2013); Anual - INE, Estimativas anuais da população residente"
1500807;Lagos;42;2015;0008259;"Índice de dependência de idosos (N.º) por Local de residência (NUTS - 2013); Anual - INE, Estimativas anuais da população residente"
16J0907;Guarda;42;2015;0008259;"Índice de dependência de idosos (N.º) por Local de residência (NUTS - 2013); Anual - INE, Estimativas anuais da população residente"
1701504;Barreiro;42.1;2015;0008259;"Índice de dependência de idosos (N.º) por Local de residência (NUTS - 2013); Anual - INE, Estimativas anuais da população residente"
16B1001;Alcobaça;42.2;2015;0008259;"Índice de dependência de idosos (N.º) por Local de residência (NUTS - 2013); Anual - INE, Estimativas anuais da população residente"
16E0603;Coimbra;42.2;2015;0008259;"Índice de dependência de idosos (N.º) por Local de residência (NUTS - 2013); Anual - INE, Estimativas anuais da população residente"
16B1012;Óbidos;42.5;2015;0008259;"Índice de dependência de idosos (N.º) por Local de residência (NUTS - 2013); Anual - INE, Estimativas anuais da população residente"
11C1813;Resende;42.7;2015;0008259;"Índice de dependência de idosos (N.º) por Local de residência (NUTS - 2013); Anual - INE, Estimativas anuais da população residente"
1500812;São Brás de Alportel;42.7;2015;0008259;"Índice de dependência de idosos (N.º) por Local de residência (NUTS - 2013); Anual - INE, Estimativas anuais da população residente"
181;Alentejo Litoral;42.7;2015;0008259;"Índice de dependência de idosos (N.º) por Local de residência (NUTS - 2013); Anual - INE, Estimativas anuais da população residente"
1111609;Viana do Castelo;43;2015;0008259;"Índice de dependência de idosos (N.º) por Local de residência (NUTS - 2013); Anual - INE, Estimativas anuais da população residente"
16D0101;Águeda;43;2015;0008259;"Índice de dependência de idosos (N.º) por Local de residência (NUTS - 2013); Anual - INE, Estimativas anuais da população residente"
1840214;Vidigueira;43;2015;0008259;"Índice de dependência de idosos (N.º) por Local de residência (NUTS - 2013); Anual - INE, Estimativas anuais da população residente"
1851416;Santarém;43;2015;0008259;"Índice de dependência de idosos (N.º) por Local de residência (NUTS - 2013); Anual - INE, Estimativas anuais da população residente"
11C1804;Cinfães;43.1;2015;0008259;"Índice de dependência de idosos (N.º) por Local de residência (NUTS - 2013); Anual - INE, Estimativas anuais da população residente"
1851415;Salvaterra de Magos;43.1;2015;0008259;"Índice de dependência de idosos (N.º) por Local de residência (NUTS - 2013); Anual - INE, Estimativas anuais da população residente"
16B1011;Nazaré;43.2;2015;0008259;"Índice de dependência de idosos (N.º) por Local de residência (NUTS - 2013); Anual - INE, Estimativas anuais da população residente"
16E0111;Mealhada;43.2;2015;0008259;"Índice de dependência de idosos (N.º) por Local de residência (NUTS - 2013); Anual - INE, Estimativas anuais da população residente"
16E0610;Montemor-o-Velho;43.2;2015;0008259;"Índice de dependência de idosos (N.º) por Local de residência (NUTS - 2013); Anual - INE, Estimativas anuais da população residente"
16E0609;Miranda do Corvo;43.3;2015;0008259;"Índice de dependência de idosos (N.º) por Local de residência (NUTS - 2013); Anual - INE, Estimativas anuais da população residente"
1111610;Vila Nova de Cerveira;43.4;2015;0008259;"Índice de dependência de idosos (N.º) por Local de residência (NUTS - 2013); Anual - INE, Estimativas anuais da população residente"
16B1014;Peniche;43.4;2015;0008259;"Índice de dependência de idosos (N.º) por Local de residência (NUTS - 2013); Anual - INE, Estimativas anuais da população residente"
16I1420;Vila Nova da Barquinha;43.4;2015;0008259;"Índice de dependência de idosos (N.º) por Local de residência (NUTS - 2013); Anual - INE, Estimativas anuais da população residente"
1111608;Valença;43.6;2015;0008259;"Índice de dependência de idosos (N.º) por Local de residência (NUTS - 2013); Anual - INE, Estimativas anuais da população residente"
1500803;Aljezur;43.6;2015;0008259;"Índice de dependência de idosos (N.º) por Local de residência (NUTS - 2013); Anual - INE, Estimativas anuais da população residente"
1840206;Castro Verde;43.6;2015;0008259;"Índice de dependência de idosos (N.º) por Local de residência (NUTS - 2013); Anual - INE, Estimativas anuais da população residente"
1870711;Reguengos de Monsaraz;43.6;2015;0008259;"Índice de dependência de idosos (N.º) por Local de residência (NUTS - 2013); Anual - INE, Estimativas anuais da população residente"
16I1421;Ourém;43.7;2015;0008259;"Índice de dependência de idosos (N.º) por Local de residência (NUTS - 2013); Anual - INE, Estimativas anuais da população residente"
11D1805;Lamego;44.1;2015;0008259;"Índice de dependência de idosos (N.º) por Local de residência (NUTS - 2013); Anual - INE, Estimativas anuais da população residente"
16B1005;Bombarral;44.1;2015;0008259;"Índice de dependência de idosos (N.º) por Local de residência (NUTS - 2013); Anual - INE, Estimativas anuais da população residente"
18;Alentejo;44.1;2015;0008259;"Índice de dependência de idosos (N.º) por Local de residência (NUTS - 2013); Anual - INE, Estimativas anuais da população residente"
3003110;São Vicente;44.3;2015;0008259;"Índice de dependência de idosos (N.º) por Local de residência (NUTS - 2013); Anual - INE, Estimativas anuais da população residente"
1500816;Vila Real de Santo António;44.4;2015;0008259;"Índice de dependência de idosos (N.º) por Local de residência (NUTS - 2013); Anual - INE, Estimativas anuais da população residente"
187;Alentejo Central;44.6;2015;0008259;"Índice de dependência de idosos (N.º) por Local de residência (NUTS - 2013); Anual - INE, Estimativas anuais da população residente"
1870710;Redondo;44.7;2015;0008259;"Índice de dependência de idosos (N.º) por Local de residência (NUTS - 2013); Anual - INE, Estimativas anuais da população residente"
1870714;Vila Viçosa;44.8;2015;0008259;"Índice de dependência de idosos (N.º) por Local de residência (NUTS - 2013); Anual - INE, Estimativas anuais da população residente"
16;Centro;45;2015;0008259;"Índice de dependência de idosos (N.º) por Local de residência (NUTS - 2013); Anual - INE, Estimativas anuais da população residente"
1500815;Vila do Bispo;45.3;2015;0008259;"Índice de dependência de idosos (N.º) por Local de residência (NUTS - 2013); Anual - INE, Estimativas anuais da população residente"
184;Baixo Alentejo;45.3;2015;0008259;"Índice de dependência de idosos (N.º) por Local de residência (NUTS - 2013); Anual - INE, Estimativas anuais da população residente"
1870702;Arraiolos;45.4;2015;0008259;"Índice de dependência de idosos (N.º) por Local de residência (NUTS - 2013); Anual - INE, Estimativas anuais da população residente"
1811505;Grândola;45.6;2015;0008259;"Índice de dependência de idosos (N.º) por Local de residência (NUTS - 2013); Anual - INE, Estimativas anuais da população residente"
1870709;Portel;45.6;2015;0008259;"Índice de dependência de idosos (N.º) por Local de residência (NUTS - 2013); Anual - INE, Estimativas anuais da população residente"
1870708;Mourão;45.8;2015;0008259;"Índice de dependência de idosos (N.º) por Local de residência (NUTS - 2013); Anual - INE, Estimativas anuais da população residente"
11D1708;Peso da Régua;45.9;2015;0008259;"Índice de dependência de idosos (N.º) por Local de residência (NUTS - 2013); Anual - INE, Estimativas anuais da população residente"
1840210;Moura;45.9;2015;0008259;"Índice de dependência de idosos (N.º) por Local de residência (NUTS - 2013); Anual - INE, Estimativas anuais da população residente"
1851412;Golegã;46;2015;0008259;"Índice de dependência de idosos (N.º) por Local de residência (NUTS - 2013); Anual - INE, Estimativas anuais da população residente"
3003106;Porto Moniz;46.3;2015;0008259;"Índice de dependência de idosos (N.º) por Local de residência (NUTS - 2013); Anual - INE, Estimativas anuais da população residente"
1840203;Alvito;46.5;2015;0008259;"Índice de dependência de idosos (N.º) por Local de residência (NUTS - 2013); Anual - INE, Estimativas anuais da população residente"
1840208;Ferreira do Alentejo;46.5;2015;0008259;"Índice de dependência de idosos (N.º) por Local de residência (NUTS - 2013); Anual - INE, Estimativas anuais da população residente"
11D1704;Mesão Frio;46.6;2015;0008259;"Índice de dependência de idosos (N.º) por Local de residência (NUTS - 2013); Anual - INE, Estimativas anuais da população residente"
16E;Região de Coimbra;46.8;2015;0008259;"Índice de dependência de idosos (N.º) por Local de residência (NUTS - 2013); Anual - INE, Estimativas anuais da população residente"
1861211;Monforte;47;2015;0008259;"Índice de dependência de idosos (N.º) por Local de residência (NUTS - 2013); Anual - INE, Estimativas anuais da população residente"
11D1815;São João da Pesqueira;47.1;2015;0008259;"Índice de dependência de idosos (N.º) por Local de residência (NUTS - 2013); Anual - INE, Estimativas anuais da população residente"
1851404;Alpiarça;47.1;2015;0008259;"Índice de dependência de idosos (N.º) por Local de residência (NUTS - 2013); Anual - INE, Estimativas anuais da população residente"
11E0402;Bragança;47.2;2015;0008259;"Índice de dependência de idosos (N.º) por Local de residência (NUTS - 2013); Anual - INE, Estimativas anuais da população residente"
1861214;Portalegre;47.6;2015;0008259;"Índice de dependência de idosos (N.º) por Local de residência (NUTS - 2013); Anual - INE, Estimativas anuais da população residente"
1870704;Estremoz;47.6;2015;0008259;"Índice de dependência de idosos (N.º) por Local de residência (NUTS - 2013); Anual - INE, Estimativas anuais da população residente"
16I1419;Torres Novas;47.7;2015;0008259;"Índice de dependência de idosos (N.º) por Local de residência (NUTS - 2013); Anual - INE, Estimativas anuais da população residente"
11A0107;Espinho;47.8;2015;0008259;"Índice de dependência de idosos (N.º) por Local de residência (NUTS - 2013); Anual - INE, Estimativas anuais da população residente"
1840213;Serpa;47.8;2015;0008259;"Índice de dependência de idosos (N.º) por Local de residência (NUTS - 2013); Anual - INE, Estimativas anuais da população residente"
16E0605;Figueira da Foz;48.1;2015;0008259;"Índice de dependência de idosos (N.º) por Local de residência (NUTS - 2013); Anual - INE, Estimativas anuais da população residente"
3003109;Santana;48.1;2015;0008259;"Índice de dependência de idosos (N.º) por Local de residência (NUTS - 2013); Anual - INE, Estimativas anuais da população residente"
111;Alto Minho;48.2;2015;0008259;"Índice de dependência de idosos (N.º) por Local de residência (NUTS - 2013); Anual - INE, Estimativas anuais da população residente"
16H0502;Castelo Branco;48.4;2015;0008259;"Índice de dependência de idosos (N.º) por Local de residência (NUTS - 2013); Anual - INE, Estimativas anuais da população residente"
1870703;Borba;48.4;2015;0008259;"Índice de dependência de idosos (N.º) por Local de residência (NUTS - 2013); Anual - INE, Estimativas anuais da população residente"
1191705;Mondim de Basto;48.5;2015;0008259;"Índice de dependência de idosos (N.º) por Local de residência (NUTS - 2013); Anual - INE, Estimativas anuais da população residente"
16G;Viseu Dão Lafões;48.6;2015;0008259;"Índice de dependência de idosos (N.º) por Local de residência (NUTS - 2013); Anual - INE, Estimativas anuais da população residente"
16I;Médio Tejo;48.7;2015;0008259;"Índice de dependência de idosos (N.º) por Local de residência (NUTS - 2013); Anual - INE, Estimativas anuais da população residente"
16E0611;Oliveira do Hospital;48.8;2015;0008259;"Índice de dependência de idosos (N.º) por Local de residência (NUTS - 2013); Anual - INE, Estimativas anuais da população residente"
1840201;Aljustrel;48.8;2015;0008259;"Índice de dependência de idosos (N.º) por Local de residência (NUTS - 2013); Anual - INE, Estimativas anuais da população residente"
16I1402;Alcanena;48.9;2015;0008259;"Índice de dependência de idosos (N.º) por Local de residência (NUTS - 2013); Anual - INE, Estimativas anuais da população residente"
11A0119;Vale de Cambra;49;2015;0008259;"Índice de dependência de idosos (N.º) por Local de residência (NUTS - 2013); Anual - INE, Estimativas anuais da população residente"
16B1104;Cadaval;49;2015;0008259;"Índice de dependência de idosos (N.º) por Local de residência (NUTS - 2013); Anual - INE, Estimativas anuais da população residente"
1870712;Vendas Novas;49.2;2015;0008259;"Índice de dependência de idosos (N.º) por Local de residência (NUTS - 2013); Anual - INE, Estimativas anuais da população residente"
11D;Douro;49.5;2015;0008259;"Índice de dependência de idosos (N.º) por Local de residência (NUTS - 2013); Anual - INE, Estimativas anuais da população residente"
16F1015;Pombal;49.9;2015;0008259;"Índice de dependência de idosos (N.º) por Local de residência (NUTS - 2013); Anual - INE, Estimativas anuais da população residente"
16D0103;Anadia;50.3;2015;0008259;"Índice de dependência de idosos (N.º) por Local de residência (NUTS - 2013); Anual - INE, Estimativas anuais da população residente"
1120310;Terras de Bouro;50.7;2015;0008259;"Índice de dependência de idosos (N.º) por Local de residência (NUTS - 2013); Anual - INE, Estimativas anuais da população residente"
186;Alto Alentejo;50.7;2015;0008259;"Índice de dependência de idosos (N.º) por Local de residência (NUTS - 2013); Anual - INE, Estimativas anuais da população residente"
11D1801;Armamar;50.9;2015;0008259;"Índice de dependência de idosos (N.º) por Local de residência (NUTS - 2013); Anual - INE, Estimativas anuais da população residente"
1111606;Ponte da Barca;51.1;2015;0008259;"Índice de dependência de idosos (N.º) por Local de residência (NUTS - 2013); Anual - INE, Estimativas anuais da população residente"
16E0616;Tábua;51.1;2015;0008259;"Índice de dependência de idosos (N.º) por Local de residência (NUTS - 2013); Anual - INE, Estimativas anuais da população residente"
1111602;Caminha;51.2;2015;0008259;"Índice de dependência de idosos (N.º) por Local de residência (NUTS - 2013); Anual - INE, Estimativas anuais da população residente"
1861202;Arronches;51.2;2015;0008259;"Índice de dependência de idosos (N.º) por Local de residência (NUTS - 2013); Anual - INE, Estimativas anuais da população residente"
1870706;Montemor-o-Novo;51.2;2015;0008259;"Índice de dependência de idosos (N.º) por Local de residência (NUTS - 2013); Anual - INE, Estimativas anuais da população residente"
16G1806;Mangualde;51.3;2015;0008259;"Índice de dependência de idosos (N.º) por Local de residência (NUTS - 2013); Anual - INE, Estimativas anuais da população residente"
1861213;Ponte de Sor;51.4;2015;0008259;"Índice de dependência de idosos (N.º) por Local de residência (NUTS - 2013); Anual - INE, Estimativas anuais da população residente"
1500814;Tavira;51.8;2015;0008259;"Índice de dependência de idosos (N.º) por Local de residência (NUTS - 2013); Anual - INE, Estimativas anuais da população residente"
16D0117;Sever do Vouga;51.8;2015;0008259;"Índice de dependência de idosos (N.º) por Local de residência (NUTS - 2013); Anual - INE, Estimativas anuais da população residente"
16I1417;Sardoal;51.8;2015;0008259;"Índice de dependência de idosos (N.º) por Local de residência (NUTS - 2013); Anual - INE, Estimativas anuais da população residente"
1811509;Santiago do Cacém;51.8;2015;0008259;"Índice de dependência de idosos (N.º) por Local de residência (NUTS - 2013); Anual - INE, Estimativas anuais da população residente"
1870701;Alandroal;51.8;2015;0008259;"Índice de dependência de idosos (N.º) por Local de residência (NUTS - 2013); Anual - INE, Estimativas anuais da população residente"
11D1807;Moimenta da Beira;51.9;2015;0008259;"Índice de dependência de idosos (N.º) por Local de residência (NUTS - 2013); Anual - INE, Estimativas anuais da população residente"
1861215;Sousel;52;2015;0008259;"Índice de dependência de idosos (N.º) por Local de residência (NUTS - 2013); Anual - INE, Estimativas anuais da população residente"
16E0614;Penela;52.3;2015;0008259;"Índice de dependência de idosos (N.º) por Local de residência (NUTS - 2013); Anual - INE, Estimativas anuais da população residente"
16J0503;Covilhã;52.4;2015;0008259;"Índice de dependência de idosos (N.º) por Local de residência (NUTS - 2013); Anual - INE, Estimativas anuais da população residente"
16E0602;Cantanhede;52.6;2015;0008259;"Índice de dependência de idosos (N.º) por Local de residência (NUTS - 2013); Anual - INE, Estimativas anuais da população residente"
16E0608;Mira;52.8;2015;0008259;"Índice de dependência de idosos (N.º) por Local de residência (NUTS - 2013); Anual - INE, Estimativas anuais da população residente"
1111605;Paredes de Coura;52.9;2015;0008259;"Índice de dependência de idosos (N.º) por Local de residência (NUTS - 2013); Anual - INE, Estimativas anuais da população residente"
16I1418;Tomar;53;2015;0008259;"Índice de dependência de idosos (N.º) por Local de residência (NUTS - 2013); Anual - INE, Estimativas anuais da população residente"
1190311;Vieira do Minho;53.2;2015;0008259;"Índice de dependência de idosos (N.º) por Local de residência (NUTS - 2013); Anual - INE, Estimativas anuais da população residente"
1861208;Fronteira;53.4;2015;0008259;"Índice de dependência de idosos (N.º) por Local de residência (NUTS - 2013); Anual - INE, Estimativas anuais da população residente"
16G1817;Sátão;53.7;2015;0008259;"Índice de dependência de idosos (N.º) por Local de residência (NUTS - 2013); Anual - INE, Estimativas anuais da população residente"
16G1809;Nelas;53.9;2015;0008259;"Índice de dependência de idosos (N.º) por Local de residência (NUTS - 2013); Anual - INE, Estimativas anuais da população residente"
1851407;Chamusca;54.3;2015;0008259;"Índice de dependência de idosos (N.º) por Local de residência (NUTS - 2013); Anual - INE, Estimativas anuais da população residente"
16I1401;Abrantes;54.5;2015;0008259;"Índice de dependência de idosos (N.º) por Local de residência (NUTS - 2013); Anual - INE, Estimativas anuais da população residente"
16G1824;Vouzela;54.6;2015;0008259;"Índice de dependência de idosos (N.º) por Local de residência (NUTS - 2013); Anual - INE, Estimativas anuais da população residente"
16I1411;Ferreira do Zêzere;54.7;2015;0008259;"Índice de dependência de idosos (N.º) por Local de residência (NUTS - 2013); Anual - INE, Estimativas anuais da população residente"
11D1818;Sernancelhe;54.8;2015;0008259;"Índice de dependência de idosos (N.º) por Local de residência (NUTS - 2013); Anual - INE, Estimativas anuais da população residente"
16I0509;Sertã;55.3;2015;0008259;"Índice de dependência de idosos (N.º) por Local de residência (NUTS - 2013); Anual - INE, Estimativas anuais da população residente"
1500804;Castro Marim;55.9;2015;0008259;"Índice de dependência de idosos (N.º) por Local de residência (NUTS - 2013); Anual - INE, Estimativas anuais da população residente"
1861201;Alter do Chão;56;2015;0008259;"Índice de dependência de idosos (N.º) por Local de residência (NUTS - 2013); Anual - INE, Estimativas anuais da população residente"
16F1003;Ansião;56.2;2015;0008259;"Índice de dependência de idosos (N.º) por Local de residência (NUTS - 2013); Anual - INE, Estimativas anuais da população residente"
16G1822;Vila Nova de Paiva;56.2;2015;0008259;"Índice de dependência de idosos (N.º) por Local de residência (NUTS - 2013); Anual - INE, Estimativas anuais da população residente"
16G1821;Tondela;56.5;2015;0008259;"Índice de dependência de idosos (N.º) por Local de residência (NUTS - 2013); Anual - INE, Estimativas anuais da população residente"
11B1709;Ribeira de Pena;56.6;2015;0008259;"Índice de dependência de idosos (N.º) por Local de residência (NUTS - 2013); Anual - INE, Estimativas anuais da população residente"
16G1802;Carregal do Sal;56.6;2015;0008259;"Índice de dependência de idosos (N.º) por Local de residência (NUTS - 2013); Anual - INE, Estimativas anuais da população residente"
1840202;Almodôvar;56.6;2015;0008259;"Índice de dependência de idosos (N.º) por Local de residência (NUTS - 2013); Anual - INE, Estimativas anuais da população residente"
16J0501;Belmonte;56.8;2015;0008259;"Índice de dependência de idosos (N.º) por Local de residência (NUTS - 2013); Anual - INE, Estimativas anuais da população residente"
1811501;Alcácer do Sal;56.9;2015;0008259;"Índice de dependência de idosos (N.º) por Local de residência (NUTS - 2013); Anual - INE, Estimativas anuais da população residente"
11D1711;Santa Marta de Penaguião;57.7;2015;0008259;"Índice de dependência de idosos (N.º) por Local de residência (NUTS - 2013); Anual - INE, Estimativas anuais da população residente"
11D1819;Tabuaço;57.7;2015;0008259;"Índice de dependência de idosos (N.º) por Local de residência (NUTS - 2013); Anual - INE, Estimativas anuais da população residente"
16E0613;Penacova;57.7;2015;0008259;"Índice de dependência de idosos (N.º) por Local de residência (NUTS - 2013); Anual - INE, Estimativas anuais da população residente"
1861203;Avis;57.7;2015;0008259;"Índice de dependência de idosos (N.º) por Local de residência (NUTS - 2013); Anual - INE, Estimativas anuais da população residente"
16G1803;Castro Daire;57.8;2015;0008259;"Índice de dependência de idosos (N.º) por Local de residência (NUTS - 2013); Anual - INE, Estimativas anuais da população residente"
16G1814;Santa Comba Dão;57.8;2015;0008259;"Índice de dependência de idosos (N.º) por Local de residência (NUTS - 2013); Anual - INE, Estimativas anuais da população residente"
11D1710;Sabrosa;57.9;2015;0008259;"Índice de dependência de idosos (N.º) por Local de residência (NUTS - 2013); Anual - INE, Estimativas anuais da população residente"
16J0504;Fundão;57.9;2015;0008259;"Índice de dependência de idosos (N.º) por Local de residência (NUTS - 2013); Anual - INE, Estimativas anuais da população residente"
11E0407;Mirandela;58.4;2015;0008259;"Índice de dependência de idosos (N.º) por Local de residência (NUTS - 2013); Anual - INE, Estimativas anuais da população residente"
16E0601;Arganil;58.8;2015;0008259;"Índice de dependência de idosos (N.º) por Local de residência (NUTS - 2013); Anual - INE, Estimativas anuais da população residente"
1840212;Ourique;58.8;2015;0008259;"Índice de dependência de idosos (N.º) por Local de residência (NUTS - 2013); Anual - INE, Estimativas anuais da população residente"
16G1816;São Pedro do Sul;58.9;2015;0008259;"Índice de dependência de idosos (N.º) por Local de residência (NUTS - 2013); Anual - INE, Estimativas anuais da população residente"
1851409;Coruche;58.9;2015;0008259;"Índice de dependência de idosos (N.º) por Local de residência (NUTS - 2013); Anual - INE, Estimativas anuais da população residente"
16J;Beiras e Serra da Estrela;59.2;2015;0008259;"Índice de dependência de idosos (N.º) por Local de residência (NUTS - 2013); Anual - INE, Estimativas anuais da população residente"
11D1701;Alijó;59.3;2015;0008259;"Índice de dependência de idosos (N.º) por Local de residência (NUTS - 2013); Anual - INE, Estimativas anuais da população residente"
16H;Beira Baixa;59.3;2015;0008259;"Índice de dependência de idosos (N.º) por Local de residência (NUTS - 2013); Anual - INE, Estimativas anuais da população residente"
11B1703;Chaves;59.6;2015;0008259;"Índice de dependência de idosos (N.º) por Local de residência (NUTS - 2013); Anual - INE, Estimativas anuais da população residente"
1861210;Marvão;60.2;2015;0008259;"Índice de dependência de idosos (N.º) por Local de residência (NUTS - 2013); Anual - INE, Estimativas anuais da população residente"
16E0615;Soure;60.7;2015;0008259;"Índice de dependência de idosos (N.º) por Local de residência (NUTS - 2013); Anual - INE, Estimativas anuais da população residente"
16F1013;Pedrógão Grande;60.9;2015;0008259;"Índice de dependência de idosos (N.º) por Local de residência (NUTS - 2013); Anual - INE, Estimativas anuais da população residente"
11E;Terras de Trás-os-Montes;61.3;2015;0008259;"Índice de dependência de idosos (N.º) por Local de residência (NUTS - 2013); Anual - INE, Estimativas anuais da população residente"
11D1812;Penedono;61.4;2015;0008259;"Índice de dependência de idosos (N.º) por Local de residência (NUTS - 2013); Anual - INE, Estimativas anuais da população residente"
1861205;Castelo de Vide;61.4;2015;0008259;"Índice de dependência de idosos (N.º) por Local de residência (NUTS - 2013); Anual - INE, Estimativas anuais da população residente"
1500809;Monchique;61.7;2015;0008259;"Índice de dependência de idosos (N.º) por Local de residência (NUTS - 2013); Anual - INE, Estimativas anuais da população residente"
1111604;Monção;61.8;2015;0008259;"Índice de dependência de idosos (N.º) por Local de residência (NUTS - 2013); Anual - INE, Estimativas anuais da população residente"
11E0405;Macedo de Cavaleiros;63.6;2015;0008259;"Índice de dependência de idosos (N.º) por Local de residência (NUTS - 2013); Anual - INE, Estimativas anuais da população residente"
16G1811;Penalva do Castelo;63.8;2015;0008259;"Índice de dependência de idosos (N.º) por Local de residência (NUTS - 2013); Anual - INE, Estimativas anuais da população residente"
16J0905;Fornos de Algodres;64;2015;0008259;"Índice de dependência de idosos (N.º) por Local de residência (NUTS - 2013); Anual - INE, Estimativas anuais da população residente"
16J0912;Seia;64.3;2015;0008259;"Índice de dependência de idosos (N.º) por Local de residência (NUTS - 2013); Anual - INE, Estimativas anuais da população residente"
16F1008;Figueiró dos Vinhos;64.6;2015;0008259;"Índice de dependência de idosos (N.º) por Local de residência (NUTS - 2013); Anual - INE, Estimativas anuais da população residente"
11B1713;Vila Pouca de Aguiar;64.7;2015;0008259;"Índice de dependência de idosos (N.º) por Local de residência (NUTS - 2013); Anual - INE, Estimativas anuais da população residente"
11E0410;Vila Flor;65.2;2015;0008259;"Índice de dependência de idosos (N.º) por Local de residência (NUTS - 2013); Anual - INE, Estimativas anuais da população residente"
11D1707;Murça;65.7;2015;0008259;"Índice de dependência de idosos (N.º) por Local de residência (NUTS - 2013); Anual - INE, Estimativas anuais da população residente"
16F1007;Castanheira de Pêra;65.9;2015;0008259;"Índice de dependência de idosos (N.º) por Local de residência (NUTS - 2013); Anual - INE, Estimativas anuais da população residente"
16J0903;Celorico da Beira;65.9;2015;0008259;"Índice de dependência de idosos (N.º) por Local de residência (NUTS - 2013); Anual - INE, Estimativas anuais da população residente"
16E1808;Mortágua;66.3;2015;0008259;"Índice de dependência de idosos (N.º) por Local de residência (NUTS - 2013); Anual - INE, Estimativas anuais da população residente"
11B;Alto Tâmega;66.4;2015;0008259;"Índice de dependência de idosos (N.º) por Local de residência (NUTS - 2013); Anual - INE, Estimativas anuais da população residente"
16F1002;Alvaiázere;66.7;2015;0008259;"Índice de dependência de idosos (N.º) por Local de residência (NUTS - 2013); Anual - INE, Estimativas anuais da população residente"
1111601;Arcos de Valdevez;66.8;2015;0008259;"Índice de dependência de idosos (N.º) por Local de residência (NUTS - 2013); Anual - INE, Estimativas anuais da população residente"
1840209;Mértola;66.8;2015;0008259;"Índice de dependência de idosos (N.º) por Local de residência (NUTS - 2013); Anual - INE, Estimativas anuais da população residente"
1861206;Crato;67.1;2015;0008259;"Índice de dependência de idosos (N.º) por Local de residência (NUTS - 2013); Anual - INE, Estimativas anuais da população residente"
11D0914;Vila Nova de Foz Côa;67.6;2015;0008259;"Índice de dependência de idosos (N.º) por Local de residência (NUTS - 2013); Anual - INE, Estimativas anuais da população residente"
16E0606;Góis;68.4;2015;0008259;"Índice de dependência de idosos (N.º) por Local de residência (NUTS - 2013); Anual - INE, Estimativas anuais da população residente"
16J0913;Trancoso;68.4;2015;0008259;"Índice de dependência de idosos (N.º) por Local de residência (NUTS - 2013); Anual - INE, Estimativas anuais da população residente"
16G0901;Aguiar da Beira;69.2;2015;0008259;"Índice de dependência de idosos (N.º) por Local de residência (NUTS - 2013); Anual - INE, Estimativas anuais da população residente"
16J0908;Manteigas;70;2015;0008259;"Índice de dependência de idosos (N.º) por Local de residência (NUTS - 2013); Anual - INE, Estimativas anuais da população residente"
1870707;Mora;70.3;2015;0008259;"Índice de dependência de idosos (N.º) por Local de residência (NUTS - 2013); Anual - INE, Estimativas anuais da população residente"
11E0401;Alfândega da Fé;70.7;2015;0008259;"Índice de dependência de idosos (N.º) por Local de residência (NUTS - 2013); Anual - INE, Estimativas anuais da população residente"
16I0510;Vila de Rei;71.4;2015;0008259;"Índice de dependência de idosos (N.º) por Local de residência (NUTS - 2013); Anual - INE, Estimativas anuais da população residente"
11D0404;Freixo de Espada à Cinta;71.5;2015;0008259;"Índice de dependência de idosos (N.º) por Local de residência (NUTS - 2013); Anual - INE, Estimativas anuais da população residente"
16H0508;Proença-a-Nova;72.2;2015;0008259;"Índice de dependência de idosos (N.º) por Local de residência (NUTS - 2013); Anual - INE, Estimativas anuais da população residente"
16J0904;Figueira de Castelo Rodrigo;72.5;2015;0008259;"Índice de dependência de idosos (N.º) por Local de residência (NUTS - 2013); Anual - INE, Estimativas anuais da população residente"
11D0403;Carrazeda de Ansiães;72.7;2015;0008259;"Índice de dependência de idosos (N.º) por Local de residência (NUTS - 2013); Anual - INE, Estimativas anuais da população residente"
16J0909;Mêda;72.7;2015;0008259;"Índice de dependência de idosos (N.º) por Local de residência (NUTS - 2013); Anual - INE, Estimativas anuais da população residente"
16J0906;Gouveia;73.3;2015;0008259;"Índice de dependência de idosos (N.º) por Local de residência (NUTS - 2013); Anual - INE, Estimativas anuais da população residente"
11B1702;Boticas;73.4;2015;0008259;"Índice de dependência de idosos (N.º) por Local de residência (NUTS - 2013); Anual - INE, Estimativas anuais da população residente"
11E0408;Mogadouro;74;2015;0008259;"Índice de dependência de idosos (N.º) por Local de residência (NUTS - 2013); Anual - INE, Estimativas anuais da população residente"
16J0910;Pinhel;74.5;2015;0008259;"Índice de dependência de idosos (N.º) por Local de residência (NUTS - 2013); Anual - INE, Estimativas anuais da população residente"
1861212;Nisa;76.4;2015;0008259;"Índice de dependência de idosos (N.º) por Local de residência (NUTS - 2013); Anual - INE, Estimativas anuais da população residente"
11E0406;Miranda do Douro;77.9;2015;0008259;"Índice de dependência de idosos (N.º) por Local de residência (NUTS - 2013); Anual - INE, Estimativas anuais da população residente"
11B1706;Montalegre;79;2015;0008259;"Índice de dependência de idosos (N.º) por Local de residência (NUTS - 2013); Anual - INE, Estimativas anuais da população residente"
16I1413;Mação;79.8;2015;0008259;"Índice de dependência de idosos (N.º) por Local de residência (NUTS - 2013); Anual - INE, Estimativas anuais da população residente"
1861209;Gavião;80.2;2015;0008259;"Índice de dependência de idosos (N.º) por Local de residência (NUTS - 2013); Anual - INE, Estimativas anuais da população residente"
11B1712;Valpaços;81;2015;0008259;"Índice de dependência de idosos (N.º) por Local de residência (NUTS - 2013); Anual - INE, Estimativas anuais da população residente"
11D0409;Torre de Moncorvo;81.9;2015;0008259;"Índice de dependência de idosos (N.º) por Local de residência (NUTS - 2013); Anual - INE, Estimativas anuais da população residente"
16H0505;Idanha-a-Nova;82.2;2015;0008259;"Índice de dependência de idosos (N.º) por Local de residência (NUTS - 2013); Anual - INE, Estimativas anuais da população residente"
16H0507;Penamacor;87.4;2015;0008259;"Índice de dependência de idosos (N.º) por Local de residência (NUTS - 2013); Anual - INE, Estimativas anuais da população residente"
1111603;Melgaço;88.3;2015;0008259;"Índice de dependência de idosos (N.º) por Local de residência (NUTS - 2013); Anual - INE, Estimativas anuais da população residente"
11E0411;Vimioso;88.3;2015;0008259;"Índice de dependência de idosos (N.º) por Local de residência (NUTS - 2013); Anual - INE, Estimativas anuais da população residente"
16H0511;Vila Velha de Ródão;88.9;2015;0008259;"Índice de dependência de idosos (N.º) por Local de residência (NUTS - 2013); Anual - INE, Estimativas anuais da população residente"
16J0902;Almeida;90.2;2015;0008259;"Índice de dependência de idosos (N.º) por Local de residência (NUTS - 2013); Anual - INE, Estimativas anuais da população residente"
16J0911;Sabugal;92.2;2015;0008259;"Índice de dependência de idosos (N.º) por Local de residência (NUTS - 2013); Anual - INE, Estimativas anuais da população residente"
16E0612;Pampilhosa da Serra;93.6;2015;0008259;"Índice de dependência de idosos (N.º) por Local de residência (NUTS - 2013); Anual - INE, Estimativas anuais da população residente"
16H0506;Oleiros;94;2015;0008259;"Índice de dependência de idosos (N.º) por Local de residência (NUTS - 2013); Anual - INE, Estimativas anuais da população residente"
11E0412;Vinhais;95.6;2015;0008259;"Índice de dependência de idosos (N.º) por Local de residência (NUTS - 2013); Anual - INE, Estimativas anuais da população residente"
1500802;Alcoutim;97.6;2015;0008259;"Índice de dependência de idosos (N.º) por Local de residência (NUTS - 2013); Anual - INE, Estimativas anuais da população residente"
2004205;Ribeira Grande;16.7;2016;0008259;"Índice de dependência de idosos (N.º) por Local de residência (NUTS - 2013); Anual - INE, Estimativas anuais da população residente"
2004201;Lagoa;19;2016;0008259;"Índice de dependência de idosos (N.º) por Local de residência (NUTS - 2013); Anual - INE, Estimativas anuais da população residente"
3003108;Santa Cruz;22;2016;0008259;"Índice de dependência de idosos (N.º) por Local de residência (NUTS - 2013); Anual - INE, Estimativas anuais da população residente"
3003102;Câmara de Lobos;23;2016;0008259;"Índice de dependência de idosos (N.º) por Local de residência (NUTS - 2013); Anual - INE, Estimativas anuais da população residente"
2004203;Ponta Delgada;23.3;2016;0008259;"Índice de dependência de idosos (N.º) por Local de residência (NUTS - 2013); Anual - INE, Estimativas anuais da população residente"
2004206;Vila Franca do Campo;23.3;2016;0008259;"Índice de dependência de idosos (N.º) por Local de residência (NUTS - 2013); Anual - INE, Estimativas anuais da população residente"
11C1305;Lousada;24.2;2016;0008259;"Índice de dependência de idosos (N.º) por Local de residência (NUTS - 2013); Anual - INE, Estimativas anuais da população residente"
11C1309;Paços de Ferreira;25.5;2016;0008259;"Índice de dependência de idosos (N.º) por Local de residência (NUTS - 2013); Anual - INE, Estimativas anuais da população residente"
2;Região Autónoma dos Açores;25.6;2016;0008259;"Índice de dependência de idosos (N.º) por Local de residência (NUTS - 2013); Anual - INE, Estimativas anuais da população residente"
20;Região Autónoma dos Açores;25.6;2016;0008259;"Índice de dependência de idosos (N.º) por Local de residência (NUTS - 2013); Anual - INE, Estimativas anuais da população residente"
200;Região Autónoma dos Açores;25.6;2016;0008259;"Índice de dependência de idosos (N.º) por Local de residência (NUTS - 2013); Anual - INE, Estimativas anuais da população residente"
11A1310;Paredes;25.9;2016;0008259;"Índice de dependência de idosos (N.º) por Local de residência (NUTS - 2013); Anual - INE, Estimativas anuais da população residente"
2004204;Povoação;26.1;2016;0008259;"Índice de dependência de idosos (N.º) por Local de residência (NUTS - 2013); Anual - INE, Estimativas anuais da população residente"
2004901;Corvo;27.2;2016;0008259;"Índice de dependência de idosos (N.º) por Local de residência (NUTS - 2013); Anual - INE, Estimativas anuais da população residente"
3003201;Porto Santo;27.2;2016;0008259;"Índice de dependência de idosos (N.º) por Local de residência (NUTS - 2013); Anual - INE, Estimativas anuais da população residente"
2004101;Vila do Porto;27.3;2016;0008259;"Índice de dependência de idosos (N.º) por Local de residência (NUTS - 2013); Anual - INE, Estimativas anuais da população residente"
1701502;Alcochete;27.4;2016;0008259;"Índice de dependência de idosos (N.º) por Local de residência (NUTS - 2013); Anual - INE, Estimativas anuais da população residente"
1701109;Mafra;27.8;2016;0008259;"Índice de dependência de idosos (N.º) por Local de residência (NUTS - 2013); Anual - INE, Estimativas anuais da população residente"
1190314;Vizela;28.1;2016;0008259;"Índice de dependência de idosos (N.º) por Local de residência (NUTS - 2013); Anual - INE, Estimativas anuais da população residente"
11C1311;Penafiel;28.4;2016;0008259;"Índice de dependência de idosos (N.º) por Local de residência (NUTS - 2013); Anual - INE, Estimativas anuais da população residente"
1500801;Albufeira;28.5;2016;0008259;"Índice de dependência de idosos (N.º) por Local de residência (NUTS - 2013); Anual - INE, Estimativas anuais da população residente"
16B1102;Arruda dos Vinhos;28.5;2016;0008259;"Índice de dependência de idosos (N.º) por Local de residência (NUTS - 2013); Anual - INE, Estimativas anuais da população residente"
1701111;Sintra;28.5;2016;0008259;"Índice de dependência de idosos (N.º) por Local de residência (NUTS - 2013); Anual - INE, Estimativas anuais da população residente"
2004802;Santa Cruz das Flores;28.6;2016;0008259;"Índice de dependência de idosos (N.º) por Local de residência (NUTS - 2013); Anual - INE, Estimativas anuais da população residente"
1701507;Montijo;28.8;2016;0008259;"Índice de dependência de idosos (N.º) por Local de residência (NUTS - 2013); Anual - INE, Estimativas anuais da população residente"
11C1307;Marco de Canaveses;29;2016;0008259;"Índice de dependência de idosos (N.º) por Local de residência (NUTS - 2013); Anual - INE, Estimativas anuais da população residente"
1120303;Braga;29.4;2016;0008259;"Índice de dependência de idosos (N.º) por Local de residência (NUTS - 2013); Anual - INE, Estimativas anuais da população residente"
2004302;Vila da Praia da Vitória;29.4;2016;0008259;"Índice de dependência de idosos (N.º) por Local de residência (NUTS - 2013); Anual - INE, Estimativas anuais da população residente"
11C1303;Felgueiras;29.6;2016;0008259;"Índice de dependência de idosos (N.º) por Local de residência (NUTS - 2013); Anual - INE, Estimativas anuais da população residente"
2004602;Madalena;30;2016;0008259;"Índice de dependência de idosos (N.º) por Local de residência (NUTS - 2013); Anual - INE, Estimativas anuais da população residente"
1701114;Vila Franca de Xira;30.2;2016;0008259;"Índice de dependência de idosos (N.º) por Local de residência (NUTS - 2013); Anual - INE, Estimativas anuais da população residente"
16B1112;Sobral de Monte Agraço;30.3;2016;0008259;"Índice de dependência de idosos (N.º) por Local de residência (NUTS - 2013); Anual - INE, Estimativas anuais da população residente"
1851405;Benavente;30.4;2016;0008259;"Índice de dependência de idosos (N.º) por Local de residência (NUTS - 2013); Anual - INE, Estimativas anuais da população residente"
2004301;Angra do Heroísmo;30.4;2016;0008259;"Índice de dependência de idosos (N.º) por Local de residência (NUTS - 2013); Anual - INE, Estimativas anuais da população residente"
11A1306;Maia;30.6;2016;0008259;"Índice de dependência de idosos (N.º) por Local de residência (NUTS - 2013); Anual - INE, Estimativas anuais da população residente"
11C;Tâmega e Sousa;30.7;2016;0008259;"Índice de dependência de idosos (N.º) por Local de residência (NUTS - 2013); Anual - INE, Estimativas anuais da população residente"
11A1315;Valongo;30.9;2016;0008259;"Índice de dependência de idosos (N.º) por Local de residência (NUTS - 2013); Anual - INE, Estimativas anuais da população residente"
16B1101;Alenquer;30.9;2016;0008259;"Índice de dependência de idosos (N.º) por Local de residência (NUTS - 2013); Anual - INE, Estimativas anuais da população residente"
3;Região Autónoma da Madeira;31.2;2016;0008259;"Índice de dependência de idosos (N.º) por Local de residência (NUTS - 2013); Anual - INE, Estimativas anuais da população residente"
30;Região Autónoma da Madeira;31.2;2016;0008259;"Índice de dependência de idosos (N.º) por Local de residência (NUTS - 2013); Anual - INE, Estimativas anuais da população residente"
300;Região Autónoma da Madeira;31.2;2016;0008259;"Índice de dependência de idosos (N.º) por Local de residência (NUTS - 2013); Anual - INE, Estimativas anuais da população residente"
2004202;Nordeste;31.4;2016;0008259;"Índice de dependência de idosos (N.º) por Local de residência (NUTS - 2013); Anual - INE, Estimativas anuais da população residente"
112;Cávado;31.5;2016;0008259;"Índice de dependência de idosos (N.º) por Local de residência (NUTS - 2013); Anual - INE, Estimativas anuais da população residente"
1120306;Esposende;31.9;2016;0008259;"Índice de dependência de idosos (N.º) por Local de residência (NUTS - 2013); Anual - INE, Estimativas anuais da população residente"
11A1318;Trofa;31.9;2016;0008259;"Índice de dependência de idosos (N.º) por Local de residência (NUTS - 2013); Anual - INE, Estimativas anuais da população residente"
2004701;Horta;31.9;2016;0008259;"Índice de dependência de idosos (N.º) por Local de residência (NUTS - 2013); Anual - INE, Estimativas anuais da população residente"
3003107;Ribeira Brava;31.9;2016;0008259;"Índice de dependência de idosos (N.º) por Local de residência (NUTS - 2013); Anual - INE, Estimativas anuais da população residente"
2004502;Velas;32;2016;0008259;"Índice de dependência de idosos (N.º) por Local de residência (NUTS - 2013); Anual - INE, Estimativas anuais da população residente"
1120302;Barcelos;32.2;2016;0008259;"Índice de dependência de idosos (N.º) por Local de residência (NUTS - 2013); Anual - INE, Estimativas anuais da população residente"
1701511;Sesimbra;32.2;2016;0008259;"Índice de dependência de idosos (N.º) por Local de residência (NUTS - 2013); Anual - INE, Estimativas anuais da população residente"
2004801;Lajes das Flores;32.2;2016;0008259;"Índice de dependência de idosos (N.º) por Local de residência (NUTS - 2013); Anual - INE, Estimativas anuais da população residente"
1190312;Vila Nova de Famalicão;32.3;2016;0008259;"Índice de dependência de idosos (N.º) por Local de residência (NUTS - 2013); Anual - INE, Estimativas anuais da população residente"
3003105;Ponta do Sol;32.3;2016;0008259;"Índice de dependência de idosos (N.º) por Local de residência (NUTS - 2013); Anual - INE, Estimativas anuais da população residente"
16I1410;Entroncamento;32.4;2016;0008259;"Índice de dependência de idosos (N.º) por Local de residência (NUTS - 2013); Anual - INE, Estimativas anuais da população residente"
11A1316;Vila do Conde;32.6;2016;0008259;"Índice de dependência de idosos (N.º) por Local de residência (NUTS - 2013); Anual - INE, Estimativas anuais da população residente"
11A1313;Póvoa de Varzim;32.8;2016;0008259;"Índice de dependência de idosos (N.º) por Local de residência (NUTS - 2013); Anual - INE, Estimativas anuais da população residente"
1701508;Palmela;33;2016;0008259;"Índice de dependência de idosos (N.º) por Local de residência (NUTS - 2013); Anual - INE, Estimativas anuais da população residente"
1810211;Odemira;33.1;2016;0008259;"Índice de dependência de idosos (N.º) por Local de residência (NUTS - 2013); Anual - INE, Estimativas anuais da população residente"
3003104;Machico;33.1;2016;0008259;"Índice de dependência de idosos (N.º) por Local de residência (NUTS - 2013); Anual - INE, Estimativas anuais da população residente"
1190308;Guimarães;33.3;2016;0008259;"Índice de dependência de idosos (N.º) por Local de residência (NUTS - 2013); Anual - INE, Estimativas anuais da população residente"
2004603;São Roque do Pico;33.3;2016;0008259;"Índice de dependência de idosos (N.º) por Local de residência (NUTS - 2013); Anual - INE, Estimativas anuais da população residente"
11C0106;Castelo de Paiva;33.5;2016;0008259;"Índice de dependência de idosos (N.º) por Local de residência (NUTS - 2013); Anual - INE, Estimativas anuais da população residente"
16D0105;Aveiro;33.8;2016;0008259;"Índice de dependência de idosos (N.º) por Local de residência (NUTS - 2013); Anual - INE, Estimativas anuais da população residente"
2004401;Santa Cruz da Graciosa;34;2016;0008259;"Índice de dependência de idosos (N.º) por Local de residência (NUTS - 2013); Anual - INE, Estimativas anuais da população residente"
16D0110;Ílhavo;34.1;2016;0008259;"Índice de dependência de idosos (N.º) por Local de residência (NUTS - 2013); Anual - INE, Estimativas anuais da população residente"
119;Ave;34.3;2016;0008259;"Índice de dependência de idosos (N.º) por Local de residência (NUTS - 2013); Anual - INE, Estimativas anuais da população residente"
1701116;Odivelas;34.3;2016;0008259;"Índice de dependência de idosos (N.º) por Local de residência (NUTS - 2013); Anual - INE, Estimativas anuais da população residente"
1120301;Amares;34.5;2016;0008259;"Índice de dependência de idosos (N.º) por Local de residência (NUTS - 2013); Anual - INE, Estimativas anuais da população residente"
1120313;Vila Verde;34.7;2016;0008259;"Índice de dependência de idosos (N.º) por Local de residência (NUTS - 2013); Anual - INE, Estimativas anuais da população residente"
11A0109;Santa Maria da Feira;34.8;2016;0008259;"Índice de dependência de idosos (N.º) por Local de residência (NUTS - 2013); Anual - INE, Estimativas anuais da população residente"
17;Área Metropolitana de Lisboa;34.9;2016;0008259;"Índice de dependência de idosos (N.º) por Local de residência (NUTS - 2013); Anual - INE, Estimativas anuais da população residente"
170;Área Metropolitana de Lisboa;34.9;2016;0008259;"Índice de dependência de idosos (N.º) por Local de residência (NUTS - 2013); Anual - INE, Estimativas anuais da população residente"
3003103;Funchal;34.9;2016;0008259;"Índice de dependência de idosos (N.º) por Local de residência (NUTS - 2013); Anual - INE, Estimativas anuais da população residente"
11A1317;Vila Nova de Gaia;35.1;2016;0008259;"Índice de dependência de idosos (N.º) por Local de residência (NUTS - 2013); Anual - INE, Estimativas anuais da população residente"
11A1304;Gondomar;35.2;2016;0008259;"Índice de dependência de idosos (N.º) por Local de residência (NUTS - 2013); Anual - INE, Estimativas anuais da população residente"
16D0115;Ovar;35.2;2016;0008259;"Índice de dependência de idosos (N.º) por Local de residência (NUTS - 2013); Anual - INE, Estimativas anuais da população residente"
11A0116;São João da Madeira;35.5;2016;0008259;"Índice de dependência de idosos (N.º) por Local de residência (NUTS - 2013); Anual - INE, Estimativas anuais da população residente"
1500805;Faro;35.5;2016;0008259;"Índice de dependência de idosos (N.º) por Local de residência (NUTS - 2013); Anual - INE, Estimativas anuais da população residente"
16B1113;Torres Vedras;35.5;2016;0008259;"Índice de dependência de idosos (N.º) por Local de residência (NUTS - 2013); Anual - INE, Estimativas anuais da população residente"
11A;Área Metropolitana do Porto;35.6;2016;0008259;"Índice de dependência de idosos (N.º) por Local de residência (NUTS - 2013); Anual - INE, Estimativas anuais da população residente"
1840204;Barrancos;35.6;2016;0008259;"Índice de dependência de idosos (N.º) por Local de residência (NUTS - 2013); Anual - INE, Estimativas anuais da população residente"
1701506;Moita;35.7;2016;0008259;"Índice de dependência de idosos (N.º) por Local de residência (NUTS - 2013); Anual - INE, Estimativas anuais da população residente"
1701510;Seixal;35.8;2016;0008259;"Índice de dependência de idosos (N.º) por Local de residência (NUTS - 2013); Anual - INE, Estimativas anuais da população residente"
1500811;Portimão;35.9;2016;0008259;"Índice de dependência de idosos (N.º) por Local de residência (NUTS - 2013); Anual - INE, Estimativas anuais da população residente"
16E0604;Condeixa-a-Nova;35.9;2016;0008259;"Índice de dependência de idosos (N.º) por Local de residência (NUTS - 2013); Anual - INE, Estimativas anuais da população residente"
1190309;Póvoa de Lanhoso;36.2;2016;0008259;"Índice de dependência de idosos (N.º) por Local de residência (NUTS - 2013); Anual - INE, Estimativas anuais da população residente"
1851103;Azambuja;36.2;2016;0008259;"Índice de dependência de idosos (N.º) por Local de residência (NUTS - 2013); Anual - INE, Estimativas anuais da população residente"
16D0102;Albergaria-a-Velha;36.4;2016;0008259;"Índice de dependência de idosos (N.º) por Local de residência (NUTS - 2013); Anual - INE, Estimativas anuais da população residente"
16F1009;Leiria;36.4;2016;0008259;"Índice de dependência de idosos (N.º) por Local de residência (NUTS - 2013); Anual - INE, Estimativas anuais da população residente"
1701107;Loures;36.4;2016;0008259;"Índice de dependência de idosos (N.º) por Local de residência (NUTS - 2013); Anual - INE, Estimativas anuais da população residente"
1701106;Lisboa;36.5;2016;0008259;"Índice de dependência de idosos (N.º) por Local de residência (NUTS - 2013); Anual - INE, Estimativas anuais da população residente"
1701115;Amadora;36.5;2016;0008259;"Índice de dependência de idosos (N.º) por Local de residência (NUTS - 2013); Anual - INE, Estimativas anuais da população residente"
16D0114;Oliveira do Bairro;36.7;2016;0008259;"Índice de dependência de idosos (N.º) por Local de residência (NUTS - 2013); Anual - INE, Estimativas anuais da população residente"
16E0607;Lousã;37;2016;0008259;"Índice de dependência de idosos (N.º) por Local de residência (NUTS - 2013); Anual - INE, Estimativas anuais da população residente"
11;Norte;37.1;2016;0008259;"Índice de dependência de idosos (N.º) por Local de residência (NUTS - 2013); Anual - INE, Estimativas anuais da população residente"
11C1301;Amarante;37.1;2016;0008259;"Índice de dependência de idosos (N.º) por Local de residência (NUTS - 2013); Anual - INE, Estimativas anuais da população residente"
1701105;Cascais;37.1;2016;0008259;"Índice de dependência de idosos (N.º) por Local de residência (NUTS - 2013); Anual - INE, Estimativas anuais da população residente"
16F1010;Marinha Grande;37.3;2016;0008259;"Índice de dependência de idosos (N.º) por Local de residência (NUTS - 2013); Anual - INE, Estimativas anuais da população residente"
1811513;Sines;37.4;2016;0008259;"Índice de dependência de idosos (N.º) por Local de residência (NUTS - 2013); Anual - INE, Estimativas anuais da população residente"
11C1302;Baião;37.5;2016;0008259;"Índice de dependência de idosos (N.º) por Local de residência (NUTS - 2013); Anual - INE, Estimativas anuais da população residente"
1840205;Beja;37.5;2016;0008259;"Índice de dependência de idosos (N.º) por Local de residência (NUTS - 2013); Anual - INE, Estimativas anuais da população residente"
16F1004;Batalha;37.6;2016;0008259;"Índice de dependência de idosos (N.º) por Local de residência (NUTS - 2013); Anual - INE, Estimativas anuais da população residente"
1190304;Cabeceiras de Basto;37.7;2016;0008259;"Índice de dependência de idosos (N.º) por Local de residência (NUTS - 2013); Anual - INE, Estimativas anuais da população residente"
1500810;Olhão;37.7;2016;0008259;"Índice de dependência de idosos (N.º) por Local de residência (NUTS - 2013); Anual - INE, Estimativas anuais da população residente"
2004501;Calheta;37.7;2016;0008259;"Índice de dependência de idosos (N.º) por Local de residência (NUTS - 2013); Anual - INE, Estimativas anuais da população residente"
1851414;Rio Maior;37.8;2016;0008259;"Índice de dependência de idosos (N.º) por Local de residência (NUTS - 2013); Anual - INE, Estimativas anuais da população residente"
11A1308;Matosinhos;38;2016;0008259;"Índice de dependência de idosos (N.º) por Local de residência (NUTS - 2013); Anual - INE, Estimativas anuais da população residente"
16D;Região de Aveiro;38;2016;0008259;"Índice de dependência de idosos (N.º) por Local de residência (NUTS - 2013); Anual - INE, Estimativas anuais da população residente"
1500806;Lagoa;38.2;2016;0008259;"Índice de dependência de idosos (N.º) por Local de residência (NUTS - 2013); Anual - INE, Estimativas anuais da população residente"
PT;Portugal;38.2;2016;0008259;"Índice de dependência de idosos (N.º) por Local de residência (NUTS - 2013); Anual - INE, Estimativas anuais da população residente"
1500808;Loulé;38.3;2016;0008259;"Índice de dependência de idosos (N.º) por Local de residência (NUTS - 2013); Anual - INE, Estimativas anuais da população residente"
16B;Oeste;38.5;2016;0008259;"Índice de dependência de idosos (N.º) por Local de residência (NUTS - 2013); Anual - INE, Estimativas anuais da população residente"
1861204;Campo Maior;38.5;2016;0008259;"Índice de dependência de idosos (N.º) por Local de residência (NUTS - 2013); Anual - INE, Estimativas anuais da população residente"
11A0113;Oliveira de Azeméis;38.6;2016;0008259;"Índice de dependência de idosos (N.º) por Local de residência (NUTS - 2013); Anual - INE, Estimativas anuais da população residente"
16D0118;Vagos;38.6;2016;0008259;"Índice de dependência de idosos (N.º) por Local de residência (NUTS - 2013); Anual - INE, Estimativas anuais da população residente"
1870705;Évora;38.6;2016;0008259;"Índice de dependência de idosos (N.º) por Local de residência (NUTS - 2013); Anual - INE, Estimativas anuais da população residente"
2004601;Lajes do Pico;38.6;2016;0008259;"Índice de dependência de idosos (N.º) por Local de residência (NUTS - 2013); Anual - INE, Estimativas anuais da população residente"
1;Continente;38.7;2016;0008259;"Índice de dependência de idosos (N.º) por Local de residência (NUTS - 2013); Anual - INE, Estimativas anuais da população residente"
11D1714;Vila Real;38.8;2016;0008259;"Índice de dependência de idosos (N.º) por Local de residência (NUTS - 2013); Anual - INE, Estimativas anuais da população residente"
15;Algarve;38.8;2016;0008259;"Índice de dependência de idosos (N.º) por Local de residência (NUTS - 2013); Anual - INE, Estimativas anuais da população residente"
150;Algarve;38.8;2016;0008259;"Índice de dependência de idosos (N.º) por Local de residência (NUTS - 2013); Anual - INE, Estimativas anuais da população residente"
1190307;Fafe;38.9;2016;0008259;"Índice de dependência de idosos (N.º) por Local de residência (NUTS - 2013); Anual - INE, Estimativas anuais da população residente"
16D0112;Murtosa;38.9;2016;0008259;"Índice de dependência de idosos (N.º) por Local de residência (NUTS - 2013); Anual - INE, Estimativas anuais da população residente"
1840207;Cuba;38.9;2016;0008259;"Índice de dependência de idosos (N.º) por Local de residência (NUTS - 2013); Anual - INE, Estimativas anuais da população residente"
1701512;Setúbal;39;2016;0008259;"Índice de dependência de idosos (N.º) por Local de residência (NUTS - 2013); Anual - INE, Estimativas anuais da população residente"
16G1823;Viseu;39.1;2016;0008259;"Índice de dependência de idosos (N.º) por Local de residência (NUTS - 2013); Anual - INE, Estimativas anuais da população residente"
16I1408;Constância;39.4;2016;0008259;"Índice de dependência de idosos (N.º) por Local de residência (NUTS - 2013); Anual - INE, Estimativas anuais da população residente"
16D0108;Estarreja;39.5;2016;0008259;"Índice de dependência de idosos (N.º) por Local de residência (NUTS - 2013); Anual - INE, Estimativas anuais da população residente"
1111607;Ponte de Lima;39.6;2016;0008259;"Índice de dependência de idosos (N.º) por Local de residência (NUTS - 2013); Anual - INE, Estimativas anuais da população residente"
11C0305;Celorico de Basto;39.6;2016;0008259;"Índice de dependência de idosos (N.º) por Local de residência (NUTS - 2013); Anual - INE, Estimativas anuais da população residente"
1701503;Almada;39.6;2016;0008259;"Índice de dependência de idosos (N.º) por Local de residência (NUTS - 2013); Anual - INE, Estimativas anuais da população residente"
1701110;Oeiras;39.8;2016;0008259;"Índice de dependência de idosos (N.º) por Local de residência (NUTS - 2013); Anual - INE, Estimativas anuais da população residente"
16G1810;Oliveira de Frades;40.1;2016;0008259;"Índice de dependência de idosos (N.º) por Local de residência (NUTS - 2013); Anual - INE, Estimativas anuais da população residente"
1851406;Cartaxo;40.2;2016;0008259;"Índice de dependência de idosos (N.º) por Local de residência (NUTS - 2013); Anual - INE, Estimativas anuais da população residente"
11D1820;Tarouca;40.3;2016;0008259;"Índice de dependência de idosos (N.º) por Local de residência (NUTS - 2013); Anual - INE, Estimativas anuais da população residente"
16B1108;Lourinhã;40.4;2016;0008259;"Índice de dependência de idosos (N.º) por Local de residência (NUTS - 2013); Anual - INE, Estimativas anuais da população residente"
1500813;Silves;40.5;2016;0008259;"Índice de dependência de idosos (N.º) por Local de residência (NUTS - 2013); Anual - INE, Estimativas anuais da população residente"
3003101;Calheta;40.5;2016;0008259;"Índice de dependência de idosos (N.º) por Local de residência (NUTS - 2013); Anual - INE, Estimativas anuais da população residente"
16F1016;Porto de Mós;40.7;2016;0008259;"Índice de dependência de idosos (N.º) por Local de residência (NUTS - 2013); Anual - INE, Estimativas anuais da população residente"
11A0104;Arouca;40.8;2016;0008259;"Índice de dependência de idosos (N.º) por Local de residência (NUTS - 2013); Anual - INE, Estimativas anuais da população residente"
1861207;Elvas;40.8;2016;0008259;"Índice de dependência de idosos (N.º) por Local de residência (NUTS - 2013); Anual - INE, Estimativas anuais da população residente"
1870713;Viana do Alentejo;40.9;2016;0008259;"Índice de dependência de idosos (N.º) por Local de residência (NUTS - 2013); Anual - INE, Estimativas anuais da população residente"
11A1312;Porto;41.2;2016;0008259;"Índice de dependência de idosos (N.º) por Local de residência (NUTS - 2013); Anual - INE, Estimativas anuais da população residente"
185;Lezíria do Tejo;41.2;2016;0008259;"Índice de dependência de idosos (N.º) por Local de residência (NUTS - 2013); Anual - INE, Estimativas anuais da população residente"
1851403;Almeirim;41.2;2016;0008259;"Índice de dependência de idosos (N.º) por Local de residência (NUTS - 2013); Anual - INE, Estimativas anuais da população residente"
11A1314;Santo Tirso;41.3;2016;0008259;"Índice de dependência de idosos (N.º) por Local de residência (NUTS - 2013); Anual - INE, Estimativas anuais da população residente"
16F;Região de Leiria;41.5;2016;0008259;"Índice de dependência de idosos (N.º) por Local de residência (NUTS - 2013); Anual - INE, Estimativas anuais da população residente"
16B1006;Caldas da Rainha;41.6;2016;0008259;"Índice de dependência de idosos (N.º) por Local de residência (NUTS - 2013); Anual - INE, Estimativas anuais da população residente"
16E0617;Vila Nova de Poiares;41.7;2016;0008259;"Índice de dependência de idosos (N.º) por Local de residência (NUTS - 2013); Anual - INE, Estimativas anuais da população residente"
1500807;Lagos;42;2016;0008259;"Índice de dependência de idosos (N.º) por Local de residência (NUTS - 2013); Anual - INE, Estimativas anuais da população residente"
16J0907;Guarda;42;2016;0008259;"Índice de dependência de idosos (N.º) por Local de residência (NUTS - 2013); Anual - INE, Estimativas anuais da população residente"
1701504;Barreiro;42.1;2016;0008259;"Índice de dependência de idosos (N.º) por Local de residência (NUTS - 2013); Anual - INE, Estimativas anuais da população residente"
16B1001;Alcobaça;42.2;2016;0008259;"Índice de dependência de idosos (N.º) por Local de residência (NUTS - 2013); Anual - INE, Estimativas anuais da população residente"
16E0603;Coimbra;42.2;2016;0008259;"Índice de dependência de idosos (N.º) por Local de residência (NUTS - 2013); Anual - INE, Estimativas anuais da população residente"
16B1012;Óbidos;42.5;2016;0008259;"Índice de dependência de idosos (N.º) por Local de residência (NUTS - 2013); Anual - INE, Estimativas anuais da população residente"
11C1813;Resende;42.7;2016;0008259;"Índice de dependência de idosos (N.º) por Local de residência (NUTS - 2013); Anual - INE, Estimativas anuais da população residente"
1500812;São Brás de Alportel;42.7;2016;0008259;"Índice de dependência de idosos (N.º) por Local de residência (NUTS - 2013); Anual - INE, Estimativas anuais da população residente"
181;Alentejo Litoral;42.7;2016;0008259;"Índice de dependência de idosos (N.º) por Local de residência (NUTS - 2013); Anual - INE, Estimativas anuais da população residente"
1111609;Viana do Castelo;43;2016;0008259;"Índice de dependência de idosos (N.º) por Local de residência (NUTS - 2013); Anual - INE, Estimativas anuais da população residente"
16D0101;Águeda;43;2016;0008259;"Índice de dependência de idosos (N.º) por Local de residência (NUTS - 2013); Anual - INE, Estimativas anuais da população residente"
1840214;Vidigueira;43;2016;0008259;"Índice de dependência de idosos (N.º) por Local de residência (NUTS - 2013); Anual - INE, Estimativas anuais da população residente"
1851416;Santarém;43;2016;0008259;"Índice de dependência de idosos (N.º) por Local de residência (NUTS - 2013); Anual - INE, Estimativas anuais da população residente"
11C1804;Cinfães;43.1;2016;0008259;"Índice de dependência de idosos (N.º) por Local de residência (NUTS - 2013); Anual - INE, Estimativas anuais da população residente"
1851415;Salvaterra de Magos;43.1;2016;0008259;"Índice de dependência de idosos (N.º) por Local de residência (NUTS - 2013); Anual - INE, Estimativas anuais da população residente"
16B1011;Nazaré;43.2;2016;0008259;"Índice de dependência de idosos (N.º) por Local de residência (NUTS - 2013); Anual - INE, Estimativas anuais da população residente"
16E0111;Mealhada;43.2;2016;0008259;"Índice de dependência de idosos (N.º) por Local de residência (NUTS - 2013); Anual - INE, Estimativas anuais da população residente"
16E0610;Montemor-o-Velho;43.2;2016;0008259;"Índice de dependência de idosos (N.º) por Local de residência (NUTS - 2013); Anual - INE, Estimativas anuais da população residente"
16E0609;Miranda do Corvo;43.3;2016;0008259;"Índice de dependência de idosos (N.º) por Local de residência (NUTS - 2013); Anual - INE, Estimativas anuais da população residente"
1111610;Vila Nova de Cerveira;43.4;2016;0008259;"Índice de dependência de idosos (N.º) por Local de residência (NUTS - 2013); Anual - INE, Estimativas anuais da população residente"
16B1014;Peniche;43.4;2016;0008259;"Índice de dependência de idosos (N.º) por Local de residência (NUTS - 2013); Anual - INE, Estimativas anuais da população residente"
16I1420;Vila Nova da Barquinha;43.4;2016;0008259;"Índice de dependência de idosos (N.º) por Local de residência (NUTS - 2013); Anual - INE, Estimativas anuais da população residente"
1111608;Valença;43.6;2016;0008259;"Índice de dependência de idosos (N.º) por Local de residência (NUTS - 2013); Anual - INE, Estimativas anuais da população residente"
1500803;Aljezur;43.6;2016;0008259;"Índice de dependência de idosos (N.º) por Local de residência (NUTS - 2013); Anual - INE, Estimativas anuais da população residente"
1840206;Castro Verde;43.6;2016;0008259;"Índice de dependência de idosos (N.º) por Local de residência (NUTS - 2013); Anual - INE, Estimativas anuais da população residente"
1870711;Reguengos de Monsaraz;43.6;2016;0008259;"Índice de dependência de idosos (N.º) por Local de residência (NUTS - 2013); Anual - INE, Estimativas anuais da população residente"
16I1421;Ourém;43.7;2016;0008259;"Índice de dependência de idosos (N.º) por Local de residência (NUTS - 2013); Anual - INE, Estimativas anuais da população residente"
11D1805;Lamego;44.1;2016;0008259;"Índice de dependência de idosos (N.º) por Local de residência (NUTS - 2013); Anual - INE, Estimativas anuais da população residente"
16B1005;Bombarral;44.1;2016;0008259;"Índice de dependência de idosos (N.º) por Local de residência (NUTS - 2013); Anual - INE, Estimativas anuais da população residente"
18;Alentejo;44.1;2016;0008259;"Índice de dependência de idosos (N.º) por Local de residência (NUTS - 2013); Anual - INE, Estimativas anuais da população residente"
3003110;São Vicente;44.3;2016;0008259;"Índice de dependência de idosos (N.º) por Local de residência (NUTS - 2013); Anual - INE, Estimativas anuais da população residente"
1500816;Vila Real de Santo António;44.4;2016;0008259;"Índice de dependência de idosos (N.º) por Local de residência (NUTS - 2013); Anual - INE, Estimativas anuais da população residente"
187;Alentejo Central;44.6;2016;0008259;"Índice de dependência de idosos (N.º) por Local de residência (NUTS - 2013); Anual - INE, Estimativas anuais da população residente"
1870710;Redondo;44.7;2016;0008259;"Índice de dependência de idosos (N.º) por Local de residência (NUTS - 2013); Anual - INE, Estimativas anuais da população residente"
1870714;Vila Viçosa;44.8;2016;0008259;"Índice de dependência de idosos (N.º) por Local de residência (NUTS - 2013); Anual - INE, Estimativas anuais da população residente"
16;Centro;45;2016;0008259;"Índice de dependência de idosos (N.º) por Local de residência (NUTS - 2013); Anual - INE, Estimativas anuais da população residente"
1500815;Vila do Bispo;45.3;2016;0008259;"Índice de dependência de idosos (N.º) por Local de residência (NUTS - 2013); Anual - INE, Estimativas anuais da população residente"
184;Baixo Alentejo;45.3;2016;0008259;"Índice de dependência de idosos (N.º) por Local de residência (NUTS - 2013); Anual - INE, Estimativas anuais da população residente"
1870702;Arraiolos;45.4;2016;0008259;"Índice de dependência de idosos (N.º) por Local de residência (NUTS - 2013); Anual - INE, Estimativas anuais da população residente"
1811505;Grândola;45.6;2016;0008259;"Índice de dependência de idosos (N.º) por Local de residência (NUTS - 2013); Anual - INE, Estimativas anuais da população residente"
1870709;Portel;45.6;2016;0008259;"Índice de dependência de idosos (N.º) por Local de residência (NUTS - 2013); Anual - INE, Estimativas anuais da população residente"
1870708;Mourão;45.8;2016;0008259;"Índice de dependência de idosos (N.º) por Local de residência (NUTS - 2013); Anual - INE, Estimativas anuais da população residente"
11D1708;Peso da Régua;45.9;2016;0008259;"Índice de dependência de idosos (N.º) por Local de residência (NUTS - 2013); Anual - INE, Estimativas anuais da população residente"
1840210;Moura;45.9;2016;0008259;"Índice de dependência de idosos (N.º) por Local de residência (NUTS - 2013); Anual - INE, Estimativas anuais da população residente"
1851412;Golegã;46;2016;0008259;"Índice de dependência de idosos (N.º) por Local de residência (NUTS - 2013); Anual - INE, Estimativas anuais da população residente"
3003106;Porto Moniz;46.3;2016;0008259;"Índice de dependência de idosos (N.º) por Local de residência (NUTS - 2013); Anual - INE, Estimativas anuais da população residente"
1840203;Alvito;46.5;2016;0008259;"Índice de dependência de idosos (N.º) por Local de residência (NUTS - 2013); Anual - INE, Estimativas anuais da população residente"
1840208;Ferreira do Alentejo;46.5;2016;0008259;"Índice de dependência de idosos (N.º) por Local de residência (NUTS - 2013); Anual - INE, Estimativas anuais da população residente"
11D1704;Mesão Frio;46.6;2016;0008259;"Índice de dependência de idosos (N.º) por Local de residência (NUTS - 2013); Anual - INE, Estimativas anuais da população residente"
16E;Região de Coimbra;46.8;2016;0008259;"Índice de dependência de idosos (N.º) por Local de residência (NUTS - 2013); Anual - INE, Estimativas anuais da população residente"
1861211;Monforte;47;2016;0008259;"Índice de dependência de idosos (N.º) por Local de residência (NUTS - 2013); Anual - INE, Estimativas anuais da população residente"
11D1815;São João da Pesqueira;47.1;2016;0008259;"Índice de dependência de idosos (N.º) por Local de residência (NUTS - 2013); Anual - INE, Estimativas anuais da população residente"
1851404;Alpiarça;47.1;2016;0008259;"Índice de dependência de idosos (N.º) por Local de residência (NUTS - 2013); Anual - INE, Estimativas anuais da população residente"
11E0402;Bragança;47.2;2016;0008259;"Índice de dependência de idosos (N.º) por Local de residência (NUTS - 2013); Anual - INE, Estimativas anuais da população residente"
1861214;Portalegre;47.6;2016;0008259;"Índice de dependência de idosos (N.º) por Local de residência (NUTS - 2013); Anual - INE, Estimativas anuais da população residente"
1870704;Estremoz;47.6;2016;0008259;"Índice de dependência de idosos (N.º) por Local de residência (NUTS - 2013); Anual - INE, Estimativas anuais da população residente"
16I1419;Torres Novas;47.7;2016;0008259;"Índice de dependência de idosos (N.º) por Local de residência (NUTS - 2013); Anual - INE, Estimativas anuais da população residente"
11A0107;Espinho;47.8;2016;0008259;"Índice de dependência de idosos (N.º) por Local de residência (NUTS - 2013); Anual - INE, Estimativas anuais da população residente"
1840213;Serpa;47.8;2016;0008259;"Índice de dependência de idosos (N.º) por Local de residência (NUTS - 2013); Anual - INE, Estimativas anuais da população residente"
16E0605;Figueira da Foz;48.1;2016;0008259;"Índice de dependência de idosos (N.º) por Local de residência (NUTS - 2013); Anual - INE, Estimativas anuais da população residente"
3003109;Santana;48.1;2016;0008259;"Índice de dependência de idosos (N.º) por Local de residência (NUTS - 2013); Anual - INE, Estimativas anuais da população residente"
111;Alto Minho;48.2;2016;0008259;"Índice de dependência de idosos (N.º) por Local de residência (NUTS - 2013); Anual - INE, Estimativas anuais da população residente"
16H0502;Castelo Branco;48.4;2016;0008259;"Índice de dependência de idosos (N.º) por Local de residência (NUTS - 2013); Anual - INE, Estimativas anuais da população residente"
1870703;Borba;48.4;2016;0008259;"Índice de dependência de idosos (N.º) por Local de residência (NUTS - 2013); Anual - INE, Estimativas anuais da população residente"
1191705;Mondim de Basto;48.5;2016;0008259;"Índice de dependência de idosos (N.º) por Local de residência (NUTS - 2013); Anual - INE, Estimativas anuais da população residente"
16G;Viseu Dão Lafões;48.6;2016;0008259;"Índice de dependência de idosos (N.º) por Local de residência (NUTS - 2013); Anual - INE, Estimativas anuais da população residente"
16I;Médio Tejo;48.7;2016;0008259;"Índice de dependência de idosos (N.º) por Local de residência (NUTS - 2013); Anual - INE, Estimativas anuais da população residente"
16E0611;Oliveira do Hospital;48.8;2016;0008259;"Índice de dependência de idosos (N.º) por Local de residência (NUTS - 2013); Anual - INE, Estimativas anuais da população residente"
1840201;Aljustrel;48.8;2016;0008259;"Índice de dependência de idosos (N.º) por Local de residência (NUTS - 2013); Anual - INE, Estimativas anuais da população residente"
16I1402;Alcanena;48.9;2016;0008259;"Índice de dependência de idosos (N.º) por Local de residência (NUTS - 2013); Anual - INE, Estimativas anuais da população residente"
11A0119;Vale de Cambra;49;2016;0008259;"Índice de dependência de idosos (N.º) por Local de residência (NUTS - 2013); Anual - INE, Estimativas anuais da população residente"
16B1104;Cadaval;49;2016;0008259;"Índice de dependência de idosos (N.º) por Local de residência (NUTS - 2013); Anual - INE, Estimativas anuais da população residente"
1870712;Vendas Novas;49.2;2016;0008259;"Índice de dependência de idosos (N.º) por Local de residência (NUTS - 2013); Anual - INE, Estimativas anuais da população residente"
11D;Douro;49.5;2016;0008259;"Índice de dependência de idosos (N.º) por Local de residência (NUTS - 2013); Anual - INE, Estimativas anuais da população residente"
16F1015;Pombal;49.9;2016;0008259;"Índice de dependência de idosos (N.º) por Local de residência (NUTS - 2013); Anual - INE, Estimativas anuais da população residente"
16D0103;Anadia;50.3;2016;0008259;"Índice de dependência de idosos (N.º) por Local de residência (NUTS - 2013); Anual - INE, Estimativas anuais da população residente"
1120310;Terras de Bouro;50.7;2016;0008259;"Índice de dependência de idosos (N.º) por Local de residência (NUTS - 2013); Anual - INE, Estimativas anuais da população residente"
186;Alto Alentejo;50.7;2016;0008259;"Índice de dependência de idosos (N.º) por Local de residência (NUTS - 2013); Anual - INE, Estimativas anuais da população residente"
11D1801;Armamar;50.9;2016;0008259;"Índice de dependência de idosos (N.º) por Local de residência (NUTS - 2013); Anual - INE, Estimativas anuais da população residente"
1111606;Ponte da Barca;51.1;2016;0008259;"Índice de dependência de idosos (N.º) por Local de residência (NUTS - 2013); Anual - INE, Estimativas anuais da população residente"
16E0616;Tábua;51.1;2016;0008259;"Índice de dependência de idosos (N.º) por Local de residência (NUTS - 2013); Anual - INE, Estimativas anuais da população residente"
1111602;Caminha;51.2;2016;0008259;"Índice de dependência de idosos (N.º) por Local de residência (NUTS - 2013); Anual - INE, Estimativas anuais da população residente"
1861202;Arronches;51.2;2016;0008259;"Índice de dependência de idosos (N.º) por Local de residência (NUTS - 2013); Anual - INE, Estimativas anuais da população residente"
1870706;Montemor-o-Novo;51.2;2016;0008259;"Índice de dependência de idosos (N.º) por Local de residência (NUTS - 2013); Anual - INE, Estimativas anuais da população residente"
16G1806;Mangualde;51.3;2016;0008259;"Índice de dependência de idosos (N.º) por Local de residência (NUTS - 2013); Anual - INE, Estimativas anuais da população residente"
1861213;Ponte de Sor;51.4;2016;0008259;"Índice de dependência de idosos (N.º) por Local de residência (NUTS - 2013); Anual - INE, Estimativas anuais da população residente"
1500814;Tavira;51.8;2016;0008259;"Índice de dependência de idosos (N.º) por Local de residência (NUTS - 2013); Anual - INE, Estimativas anuais da população residente"
16D0117;Sever do Vouga;51.8;2016;0008259;"Índice de dependência de idosos (N.º) por Local de residência (NUTS - 2013); Anual - INE, Estimativas anuais da população residente"
16I1417;Sardoal;51.8;2016;0008259;"Índice de dependência de idosos (N.º) por Local de residência (NUTS - 2013); Anual - INE, Estimativas anuais da população residente"
1811509;Santiago do Cacém;51.8;2016;0008259;"Índice de dependência de idosos (N.º) por Local de residência (NUTS - 2013); Anual - INE, Estimativas anuais da população residente"
1870701;Alandroal;51.8;2016;0008259;"Índice de dependência de idosos (N.º) por Local de residência (NUTS - 2013); Anual - INE, Estimativas anuais da população residente"
11D1807;Moimenta da Beira;51.9;2016;0008259;"Índice de dependência de idosos (N.º) por Local de residência (NUTS - 2013); Anual - INE, Estimativas anuais da população residente"
1861215;Sousel;52;2016;0008259;"Índice de dependência de idosos (N.º) por Local de residência (NUTS - 2013); Anual - INE, Estimativas anuais da população residente"
16E0614;Penela;52.3;2016;0008259;"Índice de dependência de idosos (N.º) por Local de residência (NUTS - 2013); Anual - INE, Estimativas anuais da população residente"
16J0503;Covilhã;52.4;2016;0008259;"Índice de dependência de idosos (N.º) por Local de residência (NUTS - 2013); Anual - INE, Estimativas anuais da população residente"
16E0602;Cantanhede;52.6;2016;0008259;"Índice de dependência de idosos (N.º) por Local de residência (NUTS - 2013); Anual - INE, Estimativas anuais da população residente"
16E0608;Mira;52.8;2016;0008259;"Índice de dependência de idosos (N.º) por Local de residência (NUTS - 2013); Anual - INE, Estimativas anuais da população residente"
1111605;Paredes de Coura;52.9;2016;0008259;"Índice de dependência de idosos (N.º) por Local de residência (NUTS - 2013); Anual - INE, Estimativas anuais da população residente"
16I1418;Tomar;53;2016;0008259;"Índice de dependência de idosos (N.º) por Local de residência (NUTS - 2013); Anual - INE, Estimativas anuais da população residente"
1190311;Vieira do Minho;53.2;2016;0008259;"Índice de dependência de idosos (N.º) por Local de residência (NUTS - 2013); Anual - INE, Estimativas anuais da população residente"
1861208;Fronteira;53.4;2016;0008259;"Índice de dependência de idosos (N.º) por Local de residência (NUTS - 2013); Anual - INE, Estimativas anuais da população residente"
16G1817;Sátão;53.7;2016;0008259;"Índice de dependência de idosos (N.º) por Local de residência (NUTS - 2013); Anual - INE, Estimativas anuais da população residente"
16G1809;Nelas;53.9;2016;0008259;"Índice de dependência de idosos (N.º) por Local de residência (NUTS - 2013); Anual - INE, Estimativas anuais da população residente"
1851407;Chamusca;54.3;2016;0008259;"Índice de dependência de idosos (N.º) por Local de residência (NUTS - 2013); Anual - INE, Estimativas anuais da população residente"
16I1401;Abrantes;54.5;2016;0008259;"Índice de dependência de idosos (N.º) por Local de residência (NUTS - 2013); Anual - INE, Estimativas anuais da população residente"
16G1824;Vouzela;54.6;2016;0008259;"Índice de dependência de idosos (N.º) por Local de residência (NUTS - 2013); Anual - INE, Estimativas anuais da população residente"
16I1411;Ferreira do Zêzere;54.7;2016;0008259;"Índice de dependência de idosos (N.º) por Local de residência (NUTS - 2013); Anual - INE, Estimativas anuais da população residente"
11D1818;Sernancelhe;54.8;2016;0008259;"Índice de dependência de idosos (N.º) por Local de residência (NUTS - 2013); Anual - INE, Estimativas anuais da população residente"
16I0509;Sertã;55.3;2016;0008259;"Índice de dependência de idosos (N.º) por Local de residência (NUTS - 2013); Anual - INE, Estimativas anuais da população residente"
1500804;Castro Marim;55.9;2016;0008259;"Índice de dependência de idosos (N.º) por Local de residência (NUTS - 2013); Anual - INE, Estimativas anuais da população residente"
1861201;Alter do Chão;56;2016;0008259;"Índice de dependência de idosos (N.º) por Local de residência (NUTS - 2013); Anual - INE, Estimativas anuais da população residente"
16F1003;Ansião;56.2;2016;0008259;"Índice de dependência de idosos (N.º) por Local de residência (NUTS - 2013); Anual - INE, Estimativas anuais da população residente"
16G1822;Vila Nova de Paiva;56.2;2016;0008259;"Índice de dependência de idosos (N.º) por Local de residência (NUTS - 2013); Anual - INE, Estimativas anuais da população residente"
16G1821;Tondela;56.5;2016;0008259;"Índice de dependência de idosos (N.º) por Local de residência (NUTS - 2013); Anual - INE, Estimativas anuais da população residente"
11B1709;Ribeira de Pena;56.6;2016;0008259;"Índice de dependência de idosos (N.º) por Local de residência (NUTS - 2013); Anual - INE, Estimativas anuais da população residente"
16G1802;Carregal do Sal;56.6;2016;0008259;"Índice de dependência de idosos (N.º) por Local de residência (NUTS - 2013); Anual - INE, Estimativas anuais da população residente"
1840202;Almodôvar;56.6;2016;0008259;"Índice de dependência de idosos (N.º) por Local de residência (NUTS - 2013); Anual - INE, Estimativas anuais da população residente"
16J0501;Belmonte;56.8;2016;0008259;"Índice de dependência de idosos (N.º) por Local de residência (NUTS - 2013); Anual - INE, Estimativas anuais da população residente"
1811501;Alcácer do Sal;56.9;2016;0008259;"Índice de dependência de idosos (N.º) por Local de residência (NUTS - 2013); Anual - INE, Estimativas anuais da população residente"
11D1711;Santa Marta de Penaguião;57.7;2016;0008259;"Índice de dependência de idosos (N.º) por Local de residência (NUTS - 2013); Anual - INE, Estimativas anuais da população residente"
11D1819;Tabuaço;57.7;2016;0008259;"Índice de dependência de idosos (N.º) por Local de residência (NUTS - 2013); Anual - INE, Estimativas anuais da população residente"
16E0613;Penacova;57.7;2016;0008259;"Índice de dependência de idosos (N.º) por Local de residência (NUTS - 2013); Anual - INE, Estimativas anuais da população residente"
1861203;Avis;57.7;2016;0008259;"Índice de dependência de idosos (N.º) por Local de residência (NUTS - 2013); Anual - INE, Estimativas anuais da população residente"
16G1803;Castro Daire;57.8;2016;0008259;"Índice de dependência de idosos (N.º) por Local de residência (NUTS - 2013); Anual - INE, Estimativas anuais da população residente"
16G1814;Santa Comba Dão;57.8;2016;0008259;"Índice de dependência de idosos (N.º) por Local de residência (NUTS - 2013); Anual - INE, Estimativas anuais da população residente"
11D1710;Sabrosa;57.9;2016;0008259;"Índice de dependência de idosos (N.º) por Local de residência (NUTS - 2013); Anual - INE, Estimativas anuais da população residente"
16J0504;Fundão;57.9;2016;0008259;"Índice de dependência de idosos (N.º) por Local de residência (NUTS - 2013); Anual - INE, Estimativas anuais da população residente"
11E0407;Mirandela;58.4;2016;0008259;"Índice de dependência de idosos (N.º) por Local de residência (NUTS - 2013); Anual - INE, Estimativas anuais da população residente"
16E0601;Arganil;58.8;2016;0008259;"Índice de dependência de idosos (N.º) por Local de residência (NUTS - 2013); Anual - INE, Estimativas anuais da população residente"
1840212;Ourique;58.8;2016;0008259;"Índice de dependência de idosos (N.º) por Local de residência (NUTS - 2013); Anual - INE, Estimativas anuais da população residente"
16G1816;São Pedro do Sul;58.9;2016;0008259;"Índice de dependência de idosos (N.º) por Local de residência (NUTS - 2013); Anual - INE, Estimativas anuais da população residente"
1851409;Coruche;58.9;2016;0008259;"Índice de dependência de idosos (N.º) por Local de residência (NUTS - 2013); Anual - INE, Estimativas anuais da população residente"
16J;Beiras e Serra da Estrela;59.2;2016;0008259;"Índice de dependência de idosos (N.º) por Local de residência (NUTS - 2013); Anual - INE, Estimativas anuais da população residente"
11D1701;Alijó;59.3;2016;0008259;"Índice de dependência de idosos (N.º) por Local de residência (NUTS - 2013); Anual - INE, Estimativas anuais da população residente"
16H;Beira Baixa;59.3;2016;0008259;"Índice de dependência de idosos (N.º) por Local de residência (NUTS - 2013); Anual - INE, Estimativas anuais da população residente"
11B1703;Chaves;59.6;2016;0008259;"Índice de dependência de idosos (N.º) por Local de residência (NUTS - 2013); Anual - INE, Estimativas anuais da população residente"
1861210;Marvão;60.2;2016;0008259;"Índice de dependência de idosos (N.º) por Local de residência (NUTS - 2013); Anual - INE, Estimativas anuais da população residente"
16E0615;Soure;60.7;2016;0008259;"Índice de dependência de idosos (N.º) por Local de residência (NUTS - 2013); Anual - INE, Estimativas anuais da população residente"
16F1013;Pedrógão Grande;60.9;2016;0008259;"Índice de dependência de idosos (N.º) por Local de residência (NUTS - 2013); Anual - INE, Estimativas anuais da população residente"
11E;Terras de Trás-os-Montes;61.3;2016;0008259;"Índice de dependência de idosos (N.º) por Local de residência (NUTS - 2013); Anual - INE, Estimativas anuais da população residente"
11D1812;Penedono;61.4;2016;0008259;"Índice de dependência de idosos (N.º) por Local de residência (NUTS - 2013); Anual - INE, Estimativas anuais da população residente"
1861205;Castelo de Vide;61.4;2016;0008259;"Índice de dependência de idosos (N.º) por Local de residência (NUTS - 2013); Anual - INE, Estimativas anuais da população residente"
1500809;Monchique;61.7;2016;0008259;"Índice de dependência de idosos (N.º) por Local de residência (NUTS - 2013); Anual - INE, Estimativas anuais da população residente"
1111604;Monção;61.8;2016;0008259;"Índice de dependência de idosos (N.º) por Local de residência (NUTS - 2013); Anual - INE, Estimativas anuais da população residente"
11E0405;Macedo de Cavaleiros;63.6;2016;0008259;"Índice de dependência de idosos (N.º) por Local de residência (NUTS - 2013); Anual - INE, Estimativas anuais da população residente"
16G1811;Penalva do Castelo;63.8;2016;0008259;"Índice de dependência de idosos (N.º) por Local de residência (NUTS - 2013); Anual - INE, Estimativas anuais da população residente"
16J0905;Fornos de Algodres;64;2016;0008259;"Índice de dependência de idosos (N.º) por Local de residência (NUTS - 2013); Anual - INE, Estimativas anuais da população residente"
16J0912;Seia;64.3;2016;0008259;"Índice de dependência de idosos (N.º) por Local de residência (NUTS - 2013); Anual - INE, Estimativas anuais da população residente"
16F1008;Figueiró dos Vinhos;64.6;2016;0008259;"Índice de dependência de idosos (N.º) por Local de residência (NUTS - 2013); Anual - INE, Estimativas anuais da população residente"
11B1713;Vila Pouca de Aguiar;64.7;2016;0008259;"Índice de dependência de idosos (N.º) por Local de residência (NUTS - 2013); Anual - INE, Estimativas anuais da população residente"
11E0410;Vila Flor;65.2;2016;0008259;"Índice de dependência de idosos (N.º) por Local de residência (NUTS - 2013); Anual - INE, Estimativas anuais da população residente"
11D1707;Murça;65.7;2016;0008259;"Índice de dependência de idosos (N.º) por Local de residência (NUTS - 2013); Anual - INE, Estimativas anuais da população residente"
16F1007;Castanheira de Pêra;65.9;2016;0008259;"Índice de dependência de idosos (N.º) por Local de residência (NUTS - 2013); Anual - INE, Estimativas anuais da população residente"
16J0903;Celorico da Beira;65.9;2016;0008259;"Índice de dependência de idosos (N.º) por Local de residência (NUTS - 2013); Anual - INE, Estimativas anuais da população residente"
16E1808;Mortágua;66.3;2016;0008259;"Índice de dependência de idosos (N.º) por Local de residência (NUTS - 2013); Anual - INE, Estimativas anuais da população residente"
11B;Alto Tâmega;66.4;2016;0008259;"Índice de dependência de idosos (N.º) por Local de residência (NUTS - 2013); Anual - INE, Estimativas anuais da população residente"
16F1002;Alvaiázere;66.7;2016;0008259;"Índice de dependência de idosos (N.º) por Local de residência (NUTS - 2013); Anual - INE, Estimativas anuais da população residente"
1111601;Arcos de Valdevez;66.8;2016;0008259;"Índice de dependência de idosos (N.º) por Local de residência (NUTS - 2013); Anual - INE, Estimativas anuais da população residente"
1840209;Mértola;66.8;2016;0008259;"Índice de dependência de idosos (N.º) por Local de residência (NUTS - 2013); Anual - INE, Estimativas anuais da população residente"
1861206;Crato;67.1;2016;0008259;"Índice de dependência de idosos (N.º) por Local de residência (NUTS - 2013); Anual - INE, Estimativas anuais da população residente"
11D0914;Vila Nova de Foz Côa;67.6;2016;0008259;"Índice de dependência de idosos (N.º) por Local de residência (NUTS - 2013); Anual - INE, Estimativas anuais da população residente"
16E0606;Góis;68.4;2016;0008259;"Índice de dependência de idosos (N.º) por Local de residência (NUTS - 2013); Anual - INE, Estimativas anuais da população residente"
16J0913;Trancoso;68.4;2016;0008259;"Índice de dependência de idosos (N.º) por Local de residência (NUTS - 2013); Anual - INE, Estimativas anuais da população residente"
16G0901;Aguiar da Beira;69.2;2016;0008259;"Índice de dependência de idosos (N.º) por Local de residência (NUTS - 2013); Anual - INE, Estimativas anuais da população residente"
16J0908;Manteigas;70;2016;0008259;"Índice de dependência de idosos (N.º) por Local de residência (NUTS - 2013); Anual - INE, Estimativas anuais da população residente"
1870707;Mora;70.3;2016;0008259;"Índice de dependência de idosos (N.º) por Local de residência (NUTS - 2013); Anual - INE, Estimativas anuais da população residente"
11E0401;Alfândega da Fé;70.7;2016;0008259;"Índice de dependência de idosos (N.º) por Local de residência (NUTS - 2013); Anual - INE, Estimativas anuais da população residente"
16I0510;Vila de Rei;71.4;2016;0008259;"Índice de dependência de idosos (N.º) por Local de residência (NUTS - 2013); Anual - INE, Estimativas anuais da população residente"
11D0404;Freixo de Espada à Cinta;71.5;2016;0008259;"Índice de dependência de idosos (N.º) por Local de residência (NUTS - 2013); Anual - INE, Estimativas anuais da população residente"
16H0508;Proença-a-Nova;72.2;2016;0008259;"Índice de dependência de idosos (N.º) por Local de residência (NUTS - 2013); Anual - INE, Estimativas anuais da população residente"
16J0904;Figueira de Castelo Rodrigo;72.5;2016;0008259;"Índice de dependência de idosos (N.º) por Local de residência (NUTS - 2013); Anual - INE, Estimativas anuais da população residente"
11D0403;Carrazeda de Ansiães;72.7;2016;0008259;"Índice de dependência de idosos (N.º) por Local de residência (NUTS - 2013); Anual - INE, Estimativas anuais da população residente"
16J0909;Mêda;72.7;2016;0008259;"Índice de dependência de idosos (N.º) por Local de residência (NUTS - 2013); Anual - INE, Estimativas anuais da população residente"
16J0906;Gouveia;73.3;2016;0008259;"Índice de dependência de idosos (N.º) por Local de residência (NUTS - 2013); Anual - INE, Estimativas anuais da população residente"
11B1702;Boticas;73.4;2016;0008259;"Índice de dependência de idosos (N.º) por Local de residência (NUTS - 2013); Anual - INE, Estimativas anuais da população residente"
11E0408;Mogadouro;74;2016;0008259;"Índice de dependência de idosos (N.º) por Local de residência (NUTS - 2013); Anual - INE, Estimativas anuais da população residente"
16J0910;Pinhel;74.5;2016;0008259;"Índice de dependência de idosos (N.º) por Local de residência (NUTS - 2013); Anual - INE, Estimativas anuais da população residente"
1861212;Nisa;76.4;2016;0008259;"Índice de dependência de idosos (N.º) por Local de residência (NUTS - 2013); Anual - INE, Estimativas anuais da população residente"
11E0406;Miranda do Douro;77.9;2016;0008259;"Índice de dependência de idosos (N.º) por Local de residência (NUTS - 2013); Anual - INE, Estimativas anuais da população residente"
11B1706;Montalegre;79;2016;0008259;"Índice de dependência de idosos (N.º) por Local de residência (NUTS - 2013); Anual - INE, Estimativas anuais da população residente"
16I1413;Mação;79.8;2016;0008259;"Índice de dependência de idosos (N.º) por Local de residência (NUTS - 2013); Anual - INE, Estimativas anuais da população residente"
1861209;Gavião;80.2;2016;0008259;"Índice de dependência de idosos (N.º) por Local de residência (NUTS - 2013); Anual - INE, Estimativas anuais da população residente"
11B1712;Valpaços;81;2016;0008259;"Índice de dependência de idosos (N.º) por Local de residência (NUTS - 2013); Anual - INE, Estimativas anuais da população residente"
11D0409;Torre de Moncorvo;81.9;2016;0008259;"Índice de dependência de idosos (N.º) por Local de residência (NUTS - 2013); Anual - INE, Estimativas anuais da população residente"
16H0505;Idanha-a-Nova;82.2;2016;0008259;"Índice de dependência de idosos (N.º) por Local de residência (NUTS - 2013); Anual - INE, Estimativas anuais da população residente"
16H0507;Penamacor;87.4;2016;0008259;"Índice de dependência de idosos (N.º) por Local de residência (NUTS - 2013); Anual - INE, Estimativas anuais da população residente"
1111603;Melgaço;88.3;2016;0008259;"Índice de dependência de idosos (N.º) por Local de residência (NUTS - 2013); Anual - INE, Estimativas anuais da população residente"
11E0411;Vimioso;88.3;2016;0008259;"Índice de dependência de idosos (N.º) por Local de residência (NUTS - 2013); Anual - INE, Estimativas anuais da população residente"
16H0511;Vila Velha de Ródão;88.9;2016;0008259;"Índice de dependência de idosos (N.º) por Local de residência (NUTS - 2013); Anual - INE, Estimativas anuais da população residente"
16J0902;Almeida;90.2;2016;0008259;"Índice de dependência de idosos (N.º) por Local de residência (NUTS - 2013); Anual - INE, Estimativas anuais da população residente"
16J0911;Sabugal;92.2;2016;0008259;"Índice de dependência de idosos (N.º) por Local de residência (NUTS - 2013); Anual - INE, Estimativas anuais da população residente"
16E0612;Pampilhosa da Serra;93.6;2016;0008259;"Índice de dependência de idosos (N.º) por Local de residência (NUTS - 2013); Anual - INE, Estimativas anuais da população residente"
16H0506;Oleiros;94;2016;0008259;"Índice de dependência de idosos (N.º) por Local de residência (NUTS - 2013); Anual - INE, Estimativas anuais da população residente"
11E0412;Vinhais;95.6;2016;0008259;"Índice de dependência de idosos (N.º) por Local de residência (NUTS - 2013); Anual - INE, Estimativas anuais da população residente"
1500802;Alcoutim;97.6;2016;0008259;"Índice de dependência de idosos (N.º) por Local de residência (NUTS - 2013); Anual - INE, Estimativas anuais da população residente"
2004205;Ribeira Grande;16.7;2017;0008259;"Índice de dependência de idosos (N.º) por Local de residência (NUTS - 2013); Anual - INE, Estimativas anuais da população residente"
2004201;Lagoa;19;2017;0008259;"Índice de dependência de idosos (N.º) por Local de residência (NUTS - 2013); Anual - INE, Estimativas anuais da população residente"
3003108;Santa Cruz;22;2017;0008259;"Índice de dependência de idosos (N.º) por Local de residência (NUTS - 2013); Anual - INE, Estimativas anuais da população residente"
3003102;Câmara de Lobos;23;2017;0008259;"Índice de dependência de idosos (N.º) por Local de residência (NUTS - 2013); Anual - INE, Estimativas anuais da população residente"
2004203;Ponta Delgada;23.3;2017;0008259;"Índice de dependência de idosos (N.º) por Local de residência (NUTS - 2013); Anual - INE, Estimativas anuais da população residente"
2004206;Vila Franca do Campo;23.3;2017;0008259;"Índice de dependência de idosos (N.º) por Local de residência (NUTS - 2013); Anual - INE, Estimativas anuais da população residente"
11C1305;Lousada;24.2;2017;0008259;"Índice de dependência de idosos (N.º) por Local de residência (NUTS - 2013); Anual - INE, Estimativas anuais da população residente"
11C1309;Paços de Ferreira;25.5;2017;0008259;"Índice de dependência de idosos (N.º) por Local de residência (NUTS - 2013); Anual - INE, Estimativas anuais da população residente"
2;Região Autónoma dos Açores;25.6;2017;0008259;"Índice de dependência de idosos (N.º) por Local de residência (NUTS - 2013); Anual - INE, Estimativas anuais da população residente"
20;Região Autónoma dos Açores;25.6;2017;0008259;"Índice de dependência de idosos (N.º) por Local de residência (NUTS - 2013); Anual - INE, Estimativas anuais da população residente"
200;Região Autónoma dos Açores;25.6;2017;0008259;"Índice de dependência de idosos (N.º) por Local de residência (NUTS - 2013); Anual - INE, Estimativas anuais da população residente"
11A1310;Paredes;25.9;2017;0008259;"Índice de dependência de idosos (N.º) por Local de residência (NUTS - 2013); Anual - INE, Estimativas anuais da população residente"
2004204;Povoação;26.1;2017;0008259;"Índice de dependência de idosos (N.º) por Local de residência (NUTS - 2013); Anual - INE, Estimativas anuais da população residente"
2004901;Corvo;27.2;2017;0008259;"Índice de dependência de idosos (N.º) por Local de residência (NUTS - 2013); Anual - INE, Estimativas anuais da população residente"
3003201;Porto Santo;27.2;2017;0008259;"Índice de dependência de idosos (N.º) por Local de residência (NUTS - 2013); Anual - INE, Estimativas anuais da população residente"
2004101;Vila do Porto;27.3;2017;0008259;"Índice de dependência de idosos (N.º) por Local de residência (NUTS - 2013); Anual - INE, Estimativas anuais da população residente"
1701502;Alcochete;27.4;2017;0008259;"Índice de dependência de idosos (N.º) por Local de residência (NUTS - 2013); Anual - INE, Estimativas anuais da população residente"
1701109;Mafra;27.8;2017;0008259;"Índice de dependência de idosos (N.º) por Local de residência (NUTS - 2013); Anual - INE, Estimativas anuais da população residente"
1190314;Vizela;28.1;2017;0008259;"Índice de dependência de idosos (N.º) por Local de residência (NUTS - 2013); Anual - INE, Estimativas anuais da população residente"
11C1311;Penafiel;28.4;2017;0008259;"Índice de dependência de idosos (N.º) por Local de residência (NUTS - 2013); Anual - INE, Estimativas anuais da população residente"
1500801;Albufeira;28.5;2017;0008259;"Índice de dependência de idosos (N.º) por Local de residência (NUTS - 2013); Anual - INE, Estimativas anuais da população residente"
16B1102;Arruda dos Vinhos;28.5;2017;0008259;"Índice de dependência de idosos (N.º) por Local de residência (NUTS - 2013); Anual - INE, Estimativas anuais da população residente"
1701111;Sintra;28.5;2017;0008259;"Índice de dependência de idosos (N.º) por Local de residência (NUTS - 2013); Anual - INE, Estimativas anuais da população residente"
2004802;Santa Cruz das Flores;28.6;2017;0008259;"Índice de dependência de idosos (N.º) por Local de residência (NUTS - 2013); Anual - INE, Estimativas anuais da população residente"
1701507;Montijo;28.8;2017;0008259;"Índice de dependência de idosos (N.º) por Local de residência (NUTS - 2013); Anual - INE, Estimativas anuais da população residente"
11C1307;Marco de Canaveses;29;2017;0008259;"Índice de dependência de idosos (N.º) por Local de residência (NUTS - 2013); Anual - INE, Estimativas anuais da população residente"
1120303;Braga;29.4;2017;0008259;"Índice de dependência de idosos (N.º) por Local de residência (NUTS - 2013); Anual - INE, Estimativas anuais da população residente"
2004302;Vila da Praia da Vitória;29.4;2017;0008259;"Índice de dependência de idosos (N.º) por Local de residência (NUTS - 2013); Anual - INE, Estimativas anuais da população residente"
11C1303;Felgueiras;29.6;2017;0008259;"Índice de dependência de idosos (N.º) por Local de residência (NUTS - 2013); Anual - INE, Estimativas anuais da população residente"
2004602;Madalena;30;2017;0008259;"Índice de dependência de idosos (N.º) por Local de residência (NUTS - 2013); Anual - INE, Estimativas anuais da população residente"
1701114;Vila Franca de Xira;30.2;2017;0008259;"Índice de dependência de idosos (N.º) por Local de residência (NUTS - 2013); Anual - INE, Estimativas anuais da população residente"
16B1112;Sobral de Monte Agraço;30.3;2017;0008259;"Índice de dependência de idosos (N.º) por Local de residência (NUTS - 2013); Anual - INE, Estimativas anuais da população residente"
1851405;Benavente;30.4;2017;0008259;"Índice de dependência de idosos (N.º) por Local de residência (NUTS - 2013); Anual - INE, Estimativas anuais da população residente"
2004301;Angra do Heroísmo;30.4;2017;0008259;"Índice de dependência de idosos (N.º) por Local de residência (NUTS - 2013); Anual - INE, Estimativas anuais da população residente"
11A1306;Maia;30.6;2017;0008259;"Índice de dependência de idosos (N.º) por Local de residência (NUTS - 2013); Anual - INE, Estimativas anuais da população residente"
11C;Tâmega e Sousa;30.7;2017;0008259;"Índice de dependência de idosos (N.º) por Local de residência (NUTS - 2013); Anual - INE, Estimativas anuais da população residente"
11A1315;Valongo;30.9;2017;0008259;"Índice de dependência de idosos (N.º) por Local de residência (NUTS - 2013); Anual - INE, Estimativas anuais da população residente"
16B1101;Alenquer;30.9;2017;0008259;"Índice de dependência de idosos (N.º) por Local de residência (NUTS - 2013); Anual - INE, Estimativas anuais da população residente"
3;Região Autónoma da Madeira;31.2;2017;0008259;"Índice de dependência de idosos (N.º) por Local de residência (NUTS - 2013); Anual - INE, Estimativas anuais da população residente"
30;Região Autónoma da Madeira;31.2;2017;0008259;"Índice de dependência de idosos (N.º) por Local de residência (NUTS - 2013); Anual - INE, Estimativas anuais da população residente"
300;Região Autónoma da Madeira;31.2;2017;0008259;"Índice de dependência de idosos (N.º) por Local de residência (NUTS - 2013); Anual - INE, Estimativas anuais da população residente"
2004202;Nordeste;31.4;2017;0008259;"Índice de dependência de idosos (N.º) por Local de residência (NUTS - 2013); Anual - INE, Estimativas anuais da população residente"
112;Cávado;31.5;2017;0008259;"Índice de dependência de idosos (N.º) por Local de residência (NUTS - 2013); Anual - INE, Estimativas anuais da população residente"
1120306;Esposende;31.9;2017;0008259;"Índice de dependência de idosos (N.º) por Local de residência (NUTS - 2013); Anual - INE, Estimativas anuais da população residente"
11A1318;Trofa;31.9;2017;0008259;"Índice de dependência de idosos (N.º) por Local de residência (NUTS - 2013); Anual - INE, Estimativas anuais da população residente"
2004701;Horta;31.9;2017;0008259;"Índice de dependência de idosos (N.º) por Local de residência (NUTS - 2013); Anual - INE, Estimativas anuais da população residente"
3003107;Ribeira Brava;31.9;2017;0008259;"Índice de dependência de idosos (N.º) por Local de residência (NUTS - 2013); Anual - INE, Estimativas anuais da população residente"
2004502;Velas;32;2017;0008259;"Índice de dependência de idosos (N.º) por Local de residência (NUTS - 2013); Anual - INE, Estimativas anuais da população residente"
1120302;Barcelos;32.2;2017;0008259;"Índice de dependência de idosos (N.º) por Local de residência (NUTS - 2013); Anual - INE, Estimativas anuais da população residente"
1701511;Sesimbra;32.2;2017;0008259;"Índice de dependência de idosos (N.º) por Local de residência (NUTS - 2013); Anual - INE, Estimativas anuais da população residente"
2004801;Lajes das Flores;32.2;2017;0008259;"Índice de dependência de idosos (N.º) por Local de residência (NUTS - 2013); Anual - INE, Estimativas anuais da população residente"
1190312;Vila Nova de Famalicão;32.3;2017;0008259;"Índice de dependência de idosos (N.º) por Local de residência (NUTS - 2013); Anual - INE, Estimativas anuais da população residente"
3003105;Ponta do Sol;32.3;2017;0008259;"Índice de dependência de idosos (N.º) por Local de residência (NUTS - 2013); Anual - INE, Estimativas anuais da população residente"
16I1410;Entroncamento;32.4;2017;0008259;"Índice de dependência de idosos (N.º) por Local de residência (NUTS - 2013); Anual - INE, Estimativas anuais da população residente"
11A1316;Vila do Conde;32.6;2017;0008259;"Índice de dependência de idosos (N.º) por Local de residência (NUTS - 2013); Anual - INE, Estimativas anuais da população residente"
11A1313;Póvoa de Varzim;32.8;2017;0008259;"Índice de dependência de idosos (N.º) por Local de residência (NUTS - 2013); Anual - INE, Estimativas anuais da população residente"
1701508;Palmela;33;2017;0008259;"Índice de dependência de idosos (N.º) por Local de residência (NUTS - 2013); Anual - INE, Estimativas anuais da população residente"
1810211;Odemira;33.1;2017;0008259;"Índice de dependência de idosos (N.º) por Local de residência (NUTS - 2013); Anual - INE, Estimativas anuais da população residente"
3003104;Machico;33.1;2017;0008259;"Índice de dependência de idosos (N.º) por Local de residência (NUTS - 2013); Anual - INE, Estimativas anuais da população residente"
1190308;Guimarães;33.3;2017;0008259;"Índice de dependência de idosos (N.º) por Local de residência (NUTS - 2013); Anual - INE, Estimativas anuais da população residente"
2004603;São Roque do Pico;33.3;2017;0008259;"Índice de dependência de idosos (N.º) por Local de residência (NUTS - 2013); Anual - INE, Estimativas anuais da população residente"
11C0106;Castelo de Paiva;33.5;2017;0008259;"Índice de dependência de idosos (N.º) por Local de residência (NUTS - 2013); Anual - INE, Estimativas anuais da população residente"
16D0105;Aveiro;33.8;2017;0008259;"Índice de dependência de idosos (N.º) por Local de residência (NUTS - 2013); Anual - INE, Estimativas anuais da população residente"
2004401;Santa Cruz da Graciosa;34;2017;0008259;"Índice de dependência de idosos (N.º) por Local de residência (NUTS - 2013); Anual - INE, Estimativas anuais da população residente"
16D0110;Ílhavo;34.1;2017;0008259;"Índice de dependência de idosos (N.º) por Local de residência (NUTS - 2013); Anual - INE, Estimativas anuais da população residente"
119;Ave;34.3;2017;0008259;"Índice de dependência de idosos (N.º) por Local de residência (NUTS - 2013); Anual - INE, Estimativas anuais da população residente"
1701116;Odivelas;34.3;2017;0008259;"Índice de dependência de idosos (N.º) por Local de residência (NUTS - 2013); Anual - INE, Estimativas anuais da população residente"
1120301;Amares;34.5;2017;0008259;"Índice de dependência de idosos (N.º) por Local de residência (NUTS - 2013); Anual - INE, Estimativas anuais da população residente"
1120313;Vila Verde;34.7;2017;0008259;"Índice de dependência de idosos (N.º) por Local de residência (NUTS - 2013); Anual - INE, Estimativas anuais da população residente"
11A0109;Santa Maria da Feira;34.8;2017;0008259;"Índice de dependência de idosos (N.º) por Local de residência (NUTS - 2013); Anual - INE, Estimativas anuais da população residente"
17;Área Metropolitana de Lisboa;34.9;2017;0008259;"Índice de dependência de idosos (N.º) por Local de residência (NUTS - 2013); Anual - INE, Estimativas anuais da população residente"
170;Área Metropolitana de Lisboa;34.9;2017;0008259;"Índice de dependência de idosos (N.º) por Local de residência (NUTS - 2013); Anual - INE, Estimativas anuais da população residente"
3003103;Funchal;34.9;2017;0008259;"Índice de dependência de idosos (N.º) por Local de residência (NUTS - 2013); Anual - INE, Estimativas anuais da população residente"
11A1317;Vila Nova de Gaia;35.1;2017;0008259;"Índice de dependência de idosos (N.º) por Local de residência (NUTS - 2013); Anual - INE, Estimativas anuais da população residente"
11A1304;Gondomar;35.2;2017;0008259;"Índice de dependência de idosos (N.º) por Local de residência (NUTS - 2013); Anual - INE, Estimativas anuais da população residente"
16D0115;Ovar;35.2;2017;0008259;"Índice de dependência de idosos (N.º) por Local de residência (NUTS - 2013); Anual - INE, Estimativas anuais da população residente"
11A0116;São João da Madeira;35.5;2017;0008259;"Índice de dependência de idosos (N.º) por Local de residência (NUTS - 2013); Anual - INE, Estimativas anuais da população residente"
1500805;Faro;35.5;2017;0008259;"Índice de dependência de idosos (N.º) por Local de residência (NUTS - 2013); Anual - INE, Estimativas anuais da população residente"
16B1113;Torres Vedras;35.5;2017;0008259;"Índice de dependência de idosos (N.º) por Local de residência (NUTS - 2013); Anual - INE, Estimativas anuais da população residente"
11A;Área Metropolitana do Porto;35.6;2017;0008259;"Índice de dependência de idosos (N.º) por Local de residência (NUTS - 2013); Anual - INE, Estimativas anuais da população residente"
1840204;Barrancos;35.6;2017;0008259;"Índice de dependência de idosos (N.º) por Local de residência (NUTS - 2013); Anual - INE, Estimativas anuais da população residente"
1701506;Moita;35.7;2017;0008259;"Índice de dependência de idosos (N.º) por Local de residência (NUTS - 2013); Anual - INE, Estimativas anuais da população residente"
1701510;Seixal;35.8;2017;0008259;"Índice de dependência de idosos (N.º) por Local de residência (NUTS - 2013); Anual - INE, Estimativas anuais da população residente"
1500811;Portimão;35.9;2017;0008259;"Índice de dependência de idosos (N.º) por Local de residência (NUTS - 2013); Anual - INE, Estimativas anuais da população residente"
16E0604;Condeixa-a-Nova;35.9;2017;0008259;"Índice de dependência de idosos (N.º) por Local de residência (NUTS - 2013); Anual - INE, Estimativas anuais da população residente"
1190309;Póvoa de Lanhoso;36.2;2017;0008259;"Índice de dependência de idosos (N.º) por Local de residência (NUTS - 2013); Anual - INE, Estimativas anuais da população residente"
1851103;Azambuja;36.2;2017;0008259;"Índice de dependência de idosos (N.º) por Local de residência (NUTS - 2013); Anual - INE, Estimativas anuais da população residente"
16D0102;Albergaria-a-Velha;36.4;2017;0008259;"Índice de dependência de idosos (N.º) por Local de residência (NUTS - 2013); Anual - INE, Estimativas anuais da população residente"
16F1009;Leiria;36.4;2017;0008259;"Índice de dependência de idosos (N.º) por Local de residência (NUTS - 2013); Anual - INE, Estimativas anuais da população residente"
1701107;Loures;36.4;2017;0008259;"Índice de dependência de idosos (N.º) por Local de residência (NUTS - 2013); Anual - INE, Estimativas anuais da população residente"
1701106;Lisboa;36.5;2017;0008259;"Índice de dependência de idosos (N.º) por Local de residência (NUTS - 2013); Anual - INE, Estimativas anuais da população residente"
1701115;Amadora;36.5;2017;0008259;"Índice de dependência de idosos (N.º) por Local de residência (NUTS - 2013); Anual - INE, Estimativas anuais da população residente"
16D0114;Oliveira do Bairro;36.7;2017;0008259;"Índice de dependência de idosos (N.º) por Local de residência (NUTS - 2013); Anual - INE, Estimativas anuais da população residente"
16E0607;Lousã;37;2017;0008259;"Índice de dependência de idosos (N.º) por Local de residência (NUTS - 2013); Anual - INE, Estimativas anuais da população residente"
11;Norte;37.1;2017;0008259;"Índice de dependência de idosos (N.º) por Local de residência (NUTS - 2013); Anual - INE, Estimativas anuais da população residente"
11C1301;Amarante;37.1;2017;0008259;"Índice de dependência de idosos (N.º) por Local de residência (NUTS - 2013); Anual - INE, Estimativas anuais da população residente"
1701105;Cascais;37.1;2017;0008259;"Índice de dependência de idosos (N.º) por Local de residência (NUTS - 2013); Anual - INE, Estimativas anuais da população residente"
16F1010;Marinha Grande;37.3;2017;0008259;"Índice de dependência de idosos (N.º) por Local de residência (NUTS - 2013); Anual - INE, Estimativas anuais da população residente"
1811513;Sines;37.4;2017;0008259;"Índice de dependência de idosos (N.º) por Local de residência (NUTS - 2013); Anual - INE, Estimativas anuais da população residente"
11C1302;Baião;37.5;2017;0008259;"Índice de dependência de idosos (N.º) por Local de residência (NUTS - 2013); Anual - INE, Estimativas anuais da população residente"
1840205;Beja;37.5;2017;0008259;"Índice de dependência de idosos (N.º) por Local de residência (NUTS - 2013); Anual - INE, Estimativas anuais da população residente"
16F1004;Batalha;37.6;2017;0008259;"Índice de dependência de idosos (N.º) por Local de residência (NUTS - 2013); Anual - INE, Estimativas anuais da população residente"
1190304;Cabeceiras de Basto;37.7;2017;0008259;"Índice de dependência de idosos (N.º) por Local de residência (NUTS - 2013); Anual - INE, Estimativas anuais da população residente"
1500810;Olhão;37.7;2017;0008259;"Índice de dependência de idosos (N.º) por Local de residência (NUTS - 2013); Anual - INE, Estimativas anuais da população residente"
2004501;Calheta;37.7;2017;0008259;"Índice de dependência de idosos (N.º) por Local de residência (NUTS - 2013); Anual - INE, Estimativas anuais da população residente"
1851414;Rio Maior;37.8;2017;0008259;"Índice de dependência de idosos (N.º) por Local de residência (NUTS - 2013); Anual - INE, Estimativas anuais da população residente"
11A1308;Matosinhos;38;2017;0008259;"Índice de dependência de idosos (N.º) por Local de residência (NUTS - 2013); Anual - INE, Estimativas anuais da população residente"
16D;Região de Aveiro;38;2017;0008259;"Índice de dependência de idosos (N.º) por Local de residência (NUTS - 2013); Anual - INE, Estimativas anuais da população residente"
1500806;Lagoa;38.2;2017;0008259;"Índice de dependência de idosos (N.º) por Local de residência (NUTS - 2013); Anual - INE, Estimativas anuais da população residente"
PT;Portugal;38.2;2017;0008259;"Índice de dependência de idosos (N.º) por Local de residência (NUTS - 2013); Anual - INE, Estimativas anuais da população residente"
1500808;Loulé;38.3;2017;0008259;"Índice de dependência de idosos (N.º) por Local de residência (NUTS - 2013); Anual - INE, Estimativas anuais da população residente"
16B;Oeste;38.5;2017;0008259;"Índice de dependência de idosos (N.º) por Local de residência (NUTS - 2013); Anual - INE, Estimativas anuais da população residente"
1861204;Campo Maior;38.5;2017;0008259;"Índice de dependência de idosos (N.º) por Local de residência (NUTS - 2013); Anual - INE, Estimativas anuais da população residente"
11A0113;Oliveira de Azeméis;38.6;2017;0008259;"Índice de dependência de idosos (N.º) por Local de residência (NUTS - 2013); Anual - INE, Estimativas anuais da população residente"
16D0118;Vagos;38.6;2017;0008259;"Índice de dependência de idosos (N.º) por Local de residência (NUTS - 2013); Anual - INE, Estimativas anuais da população residente"
1870705;Évora;38.6;2017;0008259;"Índice de dependência de idosos (N.º) por Local de residência (NUTS - 2013); Anual - INE, Estimativas anuais da população residente"
2004601;Lajes do Pico;38.6;2017;0008259;"Índice de dependência de idosos (N.º) por Local de residência (NUTS - 2013); Anual - INE, Estimativas anuais da população residente"
1;Continente;38.7;2017;0008259;"Índice de dependência de idosos (N.º) por Local de residência (NUTS - 2013); Anual - INE, Estimativas anuais da população residente"
11D1714;Vila Real;38.8;2017;0008259;"Índice de dependência de idosos (N.º) por Local de residência (NUTS - 2013); Anual - INE, Estimativas anuais da população residente"
15;Algarve;38.8;2017;0008259;"Índice de dependência de idosos (N.º) por Local de residência (NUTS - 2013); Anual - INE, Estimativas anuais da população residente"
150;Algarve;38.8;2017;0008259;"Índice de dependência de idosos (N.º) por Local de residência (NUTS - 2013); Anual - INE, Estimativas anuais da população residente"
1190307;Fafe;38.9;2017;0008259;"Índice de dependência de idosos (N.º) por Local de residência (NUTS - 2013); Anual - INE, Estimativas anuais da população residente"
16D0112;Murtosa;38.9;2017;0008259;"Índice de dependência de idosos (N.º) por Local de residência (NUTS - 2013); Anual - INE, Estimativas anuais da população residente"
1840207;Cuba;38.9;2017;0008259;"Índice de dependência de idosos (N.º) por Local de residência (NUTS - 2013); Anual - INE, Estimativas anuais da população residente"
1701512;Setúbal;39;2017;0008259;"Índice de dependência de idosos (N.º) por Local de residência (NUTS - 2013); Anual - INE, Estimativas anuais da população residente"
16G1823;Viseu;39.1;2017;0008259;"Índice de dependência de idosos (N.º) por Local de residência (NUTS - 2013); Anual - INE, Estimativas anuais da população residente"
16I1408;Constância;39.4;2017;0008259;"Índice de dependência de idosos (N.º) por Local de residência (NUTS - 2013); Anual - INE, Estimativas anuais da população residente"
16D0108;Estarreja;39.5;2017;0008259;"Índice de dependência de idosos (N.º) por Local de residência (NUTS - 2013); Anual - INE, Estimativas anuais da população residente"
1111607;Ponte de Lima;39.6;2017;0008259;"Índice de dependência de idosos (N.º) por Local de residência (NUTS - 2013); Anual - INE, Estimativas anuais da população residente"
11C0305;Celorico de Basto;39.6;2017;0008259;"Índice de dependência de idosos (N.º) por Local de residência (NUTS - 2013); Anual - INE, Estimativas anuais da população residente"
1701503;Almada;39.6;2017;0008259;"Índice de dependência de idosos (N.º) por Local de residência (NUTS - 2013); Anual - INE, Estimativas anuais da população residente"
1701110;Oeiras;39.8;2017;0008259;"Índice de dependência de idosos (N.º) por Local de residência (NUTS - 2013); Anual - INE, Estimativas anuais da população residente"
16G1810;Oliveira de Frades;40.1;2017;0008259;"Índice de dependência de idosos (N.º) por Local de residência (NUTS - 2013); Anual - INE, Estimativas anuais da população residente"
1851406;Cartaxo;40.2;2017;0008259;"Índice de dependência de idosos (N.º) por Local de residência (NUTS - 2013); Anual - INE, Estimativas anuais da população residente"
11D1820;Tarouca;40.3;2017;0008259;"Índice de dependência de idosos (N.º) por Local de residência (NUTS - 2013); Anual - INE, Estimativas anuais da população residente"
16B1108;Lourinhã;40.4;2017;0008259;"Índice de dependência de idosos (N.º) por Local de residência (NUTS - 2013); Anual - INE, Estimativas anuais da população residente"
1500813;Silves;40.5;2017;0008259;"Índice de dependência de idosos (N.º) por Local de residência (NUTS - 2013); Anual - INE, Estimativas anuais da população residente"
3003101;Calheta;40.5;2017;0008259;"Índice de dependência de idosos (N.º) por Local de residência (NUTS - 2013); Anual - INE, Estimativas anuais da população residente"
16F1016;Porto de Mós;40.7;2017;0008259;"Índice de dependência de idosos (N.º) por Local de residência (NUTS - 2013); Anual - INE, Estimativas anuais da população residente"
11A0104;Arouca;40.8;2017;0008259;"Índice de dependência de idosos (N.º) por Local de residência (NUTS - 2013); Anual - INE, Estimativas anuais da população residente"
1861207;Elvas;40.8;2017;0008259;"Índice de dependência de idosos (N.º) por Local de residência (NUTS - 2013); Anual - INE, Estimativas anuais da população residente"
1870713;Viana do Alentejo;40.9;2017;0008259;"Índice de dependência de idosos (N.º) por Local de residência (NUTS - 2013); Anual - INE, Estimativas anuais da população residente"
11A1312;Porto;41.2;2017;0008259;"Índice de dependência de idosos (N.º) por Local de residência (NUTS - 2013); Anual - INE, Estimativas anuais da população residente"
185;Lezíria do Tejo;41.2;2017;0008259;"Índice de dependência de idosos (N.º) por Local de residência (NUTS - 2013); Anual - INE, Estimativas anuais da população residente"
1851403;Almeirim;41.2;2017;0008259;"Índice de dependência de idosos (N.º) por Local de residência (NUTS - 2013); Anual - INE, Estimativas anuais da população residente"
11A1314;Santo Tirso;41.3;2017;0008259;"Índice de dependência de idosos (N.º) por Local de residência (NUTS - 2013); Anual - INE, Estimativas anuais da população residente"
16F;Região de Leiria;41.5;2017;0008259;"Índice de dependência de idosos (N.º) por Local de residência (NUTS - 2013); Anual - INE, Estimativas anuais da população residente"
16B1006;Caldas da Rainha;41.6;2017;0008259;"Índice de dependência de idosos (N.º) por Local de residência (NUTS - 2013); Anual - INE, Estimativas anuais da população residente"
16E0617;Vila Nova de Poiares;41.7;2017;0008259;"Índice de dependência de idosos (N.º) por Local de residência (NUTS - 2013); Anual - INE, Estimativas anuais da população residente"
1500807;Lagos;42;2017;0008259;"Índice de dependência de idosos (N.º) por Local de residência (NUTS - 2013); Anual - INE, Estimativas anuais da população residente"
16J0907;Guarda;42;2017;0008259;"Índice de dependência de idosos (N.º) por Local de residência (NUTS - 2013); Anual - INE, Estimativas anuais da população residente"
1701504;Barreiro;42.1;2017;0008259;"Índice de dependência de idosos (N.º) por Local de residência (NUTS - 2013); Anual - INE, Estimativas anuais da população residente"
16B1001;Alcobaça;42.2;2017;0008259;"Índice de dependência de idosos (N.º) por Local de residência (NUTS - 2013); Anual - INE, Estimativas anuais da população residente"
16E0603;Coimbra;42.2;2017;0008259;"Índice de dependência de idosos (N.º) por Local de residência (NUTS - 2013); Anual - INE, Estimativas anuais da população residente"
16B1012;Óbidos;42.5;2017;0008259;"Índice de dependência de idosos (N.º) por Local de residência (NUTS - 2013); Anual - INE, Estimativas anuais da população residente"
11C1813;Resende;42.7;2017;0008259;"Índice de dependência de idosos (N.º) por Local de residência (NUTS - 2013); Anual - INE, Estimativas anuais da população residente"
1500812;São Brás de Alportel;42.7;2017;0008259;"Índice de dependência de idosos (N.º) por Local de residência (NUTS - 2013); Anual - INE, Estimativas anuais da população residente"
181;Alentejo Litoral;42.7;2017;0008259;"Índice de dependência de idosos (N.º) por Local de residência (NUTS - 2013); Anual - INE, Estimativas anuais da população residente"
1111609;Viana do Castelo;43;2017;0008259;"Índice de dependência de idosos (N.º) por Local de residência (NUTS - 2013); Anual - INE, Estimativas anuais da população residente"
16D0101;Águeda;43;2017;0008259;"Índice de dependência de idosos (N.º) por Local de residência (NUTS - 2013); Anual - INE, Estimativas anuais da população residente"
1840214;Vidigueira;43;2017;0008259;"Índice de dependência de idosos (N.º) por Local de residência (NUTS - 2013); Anual - INE, Estimativas anuais da população residente"
1851416;Santarém;43;2017;0008259;"Índice de dependência de idosos (N.º) por Local de residência (NUTS - 2013); Anual - INE, Estimativas anuais da população residente"
11C1804;Cinfães;43.1;2017;0008259;"Índice de dependência de idosos (N.º) por Local de residência (NUTS - 2013); Anual - INE, Estimativas anuais da população residente"
1851415;Salvaterra de Magos;43.1;2017;0008259;"Índice de dependência de idosos (N.º) por Local de residência (NUTS - 2013); Anual - INE, Estimativas anuais da população residente"
16B1011;Nazaré;43.2;2017;0008259;"Índice de dependência de idosos (N.º) por Local de residência (NUTS - 2013); Anual - INE, Estimativas anuais da população residente"
16E0111;Mealhada;43.2;2017;0008259;"Índice de dependência de idosos (N.º) por Local de residência (NUTS - 2013); Anual - INE, Estimativas anuais da população residente"
16E0610;Montemor-o-Velho;43.2;2017;0008259;"Índice de dependência de idosos (N.º) por Local de residência (NUTS - 2013); Anual - INE, Estimativas anuais da população residente"
16E0609;Miranda do Corvo;43.3;2017;0008259;"Índice de dependência de idosos (N.º) por Local de residência (NUTS - 2013); Anual - INE, Estimativas anuais da população residente"
1111610;Vila Nova de Cerveira;43.4;2017;0008259;"Índice de dependência de idosos (N.º) por Local de residência (NUTS - 2013); Anual - INE, Estimativas anuais da população residente"
16B1014;Peniche;43.4;2017;0008259;"Índice de dependência de idosos (N.º) por Local de residência (NUTS - 2013); Anual - INE, Estimativas anuais da população residente"
16I1420;Vila Nova da Barquinha;43.4;2017;0008259;"Índice de dependência de idosos (N.º) por Local de residência (NUTS - 2013); Anual - INE, Estimativas anuais da população residente"
1111608;Valença;43.6;2017;0008259;"Índice de dependência de idosos (N.º) por Local de residência (NUTS - 2013); Anual - INE, Estimativas anuais da população residente"
1500803;Aljezur;43.6;2017;0008259;"Índice de dependência de idosos (N.º) por Local de residência (NUTS - 2013); Anual - INE, Estimativas anuais da população residente"
1840206;Castro Verde;43.6;2017;0008259;"Índice de dependência de idosos (N.º) por Local de residência (NUTS - 2013); Anual - INE, Estimativas anuais da população residente"
1870711;Reguengos de Monsaraz;43.6;2017;0008259;"Índice de dependência de idosos (N.º) por Local de residência (NUTS - 2013); Anual - INE, Estimativas anuais da população residente"
16I1421;Ourém;43.7;2017;0008259;"Índice de dependência de idosos (N.º) por Local de residência (NUTS - 2013); Anual - INE, Estimativas anuais da população residente"
11D1805;Lamego;44.1;2017;0008259;"Índice de dependência de idosos (N.º) por Local de residência (NUTS - 2013); Anual - INE, Estimativas anuais da população residente"
16B1005;Bombarral;44.1;2017;0008259;"Índice de dependência de idosos (N.º) por Local de residência (NUTS - 2013); Anual - INE, Estimativas anuais da população residente"
18;Alentejo;44.1;2017;0008259;"Índice de dependência de idosos (N.º) por Local de residência (NUTS - 2013); Anual - INE, Estimativas anuais da população residente"
3003110;São Vicente;44.3;2017;0008259;"Índice de dependência de idosos (N.º) por Local de residência (NUTS - 2013); Anual - INE, Estimativas anuais da população residente"
1500816;Vila Real de Santo António;44.4;2017;0008259;"Índice de dependência de idosos (N.º) por Local de residência (NUTS - 2013); Anual - INE, Estimativas anuais da população residente"
187;Alentejo Central;44.6;2017;0008259;"Índice de dependência de idosos (N.º) por Local de residência (NUTS - 2013); Anual - INE, Estimativas anuais da população residente"
1870710;Redondo;44.7;2017;0008259;"Índice de dependência de idosos (N.º) por Local de residência (NUTS - 2013); Anual - INE, Estimativas anuais da população residente"
1870714;Vila Viçosa;44.8;2017;0008259;"Índice de dependência de idosos (N.º) por Local de residência (NUTS - 2013); Anual - INE, Estimativas anuais da população residente"
16;Centro;45;2017;0008259;"Índice de dependência de idosos (N.º) por Local de residência (NUTS - 2013); Anual - INE, Estimativas anuais da população residente"
1500815;Vila do Bispo;45.3;2017;0008259;"Índice de dependência de idosos (N.º) por Local de residência (NUTS - 2013); Anual - INE, Estimativas anuais da população residente"
184;Baixo Alentejo;45.3;2017;0008259;"Índice de dependência de idosos (N.º) por Local de residência (NUTS - 2013); Anual - INE, Estimativas anuais da população residente"
1870702;Arraiolos;45.4;2017;0008259;"Índice de dependência de idosos (N.º) por Local de residência (NUTS - 2013); Anual - INE, Estimativas anuais da população residente"
1811505;Grândola;45.6;2017;0008259;"Índice de dependência de idosos (N.º) por Local de residência (NUTS - 2013); Anual - INE, Estimativas anuais da população residente"
1870709;Portel;45.6;2017;0008259;"Índice de dependência de idosos (N.º) por Local de residência (NUTS - 2013); Anual - INE, Estimativas anuais da população residente"
1870708;Mourão;45.8;2017;0008259;"Índice de dependência de idosos (N.º) por Local de residência (NUTS - 2013); Anual - INE, Estimativas anuais da população residente"
11D1708;Peso da Régua;45.9;2017;0008259;"Índice de dependência de idosos (N.º) por Local de residência (NUTS - 2013); Anual - INE, Estimativas anuais da população residente"
1840210;Moura;45.9;2017;0008259;"Índice de dependência de idosos (N.º) por Local de residência (NUTS - 2013); Anual - INE, Estimativas anuais da população residente"
1851412;Golegã;46;2017;0008259;"Índice de dependência de idosos (N.º) por Local de residência (NUTS - 2013); Anual - INE, Estimativas anuais da população residente"
3003106;Porto Moniz;46.3;2017;0008259;"Índice de dependência de idosos (N.º) por Local de residência (NUTS - 2013); Anual - INE, Estimativas anuais da população residente"
1840203;Alvito;46.5;2017;0008259;"Índice de dependência de idosos (N.º) por Local de residência (NUTS - 2013); Anual - INE, Estimativas anuais da população residente"
1840208;Ferreira do Alentejo;46.5;2017;0008259;"Índice de dependência de idosos (N.º) por Local de residência (NUTS - 2013); Anual - INE, Estimativas anuais da população residente"
11D1704;Mesão Frio;46.6;2017;0008259;"Índice de dependência de idosos (N.º) por Local de residência (NUTS - 2013); Anual - INE, Estimativas anuais da população residente"
16E;Região de Coimbra;46.8;2017;0008259;"Índice de dependência de idosos (N.º) por Local de residência (NUTS - 2013); Anual - INE, Estimativas anuais da população residente"
1861211;Monforte;47;2017;0008259;"Índice de dependência de idosos (N.º) por Local de residência (NUTS - 2013); Anual - INE, Estimativas anuais da população residente"
11D1815;São João da Pesqueira;47.1;2017;0008259;"Índice de dependência de idosos (N.º) por Local de residência (NUTS - 2013); Anual - INE, Estimativas anuais da população residente"
1851404;Alpiarça;47.1;2017;0008259;"Índice de dependência de idosos (N.º) por Local de residência (NUTS - 2013); Anual - INE, Estimativas anuais da população residente"
11E0402;Bragança;47.2;2017;0008259;"Índice de dependência de idosos (N.º) por Local de residência (NUTS - 2013); Anual - INE, Estimativas anuais da população residente"
1861214;Portalegre;47.6;2017;0008259;"Índice de dependência de idosos (N.º) por Local de residência (NUTS - 2013); Anual - INE, Estimativas anuais da população residente"
1870704;Estremoz;47.6;2017;0008259;"Índice de dependência de idosos (N.º) por Local de residência (NUTS - 2013); Anual - INE, Estimativas anuais da população residente"
16I1419;Torres Novas;47.7;2017;0008259;"Índice de dependência de idosos (N.º) por Local de residência (NUTS - 2013); Anual - INE, Estimativas anuais da população residente"
11A0107;Espinho;47.8;2017;0008259;"Índice de dependência de idosos (N.º) por Local de residência (NUTS - 2013); Anual - INE, Estimativas anuais da população residente"
1840213;Serpa;47.8;2017;0008259;"Índice de dependência de idosos (N.º) por Local de residência (NUTS - 2013); Anual - INE, Estimativas anuais da população residente"
16E0605;Figueira da Foz;48.1;2017;0008259;"Índice de dependência de idosos (N.º) por Local de residência (NUTS - 2013); Anual - INE, Estimativas anuais da população residente"
3003109;Santana;48.1;2017;0008259;"Índice de dependência de idosos (N.º) por Local de residência (NUTS - 2013); Anual - INE, Estimativas anuais da população residente"
111;Alto Minho;48.2;2017;0008259;"Índice de dependência de idosos (N.º) por Local de residência (NUTS - 2013); Anual - INE, Estimativas anuais da população residente"
16H0502;Castelo Branco;48.4;2017;0008259;"Índice de dependência de idosos (N.º) por Local de residência (NUTS - 2013); Anual - INE, Estimativas anuais da população residente"
1870703;Borba;48.4;2017;0008259;"Índice de dependência de idosos (N.º) por Local de residência (NUTS - 2013); Anual - INE, Estimativas anuais da população residente"
1191705;Mondim de Basto;48.5;2017;0008259;"Índice de dependência de idosos (N.º) por Local de residência (NUTS - 2013); Anual - INE, Estimativas anuais da população residente"
16G;Viseu Dão Lafões;48.6;2017;0008259;"Índice de dependência de idosos (N.º) por Local de residência (NUTS - 2013); Anual - INE, Estimativas anuais da população residente"
16I;Médio Tejo;48.7;2017;0008259;"Índice de dependência de idosos (N.º) por Local de residência (NUTS - 2013); Anual - INE, Estimativas anuais da população residente"
16E0611;Oliveira do Hospital;48.8;2017;0008259;"Índice de dependência de idosos (N.º) por Local de residência (NUTS - 2013); Anual - INE, Estimativas anuais da população residente"
1840201;Aljustrel;48.8;2017;0008259;"Índice de dependência de idosos (N.º) por Local de residência (NUTS - 2013); Anual - INE, Estimativas anuais da população residente"
16I1402;Alcanena;48.9;2017;0008259;"Índice de dependência de idosos (N.º) por Local de residência (NUTS - 2013); Anual - INE, Estimativas anuais da população residente"
11A0119;Vale de Cambra;49;2017;0008259;"Índice de dependência de idosos (N.º) por Local de residência (NUTS - 2013); Anual - INE, Estimativas anuais da população residente"
16B1104;Cadaval;49;2017;0008259;"Índice de dependência de idosos (N.º) por Local de residência (NUTS - 2013); Anual - INE, Estimativas anuais da população residente"
1870712;Vendas Novas;49.2;2017;0008259;"Índice de dependência de idosos (N.º) por Local de residência (NUTS - 2013); Anual - INE, Estimativas anuais da população residente"
11D;Douro;49.5;2017;0008259;"Índice de dependência de idosos (N.º) por Local de residência (NUTS - 2013); Anual - INE, Estimativas anuais da população residente"
16F1015;Pombal;49.9;2017;0008259;"Índice de dependência de idosos (N.º) por Local de residência (NUTS - 2013); Anual - INE, Estimativas anuais da população residente"
16D0103;Anadia;50.3;2017;0008259;"Índice de dependência de idosos (N.º) por Local de residência (NUTS - 2013); Anual - INE, Estimativas anuais da população residente"
1120310;Terras de Bouro;50.7;2017;0008259;"Índice de dependência de idosos (N.º) por Local de residência (NUTS - 2013); Anual - INE, Estimativas anuais da população residente"
186;Alto Alentejo;50.7;2017;0008259;"Índice de dependência de idosos (N.º) por Local de residência (NUTS - 2013); Anual - INE, Estimativas anuais da população residente"
11D1801;Armamar;50.9;2017;0008259;"Índice de dependência de idosos (N.º) por Local de residência (NUTS - 2013); Anual - INE, Estimativas anuais da população residente"
1111606;Ponte da Barca;51.1;2017;0008259;"Índice de dependência de idosos (N.º) por Local de residência (NUTS - 2013); Anual - INE, Estimativas anuais da população residente"
16E0616;Tábua;51.1;2017;0008259;"Índice de dependência de idosos (N.º) por Local de residência (NUTS - 2013); Anual - INE, Estimativas anuais da população residente"
1111602;Caminha;51.2;2017;0008259;"Índice de dependência de idosos (N.º) por Local de residência (NUTS - 2013); Anual - INE, Estimativas anuais da população residente"
1861202;Arronches;51.2;2017;0008259;"Índice de dependência de idosos (N.º) por Local de residência (NUTS - 2013); Anual - INE, Estimativas anuais da população residente"
1870706;Montemor-o-Novo;51.2;2017;0008259;"Índice de dependência de idosos (N.º) por Local de residência (NUTS - 2013); Anual - INE, Estimativas anuais da população residente"
16G1806;Mangualde;51.3;2017;0008259;"Índice de dependência de idosos (N.º) por Local de residência (NUTS - 2013); Anual - INE, Estimativas anuais da população residente"
1861213;Ponte de Sor;51.4;2017;0008259;"Índice de dependência de idosos (N.º) por Local de residência (NUTS - 2013); Anual - INE, Estimativas anuais da população residente"
1500814;Tavira;51.8;2017;0008259;"Índice de dependência de idosos (N.º) por Local de residência (NUTS - 2013); Anual - INE, Estimativas anuais da população residente"
16D0117;Sever do Vouga;51.8;2017;0008259;"Índice de dependência de idosos (N.º) por Local de residência (NUTS - 2013); Anual - INE, Estimativas anuais da população residente"
16I1417;Sardoal;51.8;2017;0008259;"Índice de dependência de idosos (N.º) por Local de residência (NUTS - 2013); Anual - INE, Estimativas anuais da população residente"
1811509;Santiago do Cacém;51.8;2017;0008259;"Índice de dependência de idosos (N.º) por Local de residência (NUTS - 2013); Anual - INE, Estimativas anuais da população residente"
1870701;Alandroal;51.8;2017;0008259;"Índice de dependência de idosos (N.º) por Local de residência (NUTS - 2013); Anual - INE, Estimativas anuais da população residente"
11D1807;Moimenta da Beira;51.9;2017;0008259;"Índice de dependência de idosos (N.º) por Local de residência (NUTS - 2013); Anual - INE, Estimativas anuais da população residente"
1861215;Sousel;52;2017;0008259;"Índice de dependência de idosos (N.º) por Local de residência (NUTS - 2013); Anual - INE, Estimativas anuais da população residente"
16E0614;Penela;52.3;2017;0008259;"Índice de dependência de idosos (N.º) por Local de residência (NUTS - 2013); Anual - INE, Estimativas anuais da população residente"
16J0503;Covilhã;52.4;2017;0008259;"Índice de dependência de idosos (N.º) por Local de residência (NUTS - 2013); Anual - INE, Estimativas anuais da população residente"
16E0602;Cantanhede;52.6;2017;0008259;"Índice de dependência de idosos (N.º) por Local de residência (NUTS - 2013); Anual - INE, Estimativas anuais da população residente"
16E0608;Mira;52.8;2017;0008259;"Índice de dependência de idosos (N.º) por Local de residência (NUTS - 2013); Anual - INE, Estimativas anuais da população residente"
1111605;Paredes de Coura;52.9;2017;0008259;"Índice de dependência de idosos (N.º) por Local de residência (NUTS - 2013); Anual - INE, Estimativas anuais da população residente"
16I1418;Tomar;53;2017;0008259;"Índice de dependência de idosos (N.º) por Local de residência (NUTS - 2013); Anual - INE, Estimativas anuais da população residente"
1190311;Vieira do Minho;53.2;2017;0008259;"Índice de dependência de idosos (N.º) por Local de residência (NUTS - 2013); Anual - INE, Estimativas anuais da população residente"
1861208;Fronteira;53.4;2017;0008259;"Índice de dependência de idosos (N.º) por Local de residência (NUTS - 2013); Anual - INE, Estimativas anuais da população residente"
16G1817;Sátão;53.7;2017;0008259;"Índice de dependência de idosos (N.º) por Local de residência (NUTS - 2013); Anual - INE, Estimativas anuais da população residente"
16G1809;Nelas;53.9;2017;0008259;"Índice de dependência de idosos (N.º) por Local de residência (NUTS - 2013); Anual - INE, Estimativas anuais da população residente"
1851407;Chamusca;54.3;2017;0008259;"Índice de dependência de idosos (N.º) por Local de residência (NUTS - 2013); Anual - INE, Estimativas anuais da população residente"
16I1401;Abrantes;54.5;2017;0008259;"Índice de dependência de idosos (N.º) por Local de residência (NUTS - 2013); Anual - INE, Estimativas anuais da população residente"
16G1824;Vouzela;54.6;2017;0008259;"Índice de dependência de idosos (N.º) por Local de residência (NUTS - 2013); Anual - INE, Estimativas anuais da população residente"
16I1411;Ferreira do Zêzere;54.7;2017;0008259;"Índice de dependência de idosos (N.º) por Local de residência (NUTS - 2013); Anual - INE, Estimativas anuais da população residente"
11D1818;Sernancelhe;54.8;2017;0008259;"Índice de dependência de idosos (N.º) por Local de residência (NUTS - 2013); Anual - INE, Estimativas anuais da população residente"
16I0509;Sertã;55.3;2017;0008259;"Índice de dependência de idosos (N.º) por Local de residência (NUTS - 2013); Anual - INE, Estimativas anuais da população residente"
1500804;Castro Marim;55.9;2017;0008259;"Índice de dependência de idosos (N.º) por Local de residência (NUTS - 2013); Anual - INE, Estimativas anuais da população residente"
1861201;Alter do Chão;56;2017;0008259;"Índice de dependência de idosos (N.º) por Local de residência (NUTS - 2013); Anual - INE, Estimativas anuais da população residente"
16F1003;Ansião;56.2;2017;0008259;"Índice de dependência de idosos (N.º) por Local de residência (NUTS - 2013); Anual - INE, Estimativas anuais da população residente"
16G1822;Vila Nova de Paiva;56.2;2017;0008259;"Índice de dependência de idosos (N.º) por Local de residência (NUTS - 2013); Anual - INE, Estimativas anuais da população residente"
16G1821;Tondela;56.5;2017;0008259;"Índice de dependência de idosos (N.º) por Local de residência (NUTS - 2013); Anual - INE, Estimativas anuais da população residente"
11B1709;Ribeira de Pena;56.6;2017;0008259;"Índice de dependência de idosos (N.º) por Local de residência (NUTS - 2013); Anual - INE, Estimativas anuais da população residente"
16G1802;Carregal do Sal;56.6;2017;0008259;"Índice de dependência de idosos (N.º) por Local de residência (NUTS - 2013); Anual - INE, Estimativas anuais da população residente"
1840202;Almodôvar;56.6;2017;0008259;"Índice de dependência de idosos (N.º) por Local de residência (NUTS - 2013); Anual - INE, Estimativas anuais da população residente"
16J0501;Belmonte;56.8;2017;0008259;"Índice de dependência de idosos (N.º) por Local de residência (NUTS - 2013); Anual - INE, Estimativas anuais da população residente"
1811501;Alcácer do Sal;56.9;2017;0008259;"Índice de dependência de idosos (N.º) por Local de residência (NUTS - 2013); Anual - INE, Estimativas anuais da população residente"
11D1711;Santa Marta de Penaguião;57.7;2017;0008259;"Índice de dependência de idosos (N.º) por Local de residência (NUTS - 2013); Anual - INE, Estimativas anuais da população residente"
11D1819;Tabuaço;57.7;2017;0008259;"Índice de dependência de idosos (N.º) por Local de residência (NUTS - 2013); Anual - INE, Estimativas anuais da população residente"
16E0613;Penacova;57.7;2017;0008259;"Índice de dependência de idosos (N.º) por Local de residência (NUTS - 2013); Anual - INE, Estimativas anuais da população residente"
1861203;Avis;57.7;2017;0008259;"Índice de dependência de idosos (N.º) por Local de residência (NUTS - 2013); Anual - INE, Estimativas anuais da população residente"
16G1803;Castro Daire;57.8;2017;0008259;"Índice de dependência de idosos (N.º) por Local de residência (NUTS - 2013); Anual - INE, Estimativas anuais da população residente"
16G1814;Santa Comba Dão;57.8;2017;0008259;"Índice de dependência de idosos (N.º) por Local de residência (NUTS - 2013); Anual - INE, Estimativas anuais da população residente"
11D1710;Sabrosa;57.9;2017;0008259;"Índice de dependência de idosos (N.º) por Local de residência (NUTS - 2013); Anual - INE, Estimativas anuais da população residente"
16J0504;Fundão;57.9;2017;0008259;"Índice de dependência de idosos (N.º) por Local de residência (NUTS - 2013); Anual - INE, Estimativas anuais da população residente"
11E0407;Mirandela;58.4;2017;0008259;"Índice de dependência de idosos (N.º) por Local de residência (NUTS - 2013); Anual - INE, Estimativas anuais da população residente"
16E0601;Arganil;58.8;2017;0008259;"Índice de dependência de idosos (N.º) por Local de residência (NUTS - 2013); Anual - INE, Estimativas anuais da população residente"
1840212;Ourique;58.8;2017;0008259;"Índice de dependência de idosos (N.º) por Local de residência (NUTS - 2013); Anual - INE, Estimativas anuais da população residente"
16G1816;São Pedro do Sul;58.9;2017;0008259;"Índice de dependência de idosos (N.º) por Local de residência (NUTS - 2013); Anual - INE, Estimativas anuais da população residente"
1851409;Coruche;58.9;2017;0008259;"Índice de dependência de idosos (N.º) por Local de residência (NUTS - 2013); Anual - INE, Estimativas anuais da população residente"
16J;Beiras e Serra da Estrela;59.2;2017;0008259;"Índice de dependência de idosos (N.º) por Local de residência (NUTS - 2013); Anual - INE, Estimativas anuais da população residente"
11D1701;Alijó;59.3;2017;0008259;"Índice de dependência de idosos (N.º) por Local de residência (NUTS - 2013); Anual - INE, Estimativas anuais da população residente"
16H;Beira Baixa;59.3;2017;0008259;"Índice de dependência de idosos (N.º) por Local de residência (NUTS - 2013); Anual - INE, Estimativas anuais da população residente"
11B1703;Chaves;59.6;2017;0008259;"Índice de dependência de idosos (N.º) por Local de residência (NUTS - 2013); Anual - INE, Estimativas anuais da população residente"
1861210;Marvão;60.2;2017;0008259;"Índice de dependência de idosos (N.º) por Local de residência (NUTS - 2013); Anual - INE, Estimativas anuais da população residente"
16E0615;Soure;60.7;2017;0008259;"Índice de dependência de idosos (N.º) por Local de residência (NUTS - 2013); Anual - INE, Estimativas anuais da população residente"
16F1013;Pedrógão Grande;60.9;2017;0008259;"Índice de dependência de idosos (N.º) por Local de residência (NUTS - 2013); Anual - INE, Estimativas anuais da população residente"
11E;Terras de Trás-os-Montes;61.3;2017;0008259;"Índice de dependência de idosos (N.º) por Local de residência (NUTS - 2013); Anual - INE, Estimativas anuais da população residente"
11D1812;Penedono;61.4;2017;0008259;"Índice de dependência de idosos (N.º) por Local de residência (NUTS - 2013); Anual - INE, Estimativas anuais da população residente"
1861205;Castelo de Vide;61.4;2017;0008259;"Índice de dependência de idosos (N.º) por Local de residência (NUTS - 2013); Anual - INE, Estimativas anuais da população residente"
1500809;Monchique;61.7;2017;0008259;"Índice de dependência de idosos (N.º) por Local de residência (NUTS - 2013); Anual - INE, Estimativas anuais da população residente"
1111604;Monção;61.8;2017;0008259;"Índice de dependência de idosos (N.º) por Local de residência (NUTS - 2013); Anual - INE, Estimativas anuais da população residente"
11E0405;Macedo de Cavaleiros;63.6;2017;0008259;"Índice de dependência de idosos (N.º) por Local de residência (NUTS - 2013); Anual - INE, Estimativas anuais da população residente"
16G1811;Penalva do Castelo;63.8;2017;0008259;"Índice de dependência de idosos (N.º) por Local de residência (NUTS - 2013); Anual - INE, Estimativas anuais da população residente"
16J0905;Fornos de Algodres;64;2017;0008259;"Índice de dependência de idosos (N.º) por Local de residência (NUTS - 2013); Anual - INE, Estimativas anuais da população residente"
16J0912;Seia;64.3;2017;0008259;"Índice de dependência de idosos (N.º) por Local de residência (NUTS - 2013); Anual - INE, Estimativas anuais da população residente"
16F1008;Figueiró dos Vinhos;64.6;2017;0008259;"Índice de dependência de idosos (N.º) por Local de residência (NUTS - 2013); Anual - INE, Estimativas anuais da população residente"
11B1713;Vila Pouca de Aguiar;64.7;2017;0008259;"Índice de dependência de idosos (N.º) por Local de residência (NUTS - 2013); Anual - INE, Estimativas anuais da população residente"
11E0410;Vila Flor;65.2;2017;0008259;"Índice de dependência de idosos (N.º) por Local de residência (NUTS - 2013); Anual - INE, Estimativas anuais da população residente"
11D1707;Murça;65.7;2017;0008259;"Índice de dependência de idosos (N.º) por Local de residência (NUTS - 2013); Anual - INE, Estimativas anuais da população residente"
16F1007;Castanheira de Pêra;65.9;2017;0008259;"Índice de dependência de idosos (N.º) por Local de residência (NUTS - 2013); Anual - INE, Estimativas anuais da população residente"
16J0903;Celorico da Beira;65.9;2017;0008259;"Índice de dependência de idosos (N.º) por Local de residência (NUTS - 2013); Anual - INE, Estimativas anuais da população residente"
16E1808;Mortágua;66.3;2017;0008259;"Índice de dependência de idosos (N.º) por Local de residência (NUTS - 2013); Anual - INE, Estimativas anuais da população residente"
11B;Alto Tâmega;66.4;2017;0008259;"Índice de dependência de idosos (N.º) por Local de residência (NUTS - 2013); Anual - INE, Estimativas anuais da população residente"
16F1002;Alvaiázere;66.7;2017;0008259;"Índice de dependência de idosos (N.º) por Local de residência (NUTS - 2013); Anual - INE, Estimativas anuais da população residente"
1111601;Arcos de Valdevez;66.8;2017;0008259;"Índice de dependência de idosos (N.º) por Local de residência (NUTS - 2013); Anual - INE, Estimativas anuais da população residente"
1840209;Mértola;66.8;2017;0008259;"Índice de dependência de idosos (N.º) por Local de residência (NUTS - 2013); Anual - INE, Estimativas anuais da população residente"
1861206;Crato;67.1;2017;0008259;"Índice de dependência de idosos (N.º) por Local de residência (NUTS - 2013); Anual - INE, Estimativas anuais da população residente"
11D0914;Vila Nova de Foz Côa;67.6;2017;0008259;"Índice de dependência de idosos (N.º) por Local de residência (NUTS - 2013); Anual - INE, Estimativas anuais da população residente"
16E0606;Góis;68.4;2017;0008259;"Índice de dependência de idosos (N.º) por Local de residência (NUTS - 2013); Anual - INE, Estimativas anuais da população residente"
16J0913;Trancoso;68.4;2017;0008259;"Índice de dependência de idosos (N.º) por Local de residência (NUTS - 2013); Anual - INE, Estimativas anuais da população residente"
16G0901;Aguiar da Beira;69.2;2017;0008259;"Índice de dependência de idosos (N.º) por Local de residência (NUTS - 2013); Anual - INE, Estimativas anuais da população residente"
16J0908;Manteigas;70;2017;0008259;"Índice de dependência de idosos (N.º) por Local de residência (NUTS - 2013); Anual - INE, Estimativas anuais da população residente"
1870707;Mora;70.3;2017;0008259;"Índice de dependência de idosos (N.º) por Local de residência (NUTS - 2013); Anual - INE, Estimativas anuais da população residente"
11E0401;Alfândega da Fé;70.7;2017;0008259;"Índice de dependência de idosos (N.º) por Local de residência (NUTS - 2013); Anual - INE, Estimativas anuais da população residente"
16I0510;Vila de Rei;71.4;2017;0008259;"Índice de dependência de idosos (N.º) por Local de residência (NUTS - 2013); Anual - INE, Estimativas anuais da população residente"
11D0404;Freixo de Espada à Cinta;71.5;2017;0008259;"Índice de dependência de idosos (N.º) por Local de residência (NUTS - 2013); Anual - INE, Estimativas anuais da população residente"
16H0508;Proença-a-Nova;72.2;2017;0008259;"Índice de dependência de idosos (N.º) por Local de residência (NUTS - 2013); Anual - INE, Estimativas anuais da população residente"
16J0904;Figueira de Castelo Rodrigo;72.5;2017;0008259;"Índice de dependência de idosos (N.º) por Local de residência (NUTS - 2013); Anual - INE, Estimativas anuais da população residente"
11D0403;Carrazeda de Ansiães;72.7;2017;0008259;"Índice de dependência de idosos (N.º) por Local de residência (NUTS - 2013); Anual - INE, Estimativas anuais da população residente"
16J0909;Mêda;72.7;2017;0008259;"Índice de dependência de idosos (N.º) por Local de residência (NUTS - 2013); Anual - INE, Estimativas anuais da população residente"
16J0906;Gouveia;73.3;2017;0008259;"Índice de dependência de idosos (N.º) por Local de residência (NUTS - 2013); Anual - INE, Estimativas anuais da população residente"
11B1702;Boticas;73.4;2017;0008259;"Índice de dependência de idosos (N.º) por Local de residência (NUTS - 2013); Anual - INE, Estimativas anuais da população residente"
11E0408;Mogadouro;74;2017;0008259;"Índice de dependência de idosos (N.º) por Local de residência (NUTS - 2013); Anual - INE, Estimativas anuais da população residente"
16J0910;Pinhel;74.5;2017;0008259;"Índice de dependência de idosos (N.º) por Local de residência (NUTS - 2013); Anual - INE, Estimativas anuais da população residente"
1861212;Nisa;76.4;2017;0008259;"Índice de dependência de idosos (N.º) por Local de residência (NUTS - 2013); Anual - INE, Estimativas anuais da população residente"
11E0406;Miranda do Douro;77.9;2017;0008259;"Índice de dependência de idosos (N.º) por Local de residência (NUTS - 2013); Anual - INE, Estimativas anuais da população residente"
11B1706;Montalegre;79;2017;0008259;"Índice de dependência de idosos (N.º) por Local de residência (NUTS - 2013); Anual - INE, Estimativas anuais da população residente"
16I1413;Mação;79.8;2017;0008259;"Índice de dependência de idosos (N.º) por Local de residência (NUTS - 2013); Anual - INE, Estimativas anuais da população residente"
1861209;Gavião;80.2;2017;0008259;"Índice de dependência de idosos (N.º) por Local de residência (NUTS - 2013); Anual - INE, Estimativas anuais da população residente"
11B1712;Valpaços;81;2017;0008259;"Índice de dependência de idosos (N.º) por Local de residência (NUTS - 2013); Anual - INE, Estimativas anuais da população residente"
11D0409;Torre de Moncorvo;81.9;2017;0008259;"Índice de dependência de idosos (N.º) por Local de residência (NUTS - 2013); Anual - INE, Estimativas anuais da população residente"
16H0505;Idanha-a-Nova;82.2;2017;0008259;"Índice de dependência de idosos (N.º) por Local de residência (NUTS - 2013); Anual - INE, Estimativas anuais da população residente"
16H0507;Penamacor;87.4;2017;0008259;"Índice de dependência de idosos (N.º) por Local de residência (NUTS - 2013); Anual - INE, Estimativas anuais da população residente"
1111603;Melgaço;88.3;2017;0008259;"Índice de dependência de idosos (N.º) por Local de residência (NUTS - 2013); Anual - INE, Estimativas anuais da população residente"
11E0411;Vimioso;88.3;2017;0008259;"Índice de dependência de idosos (N.º) por Local de residência (NUTS - 2013); Anual - INE, Estimativas anuais da população residente"
16H0511;Vila Velha de Ródão;88.9;2017;0008259;"Índice de dependência de idosos (N.º) por Local de residência (NUTS - 2013); Anual - INE, Estimativas anuais da população residente"
16J0902;Almeida;90.2;2017;0008259;"Índice de dependência de idosos (N.º) por Local de residência (NUTS - 2013); Anual - INE, Estimativas anuais da população residente"
16J0911;Sabugal;92.2;2017;0008259;"Índice de dependência de idosos (N.º) por Local de residência (NUTS - 2013); Anual - INE, Estimativas anuais da população residente"
16E0612;Pampilhosa da Serra;93.6;2017;0008259;"Índice de dependência de idosos (N.º) por Local de residência (NUTS - 2013); Anual - INE, Estimativas anuais da população residente"
16H0506;Oleiros;94;2017;0008259;"Índice de dependência de idosos (N.º) por Local de residência (NUTS - 2013); Anual - INE, Estimativas anuais da população residente"
11E0412;Vinhais;95.6;2017;0008259;"Índice de dependência de idosos (N.º) por Local de residência (NUTS - 2013); Anual - INE, Estimativas anuais da população residente"
1500802;Alcoutim;97.6;2017;0008259;"Índice de dependência de idosos (N.º) por Local de residência (NUTS - 2013); Anual - INE, Estimativas anuais da população residente"
2004205;Ribeira Grande;16.7;2018;0008259;"Índice de dependência de idosos (N.º) por Local de residência (NUTS - 2013); Anual - INE, Estimativas anuais da população residente"
2004201;Lagoa;19;2018;0008259;"Índice de dependência de idosos (N.º) por Local de residência (NUTS - 2013); Anual - INE, Estimativas anuais da população residente"
3003108;Santa Cruz;22;2018;0008259;"Índice de dependência de idosos (N.º) por Local de residência (NUTS - 2013); Anual - INE, Estimativas anuais da população residente"
3003102;Câmara de Lobos;23;2018;0008259;"Índice de dependência de idosos (N.º) por Local de residência (NUTS - 2013); Anual - INE, Estimativas anuais da população residente"
2004203;Ponta Delgada;23.3;2018;0008259;"Índice de dependência de idosos (N.º) por Local de residência (NUTS - 2013); Anual - INE, Estimativas anuais da população residente"
2004206;Vila Franca do Campo;23.3;2018;0008259;"Índice de dependência de idosos (N.º) por Local de residência (NUTS - 2013); Anual - INE, Estimativas anuais da população residente"
11C1305;Lousada;24.2;2018;0008259;"Índice de dependência de idosos (N.º) por Local de residência (NUTS - 2013); Anual - INE, Estimativas anuais da população residente"
11C1309;Paços de Ferreira;25.5;2018;0008259;"Índice de dependência de idosos (N.º) por Local de residência (NUTS - 2013); Anual - INE, Estimativas anuais da população residente"
2;Região Autónoma dos Açores;25.6;2018;0008259;"Índice de dependência de idosos (N.º) por Local de residência (NUTS - 2013); Anual - INE, Estimativas anuais da população residente"
20;Região Autónoma dos Açores;25.6;2018;0008259;"Índice de dependência de idosos (N.º) por Local de residência (NUTS - 2013); Anual - INE, Estimativas anuais da população residente"
200;Região Autónoma dos Açores;25.6;2018;0008259;"Índice de dependência de idosos (N.º) por Local de residência (NUTS - 2013); Anual - INE, Estimativas anuais da população residente"
11A1310;Paredes;25.9;2018;0008259;"Índice de dependência de idosos (N.º) por Local de residência (NUTS - 2013); Anual - INE, Estimativas anuais da população residente"
2004204;Povoação;26.1;2018;0008259;"Índice de dependência de idosos (N.º) por Local de residência (NUTS - 2013); Anual - INE, Estimativas anuais da população residente"
2004901;Corvo;27.2;2018;0008259;"Índice de dependência de idosos (N.º) por Local de residência (NUTS - 2013); Anual - INE, Estimativas anuais da população residente"
3003201;Porto Santo;27.2;2018;0008259;"Índice de dependência de idosos (N.º) por Local de residência (NUTS - 2013); Anual - INE, Estimativas anuais da população residente"
2004101;Vila do Porto;27.3;2018;0008259;"Índice de dependência de idosos (N.º) por Local de residência (NUTS - 2013); Anual - INE, Estimativas anuais da população residente"
1701502;Alcochete;27.4;2018;0008259;"Índice de dependência de idosos (N.º) por Local de residência (NUTS - 2013); Anual - INE, Estimativas anuais da população residente"
1701109;Mafra;27.8;2018;0008259;"Índice de dependência de idosos (N.º) por Local de residência (NUTS - 2013); Anual - INE, Estimativas anuais da população residente"
1190314;Vizela;28.1;2018;0008259;"Índice de dependência de idosos (N.º) por Local de residência (NUTS - 2013); Anual - INE, Estimativas anuais da população residente"
11C1311;Penafiel;28.4;2018;0008259;"Índice de dependência de idosos (N.º) por Local de residência (NUTS - 2013); Anual - INE, Estimativas anuais da população residente"
1500801;Albufeira;28.5;2018;0008259;"Índice de dependência de idosos (N.º) por Local de residência (NUTS - 2013); Anual - INE, Estimativas anuais da população residente"
16B1102;Arruda dos Vinhos;28.5;2018;0008259;"Índice de dependência de idosos (N.º) por Local de residência (NUTS - 2013); Anual - INE, Estimativas anuais da população residente"
1701111;Sintra;28.5;2018;0008259;"Índice de dependência de idosos (N.º) por Local de residência (NUTS - 2013); Anual - INE, Estimativas anuais da população residente"
2004802;Santa Cruz das Flores;28.6;2018;0008259;"Índice de dependência de idosos (N.º) por Local de residência (NUTS - 2013); Anual - INE, Estimativas anuais da população residente"
1701507;Montijo;28.8;2018;0008259;"Índice de dependência de idosos (N.º) por Local de residência (NUTS - 2013); Anual - INE, Estimativas anuais da população residente"
11C1307;Marco de Canaveses;29;2018;0008259;"Índice de dependência de idosos (N.º) por Local de residência (NUTS - 2013); Anual - INE, Estimativas anuais da população residente"
1120303;Braga;29.4;2018;0008259;"Índice de dependência de idosos (N.º) por Local de residência (NUTS - 2013); Anual - INE, Estimativas anuais da população residente"
2004302;Vila da Praia da Vitória;29.4;2018;0008259;"Índice de dependência de idosos (N.º) por Local de residência (NUTS - 2013); Anual - INE, Estimativas anuais da população residente"
11C1303;Felgueiras;29.6;2018;0008259;"Índice de dependência de idosos (N.º) por Local de residência (NUTS - 2013); Anual - INE, Estimativas anuais da população residente"
2004602;Madalena;30;2018;0008259;"Índice de dependência de idosos (N.º) por Local de residência (NUTS - 2013); Anual - INE, Estimativas anuais da população residente"
1701114;Vila Franca de Xira;30.2;2018;0008259;"Índice de dependência de idosos (N.º) por Local de residência (NUTS - 2013); Anual - INE, Estimativas anuais da população residente"
16B1112;Sobral de Monte Agraço;30.3;2018;0008259;"Índice de dependência de idosos (N.º) por Local de residência (NUTS - 2013); Anual - INE, Estimativas anuais da população residente"
1851405;Benavente;30.4;2018;0008259;"Índice de dependência de idosos (N.º) por Local de residência (NUTS - 2013); Anual - INE, Estimativas anuais da população residente"
2004301;Angra do Heroísmo;30.4;2018;0008259;"Índice de dependência de idosos (N.º) por Local de residência (NUTS - 2013); Anual - INE, Estimativas anuais da população residente"
11A1306;Maia;30.6;2018;0008259;"Índice de dependência de idosos (N.º) por Local de residência (NUTS - 2013); Anual - INE, Estimativas anuais da população residente"
11C;Tâmega e Sousa;30.7;2018;0008259;"Índice de dependência de idosos (N.º) por Local de residência (NUTS - 2013); Anual - INE, Estimativas anuais da população residente"
11A1315;Valongo;30.9;2018;0008259;"Índice de dependência de idosos (N.º) por Local de residência (NUTS - 2013); Anual - INE, Estimativas anuais da população residente"
16B1101;Alenquer;30.9;2018;0008259;"Índice de dependência de idosos (N.º) por Local de residência (NUTS - 2013); Anual - INE, Estimativas anuais da população residente"
3;Região Autónoma da Madeira;31.2;2018;0008259;"Índice de dependência de idosos (N.º) por Local de residência (NUTS - 2013); Anual - INE, Estimativas anuais da população residente"
30;Região Autónoma da Madeira;31.2;2018;0008259;"Índice de dependência de idosos (N.º) por Local de residência (NUTS - 2013); Anual - INE, Estimativas anuais da população residente"
300;Região Autónoma da Madeira;31.2;2018;0008259;"Índice de dependência de idosos (N.º) por Local de residência (NUTS - 2013); Anual - INE, Estimativas anuais da população residente"
2004202;Nordeste;31.4;2018;0008259;"Índice de dependência de idosos (N.º) por Local de residência (NUTS - 2013); Anual - INE, Estimativas anuais da população residente"
112;Cávado;31.5;2018;0008259;"Índice de dependência de idosos (N.º) por Local de residência (NUTS - 2013); Anual - INE, Estimativas anuais da população residente"
1120306;Esposende;31.9;2018;0008259;"Índice de dependência de idosos (N.º) por Local de residência (NUTS - 2013); Anual - INE, Estimativas anuais da população residente"
11A1318;Trofa;31.9;2018;0008259;"Índice de dependência de idosos (N.º) por Local de residência (NUTS - 2013); Anual - INE, Estimativas anuais da população residente"
2004701;Horta;31.9;2018;0008259;"Índice de dependência de idosos (N.º) por Local de residência (NUTS - 2013); Anual - INE, Estimativas anuais da população residente"
3003107;Ribeira Brava;31.9;2018;0008259;"Índice de dependência de idosos (N.º) por Local de residência (NUTS - 2013); Anual - INE, Estimativas anuais da população residente"
2004502;Velas;32;2018;0008259;"Índice de dependência de idosos (N.º) por Local de residência (NUTS - 2013); Anual - INE, Estimativas anuais da população residente"
1120302;Barcelos;32.2;2018;0008259;"Índice de dependência de idosos (N.º) por Local de residência (NUTS - 2013); Anual - INE, Estimativas anuais da população residente"
1701511;Sesimbra;32.2;2018;0008259;"Índice de dependência de idosos (N.º) por Local de residência (NUTS - 2013); Anual - INE, Estimativas anuais da população residente"
2004801;Lajes das Flores;32.2;2018;0008259;"Índice de dependência de idosos (N.º) por Local de residência (NUTS - 2013); Anual - INE, Estimativas anuais da população residente"
1190312;Vila Nova de Famalicão;32.3;2018;0008259;"Índice de dependência de idosos (N.º) por Local de residência (NUTS - 2013); Anual - INE, Estimativas anuais da população residente"
3003105;Ponta do Sol;32.3;2018;0008259;"Índice de dependência de idosos (N.º) por Local de residência (NUTS - 2013); Anual - INE, Estimativas anuais da população residente"
16I1410;Entroncamento;32.4;2018;0008259;"Índice de dependência de idosos (N.º) por Local de residência (NUTS - 2013); Anual - INE, Estimativas anuais da população residente"
11A1316;Vila do Conde;32.6;2018;0008259;"Índice de dependência de idosos (N.º) por Local de residência (NUTS - 2013); Anual - INE, Estimativas anuais da população residente"
11A1313;Póvoa de Varzim;32.8;2018;0008259;"Índice de dependência de idosos (N.º) por Local de residência (NUTS - 2013); Anual - INE, Estimativas anuais da população residente"
1701508;Palmela;33;2018;0008259;"Índice de dependência de idosos (N.º) por Local de residência (NUTS - 2013); Anual - INE, Estimativas anuais da população residente"
1810211;Odemira;33.1;2018;0008259;"Índice de dependência de idosos (N.º) por Local de residência (NUTS - 2013); Anual - INE, Estimativas anuais da população residente"
3003104;Machico;33.1;2018;0008259;"Índice de dependência de idosos (N.º) por Local de residência (NUTS - 2013); Anual - INE, Estimativas anuais da população residente"
1190308;Guimarães;33.3;2018;0008259;"Índice de dependência de idosos (N.º) por Local de residência (NUTS - 2013); Anual - INE, Estimativas anuais da população residente"
2004603;São Roque do Pico;33.3;2018;0008259;"Índice de dependência de idosos (N.º) por Local de residência (NUTS - 2013); Anual - INE, Estimativas anuais da população residente"
11C0106;Castelo de Paiva;33.5;2018;0008259;"Índice de dependência de idosos (N.º) por Local de residência (NUTS - 2013); Anual - INE, Estimativas anuais da população residente"
16D0105;Aveiro;33.8;2018;0008259;"Índice de dependência de idosos (N.º) por Local de residência (NUTS - 2013); Anual - INE, Estimativas anuais da população residente"
2004401;Santa Cruz da Graciosa;34;2018;0008259;"Índice de dependência de idosos (N.º) por Local de residência (NUTS - 2013); Anual - INE, Estimativas anuais da população residente"
16D0110;Ílhavo;34.1;2018;0008259;"Índice de dependência de idosos (N.º) por Local de residência (NUTS - 2013); Anual - INE, Estimativas anuais da população residente"
119;Ave;34.3;2018;0008259;"Índice de dependência de idosos (N.º) por Local de residência (NUTS - 2013); Anual - INE, Estimativas anuais da população residente"
1701116;Odivelas;34.3;2018;0008259;"Índice de dependência de idosos (N.º) por Local de residência (NUTS - 2013); Anual - INE, Estimativas anuais da população residente"
1120301;Amares;34.5;2018;0008259;"Índice de dependência de idosos (N.º) por Local de residência (NUTS - 2013); Anual - INE, Estimativas anuais da população residente"
1120313;Vila Verde;34.7;2018;0008259;"Índice de dependência de idosos (N.º) por Local de residência (NUTS - 2013); Anual - INE, Estimativas anuais da população residente"
11A0109;Santa Maria da Feira;34.8;2018;0008259;"Índice de dependência de idosos (N.º) por Local de residência (NUTS - 2013); Anual - INE, Estimativas anuais da população residente"
17;Área Metropolitana de Lisboa;34.9;2018;0008259;"Índice de dependência de idosos (N.º) por Local de residência (NUTS - 2013); Anual - INE, Estimativas anuais da população residente"
170;Área Metropolitana de Lisboa;34.9;2018;0008259;"Índice de dependência de idosos (N.º) por Local de residência (NUTS - 2013); Anual - INE, Estimativas anuais da população residente"
3003103;Funchal;34.9;2018;0008259;"Índice de dependência de idosos (N.º) por Local de residência (NUTS - 2013); Anual - INE, Estimativas anuais da população residente"
11A1317;Vila Nova de Gaia;35.1;2018;0008259;"Índice de dependência de idosos (N.º) por Local de residência (NUTS - 2013); Anual - INE, Estimativas anuais da população residente"
11A1304;Gondomar;35.2;2018;0008259;"Índice de dependência de idosos (N.º) por Local de residência (NUTS - 2013); Anual - INE, Estimativas anuais da população residente"
16D0115;Ovar;35.2;2018;0008259;"Índice de dependência de idosos (N.º) por Local de residência (NUTS - 2013); Anual - INE, Estimativas anuais da população residente"
11A0116;São João da Madeira;35.5;2018;0008259;"Índice de dependência de idosos (N.º) por Local de residência (NUTS - 2013); Anual - INE, Estimativas anuais da população residente"
1500805;Faro;35.5;2018;0008259;"Índice de dependência de idosos (N.º) por Local de residência (NUTS - 2013); Anual - INE, Estimativas anuais da população residente"
16B1113;Torres Vedras;35.5;2018;0008259;"Índice de dependência de idosos (N.º) por Local de residência (NUTS - 2013); Anual - INE, Estimativas anuais da população residente"
11A;Área Metropolitana do Porto;35.6;2018;0008259;"Índice de dependência de idosos (N.º) por Local de residência (NUTS - 2013); Anual - INE, Estimativas anuais da população residente"
1840204;Barrancos;35.6;2018;0008259;"Índice de dependência de idosos (N.º) por Local de residência (NUTS - 2013); Anual - INE, Estimativas anuais da população residente"
1701506;Moita;35.7;2018;0008259;"Índice de dependência de idosos (N.º) por Local de residência (NUTS - 2013); Anual - INE, Estimativas anuais da população residente"
1701510;Seixal;35.8;2018;0008259;"Índice de dependência de idosos (N.º) por Local de residência (NUTS - 2013); Anual - INE, Estimativas anuais da população residente"
1500811;Portimão;35.9;2018;0008259;"Índice de dependência de idosos (N.º) por Local de residência (NUTS - 2013); Anual - INE, Estimativas anuais da população residente"
16E0604;Condeixa-a-Nova;35.9;2018;0008259;"Índice de dependência de idosos (N.º) por Local de residência (NUTS - 2013); Anual - INE, Estimativas anuais da população residente"
1190309;Póvoa de Lanhoso;36.2;2018;0008259;"Índice de dependência de idosos (N.º) por Local de residência (NUTS - 2013); Anual - INE, Estimativas anuais da população residente"
1851103;Azambuja;36.2;2018;0008259;"Índice de dependência de idosos (N.º) por Local de residência (NUTS - 2013); Anual - INE, Estimativas anuais da população residente"
16D0102;Albergaria-a-Velha;36.4;2018;0008259;"Índice de dependência de idosos (N.º) por Local de residência (NUTS - 2013); Anual - INE, Estimativas anuais da população residente"
16F1009;Leiria;36.4;2018;0008259;"Índice de dependência de idosos (N.º) por Local de residência (NUTS - 2013); Anual - INE, Estimativas anuais da população residente"
1701107;Loures;36.4;2018;0008259;"Índice de dependência de idosos (N.º) por Local de residência (NUTS - 2013); Anual - INE, Estimativas anuais da população residente"
1701106;Lisboa;36.5;2018;0008259;"Índice de dependência de idosos (N.º) por Local de residência (NUTS - 2013); Anual - INE, Estimativas anuais da população residente"
1701115;Amadora;36.5;2018;0008259;"Índice de dependência de idosos (N.º) por Local de residência (NUTS - 2013); Anual - INE, Estimativas anuais da população residente"
16D0114;Oliveira do Bairro;36.7;2018;0008259;"Índice de dependência de idosos (N.º) por Local de residência (NUTS - 2013); Anual - INE, Estimativas anuais da população residente"
16E0607;Lousã;37;2018;0008259;"Índice de dependência de idosos (N.º) por Local de residência (NUTS - 2013); Anual - INE, Estimativas anuais da população residente"
11;Norte;37.1;2018;0008259;"Índice de dependência de idosos (N.º) por Local de residência (NUTS - 2013); Anual - INE, Estimativas anuais da população residente"
11C1301;Amarante;37.1;2018;0008259;"Índice de dependência de idosos (N.º) por Local de residência (NUTS - 2013); Anual - INE, Estimativas anuais da população residente"
1701105;Cascais;37.1;2018;0008259;"Índice de dependência de idosos (N.º) por Local de residência (NUTS - 2013); Anual - INE, Estimativas anuais da população residente"
16F1010;Marinha Grande;37.3;2018;0008259;"Índice de dependência de idosos (N.º) por Local de residência (NUTS - 2013); Anual - INE, Estimativas anuais da população residente"
1811513;Sines;37.4;2018;0008259;"Índice de dependência de idosos (N.º) por Local de residência (NUTS - 2013); Anual - INE, Estimativas anuais da população residente"
11C1302;Baião;37.5;2018;0008259;"Índice de dependência de idosos (N.º) por Local de residência (NUTS - 2013); Anual - INE, Estimativas anuais da população residente"
1840205;Beja;37.5;2018;0008259;"Índice de dependência de idosos (N.º) por Local de residência (NUTS - 2013); Anual - INE, Estimativas anuais da população residente"
16F1004;Batalha;37.6;2018;0008259;"Índice de dependência de idosos (N.º) por Local de residência (NUTS - 2013); Anual - INE, Estimativas anuais da população residente"
1190304;Cabeceiras de Basto;37.7;2018;0008259;"Índice de dependência de idosos (N.º) por Local de residência (NUTS - 2013); Anual - INE, Estimativas anuais da população residente"
1500810;Olhão;37.7;2018;0008259;"Índice de dependência de idosos (N.º) por Local de residência (NUTS - 2013); Anual - INE, Estimativas anuais da população residente"
2004501;Calheta;37.7;2018;0008259;"Índice de dependência de idosos (N.º) por Local de residência (NUTS - 2013); Anual - INE, Estimativas anuais da população residente"
1851414;Rio Maior;37.8;2018;0008259;"Índice de dependência de idosos (N.º) por Local de residência (NUTS - 2013); Anual - INE, Estimativas anuais da população residente"
11A1308;Matosinhos;38;2018;0008259;"Índice de dependência de idosos (N.º) por Local de residência (NUTS - 2013); Anual - INE, Estimativas anuais da população residente"
16D;Região de Aveiro;38;2018;0008259;"Índice de dependência de idosos (N.º) por Local de residência (NUTS - 2013); Anual - INE, Estimativas anuais da população residente"
1500806;Lagoa;38.2;2018;0008259;"Índice de dependência de idosos (N.º) por Local de residência (NUTS - 2013); Anual - INE, Estimativas anuais da população residente"
PT;Portugal;38.2;2018;0008259;"Índice de dependência de idosos (N.º) por Local de residência (NUTS - 2013); Anual - INE, Estimativas anuais da população residente"
1500808;Loulé;38.3;2018;0008259;"Índice de dependência de idosos (N.º) por Local de residência (NUTS - 2013); Anual - INE, Estimativas anuais da população residente"
16B;Oeste;38.5;2018;0008259;"Índice de dependência de idosos (N.º) por Local de residência (NUTS - 2013); Anual - INE, Estimativas anuais da população residente"
1861204;Campo Maior;38.5;2018;0008259;"Índice de dependência de idosos (N.º) por Local de residência (NUTS - 2013); Anual - INE, Estimativas anuais da população residente"
11A0113;Oliveira de Azeméis;38.6;2018;0008259;"Índice de dependência de idosos (N.º) por Local de residência (NUTS - 2013); Anual - INE, Estimativas anuais da população residente"
16D0118;Vagos;38.6;2018;0008259;"Índice de dependência de idosos (N.º) por Local de residência (NUTS - 2013); Anual - INE, Estimativas anuais da população residente"
1870705;Évora;38.6;2018;0008259;"Índice de dependência de idosos (N.º) por Local de residência (NUTS - 2013); Anual - INE, Estimativas anuais da população residente"
2004601;Lajes do Pico;38.6;2018;0008259;"Índice de dependência de idosos (N.º) por Local de residência (NUTS - 2013); Anual - INE, Estimativas anuais da população residente"
1;Continente;38.7;2018;0008259;"Índice de dependência de idosos (N.º) por Local de residência (NUTS - 2013); Anual - INE, Estimativas anuais da população residente"
11D1714;Vila Real;38.8;2018;0008259;"Índice de dependência de idosos (N.º) por Local de residência (NUTS - 2013); Anual - INE, Estimativas anuais da população residente"
15;Algarve;38.8;2018;0008259;"Índice de dependência de idosos (N.º) por Local de residência (NUTS - 2013); Anual - INE, Estimativas anuais da população residente"
150;Algarve;38.8;2018;0008259;"Índice de dependência de idosos (N.º) por Local de residência (NUTS - 2013); Anual - INE, Estimativas anuais da população residente"
1190307;Fafe;38.9;2018;0008259;"Índice de dependência de idosos (N.º) por Local de residência (NUTS - 2013); Anual - INE, Estimativas anuais da população residente"
16D0112;Murtosa;38.9;2018;0008259;"Índice de dependência de idosos (N.º) por Local de residência (NUTS - 2013); Anual - INE, Estimativas anuais da população residente"
1840207;Cuba;38.9;2018;0008259;"Índice de dependência de idosos (N.º) por Local de residência (NUTS - 2013); Anual - INE, Estimativas anuais da população residente"
1701512;Setúbal;39;2018;0008259;"Índice de dependência de idosos (N.º) por Local de residência (NUTS - 2013); Anual - INE, Estimativas anuais da população residente"
16G1823;Viseu;39.1;2018;0008259;"Índice de dependência de idosos (N.º) por Local de residência (NUTS - 2013); Anual - INE, Estimativas anuais da população residente"
16I1408;Constância;39.4;2018;0008259;"Índice de dependência de idosos (N.º) por Local de residência (NUTS - 2013); Anual - INE, Estimativas anuais da população residente"
16D0108;Estarreja;39.5;2018;0008259;"Índice de dependência de idosos (N.º) por Local de residência (NUTS - 2013); Anual - INE, Estimativas anuais da população residente"
1111607;Ponte de Lima;39.6;2018;0008259;"Índice de dependência de idosos (N.º) por Local de residência (NUTS - 2013); Anual - INE, Estimativas anuais da população residente"
11C0305;Celorico de Basto;39.6;2018;0008259;"Índice de dependência de idosos (N.º) por Local de residência (NUTS - 2013); Anual - INE, Estimativas anuais da população residente"
1701503;Almada;39.6;2018;0008259;"Índice de dependência de idosos (N.º) por Local de residência (NUTS - 2013); Anual - INE, Estimativas anuais da população residente"
1701110;Oeiras;39.8;2018;0008259;"Índice de dependência de idosos (N.º) por Local de residência (NUTS - 2013); Anual - INE, Estimativas anuais da população residente"
16G1810;Oliveira de Frades;40.1;2018;0008259;"Índice de dependência de idosos (N.º) por Local de residência (NUTS - 2013); Anual - INE, Estimativas anuais da população residente"
1851406;Cartaxo;40.2;2018;0008259;"Índice de dependência de idosos (N.º) por Local de residência (NUTS - 2013); Anual - INE, Estimativas anuais da população residente"
11D1820;Tarouca;40.3;2018;0008259;"Índice de dependência de idosos (N.º) por Local de residência (NUTS - 2013); Anual - INE, Estimativas anuais da população residente"
16B1108;Lourinhã;40.4;2018;0008259;"Índice de dependência de idosos (N.º) por Local de residência (NUTS - 2013); Anual - INE, Estimativas anuais da população residente"
1500813;Silves;40.5;2018;0008259;"Índice de dependência de idosos (N.º) por Local de residência (NUTS - 2013); Anual - INE, Estimativas anuais da população residente"
3003101;Calheta;40.5;2018;0008259;"Índice de dependência de idosos (N.º) por Local de residência (NUTS - 2013); Anual - INE, Estimativas anuais da população residente"
16F1016;Porto de Mós;40.7;2018;0008259;"Índice de dependência de idosos (N.º) por Local de residência (NUTS - 2013); Anual - INE, Estimativas anuais da população residente"
11A0104;Arouca;40.8;2018;0008259;"Índice de dependência de idosos (N.º) por Local de residência (NUTS - 2013); Anual - INE, Estimativas anuais da população residente"
1861207;Elvas;40.8;2018;0008259;"Índice de dependência de idosos (N.º) por Local de residência (NUTS - 2013); Anual - INE, Estimativas anuais da população residente"
1870713;Viana do Alentejo;40.9;2018;0008259;"Índice de dependência de idosos (N.º) por Local de residência (NUTS - 2013); Anual - INE, Estimativas anuais da população residente"
11A1312;Porto;41.2;2018;0008259;"Índice de dependência de idosos (N.º) por Local de residência (NUTS - 2013); Anual - INE, Estimativas anuais da população residente"
185;Lezíria do Tejo;41.2;2018;0008259;"Índice de dependência de idosos (N.º) por Local de residência (NUTS - 2013); Anual - INE, Estimativas anuais da população residente"
1851403;Almeirim;41.2;2018;0008259;"Índice de dependência de idosos (N.º) por Local de residência (NUTS - 2013); Anual - INE, Estimativas anuais da população residente"
11A1314;Santo Tirso;41.3;2018;0008259;"Índice de dependência de idosos (N.º) por Local de residência (NUTS - 2013); Anual - INE, Estimativas anuais da população residente"
16F;Região de Leiria;41.5;2018;0008259;"Índice de dependência de idosos (N.º) por Local de residência (NUTS - 2013); Anual - INE, Estimativas anuais da população residente"
16B1006;Caldas da Rainha;41.6;2018;0008259;"Índice de dependência de idosos (N.º) por Local de residência (NUTS - 2013); Anual - INE, Estimativas anuais da população residente"
16E0617;Vila Nova de Poiares;41.7;2018;0008259;"Índice de dependência de idosos (N.º) por Local de residência (NUTS - 2013); Anual - INE, Estimativas anuais da população residente"
1500807;Lagos;42;2018;0008259;"Índice de dependência de idosos (N.º) por Local de residência (NUTS - 2013); Anual - INE, Estimativas anuais da população residente"
16J0907;Guarda;42;2018;0008259;"Índice de dependência de idosos (N.º) por Local de residência (NUTS - 2013); Anual - INE, Estimativas anuais da população residente"
1701504;Barreiro;42.1;2018;0008259;"Índice de dependência de idosos (N.º) por Local de residência (NUTS - 2013); Anual - INE, Estimativas anuais da população residente"
16B1001;Alcobaça;42.2;2018;0008259;"Índice de dependência de idosos (N.º) por Local de residência (NUTS - 2013); Anual - INE, Estimativas anuais da população residente"
16E0603;Coimbra;42.2;2018;0008259;"Índice de dependência de idosos (N.º) por Local de residência (NUTS - 2013); Anual - INE, Estimativas anuais da população residente"
16B1012;Óbidos;42.5;2018;0008259;"Índice de dependência de idosos (N.º) por Local de residência (NUTS - 2013); Anual - INE, Estimativas anuais da população residente"
11C1813;Resende;42.7;2018;0008259;"Índice de dependência de idosos (N.º) por Local de residência (NUTS - 2013); Anual - INE, Estimativas anuais da população residente"
1500812;São Brás de Alportel;42.7;2018;0008259;"Índice de dependência de idosos (N.º) por Local de residência (NUTS - 2013); Anual - INE, Estimativas anuais da população residente"
181;Alentejo Litoral;42.7;2018;0008259;"Índice de dependência de idosos (N.º) por Local de residência (NUTS - 2013); Anual - INE, Estimativas anuais da população residente"
1111609;Viana do Castelo;43;2018;0008259;"Índice de dependência de idosos (N.º) por Local de residência (NUTS - 2013); Anual - INE, Estimativas anuais da população residente"
16D0101;Águeda;43;2018;0008259;"Índice de dependência de idosos (N.º) por Local de residência (NUTS - 2013); Anual - INE, Estimativas anuais da população residente"
1840214;Vidigueira;43;2018;0008259;"Índice de dependência de idosos (N.º) por Local de residência (NUTS - 2013); Anual - INE, Estimativas anuais da população residente"
1851416;Santarém;43;2018;0008259;"Índice de dependência de idosos (N.º) por Local de residência (NUTS - 2013); Anual - INE, Estimativas anuais da população residente"
11C1804;Cinfães;43.1;2018;0008259;"Índice de dependência de idosos (N.º) por Local de residência (NUTS - 2013); Anual - INE, Estimativas anuais da população residente"
1851415;Salvaterra de Magos;43.1;2018;0008259;"Índice de dependência de idosos (N.º) por Local de residência (NUTS - 2013); Anual - INE, Estimativas anuais da população residente"
16B1011;Nazaré;43.2;2018;0008259;"Índice de dependência de idosos (N.º) por Local de residência (NUTS - 2013); Anual - INE, Estimativas anuais da população residente"
16E0111;Mealhada;43.2;2018;0008259;"Índice de dependência de idosos (N.º) por Local de residência (NUTS - 2013); Anual - INE, Estimativas anuais da população residente"
16E0610;Montemor-o-Velho;43.2;2018;0008259;"Índice de dependência de idosos (N.º) por Local de residência (NUTS - 2013); Anual - INE, Estimativas anuais da população residente"
16E0609;Miranda do Corvo;43.3;2018;0008259;"Índice de dependência de idosos (N.º) por Local de residência (NUTS - 2013); Anual - INE, Estimativas anuais da população residente"
1111610;Vila Nova de Cerveira;43.4;2018;0008259;"Índice de dependência de idosos (N.º) por Local de residência (NUTS - 2013); Anual - INE, Estimativas anuais da população residente"
16B1014;Peniche;43.4;2018;0008259;"Índice de dependência de idosos (N.º) por Local de residência (NUTS - 2013); Anual - INE, Estimativas anuais da população residente"
16I1420;Vila Nova da Barquinha;43.4;2018;0008259;"Índice de dependência de idosos (N.º) por Local de residência (NUTS - 2013); Anual - INE, Estimativas anuais da população residente"
1111608;Valença;43.6;2018;0008259;"Índice de dependência de idosos (N.º) por Local de residência (NUTS - 2013); Anual - INE, Estimativas anuais da população residente"
1500803;Aljezur;43.6;2018;0008259;"Índice de dependência de idosos (N.º) por Local de residência (NUTS - 2013); Anual - INE, Estimativas anuais da população residente"
1840206;Castro Verde;43.6;2018;0008259;"Índice de dependência de idosos (N.º) por Local de residência (NUTS - 2013); Anual - INE, Estimativas anuais da população residente"
1870711;Reguengos de Monsaraz;43.6;2018;0008259;"Índice de dependência de idosos (N.º) por Local de residência (NUTS - 2013); Anual - INE, Estimativas anuais da população residente"
16I1421;Ourém;43.7;2018;0008259;"Índice de dependência de idosos (N.º) por Local de residência (NUTS - 2013); Anual - INE, Estimativas anuais da população residente"
11D1805;Lamego;44.1;2018;0008259;"Índice de dependência de idosos (N.º) por Local de residência (NUTS - 2013); Anual - INE, Estimativas anuais da população residente"
16B1005;Bombarral;44.1;2018;0008259;"Índice de dependência de idosos (N.º) por Local de residência (NUTS - 2013); Anual - INE, Estimativas anuais da população residente"
18;Alentejo;44.1;2018;0008259;"Índice de dependência de idosos (N.º) por Local de residência (NUTS - 2013); Anual - INE, Estimativas anuais da população residente"
3003110;São Vicente;44.3;2018;0008259;"Índice de dependência de idosos (N.º) por Local de residência (NUTS - 2013); Anual - INE, Estimativas anuais da população residente"
1500816;Vila Real de Santo António;44.4;2018;0008259;"Índice de dependência de idosos (N.º) por Local de residência (NUTS - 2013); Anual - INE, Estimativas anuais da população residente"
187;Alentejo Central;44.6;2018;0008259;"Índice de dependência de idosos (N.º) por Local de residência (NUTS - 2013); Anual - INE, Estimativas anuais da população residente"
1870710;Redondo;44.7;2018;0008259;"Índice de dependência de idosos (N.º) por Local de residência (NUTS - 2013); Anual - INE, Estimativas anuais da população residente"
1870714;Vila Viçosa;44.8;2018;0008259;"Índice de dependência de idosos (N.º) por Local de residência (NUTS - 2013); Anual - INE, Estimativas anuais da população residente"
16;Centro;45;2018;0008259;"Índice de dependência de idosos (N.º) por Local de residência (NUTS - 2013); Anual - INE, Estimativas anuais da população residente"
1500815;Vila do Bispo;45.3;2018;0008259;"Índice de dependência de idosos (N.º) por Local de residência (NUTS - 2013); Anual - INE, Estimativas anuais da população residente"
184;Baixo Alentejo;45.3;2018;0008259;"Índice de dependência de idosos (N.º) por Local de residência (NUTS - 2013); Anual - INE, Estimativas anuais da população residente"
1870702;Arraiolos;45.4;2018;0008259;"Índice de dependência de idosos (N.º) por Local de residência (NUTS - 2013); Anual - INE, Estimativas anuais da população residente"
1811505;Grândola;45.6;2018;0008259;"Índice de dependência de idosos (N.º) por Local de residência (NUTS - 2013); Anual - INE, Estimativas anuais da população residente"
1870709;Portel;45.6;2018;0008259;"Índice de dependência de idosos (N.º) por Local de residência (NUTS - 2013); Anual - INE, Estimativas anuais da população residente"
1870708;Mourão;45.8;2018;0008259;"Índice de dependência de idosos (N.º) por Local de residência (NUTS - 2013); Anual - INE, Estimativas anuais da população residente"
11D1708;Peso da Régua;45.9;2018;0008259;"Índice de dependência de idosos (N.º) por Local de residência (NUTS - 2013); Anual - INE, Estimativas anuais da população residente"
1840210;Moura;45.9;2018;0008259;"Índice de dependência de idosos (N.º) por Local de residência (NUTS - 2013); Anual - INE, Estimativas anuais da população residente"
1851412;Golegã;46;2018;0008259;"Índice de dependência de idosos (N.º) por Local de residência (NUTS - 2013); Anual - INE, Estimativas anuais da população residente"
3003106;Porto Moniz;46.3;2018;0008259;"Índice de dependência de idosos (N.º) por Local de residência (NUTS - 2013); Anual - INE, Estimativas anuais da população residente"
1840203;Alvito;46.5;2018;0008259;"Índice de dependência de idosos (N.º) por Local de residência (NUTS - 2013); Anual - INE, Estimativas anuais da população residente"
1840208;Ferreira do Alentejo;46.5;2018;0008259;"Índice de dependência de idosos (N.º) por Local de residência (NUTS - 2013); Anual - INE, Estimativas anuais da população residente"
11D1704;Mesão Frio;46.6;2018;0008259;"Índice de dependência de idosos (N.º) por Local de residência (NUTS - 2013); Anual - INE, Estimativas anuais da população residente"
16E;Região de Coimbra;46.8;2018;0008259;"Índice de dependência de idosos (N.º) por Local de residência (NUTS - 2013); Anual - INE, Estimativas anuais da população residente"
1861211;Monforte;47;2018;0008259;"Índice de dependência de idosos (N.º) por Local de residência (NUTS - 2013); Anual - INE, Estimativas anuais da população residente"
11D1815;São João da Pesqueira;47.1;2018;0008259;"Índice de dependência de idosos (N.º) por Local de residência (NUTS - 2013); Anual - INE, Estimativas anuais da população residente"
1851404;Alpiarça;47.1;2018;0008259;"Índice de dependência de idosos (N.º) por Local de residência (NUTS - 2013); Anual - INE, Estimativas anuais da população residente"
11E0402;Bragança;47.2;2018;0008259;"Índice de dependência de idosos (N.º) por Local de residência (NUTS - 2013); Anual - INE, Estimativas anuais da população residente"
1861214;Portalegre;47.6;2018;0008259;"Índice de dependência de idosos (N.º) por Local de residência (NUTS - 2013); Anual - INE, Estimativas anuais da população residente"
1870704;Estremoz;47.6;2018;0008259;"Índice de dependência de idosos (N.º) por Local de residência (NUTS - 2013); Anual - INE, Estimativas anuais da população residente"
16I1419;Torres Novas;47.7;2018;0008259;"Índice de dependência de idosos (N.º) por Local de residência (NUTS - 2013); Anual - INE, Estimativas anuais da população residente"
11A0107;Espinho;47.8;2018;0008259;"Índice de dependência de idosos (N.º) por Local de residência (NUTS - 2013); Anual - INE, Estimativas anuais da população residente"
1840213;Serpa;47.8;2018;0008259;"Índice de dependência de idosos (N.º) por Local de residência (NUTS - 2013); Anual - INE, Estimativas anuais da população residente"
16E0605;Figueira da Foz;48.1;2018;0008259;"Índice de dependência de idosos (N.º) por Local de residência (NUTS - 2013); Anual - INE, Estimativas anuais da população residente"
3003109;Santana;48.1;2018;0008259;"Índice de dependência de idosos (N.º) por Local de residência (NUTS - 2013); Anual - INE, Estimativas anuais da população residente"
111;Alto Minho;48.2;2018;0008259;"Índice de dependência de idosos (N.º) por Local de residência (NUTS - 2013); Anual - INE, Estimativas anuais da população residente"
16H0502;Castelo Branco;48.4;2018;0008259;"Índice de dependência de idosos (N.º) por Local de residência (NUTS - 2013); Anual - INE, Estimativas anuais da população residente"
1870703;Borba;48.4;2018;0008259;"Índice de dependência de idosos (N.º) por Local de residência (NUTS - 2013); Anual - INE, Estimativas anuais da população residente"
1191705;Mondim de Basto;48.5;2018;0008259;"Índice de dependência de idosos (N.º) por Local de residência (NUTS - 2013); Anual - INE, Estimativas anuais da população residente"
16G;Viseu Dão Lafões;48.6;2018;0008259;"Índice de dependência de idosos (N.º) por Local de residência (NUTS - 2013); Anual - INE, Estimativas anuais da população residente"
16I;Médio Tejo;48.7;2018;0008259;"Índice de dependência de idosos (N.º) por Local de residência (NUTS - 2013); Anual - INE, Estimativas anuais da população residente"
16E0611;Oliveira do Hospital;48.8;2018;0008259;"Índice de dependência de idosos (N.º) por Local de residência (NUTS - 2013); Anual - INE, Estimativas anuais da população residente"
1840201;Aljustrel;48.8;2018;0008259;"Índice de dependência de idosos (N.º) por Local de residência (NUTS - 2013); Anual - INE, Estimativas anuais da população residente"
16I1402;Alcanena;48.9;2018;0008259;"Índice de dependência de idosos (N.º) por Local de residência (NUTS - 2013); Anual - INE, Estimativas anuais da população residente"
11A0119;Vale de Cambra;49;2018;0008259;"Índice de dependência de idosos (N.º) por Local de residência (NUTS - 2013); Anual - INE, Estimativas anuais da população residente"
16B1104;Cadaval;49;2018;0008259;"Índice de dependência de idosos (N.º) por Local de residência (NUTS - 2013); Anual - INE, Estimativas anuais da população residente"
1870712;Vendas Novas;49.2;2018;0008259;"Índice de dependência de idosos (N.º) por Local de residência (NUTS - 2013); Anual - INE, Estimativas anuais da população residente"
11D;Douro;49.5;2018;0008259;"Índice de dependência de idosos (N.º) por Local de residência (NUTS - 2013); Anual - INE, Estimativas anuais da população residente"
16F1015;Pombal;49.9;2018;0008259;"Índice de dependência de idosos (N.º) por Local de residência (NUTS - 2013); Anual - INE, Estimativas anuais da população residente"
16D0103;Anadia;50.3;2018;0008259;"Índice de dependência de idosos (N.º) por Local de residência (NUTS - 2013); Anual - INE, Estimativas anuais da população residente"
1120310;Terras de Bouro;50.7;2018;0008259;"Índice de dependência de idosos (N.º) por Local de residência (NUTS - 2013); Anual - INE, Estimativas anuais da população residente"
186;Alto Alentejo;50.7;2018;0008259;"Índice de dependência de idosos (N.º) por Local de residência (NUTS - 2013); Anual - INE, Estimativas anuais da população residente"
11D1801;Armamar;50.9;2018;0008259;"Índice de dependência de idosos (N.º) por Local de residência (NUTS - 2013); Anual - INE, Estimativas anuais da população residente"
1111606;Ponte da Barca;51.1;2018;0008259;"Índice de dependência de idosos (N.º) por Local de residência (NUTS - 2013); Anual - INE, Estimativas anuais da população residente"
16E0616;Tábua;51.1;2018;0008259;"Índice de dependência de idosos (N.º) por Local de residência (NUTS - 2013); Anual - INE, Estimativas anuais da população residente"
1111602;Caminha;51.2;2018;0008259;"Índice de dependência de idosos (N.º) por Local de residência (NUTS - 2013); Anual - INE, Estimativas anuais da população residente"
1861202;Arronches;51.2;2018;0008259;"Índice de dependência de idosos (N.º) por Local de residência (NUTS - 2013); Anual - INE, Estimativas anuais da população residente"
1870706;Montemor-o-Novo;51.2;2018;0008259;"Índice de dependência de idosos (N.º) por Local de residência (NUTS - 2013); Anual - INE, Estimativas anuais da população residente"
16G1806;Mangualde;51.3;2018;0008259;"Índice de dependência de idosos (N.º) por Local de residência (NUTS - 2013); Anual - INE, Estimativas anuais da população residente"
1861213;Ponte de Sor;51.4;2018;0008259;"Índice de dependência de idosos (N.º) por Local de residência (NUTS - 2013); Anual - INE, Estimativas anuais da população residente"
1500814;Tavira;51.8;2018;0008259;"Índice de dependência de idosos (N.º) por Local de residência (NUTS - 2013); Anual - INE, Estimativas anuais da população residente"
16D0117;Sever do Vouga;51.8;2018;0008259;"Índice de dependência de idosos (N.º) por Local de residência (NUTS - 2013); Anual - INE, Estimativas anuais da população residente"
16I1417;Sardoal;51.8;2018;0008259;"Índice de dependência de idosos (N.º) por Local de residência (NUTS - 2013); Anual - INE, Estimativas anuais da população residente"
1811509;Santiago do Cacém;51.8;2018;0008259;"Índice de dependência de idosos (N.º) por Local de residência (NUTS - 2013); Anual - INE, Estimativas anuais da população residente"
1870701;Alandroal;51.8;2018;0008259;"Índice de dependência de idosos (N.º) por Local de residência (NUTS - 2013); Anual - INE, Estimativas anuais da população residente"
11D1807;Moimenta da Beira;51.9;2018;0008259;"Índice de dependência de idosos (N.º) por Local de residência (NUTS - 2013); Anual - INE, Estimativas anuais da população residente"
1861215;Sousel;52;2018;0008259;"Índice de dependência de idosos (N.º) por Local de residência (NUTS - 2013); Anual - INE, Estimativas anuais da população residente"
16E0614;Penela;52.3;2018;0008259;"Índice de dependência de idosos (N.º) por Local de residência (NUTS - 2013); Anual - INE, Estimativas anuais da população residente"
16J0503;Covilhã;52.4;2018;0008259;"Índice de dependência de idosos (N.º) por Local de residência (NUTS - 2013); Anual - INE, Estimativas anuais da população residente"
16E0602;Cantanhede;52.6;2018;0008259;"Índice de dependência de idosos (N.º) por Local de residência (NUTS - 2013); Anual - INE, Estimativas anuais da população residente"
16E0608;Mira;52.8;2018;0008259;"Índice de dependência de idosos (N.º) por Local de residência (NUTS - 2013); Anual - INE, Estimativas anuais da população residente"
1111605;Paredes de Coura;52.9;2018;0008259;"Índice de dependência de idosos (N.º) por Local de residência (NUTS - 2013); Anual - INE, Estimativas anuais da população residente"
16I1418;Tomar;53;2018;0008259;"Índice de dependência de idosos (N.º) por Local de residência (NUTS - 2013); Anual - INE, Estimativas anuais da população residente"
1190311;Vieira do Minho;53.2;2018;0008259;"Índice de dependência de idosos (N.º) por Local de residência (NUTS - 2013); Anual - INE, Estimativas anuais da população residente"
1861208;Fronteira;53.4;2018;0008259;"Índice de dependência de idosos (N.º) por Local de residência (NUTS - 2013); Anual - INE, Estimativas anuais da população residente"
16G1817;Sátão;53.7;2018;0008259;"Índice de dependência de idosos (N.º) por Local de residência (NUTS - 2013); Anual - INE, Estimativas anuais da população residente"
16G1809;Nelas;53.9;2018;0008259;"Índice de dependência de idosos (N.º) por Local de residência (NUTS - 2013); Anual - INE, Estimativas anuais da população residente"
1851407;Chamusca;54.3;2018;0008259;"Índice de dependência de idosos (N.º) por Local de residência (NUTS - 2013); Anual - INE, Estimativas anuais da população residente"
16I1401;Abrantes;54.5;2018;0008259;"Índice de dependência de idosos (N.º) por Local de residência (NUTS - 2013); Anual - INE, Estimativas anuais da população residente"
16G1824;Vouzela;54.6;2018;0008259;"Índice de dependência de idosos (N.º) por Local de residência (NUTS - 2013); Anual - INE, Estimativas anuais da população residente"
16I1411;Ferreira do Zêzere;54.7;2018;0008259;"Índice de dependência de idosos (N.º) por Local de residência (NUTS - 2013); Anual - INE, Estimativas anuais da população residente"
11D1818;Sernancelhe;54.8;2018;0008259;"Índice de dependência de idosos (N.º) por Local de residência (NUTS - 2013); Anual - INE, Estimativas anuais da população residente"
16I0509;Sertã;55.3;2018;0008259;"Índice de dependência de idosos (N.º) por Local de residência (NUTS - 2013); Anual - INE, Estimativas anuais da população residente"
1500804;Castro Marim;55.9;2018;0008259;"Índice de dependência de idosos (N.º) por Local de residência (NUTS - 2013); Anual - INE, Estimativas anuais da população residente"
1861201;Alter do Chão;56;2018;0008259;"Índice de dependência de idosos (N.º) por Local de residência (NUTS - 2013); Anual - INE, Estimativas anuais da população residente"
16F1003;Ansião;56.2;2018;0008259;"Índice de dependência de idosos (N.º) por Local de residência (NUTS - 2013); Anual - INE, Estimativas anuais da população residente"
16G1822;Vila Nova de Paiva;56.2;2018;0008259;"Índice de dependência de idosos (N.º) por Local de residência (NUTS - 2013); Anual - INE, Estimativas anuais da população residente"
16G1821;Tondela;56.5;2018;0008259;"Índice de dependência de idosos (N.º) por Local de residência (NUTS - 2013); Anual - INE, Estimativas anuais da população residente"
11B1709;Ribeira de Pena;56.6;2018;0008259;"Índice de dependência de idosos (N.º) por Local de residência (NUTS - 2013); Anual - INE, Estimativas anuais da população residente"
16G1802;Carregal do Sal;56.6;2018;0008259;"Índice de dependência de idosos (N.º) por Local de residência (NUTS - 2013); Anual - INE, Estimativas anuais da população residente"
1840202;Almodôvar;56.6;2018;0008259;"Índice de dependência de idosos (N.º) por Local de residência (NUTS - 2013); Anual - INE, Estimativas anuais da população residente"
16J0501;Belmonte;56.8;2018;0008259;"Índice de dependência de idosos (N.º) por Local de residência (NUTS - 2013); Anual - INE, Estimativas anuais da população residente"
1811501;Alcácer do Sal;56.9;2018;0008259;"Índice de dependência de idosos (N.º) por Local de residência (NUTS - 2013); Anual - INE, Estimativas anuais da população residente"
11D1711;Santa Marta de Penaguião;57.7;2018;0008259;"Índice de dependência de idosos (N.º) por Local de residência (NUTS - 2013); Anual - INE, Estimativas anuais da população residente"
11D1819;Tabuaço;57.7;2018;0008259;"Índice de dependência de idosos (N.º) por Local de residência (NUTS - 2013); Anual - INE, Estimativas anuais da população residente"
16E0613;Penacova;57.7;2018;0008259;"Índice de dependência de idosos (N.º) por Local de residência (NUTS - 2013); Anual - INE, Estimativas anuais da população residente"
1861203;Avis;57.7;2018;0008259;"Índice de dependência de idosos (N.º) por Local de residência (NUTS - 2013); Anual - INE, Estimativas anuais da população residente"
16G1803;Castro Daire;57.8;2018;0008259;"Índice de dependência de idosos (N.º) por Local de residência (NUTS - 2013); Anual - INE, Estimativas anuais da população residente"
16G1814;Santa Comba Dão;57.8;2018;0008259;"Índice de dependência de idosos (N.º) por Local de residência (NUTS - 2013); Anual - INE, Estimativas anuais da população residente"
11D1710;Sabrosa;57.9;2018;0008259;"Índice de dependência de idosos (N.º) por Local de residência (NUTS - 2013); Anual - INE, Estimativas anuais da população residente"
16J0504;Fundão;57.9;2018;0008259;"Índice de dependência de idosos (N.º) por Local de residência (NUTS - 2013); Anual - INE, Estimativas anuais da população residente"
11E0407;Mirandela;58.4;2018;0008259;"Índice de dependência de idosos (N.º) por Local de residência (NUTS - 2013); Anual - INE, Estimativas anuais da população residente"
16E0601;Arganil;58.8;2018;0008259;"Índice de dependência de idosos (N.º) por Local de residência (NUTS - 2013); Anual - INE, Estimativas anuais da população residente"
1840212;Ourique;58.8;2018;0008259;"Índice de dependência de idosos (N.º) por Local de residência (NUTS - 2013); Anual - INE, Estimativas anuais da população residente"
16G1816;São Pedro do Sul;58.9;2018;0008259;"Índice de dependência de idosos (N.º) por Local de residência (NUTS - 2013); Anual - INE, Estimativas anuais da população residente"
1851409;Coruche;58.9;2018;0008259;"Índice de dependência de idosos (N.º) por Local de residência (NUTS - 2013); Anual - INE, Estimativas anuais da população residente"
16J;Beiras e Serra da Estrela;59.2;2018;0008259;"Índice de dependência de idosos (N.º) por Local de residência (NUTS - 2013); Anual - INE, Estimativas anuais da população residente"
11D1701;Alijó;59.3;2018;0008259;"Índice de dependência de idosos (N.º) por Local de residência (NUTS - 2013); Anual - INE, Estimativas anuais da população residente"
16H;Beira Baixa;59.3;2018;0008259;"Índice de dependência de idosos (N.º) por Local de residência (NUTS - 2013); Anual - INE, Estimativas anuais da população residente"
11B1703;Chaves;59.6;2018;0008259;"Índice de dependência de idosos (N.º) por Local de residência (NUTS - 2013); Anual - INE, Estimativas anuais da população residente"
1861210;Marvão;60.2;2018;0008259;"Índice de dependência de idosos (N.º) por Local de residência (NUTS - 2013); Anual - INE, Estimativas anuais da população residente"
16E0615;Soure;60.7;2018;0008259;"Índice de dependência de idosos (N.º) por Local de residência (NUTS - 2013); Anual - INE, Estimativas anuais da população residente"
16F1013;Pedrógão Grande;60.9;2018;0008259;"Índice de dependência de idosos (N.º) por Local de residência (NUTS - 2013); Anual - INE, Estimativas anuais da população residente"
11E;Terras de Trás-os-Montes;61.3;2018;0008259;"Índice de dependência de idosos (N.º) por Local de residência (NUTS - 2013); Anual - INE, Estimativas anuais da população residente"
11D1812;Penedono;61.4;2018;0008259;"Índice de dependência de idosos (N.º) por Local de residência (NUTS - 2013); Anual - INE, Estimativas anuais da população residente"
1861205;Castelo de Vide;61.4;2018;0008259;"Índice de dependência de idosos (N.º) por Local de residência (NUTS - 2013); Anual - INE, Estimativas anuais da população residente"
1500809;Monchique;61.7;2018;0008259;"Índice de dependência de idosos (N.º) por Local de residência (NUTS - 2013); Anual - INE, Estimativas anuais da população residente"
1111604;Monção;61.8;2018;0008259;"Índice de dependência de idosos (N.º) por Local de residência (NUTS - 2013); Anual - INE, Estimativas anuais da população residente"
11E0405;Macedo de Cavaleiros;63.6;2018;0008259;"Índice de dependência de idosos (N.º) por Local de residência (NUTS - 2013); Anual - INE, Estimativas anuais da população residente"
16G1811;Penalva do Castelo;63.8;2018;0008259;"Índice de dependência de idosos (N.º) por Local de residência (NUTS - 2013); Anual - INE, Estimativas anuais da população residente"
16J0905;Fornos de Algodres;64;2018;0008259;"Índice de dependência de idosos (N.º) por Local de residência (NUTS - 2013); Anual - INE, Estimativas anuais da população residente"
16J0912;Seia;64.3;2018;0008259;"Índice de dependência de idosos (N.º) por Local de residência (NUTS - 2013); Anual - INE, Estimativas anuais da população residente"
16F1008;Figueiró dos Vinhos;64.6;2018;0008259;"Índice de dependência de idosos (N.º) por Local de residência (NUTS - 2013); Anual - INE, Estimativas anuais da população residente"
11B1713;Vila Pouca de Aguiar;64.7;2018;0008259;"Índice de dependência de idosos (N.º) por Local de residência (NUTS - 2013); Anual - INE, Estimativas anuais da população residente"
11E0410;Vila Flor;65.2;2018;0008259;"Índice de dependência de idosos (N.º) por Local de residência (NUTS - 2013); Anual - INE, Estimativas anuais da população residente"
11D1707;Murça;65.7;2018;0008259;"Índice de dependência de idosos (N.º) por Local de residência (NUTS - 2013); Anual - INE, Estimativas anuais da população residente"
16F1007;Castanheira de Pêra;65.9;2018;0008259;"Índice de dependência de idosos (N.º) por Local de residência (NUTS - 2013); Anual - INE, Estimativas anuais da população residente"
16J0903;Celorico da Beira;65.9;2018;0008259;"Índice de dependência de idosos (N.º) por Local de residência (NUTS - 2013); Anual - INE, Estimativas anuais da população residente"
16E1808;Mortágua;66.3;2018;0008259;"Índice de dependência de idosos (N.º) por Local de residência (NUTS - 2013); Anual - INE, Estimativas anuais da população residente"
11B;Alto Tâmega;66.4;2018;0008259;"Índice de dependência de idosos (N.º) por Local de residência (NUTS - 2013); Anual - INE, Estimativas anuais da população residente"
16F1002;Alvaiázere;66.7;2018;0008259;"Índice de dependência de idosos (N.º) por Local de residência (NUTS - 2013); Anual - INE, Estimativas anuais da população residente"
1111601;Arcos de Valdevez;66.8;2018;0008259;"Índice de dependência de idosos (N.º) por Local de residência (NUTS - 2013); Anual - INE, Estimativas anuais da população residente"
1840209;Mértola;66.8;2018;0008259;"Índice de dependência de idosos (N.º) por Local de residência (NUTS - 2013); Anual - INE, Estimativas anuais da população residente"
1861206;Crato;67.1;2018;0008259;"Índice de dependência de idosos (N.º) por Local de residência (NUTS - 2013); Anual - INE, Estimativas anuais da população residente"
11D0914;Vila Nova de Foz Côa;67.6;2018;0008259;"Índice de dependência de idosos (N.º) por Local de residência (NUTS - 2013); Anual - INE, Estimativas anuais da população residente"
16E0606;Góis;68.4;2018;0008259;"Índice de dependência de idosos (N.º) por Local de residência (NUTS - 2013); Anual - INE, Estimativas anuais da população residente"
16J0913;Trancoso;68.4;2018;0008259;"Índice de dependência de idosos (N.º) por Local de residência (NUTS - 2013); Anual - INE, Estimativas anuais da população residente"
16G0901;Aguiar da Beira;69.2;2018;0008259;"Índice de dependência de idosos (N.º) por Local de residência (NUTS - 2013); Anual - INE, Estimativas anuais da população residente"
16J0908;Manteigas;70;2018;0008259;"Índice de dependência de idosos (N.º) por Local de residência (NUTS - 2013); Anual - INE, Estimativas anuais da população residente"
1870707;Mora;70.3;2018;0008259;"Índice de dependência de idosos (N.º) por Local de residência (NUTS - 2013); Anual - INE, Estimativas anuais da população residente"
11E0401;Alfândega da Fé;70.7;2018;0008259;"Índice de dependência de idosos (N.º) por Local de residência (NUTS - 2013); Anual - INE, Estimativas anuais da população residente"
16I0510;Vila de Rei;71.4;2018;0008259;"Índice de dependência de idosos (N.º) por Local de residência (NUTS - 2013); Anual - INE, Estimativas anuais da população residente"
11D0404;Freixo de Espada à Cinta;71.5;2018;0008259;"Índice de dependência de idosos (N.º) por Local de residência (NUTS - 2013); Anual - INE, Estimativas anuais da população residente"
16H0508;Proença-a-Nova;72.2;2018;0008259;"Índice de dependência de idosos (N.º) por Local de residência (NUTS - 2013); Anual - INE, Estimativas anuais da população residente"
16J0904;Figueira de Castelo Rodrigo;72.5;2018;0008259;"Índice de dependência de idosos (N.º) por Local de residência (NUTS - 2013); Anual - INE, Estimativas anuais da população residente"
11D0403;Carrazeda de Ansiães;72.7;2018;0008259;"Índice de dependência de idosos (N.º) por Local de residência (NUTS - 2013); Anual - INE, Estimativas anuais da população residente"
16J0909;Mêda;72.7;2018;0008259;"Índice de dependência de idosos (N.º) por Local de residência (NUTS - 2013); Anual - INE, Estimativas anuais da população residente"
16J0906;Gouveia;73.3;2018;0008259;"Índice de dependência de idosos (N.º) por Local de residência (NUTS - 2013); Anual - INE, Estimativas anuais da população residente"
11B1702;Boticas;73.4;2018;0008259;"Índice de dependência de idosos (N.º) por Local de residência (NUTS - 2013); Anual - INE, Estimativas anuais da população residente"
11E0408;Mogadouro;74;2018;0008259;"Índice de dependência de idosos (N.º) por Local de residência (NUTS - 2013); Anual - INE, Estimativas anuais da população residente"
16J0910;Pinhel;74.5;2018;0008259;"Índice de dependência de idosos (N.º) por Local de residência (NUTS - 2013); Anual - INE, Estimativas anuais da população residente"
1861212;Nisa;76.4;2018;0008259;"Índice de dependência de idosos (N.º) por Local de residência (NUTS - 2013); Anual - INE, Estimativas anuais da população residente"
11E0406;Miranda do Douro;77.9;2018;0008259;"Índice de dependência de idosos (N.º) por Local de residência (NUTS - 2013); Anual - INE, Estimativas anuais da população residente"
11B1706;Montalegre;79;2018;0008259;"Índice de dependência de idosos (N.º) por Local de residência (NUTS - 2013); Anual - INE, Estimativas anuais da população residente"
16I1413;Mação;79.8;2018;0008259;"Índice de dependência de idosos (N.º) por Local de residência (NUTS - 2013); Anual - INE, Estimativas anuais da população residente"
1861209;Gavião;80.2;2018;0008259;"Índice de dependência de idosos (N.º) por Local de residência (NUTS - 2013); Anual - INE, Estimativas anuais da população residente"
11B1712;Valpaços;81;2018;0008259;"Índice de dependência de idosos (N.º) por Local de residência (NUTS - 2013); Anual - INE, Estimativas anuais da população residente"
11D0409;Torre de Moncorvo;81.9;2018;0008259;"Índice de dependência de idosos (N.º) por Local de residência (NUTS - 2013); Anual - INE, Estimativas anuais da população residente"
16H0505;Idanha-a-Nova;82.2;2018;0008259;"Índice de dependência de idosos (N.º) por Local de residência (NUTS - 2013); Anual - INE, Estimativas anuais da população residente"
16H0507;Penamacor;87.4;2018;0008259;"Índice de dependência de idosos (N.º) por Local de residência (NUTS - 2013); Anual - INE, Estimativas anuais da população residente"
1111603;Melgaço;88.3;2018;0008259;"Índice de dependência de idosos (N.º) por Local de residência (NUTS - 2013); Anual - INE, Estimativas anuais da população residente"
11E0411;Vimioso;88.3;2018;0008259;"Índice de dependência de idosos (N.º) por Local de residência (NUTS - 2013); Anual - INE, Estimativas anuais da população residente"
16H0511;Vila Velha de Ródão;88.9;2018;0008259;"Índice de dependência de idosos (N.º) por Local de residência (NUTS - 2013); Anual - INE, Estimativas anuais da população residente"
16J0902;Almeida;90.2;2018;0008259;"Índice de dependência de idosos (N.º) por Local de residência (NUTS - 2013); Anual - INE, Estimativas anuais da população residente"
16J0911;Sabugal;92.2;2018;0008259;"Índice de dependência de idosos (N.º) por Local de residência (NUTS - 2013); Anual - INE, Estimativas anuais da população residente"
16E0612;Pampilhosa da Serra;93.6;2018;0008259;"Índice de dependência de idosos (N.º) por Local de residência (NUTS - 2013); Anual - INE, Estimativas anuais da população residente"
16H0506;Oleiros;94;2018;0008259;"Índice de dependência de idosos (N.º) por Local de residência (NUTS - 2013); Anual - INE, Estimativas anuais da população residente"
11E0412;Vinhais;95.6;2018;0008259;"Índice de dependência de idosos (N.º) por Local de residência (NUTS - 2013); Anual - INE, Estimativas anuais da população residente"
1500802;Alcoutim;97.6;2018;0008259;"Índice de dependência de idosos (N.º) por Local de residência (NUTS - 2013); Anual - INE, Estimativas anuais da população residente"
2004205;Ribeira Grande;16.7;2019;0008259;"Índice de dependência de idosos (N.º) por Local de residência (NUTS - 2013); Anual - INE, Estimativas anuais da população residente"
2004201;Lagoa;19;2019;0008259;"Índice de dependência de idosos (N.º) por Local de residência (NUTS - 2013); Anual - INE, Estimativas anuais da população residente"
3003108;Santa Cruz;22;2019;0008259;"Índice de dependência de idosos (N.º) por Local de residência (NUTS - 2013); Anual - INE, Estimativas anuais da população residente"
3003102;Câmara de Lobos;23;2019;0008259;"Índice de dependência de idosos (N.º) por Local de residência (NUTS - 2013); Anual - INE, Estimativas anuais da população residente"
2004203;Ponta Delgada;23.3;2019;0008259;"Índice de dependência de idosos (N.º) por Local de residência (NUTS - 2013); Anual - INE, Estimativas anuais da população residente"
2004206;Vila Franca do Campo;23.3;2019;0008259;"Índice de dependência de idosos (N.º) por Local de residência (NUTS - 2013); Anual - INE, Estimativas anuais da população residente"
11C1305;Lousada;24.2;2019;0008259;"Índice de dependência de idosos (N.º) por Local de residência (NUTS - 2013); Anual - INE, Estimativas anuais da população residente"
11C1309;Paços de Ferreira;25.5;2019;0008259;"Índice de dependência de idosos (N.º) por Local de residência (NUTS - 2013); Anual - INE, Estimativas anuais da população residente"
2;Região Autónoma dos Açores;25.6;2019;0008259;"Índice de dependência de idosos (N.º) por Local de residência (NUTS - 2013); Anual - INE, Estimativas anuais da população residente"
20;Região Autónoma dos Açores;25.6;2019;0008259;"Índice de dependência de idosos (N.º) por Local de residência (NUTS - 2013); Anual - INE, Estimativas anuais da população residente"
200;Região Autónoma dos Açores;25.6;2019;0008259;"Índice de dependência de idosos (N.º) por Local de residência (NUTS - 2013); Anual - INE, Estimativas anuais da população residente"
11A1310;Paredes;25.9;2019;0008259;"Índice de dependência de idosos (N.º) por Local de residência (NUTS - 2013); Anual - INE, Estimativas anuais da população residente"
2004204;Povoação;26.1;2019;0008259;"Índice de dependência de idosos (N.º) por Local de residência (NUTS - 2013); Anual - INE, Estimativas anuais da população residente"
2004901;Corvo;27.2;2019;0008259;"Índice de dependência de idosos (N.º) por Local de residência (NUTS - 2013); Anual - INE, Estimativas anuais da população residente"
3003201;Porto Santo;27.2;2019;0008259;"Índice de dependência de idosos (N.º) por Local de residência (NUTS - 2013); Anual - INE, Estimativas anuais da população residente"
2004101;Vila do Porto;27.3;2019;0008259;"Índice de dependência de idosos (N.º) por Local de residência (NUTS - 2013); Anual - INE, Estimativas anuais da população residente"
1701502;Alcochete;27.4;2019;0008259;"Índice de dependência de idosos (N.º) por Local de residência (NUTS - 2013); Anual - INE, Estimativas anuais da população residente"
1701109;Mafra;27.8;2019;0008259;"Índice de dependência de idosos (N.º) por Local de residência (NUTS - 2013); Anual - INE, Estimativas anuais da população residente"
1190314;Vizela;28.1;2019;0008259;"Índice de dependência de idosos (N.º) por Local de residência (NUTS - 2013); Anual - INE, Estimativas anuais da população residente"
11C1311;Penafiel;28.4;2019;0008259;"Índice de dependência de idosos (N.º) por Local de residência (NUTS - 2013); Anual - INE, Estimativas anuais da população residente"
1500801;Albufeira;28.5;2019;0008259;"Índice de dependência de idosos (N.º) por Local de residência (NUTS - 2013); Anual - INE, Estimativas anuais da população residente"
16B1102;Arruda dos Vinhos;28.5;2019;0008259;"Índice de dependência de idosos (N.º) por Local de residência (NUTS - 2013); Anual - INE, Estimativas anuais da população residente"
1701111;Sintra;28.5;2019;0008259;"Índice de dependência de idosos (N.º) por Local de residência (NUTS - 2013); Anual - INE, Estimativas anuais da população residente"
2004802;Santa Cruz das Flores;28.6;2019;0008259;"Índice de dependência de idosos (N.º) por Local de residência (NUTS - 2013); Anual - INE, Estimativas anuais da população residente"
1701507;Montijo;28.8;2019;0008259;"Índice de dependência de idosos (N.º) por Local de residência (NUTS - 2013); Anual - INE, Estimativas anuais da população residente"
11C1307;Marco de Canaveses;29;2019;0008259;"Índice de dependência de idosos (N.º) por Local de residência (NUTS - 2013); Anual - INE, Estimativas anuais da população residente"
1120303;Braga;29.4;2019;0008259;"Índice de dependência de idosos (N.º) por Local de residência (NUTS - 2013); Anual - INE, Estimativas anuais da população residente"
2004302;Vila da Praia da Vitória;29.4;2019;0008259;"Índice de dependência de idosos (N.º) por Local de residência (NUTS - 2013); Anual - INE, Estimativas anuais da população residente"
11C1303;Felgueiras;29.6;2019;0008259;"Índice de dependência de idosos (N.º) por Local de residência (NUTS - 2013); Anual - INE, Estimativas anuais da população residente"
2004602;Madalena;30;2019;0008259;"Índice de dependência de idosos (N.º) por Local de residência (NUTS - 2013); Anual - INE, Estimativas anuais da população residente"
1701114;Vila Franca de Xira;30.2;2019;0008259;"Índice de dependência de idosos (N.º) por Local de residência (NUTS - 2013); Anual - INE, Estimativas anuais da população residente"
16B1112;Sobral de Monte Agraço;30.3;2019;0008259;"Índice de dependência de idosos (N.º) por Local de residência (NUTS - 2013); Anual - INE, Estimativas anuais da população residente"
1851405;Benavente;30.4;2019;0008259;"Índice de dependência de idosos (N.º) por Local de residência (NUTS - 2013); Anual - INE, Estimativas anuais da população residente"
2004301;Angra do Heroísmo;30.4;2019;0008259;"Índice de dependência de idosos (N.º) por Local de residência (NUTS - 2013); Anual - INE, Estimativas anuais da população residente"
11A1306;Maia;30.6;2019;0008259;"Índice de dependência de idosos (N.º) por Local de residência (NUTS - 2013); Anual - INE, Estimativas anuais da população residente"
11C;Tâmega e Sousa;30.7;2019;0008259;"Índice de dependência de idosos (N.º) por Local de residência (NUTS - 2013); Anual - INE, Estimativas anuais da população residente"
11A1315;Valongo;30.9;2019;0008259;"Índice de dependência de idosos (N.º) por Local de residência (NUTS - 2013); Anual - INE, Estimativas anuais da população residente"
16B1101;Alenquer;30.9;2019;0008259;"Índice de dependência de idosos (N.º) por Local de residência (NUTS - 2013); Anual - INE, Estimativas anuais da população residente"
3;Região Autónoma da Madeira;31.2;2019;0008259;"Índice de dependência de idosos (N.º) por Local de residência (NUTS - 2013); Anual - INE, Estimativas anuais da população residente"
30;Região Autónoma da Madeira;31.2;2019;0008259;"Índice de dependência de idosos (N.º) por Local de residência (NUTS - 2013); Anual - INE, Estimativas anuais da população residente"
300;Região Autónoma da Madeira;31.2;2019;0008259;"Índice de dependência de idosos (N.º) por Local de residência (NUTS - 2013); Anual - INE, Estimativas anuais da população residente"
2004202;Nordeste;31.4;2019;0008259;"Índice de dependência de idosos (N.º) por Local de residência (NUTS - 2013); Anual - INE, Estimativas anuais da população residente"
112;Cávado;31.5;2019;0008259;"Índice de dependência de idosos (N.º) por Local de residência (NUTS - 2013); Anual - INE, Estimativas anuais da população residente"
1120306;Esposende;31.9;2019;0008259;"Índice de dependência de idosos (N.º) por Local de residência (NUTS - 2013); Anual - INE, Estimativas anuais da população residente"
11A1318;Trofa;31.9;2019;0008259;"Índice de dependência de idosos (N.º) por Local de residência (NUTS - 2013); Anual - INE, Estimativas anuais da população residente"
2004701;Horta;31.9;2019;0008259;"Índice de dependência de idosos (N.º) por Local de residência (NUTS - 2013); Anual - INE, Estimativas anuais da população residente"
3003107;Ribeira Brava;31.9;2019;0008259;"Índice de dependência de idosos (N.º) por Local de residência (NUTS - 2013); Anual - INE, Estimativas anuais da população residente"
2004502;Velas;32;2019;0008259;"Índice de dependência de idosos (N.º) por Local de residência (NUTS - 2013); Anual - INE, Estimativas anuais da população residente"
1120302;Barcelos;32.2;2019;0008259;"Índice de dependência de idosos (N.º) por Local de residência (NUTS - 2013); Anual - INE, Estimativas anuais da população residente"
1701511;Sesimbra;32.2;2019;0008259;"Índice de dependência de idosos (N.º) por Local de residência (NUTS - 2013); Anual - INE, Estimativas anuais da população residente"
2004801;Lajes das Flores;32.2;2019;0008259;"Índice de dependência de idosos (N.º) por Local de residência (NUTS - 2013); Anual - INE, Estimativas anuais da população residente"
1190312;Vila Nova de Famalicão;32.3;2019;0008259;"Índice de dependência de idosos (N.º) por Local de residência (NUTS - 2013); Anual - INE, Estimativas anuais da população residente"
3003105;Ponta do Sol;32.3;2019;0008259;"Índice de dependência de idosos (N.º) por Local de residência (NUTS - 2013); Anual - INE, Estimativas anuais da população residente"
16I1410;Entroncamento;32.4;2019;0008259;"Índice de dependência de idosos (N.º) por Local de residência (NUTS - 2013); Anual - INE, Estimativas anuais da população residente"
11A1316;Vila do Conde;32.6;2019;0008259;"Índice de dependência de idosos (N.º) por Local de residência (NUTS - 2013); Anual - INE, Estimativas anuais da população residente"
11A1313;Póvoa de Varzim;32.8;2019;0008259;"Índice de dependência de idosos (N.º) por Local de residência (NUTS - 2013); Anual - INE, Estimativas anuais da população residente"
1701508;Palmela;33;2019;0008259;"Índice de dependência de idosos (N.º) por Local de residência (NUTS - 2013); Anual - INE, Estimativas anuais da população residente"
1810211;Odemira;33.1;2019;0008259;"Índice de dependência de idosos (N.º) por Local de residência (NUTS - 2013); Anual - INE, Estimativas anuais da população residente"
3003104;Machico;33.1;2019;0008259;"Índice de dependência de idosos (N.º) por Local de residência (NUTS - 2013); Anual - INE, Estimativas anuais da população residente"
1190308;Guimarães;33.3;2019;0008259;"Índice de dependência de idosos (N.º) por Local de residência (NUTS - 2013); Anual - INE, Estimativas anuais da população residente"
2004603;São Roque do Pico;33.3;2019;0008259;"Índice de dependência de idosos (N.º) por Local de residência (NUTS - 2013); Anual - INE, Estimativas anuais da população residente"
11C0106;Castelo de Paiva;33.5;2019;0008259;"Índice de dependência de idosos (N.º) por Local de residência (NUTS - 2013); Anual - INE, Estimativas anuais da população residente"
16D0105;Aveiro;33.8;2019;0008259;"Índice de dependência de idosos (N.º) por Local de residência (NUTS - 2013); Anual - INE, Estimativas anuais da população residente"
2004401;Santa Cruz da Graciosa;34;2019;0008259;"Índice de dependência de idosos (N.º) por Local de residência (NUTS - 2013); Anual - INE, Estimativas anuais da população residente"
16D0110;Ílhavo;34.1;2019;0008259;"Índice de dependência de idosos (N.º) por Local de residência (NUTS - 2013); Anual - INE, Estimativas anuais da população residente"
119;Ave;34.3;2019;0008259;"Índice de dependência de idosos (N.º) por Local de residência (NUTS - 2013); Anual - INE, Estimativas anuais da população residente"
1701116;Odivelas;34.3;2019;0008259;"Índice de dependência de idosos (N.º) por Local de residência (NUTS - 2013); Anual - INE, Estimativas anuais da população residente"
1120301;Amares;34.5;2019;0008259;"Índice de dependência de idosos (N.º) por Local de residência (NUTS - 2013); Anual - INE, Estimativas anuais da população residente"
1120313;Vila Verde;34.7;2019;0008259;"Índice de dependência de idosos (N.º) por Local de residência (NUTS - 2013); Anual - INE, Estimativas anuais da população residente"
11A0109;Santa Maria da Feira;34.8;2019;0008259;"Índice de dependência de idosos (N.º) por Local de residência (NUTS - 2013); Anual - INE, Estimativas anuais da população residente"
17;Área Metropolitana de Lisboa;34.9;2019;0008259;"Índice de dependência de idosos (N.º) por Local de residência (NUTS - 2013); Anual - INE, Estimativas anuais da população residente"
170;Área Metropolitana de Lisboa;34.9;2019;0008259;"Índice de dependência de idosos (N.º) por Local de residência (NUTS - 2013); Anual - INE, Estimativas anuais da população residente"
3003103;Funchal;34.9;2019;0008259;"Índice de dependência de idosos (N.º) por Local de residência (NUTS - 2013); Anual - INE, Estimativas anuais da população residente"
11A1317;Vila Nova de Gaia;35.1;2019;0008259;"Índice de dependência de idosos (N.º) por Local de residência (NUTS - 2013); Anual - INE, Estimativas anuais da população residente"
11A1304;Gondomar;35.2;2019;0008259;"Índice de dependência de idosos (N.º) por Local de residência (NUTS - 2013); Anual - INE, Estimativas anuais da população residente"
16D0115;Ovar;35.2;2019;0008259;"Índice de dependência de idosos (N.º) por Local de residência (NUTS - 2013); Anual - INE, Estimativas anuais da população residente"
11A0116;São João da Madeira;35.5;2019;0008259;"Índice de dependência de idosos (N.º) por Local de residência (NUTS - 2013); Anual - INE, Estimativas anuais da população residente"
1500805;Faro;35.5;2019;0008259;"Índice de dependência de idosos (N.º) por Local de residência (NUTS - 2013); Anual - INE, Estimativas anuais da população residente"
16B1113;Torres Vedras;35.5;2019;0008259;"Índice de dependência de idosos (N.º) por Local de residência (NUTS - 2013); Anual - INE, Estimativas anuais da população residente"
11A;Área Metropolitana do Porto;35.6;2019;0008259;"Índice de dependência de idosos (N.º) por Local de residência (NUTS - 2013); Anual - INE, Estimativas anuais da população residente"
1840204;Barrancos;35.6;2019;0008259;"Índice de dependência de idosos (N.º) por Local de residência (NUTS - 2013); Anual - INE, Estimativas anuais da população residente"
1701506;Moita;35.7;2019;0008259;"Índice de dependência de idosos (N.º) por Local de residência (NUTS - 2013); Anual - INE, Estimativas anuais da população residente"
1701510;Seixal;35.8;2019;0008259;"Índice de dependência de idosos (N.º) por Local de residência (NUTS - 2013); Anual - INE, Estimativas anuais da população residente"
1500811;Portimão;35.9;2019;0008259;"Índice de dependência de idosos (N.º) por Local de residência (NUTS - 2013); Anual - INE, Estimativas anuais da população residente"
16E0604;Condeixa-a-Nova;35.9;2019;0008259;"Índice de dependência de idosos (N.º) por Local de residência (NUTS - 2013); Anual - INE, Estimativas anuais da população residente"
1190309;Póvoa de Lanhoso;36.2;2019;0008259;"Índice de dependência de idosos (N.º) por Local de residência (NUTS - 2013); Anual - INE, Estimativas anuais da população residente"
1851103;Azambuja;36.2;2019;0008259;"Índice de dependência de idosos (N.º) por Local de residência (NUTS - 2013); Anual - INE, Estimativas anuais da população residente"
16D0102;Albergaria-a-Velha;36.4;2019;0008259;"Índice de dependência de idosos (N.º) por Local de residência (NUTS - 2013); Anual - INE, Estimativas anuais da população residente"
16F1009;Leiria;36.4;2019;0008259;"Índice de dependência de idosos (N.º) por Local de residência (NUTS - 2013); Anual - INE, Estimativas anuais da população residente"
1701107;Loures;36.4;2019;0008259;"Índice de dependência de idosos (N.º) por Local de residência (NUTS - 2013); Anual - INE, Estimativas anuais da população residente"
1701106;Lisboa;36.5;2019;0008259;"Índice de dependência de idosos (N.º) por Local de residência (NUTS - 2013); Anual - INE, Estimativas anuais da população residente"
1701115;Amadora;36.5;2019;0008259;"Índice de dependência de idosos (N.º) por Local de residência (NUTS - 2013); Anual - INE, Estimativas anuais da população residente"
16D0114;Oliveira do Bairro;36.7;2019;0008259;"Índice de dependência de idosos (N.º) por Local de residência (NUTS - 2013); Anual - INE, Estimativas anuais da população residente"
16E0607;Lousã;37;2019;0008259;"Índice de dependência de idosos (N.º) por Local de residência (NUTS - 2013); Anual - INE, Estimativas anuais da população residente"
11;Norte;37.1;2019;0008259;"Índice de dependência de idosos (N.º) por Local de residência (NUTS - 2013); Anual - INE, Estimativas anuais da população residente"
11C1301;Amarante;37.1;2019;0008259;"Índice de dependência de idosos (N.º) por Local de residência (NUTS - 2013); Anual - INE, Estimativas anuais da população residente"
1701105;Cascais;37.1;2019;0008259;"Índice de dependência de idosos (N.º) por Local de residência (NUTS - 2013); Anual - INE, Estimativas anuais da população residente"
16F1010;Marinha Grande;37.3;2019;0008259;"Índice de dependência de idosos (N.º) por Local de residência (NUTS - 2013); Anual - INE, Estimativas anuais da população residente"
1811513;Sines;37.4;2019;0008259;"Índice de dependência de idosos (N.º) por Local de residência (NUTS - 2013); Anual - INE, Estimativas anuais da população residente"
11C1302;Baião;37.5;2019;0008259;"Índice de dependência de idosos (N.º) por Local de residência (NUTS - 2013); Anual - INE, Estimativas anuais da população residente"
1840205;Beja;37.5;2019;0008259;"Índice de dependência de idosos (N.º) por Local de residência (NUTS - 2013); Anual - INE, Estimativas anuais da população residente"
16F1004;Batalha;37.6;2019;0008259;"Índice de dependência de idosos (N.º) por Local de residência (NUTS - 2013); Anual - INE, Estimativas anuais da população residente"
1190304;Cabeceiras de Basto;37.7;2019;0008259;"Índice de dependência de idosos (N.º) por Local de residência (NUTS - 2013); Anual - INE, Estimativas anuais da população residente"
1500810;Olhão;37.7;2019;0008259;"Índice de dependência de idosos (N.º) por Local de residência (NUTS - 2013); Anual - INE, Estimativas anuais da população residente"
2004501;Calheta;37.7;2019;0008259;"Índice de dependência de idosos (N.º) por Local de residência (NUTS - 2013); Anual - INE, Estimativas anuais da população residente"
1851414;Rio Maior;37.8;2019;0008259;"Índice de dependência de idosos (N.º) por Local de residência (NUTS - 2013); Anual - INE, Estimativas anuais da população residente"
11A1308;Matosinhos;38;2019;0008259;"Índice de dependência de idosos (N.º) por Local de residência (NUTS - 2013); Anual - INE, Estimativas anuais da população residente"
16D;Região de Aveiro;38;2019;0008259;"Índice de dependência de idosos (N.º) por Local de residência (NUTS - 2013); Anual - INE, Estimativas anuais da população residente"
1500806;Lagoa;38.2;2019;0008259;"Índice de dependência de idosos (N.º) por Local de residência (NUTS - 2013); Anual - INE, Estimativas anuais da população residente"
PT;Portugal;38.2;2019;0008259;"Índice de dependência de idosos (N.º) por Local de residência (NUTS - 2013); Anual - INE, Estimativas anuais da população residente"
1500808;Loulé;38.3;2019;0008259;"Índice de dependência de idosos (N.º) por Local de residência (NUTS - 2013); Anual - INE, Estimativas anuais da população residente"
16B;Oeste;38.5;2019;0008259;"Índice de dependência de idosos (N.º) por Local de residência (NUTS - 2013); Anual - INE, Estimativas anuais da população residente"
1861204;Campo Maior;38.5;2019;0008259;"Índice de dependência de idosos (N.º) por Local de residência (NUTS - 2013); Anual - INE, Estimativas anuais da população residente"
11A0113;Oliveira de Azeméis;38.6;2019;0008259;"Índice de dependência de idosos (N.º) por Local de residência (NUTS - 2013); Anual - INE, Estimativas anuais da população residente"
16D0118;Vagos;38.6;2019;0008259;"Índice de dependência de idosos (N.º) por Local de residência (NUTS - 2013); Anual - INE, Estimativas anuais da população residente"
1870705;Évora;38.6;2019;0008259;"Índice de dependência de idosos (N.º) por Local de residência (NUTS - 2013); Anual - INE, Estimativas anuais da população residente"
2004601;Lajes do Pico;38.6;2019;0008259;"Índice de dependência de idosos (N.º) por Local de residência (NUTS - 2013); Anual - INE, Estimativas anuais da população residente"
1;Continente;38.7;2019;0008259;"Índice de dependência de idosos (N.º) por Local de residência (NUTS - 2013); Anual - INE, Estimativas anuais da população residente"
11D1714;Vila Real;38.8;2019;0008259;"Índice de dependência de idosos (N.º) por Local de residência (NUTS - 2013); Anual - INE, Estimativas anuais da população residente"
15;Algarve;38.8;2019;0008259;"Índice de dependência de idosos (N.º) por Local de residência (NUTS - 2013); Anual - INE, Estimativas anuais da população residente"
150;Algarve;38.8;2019;0008259;"Índice de dependência de idosos (N.º) por Local de residência (NUTS - 2013); Anual - INE, Estimativas anuais da população residente"
1190307;Fafe;38.9;2019;0008259;"Índice de dependência de idosos (N.º) por Local de residência (NUTS - 2013); Anual - INE, Estimativas anuais da população residente"
16D0112;Murtosa;38.9;2019;0008259;"Índice de dependência de idosos (N.º) por Local de residência (NUTS - 2013); Anual - INE, Estimativas anuais da população residente"
1840207;Cuba;38.9;2019;0008259;"Índice de dependência de idosos (N.º) por Local de residência (NUTS - 2013); Anual - INE, Estimativas anuais da população residente"
1701512;Setúbal;39;2019;0008259;"Índice de dependência de idosos (N.º) por Local de residência (NUTS - 2013); Anual - INE, Estimativas anuais da população residente"
16G1823;Viseu;39.1;2019;0008259;"Índice de dependência de idosos (N.º) por Local de residência (NUTS - 2013); Anual - INE, Estimativas anuais da população residente"
16I1408;Constância;39.4;2019;0008259;"Índice de dependência de idosos (N.º) por Local de residência (NUTS - 2013); Anual - INE, Estimativas anuais da população residente"
16D0108;Estarreja;39.5;2019;0008259;"Índice de dependência de idosos (N.º) por Local de residência (NUTS - 2013); Anual - INE, Estimativas anuais da população residente"
1111607;Ponte de Lima;39.6;2019;0008259;"Índice de dependência de idosos (N.º) por Local de residência (NUTS - 2013); Anual - INE, Estimativas anuais da população residente"
11C0305;Celorico de Basto;39.6;2019;0008259;"Índice de dependência de idosos (N.º) por Local de residência (NUTS - 2013); Anual - INE, Estimativas anuais da população residente"
1701503;Almada;39.6;2019;0008259;"Índice de dependência de idosos (N.º) por Local de residência (NUTS - 2013); Anual - INE, Estimativas anuais da população residente"
1701110;Oeiras;39.8;2019;0008259;"Índice de dependência de idosos (N.º) por Local de residência (NUTS - 2013); Anual - INE, Estimativas anuais da população residente"
16G1810;Oliveira de Frades;40.1;2019;0008259;"Índice de dependência de idosos (N.º) por Local de residência (NUTS - 2013); Anual - INE, Estimativas anuais da população residente"
1851406;Cartaxo;40.2;2019;0008259;"Índice de dependência de idosos (N.º) por Local de residência (NUTS - 2013); Anual - INE, Estimativas anuais da população residente"
11D1820;Tarouca;40.3;2019;0008259;"Índice de dependência de idosos (N.º) por Local de residência (NUTS - 2013); Anual - INE, Estimativas anuais da população residente"
16B1108;Lourinhã;40.4;2019;0008259;"Índice de dependência de idosos (N.º) por Local de residência (NUTS - 2013); Anual - INE, Estimativas anuais da população residente"
1500813;Silves;40.5;2019;0008259;"Índice de dependência de idosos (N.º) por Local de residência (NUTS - 2013); Anual - INE, Estimativas anuais da população residente"
3003101;Calheta;40.5;2019;0008259;"Índice de dependência de idosos (N.º) por Local de residência (NUTS - 2013); Anual - INE, Estimativas anuais da população residente"
16F1016;Porto de Mós;40.7;2019;0008259;"Índice de dependência de idosos (N.º) por Local de residência (NUTS - 2013); Anual - INE, Estimativas anuais da população residente"
11A0104;Arouca;40.8;2019;0008259;"Índice de dependência de idosos (N.º) por Local de residência (NUTS - 2013); Anual - INE, Estimativas anuais da população residente"
1861207;Elvas;40.8;2019;0008259;"Índice de dependência de idosos (N.º) por Local de residência (NUTS - 2013); Anual - INE, Estimativas anuais da população residente"
1870713;Viana do Alentejo;40.9;2019;0008259;"Índice de dependência de idosos (N.º) por Local de residência (NUTS - 2013); Anual - INE, Estimativas anuais da população residente"
11A1312;Porto;41.2;2019;0008259;"Índice de dependência de idosos (N.º) por Local de residência (NUTS - 2013); Anual - INE, Estimativas anuais da população residente"
185;Lezíria do Tejo;41.2;2019;0008259;"Índice de dependência de idosos (N.º) por Local de residência (NUTS - 2013); Anual - INE, Estimativas anuais da população residente"
1851403;Almeirim;41.2;2019;0008259;"Índice de dependência de idosos (N.º) por Local de residência (NUTS - 2013); Anual - INE, Estimativas anuais da população residente"
11A1314;Santo Tirso;41.3;2019;0008259;"Índice de dependência de idosos (N.º) por Local de residência (NUTS - 2013); Anual - INE, Estimativas anuais da população residente"
16F;Região de Leiria;41.5;2019;0008259;"Índice de dependência de idosos (N.º) por Local de residência (NUTS - 2013); Anual - INE, Estimativas anuais da população residente"
16B1006;Caldas da Rainha;41.6;2019;0008259;"Índice de dependência de idosos (N.º) por Local de residência (NUTS - 2013); Anual - INE, Estimativas anuais da população residente"
16E0617;Vila Nova de Poiares;41.7;2019;0008259;"Índice de dependência de idosos (N.º) por Local de residência (NUTS - 2013); Anual - INE, Estimativas anuais da população residente"
1500807;Lagos;42;2019;0008259;"Índice de dependência de idosos (N.º) por Local de residência (NUTS - 2013); Anual - INE, Estimativas anuais da população residente"
16J0907;Guarda;42;2019;0008259;"Índice de dependência de idosos (N.º) por Local de residência (NUTS - 2013); Anual - INE, Estimativas anuais da população residente"
1701504;Barreiro;42.1;2019;0008259;"Índice de dependência de idosos (N.º) por Local de residência (NUTS - 2013); Anual - INE, Estimativas anuais da população residente"
16B1001;Alcobaça;42.2;2019;0008259;"Índice de dependência de idosos (N.º) por Local de residência (NUTS - 2013); Anual - INE, Estimativas anuais da população residente"
16E0603;Coimbra;42.2;2019;0008259;"Índice de dependência de idosos (N.º) por Local de residência (NUTS - 2013); Anual - INE, Estimativas anuais da população residente"
16B1012;Óbidos;42.5;2019;0008259;"Índice de dependência de idosos (N.º) por Local de residência (NUTS - 2013); Anual - INE, Estimativas anuais da população residente"
11C1813;Resende;42.7;2019;0008259;"Índice de dependência de idosos (N.º) por Local de residência (NUTS - 2013); Anual - INE, Estimativas anuais da população residente"
1500812;São Brás de Alportel;42.7;2019;0008259;"Índice de dependência de idosos (N.º) por Local de residência (NUTS - 2013); Anual - INE, Estimativas anuais da população residente"
181;Alentejo Litoral;42.7;2019;0008259;"Índice de dependência de idosos (N.º) por Local de residência (NUTS - 2013); Anual - INE, Estimativas anuais da população residente"
1111609;Viana do Castelo;43;2019;0008259;"Índice de dependência de idosos (N.º) por Local de residência (NUTS - 2013); Anual - INE, Estimativas anuais da população residente"
16D0101;Águeda;43;2019;0008259;"Índice de dependência de idosos (N.º) por Local de residência (NUTS - 2013); Anual - INE, Estimativas anuais da população residente"
1840214;Vidigueira;43;2019;0008259;"Índice de dependência de idosos (N.º) por Local de residência (NUTS - 2013); Anual - INE, Estimativas anuais da população residente"
1851416;Santarém;43;2019;0008259;"Índice de dependência de idosos (N.º) por Local de residência (NUTS - 2013); Anual - INE, Estimativas anuais da população residente"
11C1804;Cinfães;43.1;2019;0008259;"Índice de dependência de idosos (N.º) por Local de residência (NUTS - 2013); Anual - INE, Estimativas anuais da população residente"
1851415;Salvaterra de Magos;43.1;2019;0008259;"Índice de dependência de idosos (N.º) por Local de residência (NUTS - 2013); Anual - INE, Estimativas anuais da população residente"
16B1011;Nazaré;43.2;2019;0008259;"Índice de dependência de idosos (N.º) por Local de residência (NUTS - 2013); Anual - INE, Estimativas anuais da população residente"
16E0111;Mealhada;43.2;2019;0008259;"Índice de dependência de idosos (N.º) por Local de residência (NUTS - 2013); Anual - INE, Estimativas anuais da população residente"
16E0610;Montemor-o-Velho;43.2;2019;0008259;"Índice de dependência de idosos (N.º) por Local de residência (NUTS - 2013); Anual - INE, Estimativas anuais da população residente"
16E0609;Miranda do Corvo;43.3;2019;0008259;"Índice de dependência de idosos (N.º) por Local de residência (NUTS - 2013); Anual - INE, Estimativas anuais da população residente"
1111610;Vila Nova de Cerveira;43.4;2019;0008259;"Índice de dependência de idosos (N.º) por Local de residência (NUTS - 2013); Anual - INE, Estimativas anuais da população residente"
16B1014;Peniche;43.4;2019;0008259;"Índice de dependência de idosos (N.º) por Local de residência (NUTS - 2013); Anual - INE, Estimativas anuais da população residente"
16I1420;Vila Nova da Barquinha;43.4;2019;0008259;"Índice de dependência de idosos (N.º) por Local de residência (NUTS - 2013); Anual - INE, Estimativas anuais da população residente"
1111608;Valença;43.6;2019;0008259;"Índice de dependência de idosos (N.º) por Local de residência (NUTS - 2013); Anual - INE, Estimativas anuais da população residente"
1500803;Aljezur;43.6;2019;0008259;"Índice de dependência de idosos (N.º) por Local de residência (NUTS - 2013); Anual - INE, Estimativas anuais da população residente"
1840206;Castro Verde;43.6;2019;0008259;"Índice de dependência de idosos (N.º) por Local de residência (NUTS - 2013); Anual - INE, Estimativas anuais da população residente"
1870711;Reguengos de Monsaraz;43.6;2019;0008259;"Índice de dependência de idosos (N.º) por Local de residência (NUTS - 2013); Anual - INE, Estimativas anuais da população residente"
16I1421;Ourém;43.7;2019;0008259;"Índice de dependência de idosos (N.º) por Local de residência (NUTS - 2013); Anual - INE, Estimativas anuais da população residente"
11D1805;Lamego;44.1;2019;0008259;"Índice de dependência de idosos (N.º) por Local de residência (NUTS - 2013); Anual - INE, Estimativas anuais da população residente"
16B1005;Bombarral;44.1;2019;0008259;"Índice de dependência de idosos (N.º) por Local de residência (NUTS - 2013); Anual - INE, Estimativas anuais da população residente"
18;Alentejo;44.1;2019;0008259;"Índice de dependência de idosos (N.º) por Local de residência (NUTS - 2013); Anual - INE, Estimativas anuais da população residente"
3003110;São Vicente;44.3;2019;0008259;"Índice de dependência de idosos (N.º) por Local de residência (NUTS - 2013); Anual - INE, Estimativas anuais da população residente"
1500816;Vila Real de Santo António;44.4;2019;0008259;"Índice de dependência de idosos (N.º) por Local de residência (NUTS - 2013); Anual - INE, Estimativas anuais da população residente"
187;Alentejo Central;44.6;2019;0008259;"Índice de dependência de idosos (N.º) por Local de residência (NUTS - 2013); Anual - INE, Estimativas anuais da população residente"
1870710;Redondo;44.7;2019;0008259;"Índice de dependência de idosos (N.º) por Local de residência (NUTS - 2013); Anual - INE, Estimativas anuais da população residente"
1870714;Vila Viçosa;44.8;2019;0008259;"Índice de dependência de idosos (N.º) por Local de residência (NUTS - 2013); Anual - INE, Estimativas anuais da população residente"
16;Centro;45;2019;0008259;"Índice de dependência de idosos (N.º) por Local de residência (NUTS - 2013); Anual - INE, Estimativas anuais da população residente"
1500815;Vila do Bispo;45.3;2019;0008259;"Índice de dependência de idosos (N.º) por Local de residência (NUTS - 2013); Anual - INE, Estimativas anuais da população residente"
184;Baixo Alentejo;45.3;2019;0008259;"Índice de dependência de idosos (N.º) por Local de residência (NUTS - 2013); Anual - INE, Estimativas anuais da população residente"
1870702;Arraiolos;45.4;2019;0008259;"Índice de dependência de idosos (N.º) por Local de residência (NUTS - 2013); Anual - INE, Estimativas anuais da população residente"
1811505;Grândola;45.6;2019;0008259;"Índice de dependência de idosos (N.º) por Local de residência (NUTS - 2013); Anual - INE, Estimativas anuais da população residente"
1870709;Portel;45.6;2019;0008259;"Índice de dependência de idosos (N.º) por Local de residência (NUTS - 2013); Anual - INE, Estimativas anuais da população residente"
1870708;Mourão;45.8;2019;0008259;"Índice de dependência de idosos (N.º) por Local de residência (NUTS - 2013); Anual - INE, Estimativas anuais da população residente"
11D1708;Peso da Régua;45.9;2019;0008259;"Índice de dependência de idosos (N.º) por Local de residência (NUTS - 2013); Anual - INE, Estimativas anuais da população residente"
1840210;Moura;45.9;2019;0008259;"Índice de dependência de idosos (N.º) por Local de residência (NUTS - 2013); Anual - INE, Estimativas anuais da população residente"
1851412;Golegã;46;2019;0008259;"Índice de dependência de idosos (N.º) por Local de residência (NUTS - 2013); Anual - INE, Estimativas anuais da população residente"
3003106;Porto Moniz;46.3;2019;0008259;"Índice de dependência de idosos (N.º) por Local de residência (NUTS - 2013); Anual - INE, Estimativas anuais da população residente"
1840203;Alvito;46.5;2019;0008259;"Índice de dependência de idosos (N.º) por Local de residência (NUTS - 2013); Anual - INE, Estimativas anuais da população residente"
1840208;Ferreira do Alentejo;46.5;2019;0008259;"Índice de dependência de idosos (N.º) por Local de residência (NUTS - 2013); Anual - INE, Estimativas anuais da população residente"
11D1704;Mesão Frio;46.6;2019;0008259;"Índice de dependência de idosos (N.º) por Local de residência (NUTS - 2013); Anual - INE, Estimativas anuais da população residente"
16E;Região de Coimbra;46.8;2019;0008259;"Índice de dependência de idosos (N.º) por Local de residência (NUTS - 2013); Anual - INE, Estimativas anuais da população residente"
1861211;Monforte;47;2019;0008259;"Índice de dependência de idosos (N.º) por Local de residência (NUTS - 2013); Anual - INE, Estimativas anuais da população residente"
11D1815;São João da Pesqueira;47.1;2019;0008259;"Índice de dependência de idosos (N.º) por Local de residência (NUTS - 2013); Anual - INE, Estimativas anuais da população residente"
1851404;Alpiarça;47.1;2019;0008259;"Índice de dependência de idosos (N.º) por Local de residência (NUTS - 2013); Anual - INE, Estimativas anuais da população residente"
11E0402;Bragança;47.2;2019;0008259;"Índice de dependência de idosos (N.º) por Local de residência (NUTS - 2013); Anual - INE, Estimativas anuais da população residente"
1861214;Portalegre;47.6;2019;0008259;"Índice de dependência de idosos (N.º) por Local de residência (NUTS - 2013); Anual - INE, Estimativas anuais da população residente"
1870704;Estremoz;47.6;2019;0008259;"Índice de dependência de idosos (N.º) por Local de residência (NUTS - 2013); Anual - INE, Estimativas anuais da população residente"
16I1419;Torres Novas;47.7;2019;0008259;"Índice de dependência de idosos (N.º) por Local de residência (NUTS - 2013); Anual - INE, Estimativas anuais da população residente"
11A0107;Espinho;47.8;2019;0008259;"Índice de dependência de idosos (N.º) por Local de residência (NUTS - 2013); Anual - INE, Estimativas anuais da população residente"
1840213;Serpa;47.8;2019;0008259;"Índice de dependência de idosos (N.º) por Local de residência (NUTS - 2013); Anual - INE, Estimativas anuais da população residente"
16E0605;Figueira da Foz;48.1;2019;0008259;"Índice de dependência de idosos (N.º) por Local de residência (NUTS - 2013); Anual - INE, Estimativas anuais da população residente"
3003109;Santana;48.1;2019;0008259;"Índice de dependência de idosos (N.º) por Local de residência (NUTS - 2013); Anual - INE, Estimativas anuais da população residente"
111;Alto Minho;48.2;2019;0008259;"Índice de dependência de idosos (N.º) por Local de residência (NUTS - 2013); Anual - INE, Estimativas anuais da população residente"
16H0502;Castelo Branco;48.4;2019;0008259;"Índice de dependência de idosos (N.º) por Local de residência (NUTS - 2013); Anual - INE, Estimativas anuais da população residente"
1870703;Borba;48.4;2019;0008259;"Índice de dependência de idosos (N.º) por Local de residência (NUTS - 2013); Anual - INE, Estimativas anuais da população residente"
1191705;Mondim de Basto;48.5;2019;0008259;"Índice de dependência de idosos (N.º) por Local de residência (NUTS - 2013); Anual - INE, Estimativas anuais da população residente"
16G;Viseu Dão Lafões;48.6;2019;0008259;"Índice de dependência de idosos (N.º) por Local de residência (NUTS - 2013); Anual - INE, Estimativas anuais da população residente"
16I;Médio Tejo;48.7;2019;0008259;"Índice de dependência de idosos (N.º) por Local de residência (NUTS - 2013); Anual - INE, Estimativas anuais da população residente"
16E0611;Oliveira do Hospital;48.8;2019;0008259;"Índice de dependência de idosos (N.º) por Local de residência (NUTS - 2013); Anual - INE, Estimativas anuais da população residente"
1840201;Aljustrel;48.8;2019;0008259;"Índice de dependência de idosos (N.º) por Local de residência (NUTS - 2013); Anual - INE, Estimativas anuais da população residente"
16I1402;Alcanena;48.9;2019;0008259;"Índice de dependência de idosos (N.º) por Local de residência (NUTS - 2013); Anual - INE, Estimativas anuais da população residente"
11A0119;Vale de Cambra;49;2019;0008259;"Índice de dependência de idosos (N.º) por Local de residência (NUTS - 2013); Anual - INE, Estimativas anuais da população residente"
16B1104;Cadaval;49;2019;0008259;"Índice de dependência de idosos (N.º) por Local de residência (NUTS - 2013); Anual - INE, Estimativas anuais da população residente"
1870712;Vendas Novas;49.2;2019;0008259;"Índice de dependência de idosos (N.º) por Local de residência (NUTS - 2013); Anual - INE, Estimativas anuais da população residente"
11D;Douro;49.5;2019;0008259;"Índice de dependência de idosos (N.º) por Local de residência (NUTS - 2013); Anual - INE, Estimativas anuais da população residente"
16F1015;Pombal;49.9;2019;0008259;"Índice de dependência de idosos (N.º) por Local de residência (NUTS - 2013); Anual - INE, Estimativas anuais da população residente"
16D0103;Anadia;50.3;2019;0008259;"Índice de dependência de idosos (N.º) por Local de residência (NUTS - 2013); Anual - INE, Estimativas anuais da população residente"
1120310;Terras de Bouro;50.7;2019;0008259;"Índice de dependência de idosos (N.º) por Local de residência (NUTS - 2013); Anual - INE, Estimativas anuais da população residente"
186;Alto Alentejo;50.7;2019;0008259;"Índice de dependência de idosos (N.º) por Local de residência (NUTS - 2013); Anual - INE, Estimativas anuais da população residente"
11D1801;Armamar;50.9;2019;0008259;"Índice de dependência de idosos (N.º) por Local de residência (NUTS - 2013); Anual - INE, Estimativas anuais da população residente"
1111606;Ponte da Barca;51.1;2019;0008259;"Índice de dependência de idosos (N.º) por Local de residência (NUTS - 2013); Anual - INE, Estimativas anuais da população residente"
16E0616;Tábua;51.1;2019;0008259;"Índice de dependência de idosos (N.º) por Local de residência (NUTS - 2013); Anual - INE, Estimativas anuais da população residente"
1111602;Caminha;51.2;2019;0008259;"Índice de dependência de idosos (N.º) por Local de residência (NUTS - 2013); Anual - INE, Estimativas anuais da população residente"
1861202;Arronches;51.2;2019;0008259;"Índice de dependência de idosos (N.º) por Local de residência (NUTS - 2013); Anual - INE, Estimativas anuais da população residente"
1870706;Montemor-o-Novo;51.2;2019;0008259;"Índice de dependência de idosos (N.º) por Local de residência (NUTS - 2013); Anual - INE, Estimativas anuais da população residente"
16G1806;Mangualde;51.3;2019;0008259;"Índice de dependência de idosos (N.º) por Local de residência (NUTS - 2013); Anual - INE, Estimativas anuais da população residente"
1861213;Ponte de Sor;51.4;2019;0008259;"Índice de dependência de idosos (N.º) por Local de residência (NUTS - 2013); Anual - INE, Estimativas anuais da população residente"
1500814;Tavira;51.8;2019;0008259;"Índice de dependência de idosos (N.º) por Local de residência (NUTS - 2013); Anual - INE, Estimativas anuais da população residente"
16D0117;Sever do Vouga;51.8;2019;0008259;"Índice de dependência de idosos (N.º) por Local de residência (NUTS - 2013); Anual - INE, Estimativas anuais da população residente"
16I1417;Sardoal;51.8;2019;0008259;"Índice de dependência de idosos (N.º) por Local de residência (NUTS - 2013); Anual - INE, Estimativas anuais da população residente"
1811509;Santiago do Cacém;51.8;2019;0008259;"Índice de dependência de idosos (N.º) por Local de residência (NUTS - 2013); Anual - INE, Estimativas anuais da população residente"
1870701;Alandroal;51.8;2019;0008259;"Índice de dependência de idosos (N.º) por Local de residência (NUTS - 2013); Anual - INE, Estimativas anuais da população residente"
11D1807;Moimenta da Beira;51.9;2019;0008259;"Índice de dependência de idosos (N.º) por Local de residência (NUTS - 2013); Anual - INE, Estimativas anuais da população residente"
1861215;Sousel;52;2019;0008259;"Índice de dependência de idosos (N.º) por Local de residência (NUTS - 2013); Anual - INE, Estimativas anuais da população residente"
16E0614;Penela;52.3;2019;0008259;"Índice de dependência de idosos (N.º) por Local de residência (NUTS - 2013); Anual - INE, Estimativas anuais da população residente"
16J0503;Covilhã;52.4;2019;0008259;"Índice de dependência de idosos (N.º) por Local de residência (NUTS - 2013); Anual - INE, Estimativas anuais da população residente"
16E0602;Cantanhede;52.6;2019;0008259;"Índice de dependência de idosos (N.º) por Local de residência (NUTS - 2013); Anual - INE, Estimativas anuais da população residente"
16E0608;Mira;52.8;2019;0008259;"Índice de dependência de idosos (N.º) por Local de residência (NUTS - 2013); Anual - INE, Estimativas anuais da população residente"
1111605;Paredes de Coura;52.9;2019;0008259;"Índice de dependência de idosos (N.º) por Local de residência (NUTS - 2013); Anual - INE, Estimativas anuais da população residente"
16I1418;Tomar;53;2019;0008259;"Índice de dependência de idosos (N.º) por Local de residência (NUTS - 2013); Anual - INE, Estimativas anuais da população residente"
1190311;Vieira do Minho;53.2;2019;0008259;"Índice de dependência de idosos (N.º) por Local de residência (NUTS - 2013); Anual - INE, Estimativas anuais da população residente"
1861208;Fronteira;53.4;2019;0008259;"Índice de dependência de idosos (N.º) por Local de residência (NUTS - 2013); Anual - INE, Estimativas anuais da população residente"
16G1817;Sátão;53.7;2019;0008259;"Índice de dependência de idosos (N.º) por Local de residência (NUTS - 2013); Anual - INE, Estimativas anuais da população residente"
16G1809;Nelas;53.9;2019;0008259;"Índice de dependência de idosos (N.º) por Local de residência (NUTS - 2013); Anual - INE, Estimativas anuais da população residente"
1851407;Chamusca;54.3;2019;0008259;"Índice de dependência de idosos (N.º) por Local de residência (NUTS - 2013); Anual - INE, Estimativas anuais da população residente"
16I1401;Abrantes;54.5;2019;0008259;"Índice de dependência de idosos (N.º) por Local de residência (NUTS - 2013); Anual - INE, Estimativas anuais da população residente"
16G1824;Vouzela;54.6;2019;0008259;"Índice de dependência de idosos (N.º) por Local de residência (NUTS - 2013); Anual - INE, Estimativas anuais da população residente"
16I1411;Ferreira do Zêzere;54.7;2019;0008259;"Índice de dependência de idosos (N.º) por Local de residência (NUTS - 2013); Anual - INE, Estimativas anuais da população residente"
11D1818;Sernancelhe;54.8;2019;0008259;"Índice de dependência de idosos (N.º) por Local de residência (NUTS - 2013); Anual - INE, Estimativas anuais da população residente"
16I0509;Sertã;55.3;2019;0008259;"Índice de dependência de idosos (N.º) por Local de residência (NUTS - 2013); Anual - INE, Estimativas anuais da população residente"
1500804;Castro Marim;55.9;2019;0008259;"Índice de dependência de idosos (N.º) por Local de residência (NUTS - 2013); Anual - INE, Estimativas anuais da população residente"
1861201;Alter do Chão;56;2019;0008259;"Índice de dependência de idosos (N.º) por Local de residência (NUTS - 2013); Anual - INE, Estimativas anuais da população residente"
16F1003;Ansião;56.2;2019;0008259;"Índice de dependência de idosos (N.º) por Local de residência (NUTS - 2013); Anual - INE, Estimativas anuais da população residente"
16G1822;Vila Nova de Paiva;56.2;2019;0008259;"Índice de dependência de idosos (N.º) por Local de residência (NUTS - 2013); Anual - INE, Estimativas anuais da população residente"
16G1821;Tondela;56.5;2019;0008259;"Índice de dependência de idosos (N.º) por Local de residência (NUTS - 2013); Anual - INE, Estimativas anuais da população residente"
11B1709;Ribeira de Pena;56.6;2019;0008259;"Índice de dependência de idosos (N.º) por Local de residência (NUTS - 2013); Anual - INE, Estimativas anuais da população residente"
16G1802;Carregal do Sal;56.6;2019;0008259;"Índice de dependência de idosos (N.º) por Local de residência (NUTS - 2013); Anual - INE, Estimativas anuais da população residente"
1840202;Almodôvar;56.6;2019;0008259;"Índice de dependência de idosos (N.º) por Local de residência (NUTS - 2013); Anual - INE, Estimativas anuais da população residente"
16J0501;Belmonte;56.8;2019;0008259;"Índice de dependência de idosos (N.º) por Local de residência (NUTS - 2013); Anual - INE, Estimativas anuais da população residente"
1811501;Alcácer do Sal;56.9;2019;0008259;"Índice de dependência de idosos (N.º) por Local de residência (NUTS - 2013); Anual - INE, Estimativas anuais da população residente"
11D1711;Santa Marta de Penaguião;57.7;2019;0008259;"Índice de dependência de idosos (N.º) por Local de residência (NUTS - 2013); Anual - INE, Estimativas anuais da população residente"
11D1819;Tabuaço;57.7;2019;0008259;"Índice de dependência de idosos (N.º) por Local de residência (NUTS - 2013); Anual - INE, Estimativas anuais da população residente"
16E0613;Penacova;57.7;2019;0008259;"Índice de dependência de idosos (N.º) por Local de residência (NUTS - 2013); Anual - INE, Estimativas anuais da população residente"
1861203;Avis;57.7;2019;0008259;"Índice de dependência de idosos (N.º) por Local de residência (NUTS - 2013); Anual - INE, Estimativas anuais da população residente"
16G1803;Castro Daire;57.8;2019;0008259;"Índice de dependência de idosos (N.º) por Local de residência (NUTS - 2013); Anual - INE, Estimativas anuais da população residente"
16G1814;Santa Comba Dão;57.8;2019;0008259;"Índice de dependência de idosos (N.º) por Local de residência (NUTS - 2013); Anual - INE, Estimativas anuais da população residente"
11D1710;Sabrosa;57.9;2019;0008259;"Índice de dependência de idosos (N.º) por Local de residência (NUTS - 2013); Anual - INE, Estimativas anuais da população residente"
16J0504;Fundão;57.9;2019;0008259;"Índice de dependência de idosos (N.º) por Local de residência (NUTS - 2013); Anual - INE, Estimativas anuais da população residente"
11E0407;Mirandela;58.4;2019;0008259;"Índice de dependência de idosos (N.º) por Local de residência (NUTS - 2013); Anual - INE, Estimativas anuais da população residente"
16E0601;Arganil;58.8;2019;0008259;"Índice de dependência de idosos (N.º) por Local de residência (NUTS - 2013); Anual - INE, Estimativas anuais da população residente"
1840212;Ourique;58.8;2019;0008259;"Índice de dependência de idosos (N.º) por Local de residência (NUTS - 2013); Anual - INE, Estimativas anuais da população residente"
16G1816;São Pedro do Sul;58.9;2019;0008259;"Índice de dependência de idosos (N.º) por Local de residência (NUTS - 2013); Anual - INE, Estimativas anuais da população residente"
1851409;Coruche;58.9;2019;0008259;"Índice de dependência de idosos (N.º) por Local de residência (NUTS - 2013); Anual - INE, Estimativas anuais da população residente"
16J;Beiras e Serra da Estrela;59.2;2019;0008259;"Índice de dependência de idosos (N.º) por Local de residência (NUTS - 2013); Anual - INE, Estimativas anuais da população residente"
11D1701;Alijó;59.3;2019;0008259;"Índice de dependência de idosos (N.º) por Local de residência (NUTS - 2013); Anual - INE, Estimativas anuais da população residente"
16H;Beira Baixa;59.3;2019;0008259;"Índice de dependência de idosos (N.º) por Local de residência (NUTS - 2013); Anual - INE, Estimativas anuais da população residente"
11B1703;Chaves;59.6;2019;0008259;"Índice de dependência de idosos (N.º) por Local de residência (NUTS - 2013); Anual - INE, Estimativas anuais da população residente"
1861210;Marvão;60.2;2019;0008259;"Índice de dependência de idosos (N.º) por Local de residência (NUTS - 2013); Anual - INE, Estimativas anuais da população residente"
16E0615;Soure;60.7;2019;0008259;"Índice de dependência de idosos (N.º) por Local de residência (NUTS - 2013); Anual - INE, Estimativas anuais da população residente"
16F1013;Pedrógão Grande;60.9;2019;0008259;"Índice de dependência de idosos (N.º) por Local de residência (NUTS - 2013); Anual - INE, Estimativas anuais da população residente"
11E;Terras de Trás-os-Montes;61.3;2019;0008259;"Índice de dependência de idosos (N.º) por Local de residência (NUTS - 2013); Anual - INE, Estimativas anuais da população residente"
11D1812;Penedono;61.4;2019;0008259;"Índice de dependência de idosos (N.º) por Local de residência (NUTS - 2013); Anual - INE, Estimativas anuais da população residente"
1861205;Castelo de Vide;61.4;2019;0008259;"Índice de dependência de idosos (N.º) por Local de residência (NUTS - 2013); Anual - INE, Estimativas anuais da população residente"
1500809;Monchique;61.7;2019;0008259;"Índice de dependência de idosos (N.º) por Local de residência (NUTS - 2013); Anual - INE, Estimativas anuais da população residente"
1111604;Monção;61.8;2019;0008259;"Índice de dependência de idosos (N.º) por Local de residência (NUTS - 2013); Anual - INE, Estimativas anuais da população residente"
11E0405;Macedo de Cavaleiros;63.6;2019;0008259;"Índice de dependência de idosos (N.º) por Local de residência (NUTS - 2013); Anual - INE, Estimativas anuais da população residente"
16G1811;Penalva do Castelo;63.8;2019;0008259;"Índice de dependência de idosos (N.º) por Local de residência (NUTS - 2013); Anual - INE, Estimativas anuais da população residente"
16J0905;Fornos de Algodres;64;2019;0008259;"Índice de dependência de idosos (N.º) por Local de residência (NUTS - 2013); Anual - INE, Estimativas anuais da população residente"
16J0912;Seia;64.3;2019;0008259;"Índice de dependência de idosos (N.º) por Local de residência (NUTS - 2013); Anual - INE, Estimativas anuais da população residente"
16F1008;Figueiró dos Vinhos;64.6;2019;0008259;"Índice de dependência de idosos (N.º) por Local de residência (NUTS - 2013); Anual - INE, Estimativas anuais da população residente"
11B1713;Vila Pouca de Aguiar;64.7;2019;0008259;"Índice de dependência de idosos (N.º) por Local de residência (NUTS - 2013); Anual - INE, Estimativas anuais da população residente"
11E0410;Vila Flor;65.2;2019;0008259;"Índice de dependência de idosos (N.º) por Local de residência (NUTS - 2013); Anual - INE, Estimativas anuais da população residente"
11D1707;Murça;65.7;2019;0008259;"Índice de dependência de idosos (N.º) por Local de residência (NUTS - 2013); Anual - INE, Estimativas anuais da população residente"
16F1007;Castanheira de Pêra;65.9;2019;0008259;"Índice de dependência de idosos (N.º) por Local de residência (NUTS - 2013); Anual - INE, Estimativas anuais da população residente"
16J0903;Celorico da Beira;65.9;2019;0008259;"Índice de dependência de idosos (N.º) por Local de residência (NUTS - 2013); Anual - INE, Estimativas anuais da população residente"
16E1808;Mortágua;66.3;2019;0008259;"Índice de dependência de idosos (N.º) por Local de residência (NUTS - 2013); Anual - INE, Estimativas anuais da população residente"
11B;Alto Tâmega;66.4;2019;0008259;"Índice de dependência de idosos (N.º) por Local de residência (NUTS - 2013); Anual - INE, Estimativas anuais da população residente"
16F1002;Alvaiázere;66.7;2019;0008259;"Índice de dependência de idosos (N.º) por Local de residência (NUTS - 2013); Anual - INE, Estimativas anuais da população residente"
1111601;Arcos de Valdevez;66.8;2019;0008259;"Índice de dependência de idosos (N.º) por Local de residência (NUTS - 2013); Anual - INE, Estimativas anuais da população residente"
1840209;Mértola;66.8;2019;0008259;"Índice de dependência de idosos (N.º) por Local de residência (NUTS - 2013); Anual - INE, Estimativas anuais da população residente"
1861206;Crato;67.1;2019;0008259;"Índice de dependência de idosos (N.º) por Local de residência (NUTS - 2013); Anual - INE, Estimativas anuais da população residente"
11D0914;Vila Nova de Foz Côa;67.6;2019;0008259;"Índice de dependência de idosos (N.º) por Local de residência (NUTS - 2013); Anual - INE, Estimativas anuais da população residente"
16E0606;Góis;68.4;2019;0008259;"Índice de dependência de idosos (N.º) por Local de residência (NUTS - 2013); Anual - INE, Estimativas anuais da população residente"
16J0913;Trancoso;68.4;2019;0008259;"Índice de dependência de idosos (N.º) por Local de residência (NUTS - 2013); Anual - INE, Estimativas anuais da população residente"
16G0901;Aguiar da Beira;69.2;2019;0008259;"Índice de dependência de idosos (N.º) por Local de residência (NUTS - 2013); Anual - INE, Estimativas anuais da população residente"
16J0908;Manteigas;70;2019;0008259;"Índice de dependência de idosos (N.º) por Local de residência (NUTS - 2013); Anual - INE, Estimativas anuais da população residente"
1870707;Mora;70.3;2019;0008259;"Índice de dependência de idosos (N.º) por Local de residência (NUTS - 2013); Anual - INE, Estimativas anuais da população residente"
11E0401;Alfândega da Fé;70.7;2019;0008259;"Índice de dependência de idosos (N.º) por Local de residência (NUTS - 2013); Anual - INE, Estimativas anuais da população residente"
16I0510;Vila de Rei;71.4;2019;0008259;"Índice de dependência de idosos (N.º) por Local de residência (NUTS - 2013); Anual - INE, Estimativas anuais da população residente"
11D0404;Freixo de Espada à Cinta;71.5;2019;0008259;"Índice de dependência de idosos (N.º) por Local de residência (NUTS - 2013); Anual - INE, Estimativas anuais da população residente"
16H0508;Proença-a-Nova;72.2;2019;0008259;"Índice de dependência de idosos (N.º) por Local de residência (NUTS - 2013); Anual - INE, Estimativas anuais da população residente"
16J0904;Figueira de Castelo Rodrigo;72.5;2019;0008259;"Índice de dependência de idosos (N.º) por Local de residência (NUTS - 2013); Anual - INE, Estimativas anuais da população residente"
11D0403;Carrazeda de Ansiães;72.7;2019;0008259;"Índice de dependência de idosos (N.º) por Local de residência (NUTS - 2013); Anual - INE, Estimativas anuais da população residente"
16J0909;Mêda;72.7;2019;0008259;"Índice de dependência de idosos (N.º) por Local de residência (NUTS - 2013); Anual - INE, Estimativas anuais da população residente"
16J0906;Gouveia;73.3;2019;0008259;"Índice de dependência de idosos (N.º) por Local de residência (NUTS - 2013); Anual - INE, Estimativas anuais da população residente"
11B1702;Boticas;73.4;2019;0008259;"Índice de dependência de idosos (N.º) por Local de residência (NUTS - 2013); Anual - INE, Estimativas anuais da população residente"
11E0408;Mogadouro;74;2019;0008259;"Índice de dependência de idosos (N.º) por Local de residência (NUTS - 2013); Anual - INE, Estimativas anuais da população residente"
16J0910;Pinhel;74.5;2019;0008259;"Índice de dependência de idosos (N.º) por Local de residência (NUTS - 2013); Anual - INE, Estimativas anuais da população residente"
1861212;Nisa;76.4;2019;0008259;"Índice de dependência de idosos (N.º) por Local de residência (NUTS - 2013); Anual - INE, Estimativas anuais da população residente"
11E0406;Miranda do Douro;77.9;2019;0008259;"Índice de dependência de idosos (N.º) por Local de residência (NUTS - 2013); Anual - INE, Estimativas anuais da população residente"
11B1706;Montalegre;79;2019;0008259;"Índice de dependência de idosos (N.º) por Local de residência (NUTS - 2013); Anual - INE, Estimativas anuais da população residente"
16I1413;Mação;79.8;2019;0008259;"Índice de dependência de idosos (N.º) por Local de residência (NUTS - 2013); Anual - INE, Estimativas anuais da população residente"
1861209;Gavião;80.2;2019;0008259;"Índice de dependência de idosos (N.º) por Local de residência (NUTS - 2013); Anual - INE, Estimativas anuais da população residente"
11B1712;Valpaços;81;2019;0008259;"Índice de dependência de idosos (N.º) por Local de residência (NUTS - 2013); Anual - INE, Estimativas anuais da população residente"
11D0409;Torre de Moncorvo;81.9;2019;0008259;"Índice de dependência de idosos (N.º) por Local de residência (NUTS - 2013); Anual - INE, Estimativas anuais da população residente"
16H0505;Idanha-a-Nova;82.2;2019;0008259;"Índice de dependência de idosos (N.º) por Local de residência (NUTS - 2013); Anual - INE, Estimativas anuais da população residente"
16H0507;Penamacor;87.4;2019;0008259;"Índice de dependência de idosos (N.º) por Local de residência (NUTS - 2013); Anual - INE, Estimativas anuais da população residente"
1111603;Melgaço;88.3;2019;0008259;"Índice de dependência de idosos (N.º) por Local de residência (NUTS - 2013); Anual - INE, Estimativas anuais da população residente"
11E0411;Vimioso;88.3;2019;0008259;"Índice de dependência de idosos (N.º) por Local de residência (NUTS - 2013); Anual - INE, Estimativas anuais da população residente"
16H0511;Vila Velha de Ródão;88.9;2019;0008259;"Índice de dependência de idosos (N.º) por Local de residência (NUTS - 2013); Anual - INE, Estimativas anuais da população residente"
16J0902;Almeida;90.2;2019;0008259;"Índice de dependência de idosos (N.º) por Local de residência (NUTS - 2013); Anual - INE, Estimativas anuais da população residente"
16J0911;Sabugal;92.2;2019;0008259;"Índice de dependência de idosos (N.º) por Local de residência (NUTS - 2013); Anual - INE, Estimativas anuais da população residente"
16E0612;Pampilhosa da Serra;93.6;2019;0008259;"Índice de dependência de idosos (N.º) por Local de residência (NUTS - 2013); Anual - INE, Estimativas anuais da população residente"
16H0506;Oleiros;94;2019;0008259;"Índice de dependência de idosos (N.º) por Local de residência (NUTS - 2013); Anual - INE, Estimativas anuais da população residente"
11E0412;Vinhais;95.6;2019;0008259;"Índice de dependência de idosos (N.º) por Local de residência (NUTS - 2013); Anual - INE, Estimativas anuais da população residente"
1500802;Alcoutim;97.6;2019;0008259;"Índice de dependência de idosos (N.º) por Local de residência (NUTS - 2013); Anual - INE, Estimativas anuais da população residente"
2004205;Ribeira Grande;16.7;2020;0008259;"Índice de dependência de idosos (N.º) por Local de residência (NUTS - 2013); Anual - INE, Estimativas anuais da população residente"
2004201;Lagoa;19;2020;0008259;"Índice de dependência de idosos (N.º) por Local de residência (NUTS - 2013); Anual - INE, Estimativas anuais da população residente"
3003108;Santa Cruz;22;2020;0008259;"Índice de dependência de idosos (N.º) por Local de residência (NUTS - 2013); Anual - INE, Estimativas anuais da população residente"
3003102;Câmara de Lobos;23;2020;0008259;"Índice de dependência de idosos (N.º) por Local de residência (NUTS - 2013); Anual - INE, Estimativas anuais da população residente"
2004203;Ponta Delgada;23.3;2020;0008259;"Índice de dependência de idosos (N.º) por Local de residência (NUTS - 2013); Anual - INE, Estimativas anuais da população residente"
2004206;Vila Franca do Campo;23.3;2020;0008259;"Índice de dependência de idosos (N.º) por Local de residência (NUTS - 2013); Anual - INE, Estimativas anuais da população residente"
11C1305;Lousada;24.2;2020;0008259;"Índice de dependência de idosos (N.º) por Local de residência (NUTS - 2013); Anual - INE, Estimativas anuais da população residente"
11C1309;Paços de Ferreira;25.5;2020;0008259;"Índice de dependência de idosos (N.º) por Local de residência (NUTS - 2013); Anual - INE, Estimativas anuais da população residente"
2;Região Autónoma dos Açores;25.6;2020;0008259;"Índice de dependência de idosos (N.º) por Local de residência (NUTS - 2013); Anual - INE, Estimativas anuais da população residente"
20;Região Autónoma dos Açores;25.6;2020;0008259;"Índice de dependência de idosos (N.º) por Local de residência (NUTS - 2013); Anual - INE, Estimativas anuais da população residente"
200;Região Autónoma dos Açores;25.6;2020;0008259;"Índice de dependência de idosos (N.º) por Local de residência (NUTS - 2013); Anual - INE, Estimativas anuais da população residente"
11A1310;Paredes;25.9;2020;0008259;"Índice de dependência de idosos (N.º) por Local de residência (NUTS - 2013); Anual - INE, Estimativas anuais da população residente"
2004204;Povoação;26.1;2020;0008259;"Índice de dependência de idosos (N.º) por Local de residência (NUTS - 2013); Anual - INE, Estimativas anuais da população residente"
2004901;Corvo;27.2;2020;0008259;"Índice de dependência de idosos (N.º) por Local de residência (NUTS - 2013); Anual - INE, Estimativas anuais da população residente"
3003201;Porto Santo;27.2;2020;0008259;"Índice de dependência de idosos (N.º) por Local de residência (NUTS - 2013); Anual - INE, Estimativas anuais da população residente"
2004101;Vila do Porto;27.3;2020;0008259;"Índice de dependência de idosos (N.º) por Local de residência (NUTS - 2013); Anual - INE, Estimativas anuais da população residente"
1701502;Alcochete;27.4;2020;0008259;"Índice de dependência de idosos (N.º) por Local de residência (NUTS - 2013); Anual - INE, Estimativas anuais da população residente"
1701109;Mafra;27.8;2020;0008259;"Índice de dependência de idosos (N.º) por Local de residência (NUTS - 2013); Anual - INE, Estimativas anuais da população residente"
1190314;Vizela;28.1;2020;0008259;"Índice de dependência de idosos (N.º) por Local de residência (NUTS - 2013); Anual - INE, Estimativas anuais da população residente"
11C1311;Penafiel;28.4;2020;0008259;"Índice de dependência de idosos (N.º) por Local de residência (NUTS - 2013); Anual - INE, Estimativas anuais da população residente"
1500801;Albufeira;28.5;2020;0008259;"Índice de dependência de idosos (N.º) por Local de residência (NUTS - 2013); Anual - INE, Estimativas anuais da população residente"
16B1102;Arruda dos Vinhos;28.5;2020;0008259;"Índice de dependência de idosos (N.º) por Local de residência (NUTS - 2013); Anual - INE, Estimativas anuais da população residente"
1701111;Sintra;28.5;2020;0008259;"Índice de dependência de idosos (N.º) por Local de residência (NUTS - 2013); Anual - INE, Estimativas anuais da população residente"
2004802;Santa Cruz das Flores;28.6;2020;0008259;"Índice de dependência de idosos (N.º) por Local de residência (NUTS - 2013); Anual - INE, Estimativas anuais da população residente"
1701507;Montijo;28.8;2020;0008259;"Índice de dependência de idosos (N.º) por Local de residência (NUTS - 2013); Anual - INE, Estimativas anuais da população residente"
11C1307;Marco de Canaveses;29;2020;0008259;"Índice de dependência de idosos (N.º) por Local de residência (NUTS - 2013); Anual - INE, Estimativas anuais da população residente"
1120303;Braga;29.4;2020;0008259;"Índice de dependência de idosos (N.º) por Local de residência (NUTS - 2013); Anual - INE, Estimativas anuais da população residente"
2004302;Vila da Praia da Vitória;29.4;2020;0008259;"Índice de dependência de idosos (N.º) por Local de residência (NUTS - 2013); Anual - INE, Estimativas anuais da população residente"
11C1303;Felgueiras;29.6;2020;0008259;"Índice de dependência de idosos (N.º) por Local de residência (NUTS - 2013); Anual - INE, Estimativas anuais da população residente"
2004602;Madalena;30;2020;0008259;"Índice de dependência de idosos (N.º) por Local de residência (NUTS - 2013); Anual - INE, Estimativas anuais da população residente"
1701114;Vila Franca de Xira;30.2;2020;0008259;"Índice de dependência de idosos (N.º) por Local de residência (NUTS - 2013); Anual - INE, Estimativas anuais da população residente"
16B1112;Sobral de Monte Agraço;30.3;2020;0008259;"Índice de dependência de idosos (N.º) por Local de residência (NUTS - 2013); Anual - INE, Estimativas anuais da população residente"
1851405;Benavente;30.4;2020;0008259;"Índice de dependência de idosos (N.º) por Local de residência (NUTS - 2013); Anual - INE, Estimativas anuais da população residente"
2004301;Angra do Heroísmo;30.4;2020;0008259;"Índice de dependência de idosos (N.º) por Local de residência (NUTS - 2013); Anual - INE, Estimativas anuais da população residente"
11A1306;Maia;30.6;2020;0008259;"Índice de dependência de idosos (N.º) por Local de residência (NUTS - 2013); Anual - INE, Estimativas anuais da população residente"
11C;Tâmega e Sousa;30.7;2020;0008259;"Índice de dependência de idosos (N.º) por Local de residência (NUTS - 2013); Anual - INE, Estimativas anuais da população residente"
11A1315;Valongo;30.9;2020;0008259;"Índice de dependência de idosos (N.º) por Local de residência (NUTS - 2013); Anual - INE, Estimativas anuais da população residente"
16B1101;Alenquer;30.9;2020;0008259;"Índice de dependência de idosos (N.º) por Local de residência (NUTS - 2013); Anual - INE, Estimativas anuais da população residente"
3;Região Autónoma da Madeira;31.2;2020;0008259;"Índice de dependência de idosos (N.º) por Local de residência (NUTS - 2013); Anual - INE, Estimativas anuais da população residente"
30;Região Autónoma da Madeira;31.2;2020;0008259;"Índice de dependência de idosos (N.º) por Local de residência (NUTS - 2013); Anual - INE, Estimativas anuais da população residente"
300;Região Autónoma da Madeira;31.2;2020;0008259;"Índice de dependência de idosos (N.º) por Local de residência (NUTS - 2013); Anual - INE, Estimativas anuais da população residente"
2004202;Nordeste;31.4;2020;0008259;"Índice de dependência de idosos (N.º) por Local de residência (NUTS - 2013); Anual - INE, Estimativas anuais da população residente"
112;Cávado;31.5;2020;0008259;"Índice de dependência de idosos (N.º) por Local de residência (NUTS - 2013); Anual - INE, Estimativas anuais da população residente"
1120306;Esposende;31.9;2020;0008259;"Índice de dependência de idosos (N.º) por Local de residência (NUTS - 2013); Anual - INE, Estimativas anuais da população residente"
11A1318;Trofa;31.9;2020;0008259;"Índice de dependência de idosos (N.º) por Local de residência (NUTS - 2013); Anual - INE, Estimativas anuais da população residente"
2004701;Horta;31.9;2020;0008259;"Índice de dependência de idosos (N.º) por Local de residência (NUTS - 2013); Anual - INE, Estimativas anuais da população residente"
3003107;Ribeira Brava;31.9;2020;0008259;"Índice de dependência de idosos (N.º) por Local de residência (NUTS - 2013); Anual - INE, Estimativas anuais da população residente"
2004502;Velas;32;2020;0008259;"Índice de dependência de idosos (N.º) por Local de residência (NUTS - 2013); Anual - INE, Estimativas anuais da população residente"
1120302;Barcelos;32.2;2020;0008259;"Índice de dependência de idosos (N.º) por Local de residência (NUTS - 2013); Anual - INE, Estimativas anuais da população residente"
1701511;Sesimbra;32.2;2020;0008259;"Índice de dependência de idosos (N.º) por Local de residência (NUTS - 2013); Anual - INE, Estimativas anuais da população residente"
2004801;Lajes das Flores;32.2;2020;0008259;"Índice de dependência de idosos (N.º) por Local de residência (NUTS - 2013); Anual - INE, Estimativas anuais da população residente"
1190312;Vila Nova de Famalicão;32.3;2020;0008259;"Índice de dependência de idosos (N.º) por Local de residência (NUTS - 2013); Anual - INE, Estimativas anuais da população residente"
3003105;Ponta do Sol;32.3;2020;0008259;"Índice de dependência de idosos (N.º) por Local de residência (NUTS - 2013); Anual - INE, Estimativas anuais da população residente"
16I1410;Entroncamento;32.4;2020;0008259;"Índice de dependência de idosos (N.º) por Local de residência (NUTS - 2013); Anual - INE, Estimativas anuais da população residente"
11A1316;Vila do Conde;32.6;2020;0008259;"Índice de dependência de idosos (N.º) por Local de residência (NUTS - 2013); Anual - INE, Estimativas anuais da população residente"
11A1313;Póvoa de Varzim;32.8;2020;0008259;"Índice de dependência de idosos (N.º) por Local de residência (NUTS - 2013); Anual - INE, Estimativas anuais da população residente"
1701508;Palmela;33;2020;0008259;"Índice de dependência de idosos (N.º) por Local de residência (NUTS - 2013); Anual - INE, Estimativas anuais da população residente"
1810211;Odemira;33.1;2020;0008259;"Índice de dependência de idosos (N.º) por Local de residência (NUTS - 2013); Anual - INE, Estimativas anuais da população residente"
3003104;Machico;33.1;2020;0008259;"Índice de dependência de idosos (N.º) por Local de residência (NUTS - 2013); Anual - INE, Estimativas anuais da população residente"
1190308;Guimarães;33.3;2020;0008259;"Índice de dependência de idosos (N.º) por Local de residência (NUTS - 2013); Anual - INE, Estimativas anuais da população residente"
2004603;São Roque do Pico;33.3;2020;0008259;"Índice de dependência de idosos (N.º) por Local de residência (NUTS - 2013); Anual - INE, Estimativas anuais da população residente"
11C0106;Castelo de Paiva;33.5;2020;0008259;"Índice de dependência de idosos (N.º) por Local de residência (NUTS - 2013); Anual - INE, Estimativas anuais da população residente"
16D0105;Aveiro;33.8;2020;0008259;"Índice de dependência de idosos (N.º) por Local de residência (NUTS - 2013); Anual - INE, Estimativas anuais da população residente"
2004401;Santa Cruz da Graciosa;34;2020;0008259;"Índice de dependência de idosos (N.º) por Local de residência (NUTS - 2013); Anual - INE, Estimativas anuais da população residente"
16D0110;Ílhavo;34.1;2020;0008259;"Índice de dependência de idosos (N.º) por Local de residência (NUTS - 2013); Anual - INE, Estimativas anuais da população residente"
119;Ave;34.3;2020;0008259;"Índice de dependência de idosos (N.º) por Local de residência (NUTS - 2013); Anual - INE, Estimativas anuais da população residente"
1701116;Odivelas;34.3;2020;0008259;"Índice de dependência de idosos (N.º) por Local de residência (NUTS - 2013); Anual - INE, Estimativas anuais da população residente"
1120301;Amares;34.5;2020;0008259;"Índice de dependência de idosos (N.º) por Local de residência (NUTS - 2013); Anual - INE, Estimativas anuais da população residente"
1120313;Vila Verde;34.7;2020;0008259;"Índice de dependência de idosos (N.º) por Local de residência (NUTS - 2013); Anual - INE, Estimativas anuais da população residente"
11A0109;Santa Maria da Feira;34.8;2020;0008259;"Índice de dependência de idosos (N.º) por Local de residência (NUTS - 2013); Anual - INE, Estimativas anuais da população residente"
17;Área Metropolitana de Lisboa;34.9;2020;0008259;"Índice de dependência de idosos (N.º) por Local de residência (NUTS - 2013); Anual - INE, Estimativas anuais da população residente"
170;Área Metropolitana de Lisboa;34.9;2020;0008259;"Índice de dependência de idosos (N.º) por Local de residência (NUTS - 2013); Anual - INE, Estimativas anuais da população residente"
3003103;Funchal;34.9;2020;0008259;"Índice de dependência de idosos (N.º) por Local de residência (NUTS - 2013); Anual - INE, Estimativas anuais da população residente"
11A1317;Vila Nova de Gaia;35.1;2020;0008259;"Índice de dependência de idosos (N.º) por Local de residência (NUTS - 2013); Anual - INE, Estimativas anuais da população residente"
11A1304;Gondomar;35.2;2020;0008259;"Índice de dependência de idosos (N.º) por Local de residência (NUTS - 2013); Anual - INE, Estimativas anuais da população residente"
16D0115;Ovar;35.2;2020;0008259;"Índice de dependência de idosos (N.º) por Local de residência (NUTS - 2013); Anual - INE, Estimativas anuais da população residente"
11A0116;São João da Madeira;35.5;2020;0008259;"Índice de dependência de idosos (N.º) por Local de residência (NUTS - 2013); Anual - INE, Estimativas anuais da população residente"
1500805;Faro;35.5;2020;0008259;"Índice de dependência de idosos (N.º) por Local de residência (NUTS - 2013); Anual - INE, Estimativas anuais da população residente"
16B1113;Torres Vedras;35.5;2020;0008259;"Índice de dependência de idosos (N.º) por Local de residência (NUTS - 2013); Anual - INE, Estimativas anuais da população residente"
11A;Área Metropolitana do Porto;35.6;2020;0008259;"Índice de dependência de idosos (N.º) por Local de residência (NUTS - 2013); Anual - INE, Estimativas anuais da população residente"
1840204;Barrancos;35.6;2020;0008259;"Índice de dependência de idosos (N.º) por Local de residência (NUTS - 2013); Anual - INE, Estimativas anuais da população residente"
1701506;Moita;35.7;2020;0008259;"Índice de dependência de idosos (N.º) por Local de residência (NUTS - 2013); Anual - INE, Estimativas anuais da população residente"
1701510;Seixal;35.8;2020;0008259;"Índice de dependência de idosos (N.º) por Local de residência (NUTS - 2013); Anual - INE, Estimativas anuais da população residente"
1500811;Portimão;35.9;2020;0008259;"Índice de dependência de idosos (N.º) por Local de residência (NUTS - 2013); Anual - INE, Estimativas anuais da população residente"
16E0604;Condeixa-a-Nova;35.9;2020;0008259;"Índice de dependência de idosos (N.º) por Local de residência (NUTS - 2013); Anual - INE, Estimativas anuais da população residente"
1190309;Póvoa de Lanhoso;36.2;2020;0008259;"Índice de dependência de idosos (N.º) por Local de residência (NUTS - 2013); Anual - INE, Estimativas anuais da população residente"
1851103;Azambuja;36.2;2020;0008259;"Índice de dependência de idosos (N.º) por Local de residência (NUTS - 2013); Anual - INE, Estimativas anuais da população residente"
16D0102;Albergaria-a-Velha;36.4;2020;0008259;"Índice de dependência de idosos (N.º) por Local de residência (NUTS - 2013); Anual - INE, Estimativas anuais da população residente"
16F1009;Leiria;36.4;2020;0008259;"Índice de dependência de idosos (N.º) por Local de residência (NUTS - 2013); Anual - INE, Estimativas anuais da população residente"
1701107;Loures;36.4;2020;0008259;"Índice de dependência de idosos (N.º) por Local de residência (NUTS - 2013); Anual - INE, Estimativas anuais da população residente"
1701106;Lisboa;36.5;2020;0008259;"Índice de dependência de idosos (N.º) por Local de residência (NUTS - 2013); Anual - INE, Estimativas anuais da população residente"
1701115;Amadora;36.5;2020;0008259;"Índice de dependência de idosos (N.º) por Local de residência (NUTS - 2013); Anual - INE, Estimativas anuais da população residente"
16D0114;Oliveira do Bairro;36.7;2020;0008259;"Índice de dependência de idosos (N.º) por Local de residência (NUTS - 2013); Anual - INE, Estimativas anuais da população residente"
16E0607;Lousã;37;2020;0008259;"Índice de dependência de idosos (N.º) por Local de residência (NUTS - 2013); Anual - INE, Estimativas anuais da população residente"
11;Norte;37.1;2020;0008259;"Índice de dependência de idosos (N.º) por Local de residência (NUTS - 2013); Anual - INE, Estimativas anuais da população residente"
11C1301;Amarante;37.1;2020;0008259;"Índice de dependência de idosos (N.º) por Local de residência (NUTS - 2013); Anual - INE, Estimativas anuais da população residente"
1701105;Cascais;37.1;2020;0008259;"Índice de dependência de idosos (N.º) por Local de residência (NUTS - 2013); Anual - INE, Estimativas anuais da população residente"
16F1010;Marinha Grande;37.3;2020;0008259;"Índice de dependência de idosos (N.º) por Local de residência (NUTS - 2013); Anual - INE, Estimativas anuais da população residente"
1811513;Sines;37.4;2020;0008259;"Índice de dependência de idosos (N.º) por Local de residência (NUTS - 2013); Anual - INE, Estimativas anuais da população residente"
11C1302;Baião;37.5;2020;0008259;"Índice de dependência de idosos (N.º) por Local de residência (NUTS - 2013); Anual - INE, Estimativas anuais da população residente"
1840205;Beja;37.5;2020;0008259;"Índice de dependência de idosos (N.º) por Local de residência (NUTS - 2013); Anual - INE, Estimativas anuais da população residente"
16F1004;Batalha;37.6;2020;0008259;"Índice de dependência de idosos (N.º) por Local de residência (NUTS - 2013); Anual - INE, Estimativas anuais da população residente"
1190304;Cabeceiras de Basto;37.7;2020;0008259;"Índice de dependência de idosos (N.º) por Local de residência (NUTS - 2013); Anual - INE, Estimativas anuais da população residente"
1500810;Olhão;37.7;2020;0008259;"Índice de dependência de idosos (N.º) por Local de residência (NUTS - 2013); Anual - INE, Estimativas anuais da população residente"
2004501;Calheta;37.7;2020;0008259;"Índice de dependência de idosos (N.º) por Local de residência (NUTS - 2013); Anual - INE, Estimativas anuais da população residente"
1851414;Rio Maior;37.8;2020;0008259;"Índice de dependência de idosos (N.º) por Local de residência (NUTS - 2013); Anual - INE, Estimativas anuais da população residente"
11A1308;Matosinhos;38;2020;0008259;"Índice de dependência de idosos (N.º) por Local de residência (NUTS - 2013); Anual - INE, Estimativas anuais da população residente"
16D;Região de Aveiro;38;2020;0008259;"Índice de dependência de idosos (N.º) por Local de residência (NUTS - 2013); Anual - INE, Estimativas anuais da população residente"
1500806;Lagoa;38.2;2020;0008259;"Índice de dependência de idosos (N.º) por Local de residência (NUTS - 2013); Anual - INE, Estimativas anuais da população residente"
PT;Portugal;38.2;2020;0008259;"Índice de dependência de idosos (N.º) por Local de residência (NUTS - 2013); Anual - INE, Estimativas anuais da população residente"
1500808;Loulé;38.3;2020;0008259;"Índice de dependência de idosos (N.º) por Local de residência (NUTS - 2013); Anual - INE, Estimativas anuais da população residente"
16B;Oeste;38.5;2020;0008259;"Índice de dependência de idosos (N.º) por Local de residência (NUTS - 2013); Anual - INE, Estimativas anuais da população residente"
1861204;Campo Maior;38.5;2020;0008259;"Índice de dependência de idosos (N.º) por Local de residência (NUTS - 2013); Anual - INE, Estimativas anuais da população residente"
11A0113;Oliveira de Azeméis;38.6;2020;0008259;"Índice de dependência de idosos (N.º) por Local de residência (NUTS - 2013); Anual - INE, Estimativas anuais da população residente"
16D0118;Vagos;38.6;2020;0008259;"Índice de dependência de idosos (N.º) por Local de residência (NUTS - 2013); Anual - INE, Estimativas anuais da população residente"
1870705;Évora;38.6;2020;0008259;"Índice de dependência de idosos (N.º) por Local de residência (NUTS - 2013); Anual - INE, Estimativas anuais da população residente"
2004601;Lajes do Pico;38.6;2020;0008259;"Índice de dependência de idosos (N.º) por Local de residência (NUTS - 2013); Anual - INE, Estimativas anuais da população residente"
1;Continente;38.7;2020;0008259;"Índice de dependência de idosos (N.º) por Local de residência (NUTS - 2013); Anual - INE, Estimativas anuais da população residente"
11D1714;Vila Real;38.8;2020;0008259;"Índice de dependência de idosos (N.º) por Local de residência (NUTS - 2013); Anual - INE, Estimativas anuais da população residente"
15;Algarve;38.8;2020;0008259;"Índice de dependência de idosos (N.º) por Local de residência (NUTS - 2013); Anual - INE, Estimativas anuais da população residente"
150;Algarve;38.8;2020;0008259;"Índice de dependência de idosos (N.º) por Local de residência (NUTS - 2013); Anual - INE, Estimativas anuais da população residente"
1190307;Fafe;38.9;2020;0008259;"Índice de dependência de idosos (N.º) por Local de residência (NUTS - 2013); Anual - INE, Estimativas anuais da população residente"
16D0112;Murtosa;38.9;2020;0008259;"Índice de dependência de idosos (N.º) por Local de residência (NUTS - 2013); Anual - INE, Estimativas anuais da população residente"
1840207;Cuba;38.9;2020;0008259;"Índice de dependência de idosos (N.º) por Local de residência (NUTS - 2013); Anual - INE, Estimativas anuais da população residente"
1701512;Setúbal;39;2020;0008259;"Índice de dependência de idosos (N.º) por Local de residência (NUTS - 2013); Anual - INE, Estimativas anuais da população residente"
16G1823;Viseu;39.1;2020;0008259;"Índice de dependência de idosos (N.º) por Local de residência (NUTS - 2013); Anual - INE, Estimativas anuais da população residente"
16I1408;Constância;39.4;2020;0008259;"Índice de dependência de idosos (N.º) por Local de residência (NUTS - 2013); Anual - INE, Estimativas anuais da população residente"
16D0108;Estarreja;39.5;2020;0008259;"Índice de dependência de idosos (N.º) por Local de residência (NUTS - 2013); Anual - INE, Estimativas anuais da população residente"
1111607;Ponte de Lima;39.6;2020;0008259;"Índice de dependência de idosos (N.º) por Local de residência (NUTS - 2013); Anual - INE, Estimativas anuais da população residente"
11C0305;Celorico de Basto;39.6;2020;0008259;"Índice de dependência de idosos (N.º) por Local de residência (NUTS - 2013); Anual - INE, Estimativas anuais da população residente"
1701503;Almada;39.6;2020;0008259;"Índice de dependência de idosos (N.º) por Local de residência (NUTS - 2013); Anual - INE, Estimativas anuais da população residente"
1701110;Oeiras;39.8;2020;0008259;"Índice de dependência de idosos (N.º) por Local de residência (NUTS - 2013); Anual - INE, Estimativas anuais da população residente"
16G1810;Oliveira de Frades;40.1;2020;0008259;"Índice de dependência de idosos (N.º) por Local de residência (NUTS - 2013); Anual - INE, Estimativas anuais da população residente"
1851406;Cartaxo;40.2;2020;0008259;"Índice de dependência de idosos (N.º) por Local de residência (NUTS - 2013); Anual - INE, Estimativas anuais da população residente"
11D1820;Tarouca;40.3;2020;0008259;"Índice de dependência de idosos (N.º) por Local de residência (NUTS - 2013); Anual - INE, Estimativas anuais da população residente"
16B1108;Lourinhã;40.4;2020;0008259;"Índice de dependência de idosos (N.º) por Local de residência (NUTS - 2013); Anual - INE, Estimativas anuais da população residente"
1500813;Silves;40.5;2020;0008259;"Índice de dependência de idosos (N.º) por Local de residência (NUTS - 2013); Anual - INE, Estimativas anuais da população residente"
3003101;Calheta;40.5;2020;0008259;"Índice de dependência de idosos (N.º) por Local de residência (NUTS - 2013); Anual - INE, Estimativas anuais da população residente"
16F1016;Porto de Mós;40.7;2020;0008259;"Índice de dependência de idosos (N.º) por Local de residência (NUTS - 2013); Anual - INE, Estimativas anuais da população residente"
11A0104;Arouca;40.8;2020;0008259;"Índice de dependência de idosos (N.º) por Local de residência (NUTS - 2013); Anual - INE, Estimativas anuais da população residente"
1861207;Elvas;40.8;2020;0008259;"Índice de dependência de idosos (N.º) por Local de residência (NUTS - 2013); Anual - INE, Estimativas anuais da população residente"
1870713;Viana do Alentejo;40.9;2020;0008259;"Índice de dependência de idosos (N.º) por Local de residência (NUTS - 2013); Anual - INE, Estimativas anuais da população residente"
11A1312;Porto;41.2;2020;0008259;"Índice de dependência de idosos (N.º) por Local de residência (NUTS - 2013); Anual - INE, Estimativas anuais da população residente"
185;Lezíria do Tejo;41.2;2020;0008259;"Índice de dependência de idosos (N.º) por Local de residência (NUTS - 2013); Anual - INE, Estimativas anuais da população residente"
1851403;Almeirim;41.2;2020;0008259;"Índice de dependência de idosos (N.º) por Local de residência (NUTS - 2013); Anual - INE, Estimativas anuais da população residente"
11A1314;Santo Tirso;41.3;2020;0008259;"Índice de dependência de idosos (N.º) por Local de residência (NUTS - 2013); Anual - INE, Estimativas anuais da população residente"
16F;Região de Leiria;41.5;2020;0008259;"Índice de dependência de idosos (N.º) por Local de residência (NUTS - 2013); Anual - INE, Estimativas anuais da população residente"
16B1006;Caldas da Rainha;41.6;2020;0008259;"Índice de dependência de idosos (N.º) por Local de residência (NUTS - 2013); Anual - INE, Estimativas anuais da população residente"
16E0617;Vila Nova de Poiares;41.7;2020;0008259;"Índice de dependência de idosos (N.º) por Local de residência (NUTS - 2013); Anual - INE, Estimativas anuais da população residente"
1500807;Lagos;42;2020;0008259;"Índice de dependência de idosos (N.º) por Local de residência (NUTS - 2013); Anual - INE, Estimativas anuais da população residente"
16J0907;Guarda;42;2020;0008259;"Índice de dependência de idosos (N.º) por Local de residência (NUTS - 2013); Anual - INE, Estimativas anuais da população residente"
1701504;Barreiro;42.1;2020;0008259;"Índice de dependência de idosos (N.º) por Local de residência (NUTS - 2013); Anual - INE, Estimativas anuais da população residente"
16B1001;Alcobaça;42.2;2020;0008259;"Índice de dependência de idosos (N.º) por Local de residência (NUTS - 2013); Anual - INE, Estimativas anuais da população residente"
16E0603;Coimbra;42.2;2020;0008259;"Índice de dependência de idosos (N.º) por Local de residência (NUTS - 2013); Anual - INE, Estimativas anuais da população residente"
16B1012;Óbidos;42.5;2020;0008259;"Índice de dependência de idosos (N.º) por Local de residência (NUTS - 2013); Anual - INE, Estimativas anuais da população residente"
11C1813;Resende;42.7;2020;0008259;"Índice de dependência de idosos (N.º) por Local de residência (NUTS - 2013); Anual - INE, Estimativas anuais da população residente"
1500812;São Brás de Alportel;42.7;2020;0008259;"Índice de dependência de idosos (N.º) por Local de residência (NUTS - 2013); Anual - INE, Estimativas anuais da população residente"
181;Alentejo Litoral;42.7;2020;0008259;"Índice de dependência de idosos (N.º) por Local de residência (NUTS - 2013); Anual - INE, Estimativas anuais da população residente"
1111609;Viana do Castelo;43;2020;0008259;"Índice de dependência de idosos (N.º) por Local de residência (NUTS - 2013); Anual - INE, Estimativas anuais da população residente"
16D0101;Águeda;43;2020;0008259;"Índice de dependência de idosos (N.º) por Local de residência (NUTS - 2013); Anual - INE, Estimativas anuais da população residente"
1840214;Vidigueira;43;2020;0008259;"Índice de dependência de idosos (N.º) por Local de residência (NUTS - 2013); Anual - INE, Estimativas anuais da população residente"
1851416;Santarém;43;2020;0008259;"Índice de dependência de idosos (N.º) por Local de residência (NUTS - 2013); Anual - INE, Estimativas anuais da população residente"
11C1804;Cinfães;43.1;2020;0008259;"Índice de dependência de idosos (N.º) por Local de residência (NUTS - 2013); Anual - INE, Estimativas anuais da população residente"
1851415;Salvaterra de Magos;43.1;2020;0008259;"Índice de dependência de idosos (N.º) por Local de residência (NUTS - 2013); Anual - INE, Estimativas anuais da população residente"
16B1011;Nazaré;43.2;2020;0008259;"Índice de dependência de idosos (N.º) por Local de residência (NUTS - 2013); Anual - INE, Estimativas anuais da população residente"
16E0111;Mealhada;43.2;2020;0008259;"Índice de dependência de idosos (N.º) por Local de residência (NUTS - 2013); Anual - INE, Estimativas anuais da população residente"
16E0610;Montemor-o-Velho;43.2;2020;0008259;"Índice de dependência de idosos (N.º) por Local de residência (NUTS - 2013); Anual - INE, Estimativas anuais da população residente"
16E0609;Miranda do Corvo;43.3;2020;0008259;"Índice de dependência de idosos (N.º) por Local de residência (NUTS - 2013); Anual - INE, Estimativas anuais da população residente"
1111610;Vila Nova de Cerveira;43.4;2020;0008259;"Índice de dependência de idosos (N.º) por Local de residência (NUTS - 2013); Anual - INE, Estimativas anuais da população residente"
16B1014;Peniche;43.4;2020;0008259;"Índice de dependência de idosos (N.º) por Local de residência (NUTS - 2013); Anual - INE, Estimativas anuais da população residente"
16I1420;Vila Nova da Barquinha;43.4;2020;0008259;"Índice de dependência de idosos (N.º) por Local de residência (NUTS - 2013); Anual - INE, Estimativas anuais da população residente"
1111608;Valença;43.6;2020;0008259;"Índice de dependência de idosos (N.º) por Local de residência (NUTS - 2013); Anual - INE, Estimativas anuais da população residente"
1500803;Aljezur;43.6;2020;0008259;"Índice de dependência de idosos (N.º) por Local de residência (NUTS - 2013); Anual - INE, Estimativas anuais da população residente"
1840206;Castro Verde;43.6;2020;0008259;"Índice de dependência de idosos (N.º) por Local de residência (NUTS - 2013); Anual - INE, Estimativas anuais da população residente"
1870711;Reguengos de Monsaraz;43.6;2020;0008259;"Índice de dependência de idosos (N.º) por Local de residência (NUTS - 2013); Anual - INE, Estimativas anuais da população residente"
16I1421;Ourém;43.7;2020;0008259;"Índice de dependência de idosos (N.º) por Local de residência (NUTS - 2013); Anual - INE, Estimativas anuais da população residente"
11D1805;Lamego;44.1;2020;0008259;"Índice de dependência de idosos (N.º) por Local de residência (NUTS - 2013); Anual - INE, Estimativas anuais da população residente"
16B1005;Bombarral;44.1;2020;0008259;"Índice de dependência de idosos (N.º) por Local de residência (NUTS - 2013); Anual - INE, Estimativas anuais da população residente"
18;Alentejo;44.1;2020;0008259;"Índice de dependência de idosos (N.º) por Local de residência (NUTS - 2013); Anual - INE, Estimativas anuais da população residente"
3003110;São Vicente;44.3;2020;0008259;"Índice de dependência de idosos (N.º) por Local de residência (NUTS - 2013); Anual - INE, Estimativas anuais da população residente"
1500816;Vila Real de Santo António;44.4;2020;0008259;"Índice de dependência de idosos (N.º) por Local de residência (NUTS - 2013); Anual - INE, Estimativas anuais da população residente"
187;Alentejo Central;44.6;2020;0008259;"Índice de dependência de idosos (N.º) por Local de residência (NUTS - 2013); Anual - INE, Estimativas anuais da população residente"
1870710;Redondo;44.7;2020;0008259;"Índice de dependência de idosos (N.º) por Local de residência (NUTS - 2013); Anual - INE, Estimativas anuais da população residente"
1870714;Vila Viçosa;44.8;2020;0008259;"Índice de dependência de idosos (N.º) por Local de residência (NUTS - 2013); Anual - INE, Estimativas anuais da população residente"
16;Centro;45;2020;0008259;"Índice de dependência de idosos (N.º) por Local de residência (NUTS - 2013); Anual - INE, Estimativas anuais da população residente"
1500815;Vila do Bispo;45.3;2020;0008259;"Índice de dependência de idosos (N.º) por Local de residência (NUTS - 2013); Anual - INE, Estimativas anuais da população residente"
184;Baixo Alentejo;45.3;2020;0008259;"Índice de dependência de idosos (N.º) por Local de residência (NUTS - 2013); Anual - INE, Estimativas anuais da população residente"
1870702;Arraiolos;45.4;2020;0008259;"Índice de dependência de idosos (N.º) por Local de residência (NUTS - 2013); Anual - INE, Estimativas anuais da população residente"
1811505;Grândola;45.6;2020;0008259;"Índice de dependência de idosos (N.º) por Local de residência (NUTS - 2013); Anual - INE, Estimativas anuais da população residente"
1870709;Portel;45.6;2020;0008259;"Índice de dependência de idosos (N.º) por Local de residência (NUTS - 2013); Anual - INE, Estimativas anuais da população residente"
1870708;Mourão;45.8;2020;0008259;"Índice de dependência de idosos (N.º) por Local de residência (NUTS - 2013); Anual - INE, Estimativas anuais da população residente"
11D1708;Peso da Régua;45.9;2020;0008259;"Índice de dependência de idosos (N.º) por Local de residência (NUTS - 2013); Anual - INE, Estimativas anuais da população residente"
1840210;Moura;45.9;2020;0008259;"Índice de dependência de idosos (N.º) por Local de residência (NUTS - 2013); Anual - INE, Estimativas anuais da população residente"
1851412;Golegã;46;2020;0008259;"Índice de dependência de idosos (N.º) por Local de residência (NUTS - 2013); Anual - INE, Estimativas anuais da população residente"
3003106;Porto Moniz;46.3;2020;0008259;"Índice de dependência de idosos (N.º) por Local de residência (NUTS - 2013); Anual - INE, Estimativas anuais da população residente"
1840203;Alvito;46.5;2020;0008259;"Índice de dependência de idosos (N.º) por Local de residência (NUTS - 2013); Anual - INE, Estimativas anuais da população residente"
1840208;Ferreira do Alentejo;46.5;2020;0008259;"Índice de dependência de idosos (N.º) por Local de residência (NUTS - 2013); Anual - INE, Estimativas anuais da população residente"
11D1704;Mesão Frio;46.6;2020;0008259;"Índice de dependência de idosos (N.º) por Local de residência (NUTS - 2013); Anual - INE, Estimativas anuais da população residente"
16E;Região de Coimbra;46.8;2020;0008259;"Índice de dependência de idosos (N.º) por Local de residência (NUTS - 2013); Anual - INE, Estimativas anuais da população residente"
1861211;Monforte;47;2020;0008259;"Índice de dependência de idosos (N.º) por Local de residência (NUTS - 2013); Anual - INE, Estimativas anuais da população residente"
11D1815;São João da Pesqueira;47.1;2020;0008259;"Índice de dependência de idosos (N.º) por Local de residência (NUTS - 2013); Anual - INE, Estimativas anuais da população residente"
1851404;Alpiarça;47.1;2020;0008259;"Índice de dependência de idosos (N.º) por Local de residência (NUTS - 2013); Anual - INE, Estimativas anuais da população residente"
11E0402;Bragança;47.2;2020;0008259;"Índice de dependência de idosos (N.º) por Local de residência (NUTS - 2013); Anual - INE, Estimativas anuais da população residente"
1861214;Portalegre;47.6;2020;0008259;"Índice de dependência de idosos (N.º) por Local de residência (NUTS - 2013); Anual - INE, Estimativas anuais da população residente"
1870704;Estremoz;47.6;2020;0008259;"Índice de dependência de idosos (N.º) por Local de residência (NUTS - 2013); Anual - INE, Estimativas anuais da população residente"
16I1419;Torres Novas;47.7;2020;0008259;"Índice de dependência de idosos (N.º) por Local de residência (NUTS - 2013); Anual - INE, Estimativas anuais da população residente"
11A0107;Espinho;47.8;2020;0008259;"Índice de dependência de idosos (N.º) por Local de residência (NUTS - 2013); Anual - INE, Estimativas anuais da população residente"
1840213;Serpa;47.8;2020;0008259;"Índice de dependência de idosos (N.º) por Local de residência (NUTS - 2013); Anual - INE, Estimativas anuais da população residente"
16E0605;Figueira da Foz;48.1;2020;0008259;"Índice de dependência de idosos (N.º) por Local de residência (NUTS - 2013); Anual - INE, Estimativas anuais da população residente"
3003109;Santana;48.1;2020;0008259;"Índice de dependência de idosos (N.º) por Local de residência (NUTS - 2013); Anual - INE, Estimativas anuais da população residente"
111;Alto Minho;48.2;2020;0008259;"Índice de dependência de idosos (N.º) por Local de residência (NUTS - 2013); Anual - INE, Estimativas anuais da população residente"
16H0502;Castelo Branco;48.4;2020;0008259;"Índice de dependência de idosos (N.º) por Local de residência (NUTS - 2013); Anual - INE, Estimativas anuais da população residente"
1870703;Borba;48.4;2020;0008259;"Índice de dependência de idosos (N.º) por Local de residência (NUTS - 2013); Anual - INE, Estimativas anuais da população residente"
1191705;Mondim de Basto;48.5;2020;0008259;"Índice de dependência de idosos (N.º) por Local de residência (NUTS - 2013); Anual - INE, Estimativas anuais da população residente"
16G;Viseu Dão Lafões;48.6;2020;0008259;"Índice de dependência de idosos (N.º) por Local de residência (NUTS - 2013); Anual - INE, Estimativas anuais da população residente"
16I;Médio Tejo;48.7;2020;0008259;"Índice de dependência de idosos (N.º) por Local de residência (NUTS - 2013); Anual - INE, Estimativas anuais da população residente"
16E0611;Oliveira do Hospital;48.8;2020;0008259;"Índice de dependência de idosos (N.º) por Local de residência (NUTS - 2013); Anual - INE, Estimativas anuais da população residente"
1840201;Aljustrel;48.8;2020;0008259;"Índice de dependência de idosos (N.º) por Local de residência (NUTS - 2013); Anual - INE, Estimativas anuais da população residente"
16I1402;Alcanena;48.9;2020;0008259;"Índice de dependência de idosos (N.º) por Local de residência (NUTS - 2013); Anual - INE, Estimativas anuais da população residente"
11A0119;Vale de Cambra;49;2020;0008259;"Índice de dependência de idosos (N.º) por Local de residência (NUTS - 2013); Anual - INE, Estimativas anuais da população residente"
16B1104;Cadaval;49;2020;0008259;"Índice de dependência de idosos (N.º) por Local de residência (NUTS - 2013); Anual - INE, Estimativas anuais da população residente"
1870712;Vendas Novas;49.2;2020;0008259;"Índice de dependência de idosos (N.º) por Local de residência (NUTS - 2013); Anual - INE, Estimativas anuais da população residente"
11D;Douro;49.5;2020;0008259;"Índice de dependência de idosos (N.º) por Local de residência (NUTS - 2013); Anual - INE, Estimativas anuais da população residente"
16F1015;Pombal;49.9;2020;0008259;"Índice de dependência de idosos (N.º) por Local de residência (NUTS - 2013); Anual - INE, Estimativas anuais da população residente"
16D0103;Anadia;50.3;2020;0008259;"Índice de dependência de idosos (N.º) por Local de residência (NUTS - 2013); Anual - INE, Estimativas anuais da população residente"
1120310;Terras de Bouro;50.7;2020;0008259;"Índice de dependência de idosos (N.º) por Local de residência (NUTS - 2013); Anual - INE, Estimativas anuais da população residente"
186;Alto Alentejo;50.7;2020;0008259;"Índice de dependência de idosos (N.º) por Local de residência (NUTS - 2013); Anual - INE, Estimativas anuais da população residente"
11D1801;Armamar;50.9;2020;0008259;"Índice de dependência de idosos (N.º) por Local de residência (NUTS - 2013); Anual - INE, Estimativas anuais da população residente"
1111606;Ponte da Barca;51.1;2020;0008259;"Índice de dependência de idosos (N.º) por Local de residência (NUTS - 2013); Anual - INE, Estimativas anuais da população residente"
16E0616;Tábua;51.1;2020;0008259;"Índice de dependência de idosos (N.º) por Local de residência (NUTS - 2013); Anual - INE, Estimativas anuais da população residente"
1111602;Caminha;51.2;2020;0008259;"Índice de dependência de idosos (N.º) por Local de residência (NUTS - 2013); Anual - INE, Estimativas anuais da população residente"
1861202;Arronches;51.2;2020;0008259;"Índice de dependência de idosos (N.º) por Local de residência (NUTS - 2013); Anual - INE, Estimativas anuais da população residente"
1870706;Montemor-o-Novo;51.2;2020;0008259;"Índice de dependência de idosos (N.º) por Local de residência (NUTS - 2013); Anual - INE, Estimativas anuais da população residente"
16G1806;Mangualde;51.3;2020;0008259;"Índice de dependência de idosos (N.º) por Local de residência (NUTS - 2013); Anual - INE, Estimativas anuais da população residente"
1861213;Ponte de Sor;51.4;2020;0008259;"Índice de dependência de idosos (N.º) por Local de residência (NUTS - 2013); Anual - INE, Estimativas anuais da população residente"
1500814;Tavira;51.8;2020;0008259;"Índice de dependência de idosos (N.º) por Local de residência (NUTS - 2013); Anual - INE, Estimativas anuais da população residente"
16D0117;Sever do Vouga;51.8;2020;0008259;"Índice de dependência de idosos (N.º) por Local de residência (NUTS - 2013); Anual - INE, Estimativas anuais da população residente"
16I1417;Sardoal;51.8;2020;0008259;"Índice de dependência de idosos (N.º) por Local de residência (NUTS - 2013); Anual - INE, Estimativas anuais da população residente"
1811509;Santiago do Cacém;51.8;2020;0008259;"Índice de dependência de idosos (N.º) por Local de residência (NUTS - 2013); Anual - INE, Estimativas anuais da população residente"
1870701;Alandroal;51.8;2020;0008259;"Índice de dependência de idosos (N.º) por Local de residência (NUTS - 2013); Anual - INE, Estimativas anuais da população residente"
11D1807;Moimenta da Beira;51.9;2020;0008259;"Índice de dependência de idosos (N.º) por Local de residência (NUTS - 2013); Anual - INE, Estimativas anuais da população residente"
1861215;Sousel;52;2020;0008259;"Índice de dependência de idosos (N.º) por Local de residência (NUTS - 2013); Anual - INE, Estimativas anuais da população residente"
16E0614;Penela;52.3;2020;0008259;"Índice de dependência de idosos (N.º) por Local de residência (NUTS - 2013); Anual - INE, Estimativas anuais da população residente"
16J0503;Covilhã;52.4;2020;0008259;"Índice de dependência de idosos (N.º) por Local de residência (NUTS - 2013); Anual - INE, Estimativas anuais da população residente"
16E0602;Cantanhede;52.6;2020;0008259;"Índice de dependência de idosos (N.º) por Local de residência (NUTS - 2013); Anual - INE, Estimativas anuais da população residente"
16E0608;Mira;52.8;2020;0008259;"Índice de dependência de idosos (N.º) por Local de residência (NUTS - 2013); Anual - INE, Estimativas anuais da população residente"
1111605;Paredes de Coura;52.9;2020;0008259;"Índice de dependência de idosos (N.º) por Local de residência (NUTS - 2013); Anual - INE, Estimativas anuais da população residente"
16I1418;Tomar;53;2020;0008259;"Índice de dependência de idosos (N.º) por Local de residência (NUTS - 2013); Anual - INE, Estimativas anuais da população residente"
1190311;Vieira do Minho;53.2;2020;0008259;"Índice de dependência de idosos (N.º) por Local de residência (NUTS - 2013); Anual - INE, Estimativas anuais da população residente"
1861208;Fronteira;53.4;2020;0008259;"Índice de dependência de idosos (N.º) por Local de residência (NUTS - 2013); Anual - INE, Estimativas anuais da população residente"
16G1817;Sátão;53.7;2020;0008259;"Índice de dependência de idosos (N.º) por Local de residência (NUTS - 2013); Anual - INE, Estimativas anuais da população residente"
16G1809;Nelas;53.9;2020;0008259;"Índice de dependência de idosos (N.º) por Local de residência (NUTS - 2013); Anual - INE, Estimativas anuais da população residente"
1851407;Chamusca;54.3;2020;0008259;"Índice de dependência de idosos (N.º) por Local de residência (NUTS - 2013); Anual - INE, Estimativas anuais da população residente"
16I1401;Abrantes;54.5;2020;0008259;"Índice de dependência de idosos (N.º) por Local de residência (NUTS - 2013); Anual - INE, Estimativas anuais da população residente"
16G1824;Vouzela;54.6;2020;0008259;"Índice de dependência de idosos (N.º) por Local de residência (NUTS - 2013); Anual - INE, Estimativas anuais da população residente"
16I1411;Ferreira do Zêzere;54.7;2020;0008259;"Índice de dependência de idosos (N.º) por Local de residência (NUTS - 2013); Anual - INE, Estimativas anuais da população residente"
11D1818;Sernancelhe;54.8;2020;0008259;"Índice de dependência de idosos (N.º) por Local de residência (NUTS - 2013); Anual - INE, Estimativas anuais da população residente"
16I0509;Sertã;55.3;2020;0008259;"Índice de dependência de idosos (N.º) por Local de residência (NUTS - 2013); Anual - INE, Estimativas anuais da população residente"
1500804;Castro Marim;55.9;2020;0008259;"Índice de dependência de idosos (N.º) por Local de residência (NUTS - 2013); Anual - INE, Estimativas anuais da população residente"
1861201;Alter do Chão;56;2020;0008259;"Índice de dependência de idosos (N.º) por Local de residência (NUTS - 2013); Anual - INE, Estimativas anuais da população residente"
16F1003;Ansião;56.2;2020;0008259;"Índice de dependência de idosos (N.º) por Local de residência (NUTS - 2013); Anual - INE, Estimativas anuais da população residente"
16G1822;Vila Nova de Paiva;56.2;2020;0008259;"Índice de dependência de idosos (N.º) por Local de residência (NUTS - 2013); Anual - INE, Estimativas anuais da população residente"
16G1821;Tondela;56.5;2020;0008259;"Índice de dependência de idosos (N.º) por Local de residência (NUTS - 2013); Anual - INE, Estimativas anuais da população residente"
11B1709;Ribeira de Pena;56.6;2020;0008259;"Índice de dependência de idosos (N.º) por Local de residência (NUTS - 2013); Anual - INE, Estimativas anuais da população residente"
16G1802;Carregal do Sal;56.6;2020;0008259;"Índice de dependência de idosos (N.º) por Local de residência (NUTS - 2013); Anual - INE, Estimativas anuais da população residente"
1840202;Almodôvar;56.6;2020;0008259;"Índice de dependência de idosos (N.º) por Local de residência (NUTS - 2013); Anual - INE, Estimativas anuais da população residente"
16J0501;Belmonte;56.8;2020;0008259;"Índice de dependência de idosos (N.º) por Local de residência (NUTS - 2013); Anual - INE, Estimativas anuais da população residente"
1811501;Alcácer do Sal;56.9;2020;0008259;"Índice de dependência de idosos (N.º) por Local de residência (NUTS - 2013); Anual - INE, Estimativas anuais da população residente"
11D1711;Santa Marta de Penaguião;57.7;2020;0008259;"Índice de dependência de idosos (N.º) por Local de residência (NUTS - 2013); Anual - INE, Estimativas anuais da população residente"
11D1819;Tabuaço;57.7;2020;0008259;"Índice de dependência de idosos (N.º) por Local de residência (NUTS - 2013); Anual - INE, Estimativas anuais da população residente"
16E0613;Penacova;57.7;2020;0008259;"Índice de dependência de idosos (N.º) por Local de residência (NUTS - 2013); Anual - INE, Estimativas anuais da população residente"
1861203;Avis;57.7;2020;0008259;"Índice de dependência de idosos (N.º) por Local de residência (NUTS - 2013); Anual - INE, Estimativas anuais da população residente"
16G1803;Castro Daire;57.8;2020;0008259;"Índice de dependência de idosos (N.º) por Local de residência (NUTS - 2013); Anual - INE, Estimativas anuais da população residente"
16G1814;Santa Comba Dão;57.8;2020;0008259;"Índice de dependência de idosos (N.º) por Local de residência (NUTS - 2013); Anual - INE, Estimativas anuais da população residente"
11D1710;Sabrosa;57.9;2020;0008259;"Índice de dependência de idosos (N.º) por Local de residência (NUTS - 2013); Anual - INE, Estimativas anuais da população residente"
16J0504;Fundão;57.9;2020;0008259;"Índice de dependência de idosos (N.º) por Local de residência (NUTS - 2013); Anual - INE, Estimativas anuais da população residente"
11E0407;Mirandela;58.4;2020;0008259;"Índice de dependência de idosos (N.º) por Local de residência (NUTS - 2013); Anual - INE, Estimativas anuais da população residente"
16E0601;Arganil;58.8;2020;0008259;"Índice de dependência de idosos (N.º) por Local de residência (NUTS - 2013); Anual - INE, Estimativas anuais da população residente"
1840212;Ourique;58.8;2020;0008259;"Índice de dependência de idosos (N.º) por Local de residência (NUTS - 2013); Anual - INE, Estimativas anuais da população residente"
16G1816;São Pedro do Sul;58.9;2020;0008259;"Índice de dependência de idosos (N.º) por Local de residência (NUTS - 2013); Anual - INE, Estimativas anuais da população residente"
1851409;Coruche;58.9;2020;0008259;"Índice de dependência de idosos (N.º) por Local de residência (NUTS - 2013); Anual - INE, Estimativas anuais da população residente"
16J;Beiras e Serra da Estrela;59.2;2020;0008259;"Índice de dependência de idosos (N.º) por Local de residência (NUTS - 2013); Anual - INE, Estimativas anuais da população residente"
11D1701;Alijó;59.3;2020;0008259;"Índice de dependência de idosos (N.º) por Local de residência (NUTS - 2013); Anual - INE, Estimativas anuais da população residente"
16H;Beira Baixa;59.3;2020;0008259;"Índice de dependência de idosos (N.º) por Local de residência (NUTS - 2013); Anual - INE, Estimativas anuais da população residente"
11B1703;Chaves;59.6;2020;0008259;"Índice de dependência de idosos (N.º) por Local de residência (NUTS - 2013); Anual - INE, Estimativas anuais da população residente"
1861210;Marvão;60.2;2020;0008259;"Índice de dependência de idosos (N.º) por Local de residência (NUTS - 2013); Anual - INE, Estimativas anuais da população residente"
16E0615;Soure;60.7;2020;0008259;"Índice de dependência de idosos (N.º) por Local de residência (NUTS - 2013); Anual - INE, Estimativas anuais da população residente"
16F1013;Pedrógão Grande;60.9;2020;0008259;"Índice de dependência de idosos (N.º) por Local de residência (NUTS - 2013); Anual - INE, Estimativas anuais da população residente"
11E;Terras de Trás-os-Montes;61.3;2020;0008259;"Índice de dependência de idosos (N.º) por Local de residência (NUTS - 2013); Anual - INE, Estimativas anuais da população residente"
11D1812;Penedono;61.4;2020;0008259;"Índice de dependência de idosos (N.º) por Local de residência (NUTS - 2013); Anual - INE, Estimativas anuais da população residente"
1861205;Castelo de Vide;61.4;2020;0008259;"Índice de dependência de idosos (N.º) por Local de residência (NUTS - 2013); Anual - INE, Estimativas anuais da população residente"
1500809;Monchique;61.7;2020;0008259;"Índice de dependência de idosos (N.º) por Local de residência (NUTS - 2013); Anual - INE, Estimativas anuais da população residente"
1111604;Monção;61.8;2020;0008259;"Índice de dependência de idosos (N.º) por Local de residência (NUTS - 2013); Anual - INE, Estimativas anuais da população residente"
11E0405;Macedo de Cavaleiros;63.6;2020;0008259;"Índice de dependência de idosos (N.º) por Local de residência (NUTS - 2013); Anual - INE, Estimativas anuais da população residente"
16G1811;Penalva do Castelo;63.8;2020;0008259;"Índice de dependência de idosos (N.º) por Local de residência (NUTS - 2013); Anual - INE, Estimativas anuais da população residente"
16J0905;Fornos de Algodres;64;2020;0008259;"Índice de dependência de idosos (N.º) por Local de residência (NUTS - 2013); Anual - INE, Estimativas anuais da população residente"
16J0912;Seia;64.3;2020;0008259;"Índice de dependência de idosos (N.º) por Local de residência (NUTS - 2013); Anual - INE, Estimativas anuais da população residente"
16F1008;Figueiró dos Vinhos;64.6;2020;0008259;"Índice de dependência de idosos (N.º) por Local de residência (NUTS - 2013); Anual - INE, Estimativas anuais da população residente"
11B1713;Vila Pouca de Aguiar;64.7;2020;0008259;"Índice de dependência de idosos (N.º) por Local de residência (NUTS - 2013); Anual - INE, Estimativas anuais da população residente"
11E0410;Vila Flor;65.2;2020;0008259;"Índice de dependência de idosos (N.º) por Local de residência (NUTS - 2013); Anual - INE, Estimativas anuais da população residente"
11D1707;Murça;65.7;2020;0008259;"Índice de dependência de idosos (N.º) por Local de residência (NUTS - 2013); Anual - INE, Estimativas anuais da população residente"
16F1007;Castanheira de Pêra;65.9;2020;0008259;"Índice de dependência de idosos (N.º) por Local de residência (NUTS - 2013); Anual - INE, Estimativas anuais da população residente"
16J0903;Celorico da Beira;65.9;2020;0008259;"Índice de dependência de idosos (N.º) por Local de residência (NUTS - 2013); Anual - INE, Estimativas anuais da população residente"
16E1808;Mortágua;66.3;2020;0008259;"Índice de dependência de idosos (N.º) por Local de residência (NUTS - 2013); Anual - INE, Estimativas anuais da população residente"
11B;Alto Tâmega;66.4;2020;0008259;"Índice de dependência de idosos (N.º) por Local de residência (NUTS - 2013); Anual - INE, Estimativas anuais da população residente"
16F1002;Alvaiázere;66.7;2020;0008259;"Índice de dependência de idosos (N.º) por Local de residência (NUTS - 2013); Anual - INE, Estimativas anuais da população residente"
1111601;Arcos de Valdevez;66.8;2020;0008259;"Índice de dependência de idosos (N.º) por Local de residência (NUTS - 2013); Anual - INE, Estimativas anuais da população residente"
1840209;Mértola;66.8;2020;0008259;"Índice de dependência de idosos (N.º) por Local de residência (NUTS - 2013); Anual - INE, Estimativas anuais da população residente"
1861206;Crato;67.1;2020;0008259;"Índice de dependência de idosos (N.º) por Local de residência (NUTS - 2013); Anual - INE, Estimativas anuais da população residente"
11D0914;Vila Nova de Foz Côa;67.6;2020;0008259;"Índice de dependência de idosos (N.º) por Local de residência (NUTS - 2013); Anual - INE, Estimativas anuais da população residente"
16E0606;Góis;68.4;2020;0008259;"Índice de dependência de idosos (N.º) por Local de residência (NUTS - 2013); Anual - INE, Estimativas anuais da população residente"
16J0913;Trancoso;68.4;2020;0008259;"Índice de dependência de idosos (N.º) por Local de residência (NUTS - 2013); Anual - INE, Estimativas anuais da população residente"
16G0901;Aguiar da Beira;69.2;2020;0008259;"Índice de dependência de idosos (N.º) por Local de residência (NUTS - 2013); Anual - INE, Estimativas anuais da população residente"
16J0908;Manteigas;70;2020;0008259;"Índice de dependência de idosos (N.º) por Local de residência (NUTS - 2013); Anual - INE, Estimativas anuais da população residente"
1870707;Mora;70.3;2020;0008259;"Índice de dependência de idosos (N.º) por Local de residência (NUTS - 2013); Anual - INE, Estimativas anuais da população residente"
11E0401;Alfândega da Fé;70.7;2020;0008259;"Índice de dependência de idosos (N.º) por Local de residência (NUTS - 2013); Anual - INE, Estimativas anuais da população residente"
16I0510;Vila de Rei;71.4;2020;0008259;"Índice de dependência de idosos (N.º) por Local de residência (NUTS - 2013); Anual - INE, Estimativas anuais da população residente"
11D0404;Freixo de Espada à Cinta;71.5;2020;0008259;"Índice de dependência de idosos (N.º) por Local de residência (NUTS - 2013); Anual - INE, Estimativas anuais da população residente"
16H0508;Proença-a-Nova;72.2;2020;0008259;"Índice de dependência de idosos (N.º) por Local de residência (NUTS - 2013); Anual - INE, Estimativas anuais da população residente"
16J0904;Figueira de Castelo Rodrigo;72.5;2020;0008259;"Índice de dependência de idosos (N.º) por Local de residência (NUTS - 2013); Anual - INE, Estimativas anuais da população residente"
11D0403;Carrazeda de Ansiães;72.7;2020;0008259;"Índice de dependência de idosos (N.º) por Local de residência (NUTS - 2013); Anual - INE, Estimativas anuais da população residente"
16J0909;Mêda;72.7;2020;0008259;"Índice de dependência de idosos (N.º) por Local de residência (NUTS - 2013); Anual - INE, Estimativas anuais da população residente"
16J0906;Gouveia;73.3;2020;0008259;"Índice de dependência de idosos (N.º) por Local de residência (NUTS - 2013); Anual - INE, Estimativas anuais da população residente"
11B1702;Boticas;73.4;2020;0008259;"Índice de dependência de idosos (N.º) por Local de residência (NUTS - 2013); Anual - INE, Estimativas anuais da população residente"
11E0408;Mogadouro;74;2020;0008259;"Índice de dependência de idosos (N.º) por Local de residência (NUTS - 2013); Anual - INE, Estimativas anuais da população residente"
16J0910;Pinhel;74.5;2020;0008259;"Índice de dependência de idosos (N.º) por Local de residência (NUTS - 2013); Anual - INE, Estimativas anuais da população residente"
1861212;Nisa;76.4;2020;0008259;"Índice de dependência de idosos (N.º) por Local de residência (NUTS - 2013); Anual - INE, Estimativas anuais da população residente"
11E0406;Miranda do Douro;77.9;2020;0008259;"Índice de dependência de idosos (N.º) por Local de residência (NUTS - 2013); Anual - INE, Estimativas anuais da população residente"
11B1706;Montalegre;79;2020;0008259;"Índice de dependência de idosos (N.º) por Local de residência (NUTS - 2013); Anual - INE, Estimativas anuais da população residente"
16I1413;Mação;79.8;2020;0008259;"Índice de dependência de idosos (N.º) por Local de residência (NUTS - 2013); Anual - INE, Estimativas anuais da população residente"
1861209;Gavião;80.2;2020;0008259;"Índice de dependência de idosos (N.º) por Local de residência (NUTS - 2013); Anual - INE, Estimativas anuais da população residente"
11B1712;Valpaços;81;2020;0008259;"Índice de dependência de idosos (N.º) por Local de residência (NUTS - 2013); Anual - INE, Estimativas anuais da população residente"
11D0409;Torre de Moncorvo;81.9;2020;0008259;"Índice de dependência de idosos (N.º) por Local de residência (NUTS - 2013); Anual - INE, Estimativas anuais da população residente"
16H0505;Idanha-a-Nova;82.2;2020;0008259;"Índice de dependência de idosos (N.º) por Local de residência (NUTS - 2013); Anual - INE, Estimativas anuais da população residente"
16H0507;Penamacor;87.4;2020;0008259;"Índice de dependência de idosos (N.º) por Local de residência (NUTS - 2013); Anual - INE, Estimativas anuais da população residente"
1111603;Melgaço;88.3;2020;0008259;"Índice de dependência de idosos (N.º) por Local de residência (NUTS - 2013); Anual - INE, Estimativas anuais da população residente"
11E0411;Vimioso;88.3;2020;0008259;"Índice de dependência de idosos (N.º) por Local de residência (NUTS - 2013); Anual - INE, Estimativas anuais da população residente"
16H0511;Vila Velha de Ródão;88.9;2020;0008259;"Índice de dependência de idosos (N.º) por Local de residência (NUTS - 2013); Anual - INE, Estimativas anuais da população residente"
16J0902;Almeida;90.2;2020;0008259;"Índice de dependência de idosos (N.º) por Local de residência (NUTS - 2013); Anual - INE, Estimativas anuais da população residente"
16J0911;Sabugal;92.2;2020;0008259;"Índice de dependência de idosos (N.º) por Local de residência (NUTS - 2013); Anual - INE, Estimativas anuais da população residente"
16E0612;Pampilhosa da Serra;93.6;2020;0008259;"Índice de dependência de idosos (N.º) por Local de residência (NUTS - 2013); Anual - INE, Estimativas anuais da população residente"
16H0506;Oleiros;94;2020;0008259;"Índice de dependência de idosos (N.º) por Local de residência (NUTS - 2013); Anual - INE, Estimativas anuais da população residente"
11E0412;Vinhais;95.6;2020;0008259;"Índice de dependência de idosos (N.º) por Local de residência (NUTS - 2013); Anual - INE, Estimativas anuais da população residente"
1500802;Alcoutim;97.6;2020;0008259;"Índice de dependência de idosos (N.º) por Local de residência (NUTS - 2013); Anual - INE, Estimativas anuais da população residente"
2004205;Ribeira Grande;16.7;2021;0008259;"Índice de dependência de idosos (N.º) por Local de residência (NUTS - 2013); Anual - INE, Estimativas anuais da população residente"
2004201;Lagoa;19;2021;0008259;"Índice de dependência de idosos (N.º) por Local de residência (NUTS - 2013); Anual - INE, Estimativas anuais da população residente"
3003108;Santa Cruz;22;2021;0008259;"Índice de dependência de idosos (N.º) por Local de residência (NUTS - 2013); Anual - INE, Estimativas anuais da população residente"
3003102;Câmara de Lobos;23;2021;0008259;"Índice de dependência de idosos (N.º) por Local de residência (NUTS - 2013); Anual - INE, Estimativas anuais da população residente"
2004203;Ponta Delgada;23.3;2021;0008259;"Índice de dependência de idosos (N.º) por Local de residência (NUTS - 2013); Anual - INE, Estimativas anuais da população residente"
2004206;Vila Franca do Campo;23.3;2021;0008259;"Índice de dependência de idosos (N.º) por Local de residência (NUTS - 2013); Anual - INE, Estimativas anuais da população residente"
11C1305;Lousada;24.2;2021;0008259;"Índice de dependência de idosos (N.º) por Local de residência (NUTS - 2013); Anual - INE, Estimativas anuais da população residente"
11C1309;Paços de Ferreira;25.5;2021;0008259;"Índice de dependência de idosos (N.º) por Local de residência (NUTS - 2013); Anual - INE, Estimativas anuais da população residente"
2;Região Autónoma dos Açores;25.6;2021;0008259;"Índice de dependência de idosos (N.º) por Local de residência (NUTS - 2013); Anual - INE, Estimativas anuais da população residente"
20;Região Autónoma dos Açores;25.6;2021;0008259;"Índice de dependência de idosos (N.º) por Local de residência (NUTS - 2013); Anual - INE, Estimativas anuais da população residente"
200;Região Autónoma dos Açores;25.6;2021;0008259;"Índice de dependência de idosos (N.º) por Local de residência (NUTS - 2013); Anual - INE, Estimativas anuais da população residente"
11A1310;Paredes;25.9;2021;0008259;"Índice de dependência de idosos (N.º) por Local de residência (NUTS - 2013); Anual - INE, Estimativas anuais da população residente"
2004204;Povoação;26.1;2021;0008259;"Índice de dependência de idosos (N.º) por Local de residência (NUTS - 2013); Anual - INE, Estimativas anuais da população residente"
2004901;Corvo;27.2;2021;0008259;"Índice de dependência de idosos (N.º) por Local de residência (NUTS - 2013); Anual - INE, Estimativas anuais da população residente"
3003201;Porto Santo;27.2;2021;0008259;"Índice de dependência de idosos (N.º) por Local de residência (NUTS - 2013); Anual - INE, Estimativas anuais da população residente"
2004101;Vila do Porto;27.3;2021;0008259;"Índice de dependência de idosos (N.º) por Local de residência (NUTS - 2013); Anual - INE, Estimativas anuais da população residente"
1701502;Alcochete;27.4;2021;0008259;"Índice de dependência de idosos (N.º) por Local de residência (NUTS - 2013); Anual - INE, Estimativas anuais da população residente"
1701109;Mafra;27.8;2021;0008259;"Índice de dependência de idosos (N.º) por Local de residência (NUTS - 2013); Anual - INE, Estimativas anuais da população residente"
1190314;Vizela;28.1;2021;0008259;"Índice de dependência de idosos (N.º) por Local de residência (NUTS - 2013); Anual - INE, Estimativas anuais da população residente"
11C1311;Penafiel;28.4;2021;0008259;"Índice de dependência de idosos (N.º) por Local de residência (NUTS - 2013); Anual - INE, Estimativas anuais da população residente"
1500801;Albufeira;28.5;2021;0008259;"Índice de dependência de idosos (N.º) por Local de residência (NUTS - 2013); Anual - INE, Estimativas anuais da população residente"
16B1102;Arruda dos Vinhos;28.5;2021;0008259;"Índice de dependência de idosos (N.º) por Local de residência (NUTS - 2013); Anual - INE, Estimativas anuais da população residente"
1701111;Sintra;28.5;2021;0008259;"Índice de dependência de idosos (N.º) por Local de residência (NUTS - 2013); Anual - INE, Estimativas anuais da população residente"
2004802;Santa Cruz das Flores;28.6;2021;0008259;"Índice de dependência de idosos (N.º) por Local de residência (NUTS - 2013); Anual - INE, Estimativas anuais da população residente"
1701507;Montijo;28.8;2021;0008259;"Índice de dependência de idosos (N.º) por Local de residência (NUTS - 2013); Anual - INE, Estimativas anuais da população residente"
11C1307;Marco de Canaveses;29;2021;0008259;"Índice de dependência de idosos (N.º) por Local de residência (NUTS - 2013); Anual - INE, Estimativas anuais da população residente"
1120303;Braga;29.4;2021;0008259;"Índice de dependência de idosos (N.º) por Local de residência (NUTS - 2013); Anual - INE, Estimativas anuais da população residente"
2004302;Vila da Praia da Vitória;29.4;2021;0008259;"Índice de dependência de idosos (N.º) por Local de residência (NUTS - 2013); Anual - INE, Estimativas anuais da população residente"
11C1303;Felgueiras;29.6;2021;0008259;"Índice de dependência de idosos (N.º) por Local de residência (NUTS - 2013); Anual - INE, Estimativas anuais da população residente"
2004602;Madalena;30;2021;0008259;"Índice de dependência de idosos (N.º) por Local de residência (NUTS - 2013); Anual - INE, Estimativas anuais da população residente"
1701114;Vila Franca de Xira;30.2;2021;0008259;"Índice de dependência de idosos (N.º) por Local de residência (NUTS - 2013); Anual - INE, Estimativas anuais da população residente"
16B1112;Sobral de Monte Agraço;30.3;2021;0008259;"Índice de dependência de idosos (N.º) por Local de residência (NUTS - 2013); Anual - INE, Estimativas anuais da população residente"
1851405;Benavente;30.4;2021;0008259;"Índice de dependência de idosos (N.º) por Local de residência (NUTS - 2013); Anual - INE, Estimativas anuais da população residente"
2004301;Angra do Heroísmo;30.4;2021;0008259;"Índice de dependência de idosos (N.º) por Local de residência (NUTS - 2013); Anual - INE, Estimativas anuais da população residente"
11A1306;Maia;30.6;2021;0008259;"Índice de dependência de idosos (N.º) por Local de residência (NUTS - 2013); Anual - INE, Estimativas anuais da população residente"
11C;Tâmega e Sousa;30.7;2021;0008259;"Índice de dependência de idosos (N.º) por Local de residência (NUTS - 2013); Anual - INE, Estimativas anuais da população residente"
11A1315;Valongo;30.9;2021;0008259;"Índice de dependência de idosos (N.º) por Local de residência (NUTS - 2013); Anual - INE, Estimativas anuais da população residente"
16B1101;Alenquer;30.9;2021;0008259;"Índice de dependência de idosos (N.º) por Local de residência (NUTS - 2013); Anual - INE, Estimativas anuais da população residente"
3;Região Autónoma da Madeira;31.2;2021;0008259;"Índice de dependência de idosos (N.º) por Local de residência (NUTS - 2013); Anual - INE, Estimativas anuais da população residente"
30;Região Autónoma da Madeira;31.2;2021;0008259;"Índice de dependência de idosos (N.º) por Local de residência (NUTS - 2013); Anual - INE, Estimativas anuais da população residente"
300;Região Autónoma da Madeira;31.2;2021;0008259;"Índice de dependência de idosos (N.º) por Local de residência (NUTS - 2013); Anual - INE, Estimativas anuais da população residente"
2004202;Nordeste;31.4;2021;0008259;"Índice de dependência de idosos (N.º) por Local de residência (NUTS - 2013); Anual - INE, Estimativas anuais da população residente"
112;Cávado;31.5;2021;0008259;"Índice de dependência de idosos (N.º) por Local de residência (NUTS - 2013); Anual - INE, Estimativas anuais da população residente"
1120306;Esposende;31.9;2021;0008259;"Índice de dependência de idosos (N.º) por Local de residência (NUTS - 2013); Anual - INE, Estimativas anuais da população residente"
11A1318;Trofa;31.9;2021;0008259;"Índice de dependência de idosos (N.º) por Local de residência (NUTS - 2013); Anual - INE, Estimativas anuais da população residente"
2004701;Horta;31.9;2021;0008259;"Índice de dependência de idosos (N.º) por Local de residência (NUTS - 2013); Anual - INE, Estimativas anuais da população residente"
3003107;Ribeira Brava;31.9;2021;0008259;"Índice de dependência de idosos (N.º) por Local de residência (NUTS - 2013); Anual - INE, Estimativas anuais da população residente"
2004502;Velas;32;2021;0008259;"Índice de dependência de idosos (N.º) por Local de residência (NUTS - 2013); Anual - INE, Estimativas anuais da população residente"
1120302;Barcelos;32.2;2021;0008259;"Índice de dependência de idosos (N.º) por Local de residência (NUTS - 2013); Anual - INE, Estimativas anuais da população residente"
1701511;Sesimbra;32.2;2021;0008259;"Índice de dependência de idosos (N.º) por Local de residência (NUTS - 2013); Anual - INE, Estimativas anuais da população residente"
2004801;Lajes das Flores;32.2;2021;0008259;"Índice de dependência de idosos (N.º) por Local de residência (NUTS - 2013); Anual - INE, Estimativas anuais da população residente"
1190312;Vila Nova de Famalicão;32.3;2021;0008259;"Índice de dependência de idosos (N.º) por Local de residência (NUTS - 2013); Anual - INE, Estimativas anuais da população residente"
3003105;Ponta do Sol;32.3;2021;0008259;"Índice de dependência de idosos (N.º) por Local de residência (NUTS - 2013); Anual - INE, Estimativas anuais da população residente"
16I1410;Entroncamento;32.4;2021;0008259;"Índice de dependência de idosos (N.º) por Local de residência (NUTS - 2013); Anual - INE, Estimativas anuais da população residente"
11A1316;Vila do Conde;32.6;2021;0008259;"Índice de dependência de idosos (N.º) por Local de residência (NUTS - 2013); Anual - INE, Estimativas anuais da população residente"
11A1313;Póvoa de Varzim;32.8;2021;0008259;"Índice de dependência de idosos (N.º) por Local de residência (NUTS - 2013); Anual - INE, Estimativas anuais da população residente"
1701508;Palmela;33;2021;0008259;"Índice de dependência de idosos (N.º) por Local de residência (NUTS - 2013); Anual - INE, Estimativas anuais da população residente"
1810211;Odemira;33.1;2021;0008259;"Índice de dependência de idosos (N.º) por Local de residência (NUTS - 2013); Anual - INE, Estimativas anuais da população residente"
3003104;Machico;33.1;2021;0008259;"Índice de dependência de idosos (N.º) por Local de residência (NUTS - 2013); Anual - INE, Estimativas anuais da população residente"
1190308;Guimarães;33.3;2021;0008259;"Índice de dependência de idosos (N.º) por Local de residência (NUTS - 2013); Anual - INE, Estimativas anuais da população residente"
2004603;São Roque do Pico;33.3;2021;0008259;"Índice de dependência de idosos (N.º) por Local de residência (NUTS - 2013); Anual - INE, Estimativas anuais da população residente"
11C0106;Castelo de Paiva;33.5;2021;0008259;"Índice de dependência de idosos (N.º) por Local de residência (NUTS - 2013); Anual - INE, Estimativas anuais da população residente"
16D0105;Aveiro;33.8;2021;0008259;"Índice de dependência de idosos (N.º) por Local de residência (NUTS - 2013); Anual - INE, Estimativas anuais da população residente"
2004401;Santa Cruz da Graciosa;34;2021;0008259;"Índice de dependência de idosos (N.º) por Local de residência (NUTS - 2013); Anual - INE, Estimativas anuais da população residente"
16D0110;Ílhavo;34.1;2021;0008259;"Índice de dependência de idosos (N.º) por Local de residência (NUTS - 2013); Anual - INE, Estimativas anuais da população residente"
119;Ave;34.3;2021;0008259;"Índice de dependência de idosos (N.º) por Local de residência (NUTS - 2013); Anual - INE, Estimativas anuais da população residente"
1701116;Odivelas;34.3;2021;0008259;"Índice de dependência de idosos (N.º) por Local de residência (NUTS - 2013); Anual - INE, Estimativas anuais da população residente"
1120301;Amares;34.5;2021;0008259;"Índice de dependência de idosos (N.º) por Local de residência (NUTS - 2013); Anual - INE, Estimativas anuais da população residente"
1120313;Vila Verde;34.7;2021;0008259;"Índice de dependência de idosos (N.º) por Local de residência (NUTS - 2013); Anual - INE, Estimativas anuais da população residente"
11A0109;Santa Maria da Feira;34.8;2021;0008259;"Índice de dependência de idosos (N.º) por Local de residência (NUTS - 2013); Anual - INE, Estimativas anuais da população residente"
17;Área Metropolitana de Lisboa;34.9;2021;0008259;"Índice de dependência de idosos (N.º) por Local de residência (NUTS - 2013); Anual - INE, Estimativas anuais da população residente"
170;Área Metropolitana de Lisboa;34.9;2021;0008259;"Índice de dependência de idosos (N.º) por Local de residência (NUTS - 2013); Anual - INE, Estimativas anuais da população residente"
3003103;Funchal;34.9;2021;0008259;"Índice de dependência de idosos (N.º) por Local de residência (NUTS - 2013); Anual - INE, Estimativas anuais da população residente"
11A1317;Vila Nova de Gaia;35.1;2021;0008259;"Índice de dependência de idosos (N.º) por Local de residência (NUTS - 2013); Anual - INE, Estimativas anuais da população residente"
11A1304;Gondomar;35.2;2021;0008259;"Índice de dependência de idosos (N.º) por Local de residência (NUTS - 2013); Anual - INE, Estimativas anuais da população residente"
16D0115;Ovar;35.2;2021;0008259;"Índice de dependência de idosos (N.º) por Local de residência (NUTS - 2013); Anual - INE, Estimativas anuais da população residente"
11A0116;São João da Madeira;35.5;2021;0008259;"Índice de dependência de idosos (N.º) por Local de residência (NUTS - 2013); Anual - INE, Estimativas anuais da população residente"
1500805;Faro;35.5;2021;0008259;"Índice de dependência de idosos (N.º) por Local de residência (NUTS - 2013); Anual - INE, Estimativas anuais da população residente"
16B1113;Torres Vedras;35.5;2021;0008259;"Índice de dependência de idosos (N.º) por Local de residência (NUTS - 2013); Anual - INE, Estimativas anuais da população residente"
11A;Área Metropolitana do Porto;35.6;2021;0008259;"Índice de dependência de idosos (N.º) por Local de residência (NUTS - 2013); Anual - INE, Estimativas anuais da população residente"
1840204;Barrancos;35.6;2021;0008259;"Índice de dependência de idosos (N.º) por Local de residência (NUTS - 2013); Anual - INE, Estimativas anuais da população residente"
1701506;Moita;35.7;2021;0008259;"Índice de dependência de idosos (N.º) por Local de residência (NUTS - 2013); Anual - INE, Estimativas anuais da população residente"
1701510;Seixal;35.8;2021;0008259;"Índice de dependência de idosos (N.º) por Local de residência (NUTS - 2013); Anual - INE, Estimativas anuais da população residente"
1500811;Portimão;35.9;2021;0008259;"Índice de dependência de idosos (N.º) por Local de residência (NUTS - 2013); Anual - INE, Estimativas anuais da população residente"
16E0604;Condeixa-a-Nova;35.9;2021;0008259;"Índice de dependência de idosos (N.º) por Local de residência (NUTS - 2013); Anual - INE, Estimativas anuais da população residente"
1190309;Póvoa de Lanhoso;36.2;2021;0008259;"Índice de dependência de idosos (N.º) por Local de residência (NUTS - 2013); Anual - INE, Estimativas anuais da população residente"
1851103;Azambuja;36.2;2021;0008259;"Índice de dependência de idosos (N.º) por Local de residência (NUTS - 2013); Anual - INE, Estimativas anuais da população residente"
16D0102;Albergaria-a-Velha;36.4;2021;0008259;"Índice de dependência de idosos (N.º) por Local de residência (NUTS - 2013); Anual - INE, Estimativas anuais da população residente"
16F1009;Leiria;36.4;2021;0008259;"Índice de dependência de idosos (N.º) por Local de residência (NUTS - 2013); Anual - INE, Estimativas anuais da população residente"
1701107;Loures;36.4;2021;0008259;"Índice de dependência de idosos (N.º) por Local de residência (NUTS - 2013); Anual - INE, Estimativas anuais da população residente"
1701106;Lisboa;36.5;2021;0008259;"Índice de dependência de idosos (N.º) por Local de residência (NUTS - 2013); Anual - INE, Estimativas anuais da população residente"
1701115;Amadora;36.5;2021;0008259;"Índice de dependência de idosos (N.º) por Local de residência (NUTS - 2013); Anual - INE, Estimativas anuais da população residente"
16D0114;Oliveira do Bairro;36.7;2021;0008259;"Índice de dependência de idosos (N.º) por Local de residência (NUTS - 2013); Anual - INE, Estimativas anuais da população residente"
16E0607;Lousã;37;2021;0008259;"Índice de dependência de idosos (N.º) por Local de residência (NUTS - 2013); Anual - INE, Estimativas anuais da população residente"
11;Norte;37.1;2021;0008259;"Índice de dependência de idosos (N.º) por Local de residência (NUTS - 2013); Anual - INE, Estimativas anuais da população residente"
11C1301;Amarante;37.1;2021;0008259;"Índice de dependência de idosos (N.º) por Local de residência (NUTS - 2013); Anual - INE, Estimativas anuais da população residente"
1701105;Cascais;37.1;2021;0008259;"Índice de dependência de idosos (N.º) por Local de residência (NUTS - 2013); Anual - INE, Estimativas anuais da população residente"
16F1010;Marinha Grande;37.3;2021;0008259;"Índice de dependência de idosos (N.º) por Local de residência (NUTS - 2013); Anual - INE, Estimativas anuais da população residente"
1811513;Sines;37.4;2021;0008259;"Índice de dependência de idosos (N.º) por Local de residência (NUTS - 2013); Anual - INE, Estimativas anuais da população residente"
11C1302;Baião;37.5;2021;0008259;"Índice de dependência de idosos (N.º) por Local de residência (NUTS - 2013); Anual - INE, Estimativas anuais da população residente"
1840205;Beja;37.5;2021;0008259;"Índice de dependência de idosos (N.º) por Local de residência (NUTS - 2013); Anual - INE, Estimativas anuais da população residente"
16F1004;Batalha;37.6;2021;0008259;"Índice de dependência de idosos (N.º) por Local de residência (NUTS - 2013); Anual - INE, Estimativas anuais da população residente"
1190304;Cabeceiras de Basto;37.7;2021;0008259;"Índice de dependência de idosos (N.º) por Local de residência (NUTS - 2013); Anual - INE, Estimativas anuais da população residente"
1500810;Olhão;37.7;2021;0008259;"Índice de dependência de idosos (N.º) por Local de residência (NUTS - 2013); Anual - INE, Estimativas anuais da população residente"
2004501;Calheta;37.7;2021;0008259;"Índice de dependência de idosos (N.º) por Local de residência (NUTS - 2013); Anual - INE, Estimativas anuais da população residente"
1851414;Rio Maior;37.8;2021;0008259;"Índice de dependência de idosos (N.º) por Local de residência (NUTS - 2013); Anual - INE, Estimativas anuais da população residente"
11A1308;Matosinhos;38;2021;0008259;"Índice de dependência de idosos (N.º) por Local de residência (NUTS - 2013); Anual - INE, Estimativas anuais da população residente"
16D;Região de Aveiro;38;2021;0008259;"Índice de dependência de idosos (N.º) por Local de residência (NUTS - 2013); Anual - INE, Estimativas anuais da população residente"
1500806;Lagoa;38.2;2021;0008259;"Índice de dependência de idosos (N.º) por Local de residência (NUTS - 2013); Anual - INE, Estimativas anuais da população residente"
PT;Portugal;38.2;2021;0008259;"Índice de dependência de idosos (N.º) por Local de residência (NUTS - 2013); Anual - INE, Estimativas anuais da população residente"
1500808;Loulé;38.3;2021;0008259;"Índice de dependência de idosos (N.º) por Local de residência (NUTS - 2013); Anual - INE, Estimativas anuais da população residente"
16B;Oeste;38.5;2021;0008259;"Índice de dependência de idosos (N.º) por Local de residência (NUTS - 2013); Anual - INE, Estimativas anuais da população residente"
1861204;Campo Maior;38.5;2021;0008259;"Índice de dependência de idosos (N.º) por Local de residência (NUTS - 2013); Anual - INE, Estimativas anuais da população residente"
11A0113;Oliveira de Azeméis;38.6;2021;0008259;"Índice de dependência de idosos (N.º) por Local de residência (NUTS - 2013); Anual - INE, Estimativas anuais da população residente"
16D0118;Vagos;38.6;2021;0008259;"Índice de dependência de idosos (N.º) por Local de residência (NUTS - 2013); Anual - INE, Estimativas anuais da população residente"
1870705;Évora;38.6;2021;0008259;"Índice de dependência de idosos (N.º) por Local de residência (NUTS - 2013); Anual - INE, Estimativas anuais da população residente"
2004601;Lajes do Pico;38.6;2021;0008259;"Índice de dependência de idosos (N.º) por Local de residência (NUTS - 2013); Anual - INE, Estimativas anuais da população residente"
1;Continente;38.7;2021;0008259;"Índice de dependência de idosos (N.º) por Local de residência (NUTS - 2013); Anual - INE, Estimativas anuais da população residente"
11D1714;Vila Real;38.8;2021;0008259;"Índice de dependência de idosos (N.º) por Local de residência (NUTS - 2013); Anual - INE, Estimativas anuais da população residente"
15;Algarve;38.8;2021;0008259;"Índice de dependência de idosos (N.º) por Local de residência (NUTS - 2013); Anual - INE, Estimativas anuais da população residente"
150;Algarve;38.8;2021;0008259;"Índice de dependência de idosos (N.º) por Local de residência (NUTS - 2013); Anual - INE, Estimativas anuais da população residente"
1190307;Fafe;38.9;2021;0008259;"Índice de dependência de idosos (N.º) por Local de residência (NUTS - 2013); Anual - INE, Estimativas anuais da população residente"
16D0112;Murtosa;38.9;2021;0008259;"Índice de dependência de idosos (N.º) por Local de residência (NUTS - 2013); Anual - INE, Estimativas anuais da população residente"
1840207;Cuba;38.9;2021;0008259;"Índice de dependência de idosos (N.º) por Local de residência (NUTS - 2013); Anual - INE, Estimativas anuais da população residente"
1701512;Setúbal;39;2021;0008259;"Índice de dependência de idosos (N.º) por Local de residência (NUTS - 2013); Anual - INE, Estimativas anuais da população residente"
16G1823;Viseu;39.1;2021;0008259;"Índice de dependência de idosos (N.º) por Local de residência (NUTS - 2013); Anual - INE, Estimativas anuais da população residente"
16I1408;Constância;39.4;2021;0008259;"Índice de dependência de idosos (N.º) por Local de residência (NUTS - 2013); Anual - INE, Estimativas anuais da população residente"
16D0108;Estarreja;39.5;2021;0008259;"Índice de dependência de idosos (N.º) por Local de residência (NUTS - 2013); Anual - INE, Estimativas anuais da população residente"
1111607;Ponte de Lima;39.6;2021;0008259;"Índice de dependência de idosos (N.º) por Local de residência (NUTS - 2013); Anual - INE, Estimativas anuais da população residente"
11C0305;Celorico de Basto;39.6;2021;0008259;"Índice de dependência de idosos (N.º) por Local de residência (NUTS - 2013); Anual - INE, Estimativas anuais da população residente"
1701503;Almada;39.6;2021;0008259;"Índice de dependência de idosos (N.º) por Local de residência (NUTS - 2013); Anual - INE, Estimativas anuais da população residente"
1701110;Oeiras;39.8;2021;0008259;"Índice de dependência de idosos (N.º) por Local de residência (NUTS - 2013); Anual - INE, Estimativas anuais da população residente"
16G1810;Oliveira de Frades;40.1;2021;0008259;"Índice de dependência de idosos (N.º) por Local de residência (NUTS - 2013); Anual - INE, Estimativas anuais da população residente"
1851406;Cartaxo;40.2;2021;0008259;"Índice de dependência de idosos (N.º) por Local de residência (NUTS - 2013); Anual - INE, Estimativas anuais da população residente"
11D1820;Tarouca;40.3;2021;0008259;"Índice de dependência de idosos (N.º) por Local de residência (NUTS - 2013); Anual - INE, Estimativas anuais da população residente"
16B1108;Lourinhã;40.4;2021;0008259;"Índice de dependência de idosos (N.º) por Local de residência (NUTS - 2013); Anual - INE, Estimativas anuais da população residente"
1500813;Silves;40.5;2021;0008259;"Índice de dependência de idosos (N.º) por Local de residência (NUTS - 2013); Anual - INE, Estimativas anuais da população residente"
3003101;Calheta;40.5;2021;0008259;"Índice de dependência de idosos (N.º) por Local de residência (NUTS - 2013); Anual - INE, Estimativas anuais da população residente"
16F1016;Porto de Mós;40.7;2021;0008259;"Índice de dependência de idosos (N.º) por Local de residência (NUTS - 2013); Anual - INE, Estimativas anuais da população residente"
11A0104;Arouca;40.8;2021;0008259;"Índice de dependência de idosos (N.º) por Local de residência (NUTS - 2013); Anual - INE, Estimativas anuais da população residente"
1861207;Elvas;40.8;2021;0008259;"Índice de dependência de idosos (N.º) por Local de residência (NUTS - 2013); Anual - INE, Estimativas anuais da população residente"
1870713;Viana do Alentejo;40.9;2021;0008259;"Índice de dependência de idosos (N.º) por Local de residência (NUTS - 2013); Anual - INE, Estimativas anuais da população residente"
11A1312;Porto;41.2;2021;0008259;"Índice de dependência de idosos (N.º) por Local de residência (NUTS - 2013); Anual - INE, Estimativas anuais da população residente"
185;Lezíria do Tejo;41.2;2021;0008259;"Índice de dependência de idosos (N.º) por Local de residência (NUTS - 2013); Anual - INE, Estimativas anuais da população residente"
1851403;Almeirim;41.2;2021;0008259;"Índice de dependência de idosos (N.º) por Local de residência (NUTS - 2013); Anual - INE, Estimativas anuais da população residente"
11A1314;Santo Tirso;41.3;2021;0008259;"Índice de dependência de idosos (N.º) por Local de residência (NUTS - 2013); Anual - INE, Estimativas anuais da população residente"
16F;Região de Leiria;41.5;2021;0008259;"Índice de dependência de idosos (N.º) por Local de residência (NUTS - 2013); Anual - INE, Estimativas anuais da população residente"
16B1006;Caldas da Rainha;41.6;2021;0008259;"Índice de dependência de idosos (N.º) por Local de residência (NUTS - 2013); Anual - INE, Estimativas anuais da população residente"
16E0617;Vila Nova de Poiares;41.7;2021;0008259;"Índice de dependência de idosos (N.º) por Local de residência (NUTS - 2013); Anual - INE, Estimativas anuais da população residente"
1500807;Lagos;42;2021;0008259;"Índice de dependência de idosos (N.º) por Local de residência (NUTS - 2013); Anual - INE, Estimativas anuais da população residente"
16J0907;Guarda;42;2021;0008259;"Índice de dependência de idosos (N.º) por Local de residência (NUTS - 2013); Anual - INE, Estimativas anuais da população residente"
1701504;Barreiro;42.1;2021;0008259;"Índice de dependência de idosos (N.º) por Local de residência (NUTS - 2013); Anual - INE, Estimativas anuais da população residente"
16B1001;Alcobaça;42.2;2021;0008259;"Índice de dependência de idosos (N.º) por Local de residência (NUTS - 2013); Anual - INE, Estimativas anuais da população residente"
16E0603;Coimbra;42.2;2021;0008259;"Índice de dependência de idosos (N.º) por Local de residência (NUTS - 2013); Anual - INE, Estimativas anuais da população residente"
16B1012;Óbidos;42.5;2021;0008259;"Índice de dependência de idosos (N.º) por Local de residência (NUTS - 2013); Anual - INE, Estimativas anuais da população residente"
11C1813;Resende;42.7;2021;0008259;"Índice de dependência de idosos (N.º) por Local de residência (NUTS - 2013); Anual - INE, Estimativas anuais da população residente"
1500812;São Brás de Alportel;42.7;2021;0008259;"Índice de dependência de idosos (N.º) por Local de residência (NUTS - 2013); Anual - INE, Estimativas anuais da população residente"
181;Alentejo Litoral;42.7;2021;0008259;"Índice de dependência de idosos (N.º) por Local de residência (NUTS - 2013); Anual - INE, Estimativas anuais da população residente"
1111609;Viana do Castelo;43;2021;0008259;"Índice de dependência de idosos (N.º) por Local de residência (NUTS - 2013); Anual - INE, Estimativas anuais da população residente"
16D0101;Águeda;43;2021;0008259;"Índice de dependência de idosos (N.º) por Local de residência (NUTS - 2013); Anual - INE, Estimativas anuais da população residente"
1840214;Vidigueira;43;2021;0008259;"Índice de dependência de idosos (N.º) por Local de residência (NUTS - 2013); Anual - INE, Estimativas anuais da população residente"
1851416;Santarém;43;2021;0008259;"Índice de dependência de idosos (N.º) por Local de residência (NUTS - 2013); Anual - INE, Estimativas anuais da população residente"
11C1804;Cinfães;43.1;2021;0008259;"Índice de dependência de idosos (N.º) por Local de residência (NUTS - 2013); Anual - INE, Estimativas anuais da população residente"
1851415;Salvaterra de Magos;43.1;2021;0008259;"Índice de dependência de idosos (N.º) por Local de residência (NUTS - 2013); Anual - INE, Estimativas anuais da população residente"
16B1011;Nazaré;43.2;2021;0008259;"Índice de dependência de idosos (N.º) por Local de residência (NUTS - 2013); Anual - INE, Estimativas anuais da população residente"
16E0111;Mealhada;43.2;2021;0008259;"Índice de dependência de idosos (N.º) por Local de residência (NUTS - 2013); Anual - INE, Estimativas anuais da população residente"
16E0610;Montemor-o-Velho;43.2;2021;0008259;"Índice de dependência de idosos (N.º) por Local de residência (NUTS - 2013); Anual - INE, Estimativas anuais da população residente"
16E0609;Miranda do Corvo;43.3;2021;0008259;"Índice de dependência de idosos (N.º) por Local de residência (NUTS - 2013); Anual - INE, Estimativas anuais da população residente"
1111610;Vila Nova de Cerveira;43.4;2021;0008259;"Índice de dependência de idosos (N.º) por Local de residência (NUTS - 2013); Anual - INE, Estimativas anuais da população residente"
16B1014;Peniche;43.4;2021;0008259;"Índice de dependência de idosos (N.º) por Local de residência (NUTS - 2013); Anual - INE, Estimativas anuais da população residente"
16I1420;Vila Nova da Barquinha;43.4;2021;0008259;"Índice de dependência de idosos (N.º) por Local de residência (NUTS - 2013); Anual - INE, Estimativas anuais da população residente"
1111608;Valença;43.6;2021;0008259;"Índice de dependência de idosos (N.º) por Local de residência (NUTS - 2013); Anual - INE, Estimativas anuais da população residente"
1500803;Aljezur;43.6;2021;0008259;"Índice de dependência de idosos (N.º) por Local de residência (NUTS - 2013); Anual - INE, Estimativas anuais da população residente"
1840206;Castro Verde;43.6;2021;0008259;"Índice de dependência de idosos (N.º) por Local de residência (NUTS - 2013); Anual - INE, Estimativas anuais da população residente"
1870711;Reguengos de Monsaraz;43.6;2021;0008259;"Índice de dependência de idosos (N.º) por Local de residência (NUTS - 2013); Anual - INE, Estimativas anuais da população residente"
16I1421;Ourém;43.7;2021;0008259;"Índice de dependência de idosos (N.º) por Local de residência (NUTS - 2013); Anual - INE, Estimativas anuais da população residente"
11D1805;Lamego;44.1;2021;0008259;"Índice de dependência de idosos (N.º) por Local de residência (NUTS - 2013); Anual - INE, Estimativas anuais da população residente"
16B1005;Bombarral;44.1;2021;0008259;"Índice de dependência de idosos (N.º) por Local de residência (NUTS - 2013); Anual - INE, Estimativas anuais da população residente"
18;Alentejo;44.1;2021;0008259;"Índice de dependência de idosos (N.º) por Local de residência (NUTS - 2013); Anual - INE, Estimativas anuais da população residente"
3003110;São Vicente;44.3;2021;0008259;"Índice de dependência de idosos (N.º) por Local de residência (NUTS - 2013); Anual - INE, Estimativas anuais da população residente"
1500816;Vila Real de Santo António;44.4;2021;0008259;"Índice de dependência de idosos (N.º) por Local de residência (NUTS - 2013); Anual - INE, Estimativas anuais da população residente"
187;Alentejo Central;44.6;2021;0008259;"Índice de dependência de idosos (N.º) por Local de residência (NUTS - 2013); Anual - INE, Estimativas anuais da população residente"
1870710;Redondo;44.7;2021;0008259;"Índice de dependência de idosos (N.º) por Local de residência (NUTS - 2013); Anual - INE, Estimativas anuais da população residente"
1870714;Vila Viçosa;44.8;2021;0008259;"Índice de dependência de idosos (N.º) por Local de residência (NUTS - 2013); Anual - INE, Estimativas anuais da população residente"
16;Centro;45;2021;0008259;"Índice de dependência de idosos (N.º) por Local de residência (NUTS - 2013); Anual - INE, Estimativas anuais da população residente"
1500815;Vila do Bispo;45.3;2021;0008259;"Índice de dependência de idosos (N.º) por Local de residência (NUTS - 2013); Anual - INE, Estimativas anuais da população residente"
184;Baixo Alentejo;45.3;2021;0008259;"Índice de dependência de idosos (N.º) por Local de residência (NUTS - 2013); Anual - INE, Estimativas anuais da população residente"
1870702;Arraiolos;45.4;2021;0008259;"Índice de dependência de idosos (N.º) por Local de residência (NUTS - 2013); Anual - INE, Estimativas anuais da população residente"
1811505;Grândola;45.6;2021;0008259;"Índice de dependência de idosos (N.º) por Local de residência (NUTS - 2013); Anual - INE, Estimativas anuais da população residente"
1870709;Portel;45.6;2021;0008259;"Índice de dependência de idosos (N.º) por Local de residência (NUTS - 2013); Anual - INE, Estimativas anuais da população residente"
1870708;Mourão;45.8;2021;0008259;"Índice de dependência de idosos (N.º) por Local de residência (NUTS - 2013); Anual - INE, Estimativas anuais da população residente"
11D1708;Peso da Régua;45.9;2021;0008259;"Índice de dependência de idosos (N.º) por Local de residência (NUTS - 2013); Anual - INE, Estimativas anuais da população residente"
1840210;Moura;45.9;2021;0008259;"Índice de dependência de idosos (N.º) por Local de residência (NUTS - 2013); Anual - INE, Estimativas anuais da população residente"
1851412;Golegã;46;2021;0008259;"Índice de dependência de idosos (N.º) por Local de residência (NUTS - 2013); Anual - INE, Estimativas anuais da população residente"
3003106;Porto Moniz;46.3;2021;0008259;"Índice de dependência de idosos (N.º) por Local de residência (NUTS - 2013); Anual - INE, Estimativas anuais da população residente"
1840203;Alvito;46.5;2021;0008259;"Índice de dependência de idosos (N.º) por Local de residência (NUTS - 2013); Anual - INE, Estimativas anuais da população residente"
1840208;Ferreira do Alentejo;46.5;2021;0008259;"Índice de dependência de idosos (N.º) por Local de residência (NUTS - 2013); Anual - INE, Estimativas anuais da população residente"
11D1704;Mesão Frio;46.6;2021;0008259;"Índice de dependência de idosos (N.º) por Local de residência (NUTS - 2013); Anual - INE, Estimativas anuais da população residente"
16E;Região de Coimbra;46.8;2021;0008259;"Índice de dependência de idosos (N.º) por Local de residência (NUTS - 2013); Anual - INE, Estimativas anuais da população residente"
1861211;Monforte;47;2021;0008259;"Índice de dependência de idosos (N.º) por Local de residência (NUTS - 2013); Anual - INE, Estimativas anuais da população residente"
11D1815;São João da Pesqueira;47.1;2021;0008259;"Índice de dependência de idosos (N.º) por Local de residência (NUTS - 2013); Anual - INE, Estimativas anuais da população residente"
1851404;Alpiarça;47.1;2021;0008259;"Índice de dependência de idosos (N.º) por Local de residência (NUTS - 2013); Anual - INE, Estimativas anuais da população residente"
11E0402;Bragança;47.2;2021;0008259;"Índice de dependência de idosos (N.º) por Local de residência (NUTS - 2013); Anual - INE, Estimativas anuais da população residente"
1861214;Portalegre;47.6;2021;0008259;"Índice de dependência de idosos (N.º) por Local de residência (NUTS - 2013); Anual - INE, Estimativas anuais da população residente"
1870704;Estremoz;47.6;2021;0008259;"Índice de dependência de idosos (N.º) por Local de residência (NUTS - 2013); Anual - INE, Estimativas anuais da população residente"
16I1419;Torres Novas;47.7;2021;0008259;"Índice de dependência de idosos (N.º) por Local de residência (NUTS - 2013); Anual - INE, Estimativas anuais da população residente"
11A0107;Espinho;47.8;2021;0008259;"Índice de dependência de idosos (N.º) por Local de residência (NUTS - 2013); Anual - INE, Estimativas anuais da população residente"
1840213;Serpa;47.8;2021;0008259;"Índice de dependência de idosos (N.º) por Local de residência (NUTS - 2013); Anual - INE, Estimativas anuais da população residente"
16E0605;Figueira da Foz;48.1;2021;0008259;"Índice de dependência de idosos (N.º) por Local de residência (NUTS - 2013); Anual - INE, Estimativas anuais da população residente"
3003109;Santana;48.1;2021;0008259;"Índice de dependência de idosos (N.º) por Local de residência (NUTS - 2013); Anual - INE, Estimativas anuais da população residente"
111;Alto Minho;48.2;2021;0008259;"Índice de dependência de idosos (N.º) por Local de residência (NUTS - 2013); Anual - INE, Estimativas anuais da população residente"
16H0502;Castelo Branco;48.4;2021;0008259;"Índice de dependência de idosos (N.º) por Local de residência (NUTS - 2013); Anual - INE, Estimativas anuais da população residente"
1870703;Borba;48.4;2021;0008259;"Índice de dependência de idosos (N.º) por Local de residência (NUTS - 2013); Anual - INE, Estimativas anuais da população residente"
1191705;Mondim de Basto;48.5;2021;0008259;"Índice de dependência de idosos (N.º) por Local de residência (NUTS - 2013); Anual - INE, Estimativas anuais da população residente"
16G;Viseu Dão Lafões;48.6;2021;0008259;"Índice de dependência de idosos (N.º) por Local de residência (NUTS - 2013); Anual - INE, Estimativas anuais da população residente"
16I;Médio Tejo;48.7;2021;0008259;"Índice de dependência de idosos (N.º) por Local de residência (NUTS - 2013); Anual - INE, Estimativas anuais da população residente"
16E0611;Oliveira do Hospital;48.8;2021;0008259;"Índice de dependência de idosos (N.º) por Local de residência (NUTS - 2013); Anual - INE, Estimativas anuais da população residente"
1840201;Aljustrel;48.8;2021;0008259;"Índice de dependência de idosos (N.º) por Local de residência (NUTS - 2013); Anual - INE, Estimativas anuais da população residente"
16I1402;Alcanena;48.9;2021;0008259;"Índice de dependência de idosos (N.º) por Local de residência (NUTS - 2013); Anual - INE, Estimativas anuais da população residente"
11A0119;Vale de Cambra;49;2021;0008259;"Índice de dependência de idosos (N.º) por Local de residência (NUTS - 2013); Anual - INE, Estimativas anuais da população residente"
16B1104;Cadaval;49;2021;0008259;"Índice de dependência de idosos (N.º) por Local de residência (NUTS - 2013); Anual - INE, Estimativas anuais da população residente"
1870712;Vendas Novas;49.2;2021;0008259;"Índice de dependência de idosos (N.º) por Local de residência (NUTS - 2013); Anual - INE, Estimativas anuais da população residente"
11D;Douro;49.5;2021;0008259;"Índice de dependência de idosos (N.º) por Local de residência (NUTS - 2013); Anual - INE, Estimativas anuais da população residente"
16F1015;Pombal;49.9;2021;0008259;"Índice de dependência de idosos (N.º) por Local de residência (NUTS - 2013); Anual - INE, Estimativas anuais da população residente"
16D0103;Anadia;50.3;2021;0008259;"Índice de dependência de idosos (N.º) por Local de residência (NUTS - 2013); Anual - INE, Estimativas anuais da população residente"
1120310;Terras de Bouro;50.7;2021;0008259;"Índice de dependência de idosos (N.º) por Local de residência (NUTS - 2013); Anual - INE, Estimativas anuais da população residente"
186;Alto Alentejo;50.7;2021;0008259;"Índice de dependência de idosos (N.º) por Local de residência (NUTS - 2013); Anual - INE, Estimativas anuais da população residente"
11D1801;Armamar;50.9;2021;0008259;"Índice de dependência de idosos (N.º) por Local de residência (NUTS - 2013); Anual - INE, Estimativas anuais da população residente"
1111606;Ponte da Barca;51.1;2021;0008259;"Índice de dependência de idosos (N.º) por Local de residência (NUTS - 2013); Anual - INE, Estimativas anuais da população residente"
16E0616;Tábua;51.1;2021;0008259;"Índice de dependência de idosos (N.º) por Local de residência (NUTS - 2013); Anual - INE, Estimativas anuais da população residente"
1111602;Caminha;51.2;2021;0008259;"Índice de dependência de idosos (N.º) por Local de residência (NUTS - 2013); Anual - INE, Estimativas anuais da população residente"
1861202;Arronches;51.2;2021;0008259;"Índice de dependência de idosos (N.º) por Local de residência (NUTS - 2013); Anual - INE, Estimativas anuais da população residente"
1870706;Montemor-o-Novo;51.2;2021;0008259;"Índice de dependência de idosos (N.º) por Local de residência (NUTS - 2013); Anual - INE, Estimativas anuais da população residente"
16G1806;Mangualde;51.3;2021;0008259;"Índice de dependência de idosos (N.º) por Local de residência (NUTS - 2013); Anual - INE, Estimativas anuais da população residente"
1861213;Ponte de Sor;51.4;2021;0008259;"Índice de dependência de idosos (N.º) por Local de residência (NUTS - 2013); Anual - INE, Estimativas anuais da população residente"
1500814;Tavira;51.8;2021;0008259;"Índice de dependência de idosos (N.º) por Local de residência (NUTS - 2013); Anual - INE, Estimativas anuais da população residente"
16D0117;Sever do Vouga;51.8;2021;0008259;"Índice de dependência de idosos (N.º) por Local de residência (NUTS - 2013); Anual - INE, Estimativas anuais da população residente"
16I1417;Sardoal;51.8;2021;0008259;"Índice de dependência de idosos (N.º) por Local de residência (NUTS - 2013); Anual - INE, Estimativas anuais da população residente"
1811509;Santiago do Cacém;51.8;2021;0008259;"Índice de dependência de idosos (N.º) por Local de residência (NUTS - 2013); Anual - INE, Estimativas anuais da população residente"
1870701;Alandroal;51.8;2021;0008259;"Índice de dependência de idosos (N.º) por Local de residência (NUTS - 2013); Anual - INE, Estimativas anuais da população residente"
11D1807;Moimenta da Beira;51.9;2021;0008259;"Índice de dependência de idosos (N.º) por Local de residência (NUTS - 2013); Anual - INE, Estimativas anuais da população residente"
1861215;Sousel;52;2021;0008259;"Índice de dependência de idosos (N.º) por Local de residência (NUTS - 2013); Anual - INE, Estimativas anuais da população residente"
16E0614;Penela;52.3;2021;0008259;"Índice de dependência de idosos (N.º) por Local de residência (NUTS - 2013); Anual - INE, Estimativas anuais da população residente"
16J0503;Covilhã;52.4;2021;0008259;"Índice de dependência de idosos (N.º) por Local de residência (NUTS - 2013); Anual - INE, Estimativas anuais da população residente"
16E0602;Cantanhede;52.6;2021;0008259;"Índice de dependência de idosos (N.º) por Local de residência (NUTS - 2013); Anual - INE, Estimativas anuais da população residente"
16E0608;Mira;52.8;2021;0008259;"Índice de dependência de idosos (N.º) por Local de residência (NUTS - 2013); Anual - INE, Estimativas anuais da população residente"
1111605;Paredes de Coura;52.9;2021;0008259;"Índice de dependência de idosos (N.º) por Local de residência (NUTS - 2013); Anual - INE, Estimativas anuais da população residente"
16I1418;Tomar;53;2021;0008259;"Índice de dependência de idosos (N.º) por Local de residência (NUTS - 2013); Anual - INE, Estimativas anuais da população residente"
1190311;Vieira do Minho;53.2;2021;0008259;"Índice de dependência de idosos (N.º) por Local de residência (NUTS - 2013); Anual - INE, Estimativas anuais da população residente"
1861208;Fronteira;53.4;2021;0008259;"Índice de dependência de idosos (N.º) por Local de residência (NUTS - 2013); Anual - INE, Estimativas anuais da população residente"
16G1817;Sátão;53.7;2021;0008259;"Índice de dependência de idosos (N.º) por Local de residência (NUTS - 2013); Anual - INE, Estimativas anuais da população residente"
16G1809;Nelas;53.9;2021;0008259;"Índice de dependência de idosos (N.º) por Local de residência (NUTS - 2013); Anual - INE, Estimativas anuais da população residente"
1851407;Chamusca;54.3;2021;0008259;"Índice de dependência de idosos (N.º) por Local de residência (NUTS - 2013); Anual - INE, Estimativas anuais da população residente"
16I1401;Abrantes;54.5;2021;0008259;"Índice de dependência de idosos (N.º) por Local de residência (NUTS - 2013); Anual - INE, Estimativas anuais da população residente"
16G1824;Vouzela;54.6;2021;0008259;"Índice de dependência de idosos (N.º) por Local de residência (NUTS - 2013); Anual - INE, Estimativas anuais da população residente"
16I1411;Ferreira do Zêzere;54.7;2021;0008259;"Índice de dependência de idosos (N.º) por Local de residência (NUTS - 2013); Anual - INE, Estimativas anuais da população residente"
11D1818;Sernancelhe;54.8;2021;0008259;"Índice de dependência de idosos (N.º) por Local de residência (NUTS - 2013); Anual - INE, Estimativas anuais da população residente"
16I0509;Sertã;55.3;2021;0008259;"Índice de dependência de idosos (N.º) por Local de residência (NUTS - 2013); Anual - INE, Estimativas anuais da população residente"
1500804;Castro Marim;55.9;2021;0008259;"Índice de dependência de idosos (N.º) por Local de residência (NUTS - 2013); Anual - INE, Estimativas anuais da população residente"
1861201;Alter do Chão;56;2021;0008259;"Índice de dependência de idosos (N.º) por Local de residência (NUTS - 2013); Anual - INE, Estimativas anuais da população residente"
16F1003;Ansião;56.2;2021;0008259;"Índice de dependência de idosos (N.º) por Local de residência (NUTS - 2013); Anual - INE, Estimativas anuais da população residente"
16G1822;Vila Nova de Paiva;56.2;2021;0008259;"Índice de dependência de idosos (N.º) por Local de residência (NUTS - 2013); Anual - INE, Estimativas anuais da população residente"
16G1821;Tondela;56.5;2021;0008259;"Índice de dependência de idosos (N.º) por Local de residência (NUTS - 2013); Anual - INE, Estimativas anuais da população residente"
11B1709;Ribeira de Pena;56.6;2021;0008259;"Índice de dependência de idosos (N.º) por Local de residência (NUTS - 2013); Anual - INE, Estimativas anuais da população residente"
16G1802;Carregal do Sal;56.6;2021;0008259;"Índice de dependência de idosos (N.º) por Local de residência (NUTS - 2013); Anual - INE, Estimativas anuais da população residente"
1840202;Almodôvar;56.6;2021;0008259;"Índice de dependência de idosos (N.º) por Local de residência (NUTS - 2013); Anual - INE, Estimativas anuais da população residente"
16J0501;Belmonte;56.8;2021;0008259;"Índice de dependência de idosos (N.º) por Local de residência (NUTS - 2013); Anual - INE, Estimativas anuais da população residente"
1811501;Alcácer do Sal;56.9;2021;0008259;"Índice de dependência de idosos (N.º) por Local de residência (NUTS - 2013); Anual - INE, Estimativas anuais da população residente"
11D1711;Santa Marta de Penaguião;57.7;2021;0008259;"Índice de dependência de idosos (N.º) por Local de residência (NUTS - 2013); Anual - INE, Estimativas anuais da população residente"
11D1819;Tabuaço;57.7;2021;0008259;"Índice de dependência de idosos (N.º) por Local de residência (NUTS - 2013); Anual - INE, Estimativas anuais da população residente"
16E0613;Penacova;57.7;2021;0008259;"Índice de dependência de idosos (N.º) por Local de residência (NUTS - 2013); Anual - INE, Estimativas anuais da população residente"
1861203;Avis;57.7;2021;0008259;"Índice de dependência de idosos (N.º) por Local de residência (NUTS - 2013); Anual - INE, Estimativas anuais da população residente"
16G1803;Castro Daire;57.8;2021;0008259;"Índice de dependência de idosos (N.º) por Local de residência (NUTS - 2013); Anual - INE, Estimativas anuais da população residente"
16G1814;Santa Comba Dão;57.8;2021;0008259;"Índice de dependência de idosos (N.º) por Local de residência (NUTS - 2013); Anual - INE, Estimativas anuais da população residente"
11D1710;Sabrosa;57.9;2021;0008259;"Índice de dependência de idosos (N.º) por Local de residência (NUTS - 2013); Anual - INE, Estimativas anuais da população residente"
16J0504;Fundão;57.9;2021;0008259;"Índice de dependência de idosos (N.º) por Local de residência (NUTS - 2013); Anual - INE, Estimativas anuais da população residente"
11E0407;Mirandela;58.4;2021;0008259;"Índice de dependência de idosos (N.º) por Local de residência (NUTS - 2013); Anual - INE, Estimativas anuais da população residente"
16E0601;Arganil;58.8;2021;0008259;"Índice de dependência de idosos (N.º) por Local de residência (NUTS - 2013); Anual - INE, Estimativas anuais da população residente"
1840212;Ourique;58.8;2021;0008259;"Índice de dependência de idosos (N.º) por Local de residência (NUTS - 2013); Anual - INE, Estimativas anuais da população residente"
16G1816;São Pedro do Sul;58.9;2021;0008259;"Índice de dependência de idosos (N.º) por Local de residência (NUTS - 2013); Anual - INE, Estimativas anuais da população residente"
1851409;Coruche;58.9;2021;0008259;"Índice de dependência de idosos (N.º) por Local de residência (NUTS - 2013); Anual - INE, Estimativas anuais da população residente"
16J;Beiras e Serra da Estrela;59.2;2021;0008259;"Índice de dependência de idosos (N.º) por Local de residência (NUTS - 2013); Anual - INE, Estimativas anuais da população residente"
11D1701;Alijó;59.3;2021;0008259;"Índice de dependência de idosos (N.º) por Local de residência (NUTS - 2013); Anual - INE, Estimativas anuais da população residente"
16H;Beira Baixa;59.3;2021;0008259;"Índice de dependência de idosos (N.º) por Local de residência (NUTS - 2013); Anual - INE, Estimativas anuais da população residente"
11B1703;Chaves;59.6;2021;0008259;"Índice de dependência de idosos (N.º) por Local de residência (NUTS - 2013); Anual - INE, Estimativas anuais da população residente"
1861210;Marvão;60.2;2021;0008259;"Índice de dependência de idosos (N.º) por Local de residência (NUTS - 2013); Anual - INE, Estimativas anuais da população residente"
16E0615;Soure;60.7;2021;0008259;"Índice de dependência de idosos (N.º) por Local de residência (NUTS - 2013); Anual - INE, Estimativas anuais da população residente"
16F1013;Pedrógão Grande;60.9;2021;0008259;"Índice de dependência de idosos (N.º) por Local de residência (NUTS - 2013); Anual - INE, Estimativas anuais da população residente"
11E;Terras de Trás-os-Montes;61.3;2021;0008259;"Índice de dependência de idosos (N.º) por Local de residência (NUTS - 2013); Anual - INE, Estimativas anuais da população residente"
11D1812;Penedono;61.4;2021;0008259;"Índice de dependência de idosos (N.º) por Local de residência (NUTS - 2013); Anual - INE, Estimativas anuais da população residente"
1861205;Castelo de Vide;61.4;2021;0008259;"Índice de dependência de idosos (N.º) por Local de residência (NUTS - 2013); Anual - INE, Estimativas anuais da população residente"
1500809;Monchique;61.7;2021;0008259;"Índice de dependência de idosos (N.º) por Local de residência (NUTS - 2013); Anual - INE, Estimativas anuais da população residente"
1111604;Monção;61.8;2021;0008259;"Índice de dependência de idosos (N.º) por Local de residência (NUTS - 2013); Anual - INE, Estimativas anuais da população residente"
11E0405;Macedo de Cavaleiros;63.6;2021;0008259;"Índice de dependência de idosos (N.º) por Local de residência (NUTS - 2013); Anual - INE, Estimativas anuais da população residente"
16G1811;Penalva do Castelo;63.8;2021;0008259;"Índice de dependência de idosos (N.º) por Local de residência (NUTS - 2013); Anual - INE, Estimativas anuais da população residente"
16J0905;Fornos de Algodres;64;2021;0008259;"Índice de dependência de idosos (N.º) por Local de residência (NUTS - 2013); Anual - INE, Estimativas anuais da população residente"
16J0912;Seia;64.3;2021;0008259;"Índice de dependência de idosos (N.º) por Local de residência (NUTS - 2013); Anual - INE, Estimativas anuais da população residente"
16F1008;Figueiró dos Vinhos;64.6;2021;0008259;"Índice de dependência de idosos (N.º) por Local de residência (NUTS - 2013); Anual - INE, Estimativas anuais da população residente"
11B1713;Vila Pouca de Aguiar;64.7;2021;0008259;"Índice de dependência de idosos (N.º) por Local de residência (NUTS - 2013); Anual - INE, Estimativas anuais da população residente"
11E0410;Vila Flor;65.2;2021;0008259;"Índice de dependência de idosos (N.º) por Local de residência (NUTS - 2013); Anual - INE, Estimativas anuais da população residente"
11D1707;Murça;65.7;2021;0008259;"Índice de dependência de idosos (N.º) por Local de residência (NUTS - 2013); Anual - INE, Estimativas anuais da população residente"
16F1007;Castanheira de Pêra;65.9;2021;0008259;"Índice de dependência de idosos (N.º) por Local de residência (NUTS - 2013); Anual - INE, Estimativas anuais da população residente"
16J0903;Celorico da Beira;65.9;2021;0008259;"Índice de dependência de idosos (N.º) por Local de residência (NUTS - 2013); Anual - INE, Estimativas anuais da população residente"
16E1808;Mortágua;66.3;2021;0008259;"Índice de dependência de idosos (N.º) por Local de residência (NUTS - 2013); Anual - INE, Estimativas anuais da população residente"
11B;Alto Tâmega;66.4;2021;0008259;"Índice de dependência de idosos (N.º) por Local de residência (NUTS - 2013); Anual - INE, Estimativas anuais da população residente"
16F1002;Alvaiázere;66.7;2021;0008259;"Índice de dependência de idosos (N.º) por Local de residência (NUTS - 2013); Anual - INE, Estimativas anuais da população residente"
1111601;Arcos de Valdevez;66.8;2021;0008259;"Índice de dependência de idosos (N.º) por Local de residência (NUTS - 2013); Anual - INE, Estimativas anuais da população residente"
1840209;Mértola;66.8;2021;0008259;"Índice de dependência de idosos (N.º) por Local de residência (NUTS - 2013); Anual - INE, Estimativas anuais da população residente"
1861206;Crato;67.1;2021;0008259;"Índice de dependência de idosos (N.º) por Local de residência (NUTS - 2013); Anual - INE, Estimativas anuais da população residente"
11D0914;Vila Nova de Foz Côa;67.6;2021;0008259;"Índice de dependência de idosos (N.º) por Local de residência (NUTS - 2013); Anual - INE, Estimativas anuais da população residente"
16E0606;Góis;68.4;2021;0008259;"Índice de dependência de idosos (N.º) por Local de residência (NUTS - 2013); Anual - INE, Estimativas anuais da população residente"
16J0913;Trancoso;68.4;2021;0008259;"Índice de dependência de idosos (N.º) por Local de residência (NUTS - 2013); Anual - INE, Estimativas anuais da população residente"
16G0901;Aguiar da Beira;69.2;2021;0008259;"Índice de dependência de idosos (N.º) por Local de residência (NUTS - 2013); Anual - INE, Estimativas anuais da população residente"
16J0908;Manteigas;70;2021;0008259;"Índice de dependência de idosos (N.º) por Local de residência (NUTS - 2013); Anual - INE, Estimativas anuais da população residente"
1870707;Mora;70.3;2021;0008259;"Índice de dependência de idosos (N.º) por Local de residência (NUTS - 2013); Anual - INE, Estimativas anuais da população residente"
11E0401;Alfândega da Fé;70.7;2021;0008259;"Índice de dependência de idosos (N.º) por Local de residência (NUTS - 2013); Anual - INE, Estimativas anuais da população residente"
16I0510;Vila de Rei;71.4;2021;0008259;"Índice de dependência de idosos (N.º) por Local de residência (NUTS - 2013); Anual - INE, Estimativas anuais da população residente"
11D0404;Freixo de Espada à Cinta;71.5;2021;0008259;"Índice de dependência de idosos (N.º) por Local de residência (NUTS - 2013); Anual - INE, Estimativas anuais da população residente"
16H0508;Proença-a-Nova;72.2;2021;0008259;"Índice de dependência de idosos (N.º) por Local de residência (NUTS - 2013); Anual - INE, Estimativas anuais da população residente"
16J0904;Figueira de Castelo Rodrigo;72.5;2021;0008259;"Índice de dependência de idosos (N.º) por Local de residência (NUTS - 2013); Anual - INE, Estimativas anuais da população residente"
11D0403;Carrazeda de Ansiães;72.7;2021;0008259;"Índice de dependência de idosos (N.º) por Local de residência (NUTS - 2013); Anual - INE, Estimativas anuais da população residente"
16J0909;Mêda;72.7;2021;0008259;"Índice de dependência de idosos (N.º) por Local de residência (NUTS - 2013); Anual - INE, Estimativas anuais da população residente"
16J0906;Gouveia;73.3;2021;0008259;"Índice de dependência de idosos (N.º) por Local de residência (NUTS - 2013); Anual - INE, Estimativas anuais da população residente"
11B1702;Boticas;73.4;2021;0008259;"Índice de dependência de idosos (N.º) por Local de residência (NUTS - 2013); Anual - INE, Estimativas anuais da população residente"
11E0408;Mogadouro;74;2021;0008259;"Índice de dependência de idosos (N.º) por Local de residência (NUTS - 2013); Anual - INE, Estimativas anuais da população residente"
16J0910;Pinhel;74.5;2021;0008259;"Índice de dependência de idosos (N.º) por Local de residência (NUTS - 2013); Anual - INE, Estimativas anuais da população residente"
1861212;Nisa;76.4;2021;0008259;"Índice de dependência de idosos (N.º) por Local de residência (NUTS - 2013); Anual - INE, Estimativas anuais da população residente"
11E0406;Miranda do Douro;77.9;2021;0008259;"Índice de dependência de idosos (N.º) por Local de residência (NUTS - 2013); Anual - INE, Estimativas anuais da população residente"
11B1706;Montalegre;79;2021;0008259;"Índice de dependência de idosos (N.º) por Local de residência (NUTS - 2013); Anual - INE, Estimativas anuais da população residente"
16I1413;Mação;79.8;2021;0008259;"Índice de dependência de idosos (N.º) por Local de residência (NUTS - 2013); Anual - INE, Estimativas anuais da população residente"
1861209;Gavião;80.2;2021;0008259;"Índice de dependência de idosos (N.º) por Local de residência (NUTS - 2013); Anual - INE, Estimativas anuais da população residente"
11B1712;Valpaços;81;2021;0008259;"Índice de dependência de idosos (N.º) por Local de residência (NUTS - 2013); Anual - INE, Estimativas anuais da população residente"
11D0409;Torre de Moncorvo;81.9;2021;0008259;"Índice de dependência de idosos (N.º) por Local de residência (NUTS - 2013); Anual - INE, Estimativas anuais da população residente"
16H0505;Idanha-a-Nova;82.2;2021;0008259;"Índice de dependência de idosos (N.º) por Local de residência (NUTS - 2013); Anual - INE, Estimativas anuais da população residente"
16H0507;Penamacor;87.4;2021;0008259;"Índice de dependência de idosos (N.º) por Local de residência (NUTS - 2013); Anual - INE, Estimativas anuais da população residente"
1111603;Melgaço;88.3;2021;0008259;"Índice de dependência de idosos (N.º) por Local de residência (NUTS - 2013); Anual - INE, Estimativas anuais da população residente"
11E0411;Vimioso;88.3;2021;0008259;"Índice de dependência de idosos (N.º) por Local de residência (NUTS - 2013); Anual - INE, Estimativas anuais da população residente"
16H0511;Vila Velha de Ródão;88.9;2021;0008259;"Índice de dependência de idosos (N.º) por Local de residência (NUTS - 2013); Anual - INE, Estimativas anuais da população residente"
16J0902;Almeida;90.2;2021;0008259;"Índice de dependência de idosos (N.º) por Local de residência (NUTS - 2013); Anual - INE, Estimativas anuais da população residente"
16J0911;Sabugal;92.2;2021;0008259;"Índice de dependência de idosos (N.º) por Local de residência (NUTS - 2013); Anual - INE, Estimativas anuais da população residente"
16E0612;Pampilhosa da Serra;93.6;2021;0008259;"Índice de dependência de idosos (N.º) por Local de residência (NUTS - 2013); Anual - INE, Estimativas anuais da população residente"
16H0506;Oleiros;94;2021;0008259;"Índice de dependência de idosos (N.º) por Local de residência (NUTS - 2013); Anual - INE, Estimativas anuais da população residente"
11E0412;Vinhais;95.6;2021;0008259;"Índice de dependência de idosos (N.º) por Local de residência (NUTS - 2013); Anual - INE, Estimativas anuais da população residente"
1500802;Alcoutim;97.6;2021;0008259;"Índice de dependência de idosos (N.º) por Local de residência (NUTS - 2013); Anual - INE, Estimativas anuais da população residente"
2004205;Ribeira Grande;16.7;2022;0008259;"Índice de dependência de idosos (N.º) por Local de residência (NUTS - 2013); Anual - INE, Estimativas anuais da população residente"
2004201;Lagoa;19;2022;0008259;"Índice de dependência de idosos (N.º) por Local de residência (NUTS - 2013); Anual - INE, Estimativas anuais da população residente"
3003108;Santa Cruz;22;2022;0008259;"Índice de dependência de idosos (N.º) por Local de residência (NUTS - 2013); Anual - INE, Estimativas anuais da população residente"
3003102;Câmara de Lobos;23;2022;0008259;"Índice de dependência de idosos (N.º) por Local de residência (NUTS - 2013); Anual - INE, Estimativas anuais da população residente"
2004203;Ponta Delgada;23.3;2022;0008259;"Índice de dependência de idosos (N.º) por Local de residência (NUTS - 2013); Anual - INE, Estimativas anuais da população residente"
2004206;Vila Franca do Campo;23.3;2022;0008259;"Índice de dependência de idosos (N.º) por Local de residência (NUTS - 2013); Anual - INE, Estimativas anuais da população residente"
11C1305;Lousada;24.2;2022;0008259;"Índice de dependência de idosos (N.º) por Local de residência (NUTS - 2013); Anual - INE, Estimativas anuais da população residente"
11C1309;Paços de Ferreira;25.5;2022;0008259;"Índice de dependência de idosos (N.º) por Local de residência (NUTS - 2013); Anual - INE, Estimativas anuais da população residente"
2;Região Autónoma dos Açores;25.6;2022;0008259;"Índice de dependência de idosos (N.º) por Local de residência (NUTS - 2013); Anual - INE, Estimativas anuais da população residente"
20;Região Autónoma dos Açores;25.6;2022;0008259;"Índice de dependência de idosos (N.º) por Local de residência (NUTS - 2013); Anual - INE, Estimativas anuais da população residente"
200;Região Autónoma dos Açores;25.6;2022;0008259;"Índice de dependência de idosos (N.º) por Local de residência (NUTS - 2013); Anual - INE, Estimativas anuais da população residente"
11A1310;Paredes;25.9;2022;0008259;"Índice de dependência de idosos (N.º) por Local de residência (NUTS - 2013); Anual - INE, Estimativas anuais da população residente"
2004204;Povoação;26.1;2022;0008259;"Índice de dependência de idosos (N.º) por Local de residência (NUTS - 2013); Anual - INE, Estimativas anuais da população residente"
2004901;Corvo;27.2;2022;0008259;"Índice de dependência de idosos (N.º) por Local de residência (NUTS - 2013); Anual - INE, Estimativas anuais da população residente"
3003201;Porto Santo;27.2;2022;0008259;"Índice de dependência de idosos (N.º) por Local de residência (NUTS - 2013); Anual - INE, Estimativas anuais da população residente"
2004101;Vila do Porto;27.3;2022;0008259;"Índice de dependência de idosos (N.º) por Local de residência (NUTS - 2013); Anual - INE, Estimativas anuais da população residente"
1701502;Alcochete;27.4;2022;0008259;"Índice de dependência de idosos (N.º) por Local de residência (NUTS - 2013); Anual - INE, Estimativas anuais da população residente"
1701109;Mafra;27.8;2022;0008259;"Índice de dependência de idosos (N.º) por Local de residência (NUTS - 2013); Anual - INE, Estimativas anuais da população residente"
1190314;Vizela;28.1;2022;0008259;"Índice de dependência de idosos (N.º) por Local de residência (NUTS - 2013); Anual - INE, Estimativas anuais da população residente"
11C1311;Penafiel;28.4;2022;0008259;"Índice de dependência de idosos (N.º) por Local de residência (NUTS - 2013); Anual - INE, Estimativas anuais da população residente"
1500801;Albufeira;28.5;2022;0008259;"Índice de dependência de idosos (N.º) por Local de residência (NUTS - 2013); Anual - INE, Estimativas anuais da população residente"
16B1102;Arruda dos Vinhos;28.5;2022;0008259;"Índice de dependência de idosos (N.º) por Local de residência (NUTS - 2013); Anual - INE, Estimativas anuais da população residente"
1701111;Sintra;28.5;2022;0008259;"Índice de dependência de idosos (N.º) por Local de residência (NUTS - 2013); Anual - INE, Estimativas anuais da população residente"
2004802;Santa Cruz das Flores;28.6;2022;0008259;"Índice de dependência de idosos (N.º) por Local de residência (NUTS - 2013); Anual - INE, Estimativas anuais da população residente"
1701507;Montijo;28.8;2022;0008259;"Índice de dependência de idosos (N.º) por Local de residência (NUTS - 2013); Anual - INE, Estimativas anuais da população residente"
11C1307;Marco de Canaveses;29;2022;0008259;"Índice de dependência de idosos (N.º) por Local de residência (NUTS - 2013); Anual - INE, Estimativas anuais da população residente"
1120303;Braga;29.4;2022;0008259;"Índice de dependência de idosos (N.º) por Local de residência (NUTS - 2013); Anual - INE, Estimativas anuais da população residente"
2004302;Vila da Praia da Vitória;29.4;2022;0008259;"Índice de dependência de idosos (N.º) por Local de residência (NUTS - 2013); Anual - INE, Estimativas anuais da população residente"
11C1303;Felgueiras;29.6;2022;0008259;"Índice de dependência de idosos (N.º) por Local de residência (NUTS - 2013); Anual - INE, Estimativas anuais da população residente"
2004602;Madalena;30;2022;0008259;"Índice de dependência de idosos (N.º) por Local de residência (NUTS - 2013); Anual - INE, Estimativas anuais da população residente"
1701114;Vila Franca de Xira;30.2;2022;0008259;"Índice de dependência de idosos (N.º) por Local de residência (NUTS - 2013); Anual - INE, Estimativas anuais da população residente"
16B1112;Sobral de Monte Agraço;30.3;2022;0008259;"Índice de dependência de idosos (N.º) por Local de residência (NUTS - 2013); Anual - INE, Estimativas anuais da população residente"
1851405;Benavente;30.4;2022;0008259;"Índice de dependência de idosos (N.º) por Local de residência (NUTS - 2013); Anual - INE, Estimativas anuais da população residente"
2004301;Angra do Heroísmo;30.4;2022;0008259;"Índice de dependência de idosos (N.º) por Local de residência (NUTS - 2013); Anual - INE, Estimativas anuais da população residente"
11A1306;Maia;30.6;2022;0008259;"Índice de dependência de idosos (N.º) por Local de residência (NUTS - 2013); Anual - INE, Estimativas anuais da população residente"
11C;Tâmega e Sousa;30.7;2022;0008259;"Índice de dependência de idosos (N.º) por Local de residência (NUTS - 2013); Anual - INE, Estimativas anuais da população residente"
11A1315;Valongo;30.9;2022;0008259;"Índice de dependência de idosos (N.º) por Local de residência (NUTS - 2013); Anual - INE, Estimativas anuais da população residente"
16B1101;Alenquer;30.9;2022;0008259;"Índice de dependência de idosos (N.º) por Local de residência (NUTS - 2013); Anual - INE, Estimativas anuais da população residente"
3;Região Autónoma da Madeira;31.2;2022;0008259;"Índice de dependência de idosos (N.º) por Local de residência (NUTS - 2013); Anual - INE, Estimativas anuais da população residente"
30;Região Autónoma da Madeira;31.2;2022;0008259;"Índice de dependência de idosos (N.º) por Local de residência (NUTS - 2013); Anual - INE, Estimativas anuais da população residente"
300;Região Autónoma da Madeira;31.2;2022;0008259;"Índice de dependência de idosos (N.º) por Local de residência (NUTS - 2013); Anual - INE, Estimativas anuais da população residente"
2004202;Nordeste;31.4;2022;0008259;"Índice de dependência de idosos (N.º) por Local de residência (NUTS - 2013); Anual - INE, Estimativas anuais da população residente"
112;Cávado;31.5;2022;0008259;"Índice de dependência de idosos (N.º) por Local de residência (NUTS - 2013); Anual - INE, Estimativas anuais da população residente"
1120306;Esposende;31.9;2022;0008259;"Índice de dependência de idosos (N.º) por Local de residência (NUTS - 2013); Anual - INE, Estimativas anuais da população residente"
11A1318;Trofa;31.9;2022;0008259;"Índice de dependência de idosos (N.º) por Local de residência (NUTS - 2013); Anual - INE, Estimativas anuais da população residente"
2004701;Horta;31.9;2022;0008259;"Índice de dependência de idosos (N.º) por Local de residência (NUTS - 2013); Anual - INE, Estimativas anuais da população residente"
3003107;Ribeira Brava;31.9;2022;0008259;"Índice de dependência de idosos (N.º) por Local de residência (NUTS - 2013); Anual - INE, Estimativas anuais da população residente"
2004502;Velas;32;2022;0008259;"Índice de dependência de idosos (N.º) por Local de residência (NUTS - 2013); Anual - INE, Estimativas anuais da população residente"
1120302;Barcelos;32.2;2022;0008259;"Índice de dependência de idosos (N.º) por Local de residência (NUTS - 2013); Anual - INE, Estimativas anuais da população residente"
1701511;Sesimbra;32.2;2022;0008259;"Índice de dependência de idosos (N.º) por Local de residência (NUTS - 2013); Anual - INE, Estimativas anuais da população residente"
2004801;Lajes das Flores;32.2;2022;0008259;"Índice de dependência de idosos (N.º) por Local de residência (NUTS - 2013); Anual - INE, Estimativas anuais da população residente"
1190312;Vila Nova de Famalicão;32.3;2022;0008259;"Índice de dependência de idosos (N.º) por Local de residência (NUTS - 2013); Anual - INE, Estimativas anuais da população residente"
3003105;Ponta do Sol;32.3;2022;0008259;"Índice de dependência de idosos (N.º) por Local de residência (NUTS - 2013); Anual - INE, Estimativas anuais da população residente"
16I1410;Entroncamento;32.4;2022;0008259;"Índice de dependência de idosos (N.º) por Local de residência (NUTS - 2013); Anual - INE, Estimativas anuais da população residente"
11A1316;Vila do Conde;32.6;2022;0008259;"Índice de dependência de idosos (N.º) por Local de residência (NUTS - 2013); Anual - INE, Estimativas anuais da população residente"
11A1313;Póvoa de Varzim;32.8;2022;0008259;"Índice de dependência de idosos (N.º) por Local de residência (NUTS - 2013); Anual - INE, Estimativas anuais da população residente"
1701508;Palmela;33;2022;0008259;"Índice de dependência de idosos (N.º) por Local de residência (NUTS - 2013); Anual - INE, Estimativas anuais da população residente"
1810211;Odemira;33.1;2022;0008259;"Índice de dependência de idosos (N.º) por Local de residência (NUTS - 2013); Anual - INE, Estimativas anuais da população residente"
3003104;Machico;33.1;2022;0008259;"Índice de dependência de idosos (N.º) por Local de residência (NUTS - 2013); Anual - INE, Estimativas anuais da população residente"
1190308;Guimarães;33.3;2022;0008259;"Índice de dependência de idosos (N.º) por Local de residência (NUTS - 2013); Anual - INE, Estimativas anuais da população residente"
2004603;São Roque do Pico;33.3;2022;0008259;"Índice de dependência de idosos (N.º) por Local de residência (NUTS - 2013); Anual - INE, Estimativas anuais da população residente"
11C0106;Castelo de Paiva;33.5;2022;0008259;"Índice de dependência de idosos (N.º) por Local de residência (NUTS - 2013); Anual - INE, Estimativas anuais da população residente"
16D0105;Aveiro;33.8;2022;0008259;"Índice de dependência de idosos (N.º) por Local de residência (NUTS - 2013); Anual - INE, Estimativas anuais da população residente"
2004401;Santa Cruz da Graciosa;34;2022;0008259;"Índice de dependência de idosos (N.º) por Local de residência (NUTS - 2013); Anual - INE, Estimativas anuais da população residente"
16D0110;Ílhavo;34.1;2022;0008259;"Índice de dependência de idosos (N.º) por Local de residência (NUTS - 2013); Anual - INE, Estimativas anuais da população residente"
119;Ave;34.3;2022;0008259;"Índice de dependência de idosos (N.º) por Local de residência (NUTS - 2013); Anual - INE, Estimativas anuais da população residente"
1701116;Odivelas;34.3;2022;0008259;"Índice de dependência de idosos (N.º) por Local de residência (NUTS - 2013); Anual - INE, Estimativas anuais da população residente"
1120301;Amares;34.5;2022;0008259;"Índice de dependência de idosos (N.º) por Local de residência (NUTS - 2013); Anual - INE, Estimativas anuais da população residente"
1120313;Vila Verde;34.7;2022;0008259;"Índice de dependência de idosos (N.º) por Local de residência (NUTS - 2013); Anual - INE, Estimativas anuais da população residente"
11A0109;Santa Maria da Feira;34.8;2022;0008259;"Índice de dependência de idosos (N.º) por Local de residência (NUTS - 2013); Anual - INE, Estimativas anuais da população residente"
17;Área Metropolitana de Lisboa;34.9;2022;0008259;"Índice de dependência de idosos (N.º) por Local de residência (NUTS - 2013); Anual - INE, Estimativas anuais da população residente"
170;Área Metropolitana de Lisboa;34.9;2022;0008259;"Índice de dependência de idosos (N.º) por Local de residência (NUTS - 2013); Anual - INE, Estimativas anuais da população residente"
3003103;Funchal;34.9;2022;0008259;"Índice de dependência de idosos (N.º) por Local de residência (NUTS - 2013); Anual - INE, Estimativas anuais da população residente"
11A1317;Vila Nova de Gaia;35.1;2022;0008259;"Índice de dependência de idosos (N.º) por Local de residência (NUTS - 2013); Anual - INE, Estimativas anuais da população residente"
11A1304;Gondomar;35.2;2022;0008259;"Índice de dependência de idosos (N.º) por Local de residência (NUTS - 2013); Anual - INE, Estimativas anuais da população residente"
16D0115;Ovar;35.2;2022;0008259;"Índice de dependência de idosos (N.º) por Local de residência (NUTS - 2013); Anual - INE, Estimativas anuais da população residente"
11A0116;São João da Madeira;35.5;2022;0008259;"Índice de dependência de idosos (N.º) por Local de residência (NUTS - 2013); Anual - INE, Estimativas anuais da população residente"
1500805;Faro;35.5;2022;0008259;"Índice de dependência de idosos (N.º) por Local de residência (NUTS - 2013); Anual - INE, Estimativas anuais da população residente"
16B1113;Torres Vedras;35.5;2022;0008259;"Índice de dependência de idosos (N.º) por Local de residência (NUTS - 2013); Anual - INE, Estimativas anuais da população residente"
11A;Área Metropolitana do Porto;35.6;2022;0008259;"Índice de dependência de idosos (N.º) por Local de residência (NUTS - 2013); Anual - INE, Estimativas anuais da população residente"
1840204;Barrancos;35.6;2022;0008259;"Índice de dependência de idosos (N.º) por Local de residência (NUTS - 2013); Anual - INE, Estimativas anuais da população residente"
1701506;Moita;35.7;2022;0008259;"Índice de dependência de idosos (N.º) por Local de residência (NUTS - 2013); Anual - INE, Estimativas anuais da população residente"
1701510;Seixal;35.8;2022;0008259;"Índice de dependência de idosos (N.º) por Local de residência (NUTS - 2013); Anual - INE, Estimativas anuais da população residente"
1500811;Portimão;35.9;2022;0008259;"Índice de dependência de idosos (N.º) por Local de residência (NUTS - 2013); Anual - INE, Estimativas anuais da população residente"
16E0604;Condeixa-a-Nova;35.9;2022;0008259;"Índice de dependência de idosos (N.º) por Local de residência (NUTS - 2013); Anual - INE, Estimativas anuais da população residente"
1190309;Póvoa de Lanhoso;36.2;2022;0008259;"Índice de dependência de idosos (N.º) por Local de residência (NUTS - 2013); Anual - INE, Estimativas anuais da população residente"
1851103;Azambuja;36.2;2022;0008259;"Índice de dependência de idosos (N.º) por Local de residência (NUTS - 2013); Anual - INE, Estimativas anuais da população residente"
16D0102;Albergaria-a-Velha;36.4;2022;0008259;"Índice de dependência de idosos (N.º) por Local de residência (NUTS - 2013); Anual - INE, Estimativas anuais da população residente"
16F1009;Leiria;36.4;2022;0008259;"Índice de dependência de idosos (N.º) por Local de residência (NUTS - 2013); Anual - INE, Estimativas anuais da população residente"
1701107;Loures;36.4;2022;0008259;"Índice de dependência de idosos (N.º) por Local de residência (NUTS - 2013); Anual - INE, Estimativas anuais da população residente"
1701106;Lisboa;36.5;2022;0008259;"Índice de dependência de idosos (N.º) por Local de residência (NUTS - 2013); Anual - INE, Estimativas anuais da população residente"
1701115;Amadora;36.5;2022;0008259;"Índice de dependência de idosos (N.º) por Local de residência (NUTS - 2013); Anual - INE, Estimativas anuais da população residente"
16D0114;Oliveira do Bairro;36.7;2022;0008259;"Índice de dependência de idosos (N.º) por Local de residência (NUTS - 2013); Anual - INE, Estimativas anuais da população residente"
16E0607;Lousã;37;2022;0008259;"Índice de dependência de idosos (N.º) por Local de residência (NUTS - 2013); Anual - INE, Estimativas anuais da população residente"
11;Norte;37.1;2022;0008259;"Índice de dependência de idosos (N.º) por Local de residência (NUTS - 2013); Anual - INE, Estimativas anuais da população residente"
11C1301;Amarante;37.1;2022;0008259;"Índice de dependência de idosos (N.º) por Local de residência (NUTS - 2013); Anual - INE, Estimativas anuais da população residente"
1701105;Cascais;37.1;2022;0008259;"Índice de dependência de idosos (N.º) por Local de residência (NUTS - 2013); Anual - INE, Estimativas anuais da população residente"
16F1010;Marinha Grande;37.3;2022;0008259;"Índice de dependência de idosos (N.º) por Local de residência (NUTS - 2013); Anual - INE, Estimativas anuais da população residente"
1811513;Sines;37.4;2022;0008259;"Índice de dependência de idosos (N.º) por Local de residência (NUTS - 2013); Anual - INE, Estimativas anuais da população residente"
11C1302;Baião;37.5;2022;0008259;"Índice de dependência de idosos (N.º) por Local de residência (NUTS - 2013); Anual - INE, Estimativas anuais da população residente"
1840205;Beja;37.5;2022;0008259;"Índice de dependência de idosos (N.º) por Local de residência (NUTS - 2013); Anual - INE, Estimativas anuais da população residente"
16F1004;Batalha;37.6;2022;0008259;"Índice de dependência de idosos (N.º) por Local de residência (NUTS - 2013); Anual - INE, Estimativas anuais da população residente"
1190304;Cabeceiras de Basto;37.7;2022;0008259;"Índice de dependência de idosos (N.º) por Local de residência (NUTS - 2013); Anual - INE, Estimativas anuais da população residente"
1500810;Olhão;37.7;2022;0008259;"Índice de dependência de idosos (N.º) por Local de residência (NUTS - 2013); Anual - INE, Estimativas anuais da população residente"
2004501;Calheta;37.7;2022;0008259;"Índice de dependência de idosos (N.º) por Local de residência (NUTS - 2013); Anual - INE, Estimativas anuais da população residente"
1851414;Rio Maior;37.8;2022;0008259;"Índice de dependência de idosos (N.º) por Local de residência (NUTS - 2013); Anual - INE, Estimativas anuais da população residente"
11A1308;Matosinhos;38;2022;0008259;"Índice de dependência de idosos (N.º) por Local de residência (NUTS - 2013); Anual - INE, Estimativas anuais da população residente"
16D;Região de Aveiro;38;2022;0008259;"Índice de dependência de idosos (N.º) por Local de residência (NUTS - 2013); Anual - INE, Estimativas anuais da população residente"
1500806;Lagoa;38.2;2022;0008259;"Índice de dependência de idosos (N.º) por Local de residência (NUTS - 2013); Anual - INE, Estimativas anuais da população residente"
PT;Portugal;38.2;2022;0008259;"Índice de dependência de idosos (N.º) por Local de residência (NUTS - 2013); Anual - INE, Estimativas anuais da população residente"
1500808;Loulé;38.3;2022;0008259;"Índice de dependência de idosos (N.º) por Local de residência (NUTS - 2013); Anual - INE, Estimativas anuais da população residente"
16B;Oeste;38.5;2022;0008259;"Índice de dependência de idosos (N.º) por Local de residência (NUTS - 2013); Anual - INE, Estimativas anuais da população residente"
1861204;Campo Maior;38.5;2022;0008259;"Índice de dependência de idosos (N.º) por Local de residência (NUTS - 2013); Anual - INE, Estimativas anuais da população residente"
11A0113;Oliveira de Azeméis;38.6;2022;0008259;"Índice de dependência de idosos (N.º) por Local de residência (NUTS - 2013); Anual - INE, Estimativas anuais da população residente"
16D0118;Vagos;38.6;2022;0008259;"Índice de dependência de idosos (N.º) por Local de residência (NUTS - 2013); Anual - INE, Estimativas anuais da população residente"
1870705;Évora;38.6;2022;0008259;"Índice de dependência de idosos (N.º) por Local de residência (NUTS - 2013); Anual - INE, Estimativas anuais da população residente"
2004601;Lajes do Pico;38.6;2022;0008259;"Índice de dependência de idosos (N.º) por Local de residência (NUTS - 2013); Anual - INE, Estimativas anuais da população residente"
1;Continente;38.7;2022;0008259;"Índice de dependência de idosos (N.º) por Local de residência (NUTS - 2013); Anual - INE, Estimativas anuais da população residente"
11D1714;Vila Real;38.8;2022;0008259;"Índice de dependência de idosos (N.º) por Local de residência (NUTS - 2013); Anual - INE, Estimativas anuais da população residente"
15;Algarve;38.8;2022;0008259;"Índice de dependência de idosos (N.º) por Local de residência (NUTS - 2013); Anual - INE, Estimativas anuais da população residente"
150;Algarve;38.8;2022;0008259;"Índice de dependência de idosos (N.º) por Local de residência (NUTS - 2013); Anual - INE, Estimativas anuais da população residente"
1190307;Fafe;38.9;2022;0008259;"Índice de dependência de idosos (N.º) por Local de residência (NUTS - 2013); Anual - INE, Estimativas anuais da população residente"
16D0112;Murtosa;38.9;2022;0008259;"Índice de dependência de idosos (N.º) por Local de residência (NUTS - 2013); Anual - INE, Estimativas anuais da população residente"
1840207;Cuba;38.9;2022;0008259;"Índice de dependência de idosos (N.º) por Local de residência (NUTS - 2013); Anual - INE, Estimativas anuais da população residente"
1701512;Setúbal;39;2022;0008259;"Índice de dependência de idosos (N.º) por Local de residência (NUTS - 2013); Anual - INE, Estimativas anuais da população residente"
16G1823;Viseu;39.1;2022;0008259;"Índice de dependência de idosos (N.º) por Local de residência (NUTS - 2013); Anual - INE, Estimativas anuais da população residente"
16I1408;Constância;39.4;2022;0008259;"Índice de dependência de idosos (N.º) por Local de residência (NUTS - 2013); Anual - INE, Estimativas anuais da população residente"
16D0108;Estarreja;39.5;2022;0008259;"Índice de dependência de idosos (N.º) por Local de residência (NUTS - 2013); Anual - INE, Estimativas anuais da população residente"
1111607;Ponte de Lima;39.6;2022;0008259;"Índice de dependência de idosos (N.º) por Local de residência (NUTS - 2013); Anual - INE, Estimativas anuais da população residente"
11C0305;Celorico de Basto;39.6;2022;0008259;"Índice de dependência de idosos (N.º) por Local de residência (NUTS - 2013); Anual - INE, Estimativas anuais da população residente"
1701503;Almada;39.6;2022;0008259;"Índice de dependência de idosos (N.º) por Local de residência (NUTS - 2013); Anual - INE, Estimativas anuais da população residente"
1701110;Oeiras;39.8;2022;0008259;"Índice de dependência de idosos (N.º) por Local de residência (NUTS - 2013); Anual - INE, Estimativas anuais da população residente"
16G1810;Oliveira de Frades;40.1;2022;0008259;"Índice de dependência de idosos (N.º) por Local de residência (NUTS - 2013); Anual - INE, Estimativas anuais da população residente"
1851406;Cartaxo;40.2;2022;0008259;"Índice de dependência de idosos (N.º) por Local de residência (NUTS - 2013); Anual - INE, Estimativas anuais da população residente"
11D1820;Tarouca;40.3;2022;0008259;"Índice de dependência de idosos (N.º) por Local de residência (NUTS - 2013); Anual - INE, Estimativas anuais da população residente"
16B1108;Lourinhã;40.4;2022;0008259;"Índice de dependência de idosos (N.º) por Local de residência (NUTS - 2013); Anual - INE, Estimativas anuais da população residente"
1500813;Silves;40.5;2022;0008259;"Índice de dependência de idosos (N.º) por Local de residência (NUTS - 2013); Anual - INE, Estimativas anuais da população residente"
3003101;Calheta;40.5;2022;0008259;"Índice de dependência de idosos (N.º) por Local de residência (NUTS - 2013); Anual - INE, Estimativas anuais da população residente"
16F1016;Porto de Mós;40.7;2022;0008259;"Índice de dependência de idosos (N.º) por Local de residência (NUTS - 2013); Anual - INE, Estimativas anuais da população residente"
11A0104;Arouca;40.8;2022;0008259;"Índice de dependência de idosos (N.º) por Local de residência (NUTS - 2013); Anual - INE, Estimativas anuais da população residente"
1861207;Elvas;40.8;2022;0008259;"Índice de dependência de idosos (N.º) por Local de residência (NUTS - 2013); Anual - INE, Estimativas anuais da população residente"
1870713;Viana do Alentejo;40.9;2022;0008259;"Índice de dependência de idosos (N.º) por Local de residência (NUTS - 2013); Anual - INE, Estimativas anuais da população residente"
11A1312;Porto;41.2;2022;0008259;"Índice de dependência de idosos (N.º) por Local de residência (NUTS - 2013); Anual - INE, Estimativas anuais da população residente"
185;Lezíria do Tejo;41.2;2022;0008259;"Índice de dependência de idosos (N.º) por Local de residência (NUTS - 2013); Anual - INE, Estimativas anuais da população residente"
1851403;Almeirim;41.2;2022;0008259;"Índice de dependência de idosos (N.º) por Local de residência (NUTS - 2013); Anual - INE, Estimativas anuais da população residente"
11A1314;Santo Tirso;41.3;2022;0008259;"Índice de dependência de idosos (N.º) por Local de residência (NUTS - 2013); Anual - INE, Estimativas anuais da população residente"
16F;Região de Leiria;41.5;2022;0008259;"Índice de dependência de idosos (N.º) por Local de residência (NUTS - 2013); Anual - INE, Estimativas anuais da população residente"
16B1006;Caldas da Rainha;41.6;2022;0008259;"Índice de dependência de idosos (N.º) por Local de residência (NUTS - 2013); Anual - INE, Estimativas anuais da população residente"
16E0617;Vila Nova de Poiares;41.7;2022;0008259;"Índice de dependência de idosos (N.º) por Local de residência (NUTS - 2013); Anual - INE, Estimativas anuais da população residente"
1500807;Lagos;42;2022;0008259;"Índice de dependência de idosos (N.º) por Local de residência (NUTS - 2013); Anual - INE, Estimativas anuais da população residente"
16J0907;Guarda;42;2022;0008259;"Índice de dependência de idosos (N.º) por Local de residência (NUTS - 2013); Anual - INE, Estimativas anuais da população residente"
1701504;Barreiro;42.1;2022;0008259;"Índice de dependência de idosos (N.º) por Local de residência (NUTS - 2013); Anual - INE, Estimativas anuais da população residente"
16B1001;Alcobaça;42.2;2022;0008259;"Índice de dependência de idosos (N.º) por Local de residência (NUTS - 2013); Anual - INE, Estimativas anuais da população residente"
16E0603;Coimbra;42.2;2022;0008259;"Índice de dependência de idosos (N.º) por Local de residência (NUTS - 2013); Anual - INE, Estimativas anuais da população residente"
16B1012;Óbidos;42.5;2022;0008259;"Índice de dependência de idosos (N.º) por Local de residência (NUTS - 2013); Anual - INE, Estimativas anuais da população residente"
11C1813;Resende;42.7;2022;0008259;"Índice de dependência de idosos (N.º) por Local de residência (NUTS - 2013); Anual - INE, Estimativas anuais da população residente"
1500812;São Brás de Alportel;42.7;2022;0008259;"Índice de dependência de idosos (N.º) por Local de residência (NUTS - 2013); Anual - INE, Estimativas anuais da população residente"
181;Alentejo Litoral;42.7;2022;0008259;"Índice de dependência de idosos (N.º) por Local de residência (NUTS - 2013); Anual - INE, Estimativas anuais da população residente"
1111609;Viana do Castelo;43;2022;0008259;"Índice de dependência de idosos (N.º) por Local de residência (NUTS - 2013); Anual - INE, Estimativas anuais da população residente"
16D0101;Águeda;43;2022;0008259;"Índice de dependência de idosos (N.º) por Local de residência (NUTS - 2013); Anual - INE, Estimativas anuais da população residente"
1840214;Vidigueira;43;2022;0008259;"Índice de dependência de idosos (N.º) por Local de residência (NUTS - 2013); Anual - INE, Estimativas anuais da população residente"
1851416;Santarém;43;2022;0008259;"Índice de dependência de idosos (N.º) por Local de residência (NUTS - 2013); Anual - INE, Estimativas anuais da população residente"
11C1804;Cinfães;43.1;2022;0008259;"Índice de dependência de idosos (N.º) por Local de residência (NUTS - 2013); Anual - INE, Estimativas anuais da população residente"
1851415;Salvaterra de Magos;43.1;2022;0008259;"Índice de dependência de idosos (N.º) por Local de residência (NUTS - 2013); Anual - INE, Estimativas anuais da população residente"
16B1011;Nazaré;43.2;2022;0008259;"Índice de dependência de idosos (N.º) por Local de residência (NUTS - 2013); Anual - INE, Estimativas anuais da população residente"
16E0111;Mealhada;43.2;2022;0008259;"Índice de dependência de idosos (N.º) por Local de residência (NUTS - 2013); Anual - INE, Estimativas anuais da população residente"
16E0610;Montemor-o-Velho;43.2;2022;0008259;"Índice de dependência de idosos (N.º) por Local de residência (NUTS - 2013); Anual - INE, Estimativas anuais da população residente"
16E0609;Miranda do Corvo;43.3;2022;0008259;"Índice de dependência de idosos (N.º) por Local de residência (NUTS - 2013); Anual - INE, Estimativas anuais da população residente"
1111610;Vila Nova de Cerveira;43.4;2022;0008259;"Índice de dependência de idosos (N.º) por Local de residência (NUTS - 2013); Anual - INE, Estimativas anuais da população residente"
16B1014;Peniche;43.4;2022;0008259;"Índice de dependência de idosos (N.º) por Local de residência (NUTS - 2013); Anual - INE, Estimativas anuais da população residente"
16I1420;Vila Nova da Barquinha;43.4;2022;0008259;"Índice de dependência de idosos (N.º) por Local de residência (NUTS - 2013); Anual - INE, Estimativas anuais da população residente"
1111608;Valença;43.6;2022;0008259;"Índice de dependência de idosos (N.º) por Local de residência (NUTS - 2013); Anual - INE, Estimativas anuais da população residente"
1500803;Aljezur;43.6;2022;0008259;"Índice de dependência de idosos (N.º) por Local de residência (NUTS - 2013); Anual - INE, Estimativas anuais da população residente"
1840206;Castro Verde;43.6;2022;0008259;"Índice de dependência de idosos (N.º) por Local de residência (NUTS - 2013); Anual - INE, Estimativas anuais da população residente"
1870711;Reguengos de Monsaraz;43.6;2022;0008259;"Índice de dependência de idosos (N.º) por Local de residência (NUTS - 2013); Anual - INE, Estimativas anuais da população residente"
16I1421;Ourém;43.7;2022;0008259;"Índice de dependência de idosos (N.º) por Local de residência (NUTS - 2013); Anual - INE, Estimativas anuais da população residente"
11D1805;Lamego;44.1;2022;0008259;"Índice de dependência de idosos (N.º) por Local de residência (NUTS - 2013); Anual - INE, Estimativas anuais da população residente"
16B1005;Bombarral;44.1;2022;0008259;"Índice de dependência de idosos (N.º) por Local de residência (NUTS - 2013); Anual - INE, Estimativas anuais da população residente"
18;Alentejo;44.1;2022;0008259;"Índice de dependência de idosos (N.º) por Local de residência (NUTS - 2013); Anual - INE, Estimativas anuais da população residente"
3003110;São Vicente;44.3;2022;0008259;"Índice de dependência de idosos (N.º) por Local de residência (NUTS - 2013); Anual - INE, Estimativas anuais da população residente"
1500816;Vila Real de Santo António;44.4;2022;0008259;"Índice de dependência de idosos (N.º) por Local de residência (NUTS - 2013); Anual - INE, Estimativas anuais da população residente"
187;Alentejo Central;44.6;2022;0008259;"Índice de dependência de idosos (N.º) por Local de residência (NUTS - 2013); Anual - INE, Estimativas anuais da população residente"
1870710;Redondo;44.7;2022;0008259;"Índice de dependência de idosos (N.º) por Local de residência (NUTS - 2013); Anual - INE, Estimativas anuais da população residente"
1870714;Vila Viçosa;44.8;2022;0008259;"Índice de dependência de idosos (N.º) por Local de residência (NUTS - 2013); Anual - INE, Estimativas anuais da população residente"
16;Centro;45;2022;0008259;"Índice de dependência de idosos (N.º) por Local de residência (NUTS - 2013); Anual - INE, Estimativas anuais da população residente"
1500815;Vila do Bispo;45.3;2022;0008259;"Índice de dependência de idosos (N.º) por Local de residência (NUTS - 2013); Anual - INE, Estimativas anuais da população residente"
184;Baixo Alentejo;45.3;2022;0008259;"Índice de dependência de idosos (N.º) por Local de residência (NUTS - 2013); Anual - INE, Estimativas anuais da população residente"
1870702;Arraiolos;45.4;2022;0008259;"Índice de dependência de idosos (N.º) por Local de residência (NUTS - 2013); Anual - INE, Estimativas anuais da população residente"
1811505;Grândola;45.6;2022;0008259;"Índice de dependência de idosos (N.º) por Local de residência (NUTS - 2013); Anual - INE, Estimativas anuais da população residente"
1870709;Portel;45.6;2022;0008259;"Índice de dependência de idosos (N.º) por Local de residência (NUTS - 2013); Anual - INE, Estimativas anuais da população residente"
1870708;Mourão;45.8;2022;0008259;"Índice de dependência de idosos (N.º) por Local de residência (NUTS - 2013); Anual - INE, Estimativas anuais da população residente"
11D1708;Peso da Régua;45.9;2022;0008259;"Índice de dependência de idosos (N.º) por Local de residência (NUTS - 2013); Anual - INE, Estimativas anuais da população residente"
1840210;Moura;45.9;2022;0008259;"Índice de dependência de idosos (N.º) por Local de residência (NUTS - 2013); Anual - INE, Estimativas anuais da população residente"
1851412;Golegã;46;2022;0008259;"Índice de dependência de idosos (N.º) por Local de residência (NUTS - 2013); Anual - INE, Estimativas anuais da população residente"
3003106;Porto Moniz;46.3;2022;0008259;"Índice de dependência de idosos (N.º) por Local de residência (NUTS - 2013); Anual - INE, Estimativas anuais da população residente"
1840203;Alvito;46.5;2022;0008259;"Índice de dependência de idosos (N.º) por Local de residência (NUTS - 2013); Anual - INE, Estimativas anuais da população residente"
1840208;Ferreira do Alentejo;46.5;2022;0008259;"Índice de dependência de idosos (N.º) por Local de residência (NUTS - 2013); Anual - INE, Estimativas anuais da população residente"
11D1704;Mesão Frio;46.6;2022;0008259;"Índice de dependência de idosos (N.º) por Local de residência (NUTS - 2013); Anual - INE, Estimativas anuais da população residente"
16E;Região de Coimbra;46.8;2022;0008259;"Índice de dependência de idosos (N.º) por Local de residência (NUTS - 2013); Anual - INE, Estimativas anuais da população residente"
1861211;Monforte;47;2022;0008259;"Índice de dependência de idosos (N.º) por Local de residência (NUTS - 2013); Anual - INE, Estimativas anuais da população residente"
11D1815;São João da Pesqueira;47.1;2022;0008259;"Índice de dependência de idosos (N.º) por Local de residência (NUTS - 2013); Anual - INE, Estimativas anuais da população residente"
1851404;Alpiarça;47.1;2022;0008259;"Índice de dependência de idosos (N.º) por Local de residência (NUTS - 2013); Anual - INE, Estimativas anuais da população residente"
11E0402;Bragança;47.2;2022;0008259;"Índice de dependência de idosos (N.º) por Local de residência (NUTS - 2013); Anual - INE, Estimativas anuais da população residente"
1861214;Portalegre;47.6;2022;0008259;"Índice de dependência de idosos (N.º) por Local de residência (NUTS - 2013); Anual - INE, Estimativas anuais da população residente"
1870704;Estremoz;47.6;2022;0008259;"Índice de dependência de idosos (N.º) por Local de residência (NUTS - 2013); Anual - INE, Estimativas anuais da população residente"
16I1419;Torres Novas;47.7;2022;0008259;"Índice de dependência de idosos (N.º) por Local de residência (NUTS - 2013); Anual - INE, Estimativas anuais da população residente"
11A0107;Espinho;47.8;2022;0008259;"Índice de dependência de idosos (N.º) por Local de residência (NUTS - 2013); Anual - INE, Estimativas anuais da população residente"
1840213;Serpa;47.8;2022;0008259;"Índice de dependência de idosos (N.º) por Local de residência (NUTS - 2013); Anual - INE, Estimativas anuais da população residente"
16E0605;Figueira da Foz;48.1;2022;0008259;"Índice de dependência de idosos (N.º) por Local de residência (NUTS - 2013); Anual - INE, Estimativas anuais da população residente"
3003109;Santana;48.1;2022;0008259;"Índice de dependência de idosos (N.º) por Local de residência (NUTS - 2013); Anual - INE, Estimativas anuais da população residente"
111;Alto Minho;48.2;2022;0008259;"Índice de dependência de idosos (N.º) por Local de residência (NUTS - 2013); Anual - INE, Estimativas anuais da população residente"
16H0502;Castelo Branco;48.4;2022;0008259;"Índice de dependência de idosos (N.º) por Local de residência (NUTS - 2013); Anual - INE, Estimativas anuais da população residente"
1870703;Borba;48.4;2022;0008259;"Índice de dependência de idosos (N.º) por Local de residência (NUTS - 2013); Anual - INE, Estimativas anuais da população residente"
1191705;Mondim de Basto;48.5;2022;0008259;"Índice de dependência de idosos (N.º) por Local de residência (NUTS - 2013); Anual - INE, Estimativas anuais da população residente"
16G;Viseu Dão Lafões;48.6;2022;0008259;"Índice de dependência de idosos (N.º) por Local de residência (NUTS - 2013); Anual - INE, Estimativas anuais da população residente"
16I;Médio Tejo;48.7;2022;0008259;"Índice de dependência de idosos (N.º) por Local de residência (NUTS - 2013); Anual - INE, Estimativas anuais da população residente"
16E0611;Oliveira do Hospital;48.8;2022;0008259;"Índice de dependência de idosos (N.º) por Local de residência (NUTS - 2013); Anual - INE, Estimativas anuais da população residente"
1840201;Aljustrel;48.8;2022;0008259;"Índice de dependência de idosos (N.º) por Local de residência (NUTS - 2013); Anual - INE, Estimativas anuais da população residente"
16I1402;Alcanena;48.9;2022;0008259;"Índice de dependência de idosos (N.º) por Local de residência (NUTS - 2013); Anual - INE, Estimativas anuais da população residente"
11A0119;Vale de Cambra;49;2022;0008259;"Índice de dependência de idosos (N.º) por Local de residência (NUTS - 2013); Anual - INE, Estimativas anuais da população residente"
16B1104;Cadaval;49;2022;0008259;"Índice de dependência de idosos (N.º) por Local de residência (NUTS - 2013); Anual - INE, Estimativas anuais da população residente"
1870712;Vendas Novas;49.2;2022;0008259;"Índice de dependência de idosos (N.º) por Local de residência (NUTS - 2013); Anual - INE, Estimativas anuais da população residente"
11D;Douro;49.5;2022;0008259;"Índice de dependência de idosos (N.º) por Local de residência (NUTS - 2013); Anual - INE, Estimativas anuais da população residente"
16F1015;Pombal;49.9;2022;0008259;"Índice de dependência de idosos (N.º) por Local de residência (NUTS - 2013); Anual - INE, Estimativas anuais da população residente"
16D0103;Anadia;50.3;2022;0008259;"Índice de dependência de idosos (N.º) por Local de residência (NUTS - 2013); Anual - INE, Estimativas anuais da população residente"
1120310;Terras de Bouro;50.7;2022;0008259;"Índice de dependência de idosos (N.º) por Local de residência (NUTS - 2013); Anual - INE, Estimativas anuais da população residente"
186;Alto Alentejo;50.7;2022;0008259;"Índice de dependência de idosos (N.º) por Local de residência (NUTS - 2013); Anual - INE, Estimativas anuais da população residente"
11D1801;Armamar;50.9;2022;0008259;"Índice de dependência de idosos (N.º) por Local de residência (NUTS - 2013); Anual - INE, Estimativas anuais da população residente"
1111606;Ponte da Barca;51.1;2022;0008259;"Índice de dependência de idosos (N.º) por Local de residência (NUTS - 2013); Anual - INE, Estimativas anuais da população residente"
16E0616;Tábua;51.1;2022;0008259;"Índice de dependência de idosos (N.º) por Local de residência (NUTS - 2013); Anual - INE, Estimativas anuais da população residente"
1111602;Caminha;51.2;2022;0008259;"Índice de dependência de idosos (N.º) por Local de residência (NUTS - 2013); Anual - INE, Estimativas anuais da população residente"
1861202;Arronches;51.2;2022;0008259;"Índice de dependência de idosos (N.º) por Local de residência (NUTS - 2013); Anual - INE, Estimativas anuais da população residente"
1870706;Montemor-o-Novo;51.2;2022;0008259;"Índice de dependência de idosos (N.º) por Local de residência (NUTS - 2013); Anual - INE, Estimativas anuais da população residente"
16G1806;Mangualde;51.3;2022;0008259;"Índice de dependência de idosos (N.º) por Local de residência (NUTS - 2013); Anual - INE, Estimativas anuais da população residente"
1861213;Ponte de Sor;51.4;2022;0008259;"Índice de dependência de idosos (N.º) por Local de residência (NUTS - 2013); Anual - INE, Estimativas anuais da população residente"
1500814;Tavira;51.8;2022;0008259;"Índice de dependência de idosos (N.º) por Local de residência (NUTS - 2013); Anual - INE, Estimativas anuais da população residente"
16D0117;Sever do Vouga;51.8;2022;0008259;"Índice de dependência de idosos (N.º) por Local de residência (NUTS - 2013); Anual - INE, Estimativas anuais da população residente"
16I1417;Sardoal;51.8;2022;0008259;"Índice de dependência de idosos (N.º) por Local de residência (NUTS - 2013); Anual - INE, Estimativas anuais da população residente"
1811509;Santiago do Cacém;51.8;2022;0008259;"Índice de dependência de idosos (N.º) por Local de residência (NUTS - 2013); Anual - INE, Estimativas anuais da população residente"
1870701;Alandroal;51.8;2022;0008259;"Índice de dependência de idosos (N.º) por Local de residência (NUTS - 2013); Anual - INE, Estimativas anuais da população residente"
11D1807;Moimenta da Beira;51.9;2022;0008259;"Índice de dependência de idosos (N.º) por Local de residência (NUTS - 2013); Anual - INE, Estimativas anuais da população residente"
1861215;Sousel;52;2022;0008259;"Índice de dependência de idosos (N.º) por Local de residência (NUTS - 2013); Anual - INE, Estimativas anuais da população residente"
16E0614;Penela;52.3;2022;0008259;"Índice de dependência de idosos (N.º) por Local de residência (NUTS - 2013); Anual - INE, Estimativas anuais da população residente"
16J0503;Covilhã;52.4;2022;0008259;"Índice de dependência de idosos (N.º) por Local de residência (NUTS - 2013); Anual - INE, Estimativas anuais da população residente"
16E0602;Cantanhede;52.6;2022;0008259;"Índice de dependência de idosos (N.º) por Local de residência (NUTS - 2013); Anual - INE, Estimativas anuais da população residente"
16E0608;Mira;52.8;2022;0008259;"Índice de dependência de idosos (N.º) por Local de residência (NUTS - 2013); Anual - INE, Estimativas anuais da população residente"
1111605;Paredes de Coura;52.9;2022;0008259;"Índice de dependência de idosos (N.º) por Local de residência (NUTS - 2013); Anual - INE, Estimativas anuais da população residente"
16I1418;Tomar;53;2022;0008259;"Índice de dependência de idosos (N.º) por Local de residência (NUTS - 2013); Anual - INE, Estimativas anuais da população residente"
1190311;Vieira do Minho;53.2;2022;0008259;"Índice de dependência de idosos (N.º) por Local de residência (NUTS - 2013); Anual - INE, Estimativas anuais da população residente"
1861208;Fronteira;53.4;2022;0008259;"Índice de dependência de idosos (N.º) por Local de residência (NUTS - 2013); Anual - INE, Estimativas anuais da população residente"
16G1817;Sátão;53.7;2022;0008259;"Índice de dependência de idosos (N.º) por Local de residência (NUTS - 2013); Anual - INE, Estimativas anuais da população residente"
16G1809;Nelas;53.9;2022;0008259;"Índice de dependência de idosos (N.º) por Local de residência (NUTS - 2013); Anual - INE, Estimativas anuais da população residente"
1851407;Chamusca;54.3;2022;0008259;"Índice de dependência de idosos (N.º) por Local de residência (NUTS - 2013); Anual - INE, Estimativas anuais da população residente"
16I1401;Abrantes;54.5;2022;0008259;"Índice de dependência de idosos (N.º) por Local de residência (NUTS - 2013); Anual - INE, Estimativas anuais da população residente"
16G1824;Vouzela;54.6;2022;0008259;"Índice de dependência de idosos (N.º) por Local de residência (NUTS - 2013); Anual - INE, Estimativas anuais da população residente"
16I1411;Ferreira do Zêzere;54.7;2022;0008259;"Índice de dependência de idosos (N.º) por Local de residência (NUTS - 2013); Anual - INE, Estimativas anuais da população residente"
11D1818;Sernancelhe;54.8;2022;0008259;"Índice de dependência de idosos (N.º) por Local de residência (NUTS - 2013); Anual - INE, Estimativas anuais da população residente"
16I0509;Sertã;55.3;2022;0008259;"Índice de dependência de idosos (N.º) por Local de residência (NUTS - 2013); Anual - INE, Estimativas anuais da população residente"
1500804;Castro Marim;55.9;2022;0008259;"Índice de dependência de idosos (N.º) por Local de residência (NUTS - 2013); Anual - INE, Estimativas anuais da população residente"
1861201;Alter do Chão;56;2022;0008259;"Índice de dependência de idosos (N.º) por Local de residência (NUTS - 2013); Anual - INE, Estimativas anuais da população residente"
16F1003;Ansião;56.2;2022;0008259;"Índice de dependência de idosos (N.º) por Local de residência (NUTS - 2013); Anual - INE, Estimativas anuais da população residente"
16G1822;Vila Nova de Paiva;56.2;2022;0008259;"Índice de dependência de idosos (N.º) por Local de residência (NUTS - 2013); Anual - INE, Estimativas anuais da população residente"
16G1821;Tondela;56.5;2022;0008259;"Índice de dependência de idosos (N.º) por Local de residência (NUTS - 2013); Anual - INE, Estimativas anuais da população residente"
11B1709;Ribeira de Pena;56.6;2022;0008259;"Índice de dependência de idosos (N.º) por Local de residência (NUTS - 2013); Anual - INE, Estimativas anuais da população residente"
16G1802;Carregal do Sal;56.6;2022;0008259;"Índice de dependência de idosos (N.º) por Local de residência (NUTS - 2013); Anual - INE, Estimativas anuais da população residente"
1840202;Almodôvar;56.6;2022;0008259;"Índice de dependência de idosos (N.º) por Local de residência (NUTS - 2013); Anual - INE, Estimativas anuais da população residente"
16J0501;Belmonte;56.8;2022;0008259;"Índice de dependência de idosos (N.º) por Local de residência (NUTS - 2013); Anual - INE, Estimativas anuais da população residente"
1811501;Alcácer do Sal;56.9;2022;0008259;"Índice de dependência de idosos (N.º) por Local de residência (NUTS - 2013); Anual - INE, Estimativas anuais da população residente"
11D1711;Santa Marta de Penaguião;57.7;2022;0008259;"Índice de dependência de idosos (N.º) por Local de residência (NUTS - 2013); Anual - INE, Estimativas anuais da população residente"
11D1819;Tabuaço;57.7;2022;0008259;"Índice de dependência de idosos (N.º) por Local de residência (NUTS - 2013); Anual - INE, Estimativas anuais da população residente"
16E0613;Penacova;57.7;2022;0008259;"Índice de dependência de idosos (N.º) por Local de residência (NUTS - 2013); Anual - INE, Estimativas anuais da população residente"
1861203;Avis;57.7;2022;0008259;"Índice de dependência de idosos (N.º) por Local de residência (NUTS - 2013); Anual - INE, Estimativas anuais da população residente"
16G1803;Castro Daire;57.8;2022;0008259;"Índice de dependência de idosos (N.º) por Local de residência (NUTS - 2013); Anual - INE, Estimativas anuais da população residente"
16G1814;Santa Comba Dão;57.8;2022;0008259;"Índice de dependência de idosos (N.º) por Local de residência (NUTS - 2013); Anual - INE, Estimativas anuais da população residente"
11D1710;Sabrosa;57.9;2022;0008259;"Índice de dependência de idosos (N.º) por Local de residência (NUTS - 2013); Anual - INE, Estimativas anuais da população residente"
16J0504;Fundão;57.9;2022;0008259;"Índice de dependência de idosos (N.º) por Local de residência (NUTS - 2013); Anual - INE, Estimativas anuais da população residente"
11E0407;Mirandela;58.4;2022;0008259;"Índice de dependência de idosos (N.º) por Local de residência (NUTS - 2013); Anual - INE, Estimativas anuais da população residente"
16E0601;Arganil;58.8;2022;0008259;"Índice de dependência de idosos (N.º) por Local de residência (NUTS - 2013); Anual - INE, Estimativas anuais da população residente"
1840212;Ourique;58.8;2022;0008259;"Índice de dependência de idosos (N.º) por Local de residência (NUTS - 2013); Anual - INE, Estimativas anuais da população residente"
16G1816;São Pedro do Sul;58.9;2022;0008259;"Índice de dependência de idosos (N.º) por Local de residência (NUTS - 2013); Anual - INE, Estimativas anuais da população residente"
1851409;Coruche;58.9;2022;0008259;"Índice de dependência de idosos (N.º) por Local de residência (NUTS - 2013); Anual - INE, Estimativas anuais da população residente"
16J;Beiras e Serra da Estrela;59.2;2022;0008259;"Índice de dependência de idosos (N.º) por Local de residência (NUTS - 2013); Anual - INE, Estimativas anuais da população residente"
11D1701;Alijó;59.3;2022;0008259;"Índice de dependência de idosos (N.º) por Local de residência (NUTS - 2013); Anual - INE, Estimativas anuais da população residente"
16H;Beira Baixa;59.3;2022;0008259;"Índice de dependência de idosos (N.º) por Local de residência (NUTS - 2013); Anual - INE, Estimativas anuais da população residente"
11B1703;Chaves;59.6;2022;0008259;"Índice de dependência de idosos (N.º) por Local de residência (NUTS - 2013); Anual - INE, Estimativas anuais da população residente"
1861210;Marvão;60.2;2022;0008259;"Índice de dependência de idosos (N.º) por Local de residência (NUTS - 2013); Anual - INE, Estimativas anuais da população residente"
16E0615;Soure;60.7;2022;0008259;"Índice de dependência de idosos (N.º) por Local de residência (NUTS - 2013); Anual - INE, Estimativas anuais da população residente"
16F1013;Pedrógão Grande;60.9;2022;0008259;"Índice de dependência de idosos (N.º) por Local de residência (NUTS - 2013); Anual - INE, Estimativas anuais da população residente"
11E;Terras de Trás-os-Montes;61.3;2022;0008259;"Índice de dependência de idosos (N.º) por Local de residência (NUTS - 2013); Anual - INE, Estimativas anuais da população residente"
11D1812;Penedono;61.4;2022;0008259;"Índice de dependência de idosos (N.º) por Local de residência (NUTS - 2013); Anual - INE, Estimativas anuais da população residente"
1861205;Castelo de Vide;61.4;2022;0008259;"Índice de dependência de idosos (N.º) por Local de residência (NUTS - 2013); Anual - INE, Estimativas anuais da população residente"
1500809;Monchique;61.7;2022;0008259;"Índice de dependência de idosos (N.º) por Local de residência (NUTS - 2013); Anual - INE, Estimativas anuais da população residente"
1111604;Monção;61.8;2022;0008259;"Índice de dependência de idosos (N.º) por Local de residência (NUTS - 2013); Anual - INE, Estimativas anuais da população residente"
11E0405;Macedo de Cavaleiros;63.6;2022;0008259;"Índice de dependência de idosos (N.º) por Local de residência (NUTS - 2013); Anual - INE, Estimativas anuais da população residente"
16G1811;Penalva do Castelo;63.8;2022;0008259;"Índice de dependência de idosos (N.º) por Local de residência (NUTS - 2013); Anual - INE, Estimativas anuais da população residente"
16J0905;Fornos de Algodres;64;2022;0008259;"Índice de dependência de idosos (N.º) por Local de residência (NUTS - 2013); Anual - INE, Estimativas anuais da população residente"
16J0912;Seia;64.3;2022;0008259;"Índice de dependência de idosos (N.º) por Local de residência (NUTS - 2013); Anual - INE, Estimativas anuais da população residente"
16F1008;Figueiró dos Vinhos;64.6;2022;0008259;"Índice de dependência de idosos (N.º) por Local de residência (NUTS - 2013); Anual - INE, Estimativas anuais da população residente"
11B1713;Vila Pouca de Aguiar;64.7;2022;0008259;"Índice de dependência de idosos (N.º) por Local de residência (NUTS - 2013); Anual - INE, Estimativas anuais da população residente"
11E0410;Vila Flor;65.2;2022;0008259;"Índice de dependência de idosos (N.º) por Local de residência (NUTS - 2013); Anual - INE, Estimativas anuais da população residente"
11D1707;Murça;65.7;2022;0008259;"Índice de dependência de idosos (N.º) por Local de residência (NUTS - 2013); Anual - INE, Estimativas anuais da população residente"
16F1007;Castanheira de Pêra;65.9;2022;0008259;"Índice de dependência de idosos (N.º) por Local de residência (NUTS - 2013); Anual - INE, Estimativas anuais da população residente"
16J0903;Celorico da Beira;65.9;2022;0008259;"Índice de dependência de idosos (N.º) por Local de residência (NUTS - 2013); Anual - INE, Estimativas anuais da população residente"
16E1808;Mortágua;66.3;2022;0008259;"Índice de dependência de idosos (N.º) por Local de residência (NUTS - 2013); Anual - INE, Estimativas anuais da população residente"
11B;Alto Tâmega;66.4;2022;0008259;"Índice de dependência de idosos (N.º) por Local de residência (NUTS - 2013); Anual - INE, Estimativas anuais da população residente"
16F1002;Alvaiázere;66.7;2022;0008259;"Índice de dependência de idosos (N.º) por Local de residência (NUTS - 2013); Anual - INE, Estimativas anuais da população residente"
1111601;Arcos de Valdevez;66.8;2022;0008259;"Índice de dependência de idosos (N.º) por Local de residência (NUTS - 2013); Anual - INE, Estimativas anuais da população residente"
1840209;Mértola;66.8;2022;0008259;"Índice de dependência de idosos (N.º) por Local de residência (NUTS - 2013); Anual - INE, Estimativas anuais da população residente"
1861206;Crato;67.1;2022;0008259;"Índice de dependência de idosos (N.º) por Local de residência (NUTS - 2013); Anual - INE, Estimativas anuais da população residente"
11D0914;Vila Nova de Foz Côa;67.6;2022;0008259;"Índice de dependência de idosos (N.º) por Local de residência (NUTS - 2013); Anual - INE, Estimativas anuais da população residente"
16E0606;Góis;68.4;2022;0008259;"Índice de dependência de idosos (N.º) por Local de residência (NUTS - 2013); Anual - INE, Estimativas anuais da população residente"
16J0913;Trancoso;68.4;2022;0008259;"Índice de dependência de idosos (N.º) por Local de residência (NUTS - 2013); Anual - INE, Estimativas anuais da população residente"
16G0901;Aguiar da Beira;69.2;2022;0008259;"Índice de dependência de idosos (N.º) por Local de residência (NUTS - 2013); Anual - INE, Estimativas anuais da população residente"
16J0908;Manteigas;70;2022;0008259;"Índice de dependência de idosos (N.º) por Local de residência (NUTS - 2013); Anual - INE, Estimativas anuais da população residente"
1870707;Mora;70.3;2022;0008259;"Índice de dependência de idosos (N.º) por Local de residência (NUTS - 2013); Anual - INE, Estimativas anuais da população residente"
11E0401;Alfândega da Fé;70.7;2022;0008259;"Índice de dependência de idosos (N.º) por Local de residência (NUTS - 2013); Anual - INE, Estimativas anuais da população residente"
16I0510;Vila de Rei;71.4;2022;0008259;"Índice de dependência de idosos (N.º) por Local de residência (NUTS - 2013); Anual - INE, Estimativas anuais da população residente"
11D0404;Freixo de Espada à Cinta;71.5;2022;0008259;"Índice de dependência de idosos (N.º) por Local de residência (NUTS - 2013); Anual - INE, Estimativas anuais da população residente"
16H0508;Proença-a-Nova;72.2;2022;0008259;"Índice de dependência de idosos (N.º) por Local de residência (NUTS - 2013); Anual - INE, Estimativas anuais da população residente"
16J0904;Figueira de Castelo Rodrigo;72.5;2022;0008259;"Índice de dependência de idosos (N.º) por Local de residência (NUTS - 2013); Anual - INE, Estimativas anuais da população residente"
11D0403;Carrazeda de Ansiães;72.7;2022;0008259;"Índice de dependência de idosos (N.º) por Local de residência (NUTS - 2013); Anual - INE, Estimativas anuais da população residente"
16J0909;Mêda;72.7;2022;0008259;"Índice de dependência de idosos (N.º) por Local de residência (NUTS - 2013); Anual - INE, Estimativas anuais da população residente"
16J0906;Gouveia;73.3;2022;0008259;"Índice de dependência de idosos (N.º) por Local de residência (NUTS - 2013); Anual - INE, Estimativas anuais da população residente"
11B1702;Boticas;73.4;2022;0008259;"Índice de dependência de idosos (N.º) por Local de residência (NUTS - 2013); Anual - INE, Estimativas anuais da população residente"
11E0408;Mogadouro;74;2022;0008259;"Índice de dependência de idosos (N.º) por Local de residência (NUTS - 2013); Anual - INE, Estimativas anuais da população residente"
16J0910;Pinhel;74.5;2022;0008259;"Índice de dependência de idosos (N.º) por Local de residência (NUTS - 2013); Anual - INE, Estimativas anuais da população residente"
1861212;Nisa;76.4;2022;0008259;"Índice de dependência de idosos (N.º) por Local de residência (NUTS - 2013); Anual - INE, Estimativas anuais da população residente"
11E0406;Miranda do Douro;77.9;2022;0008259;"Índice de dependência de idosos (N.º) por Local de residência (NUTS - 2013); Anual - INE, Estimativas anuais da população residente"
11B1706;Montalegre;79;2022;0008259;"Índice de dependência de idosos (N.º) por Local de residência (NUTS - 2013); Anual - INE, Estimativas anuais da população residente"
16I1413;Mação;79.8;2022;0008259;"Índice de dependência de idosos (N.º) por Local de residência (NUTS - 2013); Anual - INE, Estimativas anuais da população residente"
1861209;Gavião;80.2;2022;0008259;"Índice de dependência de idosos (N.º) por Local de residência (NUTS - 2013); Anual - INE, Estimativas anuais da população residente"
11B1712;Valpaços;81;2022;0008259;"Índice de dependência de idosos (N.º) por Local de residência (NUTS - 2013); Anual - INE, Estimativas anuais da população residente"
11D0409;Torre de Moncorvo;81.9;2022;0008259;"Índice de dependência de idosos (N.º) por Local de residência (NUTS - 2013); Anual - INE, Estimativas anuais da população residente"
16H0505;Idanha-a-Nova;82.2;2022;0008259;"Índice de dependência de idosos (N.º) por Local de residência (NUTS - 2013); Anual - INE, Estimativas anuais da população residente"
16H0507;Penamacor;87.4;2022;0008259;"Índice de dependência de idosos (N.º) por Local de residência (NUTS - 2013); Anual - INE, Estimativas anuais da população residente"
1111603;Melgaço;88.3;2022;0008259;"Índice de dependência de idosos (N.º) por Local de residência (NUTS - 2013); Anual - INE, Estimativas anuais da população residente"
11E0411;Vimioso;88.3;2022;0008259;"Índice de dependência de idosos (N.º) por Local de residência (NUTS - 2013); Anual - INE, Estimativas anuais da população residente"
16H0511;Vila Velha de Ródão;88.9;2022;0008259;"Índice de dependência de idosos (N.º) por Local de residência (NUTS - 2013); Anual - INE, Estimativas anuais da população residente"
16J0902;Almeida;90.2;2022;0008259;"Índice de dependência de idosos (N.º) por Local de residência (NUTS - 2013); Anual - INE, Estimativas anuais da população residente"
16J0911;Sabugal;92.2;2022;0008259;"Índice de dependência de idosos (N.º) por Local de residência (NUTS - 2013); Anual - INE, Estimativas anuais da população residente"
16E0612;Pampilhosa da Serra;93.6;2022;0008259;"Índice de dependência de idosos (N.º) por Local de residência (NUTS - 2013); Anual - INE, Estimativas anuais da população residente"
16H0506;Oleiros;94;2022;0008259;"Índice de dependência de idosos (N.º) por Local de residência (NUTS - 2013); Anual - INE, Estimativas anuais da população residente"
11E0412;Vinhais;95.6;2022;0008259;"Índice de dependência de idosos (N.º) por Local de residência (NUTS - 2013); Anual - INE, Estimativas anuais da população residente"
1500802;Alcoutim;97.6;2022;0008259;"Índice de dependência de idosos (N.º) por Local de residência (NUTS - 2013); Anual - INE, Estimativas anuais da população residente"
2004205;Ribeira Grande;16.7;2023;0008259;"Índice de dependência de idosos (N.º) por Local de residência (NUTS - 2013); Anual - INE, Estimativas anuais da população residente"
2004201;Lagoa;19;2023;0008259;"Índice de dependência de idosos (N.º) por Local de residência (NUTS - 2013); Anual - INE, Estimativas anuais da população residente"
3003108;Santa Cruz;22;2023;0008259;"Índice de dependência de idosos (N.º) por Local de residência (NUTS - 2013); Anual - INE, Estimativas anuais da população residente"
3003102;Câmara de Lobos;23;2023;0008259;"Índice de dependência de idosos (N.º) por Local de residência (NUTS - 2013); Anual - INE, Estimativas anuais da população residente"
2004203;Ponta Delgada;23.3;2023;0008259;"Índice de dependência de idosos (N.º) por Local de residência (NUTS - 2013); Anual - INE, Estimativas anuais da população residente"
2004206;Vila Franca do Campo;23.3;2023;0008259;"Índice de dependência de idosos (N.º) por Local de residência (NUTS - 2013); Anual - INE, Estimativas anuais da população residente"
11C1305;Lousada;24.2;2023;0008259;"Índice de dependência de idosos (N.º) por Local de residência (NUTS - 2013); Anual - INE, Estimativas anuais da população residente"
11C1309;Paços de Ferreira;25.5;2023;0008259;"Índice de dependência de idosos (N.º) por Local de residência (NUTS - 2013); Anual - INE, Estimativas anuais da população residente"
2;Região Autónoma dos Açores;25.6;2023;0008259;"Índice de dependência de idosos (N.º) por Local de residência (NUTS - 2013); Anual - INE, Estimativas anuais da população residente"
20;Região Autónoma dos Açores;25.6;2023;0008259;"Índice de dependência de idosos (N.º) por Local de residência (NUTS - 2013); Anual - INE, Estimativas anuais da população residente"
200;Região Autónoma dos Açores;25.6;2023;0008259;"Índice de dependência de idosos (N.º) por Local de residência (NUTS - 2013); Anual - INE, Estimativas anuais da população residente"
11A1310;Paredes;25.9;2023;0008259;"Índice de dependência de idosos (N.º) por Local de residência (NUTS - 2013); Anual - INE, Estimativas anuais da população residente"
2004204;Povoação;26.1;2023;0008259;"Índice de dependência de idosos (N.º) por Local de residência (NUTS - 2013); Anual - INE, Estimativas anuais da população residente"
2004901;Corvo;27.2;2023;0008259;"Índice de dependência de idosos (N.º) por Local de residência (NUTS - 2013); Anual - INE, Estimativas anuais da população residente"
3003201;Porto Santo;27.2;2023;0008259;"Índice de dependência de idosos (N.º) por Local de residência (NUTS - 2013); Anual - INE, Estimativas anuais da população residente"
2004101;Vila do Porto;27.3;2023;0008259;"Índice de dependência de idosos (N.º) por Local de residência (NUTS - 2013); Anual - INE, Estimativas anuais da população residente"
1701502;Alcochete;27.4;2023;0008259;"Índice de dependência de idosos (N.º) por Local de residência (NUTS - 2013); Anual - INE, Estimativas anuais da população residente"
1701109;Mafra;27.8;2023;0008259;"Índice de dependência de idosos (N.º) por Local de residência (NUTS - 2013); Anual - INE, Estimativas anuais da população residente"
1190314;Vizela;28.1;2023;0008259;"Índice de dependência de idosos (N.º) por Local de residência (NUTS - 2013); Anual - INE, Estimativas anuais da população residente"
11C1311;Penafiel;28.4;2023;0008259;"Índice de dependência de idosos (N.º) por Local de residência (NUTS - 2013); Anual - INE, Estimativas anuais da população residente"
1500801;Albufeira;28.5;2023;0008259;"Índice de dependência de idosos (N.º) por Local de residência (NUTS - 2013); Anual - INE, Estimativas anuais da população residente"
16B1102;Arruda dos Vinhos;28.5;2023;0008259;"Índice de dependência de idosos (N.º) por Local de residência (NUTS - 2013); Anual - INE, Estimativas anuais da população residente"
1701111;Sintra;28.5;2023;0008259;"Índice de dependência de idosos (N.º) por Local de residência (NUTS - 2013); Anual - INE, Estimativas anuais da população residente"
2004802;Santa Cruz das Flores;28.6;2023;0008259;"Índice de dependência de idosos (N.º) por Local de residência (NUTS - 2013); Anual - INE, Estimativas anuais da população residente"
1701507;Montijo;28.8;2023;0008259;"Índice de dependência de idosos (N.º) por Local de residência (NUTS - 2013); Anual - INE, Estimativas anuais da população residente"
11C1307;Marco de Canaveses;29;2023;0008259;"Índice de dependência de idosos (N.º) por Local de residência (NUTS - 2013); Anual - INE, Estimativas anuais da população residente"
1120303;Braga;29.4;2023;0008259;"Índice de dependência de idosos (N.º) por Local de residência (NUTS - 2013); Anual - INE, Estimativas anuais da população residente"
2004302;Vila da Praia da Vitória;29.4;2023;0008259;"Índice de dependência de idosos (N.º) por Local de residência (NUTS - 2013); Anual - INE, Estimativas anuais da população residente"
11C1303;Felgueiras;29.6;2023;0008259;"Índice de dependência de idosos (N.º) por Local de residência (NUTS - 2013); Anual - INE, Estimativas anuais da população residente"
2004602;Madalena;30;2023;0008259;"Índice de dependência de idosos (N.º) por Local de residência (NUTS - 2013); Anual - INE, Estimativas anuais da população residente"
1701114;Vila Franca de Xira;30.2;2023;0008259;"Índice de dependência de idosos (N.º) por Local de residência (NUTS - 2013); Anual - INE, Estimativas anuais da população residente"
16B1112;Sobral de Monte Agraço;30.3;2023;0008259;"Índice de dependência de idosos (N.º) por Local de residência (NUTS - 2013); Anual - INE, Estimativas anuais da população residente"
1851405;Benavente;30.4;2023;0008259;"Índice de dependência de idosos (N.º) por Local de residência (NUTS - 2013); Anual - INE, Estimativas anuais da população residente"
2004301;Angra do Heroísmo;30.4;2023;0008259;"Índice de dependência de idosos (N.º) por Local de residência (NUTS - 2013); Anual - INE, Estimativas anuais da população residente"
11A1306;Maia;30.6;2023;0008259;"Índice de dependência de idosos (N.º) por Local de residência (NUTS - 2013); Anual - INE, Estimativas anuais da população residente"
11C;Tâmega e Sousa;30.7;2023;0008259;"Índice de dependência de idosos (N.º) por Local de residência (NUTS - 2013); Anual - INE, Estimativas anuais da população residente"
11A1315;Valongo;30.9;2023;0008259;"Índice de dependência de idosos (N.º) por Local de residência (NUTS - 2013); Anual - INE, Estimativas anuais da população residente"
16B1101;Alenquer;30.9;2023;0008259;"Índice de dependência de idosos (N.º) por Local de residência (NUTS - 2013); Anual - INE, Estimativas anuais da população residente"
3;Região Autónoma da Madeira;31.2;2023;0008259;"Índice de dependência de idosos (N.º) por Local de residência (NUTS - 2013); Anual - INE, Estimativas anuais da população residente"
30;Região Autónoma da Madeira;31.2;2023;0008259;"Índice de dependência de idosos (N.º) por Local de residência (NUTS - 2013); Anual - INE, Estimativas anuais da população residente"
300;Região Autónoma da Madeira;31.2;2023;0008259;"Índice de dependência de idosos (N.º) por Local de residência (NUTS - 2013); Anual - INE, Estimativas anuais da população residente"
2004202;Nordeste;31.4;2023;0008259;"Índice de dependência de idosos (N.º) por Local de residência (NUTS - 2013); Anual - INE, Estimativas anuais da população residente"
112;Cávado;31.5;2023;0008259;"Índice de dependência de idosos (N.º) por Local de residência (NUTS - 2013); Anual - INE, Estimativas anuais da população residente"
1120306;Esposende;31.9;2023;0008259;"Índice de dependência de idosos (N.º) por Local de residência (NUTS - 2013); Anual - INE, Estimativas anuais da população residente"
11A1318;Trofa;31.9;2023;0008259;"Índice de dependência de idosos (N.º) por Local de residência (NUTS - 2013); Anual - INE, Estimativas anuais da população residente"
2004701;Horta;31.9;2023;0008259;"Índice de dependência de idosos (N.º) por Local de residência (NUTS - 2013); Anual - INE, Estimativas anuais da população residente"
3003107;Ribeira Brava;31.9;2023;0008259;"Índice de dependência de idosos (N.º) por Local de residência (NUTS - 2013); Anual - INE, Estimativas anuais da população residente"
2004502;Velas;32;2023;0008259;"Índice de dependência de idosos (N.º) por Local de residência (NUTS - 2013); Anual - INE, Estimativas anuais da população residente"
1120302;Barcelos;32.2;2023;0008259;"Índice de dependência de idosos (N.º) por Local de residência (NUTS - 2013); Anual - INE, Estimativas anuais da população residente"
1701511;Sesimbra;32.2;2023;0008259;"Índice de dependência de idosos (N.º) por Local de residência (NUTS - 2013); Anual - INE, Estimativas anuais da população residente"
2004801;Lajes das Flores;32.2;2023;0008259;"Índice de dependência de idosos (N.º) por Local de residência (NUTS - 2013); Anual - INE, Estimativas anuais da população residente"
1190312;Vila Nova de Famalicão;32.3;2023;0008259;"Índice de dependência de idosos (N.º) por Local de residência (NUTS - 2013); Anual - INE, Estimativas anuais da população residente"
3003105;Ponta do Sol;32.3;2023;0008259;"Índice de dependência de idosos (N.º) por Local de residência (NUTS - 2013); Anual - INE, Estimativas anuais da população residente"
16I1410;Entroncamento;32.4;2023;0008259;"Índice de dependência de idosos (N.º) por Local de residência (NUTS - 2013); Anual - INE, Estimativas anuais da população residente"
11A1316;Vila do Conde;32.6;2023;0008259;"Índice de dependência de idosos (N.º) por Local de residência (NUTS - 2013); Anual - INE, Estimativas anuais da população residente"
11A1313;Póvoa de Varzim;32.8;2023;0008259;"Índice de dependência de idosos (N.º) por Local de residência (NUTS - 2013); Anual - INE, Estimativas anuais da população residente"
1701508;Palmela;33;2023;0008259;"Índice de dependência de idosos (N.º) por Local de residência (NUTS - 2013); Anual - INE, Estimativas anuais da população residente"
1810211;Odemira;33.1;2023;0008259;"Índice de dependência de idosos (N.º) por Local de residência (NUTS - 2013); Anual - INE, Estimativas anuais da população residente"
3003104;Machico;33.1;2023;0008259;"Índice de dependência de idosos (N.º) por Local de residência (NUTS - 2013); Anual - INE, Estimativas anuais da população residente"
1190308;Guimarães;33.3;2023;0008259;"Índice de dependência de idosos (N.º) por Local de residência (NUTS - 2013); Anual - INE, Estimativas anuais da população residente"
2004603;São Roque do Pico;33.3;2023;0008259;"Índice de dependência de idosos (N.º) por Local de residência (NUTS - 2013); Anual - INE, Estimativas anuais da população residente"
11C0106;Castelo de Paiva;33.5;2023;0008259;"Índice de dependência de idosos (N.º) por Local de residência (NUTS - 2013); Anual - INE, Estimativas anuais da população residente"
16D0105;Aveiro;33.8;2023;0008259;"Índice de dependência de idosos (N.º) por Local de residência (NUTS - 2013); Anual - INE, Estimativas anuais da população residente"
2004401;Santa Cruz da Graciosa;34;2023;0008259;"Índice de dependência de idosos (N.º) por Local de residência (NUTS - 2013); Anual - INE, Estimativas anuais da população residente"
16D0110;Ílhavo;34.1;2023;0008259;"Índice de dependência de idosos (N.º) por Local de residência (NUTS - 2013); Anual - INE, Estimativas anuais da população residente"
119;Ave;34.3;2023;0008259;"Índice de dependência de idosos (N.º) por Local de residência (NUTS - 2013); Anual - INE, Estimativas anuais da população residente"
1701116;Odivelas;34.3;2023;0008259;"Índice de dependência de idosos (N.º) por Local de residência (NUTS - 2013); Anual - INE, Estimativas anuais da população residente"
1120301;Amares;34.5;2023;0008259;"Índice de dependência de idosos (N.º) por Local de residência (NUTS - 2013); Anual - INE, Estimativas anuais da população residente"
1120313;Vila Verde;34.7;2023;0008259;"Índice de dependência de idosos (N.º) por Local de residência (NUTS - 2013); Anual - INE, Estimativas anuais da população residente"
11A0109;Santa Maria da Feira;34.8;2023;0008259;"Índice de dependência de idosos (N.º) por Local de residência (NUTS - 2013); Anual - INE, Estimativas anuais da população residente"
17;Área Metropolitana de Lisboa;34.9;2023;0008259;"Índice de dependência de idosos (N.º) por Local de residência (NUTS - 2013); Anual - INE, Estimativas anuais da população residente"
170;Área Metropolitana de Lisboa;34.9;2023;0008259;"Índice de dependência de idosos (N.º) por Local de residência (NUTS - 2013); Anual - INE, Estimativas anuais da população residente"
3003103;Funchal;34.9;2023;0008259;"Índice de dependência de idosos (N.º) por Local de residência (NUTS - 2013); Anual - INE, Estimativas anuais da população residente"
11A1317;Vila Nova de Gaia;35.1;2023;0008259;"Índice de dependência de idosos (N.º) por Local de residência (NUTS - 2013); Anual - INE, Estimativas anuais da população residente"
11A1304;Gondomar;35.2;2023;0008259;"Índice de dependência de idosos (N.º) por Local de residência (NUTS - 2013); Anual - INE, Estimativas anuais da população residente"
16D0115;Ovar;35.2;2023;0008259;"Índice de dependência de idosos (N.º) por Local de residência (NUTS - 2013); Anual - INE, Estimativas anuais da população residente"
11A0116;São João da Madeira;35.5;2023;0008259;"Índice de dependência de idosos (N.º) por Local de residência (NUTS - 2013); Anual - INE, Estimativas anuais da população residente"
1500805;Faro;35.5;2023;0008259;"Índice de dependência de idosos (N.º) por Local de residência (NUTS - 2013); Anual - INE, Estimativas anuais da população residente"
16B1113;Torres Vedras;35.5;2023;0008259;"Índice de dependência de idosos (N.º) por Local de residência (NUTS - 2013); Anual - INE, Estimativas anuais da população residente"
11A;Área Metropolitana do Porto;35.6;2023;0008259;"Índice de dependência de idosos (N.º) por Local de residência (NUTS - 2013); Anual - INE, Estimativas anuais da população residente"
1840204;Barrancos;35.6;2023;0008259;"Índice de dependência de idosos (N.º) por Local de residência (NUTS - 2013); Anual - INE, Estimativas anuais da população residente"
1701506;Moita;35.7;2023;0008259;"Índice de dependência de idosos (N.º) por Local de residência (NUTS - 2013); Anual - INE, Estimativas anuais da população residente"
1701510;Seixal;35.8;2023;0008259;"Índice de dependência de idosos (N.º) por Local de residência (NUTS - 2013); Anual - INE, Estimativas anuais da população residente"
1500811;Portimão;35.9;2023;0008259;"Índice de dependência de idosos (N.º) por Local de residência (NUTS - 2013); Anual - INE, Estimativas anuais da população residente"
16E0604;Condeixa-a-Nova;35.9;2023;0008259;"Índice de dependência de idosos (N.º) por Local de residência (NUTS - 2013); Anual - INE, Estimativas anuais da população residente"
1190309;Póvoa de Lanhoso;36.2;2023;0008259;"Índice de dependência de idosos (N.º) por Local de residência (NUTS - 2013); Anual - INE, Estimativas anuais da população residente"
1851103;Azambuja;36.2;2023;0008259;"Índice de dependência de idosos (N.º) por Local de residência (NUTS - 2013); Anual - INE, Estimativas anuais da população residente"
16D0102;Albergaria-a-Velha;36.4;2023;0008259;"Índice de dependência de idosos (N.º) por Local de residência (NUTS - 2013); Anual - INE, Estimativas anuais da população residente"
16F1009;Leiria;36.4;2023;0008259;"Índice de dependência de idosos (N.º) por Local de residência (NUTS - 2013); Anual - INE, Estimativas anuais da população residente"
1701107;Loures;36.4;2023;0008259;"Índice de dependência de idosos (N.º) por Local de residência (NUTS - 2013); Anual - INE, Estimativas anuais da população residente"
1701106;Lisboa;36.5;2023;0008259;"Índice de dependência de idosos (N.º) por Local de residência (NUTS - 2013); Anual - INE, Estimativas anuais da população residente"
1701115;Amadora;36.5;2023;0008259;"Índice de dependência de idosos (N.º) por Local de residência (NUTS - 2013); Anual - INE, Estimativas anuais da população residente"
16D0114;Oliveira do Bairro;36.7;2023;0008259;"Índice de dependência de idosos (N.º) por Local de residência (NUTS - 2013); Anual - INE, Estimativas anuais da população residente"
16E0607;Lousã;37;2023;0008259;"Índice de dependência de idosos (N.º) por Local de residência (NUTS - 2013); Anual - INE, Estimativas anuais da população residente"
11;Norte;37.1;2023;0008259;"Índice de dependência de idosos (N.º) por Local de residência (NUTS - 2013); Anual - INE, Estimativas anuais da população residente"
11C1301;Amarante;37.1;2023;0008259;"Índice de dependência de idosos (N.º) por Local de residência (NUTS - 2013); Anual - INE, Estimativas anuais da população residente"
1701105;Cascais;37.1;2023;0008259;"Índice de dependência de idosos (N.º) por Local de residência (NUTS - 2013); Anual - INE, Estimativas anuais da população residente"
16F1010;Marinha Grande;37.3;2023;0008259;"Índice de dependência de idosos (N.º) por Local de residência (NUTS - 2013); Anual - INE, Estimativas anuais da população residente"
1811513;Sines;37.4;2023;0008259;"Índice de dependência de idosos (N.º) por Local de residência (NUTS - 2013); Anual - INE, Estimativas anuais da população residente"
11C1302;Baião;37.5;2023;0008259;"Índice de dependência de idosos (N.º) por Local de residência (NUTS - 2013); Anual - INE, Estimativas anuais da população residente"
1840205;Beja;37.5;2023;0008259;"Índice de dependência de idosos (N.º) por Local de residência (NUTS - 2013); Anual - INE, Estimativas anuais da população residente"
16F1004;Batalha;37.6;2023;0008259;"Índice de dependência de idosos (N.º) por Local de residência (NUTS - 2013); Anual - INE, Estimativas anuais da população residente"
1190304;Cabeceiras de Basto;37.7;2023;0008259;"Índice de dependência de idosos (N.º) por Local de residência (NUTS - 2013); Anual - INE, Estimativas anuais da população residente"
1500810;Olhão;37.7;2023;0008259;"Índice de dependência de idosos (N.º) por Local de residência (NUTS - 2013); Anual - INE, Estimativas anuais da população residente"
2004501;Calheta;37.7;2023;0008259;"Índice de dependência de idosos (N.º) por Local de residência (NUTS - 2013); Anual - INE, Estimativas anuais da população residente"
1851414;Rio Maior;37.8;2023;0008259;"Índice de dependência de idosos (N.º) por Local de residência (NUTS - 2013); Anual - INE, Estimativas anuais da população residente"
11A1308;Matosinhos;38;2023;0008259;"Índice de dependência de idosos (N.º) por Local de residência (NUTS - 2013); Anual - INE, Estimativas anuais da população residente"
16D;Região de Aveiro;38;2023;0008259;"Índice de dependência de idosos (N.º) por Local de residência (NUTS - 2013); Anual - INE, Estimativas anuais da população residente"
1500806;Lagoa;38.2;2023;0008259;"Índice de dependência de idosos (N.º) por Local de residência (NUTS - 2013); Anual - INE, Estimativas anuais da população residente"
PT;Portugal;38.2;2023;0008259;"Índice de dependência de idosos (N.º) por Local de residência (NUTS - 2013); Anual - INE, Estimativas anuais da população residente"
1500808;Loulé;38.3;2023;0008259;"Índice de dependência de idosos (N.º) por Local de residência (NUTS - 2013); Anual - INE, Estimativas anuais da população residente"
16B;Oeste;38.5;2023;0008259;"Índice de dependência de idosos (N.º) por Local de residência (NUTS - 2013); Anual - INE, Estimativas anuais da população residente"
1861204;Campo Maior;38.5;2023;0008259;"Índice de dependência de idosos (N.º) por Local de residência (NUTS - 2013); Anual - INE, Estimativas anuais da população residente"
11A0113;Oliveira de Azeméis;38.6;2023;0008259;"Índice de dependência de idosos (N.º) por Local de residência (NUTS - 2013); Anual - INE, Estimativas anuais da população residente"
16D0118;Vagos;38.6;2023;0008259;"Índice de dependência de idosos (N.º) por Local de residência (NUTS - 2013); Anual - INE, Estimativas anuais da população residente"
1870705;Évora;38.6;2023;0008259;"Índice de dependência de idosos (N.º) por Local de residência (NUTS - 2013); Anual - INE, Estimativas anuais da população residente"
2004601;Lajes do Pico;38.6;2023;0008259;"Índice de dependência de idosos (N.º) por Local de residência (NUTS - 2013); Anual - INE, Estimativas anuais da população residente"
1;Continente;38.7;2023;0008259;"Índice de dependência de idosos (N.º) por Local de residência (NUTS - 2013); Anual - INE, Estimativas anuais da população residente"
11D1714;Vila Real;38.8;2023;0008259;"Índice de dependência de idosos (N.º) por Local de residência (NUTS - 2013); Anual - INE, Estimativas anuais da população residente"
15;Algarve;38.8;2023;0008259;"Índice de dependência de idosos (N.º) por Local de residência (NUTS - 2013); Anual - INE, Estimativas anuais da população residente"
150;Algarve;38.8;2023;0008259;"Índice de dependência de idosos (N.º) por Local de residência (NUTS - 2013); Anual - INE, Estimativas anuais da população residente"
1190307;Fafe;38.9;2023;0008259;"Índice de dependência de idosos (N.º) por Local de residência (NUTS - 2013); Anual - INE, Estimativas anuais da população residente"
16D0112;Murtosa;38.9;2023;0008259;"Índice de dependência de idosos (N.º) por Local de residência (NUTS - 2013); Anual - INE, Estimativas anuais da população residente"
1840207;Cuba;38.9;2023;0008259;"Índice de dependência de idosos (N.º) por Local de residência (NUTS - 2013); Anual - INE, Estimativas anuais da população residente"
1701512;Setúbal;39;2023;0008259;"Índice de dependência de idosos (N.º) por Local de residência (NUTS - 2013); Anual - INE, Estimativas anuais da população residente"
16G1823;Viseu;39.1;2023;0008259;"Índice de dependência de idosos (N.º) por Local de residência (NUTS - 2013); Anual - INE, Estimativas anuais da população residente"
16I1408;Constância;39.4;2023;0008259;"Índice de dependência de idosos (N.º) por Local de residência (NUTS - 2013); Anual - INE, Estimativas anuais da população residente"
16D0108;Estarreja;39.5;2023;0008259;"Índice de dependência de idosos (N.º) por Local de residência (NUTS - 2013); Anual - INE, Estimativas anuais da população residente"
1111607;Ponte de Lima;39.6;2023;0008259;"Índice de dependência de idosos (N.º) por Local de residência (NUTS - 2013); Anual - INE, Estimativas anuais da população residente"
11C0305;Celorico de Basto;39.6;2023;0008259;"Índice de dependência de idosos (N.º) por Local de residência (NUTS - 2013); Anual - INE, Estimativas anuais da população residente"
1701503;Almada;39.6;2023;0008259;"Índice de dependência de idosos (N.º) por Local de residência (NUTS - 2013); Anual - INE, Estimativas anuais da população residente"
1701110;Oeiras;39.8;2023;0008259;"Índice de dependência de idosos (N.º) por Local de residência (NUTS - 2013); Anual - INE, Estimativas anuais da população residente"
16G1810;Oliveira de Frades;40.1;2023;0008259;"Índice de dependência de idosos (N.º) por Local de residência (NUTS - 2013); Anual - INE, Estimativas anuais da população residente"
1851406;Cartaxo;40.2;2023;0008259;"Índice de dependência de idosos (N.º) por Local de residência (NUTS - 2013); Anual - INE, Estimativas anuais da população residente"
11D1820;Tarouca;40.3;2023;0008259;"Índice de dependência de idosos (N.º) por Local de residência (NUTS - 2013); Anual - INE, Estimativas anuais da população residente"
16B1108;Lourinhã;40.4;2023;0008259;"Índice de dependência de idosos (N.º) por Local de residência (NUTS - 2013); Anual - INE, Estimativas anuais da população residente"
1500813;Silves;40.5;2023;0008259;"Índice de dependência de idosos (N.º) por Local de residência (NUTS - 2013); Anual - INE, Estimativas anuais da população residente"
3003101;Calheta;40.5;2023;0008259;"Índice de dependência de idosos (N.º) por Local de residência (NUTS - 2013); Anual - INE, Estimativas anuais da população residente"
16F1016;Porto de Mós;40.7;2023;0008259;"Índice de dependência de idosos (N.º) por Local de residência (NUTS - 2013); Anual - INE, Estimativas anuais da população residente"
11A0104;Arouca;40.8;2023;0008259;"Índice de dependência de idosos (N.º) por Local de residência (NUTS - 2013); Anual - INE, Estimativas anuais da população residente"
1861207;Elvas;40.8;2023;0008259;"Índice de dependência de idosos (N.º) por Local de residência (NUTS - 2013); Anual - INE, Estimativas anuais da população residente"
1870713;Viana do Alentejo;40.9;2023;0008259;"Índice de dependência de idosos (N.º) por Local de residência (NUTS - 2013); Anual - INE, Estimativas anuais da população residente"
11A1312;Porto;41.2;2023;0008259;"Índice de dependência de idosos (N.º) por Local de residência (NUTS - 2013); Anual - INE, Estimativas anuais da população residente"
185;Lezíria do Tejo;41.2;2023;0008259;"Índice de dependência de idosos (N.º) por Local de residência (NUTS - 2013); Anual - INE, Estimativas anuais da população residente"
1851403;Almeirim;41.2;2023;0008259;"Índice de dependência de idosos (N.º) por Local de residência (NUTS - 2013); Anual - INE, Estimativas anuais da população residente"
11A1314;Santo Tirso;41.3;2023;0008259;"Índice de dependência de idosos (N.º) por Local de residência (NUTS - 2013); Anual - INE, Estimativas anuais da população residente"
16F;Região de Leiria;41.5;2023;0008259;"Índice de dependência de idosos (N.º) por Local de residência (NUTS - 2013); Anual - INE, Estimativas anuais da população residente"
16B1006;Caldas da Rainha;41.6;2023;0008259;"Índice de dependência de idosos (N.º) por Local de residência (NUTS - 2013); Anual - INE, Estimativas anuais da população residente"
16E0617;Vila Nova de Poiares;41.7;2023;0008259;"Índice de dependência de idosos (N.º) por Local de residência (NUTS - 2013); Anual - INE, Estimativas anuais da população residente"
1500807;Lagos;42;2023;0008259;"Índice de dependência de idosos (N.º) por Local de residência (NUTS - 2013); Anual - INE, Estimativas anuais da população residente"
16J0907;Guarda;42;2023;0008259;"Índice de dependência de idosos (N.º) por Local de residência (NUTS - 2013); Anual - INE, Estimativas anuais da população residente"
1701504;Barreiro;42.1;2023;0008259;"Índice de dependência de idosos (N.º) por Local de residência (NUTS - 2013); Anual - INE, Estimativas anuais da população residente"
16B1001;Alcobaça;42.2;2023;0008259;"Índice de dependência de idosos (N.º) por Local de residência (NUTS - 2013); Anual - INE, Estimativas anuais da população residente"
16E0603;Coimbra;42.2;2023;0008259;"Índice de dependência de idosos (N.º) por Local de residência (NUTS - 2013); Anual - INE, Estimativas anuais da população residente"
16B1012;Óbidos;42.5;2023;0008259;"Índice de dependência de idosos (N.º) por Local de residência (NUTS - 2013); Anual - INE, Estimativas anuais da população residente"
11C1813;Resende;42.7;2023;0008259;"Índice de dependência de idosos (N.º) por Local de residência (NUTS - 2013); Anual - INE, Estimativas anuais da população residente"
1500812;São Brás de Alportel;42.7;2023;0008259;"Índice de dependência de idosos (N.º) por Local de residência (NUTS - 2013); Anual - INE, Estimativas anuais da população residente"
181;Alentejo Litoral;42.7;2023;0008259;"Índice de dependência de idosos (N.º) por Local de residência (NUTS - 2013); Anual - INE, Estimativas anuais da população residente"
1111609;Viana do Castelo;43;2023;0008259;"Índice de dependência de idosos (N.º) por Local de residência (NUTS - 2013); Anual - INE, Estimativas anuais da população residente"
16D0101;Águeda;43;2023;0008259;"Índice de dependência de idosos (N.º) por Local de residência (NUTS - 2013); Anual - INE, Estimativas anuais da população residente"
1840214;Vidigueira;43;2023;0008259;"Índice de dependência de idosos (N.º) por Local de residência (NUTS - 2013); Anual - INE, Estimativas anuais da população residente"
1851416;Santarém;43;2023;0008259;"Índice de dependência de idosos (N.º) por Local de residência (NUTS - 2013); Anual - INE, Estimativas anuais da população residente"
11C1804;Cinfães;43.1;2023;0008259;"Índice de dependência de idosos (N.º) por Local de residência (NUTS - 2013); Anual - INE, Estimativas anuais da população residente"
1851415;Salvaterra de Magos;43.1;2023;0008259;"Índice de dependência de idosos (N.º) por Local de residência (NUTS - 2013); Anual - INE, Estimativas anuais da população residente"
16B1011;Nazaré;43.2;2023;0008259;"Índice de dependência de idosos (N.º) por Local de residência (NUTS - 2013); Anual - INE, Estimativas anuais da população residente"
16E0111;Mealhada;43.2;2023;0008259;"Índice de dependência de idosos (N.º) por Local de residência (NUTS - 2013); Anual - INE, Estimativas anuais da população residente"
16E0610;Montemor-o-Velho;43.2;2023;0008259;"Índice de dependência de idosos (N.º) por Local de residência (NUTS - 2013); Anual - INE, Estimativas anuais da população residente"
16E0609;Miranda do Corvo;43.3;2023;0008259;"Índice de dependência de idosos (N.º) por Local de residência (NUTS - 2013); Anual - INE, Estimativas anuais da população residente"
1111610;Vila Nova de Cerveira;43.4;2023;0008259;"Índice de dependência de idosos (N.º) por Local de residência (NUTS - 2013); Anual - INE, Estimativas anuais da população residente"
16B1014;Peniche;43.4;2023;0008259;"Índice de dependência de idosos (N.º) por Local de residência (NUTS - 2013); Anual - INE, Estimativas anuais da população residente"
16I1420;Vila Nova da Barquinha;43.4;2023;0008259;"Índice de dependência de idosos (N.º) por Local de residência (NUTS - 2013); Anual - INE, Estimativas anuais da população residente"
1111608;Valença;43.6;2023;0008259;"Índice de dependência de idosos (N.º) por Local de residência (NUTS - 2013); Anual - INE, Estimativas anuais da população residente"
1500803;Aljezur;43.6;2023;0008259;"Índice de dependência de idosos (N.º) por Local de residência (NUTS - 2013); Anual - INE, Estimativas anuais da população residente"
1840206;Castro Verde;43.6;2023;0008259;"Índice de dependência de idosos (N.º) por Local de residência (NUTS - 2013); Anual - INE, Estimativas anuais da população residente"
1870711;Reguengos de Monsaraz;43.6;2023;0008259;"Índice de dependência de idosos (N.º) por Local de residência (NUTS - 2013); Anual - INE, Estimativas anuais da população residente"
16I1421;Ourém;43.7;2023;0008259;"Índice de dependência de idosos (N.º) por Local de residência (NUTS - 2013); Anual - INE, Estimativas anuais da população residente"
11D1805;Lamego;44.1;2023;0008259;"Índice de dependência de idosos (N.º) por Local de residência (NUTS - 2013); Anual - INE, Estimativas anuais da população residente"
16B1005;Bombarral;44.1;2023;0008259;"Índice de dependência de idosos (N.º) por Local de residência (NUTS - 2013); Anual - INE, Estimativas anuais da população residente"
18;Alentejo;44.1;2023;0008259;"Índice de dependência de idosos (N.º) por Local de residência (NUTS - 2013); Anual - INE, Estimativas anuais da população residente"
3003110;São Vicente;44.3;2023;0008259;"Índice de dependência de idosos (N.º) por Local de residência (NUTS - 2013); Anual - INE, Estimativas anuais da população residente"
1500816;Vila Real de Santo António;44.4;2023;0008259;"Índice de dependência de idosos (N.º) por Local de residência (NUTS - 2013); Anual - INE, Estimativas anuais da população residente"
187;Alentejo Central;44.6;2023;0008259;"Índice de dependência de idosos (N.º) por Local de residência (NUTS - 2013); Anual - INE, Estimativas anuais da população residente"
1870710;Redondo;44.7;2023;0008259;"Índice de dependência de idosos (N.º) por Local de residência (NUTS - 2013); Anual - INE, Estimativas anuais da população residente"
1870714;Vila Viçosa;44.8;2023;0008259;"Índice de dependência de idosos (N.º) por Local de residência (NUTS - 2013); Anual - INE, Estimativas anuais da população residente"
16;Centro;45;2023;0008259;"Índice de dependência de idosos (N.º) por Local de residência (NUTS - 2013); Anual - INE, Estimativas anuais da população residente"
1500815;Vila do Bispo;45.3;2023;0008259;"Índice de dependência de idosos (N.º) por Local de residência (NUTS - 2013); Anual - INE, Estimativas anuais da população residente"
184;Baixo Alentejo;45.3;2023;0008259;"Índice de dependência de idosos (N.º) por Local de residência (NUTS - 2013); Anual - INE, Estimativas anuais da população residente"
1870702;Arraiolos;45.4;2023;0008259;"Índice de dependência de idosos (N.º) por Local de residência (NUTS - 2013); Anual - INE, Estimativas anuais da população residente"
1811505;Grândola;45.6;2023;0008259;"Índice de dependência de idosos (N.º) por Local de residência (NUTS - 2013); Anual - INE, Estimativas anuais da população residente"
1870709;Portel;45.6;2023;0008259;"Índice de dependência de idosos (N.º) por Local de residência (NUTS - 2013); Anual - INE, Estimativas anuais da população residente"
1870708;Mourão;45.8;2023;0008259;"Índice de dependência de idosos (N.º) por Local de residência (NUTS - 2013); Anual - INE, Estimativas anuais da população residente"
11D1708;Peso da Régua;45.9;2023;0008259;"Índice de dependência de idosos (N.º) por Local de residência (NUTS - 2013); Anual - INE, Estimativas anuais da população residente"
1840210;Moura;45.9;2023;0008259;"Índice de dependência de idosos (N.º) por Local de residência (NUTS - 2013); Anual - INE, Estimativas anuais da população residente"
1851412;Golegã;46;2023;0008259;"Índice de dependência de idosos (N.º) por Local de residência (NUTS - 2013); Anual - INE, Estimativas anuais da população residente"
3003106;Porto Moniz;46.3;2023;0008259;"Índice de dependência de idosos (N.º) por Local de residência (NUTS - 2013); Anual - INE, Estimativas anuais da população residente"
1840203;Alvito;46.5;2023;0008259;"Índice de dependência de idosos (N.º) por Local de residência (NUTS - 2013); Anual - INE, Estimativas anuais da população residente"
1840208;Ferreira do Alentejo;46.5;2023;0008259;"Índice de dependência de idosos (N.º) por Local de residência (NUTS - 2013); Anual - INE, Estimativas anuais da população residente"
11D1704;Mesão Frio;46.6;2023;0008259;"Índice de dependência de idosos (N.º) por Local de residência (NUTS - 2013); Anual - INE, Estimativas anuais da população residente"
16E;Região de Coimbra;46.8;2023;0008259;"Índice de dependência de idosos (N.º) por Local de residência (NUTS - 2013); Anual - INE, Estimativas anuais da população residente"
1861211;Monforte;47;2023;0008259;"Índice de dependência de idosos (N.º) por Local de residência (NUTS - 2013); Anual - INE, Estimativas anuais da população residente"
11D1815;São João da Pesqueira;47.1;2023;0008259;"Índice de dependência de idosos (N.º) por Local de residência (NUTS - 2013); Anual - INE, Estimativas anuais da população residente"
1851404;Alpiarça;47.1;2023;0008259;"Índice de dependência de idosos (N.º) por Local de residência (NUTS - 2013); Anual - INE, Estimativas anuais da população residente"
11E0402;Bragança;47.2;2023;0008259;"Índice de dependência de idosos (N.º) por Local de residência (NUTS - 2013); Anual - INE, Estimativas anuais da população residente"
1861214;Portalegre;47.6;2023;0008259;"Índice de dependência de idosos (N.º) por Local de residência (NUTS - 2013); Anual - INE, Estimativas anuais da população residente"
1870704;Estremoz;47.6;2023;0008259;"Índice de dependência de idosos (N.º) por Local de residência (NUTS - 2013); Anual - INE, Estimativas anuais da população residente"
16I1419;Torres Novas;47.7;2023;0008259;"Índice de dependência de idosos (N.º) por Local de residência (NUTS - 2013); Anual - INE, Estimativas anuais da população residente"
11A0107;Espinho;47.8;2023;0008259;"Índice de dependência de idosos (N.º) por Local de residência (NUTS - 2013); Anual - INE, Estimativas anuais da população residente"
1840213;Serpa;47.8;2023;0008259;"Índice de dependência de idosos (N.º) por Local de residência (NUTS - 2013); Anual - INE, Estimativas anuais da população residente"
16E0605;Figueira da Foz;48.1;2023;0008259;"Índice de dependência de idosos (N.º) por Local de residência (NUTS - 2013); Anual - INE, Estimativas anuais da população residente"
3003109;Santana;48.1;2023;0008259;"Índice de dependência de idosos (N.º) por Local de residência (NUTS - 2013); Anual - INE, Estimativas anuais da população residente"
111;Alto Minho;48.2;2023;0008259;"Índice de dependência de idosos (N.º) por Local de residência (NUTS - 2013); Anual - INE, Estimativas anuais da população residente"
16H0502;Castelo Branco;48.4;2023;0008259;"Índice de dependência de idosos (N.º) por Local de residência (NUTS - 2013); Anual - INE, Estimativas anuais da população residente"
1870703;Borba;48.4;2023;0008259;"Índice de dependência de idosos (N.º) por Local de residência (NUTS - 2013); Anual - INE, Estimativas anuais da população residente"
1191705;Mondim de Basto;48.5;2023;0008259;"Índice de dependência de idosos (N.º) por Local de residência (NUTS - 2013); Anual - INE, Estimativas anuais da população residente"
16G;Viseu Dão Lafões;48.6;2023;0008259;"Índice de dependência de idosos (N.º) por Local de residência (NUTS - 2013); Anual - INE, Estimativas anuais da população residente"
16I;Médio Tejo;48.7;2023;0008259;"Índice de dependência de idosos (N.º) por Local de residência (NUTS - 2013); Anual - INE, Estimativas anuais da população residente"
16E0611;Oliveira do Hospital;48.8;2023;0008259;"Índice de dependência de idosos (N.º) por Local de residência (NUTS - 2013); Anual - INE, Estimativas anuais da população residente"
1840201;Aljustrel;48.8;2023;0008259;"Índice de dependência de idosos (N.º) por Local de residência (NUTS - 2013); Anual - INE, Estimativas anuais da população residente"
16I1402;Alcanena;48.9;2023;0008259;"Índice de dependência de idosos (N.º) por Local de residência (NUTS - 2013); Anual - INE, Estimativas anuais da população residente"
11A0119;Vale de Cambra;49;2023;0008259;"Índice de dependência de idosos (N.º) por Local de residência (NUTS - 2013); Anual - INE, Estimativas anuais da população residente"
16B1104;Cadaval;49;2023;0008259;"Índice de dependência de idosos (N.º) por Local de residência (NUTS - 2013); Anual - INE, Estimativas anuais da população residente"
1870712;Vendas Novas;49.2;2023;0008259;"Índice de dependência de idosos (N.º) por Local de residência (NUTS - 2013); Anual - INE, Estimativas anuais da população residente"
11D;Douro;49.5;2023;0008259;"Índice de dependência de idosos (N.º) por Local de residência (NUTS - 2013); Anual - INE, Estimativas anuais da população residente"
16F1015;Pombal;49.9;2023;0008259;"Índice de dependência de idosos (N.º) por Local de residência (NUTS - 2013); Anual - INE, Estimativas anuais da população residente"
16D0103;Anadia;50.3;2023;0008259;"Índice de dependência de idosos (N.º) por Local de residência (NUTS - 2013); Anual - INE, Estimativas anuais da população residente"
1120310;Terras de Bouro;50.7;2023;0008259;"Índice de dependência de idosos (N.º) por Local de residência (NUTS - 2013); Anual - INE, Estimativas anuais da população residente"
186;Alto Alentejo;50.7;2023;0008259;"Índice de dependência de idosos (N.º) por Local de residência (NUTS - 2013); Anual - INE, Estimativas anuais da população residente"
11D1801;Armamar;50.9;2023;0008259;"Índice de dependência de idosos (N.º) por Local de residência (NUTS - 2013); Anual - INE, Estimativas anuais da população residente"
1111606;Ponte da Barca;51.1;2023;0008259;"Índice de dependência de idosos (N.º) por Local de residência (NUTS - 2013); Anual - INE, Estimativas anuais da população residente"
16E0616;Tábua;51.1;2023;0008259;"Índice de dependência de idosos (N.º) por Local de residência (NUTS - 2013); Anual - INE, Estimativas anuais da população residente"
1111602;Caminha;51.2;2023;0008259;"Índice de dependência de idosos (N.º) por Local de residência (NUTS - 2013); Anual - INE, Estimativas anuais da população residente"
1861202;Arronches;51.2;2023;0008259;"Índice de dependência de idosos (N.º) por Local de residência (NUTS - 2013); Anual - INE, Estimativas anuais da população residente"
1870706;Montemor-o-Novo;51.2;2023;0008259;"Índice de dependência de idosos (N.º) por Local de residência (NUTS - 2013); Anual - INE, Estimativas anuais da população residente"
16G1806;Mangualde;51.3;2023;0008259;"Índice de dependência de idosos (N.º) por Local de residência (NUTS - 2013); Anual - INE, Estimativas anuais da população residente"
1861213;Ponte de Sor;51.4;2023;0008259;"Índice de dependência de idosos (N.º) por Local de residência (NUTS - 2013); Anual - INE, Estimativas anuais da população residente"
1500814;Tavira;51.8;2023;0008259;"Índice de dependência de idosos (N.º) por Local de residência (NUTS - 2013); Anual - INE, Estimativas anuais da população residente"
16D0117;Sever do Vouga;51.8;2023;0008259;"Índice de dependência de idosos (N.º) por Local de residência (NUTS - 2013); Anual - INE, Estimativas anuais da população residente"
16I1417;Sardoal;51.8;2023;0008259;"Índice de dependência de idosos (N.º) por Local de residência (NUTS - 2013); Anual - INE, Estimativas anuais da população residente"
1811509;Santiago do Cacém;51.8;2023;0008259;"Índice de dependência de idosos (N.º) por Local de residência (NUTS - 2013); Anual - INE, Estimativas anuais da população residente"
1870701;Alandroal;51.8;2023;0008259;"Índice de dependência de idosos (N.º) por Local de residência (NUTS - 2013); Anual - INE, Estimativas anuais da população residente"
11D1807;Moimenta da Beira;51.9;2023;0008259;"Índice de dependência de idosos (N.º) por Local de residência (NUTS - 2013); Anual - INE, Estimativas anuais da população residente"
1861215;Sousel;52;2023;0008259;"Índice de dependência de idosos (N.º) por Local de residência (NUTS - 2013); Anual - INE, Estimativas anuais da população residente"
16E0614;Penela;52.3;2023;0008259;"Índice de dependência de idosos (N.º) por Local de residência (NUTS - 2013); Anual - INE, Estimativas anuais da população residente"
16J0503;Covilhã;52.4;2023;0008259;"Índice de dependência de idosos (N.º) por Local de residência (NUTS - 2013); Anual - INE, Estimativas anuais da população residente"
16E0602;Cantanhede;52.6;2023;0008259;"Índice de dependência de idosos (N.º) por Local de residência (NUTS - 2013); Anual - INE, Estimativas anuais da população residente"
16E0608;Mira;52.8;2023;0008259;"Índice de dependência de idosos (N.º) por Local de residência (NUTS - 2013); Anual - INE, Estimativas anuais da população residente"
1111605;Paredes de Coura;52.9;2023;0008259;"Índice de dependência de idosos (N.º) por Local de residência (NUTS - 2013); Anual - INE, Estimativas anuais da população residente"
16I1418;Tomar;53;2023;0008259;"Índice de dependência de idosos (N.º) por Local de residência (NUTS - 2013); Anual - INE, Estimativas anuais da população residente"
1190311;Vieira do Minho;53.2;2023;0008259;"Índice de dependência de idosos (N.º) por Local de residência (NUTS - 2013); Anual - INE, Estimativas anuais da população residente"
1861208;Fronteira;53.4;2023;0008259;"Índice de dependência de idosos (N.º) por Local de residência (NUTS - 2013); Anual - INE, Estimativas anuais da população residente"
16G1817;Sátão;53.7;2023;0008259;"Índice de dependência de idosos (N.º) por Local de residência (NUTS - 2013); Anual - INE, Estimativas anuais da população residente"
16G1809;Nelas;53.9;2023;0008259;"Índice de dependência de idosos (N.º) por Local de residência (NUTS - 2013); Anual - INE, Estimativas anuais da população residente"
1851407;Chamusca;54.3;2023;0008259;"Índice de dependência de idosos (N.º) por Local de residência (NUTS - 2013); Anual - INE, Estimativas anuais da população residente"
16I1401;Abrantes;54.5;2023;0008259;"Índice de dependência de idosos (N.º) por Local de residência (NUTS - 2013); Anual - INE, Estimativas anuais da população residente"
16G1824;Vouzela;54.6;2023;0008259;"Índice de dependência de idosos (N.º) por Local de residência (NUTS - 2013); Anual - INE, Estimativas anuais da população residente"
16I1411;Ferreira do Zêzere;54.7;2023;0008259;"Índice de dependência de idosos (N.º) por Local de residência (NUTS - 2013); Anual - INE, Estimativas anuais da população residente"
11D1818;Sernancelhe;54.8;2023;0008259;"Índice de dependência de idosos (N.º) por Local de residência (NUTS - 2013); Anual - INE, Estimativas anuais da população residente"
16I0509;Sertã;55.3;2023;0008259;"Índice de dependência de idosos (N.º) por Local de residência (NUTS - 2013); Anual - INE, Estimativas anuais da população residente"
1500804;Castro Marim;55.9;2023;0008259;"Índice de dependência de idosos (N.º) por Local de residência (NUTS - 2013); Anual - INE, Estimativas anuais da população residente"
1861201;Alter do Chão;56;2023;0008259;"Índice de dependência de idosos (N.º) por Local de residência (NUTS - 2013); Anual - INE, Estimativas anuais da população residente"
16F1003;Ansião;56.2;2023;0008259;"Índice de dependência de idosos (N.º) por Local de residência (NUTS - 2013); Anual - INE, Estimativas anuais da população residente"
16G1822;Vila Nova de Paiva;56.2;2023;0008259;"Índice de dependência de idosos (N.º) por Local de residência (NUTS - 2013); Anual - INE, Estimativas anuais da população residente"
16G1821;Tondela;56.5;2023;0008259;"Índice de dependência de idosos (N.º) por Local de residência (NUTS - 2013); Anual - INE, Estimativas anuais da população residente"
11B1709;Ribeira de Pena;56.6;2023;0008259;"Índice de dependência de idosos (N.º) por Local de residência (NUTS - 2013); Anual - INE, Estimativas anuais da população residente"
16G1802;Carregal do Sal;56.6;2023;0008259;"Índice de dependência de idosos (N.º) por Local de residência (NUTS - 2013); Anual - INE, Estimativas anuais da população residente"
1840202;Almodôvar;56.6;2023;0008259;"Índice de dependência de idosos (N.º) por Local de residência (NUTS - 2013); Anual - INE, Estimativas anuais da população residente"
16J0501;Belmonte;56.8;2023;0008259;"Índice de dependência de idosos (N.º) por Local de residência (NUTS - 2013); Anual - INE, Estimativas anuais da população residente"
1811501;Alcácer do Sal;56.9;2023;0008259;"Índice de dependência de idosos (N.º) por Local de residência (NUTS - 2013); Anual - INE, Estimativas anuais da população residente"
11D1711;Santa Marta de Penaguião;57.7;2023;0008259;"Índice de dependência de idosos (N.º) por Local de residência (NUTS - 2013); Anual - INE, Estimativas anuais da população residente"
11D1819;Tabuaço;57.7;2023;0008259;"Índice de dependência de idosos (N.º) por Local de residência (NUTS - 2013); Anual - INE, Estimativas anuais da população residente"
16E0613;Penacova;57.7;2023;0008259;"Índice de dependência de idosos (N.º) por Local de residência (NUTS - 2013); Anual - INE, Estimativas anuais da população residente"
1861203;Avis;57.7;2023;0008259;"Índice de dependência de idosos (N.º) por Local de residência (NUTS - 2013); Anual - INE, Estimativas anuais da população residente"
16G1803;Castro Daire;57.8;2023;0008259;"Índice de dependência de idosos (N.º) por Local de residência (NUTS - 2013); Anual - INE, Estimativas anuais da população residente"
16G1814;Santa Comba Dão;57.8;2023;0008259;"Índice de dependência de idosos (N.º) por Local de residência (NUTS - 2013); Anual - INE, Estimativas anuais da população residente"
11D1710;Sabrosa;57.9;2023;0008259;"Índice de dependência de idosos (N.º) por Local de residência (NUTS - 2013); Anual - INE, Estimativas anuais da população residente"
16J0504;Fundão;57.9;2023;0008259;"Índice de dependência de idosos (N.º) por Local de residência (NUTS - 2013); Anual - INE, Estimativas anuais da população residente"
11E0407;Mirandela;58.4;2023;0008259;"Índice de dependência de idosos (N.º) por Local de residência (NUTS - 2013); Anual - INE, Estimativas anuais da população residente"
16E0601;Arganil;58.8;2023;0008259;"Índice de dependência de idosos (N.º) por Local de residência (NUTS - 2013); Anual - INE, Estimativas anuais da população residente"
1840212;Ourique;58.8;2023;0008259;"Índice de dependência de idosos (N.º) por Local de residência (NUTS - 2013); Anual - INE, Estimativas anuais da população residente"
16G1816;São Pedro do Sul;58.9;2023;0008259;"Índice de dependência de idosos (N.º) por Local de residência (NUTS - 2013); Anual - INE, Estimativas anuais da população residente"
1851409;Coruche;58.9;2023;0008259;"Índice de dependência de idosos (N.º) por Local de residência (NUTS - 2013); Anual - INE, Estimativas anuais da população residente"
16J;Beiras e Serra da Estrela;59.2;2023;0008259;"Índice de dependência de idosos (N.º) por Local de residência (NUTS - 2013); Anual - INE, Estimativas anuais da população residente"
11D1701;Alijó;59.3;2023;0008259;"Índice de dependência de idosos (N.º) por Local de residência (NUTS - 2013); Anual - INE, Estimativas anuais da população residente"
16H;Beira Baixa;59.3;2023;0008259;"Índice de dependência de idosos (N.º) por Local de residência (NUTS - 2013); Anual - INE, Estimativas anuais da população residente"
11B1703;Chaves;59.6;2023;0008259;"Índice de dependência de idosos (N.º) por Local de residência (NUTS - 2013); Anual - INE, Estimativas anuais da população residente"
1861210;Marvão;60.2;2023;0008259;"Índice de dependência de idosos (N.º) por Local de residência (NUTS - 2013); Anual - INE, Estimativas anuais da população residente"
16E0615;Soure;60.7;2023;0008259;"Índice de dependência de idosos (N.º) por Local de residência (NUTS - 2013); Anual - INE, Estimativas anuais da população residente"
16F1013;Pedrógão Grande;60.9;2023;0008259;"Índice de dependência de idosos (N.º) por Local de residência (NUTS - 2013); Anual - INE, Estimativas anuais da população residente"
11E;Terras de Trás-os-Montes;61.3;2023;0008259;"Índice de dependência de idosos (N.º) por Local de residência (NUTS - 2013); Anual - INE, Estimativas anuais da população residente"
11D1812;Penedono;61.4;2023;0008259;"Índice de dependência de idosos (N.º) por Local de residência (NUTS - 2013); Anual - INE, Estimativas anuais da população residente"
1861205;Castelo de Vide;61.4;2023;0008259;"Índice de dependência de idosos (N.º) por Local de residência (NUTS - 2013); Anual - INE, Estimativas anuais da população residente"
1500809;Monchique;61.7;2023;0008259;"Índice de dependência de idosos (N.º) por Local de residência (NUTS - 2013); Anual - INE, Estimativas anuais da população residente"
1111604;Monção;61.8;2023;0008259;"Índice de dependência de idosos (N.º) por Local de residência (NUTS - 2013); Anual - INE, Estimativas anuais da população residente"
11E0405;Macedo de Cavaleiros;63.6;2023;0008259;"Índice de dependência de idosos (N.º) por Local de residência (NUTS - 2013); Anual - INE, Estimativas anuais da população residente"
16G1811;Penalva do Castelo;63.8;2023;0008259;"Índice de dependência de idosos (N.º) por Local de residência (NUTS - 2013); Anual - INE, Estimativas anuais da população residente"
16J0905;Fornos de Algodres;64;2023;0008259;"Índice de dependência de idosos (N.º) por Local de residência (NUTS - 2013); Anual - INE, Estimativas anuais da população residente"
16J0912;Seia;64.3;2023;0008259;"Índice de dependência de idosos (N.º) por Local de residência (NUTS - 2013); Anual - INE, Estimativas anuais da população residente"
16F1008;Figueiró dos Vinhos;64.6;2023;0008259;"Índice de dependência de idosos (N.º) por Local de residência (NUTS - 2013); Anual - INE, Estimativas anuais da população residente"
11B1713;Vila Pouca de Aguiar;64.7;2023;0008259;"Índice de dependência de idosos (N.º) por Local de residência (NUTS - 2013); Anual - INE, Estimativas anuais da população residente"
11E0410;Vila Flor;65.2;2023;0008259;"Índice de dependência de idosos (N.º) por Local de residência (NUTS - 2013); Anual - INE, Estimativas anuais da população residente"
11D1707;Murça;65.7;2023;0008259;"Índice de dependência de idosos (N.º) por Local de residência (NUTS - 2013); Anual - INE, Estimativas anuais da população residente"
16F1007;Castanheira de Pêra;65.9;2023;0008259;"Índice de dependência de idosos (N.º) por Local de residência (NUTS - 2013); Anual - INE, Estimativas anuais da população residente"
16J0903;Celorico da Beira;65.9;2023;0008259;"Índice de dependência de idosos (N.º) por Local de residência (NUTS - 2013); Anual - INE, Estimativas anuais da população residente"
16E1808;Mortágua;66.3;2023;0008259;"Índice de dependência de idosos (N.º) por Local de residência (NUTS - 2013); Anual - INE, Estimativas anuais da população residente"
11B;Alto Tâmega;66.4;2023;0008259;"Índice de dependência de idosos (N.º) por Local de residência (NUTS - 2013); Anual - INE, Estimativas anuais da população residente"
16F1002;Alvaiázere;66.7;2023;0008259;"Índice de dependência de idosos (N.º) por Local de residência (NUTS - 2013); Anual - INE, Estimativas anuais da população residente"
1111601;Arcos de Valdevez;66.8;2023;0008259;"Índice de dependência de idosos (N.º) por Local de residência (NUTS - 2013); Anual - INE, Estimativas anuais da população residente"
1840209;Mértola;66.8;2023;0008259;"Índice de dependência de idosos (N.º) por Local de residência (NUTS - 2013); Anual - INE, Estimativas anuais da população residente"
1861206;Crato;67.1;2023;0008259;"Índice de dependência de idosos (N.º) por Local de residência (NUTS - 2013); Anual - INE, Estimativas anuais da população residente"
11D0914;Vila Nova de Foz Côa;67.6;2023;0008259;"Índice de dependência de idosos (N.º) por Local de residência (NUTS - 2013); Anual - INE, Estimativas anuais da população residente"
16E0606;Góis;68.4;2023;0008259;"Índice de dependência de idosos (N.º) por Local de residência (NUTS - 2013); Anual - INE, Estimativas anuais da população residente"
16J0913;Trancoso;68.4;2023;0008259;"Índice de dependência de idosos (N.º) por Local de residência (NUTS - 2013); Anual - INE, Estimativas anuais da população residente"
16G0901;Aguiar da Beira;69.2;2023;0008259;"Índice de dependência de idosos (N.º) por Local de residência (NUTS - 2013); Anual - INE, Estimativas anuais da população residente"
16J0908;Manteigas;70;2023;0008259;"Índice de dependência de idosos (N.º) por Local de residência (NUTS - 2013); Anual - INE, Estimativas anuais da população residente"
1870707;Mora;70.3;2023;0008259;"Índice de dependência de idosos (N.º) por Local de residência (NUTS - 2013); Anual - INE, Estimativas anuais da população residente"
11E0401;Alfândega da Fé;70.7;2023;0008259;"Índice de dependência de idosos (N.º) por Local de residência (NUTS - 2013); Anual - INE, Estimativas anuais da população residente"
16I0510;Vila de Rei;71.4;2023;0008259;"Índice de dependência de idosos (N.º) por Local de residência (NUTS - 2013); Anual - INE, Estimativas anuais da população residente"
11D0404;Freixo de Espada à Cinta;71.5;2023;0008259;"Índice de dependência de idosos (N.º) por Local de residência (NUTS - 2013); Anual - INE, Estimativas anuais da população residente"
16H0508;Proença-a-Nova;72.2;2023;0008259;"Índice de dependência de idosos (N.º) por Local de residência (NUTS - 2013); Anual - INE, Estimativas anuais da população residente"
16J0904;Figueira de Castelo Rodrigo;72.5;2023;0008259;"Índice de dependência de idosos (N.º) por Local de residência (NUTS - 2013); Anual - INE, Estimativas anuais da população residente"
11D0403;Carrazeda de Ansiães;72.7;2023;0008259;"Índice de dependência de idosos (N.º) por Local de residência (NUTS - 2013); Anual - INE, Estimativas anuais da população residente"
16J0909;Mêda;72.7;2023;0008259;"Índice de dependência de idosos (N.º) por Local de residência (NUTS - 2013); Anual - INE, Estimativas anuais da população residente"
16J0906;Gouveia;73.3;2023;0008259;"Índice de dependência de idosos (N.º) por Local de residência (NUTS - 2013); Anual - INE, Estimativas anuais da população residente"
11B1702;Boticas;73.4;2023;0008259;"Índice de dependência de idosos (N.º) por Local de residência (NUTS - 2013); Anual - INE, Estimativas anuais da população residente"
11E0408;Mogadouro;74;2023;0008259;"Índice de dependência de idosos (N.º) por Local de residência (NUTS - 2013); Anual - INE, Estimativas anuais da população residente"
16J0910;Pinhel;74.5;2023;0008259;"Índice de dependência de idosos (N.º) por Local de residência (NUTS - 2013); Anual - INE, Estimativas anuais da população residente"
1861212;Nisa;76.4;2023;0008259;"Índice de dependência de idosos (N.º) por Local de residência (NUTS - 2013); Anual - INE, Estimativas anuais da população residente"
11E0406;Miranda do Douro;77.9;2023;0008259;"Índice de dependência de idosos (N.º) por Local de residência (NUTS - 2013); Anual - INE, Estimativas anuais da população residente"
11B1706;Montalegre;79;2023;0008259;"Índice de dependência de idosos (N.º) por Local de residência (NUTS - 2013); Anual - INE, Estimativas anuais da população residente"
16I1413;Mação;79.8;2023;0008259;"Índice de dependência de idosos (N.º) por Local de residência (NUTS - 2013); Anual - INE, Estimativas anuais da população residente"
1861209;Gavião;80.2;2023;0008259;"Índice de dependência de idosos (N.º) por Local de residência (NUTS - 2013); Anual - INE, Estimativas anuais da população residente"
11B1712;Valpaços;81;2023;0008259;"Índice de dependência de idosos (N.º) por Local de residência (NUTS - 2013); Anual - INE, Estimativas anuais da população residente"
11D0409;Torre de Moncorvo;81.9;2023;0008259;"Índice de dependência de idosos (N.º) por Local de residência (NUTS - 2013); Anual - INE, Estimativas anuais da população residente"
16H0505;Idanha-a-Nova;82.2;2023;0008259;"Índice de dependência de idosos (N.º) por Local de residência (NUTS - 2013); Anual - INE, Estimativas anuais da população residente"
16H0507;Penamacor;87.4;2023;0008259;"Índice de dependência de idosos (N.º) por Local de residência (NUTS - 2013); Anual - INE, Estimativas anuais da população residente"
1111603;Melgaço;88.3;2023;0008259;"Índice de dependência de idosos (N.º) por Local de residência (NUTS - 2013); Anual - INE, Estimativas anuais da população residente"
11E0411;Vimioso;88.3;2023;0008259;"Índice de dependência de idosos (N.º) por Local de residência (NUTS - 2013); Anual - INE, Estimativas anuais da população residente"
16H0511;Vila Velha de Ródão;88.9;2023;0008259;"Índice de dependência de idosos (N.º) por Local de residência (NUTS - 2013); Anual - INE, Estimativas anuais da população residente"
16J0902;Almeida;90.2;2023;0008259;"Índice de dependência de idosos (N.º) por Local de residência (NUTS - 2013); Anual - INE, Estimativas anuais da população residente"
16J0911;Sabugal;92.2;2023;0008259;"Índice de dependência de idosos (N.º) por Local de residência (NUTS - 2013); Anual - INE, Estimativas anuais da população residente"
16E0612;Pampilhosa da Serra;93.6;2023;0008259;"Índice de dependência de idosos (N.º) por Local de residência (NUTS - 2013); Anual - INE, Estimativas anuais da população residente"
16H0506;Oleiros;94;2023;0008259;"Índice de dependência de idosos (N.º) por Local de residência (NUTS - 2013); Anual - INE, Estimativas anuais da população residente"
11E0412;Vinhais;95.6;2023;0008259;"Índice de dependência de idosos (N.º) por Local de residência (NUTS - 2013); Anual - INE, Estimativas anuais da população residente"
1500802;Alcoutim;97.6;2023;0008259;"Índice de dependência de idosos (N.º) por Local de residência (NUTS - 2013); Anual - INE, Estimativas anuais da população residente"
